time_min;T_gas_C;T_deck_C;qconv_deck_W_m2;qrad_deck_W_m2;T_hanger_C;qconv_hanger_W_m2;qrad_hanger_W_m2;T_cable_C;qconv_cable_W_m2;qrad_cable_W_m2;ky_hanger;kE_hanger
0,0;19,999999999999964;20,0;0,0;0,0;20,0;0,0;0,0;20,0;0,0;0,0;1,0;1,0
0,08333333333333333;88,00267891889344;20,0;-8,881784197001252e-13;-2,2712299880790709e-13;20,0;-8,881784197001252e-13;-1,9305454898672104e-13;20,0;-8,881784197001252e-13;-4,542459976158142e-14;1,0;1,0
0,16666666666666666;140,47216691122372;20,301553657102435;1700,0669729723359;382,1271443386287;20,279288024254157;1700,0669729723359;324,8080726878344;20,077963764155378;1700,0669729723359;76,42542886772574;1,0;1,0
0,25;181,54762559614076;20,862001097703487;3004,2653313530323;867,438786043301;20,79521518016373;3004,8219721742394;737,3988929178698;20,217659389865094;3009,8550786767087;173,66696825931604;1,0;1,0
0,3333333333333333;214,24676380490655;21,645465014596194;4017,140612460932;1400,0830491316515;21,512782933821168;4018,810260399426;1190,299584011887;20,40690933372909;4033,2491551568914;280,53491226805994;1,0;1,0
0,4166666666666667;240,7701762166891;22,62121378268985;4815,032469757759;1940,1870911048898;22,40273974936097;4818,349521777134;1649,6174543977015;20,63650562772969;4845,9963617794365;389,0386618557344;1,0;1,0
0,5;262,7230778479285;23,763257084990155;5453,7240608499815;2465,0435391270175;23,440827633675628;5459,185911683203;2096,0490434146072;20,89946530825273;5503,341764723985;494,623030486374;1,0;1,0
0,5833333333333334;281,27685530674063;25,050057430394112;5973,995519073458;2964,6060708117243;24,60723603968547;5982,056255356321;2521,052275942611;21,190487698890692;6045,590313491894;595,2672879812874;1,0;1,0
0,6666666666666666;297,2867700968886;26,464096060123296;6405,6699469086625;3436,616230402569;25,8860220448253;6416,740481676379;2922,704945416365;21,505545432791422;6502,159190196248;690,5105341119873;1,0;1,0
0,75;311,3777154288792;27,991321371961515;6770,566850919133;3882,95153729342;27,26449735840025;6785,018701301581;3302,6009998562618;21,841572411742558;6894,530616602429;780,7212142680537;1,0;1,0
0,8333333333333334;324,0066976265547;29,62056318833188;7084,659851422941;4307,29365882528;28,732633004518963;7102,830451761973;3663,868658124608;22,196225510545457;7238,403575428416;866,630542685828;1,0;1,0
0,9166666666666666;335,5083596559061;31,342977912175527;7359,653360955571;4713,792557591734;30,28252205312398;7381,851615550893;4010,0349662689728;22,567703334432345;7545,261802900231;949,0650693463823;1,0;1,0
1,0;346,1281495600003;33,15155984868516;7604,134543593264;5106,378820657344;31,907919948075474;7630,645940069553;4344,441235394199;22,954609129573313;7823,516408036843;1028,8088769669437;1,0;1,0
1,0833333333333333;356,0464872675711;35,040731032353136;7824,4147427828775;5488,4613820824725;33,60386584809845;7855,50574029812;4669,986032086477;23,355847650935978;8079,338510760674;1106,5428771044385;1,0;1,0
1,1666666666666667;365,3963730239373;37,006008113407766;8025,143905880449;5862,837949863701;35,36637902950526;8061,065535486816;4989,048959310324;23,77054794141313;8317,265990415877;1182,8266797023432;1,0;1,0
1,25;374,2762175314597;39,04373805617293;8209,75912276324;6231,713391171529;37,19222020313673;8250,749849860802;5303,506205569496;24,198005736039008;8540,645627063104;1258,1020897745223;1,0;1,0
1,3333333333333333;382,75919072482066;41,150891964892885;8380,811986882169;6596,766173536182;39,07870657772943;8427,099933208074;5614,786950575201;24,637640636512124;8751,955294885516;1332,7062487575981;1,0;1,0
1,4166666666666667;390,90003408737726;43,324906300135126;8540,207468998195;6959,230461134815;41,02357015088106;8592,012103677282;5923,943088252121;25,088964345708437;8953,038752207713;1406,8879361941877;1,0;1,0
1,5;398,7400249430552;45,56356182060691;8689,378194681054;7319,977508116667;43,02485007775731;8746,911598412404;6231,718362419983;25,55155715093639;9145,27674354172;1480,8237553606648;1,0;1,0
1,5833333333333333;406,3105942996655;47,86489205962245;8829,411578061206;7679,588965320966;45,08081152475342;8892,879371632447;6538,61063792113;26,025050540404802;9329,711694802969;1554,632721529368;1,0;1,0
1,6666666666666667;413,6359636792835;50,22711464727531;8961,142556001078;8038,419520579368;47,18988489465698;9030,744569372802;6844,925112957866;26,50911436930022;9507,138593981519;1628,3887328628384;1,0;1,0
1,75;420,73506718312314;52,648580146544624;9085,221225800206;8396,648718206157;49,3506205996883;9161,151969615663;7150,818340013325;27,003447394801057;9678,171232749582;1702,1308896634248;1,0;1,0
1,8333333333333333;427,6229527724214;55,127734222987186;9202,162175914462;8754,322914495866;51,56165562958841;9284,611164585871;7456,333867398394;27,50777030242359;9843,290494708051;1775,8718505698714;1,0;1,0
1,9166666666666667;434,3118040957869;57,66308990825608;9312,380463735855;9111,388736883051;53,821689023995695;9401,532428570825;7761,4306628554505;28,021820572839864;10002,879561749945;1849,604497013516;1,0;1,0
2,0;440,81168583328076;60,25320746754865;9416,21785468827;9467,719470345028;56,12946403843337;9512,25287679478;8066,00552836789;28,545348707275497;10157,249588073675;1923,3071888987733;1,0;1,0
2,0833333333333335;447,1310875792642;62,89667996916406;9513,961959143304;9823,135685335816;58,48375532232266;9617,055544871186;8369,910622591009;29,078115455135272;10306,658428150133;1996,947872995526;1,0;1,0
2,1666666666666665;453,27732092368217;65,59212311032044;9605,860190252504;10177,421248080622;60,883359835057085;9716,183306423538;8672,967060022416;29,619889780572624;10451,324303103223;2070,487271144767;1,0;1,0
2,25;459,2568095559629;68,33816820406805;9692,129945334042;10530,335667962963;63,327090538019306;9809,849027215627;8974,975397966577;30,170447373602777;10591,43577857774;2143,8813384008026;1,0;1,0
2,3333333333333335;465,0753014069429;71,13345750027273;9772,966033797371;10881,623562399292;65,81377213778813;9898,24297544859;9275,72367425896;30,729569562281934;10727,159054559002;2217,083146554886;1,0;1,0
2,4166666666666665;470,73802396923867;73,97664121778222;9848,546097666755;11231,02186692961;68,34223833578443;9981,53823172887;9574,993529027377;31,297042520087615;10858,643296116525;2290,0443180988923;1,0;1,0
2,5;476,24979819895117;76,86637581980551;9919,03456878641;11578,26528972195;70,91133017572655;10059,894640836355;9872,56483457992;31,872656690399506;10986,024536228777;2362,7161100953354;1,0;1,0
2,5833333333333335;481,615122221369;79,8013231818132;9984,58555947864;11923,090404166242;73,51989518299158;10133,461700580616;10168,21916786475;32,45620637046652;11109,428537713793;2435,0502264034167;1,0;1,0
2,6666666666666665;486,8382330177183;82,78015038988487;10045,344975988895;12265,238688072151;76,16678706737913;10202,380675959435;10461,742387599634;33,04748941235764;11228,972896272562;2506,999419746221;1,0;1,0
2,75;491,92315205103944;85,80152997429133;10101,452065695838;12604,458750091218;78,85086581902318;10266,78614875848;10752,92652049015;33,64630700954019;11344,768590134017;2578,5179315773194;1,0;1,0
2,8333333333333335;496,87371917257434;88,86414043348593;10153,040551918702;12940,507930340944;81,57099807099142;10326,807155800407;11041,571115383604;34,25246354594971;11456,921126037481;2649,5618070164132;1,0;1,0
2,9166666666666665;501,6936179721578;91,96666694160848;10200,23946847721;13273,153420116325;84,3260576350128;10382,568027539573;11327,484188446773;34,86576649047946;11565,531390665616;2720,0891137358576;1,0;1,0
3,0;506,38639487790584;95,10780216113068;10243,173775763733;13602,173012720958;87,11492614147497;10434,189008428626;11610,48285454541;35,48602632429047;11670,69628704196;2790,060087132726;1,0;1,0
3,0833333333333335;510,9554736852297;98,28624710370133;10281,96481791938;13927,355571915865;89,93649373336586;10481,78671841077;11890,39371831159;36,1130564916443;11772,509213840383;2859,437219032301;1,0;1,0
3,1666666666666665;515,404166739632;101,50071199833081;10316,73066453821;14248,501284704555;92,78965977772917;10525,474498796597;12167,053081581953;36,74667336739732;11871,060429839636;2928,185303226827;1,0;1,0
3,25;519,73568366582;104,74991713810401;10347,586368532531;14565,421749892614;95,67333356861229;10565,362674047572;12440,307010909208;37,386696236095254;11966,437334305869;2996,271448107905;1,0;1,0
3,3333333333333335;523,9531382938255;108,03259368562304;10374,644163192901;14877,939942078487;98,58643500327436;10601,558752430194;12710,011298841302;38,032947278936724;12058,72468574312;3063,66506430286;1,0;1,0
3,4166666666666665;528,0595542566051;111,34748442410509;10398,013615205062;15185,890081663509;101,52789521924119;10634,167582263779;12976,031344959134;38,685251565858565;12148,004775372221;3130,3378334179197;1,0;0,9984721047807588
3,5;532,0578696052143;114,69334444605887;10417,8017458125;15489,117434494472;104,49665718413148;10663,291475934098;13238,241976739515;39,34343705072379;12234,357567268664;3196,2636626011035;1,0;0,9955033428158685
3,5833333333333335;535,950940694074;118,06894177516187;10434,113128978885;15787,478059392679;107,49167623340192;10689,030310527069;13496,52722575802;40,00733456813322;12317,860813862262;3261,4186285695946;1,0;0,992508323766598
3,6666666666666665;539,7415455206971;121,47305791967808;10447,049972972804;16080,838517701719;110,51192055354299;10711,481611516803;13750,780071246052;40,676777830782015;12398,59015314852;3325,7809139250767;1,0;0,989488079446457
3,75;543,4323866545493;124,90448835773446;10456,712190025475;16369,075555819501;113,55637161000905;10730,740624178852;14000,902160327249;41,351603426580475;12476,619192247876;3389,330737949528;1,0;0,986443628389991
3,8333333333333335;547,0260938535251;128,36204295619433;10463,19745742037;16652,075769239524;116,6240245204417;10746,900376113506;14246,803512186394;42,03165081497968;12552,01958069922;3452,050283587789;1,0;0,9833759754795584
3,9166666666666665;550,5252264401282;131,8445463258652;10466,60127243327;16929,735254745807;119,71388837466121;10760,051733327085;14488,402211827555;42,71676232210814;12624,861075963636;3513,9236219486106;1,0;0,9802861116253387
4,0;553,9322754902134;135,3508381164602;10467,017002856577;17201,95925595141;122,82498650354529;10770,283451636675;14725,624097843925;43,406783134448865;12695,211602950501;3574,936635366324;1,0;0,9771750134964547
4,083333333333333;557,2496658731299;138,87977325517465;10464,535934343832;17468,661806242413;125,95635669935356;10777,682224666703;14958,402447664881;44,10156129087862;12763,137308894115;3635,076939840699;1,0;0,9740436433006464
4,166666666666667;560,4797581718716;142,43022213300134;10459,24731544888;17729,765372311773;129,10705139034175;10782,332729344407;15186,677663001728;44,80094767296057;12828,702614556281;3694,3338074980084;1,0;0,9708929486096582
4,25;563,6248505043958;146,00107074303614;10451,238400971757;17985,200500779825;132,27613777267717;10784,317669538246;15410,39695763093;45,50479599343316;12891,970262472776;3752,6980895795914;1,0;0,9677238622273229
4,333333333333333;566,687180261817;149,59122077505089;10440,59449403399;18234,905469859194;135,46269790274803;10783,717818292966;15629,514049197134;46,21296278287742;12953,001362774066;3810,1621403571567;1,0;0,964537302097252
4,416666666666667;569,6689257752196;153,19958967056277;10427,398987169154;18478,8259475938;138,66582875297436;10780,612058976727;15843,988856356198;46,92530737457378;13011,85543697349;3866,7197422890736;1,0;0,9613341712470257
4,5;572,5722079199263;156,82511064252557;10411,73340261642;18716,914657861693;141,88464223419356;10775,077425556132;16053,787202291085;47,641691887581736;13068,590460016145;3922,366032664567;1,0;0,9581153577658065
4,583333333333333;575,399091663942;160,46673266362495;10393,677431935017;18949,13105505845;145,11826518762425;10767,18914214332;16258,880525403212;48,361981208091805;13123,262900808615;3977,0974319286843;1,0;0,9548817348123757
4,666666666666667;578,1515875657313;164,1234204269883;10373,308975007927;19175,44100815706;148,36583934931525;10757,020661907944;16459,245597795663;49,086042969111276;13175,927761396255;4030,9115738373007;1,0;0,9516341606506847
4,75;580,83165322536;167,79415428292893;10350,704178468575;19395,816494660157;151,62652128987168;10744,643705410403;16654,864252013318;49,81374752855424;13226,6386149155;4083,8072375559314;1,0;0,9483734787101283
4,833333333333333;583,4411946921857;171,47793015514117;10325,937473560776;19610,23530481335;154,8994823321219;10730,128298387208;16845,723116381552;50,544967945812424;13275,447642420144;4135,78428178722;1,0;0,9451005176678782
4,916666666666667;585,9820678316714;175,17375943955201;10299,081613426113;19818,680756325917;158,18390844925318;10713,542809001596;17031,813359182415;51,279579956887815;13322,405668659332;4186,843580987925;1,0;0,9418160915507469
5,0;588,4560796534377;178,88066888882184;10270,207709802986;20021,141419743737;161,47900014580227;10694,953984560456;17213,13044182275;52,017461948170734;13367,56219686959;4236,986963716457;1,0;0,9385209998541977
5,083333333333333;590,8649896023319;182,59770048527204;10239,385269115395;20217,61085453419;164,7839723237441;10674,426987690884;17389,67388107759;52,7584949289486;13410,965442631672;4286,217153135375;1,0;0,9352160276762559
5,166666666666667;593,210510814042;186,3239113048062;10206,682227926496;20408,087355871085;168,09805413577772;10652,025431964694;17561,447020432857;53,50256250273128;13452,662366834582;4334,537709679395;1,0;0,9319019458642223
5,25;595,4943113365867;190,0583733741831;10172,164987730896;20592,573712047517;171,42048882776723;10627,811416956607;17728,456810501266;54,24955083747865;13492,698707782767;4381,952975887778;1,0;0,9285795111722328
5,333333333333333;597,718015318879;193,80017352379733;10135,89844906009;20771,07697239282;174,75053357215526;10601,845562720488;17890,713598442948;54,99934863481525;13531,119012477702;4428,468023390002;1,0;0,9252494664278448
5,416666666666667;599,8832041674364;197,5484132379264;10097,946044877042;20943,608225527212;178,0874592940312;10574,187043668093;18048,230926286906;55,75184709831572;13567,966667101593;4474,088602025452;1,0;0,9219125407059688
5,5;601,991417672238;201,30220850421398;10058,36977323775;21110,182387750083;181,43055049140432;10544,89362183513;18201,02533801866;56,50693990094296;13603,283926728016;4518,8210910706175;1,0;0,9185694495085956
5,583333333333333;604,0441551026489;205,06068966397527;10017,230229200599;21270,818001327854;184,77910505110555;10514,02167952084;18349,11619527469;57,26452315171905;13637,111944282375;4562,672452541544;1,0;0,9152208949488945
5,666666666666667;606,0428762742866;208,82300126473706;9974,586635966842;21425,537042420492;188,1324340616189;10481,626251288584;18492,525501462307;58,02449536170667;13669,490798773248;4605,6501865341515;1,0;0,9118675659383811
5,75;607,9890025876496;212,5883019162565;9930,49687523874;21574,364738364988;191,48986162402824;10447,761055316692;18631,277734106327;58,78675740937658;13700,459522814497;4647,762288561044;1,0;0,9085101383759717
5,833333333333333;609,8839180392985;216,3557641511041;9885,017516784827;21717,329394015327;194,8507246621523;10412,478524090533;18765,399685208766;59,55121250543376;13730,056129456823;4689,017208839798;1,0;0,9051492753378477
5,916666666666667;611,728970206344;220,12457429074445;9838,203847204859;21854,462226825017;198,2143727328368;10375,829834428654;18894,92030939612;60,317766157172656;13758,317638346616;4729,423813485112;1,0;0,9017856272671632
6,0;613,5254712049641;223,89393231790544;9790,109897889988;21985,79721034639;201,5801678372709;10337,86493683768;19019,87057961928;61,08632613242876;13785,280101229284;4768,99134755485;1,0;0,8984198321627291
6,083333333333333;615,2746986236548;227,66305175588954;9740,788472176468;22111,370925812113;204,9474842341009;10298,63258419233;19140,28335016316;61,8568024231913;13810,978626813383;4807,729399898196;1,0;0,8950525157658992
6,166666666666667;616,9778964318892;231,4311595553536;9690,29117169413;22231,222421458704;208,31570825502473;10258,180359738848;19256,19322671838;62,62910720893876;13835,447405011586;4845,647869752953;1,0;0,8916842917449753
6,25;618,6362758648413;235,19749598896217;9638,668421913391;22345,39307924743;211,68423812346583;10216,554704421613;19367,63644326276;63,403154819756324;13858,71973057376;4882,756935037911;1,0;0,8883157618765342
6,333333333333333;620,2510162848129;238,96131455420652;9585,96949689698;22453,926488636025;215,05248377684612;10173,800943534387;19474,650745498227;64,17886169929118;13880,828026127125;4919,067022285651;1,0;0,8849475162231539
6,416666666666667;621,8232660199774;242,7218818845744;9532,242543265158;22556,86832705492;218,419866692903;10129,963312699168;19577,27528058794;64,95614636759919;13901,803864638043;4954,588778160891;1,0;0,8815801333070971
6,5;623,354143181046;246,47847766915763;9477,534603385075;22654,2662467424;221,7858197204261;10085,08498317686;19675,550492937884;65,73492938393346;13921,677991309454;4989,33304250922;1,0;0,8782141802795739
6,583333333333333;624,8447364564352;250,2303945806913;9421,891637797207;22746,16976759696;225,14978691472353;10039,208086515497;19769,51802576909;66,51513330952238;13940,480344927812;5023,310822881488;1,0;0,8748502130852764
6,666666666666667;626,2961058865054;253,97693821193366;9365,358546893598;22832,630175708662;228,51122337806783;9992,37373854279;19859,220628228053;67,29668267038258;13958,24007867282;5056,533270479228;1,0;0,8714887766219322
6,75;627,7092836174239;257,71742702021646;9307,979191864293;22913,700427237214;231,86959510531412;9944,62206271094;19944,702067786126;68,07950392020895;13974,985580403072;5089,011657467184;1,0;0,868130404894686
6,833333333333333;629,0852746351858;261,45119227992313;9249,796414930186;22989,435057311308;235,22437883483158;9895,992212802745;20026,007047682404;68,86352540338186;13990,744492430375;5120,757355599693;1,0;0,8647756211651685
6,916666666666667;630,4250574803187;265,1775780425866;9190,852058881566;23059,89009363063;238,57506190484008;9846,522395008855;20103,181129168308;69,64867731812886;14005,543730795096;5151,781816108354;1,0;0,86142493809516
7,0;631,72958494378;268,8959411042379;9131,186985943303;23125,122974461367;241,92114211519953;9796,249889386967;20176,27065831738;70,43489167987586;14019,409504054747;5182,096550799517;1,0;0,8580788578848005
7,083333333333333;632,999784744539;272,6056509795834;9070,841095988551;23185,192470724636;245,2621275946581;9745,211070714511;20245,32269716895;71,22210228482047;14032,367331597603;5211,713114311052;1,0;0,8547378724053419
7,166666666666667;634,2365601893308;276,30608988254073;9009,85334412389;23240,15861188762;248,59753667352766;9693,441428747024;20310,38495897973;72,01024467375773;14044,442061492964;5240,643087478969;1,0;0,8514024633264724
7,25;635,4407908150464;279,9966527126207;8948,261757669752;23290,082615377545;251,92689776172037;9640,975587895078;20371,505747363735;72,79925609618657;14055,657887889327;5268,898061765653;1,0;0,8480731022382797
7,333333333333333;636,6133330142198;283,6767470466066;8886,103452560643;23335,026819250073;255,24974923204906;9587,84732633315;20428,733899107156;73,58907547472292;14066,038367971496;5296,489624702704;1,0;0,844750250767951
7,416666666666667;637,7550206440552;287,34579313495135;8823,414649190332;23375,05461785482;258,56563930866537;9534,08959455427;20482,11873045126;74,37964336984349;14075,606438487424;5323,429346302597;1,0;0,8414343606913347
7,5;638,866665619428;291,00322390228655;8760,230687727597;23410,23040025309;261,87412596048455;9479,734533384746;20531,70998664331;75,17090194498246;14084,384431855293;5349,728766394746;1,0;0,8381258740395154
7,583333333333333;639,9490584902804;294,648484951418;8696,586042928535;23440,619491155096;265,17477679942255;9424,813491473586;20577,55779456252;75,96279493200107;14092,394091861137;5375,3993828428265;1,0;0,8348252232005775
7,666666666666667;641,0029690038252;298,28103457016664;8632,51433847156;23466,28809415593;268,46716898325144;9369,357042271447;20619,71261823469;76,7552675970488;14099,656588956983;5400,452640601528;1,0;0,8315328310167486
7,75;642,029146651953;301,90034374040255;8568,048360841465;23487,303237063195;271,7508891228607;9313,395000514345;20658,225217056995;77,54826670683266;14106,19253516941;5424,899921572384;1,0;0,8282491108771394
7,833333333333333;643,0283212042367;305,50589614861536;8503,220072788763;23503,732719120908;275,0255331936978;9256,95643822731;20693,146606560887;78,3417404953099;14112,02199862801;5448,752535219491;1,0;0,8249744668063023
7,916666666666667;644,0012032269094;309,0971881973617;8438,060626390534;23515,64505994789;278,290706451147;9200,069700263472;20724,528021548835;79,13563863081757;14117,164517723171;5472,021709907433;1,0;0,821709293548853
8,0;644,948484588186;312,6737290169342;8372,600375738693;23523,109450021402;281,54602334959606;9142,762419394061;20752,42088144772;79,9299121836511;14121,639114902297;5494,7185849250145;1,0;0,818453976650404
8,083333333333334;645,8708389502879;316,2350404766038;8306,868889281295;23526,195702549252;284,79110746493006;9085,06153096475;20776,87675772858;80,7245135941027;14125,464310113372;5516,854203159672;1,0;0,81520889253507
8,166666666666666;646,7689222485191;319,78065719479685;8240,894961842101;23524,97420658675;288,0255914201863;9026,993287133944;20797,947343250216;81,51939664096888;14128,658133904628;5538,439504388885;1,0;0,8119744085798137
8,25;647,6433731577384;323,3101265475859;8174,706626343055;23519,515881266852;291,2491168140976;8968,58327070832;20815,6844233906;82,31451641053522;14131,238140188754;5559,48531915603;1,0;0,8087508831859025
8,333333333333334;648,4948135465537;326,8230086748883;8108,331165253813;23509,892131024422;294,4613341522498;8909,856408591022;20830,139848837614;83,10982926604557;14133,22141868008;5580,002363199579;1,0;0,8055386658477502
8,416666666666666;649,3238489195664;330,3188764837897;8041,795121791635;23496,17480170695;297,66190278057564;8850,836984857599;20841,365509916923;83,90529281766125;14134,624607012702;5600,001232405587;1,0;0,8023380972194244
8,5;650,1310688479784;333,79731564843473;7975,124310894418;23478,436137476572;300,8504908209099;8791,54865347477;20849,413312342476;84,70086589291542;14135,46390254763;5619,492398254841;1,0;0,7991495091790901
8,583333333333334;650,9170473888669;337,25792460595136;7908,343829988593;23456,748738418486;304,02677510832865;8732,014450676714;20854,335154280787;85,49650850766605;14135,755073876575;5638,486203737067;1,0;0,7959732248916714
8,666666666666666;651,6823434934272;340,7003145479083;7841,478069572888;23431,185518782546;307,19044113000155;8672,256807013455;20856,1829046274;86,29218183755084;14135,513472030021;5656,992859705838;1,0;0,7928095588699985
8,75;652,427501404473;344,1241094068338;7774,550723637973;23401,819665794996;310,3411829652884;8612,29755908564;20855,008382400138;87,08784818994569;14134,754041396909;5675,022441648973;1,0;0,7896588170347116
8,833333333333334;653,1530510434759;347,5289458373589;7707,58479994098;23368,724598987123;313,4787032268168;8552,157960979615;20850,863337159637;87,88347097642833;14133,491330363182;5692,58488685025;1,0;0,7865212967731833
8,916666666666666;653,8595083874213;350,9144731915835;7640,6026301529255;23331,973929997574;316,60271300228436;8491,858695416478;20843,799430374183;88,67901468574732;14131,739501676191;5709,689991919377;1,0;0,7833972869977157
9,0;654,5473758357468;354,28035348829934;7573,625879895945;23291,641422813762;319,71293179673665;8431,419884628423;20833,86821765134;89,47444485729628;14129,51234254185;5726,347410668221;1,0;0,7802870682032633
9,083333333333334;655,2171425676252;357,6262613757415;7506,675558686187;23247,800954426355;322,8090874750793;8370,861100975255;20821,121131764587;90,26972805509247;14126,823274461265;5742,566652312215;1,0;0,7771909125249207
9,166666666666666;655,8692848898461;360,95188408757986;7439,772029797092;23200,526475879;325,8909162045936;8310,201377313646;20805,609466408838;91,06483184225812;14123,685362813316;5758,357079976936;1,0;0,7741090837954064
9,25;656,5042665755425;364,2569213918986;7372,935020056656;23149,89197370264;328,9581623972336;8249,459217131312;20787,384360623764;91,85972475600248;14120,111326189697;5773,727909490717;1,0;0,7710418376027665
9,333333333333334;657,1225391940054;367,54108553295225;7306,183629591098;23095,971431730548;332,01057865149346;8188,652604457722;20766,496783828785;92,65437628310201;14116,1135454885;5788,688208445074;1,0;0,7679894213485066
9,416666666666666;657,724542431818;370,80410116552673;7239,536341526329;23038,83879329704;335,04792569364616;8127,799013562799;20742,997521418998;93,44875683587551;14111,704072772585;5803,246895505677;1,0;0,7649520743063538
9,5;658,3107044055405;374,0457052817703;7173,011031657282;22978,567923827617;338,0699723181652;8066,915418454296;20716,937160875066;94,24283772865073;14106,89463989856;5817,412739957277;1,0;0,7619300276818348
9,583333333333334;658,8814419661669;377,2656471304006;7106,624978094254;22915,232573834357;341,07649532715357;8006,018302184382;20688,366078345323;95,03659115471844;14101,696666922242;5831,1943614669935;1,0;0,7589235046728464
9,666666666666666;659,4371609955693;380,46368812822993;7040,394870894157;22848,906342334427;344,06727946861713;7945,123665975333;20657,3344256621;95,82999016376968;14096,121270286212;5844,600230051051;1,0;0,7559327205313828
9,75;659,9782566951428;383,63960176398905;6974,336821683485;22779,662640713537;347,04211737343223;7884,247038173806;20623,892117758194;96,62300863981142;14090,179270794992;5857,63866623076;1,0;0,7529578826265678
9,833333333333334;660,5051138668539;386,7931734944647;6908,466373278844;22707,574657060166;350,0008094908698;7823,4034830427645;20588,08882045356;97,4156212795557;14083,881201383287;5870,317841364399;1,0;0,7499991905091302
9,916666666666666;661,0181071868933;389,92420063300176;6842,7985093097295;22632,71532099878;352,94316402255265;7762,607609399602;20549,973938585466;98,20780357127694;14077,237314682456;5882,645778142218;1,0;0,7470568359774473
10,0;661,5176014721292;393,0324922304534;6777,3476638472885;22555,157269052794;355,86899685473446;7701,873579108516;20509,596604458708;98,9995317741319;14070,257590390409;5894,630351232465;1,0;0,7441310031452655
10,083333333333334;662,0039519395467;396,11786894869505;6712,127731041895;22474,972810570485;358,77813148880364;7641,215115434868;20467,00566659604;99,7907828979364;14062,951742449932;5906,279288067089;1,0;0,7412218685111963
10,166666666666666;662,4775044588623;399,18016292684814;6647,152074771291;22392,233894247503;361,67039896992685;7580,645511268577;20422,249678771095;100,58153468339306;14055,329226040258;5917,60016975618;1,0;0,7383296010300732
10,25;662,9385957984902;402,21921764038683;6582,4335383003545;22307,012075281735;364,54563781376186;7520,177637223386;20375,376889309555;101,37176558276366;14047,39924438673;5928,600432120995;1,0;0,7354543621862382
10,333333333333334;663,387553865036;405,23488775332913;6517,984453952583;22219,37848319603;367,40369393118044;7459,823949618208;20326,435230646413;102,16145474097985;14039,170755393161;5939,287366835839;1,0;0,7325963060688195
10,416666666666666;663,8246979364887;408,22703896373736;6453,816652792672;22129,40379036484;370,2444205509559;7399,596498346389;20275,472309129425;102,9505819771859;14030,652478101405;5949,668122669658;1,0;0,729755579449044
10,5;664,2503388892766;411,19554784277545;6389,9414743187845;22037,158181280356;373,0676781403821;7339,506934638321;20222,535395061128;103,73912776670672;14021,85289898257;5959,749706818684;1,0;0,7269323218596179
10,583333333333334;664,6647794193473;414,14030166759215;6326,369776162528;21942,71132259349;375,8733343238019;7279,566518722362;20167,671412973767;104,52707322343446;14012,780278064247;5969,538986322005;1,0;0,7241266656761981
10,666666666666666;665,0683142574313;417,061198248316;6263,111943793878;21846,13233396385;378,66126379903574;7219,786127388635;20110,926932132923;105,31440008262713;14003,442654897823;5979,0426895523415;1,0;0,7213387362009642
10,75;665,4612303786414;419,9581457494663;6200,177900227884;21747,489759751614;381,43134825171194;7160,17626145989;20052,34815726742;106,10109068411215;13993,847854370106;5988,267407774769;1,0;0,718568651748288
10,833333333333334;665,8438072065546;422,83106250609785;6137,577115729377;21646,851541583314;384,18347626751057;7100,747053173237;19991,98091952465;106,88712795588803;13984,003492363232;5997,2195967666175;1,0;0,7158165237324894
10,916666666666666;666,2163168119266;425,67987683500843;6075,31861751142;21544,284991820805;386,9175432423438;7041,508273476102;19929,87066765096;107,67249539811723;13973,916981266666;6005,905578492014;1,0;0,7130824567576561
11,0;666,5790241061744;428,504526841351;6013,410999422955;21439,856767962006;389,6334512905053;6982,46933923957;19866,06245939896;108,4571770675033;13963,595535345234;6014,331542825138;1,0;0,7103665487094947
11,083333333333334;666,9321870297699;431,30496022099834;5951,862431620586;21333,632847998837;392,3311091508301;6923,639320391728;19800,600953163266;109,2411575620451;13953,046175966778;6022,503549316419;1,0;0,7076688908491698
11,166666666666666;667,2760567356747;434,0811340590161;5890,68067021929;21225,67850675622;395,01043209091546;6865,026946973495;19733,53039984806;110,02442200616144;13942,27573669312;6030,427528996397;1,0;0,7049895679090845
11,25;667,6108777679486;436,8330146246034;5829,873066916465;21116,05829323341;397,6713418094616;6806,640616118982;19664,894634969834;110,80695603617879;13931,290868237833;6038,109286212226;1,0;0,7023286581905384
11,333333333333334;667,9368882356573;439,56057716286404;5769,446578583631;21004,83600896632;400,31376633679855;6748,488398962177;19594,737070999458;111,58874578617531;13920,098043294245;6045,554500492116;0,9993097140590432;0,6996862336632014
11,416666666666666;668,2543199822053;442,26380568377255;5709,407776819832;20892,07468742705;402,93763993367224;6690,578047471469;19523,10068994791;112,36977787417423;13908,70356123705;6052,768728433331;0,9935371921459211;0,6970623600663277
11,5;668,5633987502113;444,94269274869725;5649,762857460819;20777,836574474528;405,5429029883697;6632,917001213326;19450,028036200925;113,1500393886796;13897,113552700775;6059,757405609654;0,9878056134255867;0,6944570970116303
11,583333333333334;668,8643443420464;447,59723925484235;5590,51765003785;20662,18310986682;408,1295019122689;6575,512394046039;19375,56120960693;113,9295178755475;13885,333984038292;6066,525848494433;0,9821150957930085;0,691870498087731
11,666666666666666;669,1573707761469;450,2274542179664;5531,6776271801;20545,17490984373;410,6973890339046;6518,371060744437;19299,741858823912;114,70820132518602;13873,370661662471;6073,079256395663;0,9764657441254099;0,6893026109660954
11,75;669,4426864392142;452,83335455372986;5473,247913954512;20426,871750785227;413,24652249164507;6461,499543556058;19222,611174929898;115,48607816007706;13861,229236274023;6079,4227133997165;0,9708576505183809;0,6867534775083549
11,833333333333334;669,7204942344102;455,4149648580188;5415,233297137108;20307,33255394882;415,7768661250802;6404,904098689228;19144,209885302385;116,26313722261328;13848,915206978427;6085,561190320643;0,9652908945248236;0,6842231338749197
11,916666666666666;669,9909917256516;457,9723171865836;5357,6382344097865;20186,61537128638;418,2883893652232;6348,590702733251;19064,57824777156;117,03936776324366;13836,433925294923;6091,499546652135;0,9597655433965089;0,6817116106347767
12,0;670,2543712781094;460,50545083432496;5300,4668634767;20064,777372338067;420,7810671236336;6292,56505901071;18983,756045051607;117,81475942892084;13823,790599060198;6097,242532519396;0,9542816523280061;0,6792189328763664
12,083333333333334;670,5108201950084;463,0144121145476;5243,72301109461;19941,874832199483;423,2548796805687;6236,832603861894;18901,782579455394;118,58930225184392;13810,990296229713;6102,794790628548;0,9488392647027488;0,6767451203194312
12,166666666666666;670,76052085083;465,4992541384954;5187,410202011519;19817,963120554366;425,7098125722756;6181,398512860991;18818,696667895518;119,36298663849023;13798,03794857911;6108,16085821107;0,9434384123409937;0,6742901874277244
12,25;671,0036508210076;467,96003659546767;5131,531667808364;19693,096691764415;428,1458564775346;6126,2677069638585;18734,53663717651;120,13580335892955;13784,938355308492;6113,345168961327;0,9380791157494238;0,6718541435224653
12,333333333333334;671,2403830082103;470,39682553380703;5076,090355638497;19567,32907600447;430,563007103568;6071,444858586824;18649,340319580846;120,90774353641478;13771,69618655195;6118,352054965042;0,9327613843721504;0,669436992896432
12,416666666666666;671,4708857653027;472,80969314303655;5021,088936860082;19440,71287142973;432,96126507142725;6016,934397616058;18563,145048751994;121,67879863724258;13758,315986794889;6123,185748616996;0,92748521684286;0,6670387349285727
12,5;671,6953230150701;475,1987175374112;4966,529815556653;19313,299737359757;435,3406358009721;5962,740517346886;18475,987655876794;122,44896046087801;13744,802178201502;6127,850384526184;0,9222506012378614;0,6646593641990278
12,583333333333334;671,9138543667927;477,5639825411364;4912,415136941473;19185,140388462052;437,7011293955551;5908,86718035245;18387,904466169402;123,21822113033723;13731,159063854804;6132,350001407;0,9170575153297789;0,6622988706044449
12,666666666666666;672,126635229752;479,905577475493;4858,746795641408;19056,284589916246;440,04276052652324;5855,318124280941;18298,931295657927;123,98657308282209;13717,390830911387;6136,688543954912;0,9119059268416488;0,6599572394734767
12,75;672,3338169237504;482,2235969480946;4805,5264438564745;18926,78115353844;442,3655483176489;5802,096867580718;18209,103448274946;124,754009060601;13703,501553673246;6140,869864705445;0,9067957937011724;0,657634451682351
12,833333333333334;672,5355467867236;484,5181406444904;4752,7554993913955;18796,677934843865;444,66951622959874;5749,206715152538;18118,45571325228;125,52052210213027;13689,495196578735;6144,8977258752175;0,9017270642948828;0,6553304837704013
12,916666666666666;672,7319682795194;486,7893131223122;4700,435153555829;18666,02183102451;446,954691944549;5696,650763928121;18027,022362819986;126,28610553341018;13675,375617114832;6148,7758011840415;0,8966996777219922;0,653045308055451
13,0;672,9232210879213;489,0372236081516;4648,56637893018;18534,858779817343;449,2211072510526;5644,43190837426;17934,837150208885;127,05075295957039;13661,146568652732;6152,507677657044;0,8917135640476843;0,6507788927489474
13,083333333333334;673,1094412219862;491,26198579733983;4597,149936994244;18403,233759237548;451,46879792926205;5592,552845921718;17841,93330795555;127,81445825667912;13646,811703208772;6156,09685740602;0,8867686445556235;0,6485312020707379
13,166666666666666;673,2907611127678;493,46371765678896;4546,18638561616;18271,19078815047;453,69780363660726;5541,016082318104;17748,34354650818;128,5772155637708;13632,374574132678;6159,546759389191;0,8818648319994641;0,6463021963633927
13,25;673,467309706496;495,64254123104047;4495,6760863994705;18138,772927654747;455,90816779402786;5489,823936904013;17654,100053130966;129,33901927508697;13617,838638724925;6162,860721148662;0,8770020308531388;0,6440918322059721
13,333333333333334;673,6392125562776;497,7985824516542;4445,619211886389;18006,02228324903;458,09993747285336;5438,978547811705;17559,234491104813;130,09986403252503;13603,207260785228;6166,042000525064;0,8721801375597227;0,6419000625271466
13,416666666666666;673,8065919113831;499,9319709500582;4396,015752615584;17872,980007753416;460,27316328242296;5388,481877085605;17463,777999220703;130,8597447182903;13588,483713093814;6169,093777348697;0,8673990407786696;0,639726836717577
13,5;673,9695668041851;502,0428398739668;4346,865524033122;17739,686304956904;462,4278992585331;5338,3357157240025;17367,761191562673;131,61865644774574;13573,671179827317;6172,01915510684;0,8626586216312272;0,6375721007414669
13,583333333333334;674,1282531348089;504,13132570746416;4298,168173255458;17606,180433961228;464,56420275279686;5288,5416886412995;17271,214157576014;132,3765945624551;13558,772758910985;6174,821162586744;0,8579587539438469;0,6354357972472031
13,666666666666666;674,2827637535545;506,19756809483613;4249,923185683619;17472,500714191785;466,6821343229961;5239,101259550302;17174,16646241661;133,13355462341428;13543,791464308844;6177,502755494008;0,8532993044894086;0,6333178656770039
13,75;674,4332085411507;508,24170966822476;4202,129891467959;17338,68453104562;468,78175762450314;5190,01573576396;17076,64714757623;133,8895324044665;13528,730228253506;6180,066818046014;0,8486801332260931;0,6312182423754968
13,833333333333334;674,5796944868976;510,2638958791667;4154,78747182315;17204,76834214684;470,86313930284564;5141,28627291619;16978,684731778918;134,64452388589663;13513,591903417106;6182,5161645402395;0,8441010935337396;0,6291368606971544
13,916666666666666;674,722325764752;512,2642748340678;4107,894965193272;17070,787684179748;472,92634888748273;5092,913879601298;16880,307212142707;135,39852524819997;13498,379265025022;6184,853540897236;0,839562032447538;0,6270736511125172
14,0;674,8612038074107;514,2429971336558;4061,4512732671046;16936,777180269895;474,9714586868592;5044,899421931731;16781,542065600996;136,15153286602157;13483,095012913798;6187,0816261781565;0,8350627908889098;0,6250285413131408
14,083333333333334;674,9964273784456;516,2002157164422;4015,4551668438726;16802,770547883512;476,9985436847976;4997,243628013787;16682,416250577007;136,90354330226134;13467,741773534726;6189,20303407668;0,8306032038934453;0,6230014563152024
14,166666666666666;675,128092642539;518,1360857062182;3969,905291550083;16668,800607216606;479,00768143828685;4949,947092341199;16582,956208905496;137,65455330234101;13452,322101904605;6191,220314385409;0,826183100835769;0,6209923185617131
14,25;675,2562932338715;520,0507642635966;3924,800173408019;16534,89929004427;480,99895197672015;4903,010280106302;16483,187867994413;138,40455978862872;13436,838483504947;6193,135954436593;0,8218023056512157;0,6190010480232798
14,333333333333334;675,3811203227106;521,944410441609;3880,1382242568707;16401,097649002124;482,9724377026317;4856,433531428783;16383,136643219837;139,15355985501716;13421,29333613107;6194,952380517259;0,8174606370542103;0,6170275622973683
14,416666666666666;675,5026626802463;523,8171850453532;3835,91774702754;16267,425867271848;484,9282232939782;4810,217065501972;16282,827440547167;139,9015507616516;13405,689011692335;6196,67195925882;0,813157908753248;0,6150717767060218
14,5;675,6210067417218;525,6692504956853;3792,136940872328;16133,913268643193;486,8663956080067;4764,360984656703;16182,28465937096;140,6485299298037;13390,027797964867;6198,296999001198;0,8088939296623853;0,6131336043919933
14,583333333333334;675,736236667901;527,5007706969383;3748,793906150911;16000,58832792572;488,78704358674713;4718,865278342876;16081,532195566235;141,39449493688724;13374,311920297952;6199,829751131617;0,8046685041091564;0,6112129564132528
14,666666666666666;675,8484344049208;529,3119109086462;3705,886649274069;15867,478681683577;490,6902581641632;4673,7298270288475;15980,593444743301;142,13944351161265;13358,543543275346;6201,272411398131;0,800481432038841;0,6093097418358367
14,75;675,9576797425666;531,1028376212461;3663,413087406866;15734,611139268016;492,5761321749931;4628,95440601894;15879,491305698828;142,88337352927604;13342,724772332704;6202,62712119814;0,7963325092150152;0,6074238678250069
14,833333333333334;676,0640503710156;532,8737184357234;3621,371053033013;15602,011694122291;494,44476026530697;4584,538689189337;15778,248184054966;143,62628300717972;13326,857655332264;6203,89596884199;0,7922215274163247;0,605555239734693
14,916666666666666;676,167621936086;534,6247219471621;3579,758298382305;15469,705535334635;496,2962388048043;4540,482252642715;15676,885996078889;144,36817010018063;13310,944184095897;6205,080990791893;0,7881482746294305;0,6037037611951956
15,0;676,2684680930333;536,3560176321571;3538,5724997230964;15337,71705941575;498,13066580087263;4496,784578282042;15575,426172674746;145,10903309636336;13294,986295897632;6206,18417287638;0,7841125352380802;0,6018693341991274
15,083333333333334;676,36666055893;538,0677757400404;3497,811261521906;15206,069882277747;499,9481408144234;4453,445057304018;15473,88966354023;145,84887041283434;13278,985874916747;6207,207451480524;0,7801140902082685;0,6000518591855766
15,166666666666666;676,4622691636674;539,7601671878691;3457,472120472241;15074,786851392306;501,7487648775204;4410,462993612664;15372,29694147955;146,58768059163432;13262,944753652391;6208,15271471213;0,7745788288796869;0,5949285818551908
15,25;676,5553618996157;541,4333634591213;3417,552549394958;14943,890058106936;503,5326404128101;4367,837607153676;15270,66800686533;147,32546229576573;13246,864714300827;6209,021803544248;0,7690488147202886;0,5897553428028507
15,333333333333334;676,646004969977;543,0875365060397;3378,0499610123597;14813,400850098244;505,29987115476365;4325,56803717014;15169,022392241028;148,06221430533208;13230,74749009625;6209,816512934171;0,7635703994202327;0,5846303736511854
15,416666666666666;676,7342628358654;544,7228586555627;3338,961711598432;14683,339843942716;507,0505620727342;4283,653345380333;15067,379167056602;148,79793551378623;13214,594766616123;6210,538592919301;0,758143257574524;0,5795533699890708
15,5;676,8201982621491;546,3395025187793;3300,285104507566;14553,726937785577;508,784819295833;4242,09251907828;14965,756942529097;149,53262492428502;13198,408183051979;6211,189749690072;0,7527670601829177;0,5745240240420842
15,583333333333334;676,9038723620862;547,9376409038401;3262,0173935842445;14424,581324089593;510,5027500396243;4200,884474157902;14864,173876620827;150,2662816461469;13182,189333446604;6211,771646640329;0,7474414748771647;0,5695420248850895
15,666666666666666;676,9853446407849;549,5174467322581;3224,1557864561514;14295,921502446303;512,2044625346358;4160,028058061547;14762,647679127547;150,99890489141026;13165,939767898482;6212,285905395408;0,742166166142629;0,5646070586495562
15,75;677,0646730375212;551,0790929585281;3186,697447713169;14167,765292432581;513,8900659566813;4119,522052653727;14661,195616868808;151,73049397148966;13149,660993734366;6212,734106818236;0,736940795534288;0,5597188087256243
15,833333333333334;677,1419139669424;552,6227524929944;3149,639501974826;14040,129846496879;515,5596703589869;4079,3651770209976;14559,83451897345;152,46104829392706;13133,354476650788;6213,117791993803;0,7317650218871408;0,554876955958938
15,916666666666666;677,2171223591865;554,1485981278938;3112,9790368486993;13913,031662859545;517,2133866061131;4039,556090198889;14458,580782252759;153,190567359236;13117,021641825382;6213,438463192285;0,7266385015210495;0,550081178842272
16,0;677,2903516989464;555,6568024664999;3076,713105782318;13786,486598412888;518,8513263096614;4000,0933938268363;14357,45037665427;153,9190507578358;13100,663874998765;6213,697584811184;0,7215608884400496;0,5453311537019818
16,083333333333332;677,3616540635052;557,1475378552966;3040,838730811163;13660,509881607242;520,4736017657522;3960,9756347321254;14256,458850789235;154,64649816707353;13084,282523527765;6213,896584296803;0,7165318345261683;0,5406265548793187
16,166666666666668;677,4310801597712;558,6209763191036;3005,352905205214;13535,116125309578;522,0803258942594;3922,201307443825;14155,621337526785;155,3729093483314;13067,87889741079;6214,036853045368;0,7115509897277957;0,5359670549066476
16,25;677,4986793603387;560,0772894990816;2970,2525960166895;13410,319339622762;523,6716121797873;3883,7688566377947;14054,952559648316;156,09828414421733;13051,454270285996;6214,119747284176;0,7066180022426594;0,5313523246786168
16,333333333333332;677,5644997385988;561,5166485935392;2935,5347465314253;13286,132944653391;525,2475746143688;3845,6766795137837;13954,466835555439;156,82262247583617;13035,009880403033;6214,1465889330575;0,7017325186954568;0,5267820336183305
16,416666666666668;677,6285881029279;562,9392243014692;2901,196278626489;13162,56978321744;526,8083276418693;3807,92312810575;13854,178085025234;157,54592434013966;13018,546931569066;6214,118666446527;0,6968941843102053;0,5222558498385792
16,5;677,6909900299743;564,3451867687371;2867,2340950364687;13039,642133473233;528,3539861040738;3770,506511526466;13754,099835006657;158,268189807353;13002,066594069705;6214,037235636954;0,6921026430773713;0,517773440298186
16,583333333333332;677,7517498970717;565,7347055368497;2833,645081530929;12917,361721471905;529,8846651884364;3733,4250981475125;13654,245225451923;158,98941901847564;12985,570005565532;6213,903520479049;0,6873575379158471;0,5133344709535343
16,666666666666668;677,810910913797;567,1079494942262;2800,4261090055506;12795,73973361667;531,4004803774699;3696,6771177158816;13554,627015177513;159,7096121828547;12969,0582719649;6213,7187138960935;0,6826585108298434;0,5089386069053373
16,75;677,8685151526996;568,4650868299019;2767,5740354892696;12674,786829021741;532,9015473997504;3660,260763408178;13455,257587748525;160,42876957582857;12952,532468273557;6213,48397852813;0,6780052030607738;0,5045855125407239
16,833333333333332;677,9246035792214;569,806284989589;2735,0857080699425;12554,51315176368;534,3879821825151;3624,174193823731;13356,148957381632;161,14689153643926;12935,993639421775;6213,200447482559;0,6733972552342032;0,5002748516707063
16,916666666666668;677,9792160808294;571,1317106340239;2702,95796474081;12434,92834301725;535,8599008058254;3588,415534917658;13257,312774860871;161,8639784652112;12919,442801069554;6212,869225067395;0,6688343075019412;0,4960062876631063
17,0;678,0323914953816;572,441529599528;2671,187636170137;12316,041553069274;537,3174194582707;3552,9828818750984;13158,760333461481;162,5800308219949;12902,880940390454;6212,491387507559;0,6643159996793608;0,4917794835710149
17,083333333333332;678,084167638747;573,7359068607147;2639,771547396339;12197,86145320414;538,7606543941854;3517,8743009277723;13060,502574876804;163,29504912387372;12886,309016834668;6212,067983644513;0,6598419713780252;0,48759410225686234
17,166666666666668;678,1345813316984;575,0150064952694;2608,706519450806;12080,396247455026;540,1897218923528;3483,0878311140395;12962,550095143635;164,00903394313173;12869,727962871832;6211,600035619557;0,6554118621337062;0,4834498065121767
17,25;678,1836684260974;576,2789916507377;2577,9893709107255;11963,65368421587;541,6047382161679;3448,6214859836396;12864,91315056154;164,72198590528137;12853,138684714168;6211,088539541154;0,6510253115298795;0,4793462591731131
17,333333333333332;678,2314638303909;577,5280245132531;2547,6169193839924;11847,64106770877;543,0058195752301;3414,4732552482365;12767,601663601667;165,433905687149;12836,5420630204;6210,534466136527;0,6466819593167866;0,4752831232318326
17,416666666666668;678,2780015344359;578,7622662781386;2517,5859829284464;11732,36526930296;544,3930820883388;3380,641106379019;12670,625228801211;166,14479401501677;12819,938953581046;6209,938761387943;0,6423814455261496;0,4712600619438174
17,5;678,3233146336723;579,9818771223177;2487,8933814074344;11617,832738680856;545,7666417478616;3347,122986152428;12573,993118639268;166,8546516628194;12803,330187985477;6209,302347153878;0,6381234105816289;0,46727673893120125
17,583333333333332;678,3674353526578;581,1870161784715;2458,535937783867;11504,049514848173;547,1266143854479;3313,916822145268;12477,714289390675;167,56347945039414;12786,716574271324;6208,62612177551;0,6339074954051117;0,4633328182822012
17,666666666666668;678,4103950679852;582,3778415108799;2429,5104793546584;11391,021236984374;548,4731156390568;3281,020524180249;12381,797386953842;168,27127824178257;12770,098897556592;6207,910960668705;0,6297333415189239;0,4594279646467353
17,75;678,4522243305956;583,5545100928864;2400,813838927633;11278,753155131193;549,8062609212725;3248,4319857232094;12286,250752649577;168,97804894358288;12753,477920655065;6207,157716901912;0,6256005911440553;0,45556184332830973
17,833333333333332;678,4929528875055;584,7171777859267;2372,442855942731;11167,250140716367;551,1261653888747;3216,1490852330785;12191,08242898737;169,683792503351;12736,85438467532;6206,367221760201;0,6215088872944884;0,45173412037226335
17,916666666666668;678,5326097029603;585,8659993200633;2344,39437753947;11056,516696910801;552,4329439136384;3184,1696874657687;12096,300165396266;170,38850990804937;12720,229009603861;6205,540285295759;0,617457873867721;0,4479444626504487
18,0;678,5712229790333;587,0011282759709;2316,665259572423;10946,556968817133;553,7267110543306;3152,491644733047;12001,91142391723;171,0922021825421;12703,602494872772;6204,677696865128;0,613447195731575;0,4441925379424412
18,083333333333332;678,6088201756816;588,1227170683147;2289,25236757656;10837,374753488408;555,0075810298774;3121,1127981175678;11907,923384854545;171,794870388135;12686,975519912281;6203,780225653482;0,60947649880738;0,4404780150133555
18,166666666666668;678,6454280302735;589,2309169304705;2262,152577684171;10728,97350977555;556,2756676936701;3090,0309786451035;11814,342952383335;172,4965156211594;12670,348744688665;6202,848621186202;0,6055454301496226;0,4368005636883566
18,25;678,681072576604;590,3258779005329;2235,362777495075;10621,356368002846;557,5310845089839;3059,244008415084;11721,176760111097;173,19713901159864;12653,722810227851;6201,8836138280485;0,60165363802215;0,4331598549239467
18,333333333333332;678,7157791634083;591,4077488085613;2208,879866901779;10514,526139470636;558,7739445254778;3028,7497016905036;11628,431176590746;173,8967417217556;12637,098339125134;6200,8859152702;0,597800771971019;0,42955556087611446
18,416666666666668;678,7495724723883;592,4766772650137;2182,700758871175;10408,485325784895;560,0043603567502;2998,5458659482647;11536,112310783195;174,59532494496074;12620,475936041319;6199,856219005408;0,5939864828940743;0,42598735496542434
18,5;678,7824765357656;593,5328096503195;2156,822380184366;10303,236128013501;561,2224441589199;2968,630302890952;11444,226017467347;175,29288990431886;12603,85618818569;6198,79520079155;0,5902104231073484;0,42245491193913237
18,583333333333332;678,8145147533719;594,5762911055464;2131,241672136153;10198,780455669234;562,4283076102048;2939,0008094211425;11352,777902595823;175,98943785149416;12587,239665786168;6197,703519103839;0,5864722464083651;0,4189579079304061
18,666666666666668;678,8457099092898;595,6072655241146;2105,955591195638;10095,11993551976;563,6220618914724;2909,6551785791776;11261,773328594587;176,68497006553193;12570,626922546944;6196,58181557594;0,5827716081364356;0,41549602051473
18,75;678,876084188056;596,6258755445139;2080,9611096293793;9992,255920224852;564,8038176677327;2880,591200445434;11171,217419604887;177,3794878517162;12554,018496093946;6195,430715430227;0,5791081652300287;0,4120689287635752
18,833333333333332;678,9056591904374;597,6322625439817;2056,255216088553;9890,189496801786;565,9736850705481;2851,8066630080825;11081,115066666214;178,07299254046222;12537,414908408495;6194,2508278974765;0,575481576281301;0,40867631329541054
18,916666666666668;678,9344559487934;598,6265666331011;2031,8349161613924;9788,921494919292;567,1317736813334;2823,299352997233;10991,470932838669;178,7654854862429;12520,816666249379;6193,042746626168;0,5718915015878666;0,40531785632413325
19,0;678,962494942032;599,6089266512766;2007,6972328923061;9688,452495021378;568,2781925155192;2795,0670566865;10902,289458263873;179,45696806654792;12504,22426156376;6191,807050081698;0,5683376032018904;0,4019932417049943
19,083333333333332;678,9897961101748;600,5794801630517;1983,8392072688835;9588,782836281662;569,4130500075546;2767,107560662819;10813,574865162953;180,14744168087506;12487,638171887102;6190,5443019356835;0,5648195449765807;0,39870215497809164
19,166666666666668;679,0163788685361;601,5383233633979;1960,257898678077;9489,912624389886;570,5364539967213;2739,4186525655045;10725,331162770968;180,83690774975253;12471,058860732492;6189,2550514456325;0,5613369926101639;0,39544428340950816
19,25;679,0422621215309;602,4861742559939;1936,9513876284543;9391,84599893661;571,6485117137371;2711,998121795369;10637,562152206507;181,52536771379144;12454,486777969589;6187,939833825146;0,557889613687415;0,3922193160301624
19,333333333333332;679,0674642761189;603,4231334901972;1913,9021966384262;9294,520517853323;572,7493297681225;2684,8437601948463;10550,27143127608;182,21282303276772;12437,922360193488;6186,599170604951;0,5544770777188203;0,3890269436724447
19,416666666666668;679,0920032548943;604,3493016211842;1891,1082696480435;9197,938610548981;573,839014136307;2657,953362699911;10463,462399212258;182,8992751847324;12421,36603108378;6185,233569984894;0,5510990561774483;0,38586685900470963
19,5;679,1158965088316;605,2647790825022;1868,5675408427528;9102,10243067703;574,9176701504517;2631,3247279646816;10377,138261345184;183,5847256651498;12404,818201754048;6183,843527177172;0,5477552225335997;0,38273875656369
19,583333333333332;679,139161029696;606,1696661594111;1846,277935658236;9007,013862874715;575,9854024879651;2604,955658959497;10291,302033706877;184,26917598606235;12388,279271092046;6182,429524740971;0,5444452522873082;0,3796423327849013
19,666666666666668;679,1618133621271;607,0640629630049;1824,2373717571213;8912,674529449027;577,0423151616891;2578,8439635432724;10205,95654756781;184,95262767528192;12371,749626090841;6180,992032908716;0,5411688229987638;0,37657728603110163
19,75;679,1838696154049;607,9480694051056;1802,4437599780554;8819,085797006765;578,0885115107343;2552,98745501095;10121,104453905653;185,63508227560618;12355,229642171129;6179,531509904172;0,5379256143167237;0,3735433166188705
19,833333333333332;679,2053454749057;608,8217851739219;1780,8950052574828;8726,248783025314;579,1240941919411;2527,383952616765;10036,748227805705;186,31654134406;12338,719683494968;6178,048402252527;0,5347153080049825;0,3705401268433707
19,916666666666668;679,2262562132566;609,685309710461;1759,5890075245961;8634,164362361644;580,1491651719473;2502,0312820741137;9952,89017279285;186,9970064511605;12322,220103271142;6176,5431450826945;0,5315375879669634;0,36756742100135287
20,0;679,2466167011975;610,5387421856875;1738,5236625698922;8542,833173697012;581,1638257198401;2476,927276032734;9869,532425095023;187,6764791802056;12305,731244052404;6175,016162421992;0,5283921402684956;0,3646249054124636
20,083333333333332;679,2664414181553;611,3821814784186;1717,696862887749;8452,255625914804;582,1681764003738;2452,0697745339335;9786,676957838072;188,35496112658515;12289,253438024796;6173,467867483425;0,5252786531588413;0,361712288438916
20,166666666666668;679,2857444625421;612,2157261539451;1697,1064984934173;8362,431904409084;583,162317067731;2427,4566254445376;9704,325585171933;189,03245389711398;12272,787007289253;6171,898662945679;0,5221968170900338;0,3588292805035801
20,25;679,3045395617808;613,0394744433706;1676,7504577149252;8273,361977321914;584,1463468598116;2403,085684870277;9622,479966328434;189,7089591093864;12256,332264135703;6170,308941226064;0,519146324734584;0,35597559410654633
20,333333333333332;679,3228400820669;613,8535242236578;1656,626627960253;8185,045601707177;585,1203641930273;2378,9548175492287;9541,141609610519;190,38447839115136;12239,889511309859;6168,699084746562;0,5161268710016154;0,35315094384022083
20,416666666666668;679,3406590378755;614,6579729983708;1636,732896460228;8097,482329618997;586,0844667575852;2355,0618972259913;9460,31187631333;191,05901337970778;12223,45904227289;6167,0694661930975;0,5131381530514858;0,35035504640300286
20,5;679,3580091012146;615,4529178791058;1617,0671509876172;8010,6715141232235;587,038751513243;2331,404807007257;9379,991984577418;191,7325657213194;12207,041141454194;6165,420448768305;0,5101798703089466;0,3475876206115952
20,583333333333332;679,3749026106382;616,2384555675967;1597,62728055272;7924,612315229728;587,9833146855163;2307,98143969929;9300,18301317396;192,4051370706487;12190,636084497382;6163,752386437795;0,5072517244748993;0,3448483874120026
20,666666666666668;679,3913515800206;617,0146823384874;1578,4111760760368;7839,303705744671;588,9182517623241;2284,7896981280455;9220,885905222885;193,0767290902092;12174,244138499736;6162,065624170246;0,5043534195367954;0,3421370698892602
20,75;679,4073677070996;617,7816940227591;1559,4167310383284;7754,744477040876;589,8436574910526;2261,8274954424123;9142,101471843836;193,7473434498358;12157,865562245284;6160,360498171354;0,5014846617777371;0,33945339327594753
20,833333333333332;679,4229623817965;618,5395859918016;1540,6418421085136;7670,933244744915;590,7596258760245;2239,092755401177;9063,830395740473;194,41698182617233;12141,500606431597;6158,637336111805;0,49864515978432394;0,33679708495952887
20,916666666666668;679,4381466943146;619,2884531421186;1522,084409749874;7587,868454340221;591,666250176356;2216,5834126443;8986,073234718784;195,0856459021762;12125,149513890605;6156,896457349503;0,49583462445329635;0,33416787448856755
21,0;679,4529314430272;620,0283898806551;1503,7423388049006;7505,548386684504;592,5636229041868;2194,297412948964;8908,830425139513;195,75333736663927;12108,81251980346;6155,138173146058;0,49305276899702094;0,3315654935778583
21,083333333333332;679,4673271421564;620,7594901107371;1485,613539059301;7423,971163441166;593,4518358232691;2172,23271347101;8832,102285305604;196,4200579137249;12092,489851909699;6153,362786877818;0,4902993089478658;0,3289896761125196
21,166666666666668;679,4813440292504;621,4818472186104;1467,6959257854805;7343,134752423234;594,3309799479009;2150,3872829721813;8755,889018784883;197,0858092425201;12076,181730710787;6151,570594241459;0,48757396216150717;0,32644015815108735
21,25;679,4949920724642;622,1955540605694;1449,987420266001;7263,036972849587;595,2011455421888;2128,7591020337372;8680,19071766872;197,7505930566032;12059,888369668257;6149,761883454346;0,48487644881921477;0,32391667792765255
21,333333333333332;679,508280977648;622,9007029506645;1432,485950297371;7183,675500512503;596,0624221196281;2107,3461632568865;8605,007365767306;198,41441106362564;12043,609975396526;6147,936935449767;0,48220649142915295;0,32141897585307855
21,416666666666668;679,5212201952501;623,5973856489754;1415,189450674589;7105,047872856085;596,9148984429867;2086,146471450499;8530,338841741976;199,0772649749081;12027,34674785056;6146,096024067145;0,4795638148267413;0,31894679451533864
21,5;679,5338189270369;624,2856933504404;1398,0958636568657;7027,151493965136;597,7586625244795;2065,158043806585;8456,18492217543;199,73915650505057;12011,098880508549;6144,239416237413;0,47694814617411346;0,3164998786790094
21,583333333333332;679,5460861326376;624,9657166742303;1381,203139414913;6949,983639464162;598,5938016262216;2044,378910063935;8382,545284580397;200,40008737155543;11994,866560549659;6142,367372163602;0,47435921495871286;0,3140779752839572
21,666666666666668;679,5580305359156;625,6375456536549;1364,5092364601824;6873,54146132604;599,4204022609483;2023,8071126603984;8309,41951034747;201,06005929446368;11978,649969027054;6140,480145496812;0,4717967529910602;0,31168083344324987
21,75;679,5696606311717;626,301269726592;1348,0121220565165;6797,821992590583;600,2385501929897;2003,4407068741814;8236,807087632817;201,71907399600377;11962,449281036297;6138,57798350767;0,46942747953682473;0,30957060965261857
21,833333333333332;679,5809846891862;626,9569777264264;1331,7097726144937;6722,822151992268;601,04813039488;1983,27776095455;8164,707414186331;202,3771332002525;11946,264665879198;6136,661127253337;0,467484487052288;0,308113365289216
21,916666666666668;679,5920107630999;627,6047578734895;1315,600174068993;6648,538748497921;601,8498206551549;1963,321357357654;8093,137836332715;203,0342386328079;11930,096287223341;6134,729811740301;0,4655604304276283;0,3066703228207212
22,0;679,6027466941408;628,2446977669854;1299,6813222402607;6574,968485753753;602,643684410167;1943,5547526986256;8022,044068836935;203,69039202047355;11913,9443032573;6132,784266082908;0,4636551574155992;0,3052413680616994
22,083333333333332;679,6132001172016;628,8768843773962;1283,9512231788858;6502,107966442092;603,4297849676979;1923,9765570993454;7951,426784119972;204,34559509095413;11897,808866841682;6130,824713657823;0,4617685160775251;0,30382638705814385
22,166666666666668;679,6233784662677;629,5014040393523;1268,4078934951344;6429,953696548391;604,2081854966599;1904,5853787375931;7881,286543563;204,99984957256163;11881,690125656187;6128,851372254563;0,4599003548080162;0,30242526610601217
22,25;679,6332889797053;630,1183424449579;1253,049360672884;6358,5020895380985;604,9789490170772;1885,379824240195;7811,6237999926725;205,6531571939323;11865,588222342652;6126,864454222072;0,4580505223590147;0,30103789176926105
22,333333333333332;679,6429387054084;630,727784637561;1237,8736633686856;6287,749470444471;605,7421383903401;1866,3584990657027;7742,438900143441;206,30551968375363;11849,503294644324;6124,864166611576;0,4562188678631838;0,29966415089738785
22,416666666666668;679,6523345058105;631,3298150059567;1222,8788516961856;6217,692079867217;606,4978163097312;1847,5200078767075;7673,732087096113;206,95693877050138;11833,435475541368;6122,850711315726;0,4544052408566451;0,29830393064248384
22,5;679,6614830627658;631,9245172790132;1208,062987496345;6148,3260778826725;607,24604529122;1828,8629549019815;7605,503502692228;207,60741618218606;11817,384893382727;6120,82428520413;0,4526094913010721;0,2969571184758041
22,583333333333332;679,6703908823004;632,5119745207094;1193,4241445938142;6079,647547866081;607,9868876645212;1810,385944288646;7537,753189923901;208,25695364610885;11801,351672014494;6118,785080255428;0,45083146960514914;0,29562360220386186
22,666666666666668;679,679064299239;633,0922691255732;1178,9604090397745;6011,652500226393;608,7204055644161;1792,087580444479;7470,481095298485;208,9055528886265;11785,335930904788;6116,733283685901;0,44907102664540144;0,2943032699840511
22,75;679,6875094817104;633,6654828145123;1164,669879341645;5944,336876054473;609,4466609223308;1773,9664683705741;7403,6870711778165;209,553215634925;11769,337785265312;6114,669078074798;0,447328013786406;0,29299601033980455
22,833333333333332;679,6957324355335;634,231696631023;1150,5506666799533;5877,696550685053;610,1657154581701;1756,0212139844907;7337,370878091547;210,1999436088019;11753,357346169636;6112,5926414863725;0,4456022829003917;0,29170171217529384
22,916666666666668;679,7037390084886;634,7909909377711;1136,600895112761;5811,727337173613;610,8776306724025;1738,250424434085;7271,532187024268;210,84573853245666;11737,39472066829;6110,504147588803;0,44389368638623405;0,2904202647896756
23,0;679,711534894476;635,3434454135307;1122,8187017679375;5746,424989688557;611,5824678383933;1720,6527084021532;7206,170581676014;211,4906021262892;11721,450011900797;6108,403765770008;0,44220207718785604;0,28915155789089203
23,083333333333332;679,7191256375656;635,8891390504747;1109,2022370236323;5681,785206819788;612,2802879949828;1703,2266764020676;7141,285560695854;212,13453610870607;11705,52331920467;6106,291661250456;0,4405273088120412;0,28789548160903095
23,166666666666668;679,726516635939;636,4281501518028;1095,7496646772738;5617,803634804409;612,9711519393051;1685,9709410645705;7076,876539888317;212,7775421959344;11689,61473822149;6104,1679951930755;0,43886923534566785;0,28665192650925087
23,25;679,7337131457288;636,9605563297016;1082,4591621034047;5554,4758706704515;613,6551202198448;1668,8841174158483;7012,94285439224;213,41962210184275;11673,724361000115;6102,032924810269;0,4372277114723725;0,2854207836042794
23,333333333333332;679,7407202847559;637,4864345036233;1069,3289204006787;5491,797465299631;614,3322531297282;1651,9648231470997;6949,483760831949;214,06077753776958;11657,85227609715;6099,886603468197;0,4356025924886523;0,2842019443664892
23,416666666666668;679,7475430361706;638,0058608988759;1056,3571445283146;5429,763926409926;615,0026107002453;1635,2116788756916;6886,49843944043;214,7010102123581;11641,998568674657;6097,729180788306;0,4339937343194112;0,2829953007395584
23,5;679,7541862519943;638,5189110455137;1043,5420534323669;5368,3707214594;615,6662526945986;1618,6233083981306;6823,985996154431;215,3403218313981;11626,163320595311;6095,560802746283;0,43240099353296335;0,28180074514972253
23,583333333333332;679,7606546565718;639,0256597775208;1030,8818801620134;5307,6132804715535;616,323238601876;1602,1983389348918;6761,945464680952;215,97871409767401;11610,346610514904;6093,381611768352;0,4308242273554975;0,28061817051662313
23,666666666666668;679,7669528499299;639,5261812322757;1018,3748719762747;5247,486998784035;616,9736276312442;1585,9354013673938;6700,375808535481;216,6161887108196;11594,548513972444;6091,191746825147;0,4292632936850139;0,27944747026376043
23,75;679,7730853110494;640,0205488502912;1006,0192904413555;5187,987239721206;617,617478706358;1569,8331304671428;6639,275923051349;217,2527473671783;11578,769103477756;6088,99134352309;0,4277180511047407;0,27828853832855555
23,833333333333332;679,7790564010498;640,5088353752175;993,8134115189541;5129,1093371919305;618,2548504599843;1553,8901651172837;6578,644637360375;217,88839175966967;11563,008448596776;6086,780534193417;0,4261883588960378;0,27714126917202836
23,916666666666668;679,7848703662914;640,991112854102;981,7555256458093;5070,848598213612;618,8858012288334;1538,1051485266398;6518,480716344516;218,5231235776616;11547,266616034503;6084,559447978875;0,42467407705079974;0,2760055577880998
24,0;679,7905313413944;641,4674526378965;969,8439378047368;5013,200305363606;619,5103890485992;1522,4767284364502;6458,782862558661;219,15694450684796;11531,543669715746;6082,328210918167;0,4231750662833618;0,2748812997125214
24,083333333333332;679,7960433521796;641,9379253822026;958,0769675874478;4956,159719159073;620,1286716491999;1507,0035573198793;6399,549718124145;219,78985622913157;11515,839670863661;6080,0869460281865;0,4216911880419203;0,27376839103144024
24,166666666666668;679,8014103185315;642,4026010482486;946,452949249425;4899,722080366645;620,7407064502185;1491,6842925744932;6340,779866593325;220,42186042251254;11500,1546780762;6077,835773384124;0,4202223045194757;0,27266672838960676
24,25;679,8066360571855;642,8615489040878;934,9702317570717;4843,882612242687;621,3465505565393;1476,5175967078249;6282,471834784916;221,0529587609814;11484,488747400474;6075,574810197463;0,41876827866430555;0,2715762089982292
24,333333333333332;679,8117242844428;643,3148375260122;923,6271788274422;4788,636522705741;621,9462607541761;1461,5021375161546;6224,624094590153;221,6831529144174;11468,841932405105;6073,30417089197;0,4173289741899773;0,270496730642483
24,416666666666668;679,8166786188127;643,7625348001712;912,4221689607651;4733,979006442003;622,5398935062886;1446,6365882566663;6167,235064749819;222,3124445484913;11453,214284250635;6071,023967177669;0,41590425558490723;0,26942819168868043
24,5;679,8215025835862;644,2047079243911;901,353595466037;4679,905246945248;623,1275049493846;1431,9196278131017;6110,303112602124;222,94083532457287;11437,605851758037;6068,734308122918;0,4144939881214769;0,26837049109110767
24,583333333333332;679,8261996093415;644,6414234101837;890,419866479877;4626,410418492184;623,7091508897032;1417,3499408550383;6053,826555801447;223,56832689964278;11422,016681475332;6066,435300224567;0,4130980378647123;0,26732352839853424
24,666666666666668;679,8307730363838;645,0727470849409;879,6194049789449;4573,4896880546075;624,2848867997767;1402,9262179909579;5997,803664008034;224,19492092620885;11406,446817742468;6064,127047476324;0,41171627168053593;0,26628720376040194
24,75;679,8352261171207;645,498744094304;868,9506487860712;4521,138217149387;624,8547678151667;1388,6471559151773;5942,232660548668;224,82061905222636;11390,896302754374;6061,80965143529;0,41034855724359987;0,2652614179326999
24,833333333333332;679,8395620183747;645,9194789047033;858,4120505704163;4469,351163627706;625,4188487313719;1374,5114575488487;5887,111724048511;225,44542292102253;11375,36517662236;6059,483211286799;0,40899476304470744;0,2642460722835306
24,916666666666668;679,8437838236365;646,3350153060602;848,0020778417867;4418,123683404436;625,9771840009033;1360,5178321750714;5832,438990033954;226,0693341712247;11359,853477433804;6057,147823907521;0,407654758397832;0,263241068798374
25,0;679,8478945352565;646,7454164146452;837,7192129394075;4367,450932129186;626,5298277305244;1346,6649955683295;5778,212552506943;226,69235443669263;11344,361241310295;6054,803583926952;0,4063284134467414;0,26224631008505606
25,083333333333332;679,8518970765805;647,1507446760844;827,5619530152824;4317,32806679989;627,0768336786521;1332,9516701183024;5724,430465490595;227,31448534645403;11328,888502464097;6052,4505837872675;0,40501559917123503;0,2612616993784263
25,166666666666668;679,8557942940289;647,5510618685089;817,5288100124021;4267,750247320337;627,6182552529153;1319,3765849482106;5671,090744546309;227,93572852464408;11313,435293253162;6050,088913801614;0,4037161873930032;0,2602871405447524
25,25;679,8595889591204;647,9464291058406;807,618310638;4218,712638002826;628,1541455078686;1305,938476027839;5618,191368262728;228,556085590448;11298,00164423462;6047,718662210889;0,40243005078111527;0,25932253808583644
25,333333333333332;679,8632837704438;648,3369068412078;797,8289963319952;4170,210409016884;628,6845571428559;1292,6360862812942;5565,730279716333;229,1755581580472;11282,58758421681;6045,339915239015;0,4011570628571459;0,25836779714285946
25,416666666666668;679,8668813555757;648,7225548704845;788,1594232308998;4122,238737785591;629,209542500023;1279,4681656896983;5513,705387904286;229,79414783656856;11267,193140309913;6042,952757146789;0,3998970979999449;0,25742282349995865
25,5;679,870384272951;649,1034323359484;778,6081621272814;4074,7928103302684;629,7291535624743;1266,4334713888195;5462,1145691491265;230,41185623003673;11251,81833797518;6040,557270284275;0,3986500314500617;0,25648752358754634
25,583333333333332;679,8737950136804;649,4795977300505;769,1737984250665;4027,8678225651074;630,2434419525707;1253,5307677619187;5410,955668476243;231,02868493732964;11236,463201072856;6038,153535141889;0,39741573931383023;0,2555618044853727
25,666666666666668;679,8771160033232;649,8511088992921;759,8549320907466;3981,4589815423947;630,7524589303663;1240,7588265277411;5360,226500963543;231,6446355521367;11221,127751908767;6035,7416304000735;0,3961940985671209;0,2546455739253407
25,75;679,8803496036122;650,2180230482021;750,6501776007781;3935,561506650009;631,2562553921788;1228,1164268239222;5309,924853064174;232,25970966292;11205,812011279662;6033,321632977733;0,3949849870587709;0,25373874029407817
25,833333333333332;679,8834981141327;650,5803967434115;741,558163885253;3890,1706307619115;631,7548818692934;1215,6023552858358;5260,048483902172;232,87390885287812;11190,515998517305;6030,893618079357;0,3937882835136958;0,2528412126352719
25,916666666666668;679,8865637739583;650,9382859178168;732,5775342680316;3845,281601342768;632,2483885267944;1203,2154061209837;5210,59512654124;233,48723469991265;11175,239731531366;6028,457659240909;0,3926038675356933;0,25195290065177
26,0;679,8895487632428;651,2917458748306;723,7069464035386;3800,8896815081453;632,7368251625227;1190,9543811790968;5161,562489227065;234,0996887765972;11159,983226851142;6026,013828374534;0,39143161960994555;0,2510737147074592
26,083333333333332;679,8924552047711;651,6408312927122;714,9450722103069;3756,9901510409477;633,2202412061557;1178,8180900180037;5112,948256603405;234,71127265014886;11144,74649966614;6023,562195812062;0,3902714211052263;0,2502035658289197
26,166666666666668;679,8952851654685;651,9855962289743;706,2905978014726;3713,578307365435;633,6986857184079;1166,8053499653838;5064,75009090197;235,32198788240217;11129,529563865555;6021,102830347396;0,38912315427582106;0,2493423657068658
26,25;679,8980406578708;652,3260941248604;697,7422234123566;3670,6494664798342;634,1722073903463;1154,9149861765159;5016,96563310665;235,9318360297852;11114,332432076659;6018,63579927777;0,3879867022631688;0,2484900266973766
26,333333333333332;679,9007236415554;652,6623778098902;689,2986633252576;3628,1989638485143;634,6408545428213;1143,1458316881105;4969,592504092122;236,54081864329794;11099,155115702139;6016,161168443918;0,3868619490972288;0,2476464618229216
26,416666666666668;679,9033360245348;652,994499506466;680,9586457916282;3586,222155254901;635,1046751260075;1131,496727468351;4922,628305737263;237,14893726849297;11083,997624956435;6013,679002269205;0,38574877969758203;0,24681158477318654
26,5;679,9058796646137;653,322510834538;672,7209129517206;3544,714417615936;635,5637167190522;1119,9665224631844;4876,07062201348;237,756193445458;11068,859968901046;6011,189363797706;0,3846470798742747;0,24598530990570605
26,583333333333332;679,9083563707101;653,6464628163234;664,5842207518939;3503,671149759381;636,0180265298297;1108,5540736390385;4829,917020048397;238,36258870880044;11053,742155478894;6008,692314731302;0,3835567363284086;0,24516755224630649
26,666666666666668;679,9107679041414;653,9664058810752;656,5473388596672;3463,087773164756;636,4676513947977;1097,2582460220083;4784,165051165169;238,9681245876341;11038,64419154774;6006,187915465789;0,38247763665248546;0,24435822748936412
26,75;679,9131159798776;654,2823898698977;648,6090505766555;3422,959732668896;636,9126377789523;1086,0779127335918;4738,812251897478;239,5728026055675;11023,566082912683;6003,676225126036;0,3814096693305144;0,2435572519978858
26,833333333333332;679,9154022677602;654,5944640406033;640,7681527494987;3383,282497137168;637,3530317758815;1075,0119550231318;4693,856144980899;240,17662428069414;11008,507834357752;6001,157301600231;0,38035272373788437;0,2427645428034133
26,916666666666668;679,9176283936906;654,902677072609;633,0234556789236;3344,0515601012526;637,7888791079112;1064,0592622969677;4649,294240320498;240,77959112558457;10993,469449676653;5998,631201573192;0,3793066901410132;0,24198001760575993
27,0;679,9197959407852;655,2070770718673;625,373783027041;3305,262440364511;638,2202251263435;1053,2187321444867;4605,1240359354115;241,38170464727986;10978,45093170265;5996,097980558848;0,37827145969677556;0,2412035947725817
27,083333333333332;679,9219064505022;655,5077115758287;617,8179717229483;3266,9106825755675;638,6471148117838;1042,4892703610426;4561,343018880211;241,98296634728703;10963,452282337634;5993,557692931809;0,3772469244517188;0,24043519333878915
27,166666666666668;679,9239614237376;655,8046275584333;610,3548718668378;3228,991857771504;639,0695927745538;1031,86979096796;4517,948666143902;242,58337772157586;10948,473502580378;5991,010391958153;0,3762329773410708;0,2396747330058031
27,25;679,9259623218923;656,0978714351266;602,9833466326096;3191,50156389104;639,4877032551886;1021,3592162295953;4474,938445526382;243,18294026057714;10933,514592554044;5988,456129825376;0,37522951218754724;0,23892213414066044
27,333333333333332;679,9279105679112;656,3874890678984;595,7022721691402;3154,435426258833;639,9014901250149;1010,9564766675902;4432,309816492927;243,7816554491826;10918,575551532878;5985,894957671537;0,37423642369996424;0,2381773177749732
27,416666666666668;679,9298075472963;656,6735257703396;588,5105375003207;3117,789098041802;640,3109968868076;1000,6605110724081;4390,060231007008;244,37952476674604;10903,656377968215;5983,326925613665;0,3732536074716617;0,23744020560374626
27,5;679,9316546090902;656,9560263127162;581,4070444239178;3081,5582606781472;640,7162666755237;990,4702665122159;4348,187134341737;244,97654968708585;10888,757069513755;5980,752082775412;0,3722809599787431;0,23671071998405735
27,583333333333332;679,9334530668372;657,2350349270562;574,39070740935;3045,7386242798743;641,1173422591088;980,3846983391622;4306,687965870047;245,57273167848894;10873,877623050108;5978,170477313937;0,3713183785781389;0,23598878393360417
27,666666666666668;679,9352041995162;657,5105953122471;567,4604534945246;3010,325928009932;641,5142660393766;970,4027701932091;4265,560159834386;246,1680722037157;10859,018034708706;5975,582156446136;0,37036576150549616;0,23527432112912214
27,75;679,936909252451;657,7827506391421;560,6152221817268;2975,3159404342996;641,9070800529569;960,52345400349;4224,801146095695;246,7625727200065;10844,178299895011;5972,987166474129;0,3694230078729035;0,23456725590467764
27,833333333333332;679,9385694381955;658,0515435556712;553,8539653327206;2940,704459850121;642,2958259723106;950,7457299873522;4184,4083508624;247,35623467908894;10829,358413311113;5970,385552810106;0,3684900176664546;0,23386751324984095
27,916666666666668;679,9401859373962;658,3170161919558;547,1756470631078;2906,4873145905926;642,6805451068101;941,0685866471226;4144,379197399599;247,9490595271866;10814,558368977663;5967,777360000503;0,36756669174365575;0,23317501880774183
28,0;679,9417598996317;658,5792101654245;540,5792436360116;2872,6603633071936;643,0612784038817;931,4910207646534;4104,711106718674;248,54104870502857;10799,77816025524;5965,162631749533;0,36665293183068387;0,2324896988730129
28,083333333333332;679,9432924442306;658,8381665859271;534,0637433551819;2839,2194952301434;643,438066450209;922,0120373937505;4065,401498247767;249,1322036478602;10785,017779865078;5962,5414109421035;0,36574864051949835;0,23181148038962376
28,166666666666668;679,9447846610667;659,0939260608455;527,6281464575874;2806,1606304077695;643,8109494729946;912,6306498505386;4026,447790483437;249,72252578545474;10770,27721990926;5959,913739666129;0,36485372126481297;0,23114029094860972
28,25;679,9462376113349;659,346528700199;521,271465005529;2773,4797199253494;644,1799673412775;903,3458797018028;3987,8474016236614;250,31201654212597;10755,556471890299;5957,279659234232;0,3639680783809341;0,23047605878570057
28,333333333333332;679,9476523283056;659,5960141217415;514,9927227783991;2741,172746104286;644,5451595673055;894,1567567514369;3949,5977501827547;250,90067733674178;10740,855526730224;5954,639210204899;0,3630916170384667;0,22981871277885008
28,416666666666668;679,9490298180593;659,8424214560507;508,7909551641019;2709,2357226821728;644,90656530796;885,0623190250019;3911,6962555883038;251,4885095827385;10726,174374789096;5951,9924324030535;0,3622242432608959;0,22916818244567194
28,5;679,9503710602024;660,0857893516045;502,66520905021537;2677,6646949744004;645,2642233662301;876,0616127524827;3874,1403387604764;252,07551468813622;10711,51300588302;5949,3393649400905;0,36136586392104775;0,2285243979407858
28,583333333333332;679,9516770085636;660,3261559798455;496,61454271494847;2646,455740017929;645,6181721927362;867,1536923493079;3836,9274226741245;252,66169405555493;10696,871409301655;5946,6800462333795;0,3605163867374331;0,22788729005307481
28,666666666666668;679,9529485918722;660,5635590402305;490,6380257179535;2615,6049666979407;645,9684498872995;858,3376203956846;3800,05493290387;253,2470490822312;10682,249573825216;5944,014514025245;0,3596757202704812;0,22725679020286094
28,75;679,9541867144189;660,7980357652643;484,73473879104176;2585,108515857796;646,3150942005565;849,6124676143182;3763,520298152558;253,83158116003588;10667,647487741024;5941,342805401452;0,35884377391866445;0,22663283043899835
28,833333333333332;679,9553922566988;661,0296229255149;478,9037737288652;2554,962560393096;646,6581425356162;840,9773128465616;3727,320950763346;254,41529167549237;10653,065138859578;5938,664956809198;0,3580204579145211;0,22601534343589083
28,916666666666668;679,9565660760368;661,2583568346101;473,14423327959787;2525,163305330213;646,9976319497586;832,4312430270652;3691,4543272157575;254,9981820097956;10638,50251453016;5935,981004074619;0,35720568332057945;0,2254042624904346
29,0;679,9577090071986;661,4842733542138;467,455231035666;2495,7069878899097;647,333599156172;823,9733531569556;3655,917868605954;255,5802535388317;10623,959601656028;5933,29098241982;0,3563993620251872;0,2247995215188904
29,083333333333332;679,9588218629832;661,7074078989796;461,83589132461975;2466,5898775368887;647,6660805257292;815,602746275664;3620,7090211117334;256,16150763319814;10609,43638670917;5930,594926479508;0,35560140673824997;0,22420105505368748
29,166666666666668;679,9599054348018;661,9277954414821;456,2853491000908;2437,808276015156;647,9951120887982;807,3185334313507;3585,825236442154;256,7419456582247;10594,932855744626;5927,892870317097;0,35481173098688423;0,22360879824016316
29,25;679,96096049324;662,1454705171234;450,80274983299375;2409,3585173704564;648,3207295370888;799,1198336500901;3551,263972272536;257,3215689739949;10580,448994414428;5925,184847440462;0,3540302491109868;0,2230226868332401
29,333333333333332;679,961987788606;662,3604672290143;445,3872494029156;2381,2369679596277;648,6429682255307;791,0057739037796;3517,022692664781;257,9003789353677;10565,984787981128;5922,470890817218;0,3532568762587263;0,22244265719404477
29,416666666666668;679,9629880514643;662,5728192528287;440,03801398979476;2353,440026447935;648,9618631741837;782,975489076884;3483,0988684735594;258,4783768920004;10551,540221330959;5919,751032889629;0,35249152838195913;0,22186864628646935
29,5;679,963961993155;662,7825598416309;434,75421996589034;2325,9641237943697;649,2774490701776;775,0281219320158;3449,4899777384335;259,05556418837125;10537,115278986597;5917,025305589092;0,35173412223157385;0,22130059167368038
29,583333333333332;679,9649103062999;662,989721830674;429,53505378810064;2298,8057232257506;649,5897602696799;767,1628230744346;3416,1935060623946;259,631942163803;10522,709945119592;5914,293740350256;0,35098457535276817;0,22073843151457617
29,666666666666668;679,9658336652951;663,1943376421684;424,37971189064854;2271,9613201998777;649,8988307998909;759,3787509154993;3383,206946977004;260,20751215248686;10508,324203562423;5911,556368124751;0,3502428060802618;0,22018210456019638
29,75;679,9667327267902;663,3964392900216;419,28740057816754;2245,4274423582256;650,2046943610638;751,6750716351055;3350,527802294426;260,78227548350674;10493,958037820206;5908,813219394564;0,34950873353344675;0,21963155015008506
29,833333333333332;679,9676081301558;663,5960583845446;414,25733591921414;2219,200649468533;650,5073843285492;744,0509591431578;3318,1535824465354;261,3562334808639;10479,611431082085;5906,064324185016;0,348782277611482;0,2190867082086115
29,916666666666668;679,9684604979377;663,7932261371282;409,2887436402805;2193,277533358048;650,8069337548615;736,5055950401654;3286,081806811752;261,9293874635023;10465,284366232296;5903,309712077473;0,34806335898833246;0,21854751924124938
30,0;679,9692904363003;663,9879733648859;404,38085902023886;2167,6547178371384;651,1033753717678;729,0381685769063;3254,3100040292497;262,5017387453335;10450,976825860886;5900,549412221619;0,3473518991077572;0,21801392433081795
30,083333333333332;679,9700985354568;664,1803304952635;399,5329267853606;2142,3288586145463;651,3967415923963;721,6478766133122;3222,835712301516;263,0732886352631;10436,68879227417;5897,7834533474925;0,3466478201782488;0,21748586513368662
30,166666666666668;679,9708853700895;664,370327570615;394,744201004832;2117,2966432038365;651,6870645133631;714,3339235765126;3191,656479684845;263,6440384372164;10422,420247504842;5895,011863777121;0,3459510451679285;0,2169632838759464
30,25;679,9716514997584;664,5579942527438;390,0139449868618;2092,5547908219783;651,9743759169176;707,0955214181595;3160,7698643686103;264,21398945016506;10408,171173321827;5892,2346714358955;0,34526149779939785;0,2164461233495484
30,333333333333332;679,9723974692993;664,7433598274088;385,3414311753653;2068,100052280188;652,2587072731033;699,9318895710218;3130,1734349432136;264,7831429681537;10393,941551239834;5889,4519038636345;0,34457910254455215;0,21593432690841413
30,416666666666668;679,9731238092106;664,926453208795;380,7259410472625;2043,9292098674262;652,5400897419348;692,8422549049003;3099,8647706570778;265,3515002803269;10379,731362528639;5886,663588225324;0,34390378461935645;0,21542783846451732
30,5;679,9738310360315;665,1073029439483;376,16676501039024;2020,0390772267772;652,8185541755886;685,825851681895;3069,8414616629557;265,91906267095635;10365,540588222093;5883,869751321595;0,34323546997858734;0,21492660248394055
30,583333333333332;679,9745196527085;665,2859372171732;371,6632023020793;1996,426499225274;653,0941311206064;678,881921511072;3040,1011092537606;266,4858314194685;10351,369209126879;5881,070419598908;0,3425740853105445;0,21443056398290838
30,666666666666668;679,9751901489537;665,4623838543943;367,2145608883824;1973,0883518172916;653,3668508201116;672,0097133025519;3010,6413260882205;267,0518078004721;10337,217205831;5878,265619159468;0,34191955803173213;0,2139396685237991
30,75;679,9758430015926;665,6366703274796;362,82015736398705;1950,021541901866;653,636743216035;665,2084832210534;2981,4597364065467;267,616993083786;10323,084558712042;5875,455375770875;0,3412718162815159;0,21345386221113694
30,833333333333332;679,9764786749035;665,8088237585276;358,47931685282504;1927,2230071742451;653,9038379513524;658,4774946389388;2952,5539762363674;268,18138853446743;10308,971247945165;5872,639714875494;0,34063078891675413;0,21297309168756562
30,916666666666668;679,9770976209477;665,9788709241153;354,1913729093977;1904,6897159720756;654,1681643723299;651,8160180887776;2923,9216935892364;268,74499541284024;10294,877253510904;5869,81866159962;0,3399964055064082;0,2124973041298062
31,0;679,9777002798905;666,1468382595084;349,9556674208094;1882,4186671162051;654,4297515307771;645,2233312154448;2895,5605486477143;269,3078149745231;10280,802555202687;5866,992240762334;0,33936859632613486;0,21202644724460115
31,083333333333332;679,9782870803149;666,3127518628334;345,77155050955355;1860,4068897467223;654,6886281863085;638,6987187278351;2867,468213943621;269,8698484704584;10266,747132634186;5864,160476884169;0,3387472923528596;0,2115604692646447
31,166666666666668;679,9788584395258;666,4766374992106;341,63838043703834;1838,6514431542785;654,9448228086096;632,2414723501595;2839,6423745273323;270,4310971469407;10252,710965246411;5861,323394195517;0,3381324252593369;0,21109931894450268
31,25;679,9794147638471;666,6385206048491;337,55552350787923;1817,1494166070138;655,1983635797094;625,8508907729038;2812,0807281285806;270,99156224564564;10238,694032314626;5858,481016644819;0,3375239274086974;0,21064294555652308
31,333333333333332;679,9799564489108;666,7984262911018;333,52235397495065;1795,8979291733544;655,449278396257;619,5262796034427;2784,78098530884;271,5512450036589;10224,696312955037;5855,633367906535;0,3369217318489832;0,2101912988867374
31,416666666666668;679,9804838799381;666,9563793484822;329,5382539452248;1774,8941295408288;655,6975948718015;613,266951316345;2757,740869605545;272,1101466535053;10210,717786131298;5852,7804713888845;0,33632577230767646;0,20974432923075736
31,5;679,980997432013;667,1124042506414;325,60261328639797;1754,135195831321;655,9433403390752;607,0722252034159;2730,9581176684546;272,6682684231778;10196,75843066082;5849,9223502414;0,33573598318621944;0,20930198738966457
31,583333333333332;679,98149747035;667,2665251583063;321,71482953429233;1733,618335412642;656,1865418522788;600,9414273234455;2704,4304793880715;273,22561153616687;10182,818225220883;5847,059027362241;0,33515229955453096;0,2088642246658982
31,666666666666668;679,9819843505528;667,4187659231785;317,87430780109105;1713,3407847071414;656,4272261893669;594,8738904517796;2678,1557180168134;273,7821772114897;10168,897148354577;5844,190525405351;0,33457465714551937;0,20843099285913952
31,75;679,9824584188679;667,5691500917931;314,0804606843574;1693,2998089970324;656,6654198543362;588,8689540296468;2652,1316102826427;274,33796666371944;10154,995178476578;5841,316866787395;0,3340029923495932;0,2080022442621949
31,833333333333332;679,9829200124306;667,7177009093388;310,3327081768697;1673,4927022270347;656,9011490795109;582,9259641132921;2626,355946495572;274,89298110301496;10141,11229387871;5838,438073694505;0,3334372422091738;0,20757793165688038
31,916666666666668;679,9833694595045;667,8644413234385;306,63047757729487;1653,9167868043207;657,1344398278295;577,0442733229913;2600,826530647352;275,4472217351498;10127,24847273539;5835,554168088861;0,33287734441320915;0,20715800830990688
32,0;679,9838070797155;668,0093939878908;302,973203401649;1634,5694133959446;657,3653177951289;571,2232407918748;2575,541180504235;276,00068976154205;10113,403693108867;5832,665171715074;0,33232323729169055;0,2067424279687679
32,083333333333336;679,9842331842785;668,152581266371;299,36032729561646;1615,447960724119;657,5938084124266;565,4622321146633;2550,4977276932937;276,5533863792835;10099,577932954335;5829,7711061064065;0,3317748598101762;0,20633114485763213
32,166666666666664;679,9846480762193;668,2940252360944;295,7912979476873;1596,5498353593205;657,8199368482003;559,7606192962985;2525,6940177823317;277,10531278116946;10085,771170124875;5826,871992590819;0,33123215156431923;0,20592411367323943
32,25;679,9850520505896;668,4337476914392;292,2655710031222;1577,8724715114536;658,0437280106643;554,1177807004743;2501,1279103534903;277,6564701557281;10071,983382376246;5823,967852296853;0,33069505277440575;0,20552128958080432
32,333333333333336;679,9854453946771;668,5717701475307;288,7826089787609;1559,4133308192927;658,2652065500415;548,5331009981337;2476,7972790709564;278,20685968724985;10058,214547371539;5821,058706159352;0,3301635042799004;0,20512262820992527
32,416666666666664;679,9858283882096;668,7081138437869;285,34188117865824;1541,1699021382692;658,4843968608317;543,005971115889;2452,700011742669;278,75648255581723;10044,46464268568;5818,144574925016;0,3296374475340039;0,204728085650503
32,5;679,9862013035543;668,8427997474242;281,942863610567;1523,139701326823;658,7013230840738;537,5357881844479;2428,8340103764526;279,30533993733394;10030,733645809809;5815,225479157832;0,3291168245982229;0,20433761844866716
32,583333333333336;679,9865644059112;668,9758485569255;278,5850389032504;1505,3202710314401;658,9160091096035;532,1219554870112;2405,197191230543;279,85343300355464;10017,021534155509;5812,3014392443165;0,3286015781369517;0,20395118360271375
32,666666666666664;679,9869179535017;669,1072807054685;275,2678962246421;1487,7091804705105;659,1284785783045;526,7638824076926;2381,787484858846;280,40076292211415;10003,328285058913;5809,372475398658;0,3280916514120693;0,203568738559052
32,75;679,9872621977522;669,2371163643168;271,9909312008298;1470,3040252170986;659,3387548843531;521,4609843799309;2358,602836150775;280,94733085655696;9989,653875784688;5806,43860766767;0,3275869882775526;0,20319024120816445
32,833333333333336;679,9875973834733;669,3653754461711;268,75364583588635;1453,102426980842;659,5468611774563;516,2126828349784;2335,6412043662845;281,49313796636653;9975,998283529882;5803,499855935639;0,3270875331741048;0,20281564988057862
32,916666666666664;679,9879237490331;669,4920776084842;265,5555484325532;1436,1020333891524;659,7528203650821;511,0184051504234;2312,9005631658792;282,03818540699467;9962,361485427668;5800,556239929043;0,3265932311238029;0,20244492334285216
33,0;679,988241526528;669,6172422567363;262,39615351372265;1419,3005177675464;659,9566551146819;505,87758459877534;2290,378900635834;282,5824743298906;9948,743458550962;5797,607779221118;0,32610402772476343;0,2020780207935726
33,083333333333336;679,9885509419462;669,7408885476733;259,2749817447924;1402,6955789196327;660,1583878559048;500,7896602961523;2268,0742193089363;283,12600588253036;9935,144179915935;5794,654493236311;0,3256198691458284;0,2017149018593713
33,166666666666664;679,9888522153294;669,8630353925081;256,191559856822;1386,284940906499;660,3580407828036;495,7540771510338;2245,9845361806283;283,6687812084457;9921,563626485395;5791,696401254605;0,3251407021212712;0,20135552659095346
33,25;679,9891455609294;669,9837014600837;253,14542057053302;1370,066352825818;660,5556358560312;490,77028581314437;2224,107882720893;284,2108014472533;9908,001775172093;5788,733522415722;0,324666473945525;0,20099985545914376
33,333333333333336;679,9894311873597;670,1029051799994;250,13610252114233;1354,0375885907772;660,7511948050279;485,83774262245356;2202,4423048819876;284,7520677346836;9894,458602841902;5785,765875723229;0,32419713246793297;0,20064784935094976
33,416666666666664;679,9897092977446;670,2206647457008;247,16315018400792;1338,196446708828;660,944739130199;480,9559095582955;2180,98586310206;285,29258120260977;9880,934086316904;5782,7934800485;0,32373262608752246;0,20029946956564187
33,5;679,9899800898631;670,3369981175321;244,2261138010963;1322,5407500603196;661,1362901050821;476,12425418864177;2159,736632304874;285,8323429790765;9867,428202378373;5779,816354134582;0,3232729037478028;0,19995467781085213
33,583333333333336;679,9902437562899;670,4519230257531;241,32454930827691;1307,0683456773056;661,3258687785046;471,342249619525;2138,6927018957126;286,3713541883286;9853,940927769667;5776,834516599958;0,32281791493158885;0,19961343619869165
33,666666666666664;679,9905004845323;670,5654569735195;238,45801826342097;1291,7771045224106;661,5134959767297;466,60937444463286;2117,852175753709;286,9096159508398;9840,472239199033;5773,8479859422005;0,3223676096558487;0,19927570724188653
33,75;679,9907504571632;670,6776172398276;235,62608777531864;1276,6649212679374;661,699192305592;461,9251126950644;2097,213172220489;287,44712938334106;9827,022113342313;5770,856780541513;0,32192193846657924;0,19894145384993445
33,833333333333336;679,9909938519519;670,7884208824227;232,82833043339224;1261,7297140752232;661,8829781526218;457,288953789282;2076,773824085502;287,9838955988492;9813,590526845555;5767,860918664193;0,3214808524337076;0,19861063932528072
33,916666666666664;679,991230841989;670,8978847406736;230,0643242382307;1246,969424374513;662,0648736891578;452,70039248325133;2056,532278567999;288,519915706695;9800,177456327567;5764,860418465985;0,3210443031460212;0,19828322735951592
34,0;679,9914615958108;671,0060254384109;227,33365253288582;1232,3820166449964;662,2448988724478;448,15892882078003;2036,4866972957757;289,0551908125515;9786,782878382352;5761,855297995321;0,3206122427061252;0,1979591820295939
34,083333333333336;679,9916862775189;671,1128593867309;224,63590393499828;1217,9654781956383;662,4230734477379;443,6640680840753;2016,6352562809157;289,589722018462;9773,406769581485;5758,845575196505;0,320184623725429;0,19763846779407174
34,166666666666664;679,991905046896;671,218402786765;221,97067226969978;1203,7178189464894;662,5994169503489;439,2153207445233;1996,9761458925216;290,1235104228682;9760,049106476421;5755,831267912798;0,3197613993191627;0,197321049489372
34,25;679,992118059521;671,3226716324151;219,3375565032767;1189,6370712105186;662,7739487077407;434,8122024136785;1977,5075708265383;290,6565571206379;9746,709865600695;5752,812393889388;0,3193425231014223;0,19700689232606672
34,333333333333336;679,9923254668782;671,425681713055;216,7361606776467;1175,7212894763443;662,9466878415641;430,45423379450654;1958,2277500728842;291,18886320309264;9733,389023472077;5749,788970776312;0,3189279491802462;0,19669596188518465
34,416666666666664;679,9925274164665;671,5274486161984;214,16609384558;1161,968550191573;663,1176532696992;426,1409406328539;1939,1349168798336;291,72042975803555;9720,08655659464;5746,761016131271;0,31851763215272194;0,19638822411454146
34,5;679,9927240519025;671,627987730133;211,6269700067022;1148,3769515470246;663,2868637082815;421,8718536691824;1920,2273187159617;292,25125786977856;9706,802441460773;5743,728547422385;0,31811152710012425;0,1960836453250932
34,583333333333336;679,9929155130245;671,7273142465223;209,1184080442389;1134,9446132617015;663,4543376737143;417,64650859052495;1901,5032172293975;292,78134861916993;9693,5366545531;5740,691582030834;0,31770958958308554;0,19578219218731419
34,666666666666664;679,9931019359904;671,8254431629747;206,6400316625561;1121,6696763689436;663,6200934846679;413,4644459827541;1882,9608882050145;293,3107030836213;9680,289172346365;5737,650137253474;0,317311775636797;0,19548383172759776
34,75;679,9932834533757;671,9223892855798;204,1914693253915;1108,5503030031368;663,7841492640654;409,3252112830612;1864,5986215190294;293,83932233713494;9667,059971309225;5734,604230305331;0,31691804176624305;0,19518853132468234
34,833333333333336;679,9934601942672;672,0181672314129;201,77235419489818;1095,5846761878693;663,9465229410547;405,22835473275904;1846,4147210916638;294,36720745033045;9653,84902790602;5731,553878322063;0,31652834494146875;0,19489625870610156
34,916666666666664;679,9936322843544;672,1127914310077;199,38232407135672;1082,7709996247038;664,1072322529672;401,17343133031227;1828,4075048374705;294,89435949047174;9640,656318598418;5728,499098362307;0,31614264259287883;0,19460698194465914
35,0;679,9937998460199;672,2062761307977;197,02102133366566;1070,1074974833296;664,2662947472616;397,1600007846803;1810,5753046137716;295,42077952149356;9627,481819847066;5725,439907409997;0,31576089260657225;0,1943206694549292
35,083333333333336;679,9939629984258;672,2986353955264;194,6880928805541;1057,5924141927876;664,423727783455;393,18762746895857;1792,916466167235;295,94646860402804;9614,32550811316;5722,3763223766055;0,31538305331970806;0,19403728998978104
35,166666666666664;679,9941218575984;672,3898831106266;192,38319007248492;1045,2240142337102;664,5795485350387;389,2558803742702;1775,4293490783596;296,4714277954311;9601,187359859943;5719,308360103303;0,31500908351590706;0,1937568126369303
35,25;679,9942765365108;672,480032984569;190,10596867429683;1033,0005819318676;664,7337739913809;385,3643330639926;1758,1123267043986;296,9956581498086;9588,067351554182;5716,236037363074;0,3146389424206859;0,19347920681551445
35,333333333333336;679,9944271451636;672,5690985511816;187,85608879854578;1020,9204212529595;664,8864209596139;381,5125636282488;1740,9637861204346;297,51916071804243;9574,965459667555;5713,159370862758;0,31427258969692656;0,19320444227269493
35,416666666666664;679,9945737906627;672,6570931719378;185,6332148495511;1008,9818555985812;665,0375060665082;377,70015463874245;1723,9821280589304;298,0419365478163;9561,88166067803;5710,078377245046;0,3139099854403804;0,1929324890802853
35,5;679,9947165772952;672,7440300382164;183,437015468121;997,1832276034911;665,187045760331;373,9266931038628;1707,1657668476769;298,5639866836417;9548,81593107116;5706,993073090401;0,3135510901752056;0,1926633176314042
35,583333333333336;679,9948556066046;672,8299221735307;181,2671634769714;985,5228989341483;665,3350563126913;370,19177042410547;1690,513130346174;299,0853121668834;9535,768247341337;5703,903474918928;0,31319586484954076;0,1923968986371556
35,666666666666664;679,9949909774618;672,9147824357308;179,1233358268471;973,9992500887475;665,4815538203695;366,49498234783096;1674,0226598807888;299,6059140357848;9522,73858599303;5700,8095991922055;0,3128442708311131;0,19213320312333487
35,75;679,9951227861363;672,9986235191755;177,00521354327634;962,6106801983105;665,6265542071328;362,8359289273078;1657,6928101783624;300,12579332549336;9509,726923541926;5697,711462315027;0,31249626990288126;0,19187220242716094
35,833333333333336;679,9952511263645;673,0814579568766;174,91248167402205;951,3556068294145;665,7700732255362;359,21421447508806;1641,5220492986364;300,64495106808573;9496,733236516075;5694,609080637128;0,31215182425871313;0,19161386819403486
35,916666666666664;679,9953760894156;673,1632981226156;172,84482923719509;940,2324657882292;665,9121264587081;355,6294475207068;1625,5088585654746;301,16338829259263;9483,757501456968;5691,502470454845;0,31181089649910043;0,19135817237432534
36,0;679,9954977641577;673,2441562330317;170,80194916999858;929,2397109258726;666,0527293221222;352,0812407676857;1609,6517324968079;301,6811060250237;9470,799694920574;5688,391648012711;0,31147344962690665;0,19110508722018
36,083333333333336;679,9956162371201;673,3240443496838;168,78353827814863;918,3758139453638;666,1918970653534;348,56921105088645;1593,9491787336099;302,19810528839236;9457,859793478348;5685,276629505035;0,3111394470431519;0,19085458528236393
36,166666666666664;679,9957315925552;673,4029743810845;166,7892971859061;907,6392642098276;666,32964477382;345,0929792941679;1578,3997179677615;302,7143871027398;9444,937773718193;5682,157431077402;0,3108088525428321;0,19060663940712408
36,25;679,9958439124986;673,4809580847075;164,8189302867678;897,0285685523414;666,4659873705106;341,65217046838166;1563,001883868903;303,2299524851599;9432,033612245385;5679,034068828154;0,31048163031077464;0,19036122273308098
36,333333333333336;679,9959532768269;673,5580070689691;162,87214569477726;886,5422510871474;666,6009396176964;338,24641354970026;1547,7542230104655;303,74480244982306;9419,147285683466;5675,906558809807;0,31015774491752857;0,19011830868814641
36,416666666666664;679,9960597633147;673,6341327951832;160,94865519644372;876,1788530223195;666,7345161186287;334,8753414782607;1532,655294794636;304,25893800800026;9406,278770675095;5672,774917030434;0,30983716131529115;0,18987787098646838
36,5;679,9961634476905;673,7093465794903;159,04817420328925;865,9369324740044;666,8667313192212;331,5385911171518;1517,703671376675;304,7723601680869;9393,428043882863;5669,639159455;0,3095198448338691;0,1896398836254018
36,583333333333336;679,9962644036896;673,7836595947617;157,17042170500406;855,8150642821315;666,9975995097185;328,23580321173154;1502,8979375883519;305,2850699356265;9380,59508199009;5666,499302006662;0,3092057611766756;0,1894043208825067
36,666666666666664;679,9963627031073;673,8570828724777;155,3151202231959;845,8118398276381;667,1271348263484;324,9666223492767;1488,2366908606955;305,7970683133343;9367,779861701576;5663,3553605680345;0,3088948764167638;0,18917115731257284
36,75;679,9964584158494;673,9296273045815;153,48199576573904;835,9258668512269;667,255351252961;321,7306969189707;1473,7185411460619;306,3083563011205;9354,982359744323;5660,207350982396;0,3085871569928937;0,18894036774467027
36,833333333333336;679,9965516099824;674,0013036453081;151,67077778169755;826,1557692735477;667,3822626226516;318,52767907220993;1459,3421108394953;306,81893489611343;9342,20255286822;5657,055289054872;0,30828256970563606;0,18871192727922706
36,916666666666664;679,9966423517816;674,0721225129897;149,88119911685658;816,5001870171225;667,5078826193707;315,3572246832681;1445,1060346996317;307,3288050926826;9329,440417846723;5653,899190553587;0,3079810817135104;0,1884858112851328
37,0;679,9967307057784;674,142094391836;148,11299596979666;806,9577758295563;667,6322247795168;312,21899331027316;1431,0089597688827;307,8379678824616;9316,695931477474;5650,739071210762;0,3076826605291596;0,18826199539686972
37,083333333333336;679,996816734806;674,2112296336916;146,36590784855912;797,5272071084911;667,7553024935173;309,11264815653965;1417,049545293307;308,3464242543708;9303,96907058292;5647,574946723797;0,30738727401555843;0,1880404555116688
37,166666666666664;679,9969005000441;674,2795384597694;144,63967752786004;788,2071677279597;667,8771290073927;306,0378560322164;1403,2264626418078;308,8541751946397;9291,25981201088;5644,406832756303;0,30709489038225757;0,18782116778669317
37,25;679,9969820610629;674,3470309623617;142,93405100686982;778,9963598664032;667,9977174243073;302,99428731628666;1389,5383952250738;309,3612216868295;9278,568132635111;5641,234744939107;0,30680547818166237;0,18760410863624682
37,333333333333336;679,9970614758645;674,4137171065279;141,24877746752986;769,8935008361397;668,1170807061053;299,9816159188896;1375,98403841405;309,8675647118551;9265,894009355836;5638,058698871236;0,30651900630534723;0,18738925472901047
37,416666666666664;679,9971388009251;674,4796067317592;139,58360923341502;760,8973229143957;668,2352316748319;296,99951924397965;1362,5620994580227;310,3732052480073;9253,237419100235;5634,878710120842;0,3062354439804035;0,1871765829853026
37,5;679,9972140912347;674,5447095536224;137,93830172914738;752,0065731760022;668,3521830142403;294,04767815233015;1349,2712974024864;310,87814427097453;9240,598338822945;5631,694794226132;0,30595476076582334;0,18696607057436754
37,583333333333336;679,9972874003363;674,6090351653804;136,31261344030747;743,2200133274396;668,4679472712847;291,1257769248607;1336,1103630066827;311,3823827538645;9227,976745506505;5628,506966696242;0,3056769265489166;0,18675769491168748
37,666666666666664;679,9973587803638;674,6725930395918;134,70630587389678;734,536419542571;668,5825368575986;288,2335032262887;1323,0780386607935;311,88592166722583;9215,372616161796;5625,3152430120845;0,3054019115417633;0,18655143365632254
37,75;679,9974282820792;674,7353925296883;133,11914351930056;725,9545822998716;668,6959640509583;285,37054806913034;1310,1730783030805;312,3887619790695;9202,785927828449;5622,11963862718;0,30512968627770004;0,18634726470827506
37,833333333333336;679,9974959549093;674,797442871532;131,55089380977358;717,473306221229;668,8082409967335;282,53660577802293;1297,3942473367258;312,89090465488965;9190,216657575244;5618,920168968453;0,30486022160783954;0,1861451662058797
37,916666666666664;679,9975618469794;674,8587531849511;130,00132708443175;709,0914099122917;668,9193797093227;279,7313739543938;1284,7403225466085;313,3923506576851;9177,66478250049;5615,716849437013;0,3045934886976255;0,18594511652321916
38,0;679,9976260051491;674,9193324752548;128,47021655070705;700,8077258041977;669,0293920735751;276,95455344141635;1272,2100920157857;313,89310094797975;9165,130279732357;5612,50969540887;0,3043294590234198;0,18574709426756486
38,083333333333336;679,9976884750446;674,9791896347286;126,95733824735669;692,6210999971295;669,1382898461981;274,2058482893498;1259,8023550420935;314,3931564838436;9152,613126429233;5609,2987222357;0,3040681043691246;0,18555107827684347
38,166666666666664;679,9977493010916;675,0383334441092;125,46247100789856;684,5303921051145;669,2460846571513;271,484965721163;1247,5159220544997;314,8925182209131;9140,113299780025;5606,083945245493;0,30380939682283686;0,18535704761712768
38,25;679,9978085265468;675,0967725740388;123,98539642456115;676,5344751024829;669,3527880110263;268,79161609850826;1235,3496145295112;315,39118711241156;9127,630777004464;5602,86537974326;0,3035533087735369;0,18516498158015268
38,333333333333336;679,9978661935286;675,1545155865014;122,52589881269955;668,6322351718419;669,458411288413;266,12551288801285;1223,3022649075433;315,8891641091694;9115,16553535338;5599,643041011657;0,3032998129078088;0,18497485968085658
38,416666666666664;679,997922343047;675,2115709362383;121,08376517568047;660,822571553566;669,5629657472522;263,4863726278894;1211,372716509261;316,3864501596442;9102,71755210898;5596,416944311632;0,30304888220659476;0,1847866616549461
38,5;679,9979770150327;675,2679469721456;119,65878517021622;653,1043963966592;669,6664625241741;260,87391489487004;1199,5598234519364;316,8830462099403;9090,28680458507;5593,187104883009;0,30280048994198216;0,1846003674564866
38,583333333333336;679,9980302483663;675,3236519386521;118,25075107217629;645,476634611352;669,7689126358241;258,2878622714645;1187,8624505659338;317,37895320382887;9077,87327012731;5589,953537945076;0,30255460967402215;0,1844159572555166
38,666666666666664;679,9980820809045;675,3786939770793;116,85945774285358;637,938223723039;669,8703269801746;255,72794031355386;1176,279473311269;317,8741720827672;9065,476926113435;5586,716258697164;0,302311215247581;0,18423341143568575
38,75;679,9981325495082;675,4330811269824;115,48470259563146;630,4881137276482;669,9707163378231;253,1938775182482;1164,8097776940813;318,36870378591817;9053,097749953433;5583,475282319162;0,3020702807892246;0,18405271059191844
38,833333333333336;679,9981816900686;675,4868213274743;114,1262855631453;623,1252669486364;670,0700913732783;250,6854052921284;1153,4522601834788;318,86254925016954;9040,735719089751;5580,230623972044;0,30183178070413214;0,1838738355280991
38,916666666666664;679,9982295375319;675,5399224185306;112,78400906485615;615,8486578954198;670,1684626362314;248,20225791975759;1142,2058276283506;319,3557094101528;9028,390810997476;5576,9822987983935;0,30159568967304456;0,18369676725478343
39,0;679,9982761259249;675,5923921422777;111,45767797503083;608,6572731231267;670,2658405628156;245,74417253251113;1131,069397174365;319,84818519826234;9016,063003184476;5573,730321922856;0,3013619826492426;0,18352148698693196
39,083333333333336;679,9983214883795;675,6442381442632;110,14709959117965;601,5501110939741;670,3622354768517;243,31088907773335;1120,0418961811524;320,3399775446739;9003,752273191565;5570,474708452623;0,301130634855556;0,18334797614166704
39,166666666666664;679,998365657155;675,6954679747096;108,85208360290619;594,5261820401022;670,4576575910812;240,90215028819557;1109,1222621397274;320,8310873773633;8991,458598592639;5567,215473477883;0,30090162178140506;0,18317621633605383
39,25;679,9984086636623;675,7460890897506;107,57244206113512;587,5845078276058;670,552117008387;238,51770165184405;1098,309442589973;321,3215156221249;8979,181956994791;5563,952632072235;0,3006749191798712;0,18300618938490346
39,333333333333336;679,9984505384855;675,7961088526514;106,30798934779193;580,7241218222907;670,6456237230001;236,15729138188328;1087,6023950385115;321,8112632025897;8966,922326038435;5560,686199293118;0,3004505030647998;0,18283787729859985
39,416666666666664;679,9984913114042;675,8455345350117;105,05854214585213;573,9440687566515;670,7381876216949;233,820670387135;1077,00008687667;322,3003310402436;8954,679683397395;5557,416190182194;0,3002283497079322;0,18267126228094915
39,5;679,998531011414;675,8943733179531;103,82391940981393;567,2434045983989;670,8298184849716;231,50759224273258;1066,5014952988863;322,78872005444515;8942,454006779017;5554,142619765758;0,30000843563606816;0,1825063267270511
39,583333333333336;679,9985696667478;675,9426322932903;102,60394233652335;560,6211964201893;670,9205259882253;229,21781316105978;1056,1056072210633;323,2764311624436;8930,245273924222;5550,865503055061;0,29979073762825914;0,1823430532211944
39,666666666666664;679,9986073048956;675,9903184646869;101,39843433643705;554,0765222710263;671,0103197029044;226,9510919630619;1045,8114191996408;323,76346527939626;8918,053462607606;5547,584855046705;0,2995752327130293;0,182181424534772
39,75;679,9986439526236;676,0374387487947;100,20722100521766;547,6084710487904;671,0992090976551;224,70719004977866;1035,6179373505345;324,2498233183861;8905,878550637482;5544,300690722959;0,29936189816562764;0,18202142362422075
39,833333333333336;679,9986796359941;676,0839999763787;99,03013009572419;541,2161423741845;671,1872035394548;222,48587137421225;1025,5241772686084;324,7355061904391;8893,720515855937;5541,013025052073;0,2991507115053085;0,18186303362898137
39,916666666666664;679,9987143803836;676,1300088934261;97,86699149038611;534,898646466209;671,2743122947327;220,28690241348272;1015,5291639474613;325,2205148045412;8881,579336138875;5537,721872988604;0,29894165049264154;0,18170623786948117
40,0;679,9987482105004;676,1754721622412;96,71763717393844;528,6551040188695;671,360544530479;218,11005214127306;1005,631931699525;325,70485006765574;8869,45498939606;5534,427249473717;0,2987346931268503;0,18155101984513772
40,083333333333336;679,998781150403;676,2203963625248;95,58190120647794;522,4846460790552;671,4459093153424;215,955092000533;995,8315240763632;326,1885128847398;8857,347453571116;5531,129169435438;0,2985298176431782;0,18139736323238365
40,166666666666664;679,9988132235169;676,2647879924392;94,45961969695702;516,3864139261538;671,5304156207146;213,82179587651535;986,1269937895539;326,67150415876125;8845,256706641581;5527,8276477889585;0,2983270025102849;0,18124525188271368
40,25;679,9988444526507;676,3086534696596;93,35063077694201;510,35955895256575;671,6140723218045;211,70994007005675;976,5174026317766;327,1538247907152;8833,18272661889;5524,522699436873;0,29812622642766906;0,1810946698207518
40,333333333333336;679,9988748600133;676,35199913241;92,2547745747778;504,40324254577996;671,6968881987003;209,61930327115397;967,0018213982793;327,63547567964036;8821,125491548388;5521,21433926943;0,2979274683231192;0,1809456012423394
40,416666666666664;679,9989044672288;676,3948312404868;91,17189319008219;498,5166359717236;671,7788719374199;207,54966653282452;957,5793298087971;328,1164577226354;8809,084979509324;5517,902582164771;0,29773070735019214;0,18079803051264415
40,5;679,9989332953528;676,4371559762671;90,10183066855006;492,69892025924014;671,8600321309501;205,50081324522296;948,2490164297651;328,59677181487496;8797,061168614837;5514,58744298914;0,29753592288571973;0,18065194216428979
40,583333333333336;679,9989613648863;676,4789794457046;89,04443297714124;486,949286086119;671,9403772802747;203,47252911006706;939,0099785970771;329,07641884962555;8785,054037011945;5511,268936597122;0,29734309452734076;0,18050732089550559
40,666666666666664;679,998988695791;676,520307679311;87,99954797954399;481,26693366604974;672,0199157953912;201,4646021152913;929,8613223390108;329,5553997182616;8773,06356288152;5507,947077831816;0,2971522020910612;0,18036415156829588
40,75;679,9990153075033;676,5611466331259;86,96702541199954;475,65107263713196;672,0986559963164;199,47682250999605;920,8021622997608;330,03371531028074;8761,089724438236;5504,6218815250395;0,29696322560884053;0,1802224192066304
40,833333333333336;679,9990412189486;676,6015021896715;85,94671685943638;470,10092195147547;672,1766061140814;197,50898277967224;911,8316216633608;330,51136651331973;8749,132499930565;5501,293362497511;0,29677614532620455;0,1800821089946534
40,916666666666664;679,9990664485535;676,6413801588963;84,93847573192852;464,61570976610363;672,253774291715;195,5608776216792;902,9488320779825;330,98835421316954;8737,191867640722;5497,961535559027;0,296590941699884;0,17994320627491303
41,0;679,9990910142602;676,6807862791052;83,94215724143237;459,1946733349373;672,3301685852169;193,63230392096398;894,1529335806073;331,46467929379065;8725,2678058846;5494,626415508602;0,29640759539547934;0,17980569654660952
41,083333333333336;679,9991149335389;676,7197262178775;82,95761837887596;453,83705890220335;672,4057969645205;191,72306072608194;885,4430745222761;331,94034263732823;8713,36029301174;5491,28801713464;0,29622608728515076;0,1796695654638631
41,166666666666664;679,9991382233995;676,7582055729722;81,9847178915353;448,54212159691866;672,4806673144438;189,83294922545895;876,8184114937216;332,4153451241269;8701,469307405267;5487,9463552150855;0,29604639844533476;0,17953479883400109
41,25;679,999160900405;676,7962298732217;81,02331626068349;443,30912532849845;672,5547874356316;187,9617727238923;868,2781092513709;332,8896876327456;8689,594827481817;5484,601444517528;0,2958685101544841;0,17940138261586308
41,333333333333336;679,999182980682;676,833804579413;80,073275679581;438,137342683721;672,6281650454858;186,10933661933302;859,8213406439133;333,36337103997244;8677,736831691484;5481,253299799362;0,29569240389083395;0,17926930291812548
41,416666666666664;679,9992044799332;676,8709350851576;79,13446003172453;433,0260548247345;672,7008077790863;184,2754483799041;851,447286539279;333,8363962208389;8665,895298517738;5477,9019358078895;0,29551806133019287;0,17913854599764467
41,5;679,9992254134476;676,9076267177492;78,20673486938858;427,97455138818765;672,7727231901014;182,45991752117163;843,1551357520503;334,3087640486343;8654,070206477358;5474,547367280425;0,2953454643437567;0,17900909825781752
41,583333333333336;679,9992457961123;676,9438847390102;77,28996739245986;422,98213038562994;672,843918751688;180,6625555836547;834,944084971335;334,78047539492036;8642,26153412033;5471,189608944407;0,2951745949959489;0,17888094624696166
41,666666666666664;679,9992656424224;676,9797143461274;76,38402642755295;418,0480981049875;672,9144018573822;178,88317611060813;826,813338689244;335,25153112954473;8630,469260029799;5467,8286755174995;0,2950054355422826;0,17875407665671195
41,75;679,9992849664918;677,0151206724753;75,48878240737622;413,17176901306595;672,98417982198;177,12159462600425;818,7621091295839;335,72193212065537;8618,693362821941;5464,464581707661;0,2948379684272481;0,17862847632043605
41,833333333333336;679,9993037820627;677,0501087884296;74,60410735041307;408,3524656593912;673,0532598824071;175,3776286127959;810,7896161772909;336,1916792347143;8606,93382114591;5461,097342213243;0,29467217628222286;0,17850413221166717
41,916666666666664;679,9993221025161;677,0846837021693;73,72987484082785;403,5895185808973;673,121649198581;173,6510974913898;802,8950873081358;336,66077333651117;8595,190613683711;5457,726971723053;0,29450804192340546;0,1783810314425541
42,0;679,9993399408803;677,118850360468;72,86596000867007;398,8822662078844;673,1893548542615;171,9418225983759;795,0777575190641;337,129215289177;8583,463719150122;5454,3534849164325;0,29434554834977233;0,17825916126232927
42,083333333333336;679,9993573098415;677,1526136494748;72,01223951030897;394,2300547709408;673,2563838578928;170,24962716546952;787,3368692588939;337,59700595419747;8571,753116292582;5450,976896463298;0,29418467874105714;0,1781385090557929
42,166666666666664;679,9993742217514;677,1859783954851;71,16859150916639;389,63223820907604;673,3227431434365;168,57433629871537;779,6716723596319;338,0641461914262;8560,0587838911;5447,597221024226;0,2940254164557525;0,17801906234181436
42,25;679,999390688637;677,2189493657004;70,33489565665718;385,08817807870713;673,3884395711939;166,91577695787316;772,081423968069;338,53063685909797;8548,38070075813;5444,214473250469;0,29386774502913465;0,17790080877185102
42,333333333333336;679,999406722209;677,2515312689786;69,51103307341668;380,5972434638993;673,4534799286205;165,2737779360791;764,5653884781012;338,99647881384186;8536,718845738476;5440,828667784019;0,29371164817131085;0,17778373612848314
42,416666666666664;679,9994223338695;677,2837287565741;68,69688633075839;376,1588108875135;673,5178709311308;163,64816983971195;757,1228374634128;339,4616729106939;8525,073197709178;5437,43981925764;0,29355710976528604;0,17766783232396455
42,5;679,9994375347209;677,315546422868;67,89233943238457;371,7722642234382;673,5816192228938;162,0387850684665;749,7530496106167;339,92622000310996;8513,443735579389;5434,047942294893;0,29340411386505494;0,1775530853987912
42,583333333333336;679,9994523355732;677,3469888060889;67,09727779632146;367,43699460977206;673,6447313776198;160,44545779567727;742,455310653;340,3901209429785;8501,830438290273;5430,65305151017;0,2932526446937125;0,17743948352028438
42,666666666666664;679,9994667469522;677,3780603890235;66,31158823710734;363,15240036307654;673,7072138993387;158,86802394883546;735,2289133046571;340,853376580633;8490,233284814867;5427,255161508706;0,293102686641587;0,17732701498119027
42,75;679,9994807791065;677,4087655997185;65,53515894821658;358,9178868936268;673,7690732231692;157,306321190336;728,0731571951744;341,3159877648642;8478,65225415798;5423,854286886602;0,29295422426439377;0,17721566819829537
42,833333333333336;679,9994944420152;677,4391088121728;64,76787948469962;354,73286662160297;673,8303157160791;155,76018889843226;720,9873488048007;341,77795534293267;8467,087325356058;5420,450442230832;0,29280724228141014;0,17710543171105764
42,916666666666664;679,9995077453948;677,46909434702;64,00964074606179;350,5967588942501;673,8909476776373;154,22946814840373;713,9708014000922;342,2392801605807;8455,538477477065;5417,043642119247;0,29266172557367043;0,17699629418025284
43,0;679,9995206987059;677,4987264722035;63,2603349593694;346,50898990406534;673,9509753407576;152,714001693937;707,022834970071;342,6999630620443;8444,005689620353;5413,633901120582;0,2925176591821817;0,17688824438663628
43,083333333333336;679,9995333111602;677,5280094036407;62,51985566255769;342,4689926078479;674,0104048724337;151,2136339487057;700,1427761628833;343,16000489006535;8432,488940916539;5410,2212337944475;0,29237502830615913;0,17678127122961934
43,166666666666664;679,9995455917274;677,5569473058792;61,78809768798885;338,4762066467805;674,0692423744657;149,72821096816347;693,3299582228968;343,6194064859032;8420,988210527372;5406,80565469132;0,29223381830128226;0,1766753637259617
43,25;679,9995575491405;677,5855442927455;61,06495714620337;334,53007826741276;674,1274938841793;148,25758043154167;686,5837209284134;344,0781686893462;8409,503477645605;5403,387178352538;0,2920940146779696;0,1765705110084772
43,333333333333336;679,9995691919033;677,6138044279826;60,350331409875935;330,6300602434675;674,1851653751359;146,80159162402902;679,9034105296893;344,5362923387235;8398,034721494856;5399,965819310273;0,29195560309967394;0,17646670232475548
43,416666666666664;679,9995805282956;677,6417317258819;59,64411909801868;326,77561179879604;674,2422627578349;145,36009541918702;673,2883796876806;344,9937782709162;8386,581921329496;5396,54159208753;0,2918185693811963;0,17636392703589726
43,5;679,9995915663792;677,6693301519044;58,946220060343535;322,9661985309534;674,2987918804084;143,93294426151897;666,7379874130493;345,4506273213688;8375,145056434485;5393,114511198102;0,29168289948701975;0,17626217461526483
43,583333333333336;679,9996023140038;677,6966036232957;58,256535361869055;319,20129233588307;674,3547585293081;142,51999214926911;660,2515990058298;345,9068403241004;8363,724106125259;5389,684591146554;0,2915485795296605;0,17616143464724537
43,666666666666664;679,9996127788128;677,7235560096912;57,574967267703414;315,4803713333818;674,4101684299835;141,12109461739237;653,8285859955022;346,36241811171556;8352,319049747584;5386,25184642819;0,29141559576803955;0,17606169682602968
43,75;679,9996229682482;677,7501911337147;56,901419228040595;311,8029197934853;674,4650272475535;139,73610872073152;647,4683260815987;346,81736151541537;8340,92986667743;5382,816291529021;0,29128393460587154;0,17596295095440367
43,833333333333336;679,9996328895562;677,7765127715684;56,23579586333847;308,1684280636481;674,5193405874696;138,36489301736776;641,1702030747635;347,2716713650084;8329,55653632082;5379,377940925724;0,29115358259007285;0,17586518694255468
43,916666666666664;679,9996425497925;677,8025246536148;55,578002949695815;304,5763924968155;674,5731139961722;137,00730755216455;634,9336068383001;347,7253484889211;8318,199038113695;5375,936809085595;0,29102452640918675;0,17576839480689005
44,0;679,9996519558268;677,8282304649522;54,927947404442534;301,0263153804691;674,626352961739;135,66321384050752;628,7579332302803;348,17839371420865;8306,857351521785;5372,49291046652;0,2908967528918263;0,17567256466886974
44,083333333333336;679,9996611143484;677,8536338459812;54,28553727186625;297,5177048662195;674,6790629145263;134,3324748521951;622,6425840459768;348,6308078665654;8295,531456040455;5369,046259516912;0,29077024900513687;0,17557768675385266
44,166666666666664;679,9996700318703;677,8787383929648;53,6506817091805;294,05007490051435;674,7312492278026;133,01495499555358;616,5869669609702;349,0825917703352;8284,221331194576;5365,596870675673;0,2906450018532739;0,17548375138995542
44,25;679,9996787147345;677,9035476585807;53,02329097263794;290,6229451559947;674,7829172183754;131,71052010169433;610,5904954746056;349,5337462485216;8272,926956538377;5362,144758372131;0,2905209986758991;0,17539074900692436
44,333333333333336;679,9996871691154;677,9280651524663;52,40327640384521;287,2358409637484;674,8340721472111;130,4190374089785;604,6525888540189;349,9842721227981;8261,648311655323;5358,689937025999;0,29039822684669325;0,17529867013501993
44,416666666666664;679,9996954010257;677,9522943417568;51,7905504162286;283,8882932462268;674,8847192200473;129,14037554760682;598,7726720784495;350,43417021351814;8250,385376157934;5355,232421047292;0,2902766738718866;0,17520750540391494
44,5;679,9997034163196;677,9762386516163;51,185026481724094;280,5798384511844;674,9348635879979;127,8744045244622;592,9501757843875;350,8834413397251;8239,13812968769;5351,7722248362925;0,2901563273888049;0,1751172455416037
44,583333333333336;679,9997112206969;677,9999014657618;50,58661911758122;277,3100184861556;674,9845103481528;126,6209957080406;587,1845362107965;351,332086319162;8227,90655191486;5348,3093627834705;0,2900371751644334;0,17502788137332503
44,666666666666664;679,9997188197078;678,0232861269801;49,99524387337715;274,07838065381407;675,0336645441686;125,38002181360355;581,475195145071;351,78010596828136;8216,690622538372;5344,843849269425;0,2899192050939954;0,17493940382049658
44,75;679,9997262187565;678,0463959376386;49,41081731819281;270,88447758815016;675,0823311668546;124,15135688848125;575,8215998693643;352,22750110225473;8205,49032128566;5341,375698664808;0,2898024051995489;0,1748518038996617
44,833333333333336;679,9997334231048;678,0692341601887;48,833257027945365;267,72786719129834;675,1305151547508;122,93487629754623;570,2232031074352;352,6742725349822;8194,305627912543;5337,904925330266;0,289686763628598;0,17476507272144853
44,916666666666664;679,999740437876;678,0918040176632;48,262481572902516;264,6081125712413;675,1782213947;121,73045670884903;564,6794629719271;353,1204210791018;8183,1365222030645;5334,431543616368;0,28957226865271996;0,17467920148953997
45,0;679,9997472680587;678,114108694167;47,69841050531909;261,52478197998846;675,225454722413;120,53797607939885;559,189842912034;353,5659475459988;8171,982983969355;5330,955567863507;0,2894589086662087;0,17459418149965655
45,083333333333336;679,9997539185104;678,1361513353615;47,140964347292424;258,47744875286025;675,2722199230277;119,35731364114304;553,7538116618218;354,01085274581504;8160,844993051498;5327,477012401859;0,28934667218473353;0,17451000413855014
45,166666666666664;679,9997603939604;678,1579350489426;46,5900645787201;255,46569124816855;675,3185217316615;118,18834988706612;548,3708431887965;354,4551374874577;8149,722529317382;5323,995891551276;0,2892355478440125;0,17442666088300937
45,25;679,9997666990138;678,1794629051121;46,04563362544525;252,4890927878041;675,3643648339577;117,03096655747345;543,0404166431233;354,89880257860864;8138,6155726625675;5320,512219621228;0,2891255243985016;0,1743441432988762
45,333333333333336;679,9997728381544;678,2007379370442;45,5075948475411;249,54724159840964;675,4097538666256;115,88504662640275;537,7620163070839;355,3418488257331;8127,524103010129;5317,026010910701;0,2890165907200986;0,17426244304007396
45,416666666666664;679,9997788157482;678,2217631413445;44,975872527754746;246,6397307533382;675,4546934179741;114,75047428822052;532,5351315452021;355,78427703408863;8116,448100310532;5313,537279708127;0,28890873579686216;0,1741815518476466
45,5;679,999784636046;678,2425414785037;44,450391860092964;243,76615811525585;675,4991880284401;113,62713494435184;527,3592567547062;356,22608800773355;8105,387544541489;5310,046040291297;0,2888019487317437;0,17410146154880776
45,583333333333336;679,9997903031871;678,2630758733457;43,9310789385587;240,92612627943234;675,5432421911098;112,51491519014678;522,2338913163746;356,6672825495358;8094,342415707812;5306,5523069272695;0,28869621874133644;0,17402216405600235
45,666666666666664;679,9997958212016;678,2833692154695;43,41786074603533;238,11924251770054;675,5868603522348;111,41370280193144;517,1585395460081;357,10786146118136;8083,3126938412815;5303,056093872287;0,2885915351546365;0,17394365136597736
45,75;679,9998011940137;678,3034243596854;42,910665143301685;235,34511872307954;675,630046911742;110,32338672416984;512,1327106461604;357,5478255431825;8072,298359000506;5299,557415371685;0,2884878874118191;0,1738659155588643
45,833333333333336;679,9998064254443;678,3232441264457;42,409420858206204;232,60337135508107;675,6728062237381;109,24385705679072;507,15591865841736;357,98717559488637;8061,299391270779;5296,056285659805;0,28838526506302853;0,1737889487972714
45,916666666666664;679,9998115192136;678,3428313022697;41,91405747496333;229,89362138561665;675,7151425970077;108,17500504265354;502,2276824160801;358,425912414483;8050,3157707639475;5292,5527189598915;0,28828365776718157;0,17371274332538617
46,0;679,9998164789442;678,3621886401634;41,42450542359768;227,21549424558796;675,7570602955061;107,1167230551481;497,3475254972462;358,86403679901343;8039,347477618266;5289,046729484009;0,28818305529078536;0,173637291468089
46,083333333333336;679,9998213081633;678,3813188600334;40,94069596952181;224,5686197721071;675,798563538847;106,0689045859533;492,5149761784196;359,3015495443779;8028,3944919982705;5285,538331432945;0,2880834475067672;0,17356258563007537
46,166666666666664;679,999826010305;678,4002246490962;40,46256120324756;221,95263215631758;675,8396565027836;105,03144423290678;487,72956738839963;359,73845144534357;8017,4567940946345;5282,027538996114;0,28798482439331946;0,1734886182949896
46,25;679,9998305887135;678,4189086622814;39,99003403021959;219,36716989185993;675,8803433196847;104,00423768803648;482,99083666273873;360,1747432955525;8006,534364124036;5278,514366351459;0,2878871760327567;0,17341538202456755
46,333333333333336;679,9998350466445;678,4373735226302;39,52304816080243;216,8118757239718;675,9206280790061;102,98718172572023;478,29832609855833;360,6104258875294;7995,627182329025;5274,998827665357;0,2877904926103855;0,1733428694577891
46,416666666666664;679,9998393872685;678,4556218216885;39,06153810035846;214,28639659906315;675,9605148277553;101,98017419096175;473,6515823097316;361,0455000126893;7984,735228977878;5271,48093709251;0,28769476441338715;0,1732710733100404
46,5;679,9998436136722;678,4736561198953;38,60543913949925;211,79038361513426;676,0000075709522;100,98311398782869;469,05015638259704;361,47996646134493;7973,85848436448;5267,960708775865;0,2875999818297147;0,173199986372286
46,583333333333336;679,9998477288611;678,4914789469658;38,1546873444222;209,32349197255255;676,0391102720836;99,99590106799872;464,4936038319894;361,9138260227145;7962,996928808181;5264,438156846494;0,2875061353469994;0,17312960151024956
46,666666666666664;679,9998517357621;678,5090928022696;37,709219547383555;206,8853809254638;676,0778268535527;99,01843641943913;459,981484557695;362,3470794849289;7952,150542653666;5260,9132954235;0,2874132155514736;0,1730599116636052
46,75;679,9998556372244;678,5265001552043;37,26897333731358;204,4757137339743;676,1161611971244;98,05062205523711;455,5133628014544;362,779727635039;7941,3193062708315;5257,386138613922;0,2873212131269015;0,17299090984517612
46,833333333333336;679,9998594360227;678,5437034455641;36,83388705050277;202,09415761655524;676,1541171443642;97,0923610025011;451,0888071040396;363,2117712590232;7930,503200054634;5253,856700512615;0,2872301188535258;0,17292258914014436
46,916666666666664;679,9998631348584;678,5607050839036;36,40389976146423;199,74038370334395;676,1916984970733;96,14355729146098;446,70739026315863;363,6432111417939;7919,702204424988;5250,324995202163;0,2871399236070241;0,1728549427052681
47,0;679,999866736362;678,5775074518972;35,97895127387005;197,41406698980845;676,2289090177176;95,20411594462814;442,36868929140206;364,0740480672053;7908,916299826612;5246,791036752765;0,2870506183574778;0,17278796376810837
47,083333333333336;679,9998702430948;678,5941129026936;35,55898211162116;195,11488629103198;676,2657524298531;94,27394296611169;438,07228537478153;364,50428281805983;7898,145466728918;5243,254839222134;0,28696219416835245;0,17272164562626435
47,166666666666664;679,9998736575506;678,6105237612663;35,143933510030934;192,84252419652586;676,3022324185456;93,35294533104275;433,8177638315863;364,9339161761153;7887,389685625875;5239,716416655396;0,2868746421954905;0,1726559816466179
47,25;679,9998769821574;678,626742324759;34,7337474071054;190,59666702555123;676,3383526307856;92,4410309751238;429,60471407164295;365,3629489220916;7876,648937035881;5236,175783084964;0,28678795368611454;0,17259096526458592
47,333333333333336;679,9998802192798;678,6427708628266;34,32836643495989;188,37700478304598;676,3741166758992;91,53810878429454;425,43272955599133;365,79138183567756;7865,923201501644;5232,632952530457;0,2867021199778418;0,17252658998338136
47,416666666666664;679,9998833712197;678,6586116179728;33,92773391132948;186,18323111603684;676,4095281259539;90,6440885845143;421,3014077569061;366,21921569553734;7855,212459590057;5229,087938998583;0,28661713249771065;0,172462849373283
47,5;679,9998864402186;678,6742668058822;33,531793831170376;184,0150432704821;676,4445905161592;89,75888113164388;417,21035011826035;366,6464512793172;7844,516691892058;5225,540756483016;0,28653298276121786;0,1723997370709134
47,583333333333336;679,9998894284593;678,6897386157486;33,140490858409066;181,87214204883196;676,4793073452643;88,88239810148377;413,1591620164331;367,0730893636519;7833,835879022534;5221,991418964317;0,28644966237136577;0,17233724677852433
47,666666666666664;679,9998923380665;678,7050292105998;32,75377031776543;179,7542317679324;676,5136820759493;88,01455207987487;409,14745272138083;367,4991307241711;7823,170001620184;5218,439940409806;0,2863671630177217;0,17227537226329126
47,75;679,9998951711095;678,7201407276169;32,37157818666674;177,66102021735585;676,5477181352137;87,15525655292993;405,17483535815467;367,9245761355057;7812,519040347385;5214,8863347734505;0,2862854764754871;0,17221410735661535
47,833333333333336;679,9998979296032;678,7350752784511;31,993861087315167;175,59221861854084;676,5814189147594;86,30442589739573;401,24092686890685;368,34942637129404;7801,8829758900965;5211,330615995771;0,28620459460457737;0,17215344595343307
47,916666666666664;679,9999006155092;678,7498349495347;31,620566278803608;173,5475415840963;676,61478777137;85,46197537109492;397,345347975108;368,7736822041882;7791,261788957729;5207,772798003726;0,28612450934871214;0,1720933820115341
48,0;679,9999032307376;678,7644218023905;31,251641649362227;171,52670707777958;676,6478280272851;84,62782110348144;393,487723140155;369,1973444058599;7780,655460283025;5204,212894710598;0,2860452127345158;0,17203390955088688
48,083333333333336;679,9999057771483;678,7788378739347;30,88703570867608;169,52943637477952;676,6805429705713;83,80188008631251;389,66768053238724;369,62041374700664;7770,063970621942;5200,650920015885;0,2859666968706288;0,17197502265297165
48,166666666666664;679,999908256552;678,7930851767777;30,526697580341988;167,5554540227603;676,7129358554885;82,98407016442582;385,88485198850145;370,0428909973576;7759,4873007535425;5197,086887805201;0,2858889539468277;0,17191671546012077
48,25;679,9999106707121;678,8071656995207;30,17057699435668;165,60448780294905;676,7450099028516;82,1743100265877;382,1388729770871;370,4647769256795;7748,92543147986;5193,5208119501385;0,28581197623315613;0,1718589821748671
48,333333333333336;679,9999130213454;678,8210814070484;29,81862427978399;163,67626869220678;676,7767683003894;81,37251919651192;378,42938256291455;370,88607229978237;7738,378343625815;5189,952706308201;0,2857357560790653;0,171801817059299
48,416666666666664;679,9999153101235;678,8348342408176;29,470790357424903;161,7705308250219;676,8082142030981;80,57861802389823;374,7560233711291;371,3067778865255;7727,846018039075;5186,3825847226535;0,2856602859125644;0,17174521443442334
48,5;679,9999175386741;678,8484261191433;29,127026732646755;159,88701145634695;676,8393507335917;79,7925276756331;371,11844155211173;371,7268944518226;7717,32843558995;5182,81046102243;0,2855855582393799;0,17168916867953496
48,583333333333336;679,9999197085821;678,8618589374796;28,78728548827212;158,02545092471138;676,8701809824479;79,01417012706133;367,51628674654614;372,14642276064785;7706,825577171288;5179,236349022023;0,28551156564212504;0,17163367423159379
48,666666666666664;679,9999218213907;678,875134568699;28,451519277561488;156,1855926157655;676,9007080085506;78,24346815335446;363,9492120508233;372,5653635770412;7696,337423698355;5175,66026252137;0,2854383007794785;0,17157872558460888
48,75;679,9999238786021;678,888254863366;28,11968131729259;154,36718292634788;676,9309348394283;77,48034532100121;360,4168739828703;372,9837176641138;7685,8639561087375;5172,082215305747;0,285365756385372;0,17152431728902898
48,833333333333336;679,9999258816797;678,9012216500092;27,79172538090222;152,56997122881913;676,9608644715887;76,72472597934359;356,91893244811945;373,4014857840533;7675,405155362208;5168,502221145638;0,2852939252681871;0,17147044395114033
48,916666666666664;679,9999278320478;678,9140367353888;27,467605791761684;150,79370983607893;676,9904998708491;75,97653525227486;353,45505070610676;373,81866869812944;7664,96100244066;5164,920293796667;0,28522280030996205;0,17141710023247156
49,0;679,9999297310934;678,926701904761;27,147277416474935;149,03815396671388;677,0198439726644;75,23569902996599;350,0248953371003;374,23526716669886;7654,531478347958;5161,33644699944;0,2851523744656055;0,17136428084920413
49,083333333333336;679,999931580167;678,9392189221393;26,830695658310333;147,3030617107315;677,0488996824497;74,50214396072568;346,6281362092177;374,6512819492106;7644,116564109863;5157,750694479468;0,2850826407621207;0,17131198057159053
49,166666666666664;679,9999333805836;678,9515895305523;26,517816450692067;145,5881939956917;677,0776698759007;73,77579744293143;343,2644464458326;375,066713804211;7633,716240773909;5154,1630499470375;0,2850135922978383;0,17126019422337874
49,25;679,9999351336236;678,9638154522983;26,208596250782534;143,89331455320172;677,1061573993097;73,0565876170715;339,9335023933062;375,4815634893488;7623,3304894093135;5150,573527097113;0,28494522224165664;0,1712089166812425
49,333333333333336;679,9999368405337;678,9758983891968;25,902992033132932;142,21818988580802;677,1343650698783;72,34444335784644;336,6349835890152;375,89583176138;7612,95929110687;5146,982139609222;0,28487752383229203;0,17115814287421907
49,416666666666664;679,9999385025277;678,9878400228368;25,600961283421952;140,56258923427623;677,1622956760266;71,63929426638447;333,36857272968086;376,309519376173;7602,602626978842;5143,388901147345;0,28481049037753614;0,17110786778315215
49,5;679,9999401207876;678,999642014822;25,30246199227122;138,92628454532144;677,189951977699;70,94107066252775;330,1339556400558;376,7226270887132;7592,260478158867;5139,793825359801;0,28474411525352233;0,17105808644014175
49,583333333333336;679,9999416964642;679,0113060070126;25,007452649140305;137,30905043965348;677,2173367066666;70,24970357721543;326,9308212418911;377,13515565310774;7581,932825801861;5136,196925879149;0,28467839190400007;0,17100879392800006
49,666666666666664;679,999943230678;679,0228336217648;24,71589223628996;135,71066418042446;677,2444525668258;69,56512474494048;323,75886152317986;377,5471058225904;7571,619651083913;5132,59821632207;0,28461331383961813;0,1709599853797136
49,75;679,9999447245202;679,0342264621663;24,427740222830607;134,13090564207835;677,2713022344942;68,88726659630606;320,6177715077742;377,9584783495262;7561,3209352021895;5128,99771028926;0,2845488746372139;0,17091165597791041
49,833333333333336;679,9999461790532;679,0454861122703;24,142956558847573;132,5695572795688;677,2978883587028;68,21606225065011;317,5072492252387;378,3692739854157;7551,03665937485;5125,395421365324;0,2844850679391132;0,1708638009543349
49,916666666666664;679,999947595311;679,0566141373249;23,861501669571794;131,02640409785334;677,3242135614851;67,55144550875798;314,4269956810236;378,7794934808999;7540,766804840936;5121,791363118667;0,2844218874524358;0,1708164155893269
50,0;679,9999489743011;679,0676120840009;23,583336449652847;129,5012336218282;677,3502804381625;66,89335084564902;311,37671482689444;379,1891375857644;7530,511352860279;5118,185549101376;0,28435932694841004;0,17076949521130752
50,083333333333336;679,999950317004;679,0784814806159;23,308422257505867;127,99383586670905;677,3760915576275;66,2417134034655;308,3561135317688;379,598207048944;7520,270284713418;5114,5779928491265;0,2842973802616939;0,1707230351962704
50,166666666666664;679,999951624375;679,0892238373566;23,036720909703945;126,50400330858635;677,401649462623;65,59646898441258;305,3649015526891;380,00670261852696;7510,043581701501;5110,9687078810675;0,2842360412897047;0,17067703096727854
50,25;679,9999528973432;679,0998406464972;22,76819467545863;125,0315308554503;677,4269566700183;64,95755404379793;302,40279150621967;380,41462504175917;7499,831225146199;5107,357707699723;0,2841753039919561;0,17063147799396708
50,333333333333336;679,9999541368144;679,1103333826161;22,502806271148756;123,57621581842929;677,4520156710827;64,32490568312232;299,4694988399427;380,82197506504855;7489,6331963896;5103,745005790854;0,2841151623894016;0,1705863717920512
50,416666666666664;679,9999553436697;679,1207035028087;22,24051885495726;122,13785788362425;677,4768289317558;63,6984616432926;296,56474180452227;381,228753433969;7479,449476794146;5100,130615623406;0,2840556105637861;0,17054170792283957
50,5;679,9999565187676;679,1309524468993;21,981296021525054;120,71625908396712;677,5013988929145;63,07816029784874;293,6882414256948;381,6349608932648;7469,280047742518;5096,5145506493445;0,2839966426570052;0,1704974819927539
50,583333333333336;679,9999576629436;679,1410816376483;21,725101796707236;119,31122377164152;677,5257279706375;62,46394064632739;290,8397214768642;382,0405981868543;7459,1248906375695;5092,896824303589;0,28393825287047003;0,1704536896528525
50,666666666666664;679,9999587770116;679,1510924809586;21,471900632383267;117,92255859077957;677,5498185564663;61,85574230765383;288,01890845176774;382,4456660578341;7448,9839869022335;5089,277450003893;0,2838804354644808;0,1704103265983606
50,75;679,9999598617636;679,1609863660785;21,221657401324023;116,5500724503669;677,5736730176642;61,25350551363056;285,2255315374378;382,850165248483;7438,857317979437;5085,656441150739;0,28382318475760593;0,17036738856820446
50,833333333333336;679,9999609179713;679,1707646658023;20,97433739212704;115,19357649762759;677,5972936974712;60,65717110248556;282,45932258750594;383,2540965002658;7428,744865332015;5082,033811127235;0,28376649512606916;0,1703248713445519
50,916666666666664;679,9999619463855;679,1804287366681;20,729906304225665;113,85288409164635;677,6206829153571;60,06668051250301;279,7200160957211;383,6574605538372;7418,646610442637;5078,409573299014;0,28371036100314306;0,1702827707523573
51,0;679,9999629477378;679,1899799191541;20,48833024293515;112,52781077727663;677,6438429672716;59,481975775710794;277,0073491696897;384,06025814904547;7408,562534813707;5074,783741014113;0,28365477687854823;0,17024108265891122
51,083333333333336;679,9999639227403;679,1994195378712;20,249575714592538;111,21817425947032;677,666776125891;58,90299951165616;274,3210615049995;384,4624900249362;7398,492619967308;5071,156327602898;0,2835997372978615;0,17019980297339615
51,166666666666664;679,9999648720865;679,2087489017542;20,013609621727824;109,92379437780113;677,6894846408633;58,329694921232544;271,66089535947873;384,86415691975594;7388,436847445104;5067,527346377942;0,2835452368619281;0,1701589276464461
51,25;679,9999657964511;679,2179693042502;19,780399258306147;108,64449308129821;677,7119707390492;57,76200578058024;269,02659552775214;385,26525957095595;7378,395198808264;5063,896810633919;0,2834912702262819;0,17011845266971143
51,333333333333336;679,9999666964919;679,2270820235046;19,549912305021167;107,38009440361887;677,7342366247617;57,199876435046804;266,4179093160275;385,6657987151955;7368,367655637378;5060,264733647508;0,2834378321005719;0,17007837407542892
51,416666666666664;679,9999675728487;679,2360883225452;19,32211682468221;106,13042443860894;677,7562844800024;56,643251793255445;263,83458651729;386,06577508834556;7358,354199532411;5056,631128677305;0,2833849172479943;0,17003868793599575
51,5;679,999968426145;679,2449894494636;19,09698125758723;104,89531131587276;677,7781164646951;56,092077321159195;261,2763793864141;386,46518942549227;7348,35481211258;5052,996008963692;0,2833325204847317;0,16999939036354877
51,583333333333336;679,9999692569874;679,2537866375944;18,874474417035003;103,67458517698292;677,7997347169176;55,54629903624573;258,74304261590544;386,86404246094014;7338,369475016318;5049,359387728765;0,28328063667939785;0,1699604775095484
51,666666666666664;679,9999700659666;679,2624811056929;18,654565484823138;102,46807815168486;677,8211413531296;55,00586350174501;256,2343333115938;387,26233492821564;7328,39816990118;5045,721278176217;0,2832292607524889;0,16992194556436666
51,75;679,9999708536583;679,2710740581094;18,437224006842712;101,2756243345234;677,8423384683997;54,470717820925074;253,7500109686754;387,6600675600704;7318,440878443775;5042,08169349124;0,2831783876758407;0,16988379075688054
51,833333333333336;679,9999716206224;679,2795666849623;18,22241988872122;100,09705976178384;677,8633281366284;53,940809631464504;251,28983744808556;388,0572410884843;7308,497582339697;5038,440646840433;0,2831280124720918;0,16984600935406885
51,916666666666664;679,9999723674044;679,2879601623087;18,010123391502475;98,93222238856409;677,8841124107698;53,41608709985053;248,8535769529157;388,45385624466905;7298,568263303453;5034,7981513717;0,2830781302141524;0,16980859766061432
52,0;679,9999730945356;679,2962556523128;17,800305127394722;97,78095206627316;677,9046933230504;52,89649891586521;246,44099600521412;388,849913759071;7288,652903068385;5031,154220214147;0,283028736024679;0,16977155201850924
52,083333333333336;679,9999738025326;679,3044543034127;17,592936055569908;96,64309052027015;677,9250728851852;52,381994287128464;244,0518634229513;389,24541436137434;7278,751483386614;5027,508866477991;0,28297982507555564;0,16973486880666672
52,166666666666664;679,9999744918994;679,3125572504848;17,387987477997058;95,51848132781814;677,9452530885917;51,87252293368658;241,6859502972114;389,64035878050424;7268,863986028957;5023,862103254454;0,2829313925873799;0,16969854444053495
52,25;679,9999751631259;679,3205656150058;17,185431035363763;94,40696989638215;677,9652359046022;51,36803508269168;239,34302996973025;390,03474774462984;7258,990392784878;5020,213943615685;0,28288343382895476;0,16966257537171606
52,333333333333336;679,9999758166897;679,3284805052136;16,985238703003347;93,30840344200949;677,9850232846726;50,86848146309251;237,0228780104164;390,4285819811672;7249,130685462402;5016,564400614639;0,28283594411678575;0,16962695808758935
52,416666666666664;679,9999764530553;679,3363030162657;16,787382786901617;92,22263096811216;678,0046171605894;50,37381330042763;234,72527219534206;390,82186221678216;7239,284845888062;5012,913487285002;0,28278891881458534;0,16959168911093905
52,5;679,9999770726755;679,3440342303952;16,59183591974056;91,14950324443348;678,024019444675;49,883982311646946;232,44999248480363;391,2145891773933;7229,4528559068285;5009,261216641077;0,28274235333277997;0,16955676499958502
52,583333333333336;679,999977675991;679,3516752170661;16,398571057007416;90,08887278632967;678,0432320299899;49,39894070001287;230,19682100170797;391,6067635881747;7219,6346973820555;5005,607601677719;0,2826962431280242;0,16952218234601818
52,666666666666664;679,9999782634304;679,3592270331256;16,20756147312079;89,04059383419667;678,0622567905331;48,91864115002704;227,9655420100369;391,9983861735589;7209,830352195407;5001,9526553702135;0,2826505837027206;0,16948793777704046
52,75;679,9999788354121;679,3666907229551;16,01878075761931;88,00452233316842;678,0810955814403;48,44303682243378;225,75594189362423;392,38945765723946;7200,039802246788;4998,296390674182;0,28260537060454327;0,16945402795340744
52,833333333333336;679,9999793923423;679,3740673186189;15,832202811424168;86,98051591318817;678,0997502391801;47,972081349294626;223,56780913522184;392,77997876217364;7190,263029454316;4994,638820525526;0,2825605994259677;0,16942044956947575
52,916666666666664;679,9999799346174;679,3813578400116;15,647801843084608;85,96843386907011;678,1182225817477;47,505728829054306;221,40093429550743;393,1699502105852;7180,500015754216;4990,979957840282;0,2825162658038056;0,1693871993528542
53,0;679,9999804626228;679,3885632950033;15,46555236514564;84,9681371410891;678,1365144088562;47,04393382174317;219,25510999262394;393,5593727239671;7170,750743100804;4987,319815514578;0,2824723654187451;0,1693542740640588
53,083333333333336;679,9999809767344;679,3956846795836;15,28542919048732;83,97948829548814;678,1546275021274;46,586651344165375;217,1301308817188;393,94824702308364;7161,015193466394;4983,658406424513;0,2824288939948943;0,16932167049617075
53,166666666666664;679,9999814773173;679,4027229780029;15,107407428769193;83,00235150552837;678,172563625278;46,133836865175226;215,02579363473862;394,3365738279735;7151,293348841268;4979,995743426086;0,2823858472993327;0,16928938547449954
53,25;679,9999819647278;679,4096791629125;14,931462482860525;82,03659253244226;678,1903245243066;45,68544630098188;212,94189692040922;394,72435385795194;7141,585191233596;4976,331839355078;0,2823432211416642;0,16925741585624818
53,333333333333336;679,9999824393125;679,4165541955036;14,757570045381385;81,08207870695853;678,207911927676;45,24143601053083;210,87824138449145;395,11158783161335;7131,890702669396;4972,666707026998;0,2823010113735775;0,16922575853018312
53,416666666666664;679,9999829014088;679,4233490256433;14,585706095220985;80,13867891073981;678,2253275464956;44,80176279091097;208,83462963012366;395,4982764668336;7122,209865192478;4969,0003592369785;0,2822592138884106;0,16919441041630795
53,5;679,9999833513453;679,4300645920101;14,415846894135598;79,20626355821283;678,2425730747005;44,36638387282983;206,81086619846891;395,8844204807725;7112,542660864379;4965,332808759679;0,28221782462071865;0,16916336846553903
53,583333333333336;679,9999837894422;679,4367018222268;14,247968983380588;78,2847045785633;678,2596501892294;43,935256916120125;204,80675754944448;396,2700205898761;7102,889071764321;4961,664068349212;0,2821768395458494;0,16913262965938702
53,666666666666664;679,999984216011;679,4432616329929;14,08204918038507;77,37387539797791;678,2765605502003;43,50834000532018;202,8221120427768;396,6550775098788;7093,249079989154;4957,994150739058;0,2821362546795192;0,16910219100963944
53,75;679,9999846313548;679,449744930214;13,91806457545215;76,47365092201721;678,2933058010841;43,08559164526571;200,85673991908928;397,039591955806;7083,622667653303;4954,323068641964;0,2820960660773981;0,1690720495580486
53,833333333333336;679,9999850357692;679,4561526091313;13,755992528518846;75,5839075182646;678,3098875688768;42,66697075676689;198,91045328130738;397,4235646419759;7074,00981688872;4950,650834749873;0,2820562698346957;0,1690422023760218
53,916666666666664;679,9999854295418;679,4624855544477;13,595810665947283;74,70452299919816;678,3263074642692;42,25243667231098;196,98306607623644;397,8069962820019;7064,4105098448335;4946,977461733842;0,2820168620857538;0,1690126465643154
54,0;679,9999858129523;679,4687446404537;13,437496877352828;73,83537660517895;678,3425670818158;41,841949131813294;195,07439407622218;398,18988758879476;7054,824728688497;4943,302962243937;0,2819778390036421;0,16898337925273157
54,083333333333336;679,999986186274;679,4749307311513;13,28102931246633;72,97634898770079;678,3586680001004;41,43546827841362;193,18425486108677;398,5722392745647;7045,252455603939;4939,627348909174;0,28193919679975915;0,16895439759981937
54,166666666666664;679,9999865497718;679,4810446803765;13,126386378067423;72,12732219294047;678,3746117819012;41,03295465434087;191,3124678003207;398,9540520508233;7035,693672792732;4935,950634337429;0,2819009317234371;0,16892569879257785
54,25;679,9999869037044;679,4870873319202;12,973546734883712;71,28817964515295;678,3903999743537;40,63436919676633;189,45885403515058;399,3353266283857;7026,148362473714;4932,272831115339;0,28186304006155105;0,1688972800461633
54,333333333333336;679,9999872483237;679,4930595196473;12,822489294606498;70,4588061307207;678,4060341091117;40,2396732337678;187,62323646118807;399,71606371737255;7016,616506882969;4928,593951808249;0,28182551813813184;0,16886913860359892
54,416666666666664;679,9999875838745;679,4989620676155;12,67319321690934;69,63908778211578;678,4215157025062;39,8488284802994;185,80543971096336;400,096264027212;7007,098088273779;4924,914008960113;0,2817883623139851;0,16884127173548882
54,5;679,9999879105956;679,5047957901911;12,52563790647514;68,82891206204114;678,4368462557038;39,461797034206825;184,005290136755;400,4759282666415;6997,593088916563;4921,2330150934185;0,2817515689863108;0,16881367673973313
54,583333333333336;679,9999882287192;679,5105614921647;12,379803010111345;68,02816774788218;678,4520272548623;39,078541372293785;182,2226157935395;400,8550571437099;6988,1014910988515;4917,550982709107;0,28171513458833053;0,1687863509412479
54,666666666666664;679,9999885384716;679,5162599688648;12,2356684138623;67,23674491627442;678,4670601712846;38,69902434642256;180,45724642211772;401,2336513657792;6978,623277125232;4913,867924286493;0,28167905558891687;0,16875929169168766
54,75;679,9999888400731;679,5218920062701;12,093214240169914;66,45453492786508;678,4819464615721;38,32320917967422;178,70901343250503;401,6117116395264;6969,158429317309;4910,183852283191;0,281643328492227;0,16873249636917026
54,833333333333336;679,9999891337382;679,5274583811209;11,95242084507413;65,6814304122588;678,4966875677748;37,951059462525905;176,97774988733786;401,9892386709451;6959,706930013668;4906,498779135036;0,2816079498373406;0,16870596237800545
54,916666666666664;679,9999894196757;679,5329598610284;11,813268815430433;64,91732525311836;678,5112849175414;37,58253914908494;175,26329048553978;402,3662331653476;6950,268761569826;4902,8127172560025;0,28157291619790065;0,1686796871484255
55,0;679,999989698089;679,5383972045832;11,67573896618137;64,16211457349306;678,5257399242666;37,21761255335707;173,5654715461481;402,7426958273664;6940,843906358203;4899,125679038144;0,28153822418176006;0,16865366813632005
55,083333333333336;679,9999899691761;679,5437711614626;11,539812337645117;63,415694721249054;678,5400539872377;36,856244345560185;171,8841309922518;403,11862736095594;6931,432346768067;4895,437676851491;0,2815038704306295;0,16862790282297216
55,166666666666664;679,9999902331298;679,5490824725359;11,405470192838152;62,677963254712665;678,5542284917784;36,498399548460725;170,21910833511882;403,4940284693943;6922,034065205505;4891,748723044002;0,2814698516197318;0,16860238871479885
55,25;679,9999904901376;679,5543318699696;11,272694014846252;61,94881892852217;678,5682648093928;36,14404353378404;168,57024465853334;403,86889985528484;6912,649044093387;4888,058829941471;0,28143616445745734;0,16857712334309305
55,333333333333336;679,9999907403825;679,5595200773297;11,141465504201165;61,22816167952317;678,5821642979063;35,79314201862189;166,93738260320737;404,24324222055765;6903,27726587132;4884,368009847466;0,28140280568502496;0,1685521042637687
55,416666666666664;679,9999909840424;679,5646478096844;11,011766576319815;60,515892613027304;678,5959283016058;35,4456610619053;165,32036635137342;404,61705626647137;6893,918712995621;4880,676275043256;0,2813697720761461;0,16852732905710957
55,5;679,9999912212905;679,5697157737047;10,883579358949191;59,8119139890323;678,6095581513783;35,10156706091436;163,71904161159551;404,99034269361454;6884,573367939275;4876,983637787729;0,281337060436692;0,168502795327519
55,583333333333336;679,9999914522957;679,5747246677638;10,756886189645343;59,11612920868417;678,623055164848;34,76082674780514;162,13325560360065;405,36310220190717;6875,2412131919;4873,290110317333;0,2813046676043648;0,16847850070327364
55,666666666666664;679,9999916772222;679,5796751820354;10,631669613297845;58,42844280096241;678,6364206465115;34,423407186193344;160,5628570433947;405,7353354906022;6865,922231259714;4869,595704845991;0,2812725904483724;0,16845444283627928
55,75;679,9999918962299;679,5845679985913;10,507912379668483;57,748760409413556;678,6496558878724;34,08927576776648;159,0076961284563;406,1070432582871;6856,616404665499;4865,900433565049;0,28124082586910615;0,16843061940182963
55,833333333333336;679,9999921094744;679,5894037914966;10,385597440964034;57,07698877910283;678,6627621675739;33,75840020893577;157,46762452307922;406,47822620288497;6847,323715948569;4862,204308643191;0,2812093707978227;0,16840702809836702
55,916666666666664;679,9999923171077;679,5941832269051;10,264707949446006;56,413035743720805;678,6757407515296;33,430748547513645;155,9424953438875;406,8488850216563;6838,044147664737;4858,507342226375;0,281178222196329;0,16838366664724674
56,0;679,9999925192773;679,598906963153;10,145227255065947;55,75681021286941;678,6885928930542;33,10628913945379;154,43216314553197;407,2190204112001;6828,777682386286;4854,809546437776;0,2811473770566699;0,16836053279250246
56,083333333333336;679,9999927161269;679,6035756508512;10,027138903106447;55,10822215933328;678,7013198329914;32,78499065557696;152,93648390637438;407,5886330674553;6819,524302701929;4851,110933377695;0,2811168324008205;0,16833762430061544
56,166666666666664;679,9999929077966;679,6081899329768;9,910426631893188;54,46718260677763;678,7139227998415;32,466822078387736;151,45531501453797;407,95772368570204;6810,283991216791;4847,41151512352;0,2810865852803804;0,1683149389602853
56,25;679,9999930944225;679,6127504449635;9,795074370495627;53,83360361732973;678,7264030098868;32,15175269887709;149,98851525389233;408,326292960563;6801,056730552364;4843,711303729638;0,2810566327762717;0,16829247458220378
56,333333333333336;679,9999932761377;679,6172578147907;9,681066236476;53,20739827944632;678,7387616673163;31,83975211339316;148,5359447903099;408,6943415860047;6791,842503346487;4840,010311227377;0,2810269719984408;0,1682702289988306
56,416666666666664;679,999993453071;679,6217126630721;9,568386533675266;52,58848069597966;678,7509999643489;31,530790220534755;147,09746515805844;409,06187025533865;6782,641292253325;4836,308549624958;0,28099760008556257;0,16824820006417193
56,5;679,9999936253486;679,6261156031422;9,457019749973483;51,97676597210789;678,763119081355;31,22483721805338;145,67293924615652;409,4288796612225;6773,4530799433105;4832,606030907388;0,2809685142047481;0,1682263856535611
56,583333333333336;679,9999937930927;679,6304672411429;9,346950555158173;51,37217020381779;678,7751201869771;30,92186359984055;144,26223128519428;409,7953704956613;6764,277849103152;4828,902767036454;0,2809397115512549;0,1682047836634412
56,666666666666664;679,9999939564229;679,6347681761083;9,238163798744381;50,774610466154954;678,7870044382497;30,62184015288949;142,865206833903;410,1613434500088;6755,115582435785;4825,198769950613;0,2809111893482007;0,1681833920111505
56,75;679,999994115455;679,6390190000487;9,130644507865782;50,18400480182766;678,7987729807163;30,32473795433077;141,48173276616544;410,52679921496826;6745,966262660353;4821,494051564955;0,28088294484628085;0,16816220863471065
56,833333333333336;679,9999942703025;679,6432202980338;9,024377885157264;49,60027220979136;678,8104269485469;30,030528368467913;140,11167725793953;410,8917384805938;6736,8298725121695;4817,788623771124;0,28085497532348735;0,16814123149261553
56,916666666666664;679,9999944210751;679,6473726482745;8,919349306717095;49,02333263422567;678,8219674646534;29,73918304388974;138,75490977455692;411,25616193629133;6727,706394742718;4814,0824984372875;0,28082727808483177;0,16812045856362384
57,0;679,9999945678804;679,6514766222042;8,815544320015078;48,45310695327385;678,8333956408036;29,450673910542946;137,41130105780746;411,6200702708197;6718,595812119595;4810,375687408037;0,28079985046207134;0,16809988784655355
57,083333333333336;679,9999947108225;679,6555327845583;8,712948641905882;47,88951696825728;678,8447125777346;29,164973176921194;136,08072311354655;411,9834641722918;6709,498107426518;4806,668202504366;0,28077268981343684;0,16807951736007765
57,166666666666664;679,9999948500033;679,6595416934541;8,611548156605409;47,33248539279287;678,855919365265;28,882053327197355;134,76304919905138;412,34634432817535;6700,413263463268;4802,960055523581;0,28074579352336404;0,16805934514252305
57,25;679,9999949855215;679,6635039004683;8,511328913729699;46,78193584215765;678,8670170824048;28,60188711845808;133,45815381079728;412,70871142529404;6691,341263045699;4799,251258239266;0,28071915900222844;0,16803936925167137
57,333333333333336;679,9999951174739;679,6674199507145;8,412277126330991;46,23779282270669;678,8780067974659;28,324447577918477;132,16591267218044;413,07056614982844;6682,282089005687;4795,54182240121;0,28069278368608186;0,16801958776456138
57,416666666666664;679,9999952459539;679,6712903829194;8,314379168984942;45,69998172150415;678,88888956817;28,049708000199303;130,8862027214548;413,431909187317;6673,235724191136;4791,831759735365;0,2806666650363919;0,16799999877729394
57,5;679,999995371053;679,6751157294985;8,21762157586079;45,168428795886534;678,899666441756;27,777641944595644;129,61890209967314;413,7927412226569;6664,202151465922;4788,121081943772;0,28064080053978546;0,16798060040483914
57,583333333333336;679,9999954928603;679,6788965166301;8,121991038862575;44,64306116344264;678,9103384550862;27,508223232425166;128,36389013896172;414,1530629401049;6655,181353709903;4784,409800704524;0,2806151877077932;0,1679613907808449
57,666666666666664;679,9999956114623;679,682633264329;8,027474405756152;44,123806791862634;678,920906634751;27,241425944353637;127,1210473506672;414,5128750232784;6646,173313818885;4780,697927671698;0,2805898240765977;0,16794236805744828
57,75;679,9999957269434;679,6863264865194;7,934058678333145;43,61059448897619;678,9313719971735;26,977224417782963;125,89025541379195;414,87217815515606;6637,1780147045965;4776,985474475306;0,2805647072067835;0,16792353040508765
57,833333333333336;679,9999958393856;679,6899766911068;7,841731010600483;43,103353893008574;678,9417355487119;26,71559324424777;124,67139716347461;415,23097301807877;6628,195439294685;4773,272452721249;0,2805398346830914;0,16790487601231857
57,916666666666664;679,9999959488691;679,6935843800487;7,750478706969943;42,602015462749556;678,9519982857613;26,456507266843232;123,46435657956532;415,58926029375044;6619,225570532672;4769,558873991246;0,28051520411417286;0,16788640308562966
58,0;679,9999960554716;679,6971500494249;7,660289220510208;42,10651046807118;678,9621611948544;26,19994157769554;122,26901877542349;415,94704066323874;6610,268391377967;4765,844749842804;0,28049081313234947;0,1678681098492621
58,083333333333336;679,9999961592689;679,7006741895065;7,5711501511676715;41,61677098035831;678,9722252527613;25,94587151542953;121,08526998667013;416,30431480697587;6601,323884805821;4762,130091809152;0,2804666593933729;0,1678499945450297
58,166666666666664;679,9999962603348;679,7041572848249;7,483049244061135;41,13272986321537;678,9821914265881;25,69427266269031;119,91299756019558;416,6610834047594;6592,392033807326;4758,4149113991925;0,28044274057618856;0,16783205543214144
58,25;679,9999963587413;679,7075998142391;7,395974387748083;40,654320763085856;678,9920606738741;25,445120843667723;118,75208994314256;417,0173471357528;6583,472821389385;4754,6992200974555;0,2804190543827021;0,16781429078702662
58,333333333333336;679,9999964545584;679,7110022510026;7,309913612556329;40,181478100235246;679,0018339426889;25,198392121680513;117,6024366721981;417,37310667848647;6574,566230574713;4750,983029364049;0,2803955985375466;0,16779669890315999
58,416666666666664;679,999996547854;679,7143650628294;7,224855088895765;39,71413705960795;679,0115121717276;24,95406279673773;116,4639283627412;417,7283627108581;6565,672244401799;4747,2663506346125;0,28037237078785365;0,16777927809089024
58,5;679,9999966386946;679,7176887119593;7,140787125615589;39,2522335818732;679,0210962904055;24,712109403159843;115,33645669823781;418,08311591013353;6556,790845924898;4743,54919532025;0,28034936890302686;0,16776202667727017
58,583333333333336;679,9999967271449;679,7209736552226;7,057698168381421;38,79570435468899;679,0305872189514;24,472508707228258;114,21991441981274;418,4373669529473;6547,922018214027;4739,83157480751;0,2803265906745167;0,16774494300588752
58,666666666666664;679,9999968132676;679,7242203441031;6,975576798058114;38,3444868039079;679,0399858685006;24,235237704837687;113,11419531578456;418,7911165153033;6539,06574435494;4736,113500458333;0,28030403391559855;0,16772802543669893
58,75;679,999996897124;679,727429224802;6,8944117291124485;37,89851908491851;679,0492931411861;24,000273619174095;112,01919421131585;419,1443652725755;6530,222007449106;4732,39498360998;0,2802816964611533;0,16771127234586497
58,833333333333336;679,9999969787739;679,7306007382996;6,814191808049941;37,457740074175895;679,0585099302298;23,76759389844665;110,93480695832693;419,49711389950835;6521,390790613712;4728,676035575024;0,28025957616744857;0,16769468212558641
58,916666666666664;679,9999970582752;679,7337353204166;6,734906011857333;37,02208936073199;679,0676371200315;23,537176213602606;109,86093042526976;419,8493630702176;6512,572076981638;4724,956667641282;0,2802376709119245;0,16767825318394336
59,0;679,9999971356845;679,7368334018752;6,65654344646498;36,591507237916296;679,0766755862583;23,308998456093377;108,79746248719806;420,2011134581905;6503,765849701441;4721,236891071772;0,2802159785929802;0,16766198394473514
59,083333333333336;679,9999972110568;679,7398954083588;6,579093345231968;36,165934695132734;679,0856261959323;23,08303873565478;107,74430201585017;420,5523657362868;6494,972091937349;4717,516717104678;0,2801944971297625;0,16764587284732194
59,166666666666664;679,9999972844457;679,7429217605716;6,502545067448295;35,745313409680854;679,0944898075173;22,859275378112898;106,70134886984687;420,90312057673884;6486,19078686925;4713,7961569533;0,28017322446195836;0,1676299183464688
59,25;679,9999973559035;679,7459128742968;6,4268880968541;35,329585738765914;679,1032672710053;22,6376869232098;105,66850388499238;421,2533786511524;6477,421917692672;4710,075221806021;0,2801521585495873;0,1676141189121905
59,333333333333336;679,999997425481;679,7488691604549;6,3521120401674125;34,91869471148478;679,1119594280011;22,418252122454874;104,6456688646577;421,6031406305069;6468,665467618777;4706,353922826252;0,2801312973727973;0,167598473029598
59,416666666666664;679,9999974932275;679,7517910251605;6,2782066256517055;34,51258402106862;679,1205671118072;22,20094993699604;103,63274657028329;421,95240718515623;6459,921419874351;4702,632271152406;0,28011063893166277;0,16758297919874707
59,5;679,9999975591913;679,7546788697792;6,2051617016749105;34,11119801702867;679,1290911475066;21,98575953550801;102,62964071191894;422,30117898482877;6451,189757701782;4698,910277897845;0,28009018124598406;0,16756763593448804
59,583333333333336;679,9999976234194;679,7575330909833;6,132967235302544;33,714481697544315;679,1375323520458;21,772660292117507;101,63625593894474;422,6494566986282;6442,470464359065;4695,187954150843;0,28006992235509004;0,16755244176631753
59,666666666666664;679,9999976859573;679,7603540808067;6,061613310902203;33,32238070187533;679,1458915343162;21,561631784339852;100,65249783084575;422,99724099503385;6433,763523119779;4691,465310974558;0,2800498603176411;0,16753739523823083
59,75;679,9999977468497;679,7631422266998;5,991090128765109;32,93484130287594;679,154169495235;21,35265379102691;99,67827288801523;423,3445325419009;6425,068917273085;4687,742359406976;0,28002999321143596;0,16752249490857699
59,833333333333336;679,9999978061396;679,7658979115834;5,921388003747552;32,551810399586316;679,1623670278252;21,145706290366206;98,71348852277647;423,69133200646104;6416,386630123719;4684,019110460892;0,2800103191332195;0,16750773934991461
59,916666666666664;679,9999978638693;679,7686215139015;5,85249736390665;32,17323550988233;679,170484917295;20,940769457860142;97,75805305036322;424,0376400553227;6407,716644991964;4680,295575123853;0,2799908361984921;0,16749312714886905
60,0;679,9999979200801;679,7713134076746;5,784408749195791;31,799064763314203;679,1785239411155;20,73782366435921;96,81187568006077;424,3834573544715;6399,058945213666;4676,571764358136;0,27997154254132284;0,16747865690599212
60,083333333333336;679,9999979748117;679,7739739625509;5,717112810137337;31,429246893949966;679,1864848690991;20,536849474115115;95,87486650651601;424,7287845692705;6390,413514140215;4672,847689100711;0,2799524363141621;0,1674643272356216
60,166666666666664;679,9999980281029;679,7766035438583;5,650600306518072;31,063731233252934;679,1943684634756;20,337827642813977;94,94693650087434;425,0736223644607;6381,780335138529;4669,1233602632;0,27993351568765856;0,1674501367657439
60,25;679,9999980799919;679,7792025126548;5,5848621061159065;30,702467703167446;679,2021754789683;20,14073911568346;94,02799750230794;425,4179714041612;6373,159391591056;4665,398788731839;0,279914778850476;0,167436084137857
60,333333333333336;679,9999981305155;679,7817712257788;5,519889183426585;30,345406809194966;679,2099066628695;19,945565025588508;93,11796220945345;425,7618323518697;6364,550666895767;4661,673985367456;0,2798962240091133;0,167422168006835
60,416666666666664;679,9999981797096;679,7843100358987;5,455672618415974;29,992499633610656;679,2175627551143;19,752286691149834;92,2167441719649;426,10520587046256;6355,954144466144;4657,948961005433;0,27987784938772575;0,1674083870407943
60,5;679,9999982276091;679,7868192915616;5,392203595272349;29,643697828679986;679,2251444883547;19,560885614882295;91,3242577821532;426,4480926221952;6347,369807731176;4654,223726455663;0,2798596532279488;0,16739473992096163
60,583333333333336;679,9999982742482;679,7892993372423;5,3294734011871014;29,298953610030363;679,2326525880322;19,37134348136169;90,44041826674082;426,79049326870245;6338,797640135348;4650,498292502537;0,2798416337887226;0,16738122534154198
60,666666666666664;679,9999983196602;679,7917505133902;5,26747342514966;28,958219750071233;679,2400877724502;19,183642155400094;89,56514167864549;427,1324084709987;6330,237625138645;4646,772669904888;0,2798237893461194;0,16736784200958957
60,75;679,999998363877;679,7941731564774;5,206195156750937;28,62144957151593;679,247450752845;18,99776368024959;88,69834488891614;427,4738388894782;6321,689746216538;4643,046869395989;0,279806118193172;0,167354588644879
60,833333333333336;679,9999984069303;679,796567599045;5,1456301849896136;28,288596940874445;679,2547422334567;18,813690275800354;87,83994557862358;427,8147851839153;6313,15398685997;4639,320901683488;0,27978861863970395;0,16734146397977798
60,916666666666664;679,9999984488509;679,7989341697493;5,085770197132433;27,95961626222723;679,261962911599;18,63140433684123;86,98986223100239;428,1552480134646;6304,630330575375;4635,5947774494125;0,27977128901216247;0,16732846675912186
61,0;679,9999984896682;679,8012731934072;5,026606977540382;27,6344624708924;679,2691134777284;18,450888431297585;86,14801412356402;428,49522803666116;6296,118760884658;4631,868507350125;0,2797541276534518;0,16731559574008886
61,083333333333336;679,9999985294114;679,8035849910416;4,968132406526138;27,313091027141404;679,2761946155127;18,272125298494757;85,31432132022225;428,8347259114209;6287,619261325176;4628,142102016279;0,2797371329227694;0,16730284969207707
61,166666666666664;679,9999985681088;679,8058698799259;4,910338459245622;26,99545791021022;679,283207001899;18,095097847466945;84,4887046636986;429,1737422950404;6279,131815449763;4624,415572052818;0,27972030319544244;0,16729022739658186
61,25;679,9999986057879;679,8081281736277;4,853217204572502;26,68151961215071;679,2901513071803;17,919789155246235;83,67108576781261;429,51227784419757;6270,65640682671;4620,688928038935;0,27970363686276734;0,1672777276470755
61,333333333333336;679,9999986424756;679,8103601820522;4,796760804006794;26,37123313190481;679,2970281950622;17,746182465191396;82,86138700993666;429,85033321495126;6262,193019039759;4616,962180528044;0,2796871323318506;0,16726534924888797
61,416666666666664;679,9999986781978;679,8125662114859;4,740961510583475;26,06455596933514;679,3038383227288;17,57426118533374;82,05953152352919;430,18790906274194;6253,7416356881085;4613,235340047758;0,2796707880254509;0,1672530910190882
61,5;679,9999987129801;679,814746564638;4,685811667798134;25,76144611939612;679,3105823409071;17,40400888672582;81,2654431906843;430,5250060423914;6245,302240386397;4609,508417099862;0,27965460238182294;0,16724095178636722
61,583333333333336;679,999998746847;679,8169015406831;4,631303708552537;25,46186206637776;679,3172608939323;17,235409301824234;80,47904663484206;430,86162480810316;6236,874816764717;4605,781422160283;0,2796385738545626;0,16722893039092193
61,666666666666664;679,9999987798228;679,8190314353027;4,577430154097328;25,165762778168833;679,3238746198106;17,06844632286959;79,70026721346578;431,1977660134625;6228,459348468597;4602,054365679076;0,27962270091245467;0,167217025684341
61,75;679,9999988119308;679,8211365407254;4,524183613003174;24,873107700597597;679,330424150283;16,903104000306257;78,92903101089233;431,5334303114365;6220,055819159008;4598,327258080388;0,2796069820393209;0,16720523652949065
61,833333333333336;679,999998843194;679,8232171457682;4,471556780134733;24,58385675190813;679,3369101108871;16,739366541196432;78,16526483117826;431,86861835437435;6211,664212512358;4594,600109762442;0,27959141573387103;0,1671935618004033
61,916666666666664;679,9999988736345;679,8252735358761;4,41954243564453;24,297970317231876;679,3433331210193;16,577218307674002;77,40889619111489;432,2033307940071;6203,284512220492;4590,872931097518;0,2795760005095536;0,1671820003821652
62,0;679,999998903274;679,8273059931616;4,3681334439583;24,015409243088243;679,349693793996;16,416643815378507;76,65985331314036;432,5375682814481;6194,916701990684;4587,145732431917;0,27956073489440947;0,16717055117080712
62,083333333333336;679,9999989321335;679,829314796444;4,31732275280865;23,736134832064458;679,3559927371138;16,257627731948787;75,91806511851523;432,8713314671928;6186,560765545647;4583,418524085953;0,279545617430927;0,16715921307319526
62,166666666666664;679,9999989602336;679,8313002212877;4,267103392237459;23,46010883745668;679,3622305517093;16,1001548754939;75,18346122042406;433,20462100111894;6178,2166866235175;4579,691316353921;0,2795306466758976;0,1671479850069232
62,25;679,9999989875943;679,8332625400407;4,217468473646591;23,187293458017724;679,3684078332192;15,944210213106658;74,45597191723343;433,53743753248654;6169,884448977867;4575,964119504089;0,27951582120027396;0,1671368659002055
62,333333333333336;679,999999014235;679,8352020218716;4,168411188840082;22,91765133279679;679,3745251712379;15,78977885937718;73,73552818576637;433,869781709938;6161,564036377693;4572,23694377866;0,279501139589029;0,16712585469177177
62,416666666666664;679,9999990401747;679,837118932808;4,119924809083386;22,651145535959884;679,3805831495765;15,636846074926325;73,02206167467166;434,2016541814981;6153,255432607423;4568,509799393774;0,27948660044101636;0,16711495033076226
62,5;679,9999990654318;679,8390135357722;4,072002684165454;22,38773957171678;679,38658234632;15,485397264953349;72,31550469781357;434,53305559457397;6144,958621466914;4564,782696539473;0,279472202368832;0,16710415177662402
62,583333333333336;679,9999990900242;679,8408860906181;4,024638241489242;22,127397369320672;679,3925233338838;15,335417977794918;71,61579022778118;434,8639865959551;6136,673586771445;4561,055645379689;0,2794579439986789;0,16709345799900918
62,666666666666664;679,9999991139695;679,8427368541671;3,9778249851508463;21,870083278082397;679,3984066790707;15,186893903509713;70,92285188944697;435,1944478318136;6128,400312351727;4557,328656052218;0,27944382397023027;0,16708286797767272
62,75;679,9999991372848;679,8445660802436;3,9315564950584303;21,615762062539655;679,4042329431262;15,039810872468706;70,23662395358323;435,5244399477038;6120,138782053897;4553,601738668721;0,27942984093649714;0,16707238070237285
62,833333333333336;679,9999991599865;679,84637401971;3,885826426031258;21,36439889755358;679,410002681794;14,894154853965347;69,55704133055248;435,8539635885625;6111,888979739526;4549,874903314693;0,2794159935636943;0,16706199517277076
62,916666666666664;679,9999991820908;679,8481609205014;3,8406285069129353;21,115959363468313;679,4157164453703;14,749911954811523;68,8840395639485;436,1830193987089;6103,650889285599;4546,148160049438;0,2794022805311112;0,16705171039833341
63,0;679,9999992036135;679,8499270276601;3,795956539735812;20,870409441541863;679,4213747787583;14,607068418013114;68,21755482457098;436,5116080218445;6095,4244945845485;4542,4215189060815;0,2793887005309802;0,16704152539823514
63,083333333333336;679,9999992245698;679,8516725833692;3,7518043988342242;20,627715509125068;679,426978221521;14,465610621380165;67,55752390413251;436,8397301010532;6087,209779544224;4538,694989891523;0,27937525226834947;0,16703143920126212
63,166666666666664;679,9999992449747;679,8533978269863;3,7081660300145813;20,3878443351167;679,4325273079354;14,325525076219492;66,90388420931546;437,16738627880113;6079,006728087916;4534,968582986449;0,27936193446095503;0,1670214508457163
63,25;679,9999992648426;679,8551029950764;3,665035449708398;20,150763075350746;679,4380225670437;14,186798425981806;66,25657375562322;437,49457719693663;6070,815324154339;4531,242308145301;0,279348745839095;0,16701155937932127
63,333333333333336;679,9999992841877;679,8567883214446;3,62240674415375;19,91643926812422;679,4434645227059;14,049417444971368;65,61553116152359;437,82130349669023;6062,635551697649;4527,51617529627;0,2793356851455059;0,1670017638591294
63,416666666666664;679,9999993030237;679,8584540371685;3,5802740685767276;19,684840829734625;679,448853693651;13,913369037044276;64,9806956425264;438,14756581867454;6054,467394687435;4523,790194341281;0,2793227511352375;0,16699206335142816
63,5;679,9999993213642;679,86010037063;3,5386316463814182;19,45593605003201;679,454190593528;13,778640234318118;64,35200700532704;438,47336480288425;6046,31083710873;4520,064375155982;0,2793099425755328;0,16698245693164962
63,583333333333336;679,9999993392219;679,8617275475472;3,497473768354098;19,22969358812602;679,459475730956;13,645218195904363;63,729405642044654;438,79870108869596;6038,165862961998;4516,338727589725;0,2792972582457056;0,1669729436842792
63,666666666666664;679,9999993566098;679,8633357910049;3,4567947918674236;19,00608246797666;679,4647096095742;13,513090206646439;63,11283252446037;439,12357531486816;6030,032456263148;4512,6132614655635;0,27928469693702185;0,16696352270276638
63,75;679,9999993735402;679,8649253214863;3,416589140121573;18,785072074304935;679,4698927280915;13,382243675889072;62,50222919844911;439,4479881195411;6021,910601043541;4508,887986580247;0,27927225745258033;0,1669541930894353
63,833333333333336;679,999999390025;679,8664963569026;3,376851301345596;18,566632148207788;679,4750255803348;13,252666136216362;61,89753777822188;439,7719401402367;6013,800281349977;4505,162912704191;0,27925993860719656;0,1669449539553974
63,916666666666664;679,999999406076;679,8680491126236;3,3375758280584478;18,350732783107492;679,4801086552975;13,124345242255231;61,29870094087295;440,0954320138586;6005,701481244707;4501,438049581474;0,27924773922728596;0,1669358044204645
64,0;679,9999994217047;679,8695838015071;3,298757336310132;18,137344420642812;679,4851424371877;12,997268769461812;60,70566192087336;440,4184643766917;5997,614184805434;4497,713406929846;0,27923565815074947;0,1669267436130621
64,08333333333333;679,999999436922;679,8711006339289;3,260390504939892;17,92643784657475;679,4901274054754;12,871424612924898;60,11836450460161;440,74103786440236;5989,538376125326;4493,988994440698;0,27922369422685905;0,1669177706701443
64,16666666666667;679,9999994517391;679,8725998178109;3,2224700748287205;17,7179841867601;679,4950640349391;12,746800786166546;59,536753024903064;441,06315311203815;5981,474039312992;4490,2648217790575;0,27921184631614615;0,1669088847371096
64,25;679,9999994661662;679,8740815586506;3,184990848205871;17,511954903284913;679,4999527957125;12,623385419999522;58,96077235585953;441,38481075402774;5973,421158492523;4486,540898583592;0,27920011329029004;0,16690008496771752
64,33333333333333;679,9999994802135;679,875546059549;3,147947687889996;17,308321790394444;679,5047941533305;12,50116676134212;58,39036790740221;441,70601142418076;5965,379717803461;4482,817234466585;0,27918849403200674;0,16689137052400507
64,41666666666667;679,9999994938913;679,8769935212391;3,111335516612712;17,107056970742907;679,5095885687745;12,380133172075602;57,82548562011005;442,02675575568765;5957,34970140082;4479,093839013945;0,2791769874349413;0,16688274057620597
64,5;679,9999995072093;679,878424142113;3,0751493163052146;16,908132891531775;679,5143364985174;12,26027312792155;57,266071960069894;442,3470443811196;5949,331093455092;4475,370721785189;0,2791655924035582;0,16687419430266864
64,58333333333333;679,9999995201766;679,8798381182496;3,0393841274076294;16,711522320711065;679,5190383945686;12,141575217296463;56,71207391367064;442,6668779324283;5941,323878152242;4471,647892313442;0,2791543078530353;0,1668657308897765
64,66666666666667;679,9999995328028;679,8812356434416;3,004035048175524;16,517198343200022;679,5236947045174;12,024028140200471;56,16343898253754;442,9862570409458;5933,328039693708;4467,925360105419;0,27914313270915814;0,16685734953186865
64,75;679,9999995450968;679,8826169092224;2,96909723402905;16,325134357320977;679,5283058715773;11,90762070713447;55,62011517856939;443,30518233738445;5925,343562296424;4464,20313464144;0,2791320659082144;0,16684904943116077
64,83333333333333;679,9999995570672;679,8839821048921;2,9345658968594535;16,13530407102972;679,5328723346291;11,792341837985987;55,082051018872775;443,62365445183656;5917,370430192808;4460,4812253754135;0,2791211063968901;0,16684082979766757
64,91666666666667;679,9999995687226;679,885331417544;2,9004363043782178;15,947681498334816;679,5373945282633;11,678180560952;54,549195520844606;443,9416740137744;5909,408627630766;4456,75964173483;0,279110253132168;0,16683268984912597
65,0;679,9999995800714;679,8866650320901;2,8667037794662065;15,762240955736331;679,5418728828231;11,565126011481652;54,021498197324604;444,25924165204987;5901,458138873706;4453,038393120766;0,27909950508122455;0,16682462881091842
65,08333333333333;679,9999995911215;679,8879831312872;2,8333636995313327;15,57895705874206;679,5463078244458;11,45316743120759;53,498909051747894;444,5763579948946;5893,518948200538;4449,317488907878;0,27908886122133014;0,16681664591599762
65,16666666666667;679,9999996018809;679,8892858957611;2,800411495857702;15,397804718291702;679,5506997751046;11,342294166894362;52,981378573309826;444,89302366991933;5885,591039905674;4445,596938444394;0,279078320539749;0,16680874040481175
65,25;679,999999612357;679,8905735040323;2,7678426529945455;15,218759137403923;679,5550491526499;11,232495669406717;52,46885773227505;445,20923930411425;5877,674398299038;4441,876751052123;0,2790678820336403;0,16680091152523024
65,33333333333333;679,9999996225577;679,8918461325403;2,7356527081167314;15,041795807702284;679,5593563708493;11,123761492677886;51,96129797524533;445,5250055238483;5869,769007706069;4438,15693602644;0,2790575447099617;0,1667931585324713
65,41666666666667;679,9999996324897;679,893103955668;2,703837250433594;14,866890506164042;679,5636218394287;11,016081292709146;51,45865122060453;445,8403229548693;5861,874852467734;4434,437502636305;0,27904730758537105;0,1667854806890283
65,5;679,9999996421604;679,8943471457658;2,6723919205409175;14,694019291592788;679,5678459641117;10,909444826523895;50,96086985371639;446,15519222230375;5853,991916940509;4430,718460124228;0,2790371696861319;0,16677787726459892
65,58333333333333;679,9999996515768;679,8955758731751;2,641312409866714;14,523158501565907;679,572029146659;10,803841951218374;50,467906722604276;446,4696139506564;5846,120185496417;4426,999817706311;0,2790271300480184;0,16677034753601377
65,66666666666667;679,9999996607452;679,8967903062519;2,610594460043103;14,354284749018655;679,5761717849078;10,699262622944161;49,979715133276656;446,7835887638103;5838,2596425230095;4423,2815845722125;0,2790171877162212;0,16676289078716588
65,75;679,9999996696724;679,8979906113901;2,580233862332193;14,18737491909956;679,5802742728105;10,595696895933315;49,496248845291476;447,09711728502646;5830,410272423372;4419,563769885164;0,2790073417452549;0,16675550630894115
65,83333333333333;679,9999996783648;679,8991769530445;2,550226457057647;14,022406166045206;679,5843370004725;10,493134921549085;49,01746206739057;447,41020013694356;5822,572059616149;4415,84638278198;0,278997591198866;0,16674819339914954
65,91666666666667;679,9999996868283;679,9003494937531;2,520568133007828;13,859355909938747;679,5883603541907;10,391566947308206;48,54330945303521;447,72283794157795;5814,744988535532;4412,129432373035;0,27898793514994225;0,16674095136245667
66,0;679,9999996950693;679,9015083941597;2,4912548268815726;13,698201833657363;679,5923447164909;10,290983315940139;48,07374609609812;448,0350313203233;5806,92904363126;4408,4129277422835;0,2789783726804219;0,16673377951031645
66,08333333333333;679,9999997030933;679,9026538130361;2,462282522739656;13,538921879892403;679,5962904661643;10,191374464460523;47,60872752662973;448,3467808939504;5799,12420936865;4404,6968779472645;0,2789689028812057;0,16672667716090425
66,16666666666667;679,9999997109062;679,9037859073037;2,4336472514306706;13,381494247970886;679,6001979783055;10,092730923224735;47,148209706496615;448,6580872826068;5791,330470228573;4400,98129201909;0,2789595248520669;0,16671964363905017
66,25;679,9999997185134;679,9049048320556;2,405345090062383;13,225897391016156;679,6040676243479;9,995043315018393;46,692149025258935;448,9689511058169;5783,547810707485;4397,266178962458;0,27895023770156513;0,16671267827617384
66,33333333333333;679,9999997259205;679,9060107405776;2,3773721614446686;13,072110012846888;679,6078997721;9,898302354139332;46,24050229592423;449,2793729824815;5775,776215317413;4393,551547755653;0,2789410405469599;0,16670578041021994
66,41666666666667;679,9999997331328;679,9071037843689;2,3497246335722366;12,920111065186216;679,6116947857817;9,802498845510854;45,79322675091131;449,58935353087753;5768,015668585975;4389,8374073505565;0,278931932514124;0,16669894938559304
66,5;679,9999997401552;679,908184113164;2,322398719095986;12,76987974473516;679,6154530260584;9,70762368377791;45,35028003789056;449,8988933686579;5760,266155056381;4386,123766672647;0,27892291273745984;0,1666921845530949
66,58333333333333;679,9999997469928;679,9092518749525;2,295390674780151;12,621395490226705;679,6191748500772;9,613667852420349;44,91162021573136;450,2079931128514;5752,5276592874325;4382,410634620992;0,27891398035981463;0,166685485269861
66,66666666666667;679,9999997536505;679,9103072159995;2,2686968010077635;12,474637979722116;679,622860611501;9,520622422888891;44,47720575053596;450,5166533798621;5744,800165853535;4378,698020068276;0,2789051345323976;0,16667885089929824
66,75;679,999999760133;679,9113502808664;2,242313441274746;12,329587127805528;679,6265106605426;9,428478553738273;44,04699551166099;450,8248747854694;5737,083659344711;4374,985931860794;0,27889637441469767;0,16667228081102325
66,83333333333333;679,999999766445;679,9123812124298;2,2162369816669525;12,18622308275913;679,6301253439991;9,33722748976038;43,620948767751386;451,13265794482777;5729,378124366592;4371,274378818461;0,27888769917440215;0,1666657743808016
66,91666666666667;679,9999997725907;679,913400151902;2,1904638503798424;12,044526223922482;679,6337050052852;9,246860561145809;43,199025182885464;451,4400034724664;5721,683545540429;4367,563369734811;0,27887910798731563;0,16665933099048674
67,0;679,9999997785749;679,9144072388501;2,164990517218257;11,9044771589404;679,6372499844663;9,15736918263974;42,78118481270351;451,746911982289;5713,999907503108;4363,852913377017;0,2788706000372809;0,1666529500279607
67,08333333333333;679,9999997844014;679,9154026112153;2,139813493118936;11,766056721165873;679,6407606182919;9,068744852714872;42,367388100614676;452,0533840875736;5706,327194907146;4360,14301848589;0,27886217451609946;0,1666466308870746
67,16666666666667;679,9999997900749;679,9163864053317;2,114929329653137;11,62924596693216;679,6442372402279;8,980979152738655;41,95759587398324;452,3594204009721;5698,665392420697;4356,433693775884;0,27885383062345304;0,16664037296758982
67,25;679,9999997955988;679,917358755945;2,090334618580414;11,494026173110777;679,6476801804889;8,894063746174652;41,551769340442526;452,66502153451034;5691,014484727569;4352,72494793512;0,27884556756682655;0,16663417567511996
67,33333333333333;679,9999998009775;679,9183197962316;2,0660259913455548;11,360378834330286;679,6510897660704;8,807990377746933;41,14987008406888;452,9701880995875;5683,374456527211;4349,0167896253615;0,27883738456143103;0,16662803842107327
67,41666666666667;679,9999998062146;679,9192696578162;2,042000118649412;11,228285660689327;679,65446632078;8,722750872678375;40,75186006189736;453,27492070697616;5675,745292534751;4345,3092274820765;0,27882928083012803;0,16662196062259602
67,5;679,999999811314;679,9202084707905;2,0182537099600495;11,097728574999639;679,6578101652689;8,638337135866436;40,35770160011215;453,57921996682177;5668,1269774809625;4341,602270114385;0,2788212556033547;0,16661594170251603
67,58333333333333;679,999999816279;679,9211363637306;1,9947835130864178;10,968689710513633;679,6611216170631;8,554741151127132;39,96735739058704;453,8830864886426;5660,519496112304;4337,895926105116;0,2788133081190485;0,16660998108928635
67,66666666666667;679,9999998211135;679,9220534637151;1,9715863137093947;10,841151408327299;679,6644009905941;8,47195498039639;39,580790487215815;454,1865208813294;5652,92283319091;4334,190204010802;0,27880543762257415;0,1666040782169306
67,75;679,9999998258207;679,9229598963423;1,948658934961145;10,715096215083552;679,667648597229;8,3899707629854;39,197964302493915;454,489523753145;5645,336973494604;4330,485112361685;0,27879764336665036;0,1665982325249878
67,83333333333333;679,9999998304042;679,9238557857475;1,9259982369618456;10,590506880438136;679,6708647453007;8,308780714793329;38,818842603890054;454,7920957117244;5637,7619018168925;4326,78065966173;0,2787899246112783;0,1665924434584587
67,91666666666667;679,999999834867;679,9247412546204;1,9036011164189404;10,467366354840488;679,6740497401379;8,22837712758826;38,44338951053904;455,09423736407416;5630,197602966996;4323,076854388645;0,27878228062366905;0,1665867104677518
68,0;679,9999998392124;679,9256164242213;1,881464506166708;10,345657787052941;679,6772038840943;8,148752368228429;38,07156948968753;455,3959493165723;5622,644061769822;4319,373704993874;0,27877471067817367;0,16658103300863028
68,08333333333333;679,9999998434433;679,9264814143986;1,8595853747768842;10,22536452198489;679,680327476578;8,069898877951687;37,70334735338688;455,6972321749679;5615,101263066002;4315,671219902629;0,27876721405621285;0,16657541054215963
68,16666666666667;679,999999847563;679,9273363436046;1,8379607261181263;10,106470098289517;679,6834208140803;7,99180917163369;37,338688255120076;455,99808654438107;5607,569191711886;4311,969407513891;0,2787597900462074;0,16656984253465554
68,25;679,9999998515743;679,928181328912;1,8165875989609503;9,988958246202795;679,6864841902044;7,914475837068835;36,97755768646988;456,29851302930246;5600,047832579548;4308,2682762004315;0,27875243794350946;0,16656432845763208
68,33333333333333;679,9999998554799;679,9290164860304;1,7954630665570903;9,872812885237135;679,6895178956937;7,837891534248342;36,61992147380345;456,5985122335931;5592,537170556797;4304,567834308818;0,2787451570503351;0,1665588677877513
68,41666666666667;679,999999859283;679,9298419293214;1,774584236238752;9,758018121976772;679,69252221846;7,762048994655402;36,26574577503519;456,8980847604842;5585,03719054717;4300,86809015942;0,27873794667569596;0,16655346000677201
68,5;679,9999998629858;679,9306577718149;1,7539482490406044;9,644558248013672;679,695497443611;7,6869410205745226;35,91499707643905;457,1972312125767;5577,5478774699695;4297,169052046452;0,27873080613533363;0,16654810460150024
68,58333333333333;679,9999998665912;679,9314641252248;1,7335522792706115;9,53241773760726;679,6984438534779;7,612560484369624;35,567642189341335;457,49595219184107;5570,069216260226;4293,4707282379495;0,278723734751653;0,16654280106373978
68,66666666666667;679,9999998701018;679,9322610999637;1,7133935341604456;9,421581245741455;679,7013617276428;7,538900327833176;35,223648247101885;457,79424829961715;5562,601191868754;4289,773126975818;0,2787167318536572;0,1665375488902429
68,75;679,9999998735199;679,9330488051586;1,6934692534505302;9,312033605886153;679,7042513429656;7,465953561472816;34,88298270186045;458,09212013661374;5555,143789262115;4286,076256475822;0,2787097967768827;0,166532347582662
68,83333333333333;679,9999998768482;679,9338273486655;1,6737767090319267;9,203759827996109;679,7071129736103;7,393713263857649;34,5456133214931;458,38956830290846;5547,696993422653;4282,380124927619;0,27870292886333536;0,1665271966475015
68,91666666666667;679,9999998800888;679,9345968370849;1,654313204565483;9,0967450964517;679,7099468910719;7,322172580947495;34,21150818654812;458,6865933979473;5540,260789348493;4278,684740494769;0,27869612746142736;0,16652209559607054
69,0;679,9999998832442;679,9353573757754;1,6350760750981408;8,990974767941525;679,7127533642025;7,251324725422137;33,88063568714059;458,98319602054465;5532,835162053537;4274,990111314741;0,27868939192591397;0,16651704394443548
69,08333333333333;679,9999998863166;679,9361090688693;1,616062686719033;8,886434369596978;679,715532659237;7,181162976041833;33,5529645200283;459,2793767688826;5525,420096567488;4271,296245498945;0,27868272161783103;0,1665120412133733
69,16666666666667;679,999999889308;679,9368520192861;1,597270436181475;8,783109596884536;679,7182850398191;7,11168067698793;33,22846368554345;459,57513624051114;5518,015577935848;4267,603151132737;0,2786761159044342;0,16650708692832566
69,25;679,9999998922208;679,937586328747;1,5786967505476923;8,680986311696719;679,721010767026;7,04287123722338;32,90710248467679;459,8704750323475;5510,621591219922;4263,910836275443;0,2786695741591376;0,16650218061935326
69,33333333333333;679,9999998950569;679,9383120977888;1,5603390868449196;8,580050540443047;679,7237100993941;6,9747281298703;32,58885051619048;460,1653937406761;5503,238121496833;4260,219308960379;0,2786630957614541;0,1664973218210906
69,41666666666667;679,9999998978184;679,9390294257776;1,5421949317044437;8,480288472082847;679,7263832929441;6,907244891570485;32,273677673673454;460,4598929611483;5495,86515385952;4256,528577194858;0,2786566800969342;0,16649251007270063
69,5;679,9999999005073;679,9397384109226;1,5242618010205433;8,381686456250137;679,729030601205;6,840415121857291;31,961554142646033;460,7539732887819;5488,502673416752;4252,8386489602135;0,2786503265571081;0,16648774491783108
69,58333333333333;679,9999999031253;679,9404391502896;1,5065372396179555;8,284231001417243;679,7316522752387;6,774232482558773;31,65245039781707;461,0476353179612;5481,150665293136;4249,149532211829;0,27864403453942704;0,1664830259045703
69,66666666666667;679,9999999056746;679,9411317398144;1,4890188208909194;8,187908772956701;679,7342485636647;6,708690697163888;31,34633720015155;461,34087964243645;5473,809114629103;4245,461234879129;0,2786378034472048;0,1664783525854036
69,75;679,9999999081566;679,9418162743156;1,4717041465047487;8,092706591459924;679,7368197126832;6,643783550248372;31,043185594226514;461,6337068553238;5466,478006580954;4241,773764865638;0,2786316326895603;0,16647372451717024
69,83333333333333;679,9999999105734;679,9424928475079;1,454590846026349;7,998611430726425;679,7393659660993;6,579504886835252;30,74296690527811;461,9261175491048;5459,15732632082;4238,087130048954;0,2786255216813617;0,16646914126102128
69,91666666666667;679,9999999129266;679,9431615520151;1,437676576637159;7,905610416213304;679,7418875653462;6,515848611851993;30,44565273671401;462,2181123156264;5451,847059036714;4234,401338280813;0,278619469843169;0,16646460238237676
70,0;679,9999999152178;679,9438224793826;1,4209590227864055;7,813690823097151;679,7443847495088;6,4528086895080605;30,15121496721399;462,5096917461005;5444,547189932504;4230,71639738708;0,27861347660117897;0,16646010745088424
70,08333333333333;679,9999999174488;679,9444757200899;1,4044358958813064;7,722840074602404;679,7468577553459;6,390379142726488;29,859625748131158;462,8008564311037;5437,257704227934;4227,032315167774;0,2786075413871698;0,16645565604037738
70,16666666666667;679,9999999196211;679,9451213635634;1,38810493397159;7,633045740252211;679,7493068173139;6,328554052572599;29,570857500843772;463,0916069605771;5429,978587158628;4223,349099397097;0,2786016636384465;0,1664512477288349
70,25;679,9999999217363;679,9457594981883;1,371963901442541;7,5442955341968;679,7517321675888;6,2673275576798915;29,284882914111147;463,38194392382604;5422,709823976101;4219,666757823451;0,27859584279778693;0,1664468820983402
70,33333333333333;679,9999999237957;679,9463902113209;1,3560105886995188;7,4565773134885545;679,7541340360884;6,206693853687284;29,001674941483127;463,6718679095198;5415,451399947756;4215,9852981694585;0,2785900783133878;0,16644255873504082
70,41666666666667;679,9999999258009;679,9470135893006;1,3402428118695298;7,369879076429771;679,7565126504949;6,146647192682053;28,721206798701324;463,96137950569135;5408,203300356898;4212,30472813198;0,2785843696388123;0,16643827722910923
70,5;679,9999999277535;679,9476297174615;1,3246584125084837;7,284188960973714;679,758868236276;6,087181882651294;28,44345196119917;464,25047929973715;5400,96551050274;4208,625055382146;0,2785787162329375;0,16643403717470312
70,58333333333333;679,9999999296546;679,9482386801446;1,3092552572999239;7,19949524308206;679,7612010167076;6,028292286936221;28,16838416156494;464,5391678784167;5393,738015700408;4204,946287565376;0,2785731175599019;0,1664298381699264
70,66666666666667;679,9999999315056;679,9488405607091;1,2940312377480723;7,115786335024203;679,763511212894;5,969972823675107;27,895977386975925;464,82744582785256;5386,520801280946;4201,26843230139;0,27856757308905455;0,1664256798167909
70,75;679,999999933308;679,9494354415436;1,2789842699135079;7,033050783943047;679,7657990437901;5,912217965291688;27,626205876826173;465,1153137335299;5379,313852591326;4197,5914971842485;0,27856208229490365;0,16642156172117775
70,83333333333333;679,999999935063;679,9500234040781;1,2641122941090543;6,951277270168843;679,7680647262223;5,855022237946628;27,359044120210083;465,40277218029627;5372,117154994453;4193,915489782368;0,2785566446570665;0,1664174834927999
70,91666666666667;679,9999999367717;679,9506045287943;1,2494132746212472;6,870454605726845;679,7703084749086;5,798380221017396;27,09446685350074;465,6898217523614;5364,930693869168;4190,240417638541;0,27855125966021943;0,16641344474516456
71,0;679,9999999384355;679,9511788952373;1,2348851994346433;6,790571732772276;679,7725305024801;5,742286546578157;26,832449057957067;465,97646303329697;5357,754454610257;4186,566288269958;0,27854592679404777;0,16640944509553582
71,08333333333333;679,9999999400555;679,9517465820262;1,2205260799561302;6,711617722127052;679,7747310195007;5,686735898885331;26,572965957355684;466,26269660603623;5350,588422628463;4182,893109168248;0,27854064555319835;0,16640548416489878
71,16666666666667;679,999999941633;679,9523076668652;1,2063339507335513;6,633581771700218;679,7769102344878;5,631723013871692;26,315993015622766;466,5485230528739;5343,432583350483;4179,220887799483;0,27853541543722926;0,166401561577922
71,25;679,9999999431689;679,9528622265539;1,1923068691942262;6,5564532050828115;679,779068353932;5,577242678629091;26,061505934486515;466,8339429554659;5336,286922218976;4175,549631604213;0,27853023595056325;0,16639767696292246
71,33333333333333;679,9999999446643;679,953410336998;1,1784429153749443;6,480221470045826;679,781205582317;5,523289730922443;25,80948065119139;467,1189568948289;5329,151424692574;4171,879347997492;0,27852510660243907;0,1663938299518293
71,41666666666667;679,9999999461204;679,9539520732197;1,1647401916576428;6,404876137101154;679,7833221221393;5,469859058680981;25,559893336179375;467,40356545134046;5322,026076245885;4168,210044368894;0,2785200269068656;0,1663900201801492
71,5;679,9999999475382;679,9544875093682;1,1511968225164537;6,330406898101305;679,7854181739274;5,416945599526457;25,31272039087014;467,6877692047384;5314,910862369498;4164,541728082549;0,27851499638257426;0,16638624728693072
71,58333333333333;679,9999999489187;679,9550167187292;1,13781095425054;6,256803564795506;679,7874939362611;5,364544340270072;25,067938445387604;467,9715687341208;5307,805768569995;4160,874406477165;0,2785100145529734;0,1663825109147301
71,66666666666667;679,9999999502629;679,9555397737361;1,1245807547368258;6,184056067448788;679,7895496057905;5,312650316440681;24,82552435632361;468,2549646179457;5300,710780369947;4157,208086866054;0,27850508094610277;0,16637881070957708
71,75;679,9999999515717;679,9560567459787;1,1115044131713603;6,112154453441708;679,7915853772553;5,261258611810149;24,58545520457981;468,5379574340307;5293,625883307931;4153,542776537153;0,27850019509458734;0,1663751463209405
71,83333333333333;679,999999952846;679,956567706214;1,0985801398248896;6,041088885913657;679,7936014435027;5,21036435791018;24,347708293123116;468,82054775955316;5286,551062938524;4149,878482753056;0,2784953565355936;0,1663715174016952
71,91666666666667;679,9999999540869;679,9570727243752;1,085806165801273;5,97084964244495;679,7955979955062;5,1599627335832565;24,11226114489347;469,10273617104946;5279,4863048323205;4146,215212751045;0,27849056481078505;0,1663679236080888
72,0;679,999999955295;679,9575718695818;1,0731807427930562;5,901427113729208;679,7975752223844;5,110048964516523;23,879091500682847;469,38452324441505;5272,431594575935;4142,552973743112;0,27848581946627754;0,16636436459970816
72,08333333333333;679,9999999564714;679,9580652101488;1,06070214283136;5,832811802173075;679,799533311418;5,060618322767141;23,648177316898888;469,66590955490415;5265,386917772;4138,891772915979;0,27848112005259673;0,16636084003944754
72,16666666666667;679,9999999576168;679,9585528135963;1,0483686580641915;5,764994320699429;679,8014724480689;5,011666126333125;23,419496763612745;469,9468956771296;5258,352260039181;4135,23161743114;0,2784764661246346;0,16635734959347595
72,25;679,9999999587321;679,9590347466583;1,0361786005120166;5,697965391400393;679,8033928159972;4,963187738695751;23,19302822241746;470,22748218506246;5251,327607012179;4131,57251442488;0,2784718572416067;0,16635389293120503
72,33333333333333;679,9999999598181;679,9595110752924;1,0241303018460712;5,631715844311471;679,8052945970791;4,915178568373335;22,96875028436872;470,507669652032;5244,312944341742;4127,91447100831;0,2784672929670102;0,1663504697252577
72,41666666666667;679,9999999608754;679,9599818646886;1,0122221131410924;5,5662366160936365;679,807177971424;4,867634068475013;22,746641747942075;470,78745865072534;5237,308257694652;4124,257494267383;0,2784627728685823;0,16634707965143672
72,5;679,9999999619049;679,9604471792783;1,0004524046678398;5,501518748826849;679,8090431173924;4,820549736282942;22,526681617060177;471,06684975318717;5230,31353275375;4120,6015912629255;0,27845829651825815;0,16634372238869363
72,58333333333333;679,9999999629074;679,9609070827429;0,9888195656657217;5,437553388822964;679,8108902116122;4,773921112811763;22,308849099091205;471,34584353081976;5223,328755217944;4116,946769030692;0,27845386349213064;0,166340397619098
72,66666666666667;679,9999999638835;679,9613616380228;0,9773220041125796;5,374331785341722;679,812719428996;4,727743782379434;22,093123602839018;471,62444055438255;5216,3539108021905;4113,293034581356;0,2784494733704095;0,16633710502780713
72,75;679,9999999648338;679,9618109073261;0,9659581465172096;5,31184528943758;679,8145309427579;4,682013372186589;21,879484736595128;471,902641393992;5209,388985237524;4109,640394900557;0,2784451257373811;0,16633384430303583
72,83333333333333;679,9999999657591;679,962254952137;0,9547264376919884;5,250085352733842;679,8163249244296;4,636725551898735;21,66791230621534;472,18044661912137;5202,433964271046;4105,988856948934;0,27844082018136884;0,16633061513602665
72,91666666666667;679,9999999666602;679,9626938332239;0,9436253405539219;5,189043526313096;679,8181015438776;4,591876033236986;21,458386313229372;472,4578567986005;5195,488833665943;4102,33842766215;0,2784365562946939;0,1663274172210204
73,0;679,9999999675375;679,9631276106483;0,9326533359086397;5,128711459549498;679,8198609693185;4,547460569565942;21,250886952905176;472,7348725006157;5188,553579201492;4098,689113950933;0,2784323336736356;0,16632425025522674
73,08333333333333;679,9999999683918;679,9635563437728;0,9218089222315484;5,069080898892599;679,8216033673359;4,503474955475895;21,045394612354396;473,0114942927094;5181,628186673045;4095,0409227010773;0,2784281519183938;0,16632111393879537
73,16666666666667;679,9999999692235;679,9639800912691;0,9110906154745635;5,010143686811075;679,823328902896;4,459915026396288;20,84188986869555;473,2877227417801;5174,712641892059;4091,393860773507;0,2784240106330495;0,16631800797478713
73,25;679,9999999700334;679,9643989111265;0,9004969488586312;4,9518917606540835;679,8250377393633;4,41677665818645;20,640353487200688;473,56355841408197;5167,806930686085;4087,7479350042863;0,278419909425528;0,16631493206914602
73,33333333333333;679,9999999708219;679,9648128606591;0,8900264726719342;4,894317151546537;679,8267300385162;4,374055766751894;20,440766419487375;473,8390018752248;5160,911038898786;4084,103152204665;0,27841584790756113;0,16631188593067087
73,41666666666667;679,9999999715897;679,9652219965143;0,87967775407094;4,83741198329407;679,8284059605626;4,331748307643579;20,243109801685968;474,1140536901739;5154,024952389927;4080,459519161091;0,27841182569464984;0,16630886927098737
73,5;679,9999999723374;679,9656263746804;0,8694493768842904;4,781168471302531;679,8300656641551;4,289850275677054;20,047364952643946;474,3887144232496;5147,1486570353945;4076,8170426352617;0,2784078424060278;0,16630588180452086
73,58333333333333;679,9999999730652;679,9660260504941;0,859339941425219;4,725578921550792;679,8317093064063;4,248357704557293;19,853513372224963;474,6629846381274;5140,282138727194;4073,175729364147;0,2784038976646248;0,16630292324846865
73,66666666666667;679,999999973774;679,9664210786482;0,8493480642783879;4,670635729437561;679,8333370429037;4,207266666472265;19,661536739397878;474,9368648978376;5133,425383373445;4069,5355860600084;0,27839999109703106;0,1662999933227733
73,75;679,9999999744641;679,9668115131993;0,8394723781464108;4,616331378909233;679,8349490277246;4,1665732717575565;19,471416910692312;475,2103557647651;5126,578376898411;4065,8966194104623;0,2783961223334609;0,16629709175009566
73,83333333333333;679,999999975136;679,967197407575;0,8297115316196368;4,562658441209804;679,8365454134507;4,1262736684871015;19,28313591830002;475,4834578006493;5119,741105242476;4062,2588360784785;0,27839229100771823;0,1662942182557887
73,91666666666667;679,9999999757903;679,967578814581;0,8200641890255156;4,509609574062018;679,838126351183;4,086364042132118;19,09667596849751;475,75617156658393;5112,913554362167;4058,6222427024336;0,27838849675716093;0,1662913725678707
74,0;679,9999999764274;679,9679557864088;0,8105290302324875;4,457177520582021;679,8396919905556;4,0468406151831005;18,912019439887448;476,0284976230168;5106,095710230158;4054,986845896141;0,2783847392226666;0,16628855441699994
74,08333333333333;679,9999999770478;679,9683283746426;0,8011047504652424;4,40535510825216;679,8412424797508;4,007699646794549;18,729148881747125;476,3004365297496;5099,2875588352645;4051,3526522488773;0,27838101804859805;0,16628576353644856
74,16666666666667;679,9999999776517;679,9686966302664;0,7917900601285055;4,354135247995533;679,8427779655126;3,9689374324240134;18,54804701238108;476,5719888459379;5092,489086182453;4047,7196683254197;0,2783773328827698;0,16628299966207732
74,25;679,9999999782398;679,9690606036711;0,7825836846308221;4,303510933148784;679,844298593161;3,9305503034768208;18,368696717444855;476,84315513009074;5085,700278292845;4044,0879006660753;0,27837368337641344;0,1662802625323101
74,33333333333333;679,9999999788124;679,9694203446611;0,7734843642168698;4,253475238589955;679,845804506606;3,8925346269678585;18,19108104837586;477,11393594007075;5078,921121203726;4040,457355786725;0,27837006918414564;0,16627755188810922
74,41666666666667;679,9999999793698;679,9697759024614;0,7644908537827177;4,2040213197161265;679,8472958483608;3,8548868051606178;18,015183220754192;477,38433183309377;5072,151600968542;4036,828040178848;0,27836648996393415;0,16627486747295062
74,5;679,9999999799128;679,9701273257244;0,75560192271098;4,1551424115034346;679,848772759556;3,8176032752261335;17,84098661267174;477,6543433657287;5065,391703656901;4033,1999603095496;0,2783629453770655;0,16627220903279916
74,58333333333333;679,9999999804413;679,9704746625364;0,7468163547088125;4,106831827673678;679,8502353799529;3,7806805089189766;17,6684747632742;477,92397109389753;5058,641415354602;4029,5731226216253;0,27835943508811306;0,1662695763160848
74,66666666666667;679,9999999809561;679,9708179604241;0,7381329476231713;4,059082959613818;679,8516838479563;3,7441150122106137;17,49763137102723;478,1932155728749;5051,900722163595;4025,9475335335483;0,2783559587649048;0,1662669690736786
74,75;679,9999999814572;679,9711572663616;0,7295505132987046;4,011889275673414;679,8531183006288;3,707903324993822;17,328440292373774;478,46207735728825;5045,16961020203;4022,323199439552;0,2783525160784909;0,16626438705886815
74,83333333333333;679,9999999819452;679,971492626776;0,7210678773901691;3,965244320059894;679,8545388737027;3,6720420207103643;17,16088553997963;478,7305570011174;5038,448065604224;4018,700126709625;0,27834910670311347;0,1662618300273351
74,91666666666667;679,9999999824201;679,9718240875546;0,7126838792288481;3,9191417121456813;679,8559457015938;3,636527706061088;16,994951281394897;478,9986550576947;5031,736074520694;4015,0783216895707;0,27834573031617493;0,1662592977371312
75,0;679,9999999828829;679,9721516940509;0,7043973716378105;3,8735751454603724;679,8573389174136;3,6013570206591794;16,830621837468374;479,2663720797045;5025,033623118136;4011,457790701035;0,2783423865982074;0,16625678994865556
75,08333333333333;679,9999999833333;679,9724754910904;0,6962072207983283;3,8285383869203344;679,8587186529826;3,566526636731737;16,6678816809308;479,5337086191835;5018,340697579459;4007,8385400415505;0,27833907523284174;0,16625430642463135
75,16666666666667;679,9999999837718;679,9727955229775;0,6881123060708205;3,7840252758838764;679,8600850388424;3,532033258767342;16,506715434780396;479,8006652275202;5011,657284103744;4004,2205759845456;0,27833579590677826;0,1662518469300837
75,25;679,9999999841988;679,973111833501;0,6801115198555863;3,74002972336631;679,8614382042682;3,497873623234682;16,34710787096494;480,06724245545485;5004,983368906289;4000,6039047794093;0,2783325483097563;0,16624941123231723
75,33333333333333;679,9999999846145;679,9734244659401;0,6722037674450121;3,6965457112259403;679,8627782772816;3,4640444982642293;16,189043908915597;480,3334408530795;4998,318938218598;3996,9885326515155;0,27832933213452427;0,1662469991008932
75,41666666666667;679,9999999850195;679,9737334630706;0,6643879668615682;3,653567291291917;679,864105384662;3,4305426833242336;16,0325086140313;480,5992609698377;4991,663978288377;3993,3744658022592;0,27832614707681114;0,16624461030760834
75,5;679,9999999854136;679,974038867171;0,6566630487213843;3,611088584588983;679,8654196519594;3,3973650089365037;15,877487196369076;480,86470335452447;4985,018475379545;3989,7617104090905;0,2783229928352974;0,16624224462647302
75,58333333333333;679,9999999857976;679,9743407200275;0,6490279560665613;3,569103780450791;679,8667212035061;3,364508336355243;15,723965009144903;481,12976855528615;4978,382415772229;3986,1502726255503;0,27831986911158524;0,16623990183368897
75,66666666666667;679,9999999861712;679,9746390629404;0,6414816442514848;3,5276071358609387;679,8680101624283;3,3319695572856745;15,571927547440513;481,39445711962026;4971,755785762785;3982,5401585813206;0,2783167756101721;0,1662375817076291
75,75;679,9999999865352;679,9749339367294;0,6340230807722946;3,486592974532369;679,8692866506582;3,2997455935742437;15,421360446741321;481,6587695943754;4965,138571663775;3978,9313743822354;0,27831371203842037;0,16623528402881527
75,83333333333333;679,9999999868895;679,9752253817395;0,6266512451446715;3,4460556862484073;679,8705507889456;3,2678333969244022;15,272249481647334;481,9227065257512;4958,5307598039935;3975,3239261103445;0,27831067810653054;0,16623300857989792
75,91666666666667;679,9999999872344;679,9755134378464;0,6193651287503599;3,4059897259857643;679,871802696869;3,2362299485981794;15,124580564460507;482,18626845929805;4951,932336528458;3971,7178198239367;0,2783076735275143;0,1662307551456357
76,0;679,9999999875704;679,9757981444617;0,6121637347007436;3,366389613202278;679,8730424928477;3,2049322591348073;14,978339743895656;482,44945593991713;4945,34328819841;3968,113061557572;0,2783046980171654;0,1662285235128741
76,08333333333333;679,9999999878975;679,9760795405386;0,6050460777174749;3,3272499311585753;679,8742702941522;3,173937368066504;14,83351320374194;482,7122695118603;4938,763601191332;3964,5096573221367;0,27830175129403467;0,16622631347052602
76,16666666666667;679,9999999882159;679,9763576645774;0,5980111839704705;3,2885653260410708;679,8754862169161;3,143242343631414;14,690087261561429;482,97470971873;4932,1932619009285;3960,907613104863;0,27829883307940134;0,166224124809551
76,25;679,9999999885259;679,9766325546302;0,5910580909613827;3,2503305063078556;679,8766903761468;3,1128442824950753;14,548048367358811;483,2367771034792;4925,632256737147;3957,3069348693753;0,2782959430972476;0,1662219573229357
76,33333333333333;679,999999988828;679,9769042483065;0,5841858473928596;3,212540241981283;679,8778828857367;3,082740309477572;14,407383102341743;483,49847220841104;4919,080572126169;3953,7076285557264;0,278293081074232;0,16621981080567402
76,41666666666667;679,9999999891219;679,9771727827784;0,577393513037805;3,1751893639308673;679,8790638584735;3,0529275772835263;14,26807817764822;483,75979557517906;4912,538194510424;3950,109700080445;0,2782902467396636;0,1662176850547477
76,5;679,9999999894081;679,9774381947857;0,5706801585859012;3,1382727630253546;679,8802334060517;3,023403266209357;14,13012043299984;484,020747744787;4906,00511034857;3946,5131553365454;0,2782874398254759;0,1662155798691069
76,58333333333333;679,9999999896869;679,9777005206406;0,5640448655611863;3,1017853896724246;679,8813916390828;2,9941645839102193;13,993496835610388;484,28132925758877;4899,481306115528;3942,9180001936074;0,2782846600662012;0,1662134950496509
76,66666666666667;679,9999999899583;679,977959796233;0,5574867261572081;3,0657222529319994;679,8825386671058;2,965208765101579;13,858194478802034;484,54154065328817;4892,966768302454;3939,324240497777;0,2782819071989461;0,16621143039920958
76,75;679,9999999902225;679,9782160570353;0,5510048431318637;3,0300784199202733;679,8836745985977;2,936533071311942;13,724200580856266;484,8013824709391;4886,461483416752;3935,7318820718233;0,27827918096336546;0,16620938572252408
76,83333333333333;679,9999999904798;679,9784693381073;0,5445983296795021;2,9948490151216824;679,884799540984;2,908134790618533;13,591502483790695;485,0608552489452;4879,965437982085;3932,140930715181;0,27827648110163844;0,16620736082622883
76,91666666666667;679,9999999907303;679,978719674101;0,5382663093115525;2,960029219725098;679,8859136006485;2,880011237394342;13,46008765217705;485,3199595250601;4873,478618538364;3928,55139220398;0,2782738073584437;0,16620535551883278
77,0;679,9999999909743;679,9789670992651;0,5320079157343116;2,9256142709503346;679,8870168829437;2,8521597520466457;13,329943671917983;485,57869583638706;4867,001011641756;3924,9632722910837;0,27827115948093506;0,16620336961070128
77,08333333333333;679,9999999912118;679,9792116474503;0,5258222927295719;2,8915994614037213;679,8881094922011;2,8245777007640527;13,201058249110364;485,83706471937904;4860,532603864681;3921,376576706137;0,2782685372187173;0,16620140291403798
77,16666666666667;679,999999991443;679,9794533521132;0,519708594038093;2,8579801384288372;679,8891915317407;2,7972624752663933;13,073419208817969;486,0950667098387;4854,073381795818;3917,7913111555945;0,27826594032382224;0,1661994552428667
77,25;679,9999999916681;679,9796922463214;0,5136659832459145;2,8247517034717773;679,8902631038809;2,7702114925574506;12,947014493975956;486,3527023429182;4847,623332040108;3914,2074813227728;0,27826336855068584;0,16619752641301438
77,33333333333333;679,9999999918874;679,9799283627578;0,5076936336678273;2,7919096114657975;679,8913243099483;2,7434221946805337;12,821832164245933;486,60997215311914;4841,182441218749;3910,625092867879;0,278260821656124;0,16619561624209298
77,41666666666667;679,9999999921009;679,9801617337253;0,5017907282393708;2,7594493702208136;679,8923752502876;2,7168920484768933;12,697860394866884;486,8668766742928;4834,750695969207;3907,04415142806;0,2782582993993097;0,1661937245494823
77,5;679,9999999923087;679,9803923911508;0,49595645939177757;2,7273665397402094;679,8934160242704;2,690618545332768;12,575087475506118;487,1234164396398;4828,328082945202;3903,4646626174303;0,27825580154175095;0,16619185115631321
77,58333333333333;679,9999999925111;679,9806203665898;0,49019002894965524;2,6956567316539424;679,8944467303056;2,6645992009576958;12,453501809217286;487,37959198171006;4821,914588816723;3899,88663202712;0,27825332784726653;0,1661899958854499
77,66666666666667;679,9999999927082;679,9808456912313;0,4844906480315103;2,6643156086904045;679,8954674658481;2,6388315551372443;12,333091911295437;487,63540383240286;4815,510200270026;3896,3100652253165;0,27825087808196447;0,16618815856147337
77,75;679,9999999929;679,9810683959008;0,4788575369246928;2,6333388839641647;679,8964783274082;2,6133131715027957;12,21384640819386;487,89085252296684;4809,114904007634;3892,734967757306;0,2782484520142203;0,16618633901066523
77,83333333333333;679,9999999930869;679,9812885110658;0,4732899249802358;2,6027223204139163;679,897479410561;2,588041637295646;12,095754036449144;488,1459385839999;4802,72868674833;3889,1613451454973;0,2782460494146536;0,1661845370609902
77,91666666666667;679,9999999932688;679,9815060668392;0,4677870505275905;2,572461730327637;679,8984708099553;2,5630145631481582;11,978803641643331;488,4006625454492;4796,351535227175;3885,58920288949;0,2782436700561074;0,16618275254208054
78,0;679,999999993446;679,9817210929835;0,462348160741044;2,542552974615797;679,8994526193225;2,5382295828393353;11,862984177279559;488,6550249366111;4789,98343619549;3882,0185464660894;0,2782413137136261;0,16618098528521957
78,08333333333333;679,9999999936184;679,9819336189153;0,45697251156013863;2,5129919623655907;679,9004249314856;2,513684353087342;11,74828470381421;488,9090262861311;4783,624376420872;3878,4493813293625;0,27823898016443444;0,16617923512332583
78,16666666666667;679,9999999937863;679,9821436737088;0,4516593675788272;2,4837746502401212;679,9013878383685;2,489376553319289;11,634694387581996;489,162667122004;4777,274342687183;3874,8817129106737;0,2782366691879157;0,16617750189093677
78,25;679,9999999939498;679,9823512861003;0,44640800193747054;2,4548970418775853;679,9023414310038;2,4653038854467013;11,522202499753964;489,4159479715736;4770,933321794559;3871,3155466187227;0,2782343805655908;0,1661757854241931
78,33333333333333;679,9999999941091;679,9825564844916;0,44121769623757245;2,426355187426123;679,9032857995422;2,441464073649513;11,410798415340832;489,668869361533;4764,601300559406;3867,7508878395975;0,2782321140810986;0,166174085560824
78,41666666666667;679,999999994264;679,9827592969543;0,43608774043661924;2,3981451829720766;679,9042210332608;2,4178548641714315;11,300471612229252;489,9214318179243;4758,278265814402;3864,1877419368025;0,2782298695201741;0,16617240214013057
78,5;679,999999994415;679,9829597512336;0,4310174327429195;2,3702631699391725;679,9051472205716;2,3944740250811947;11,191211670069825;490,1736358661389;4751,964204408493;3860,6261142512985;0,2782276466706281;0,16617073500297108
78,58333333333333;679,999999994562;679,9831578747517;0,4260060795360232;2,3427053346912063;679,9060644490299;2,371319346084988;11,083008269424559;490,42548203091724;4745,659103206903;3857,0660101015665;0,2782254453223281;0,1661690839917461
78,66666666666667;679,9999999947051;679,983353694612;0,4210529952587194;2,3154679078973137;679,9069728053427;2,3483886383019126;10,975851190700192;490,67697083634886;4739,36294909112;3853,5074347836157;0,2782232652671776;0,1661674489503832
78,75;679,9999999948444;679,9835472376028;0,4161575023289288;2,288547164076509;679,9078723753765;2,3256797340621915;10,869730313217405;490,92810280587247;4733,075728958907;3849,9503935710536;0,2782211062990963;0,16616582972432223
78,83333333333333;679,99999999498;679,9837385302006;0,41131893104022765;2,261939421030788;679,9087632441665;2,303190486696849;10,764635614230615;491,1788784622759;4726,797429724299;3846,3948917151106;0,2782189682140004;0,1661642261605003
78,91666666666667;679,9999999951121;679,9839275985743;0,40653661948510944;2,2356410394478146;679,9096454959234;2,280918770338758;10,660557168021917;491,4292983276963;4720,528038317603;3842,840934444695;0,27821685080978376;0,16616263810733783
79,0;679,9999999952408;679,9841144685879;0,40180991344698214;2,2096484222758765;679,9105192140424;2,2588624797180046;10,557485144908517;491,67936292361975;4714,267541685396;3839,288526966423;0,2782147538862981;0,1661610654147236
79,08333333333333;679,999999995366;679,984299165805;0,3971381663234297;2,1839580143362647;679,9113844811105;2,2370195299600937;10,455409810336665;491,92907277088165;4708,015926790527;3835,7376744646676;0,2782126772453347;0,16615950793400106
79,16666666666667;679,999999995488;679,9844817154918;0,39252073902389384;2,1585663017273005;679,9122413789147;2,2153878563869966;10,354321523954997;492,17842838966664;4701,773180612109;3832,188382101596;0,2782106206906047;0,16615796551795353
79,25;679,9999999956067;679,9846621426207;0,3879569999043042;2,133469811494855;679,9130899884495;2,1939654143324105;10,254210738724936;492,42743029950856;4695,539290145534;3828,640655017216;0,2782085840277211;0,16615643802079083
79,33333333333333;679,9999999957223;679,9848404718733;0,3834463246505493;2,1086651109782393;679,913930389925;2,1727501789285952;10,155067999969317;492,6760790192905;4689,314242402454;3825,0944983294216;0,27820656706418;0,16615492529813503
79,41666666666667;679,9999999958349;679,9850167276446;0,37898809622447516;2,084148807504945;679,9147626627739;2,151740144933001;10,056883944536334;492,9243750672449;4683,098024410795;3821,5499171340234;0,2782045696093426;0,16615342720700696
79,5;679,9999999959444;679,9851909340457;0,37458170475588304;2,0599175478140594;679,9155868856596;2,130933326523632;9,95964929986465;493,17231896095353;4676,890623214748;3818,0069165048085;0,27820259147441684;0,16615194360581262
79,58333333333333;679,9999999960512;679,9853631149072;0,3702265474686328;2,0359680176492603;679,9164031364836;2,1103277571199897;9,863354883134967;493,4199112173475;4670,692025874773;3814,465501493565;0,2782006324724393;0,1661504743543295
79,66666666666667;679,9999999961551;679,9855332937825;0,36592202860106227;2,012296941293665;679,9172114923924;2,0899214891898055;9,767991600376334;493,6671523527073;4664,502219467593;3810,9256771301357;0,2781986924182582;0,16614901931369364
79,75;679,9999999962563;679,9857014939513;0,3616675593150376;1,988901081104686;679,9180120297856;2,0697125940671413;9,673550445621839;493,91404288266307;4658,321191086195;3807,3874484224575;0,2781967711285146;0,16614757834638594
79,83333333333333;679,9999999963549;679,9858677384224;0,3574625576248991;1,9657772371215618;679,9188048243225;2,0496991617676485;9,580022500056087;494,16058332219427;4652,14892783983;3803,850820356612;0,27819486842162605;0,16614615131621954
79,91666666666667;679,9999999964507;679,986032049937;0,35330644831219615;1,942922246571135;679,9195899509294;2,0298793008095117;9,487398931162673;494,40677418563007;4645,985416854015;3800,3157978968516;0,2781929841177694;0,16614473808832703
80,0;679,999999996544;679,9861944509718;0,3491986628432642;1,9203329834220881;679,9203674838072;2,010251138031549;9,395670991896356;494,65261598664915;4639,830645270516;3796,7823859856544;0,27819111803886265;0,16614333852914698
80,08333333333333;679,999999996635;679,9863549637422;0,34513863930669686;1,8980063580699986;679,9211374964378;1,9908128184198404;9,304830019863488;494,89810923827997;4633,684600247372;3793,250589543774;0,2781892700085492;0,1661419525064119
80,16666666666667;679,9999999967235;679,9865136102052;0,3411258223195546;1,875939316775285;679,9219000615915;1,97156250492867;9,214867436481834;495,1432544529007;4627,547268958875;3789,720413470269;0,2781874398521804;0,16614057988913533
80,25;679,9999999968097;679,9866704120624;0,33715966295915223;1,8541288413385726;679,9226552513336;1,9524983783014704;9,125774746185702;495,3880521422393;4621,418638595571;3786,1918626425495;0,27818562739679936;0,16613922054759953
80,33333333333333;679,9999999968937;679,9868253907629;0,3332396186834785;1,8325719486258556;679,9234031370315;1,9336186369031338;9,037543535594013;495,6325028173737;4615,298696364261;3782,664941916426;0,2781838324711243;0,16613787435334326
80,41666666666667;679,9999999969755;679,9869785675065;0,3293651532715103;1,811265690248707;679,9241437893616;1,9149214965551664;8,950165472764844;495,8766069887317;4609,187429488002;3779,139656126151;0,27818205490553227;0,16613654117914922
80,5;679,999999997055;679,9871299632465;0,3255357367237366;1,7902071520216063;679,9248772783153;1,896405190348105;8,863632306330551;496,1203651660911;4603,084825206095;3775,6160100844527;0,2781802945320433;0,16613522089903246
80,58333333333333;679,9999999971326;679,9872795986925;0,3217508452138418;1,7693934537051397;679,9256036732065;1,878067968493724;8,777935864809978;496,3637778585801;4596,990870774099;3772,0940085825964;0,27817855118430435;0,16613391338822825
80,66666666666667;679,999999997208;679,987427494313;0,31800996100344037;1,7488217485263156;679,9263230426778;1,8599080981516636;8,693068055780632;496,60684557467675;4590,905553463813;3768,573656390418;0,2781768246975732;0,1661326185231799
80,75;679,9999999972815;679,9875736703387;0,3143125723738649;1,7284892228054771;679,9270354547068;1,8419238632532142;8,609020865075593;496,8495688222096;4584,828860563281;3765,0549582563604;0,2781751149087036;0,16613133618152776
80,83333333333333;679,999999997353;679,987718146765;0,31065817356932257;1,708393095641359;679,9277409766129;1,8241135643677353;8,525786356153363;497,09194810835754;4578,7607793767975;3761,537918907541;0,27817342165612907;0,1661300662420968
80,91666666666667;679,9999999974227;679,9878609433547;0,3070462647002614;1,688530618382951;679,9284396750635;1,806475518503703;8,44335666917534;497,3339839396499;4572,701297224887;3758,0225430497608;0,27817174477984763;0,1661288085848857
81,0;679,9999999974905;679,9880020796408;0,3034763517007377;1,6688990744017673;679,9291316160803;1,7890080589808122;8,361724020416862;497,5756768219666;4566,650401444321;3754,508835367585;0,2781700841214072;0,16612756309105542
81,08333333333333;679,9999999975565;679,988141574929;0,2999479462431509;1,6494957786121656;679,929816865046;1,7717095352537626;8,280880701431155;497,81702726053834;4560,6080793880965;3750,99680052436;0,2781684395238897;0,1661263296429173
81,16666666666667;679,9999999976209;679,9882794483009;0,29646056568708445;1,630318077195163;679,9304954867097;1,7545783127644654;8,200819078365669;498,0580357599464;4554,574318425455;3747,48644316227;0,27816681083189676;0,1661251081239226
81,25;679,9999999976834;679,9884157186157;0,2930137329997251;1,611363347162362;679,9311675451937;1,7376127727800394;8,121531591220739;498,29870282412315;4548,549105941862;3743,977767902384;0,27816519789153504;0,1661238984186513
81,33333333333333;679,9999999977443;679,9885504045135;0,2896069766933351;1,5926289960022424;679,9318331039993;1,7208113122421764;8,043010753128852;498,53902895635184;4542,532429339006;3740,4707793446814;0,27816360055040157;0,1661227004128012
81,41666666666667;679,9999999978037;679,9886835244176;0,28623983077125104;1,574112461408826;679,9324922260131;1,7041723436250322;7,965249149703925;498,7790146592669;4536,524276034813;3736,965482068122;0,27816201865756857;0,16612151399317643
81,5;679,9999999978616;679,9888150965371;0,282911834651145;1,5558112108310647;679,9331449735124;1,6876942947646967;7,888239438250554;499,018660434854;4530,524633463419;3733,4618806306776;0,2781604520635702;0,16612033904767767
81,58333333333333;679,9999999979178;679,9889451388693;0,2796225331110236;1,537722741186968;679,9337914081717;1,6713756087284537;7,811974347146236;499,25796678445005;4524,533489075189;3729,959979569369;0,27815890062038784;0,16611917546529092
81,66666666666667;679,9999999979726;679,9890736692022;0,27637147621248914;1,5198445784517534;679,9344315910682;1,6552147436527775;7,7364466750794545;499,49693420874365;4518,550830336694;3726,459783400322;0,2781573641814362;0,16611802313607718
81,75;679,9999999980259;679,9892007051168;0,2731582192609494;1,5021742774155815;679,9350655826878;1,6392101726097508;7,661649290448368;499,7355632077748;4512,576644730724;3722,9612966188092;0,27815584260154924;0,16611688195116198
81,83333333333333;679,9999999980779;679,9893262639899;0,2699823227288789;1,4847094212959335;679,9356934429306;1,623360383453587;7,5875751306359644;499,9738542809354;4506,610919756278;3719,464523699293;0,27815433573696646;0,16611575180272484
81,91666666666667;679,9999999981285;679,9894503629962;0,2668433521989755;1,4674476213839047;679,9363152311169;1,6076638786813646;7,514217201351096;500,2118079269692;4500,653642928562;3715,9694690954707;0,27815284344531954;0,16611463258398967
82,0;679,9999999981777;679,9895730191104;0,26374087830731696;1,450386516768022;679,9369310059924;1,592119175290918;7,441568575977761;500,4494246439719;4494,704801778982;3712,476137240317;0,27815136558561826;0,16611352418921368
82,08333333333333;679,9999999982257;679,98969424911;0,2606744766836755;1,4335237739950752;679,9375408257342;1,576724804633045;7,369622394899662;500,6867049293914;4488,764383855146;3708,9845325461365;0,27814990201823786;0,16611242651367839
82,16666666666667;679,9999999982724;679,9898140695774;0,257643727891832;1,4168570867261003;679,9381447479561;1,5614793122864512;7,298371864874206;500,9236492800279;4482,832376720858;3705,4946594046;0,2781484526049053;0,16611133945367898
82,25;679,9999999983178;679,9899324969022;0,25464821737557486;1,4003841754505075;679,9387428297141;1,5463812579071146;7,227810258377655;501,1602581920341;4476,908767956113;3702,0065221867894;0,2781470172086862;0,16611026290651462
82,33333333333333;679,9999999983621;679,9900495472832;0,25168753539048794;1,384102787132375;679,9393351275116;1,5314292150918618;7,157930912946168;501,3965321609153;4470,993545157091;3698,5201252432485;0,278145595693972;0,16610919677047906
82,41666666666667;679,9999999984052;679,9901652367311;0,24876127697268657;1,368010695006947;679,9399216973053;1,516621771261839;7,088727230640397;501,63247168152947;4465,086695936171;3695,0354729040323;0,2781441879264673;0,16610814094485046
82,5;679,9999999984472;679,9902795810701;0,24586904185355252;1,3521056981057948;679,9405025945099;1,501957527497666;7,020192677254738;501,8680772480876;4459,188207921893;3691,5525694787298;0,27814279377317624;0,1661070953298822
82,58333333333333;679,9999999984881;679,9903925959406;0,24301043442562786;1,33638562113084;679,9410778740036;1,4874350984314333;6,952320781864294;502,1033493541538;4453,298068758988;3688,0714192565338;0,2781414131023915;0,1661060598267936
82,66666666666667;679,9999999985279;679,9905042968012;0,24018506368577164;1,3208483140473493;679,9416475901334;1,4730531121131207;6,8851051361412;502,33828849264535;4447,4162661083565;3684,5920265062778;0,2781400457836799;0,16610503433775997
82,75;679,9999999985665;679,9906146989305;0,2373925431669477;1,3054916518029076;679,94221179672;1,4588102098628042;6,818539393708029;502,5728951558329;4441,542787647063;3681,1143954764707;0,278138691687872;0,16610401876590397
82,83333333333333;679,9999999986043;679,9907238174295;0,23463249090127647;1,290313534056083;679,9427705470634;1,4447050461626532;6,752617269631209;502,8071698353408;4435,677621068341;3677,6385303953557;0,2781373506870477;0,1661030130152858
82,91666666666667;679,999999998641;679,9908316672237;0,23190452936887596;1,2753118849390057;679,9433238939474;1,4307362885205066;6,687332539757948;503,04111302214716;4429,8207540815865;3674,1644354709583;0,2781360226545262;0,16610201699089464
83,0;679,9999999986767;679,9909382630649;0,22920828543249172;1,2604846526600557;679,9438718896448;1,416902617339133;6,622679040139643;503,27472520658404;4423,972174412345;3670,6921148911097;0,27813470746485247;0,16610103059863934
83,08333333333333;679,9999999987116;679,9910436195335;0,22654339029486437;1,2458298092955142;679,9444145859223;1,4032027257968593;6,558650666442937;503,50800687833754;4418,131869802316;3667,221572823512;0,27813340499378636;0,1661000537453398
83,16666666666667;679,9999999987455;679,9911477510401;0,2239094794532548;1,2313453505569907;679,9449520340457;1,3896353197310418;6,495241373455497;503,7409585264482;4412,299828009352;3663,7528134157865;0,2781321151182902;0,16609908633871767
83,25;679,9999999987785;679,991250671828;0,22130619263407425;1,2170292953698818;679,9454842847844;1,3761991174931154;6,432445174344685;503,97358063931097;4406,476036807432;3660,2858407954923;0,27813083771651753;0,16609812828738815
83,33333333333333;679,9999999988106;679,9913523959747;0,21873317376446266;1,2028796857861563;679,9460113884161;1,362892849854802;6,370256140274541;504,2058737046755;4400,6604839866895;3656,820659070207;0,27812957266780136;0,16609717950085107
83,41666666666667;679,999999998842;679,9914529373941;0,21619007089839215;1,188894586528898;679,9465333947322;1,34971525986316;6,308668399705633;504,43783820964643;4394,853157353377;3653,357272327538;0,27812831985264264;0,166096239889482
83,5;679,9999999988723;679,9915523098382;0,21367653619677185;1,1750720849099359;679,9470503530421;1,3366651027439502;6,247676137946145;504,66947464068335;4389,054044729889;3649,895684635205;0,278127079152699;0,16609530936452427
83,58333333333333;679,999999998902;679,9916505268992;0,21119222585355146;1,161410290417994;679,9475623121776;1,323741145756685;6,18727359648468;504,9007834836013;4383,263133954725;3646,435900041042;0,27812585045077365;0,16609438783808025
83,66666666666667;679,999999998931;679,9917476020112;0,20873680007014173;1,1479073345733326;679,9480693204981;1,3109421681093636;6,127455072590763;505,13176522357065;4377,480412882518;3642,977922573086;0,27812463363080453;0,1660934752231034
83,75;679,9999999989591;679,9918435484519;0,2063099229957288;1,1345613706031148;679,9485714258947;1,2982669608220476;6,068214918668241;505,36242034511764;4371,705869384009;3639,5217562395937;0,27812342857785277;0,1660925714333896
83,83333333333333;679,9999999989865;679,9919383793449;0,20391126267895743;1,121370573155533;679,949068675795;1,2857143266103321;6,009547541715756;505,5927493321243;4365,939491346036;3636,067405029088;0,27812223517809187;0,16609167638356892
83,91666666666667;679,9999999990131;679,992032107661;0,2015404910395091;1,108333138202904;679,9495611171677;1,2732830797858696;5,951447402881952;505,82275266782887;4360,181266671554;3632,6148729104275;0,27812105331879744;0,1660907899890981
84,0;679,9999999990391;679,9921247462202;0,19919728380273227;1,0954472826055923;679,9500487965266;1,2609720461341567;5,893909016860048;506,0524308348259;4354,431183279606;3629,164163832821;0,2781198828883361;0,16608991216625207
84,08333333333333;679,9999999990645;679,9922163076934;0,1968813204740627;1,08271124401995;679,9505317599354;1,2487800628122159;5,836926951447169;506,2817843150665;4348,689229105331;3625,7152817259025;0,278118723776155;0,16608904283211626
84,16666666666667;679,999999999089;679,9923068046044;0,19459228427649577;1,0701232805494558;679,951010053012;1,2367059782263823;5,780495826959513;506,5108135898586;4342,95539209995;3622,2682304997534;0,2781175758727711;0,1660881819045783
84,25;679,999999999113;679,992396249331;0,1923298621164804;1,0576816705412129;679,9514837209329;1,2247486519243012;5,7246103157093;506,7395191398673;4337,22966023076;3618,823014044949;0,27811643906976113;0,16608732930232087
84,33333333333333;679,9999999991363;679,9924846541073;0,19009374454981298;1,0453847124066722;679,9519528084369;1,2129069545039783;5,669265141609404;506,96790144511465;4331,512021481143;3615,37963623263;0,2781153132597515;0,1660864849448136
84,41666666666667;679,9999999991591;679,9925720310251;0,187883625724794;1,033230724321226;679,9524173598303;1,2011797674858826;5,614455079584402;507,19596098498045;4325,802463850542;3611,938100914521;0,27811419833640727;0,16608564875230547
84,5;679,9999999991812;679,9926583920355;0,18569920334812196;1,0212180440158591;679,9528774189903;1,189565983219154;5,560174955080471;507,42369823820206;4320,100975354465;3608,4984119229857;0,2781130941944233;0,1660848206458175
84,58333333333333;679,9999999992028;679,9927437489507;0,1835401786422608;1,009345028549421;679,9533330293694;1,1780645047736016;5,506419643624717;507,65111368287495;4314,407544024479;3605,0605730710745;0,2781120007295133;0,16608400054713499
84,66666666666667;679,9999999992237;679,9928281134456;0,18140625630280738;0,9976100540905875;679,9537842339998;1,1666742458345425;5,453184070297999;507,8782077964527;4308,722157908197;3601,624588152568;0,27811091783840036;0,1660831883788003
84,75;679,9999999992442;679,9929114970593;0,1792971444530167;0,9860115156368333;679,954231075497;1,1553941305976423;5,400463209240715;508,10498105574743;4303,044805069276;3598,190460942019;0,27810984541880723;0,16608238406410544
84,83333333333333;679,999999999264;679,9929939111965;0,17721255462390673;0,9745478269465994;679,954673596064;1,1442230936808073;5,348252083282133;508,33143393692984;4297,375473587419;3594,7581951948155;0,27810878336944633;0,16608158752708477
84,91666666666667;679,9999999992833;679,9930753671298;0,17515220168604628;0,9632174201129055;679,9551118374957;1,1331600799991293;5,296545763302028;508,55756691552966;4291,7141515583535;3591,327794647195;0,27810773159001034;0,16608079869250778
85,0;679,9999999993023;679,9931558760002;0,17311580383818637;0,952018745548816;679,9555458411821;1,1222040446909887;5,245339367934147;508,78338046643586;4286,060827093841;3587,8992630163234;0,2781066899811629;0,16608001748587217
85,08333333333333;679,9999999993206;679,9932354488193;0,1711030825532589;0,9409502716579593;679,9559756481129;1,1113539530043681;5,194628062993738;509,0088750638969;4280,4154883216615;3584,472604000327;0,27810565844452895;0,1660792438333967
85,16666666666667;679,9999999993385;679,9933140964708;0,169113762532902;0,9300104846116444;679,9564012988811;1,100608780191692;5,144407061032757;509,2340511815209;4274,778123385593;3581,0478212783228;0,2781046368826853;0,16607847766201397
85,25;679,999999999356;679,9933918297119;0,16714757169040695;0,9191978882180382;679,9568228336867;1,0899675114330876;5,094671620940367;509,458909292276;4269,148720445439;3577,624918510492;0,2781036251991519;0,1660777188993639
85,33333333333333;679,9999999993728;679,9934686591744;0,16520424110240128;0,9085110037041277;679,9572402923409;1,0794291417312252;5,045417047477553;509,6834498684907;4263,527267676998;3574,203899338113;0,27810262329838187;0,16607696747378642
85,41666666666667;679,9999999993893;679,9935445953666;0,1632835049605319;0,8979483694007758;679,9576537142693;1,068992675797631;4,996638690737595;509,90767338185395;4257,913753272052;3570,784767383592;0,2781016310857536;0,1660762233143152
85,5;679,9999999994054;679,9936196486749;0,1613851005657807;0,8875085407524117;679,9580631385163;1,0586571279986856;4,948331945903082;510,13158030341555;4252,308165438383;3567,3675262505494;0,2781006484675609;0,16607548635067065
85,58333333333333;679,9999999994211;679,9936938293645;0,15950876826309468;0,8771900899342535;679,9584686037483;1,048421522227727;4,9004922526240104;510,3551711035863;4246,710492399747;3563,9521795238225;0,278099675351004;0,16607475651325304
85,66666666666667;679,9999999994363;679,9937671475815;0,15765425141580636;0,8669916057166397;679,9588701482576;1,0382848918197851;4,853115094655368;510,5784462521386;4241,12072239587;3560,538730769532;0,2780987116441818;0,16607403373313637
85,75;679,9999999994511;679,9938396133539;0,15582129637152775;0,8569116932857531;679,9592678099658;1,0282462794691583;4,806195999457627;510,80140621820624;4235,538843682444;3557,127183535124;0,27809775725608205;0,16607331794206154
85,83333333333333;679,9999999994656;679,993911236593;0,1540096524308865;0,8469489740498103;679,9596616264276;1,0183047371327802;4,759730537723127;511,0240514702851;4229,964844531122;3553,7175413494238;0,27809681209657366;0,16607260907243024
85,91666666666667;679,9999999994797;679,9939820270952;0,15221907181341976;0,8371020854840108;679,9600516348345;1,008459325947797;4,713714323030116;511,2463824762333;4224,3987132295115;3550,3098077226705;0,2780958760763972;0,16607190705729794
86,0;679,9999999994933;679,9940519945427;0,15044930961209957;0,827369680854357;679,9604378720177;0,9987091161292483;4,6681430113485325;511,4683997032714;4218,840438081159;3546,9039861465703;0,2780949491071576;0,1660712118303682
86,08333333333333;679,9999999995066;679,9941211485052;0,14870012376491104;0,8177504290771399;679,9608203744522;0,9890531868904873;4,623012300656985;511,6901036179829;4213,290007405547;3543,5000800943317;0,2780940311013148;0,1660705233259861
86,16666666666667;679,9999999995197;679,9941894984411;0,14697127503495722;0,8082430145881161;679,9611991782601;0,9794906263607572;4,578317930576204;511,9114946863143;4207,747409538092;3540,0980930207274;0,27809312197217567;0,16606984147913176
86,25;679,9999999995323;679,9942570536988;0,14526252696498432;0,798846137119625;679,961574319214;0,9700205314885579;4,534055681911893;512,1325733735756;4202,212632830134;3536,6980283621338;0,2780922216338863;0,16606916622541473
86,33333333333333;679,9999999995446;679,994323823518;0,14357364583759136;0,78955851147286;679,9619458327403;0,9606420079563804;4,490221376255229;512,3533401444405;4196,685665648917;3533,299889536563;0,2780913300014233;0,16606849750106747
86,41666666666667;679,9999999995566;679,9943898170311;0,14190440066386145;0,7803788674403437;679,9623137539224;0,9513541701068107;4,446810875636914;512,5737954629467;4191,166496377602;3529,903679943732;0,27809044699058616;0,1660678352429396
86,5;679,9999999995682;679,9944550432642;0,1402545631378871;0,7713059495685085;679,9626781175047;0,9421561408544221;4,40382008211944;512,7939397924962;4185,655113415249;3526,509402965096;0,2780895725179888;0,16606717938849164
86,58333333333333;679,9999999995796;679,9945195111385;0,1386239075998219;0,7623385169638853;679,9630389578948;0,933047051589142;4,361244937348174;513,0137735958558;4180,151505176801;3523,1170619638874;0,27808870650105244;0,16606652987578935
86,66666666666667;679,9999999995907;679,9945832294712;0,13701221102735417;0,7534753432155789;679,9633963091678;0,924026042119408;4,319081422271301;513,2332973351571;4174,655660093094;3519,7266602851805;0,2780878488579972;0,16606588664349792
86,75;679,9999999996014;679,9946462069774;0,13541925298738988;0,7447152161772292;679,963750205069;0,9150922605726919;4,2773255567115;513,4525114718971;4169,167566610841;3516,338201255924;0,2780869995078344;0,1660652496308758
86,83333333333333;679,999999999612;679,9947084522706;0,13384481559910455;0,7360569377247481;679,9641006790172;0,9062448633102349;4,235973398921144;513,6714164669385;4163,687213192608;3512,9516881849813;0,27808615837035877;0,16606461877776907
86,91666666666667;679,9999999996221;679,9947699738642;0,13228868353394319;0,7274993237514725;679,9644477641077;0,897483014870204;4,195021045351666;513,8900127805096;4158,214588316838;3509,5671243631964;0,2780853253661415;0,16606399402460612
87,0;679,9999999996321;679,9948307801726;0,1307506439474082;0,7190412038289952;679,9647914931159;0,8888058878596894;4,154464630134632;514,1083008722053;4152,749680477814;3506,1845130634165;0,27808450041652194;0,16606337531239146
87,08333333333333;679,9999999996418;679,9948908795124;0,12923048648758595;0,7106814212313908;679,9651318984995;0,8802126629063878;4,1143003248552175;514,326281200987;4147,292478185671;3502,8038575405626;0,2780836834436011;0,16606276258270086
87,16666666666667;679,9999999996512;679,9949502801034;0,12772800323546107;0,702418832605736;679,9654690124029;0,871702528556284;4,074524338090938;514,5439542251828;4141,84296996637;3499,4251610316487;0,27808287437023305;0,16606215577767483
87,25;679,9999999996604;679,99500899007;0,12624298869639006;0,6942523079333477;679,9658028666588;0,8632746812082814;4,0351329150862885;514,7613204024884;4136,40114436171;3496,0484267558495;0,27808207312001887;0,16606155484001414
87,33333333333333;679,9999999996693;679,995067017442;0,1247752397603108;0,6861807303117442;679,9661334927923;0,854928325040305;3,996122337423265;514,9783801899669;4130,9669899293;3492,6736579145363;0,27808127961729845;0,16606095971297383
87,41666666666667;679,999999999678;679,9951243701558;0,12332455568184741;0,678202995828668;679,9664609220235;0,8466626719240367;3,9574889226053935;515,1951340440493;4125,540495242561;3489,300857691318;0,2780804937871435;0,16606037034035762
87,5;679,9999999996865;679,9951810560557;0,12189073805473072;0,6703180134457992;679,9667851852703;0,8384769413623872;3,9192290237900287;515,411582420535;4120,121648890719;3485,9300292521057;0,2780797155553513;0,1660597866665135
87,58333333333333;679,9999999996948;679,9952370828945;0,12047359076916564;0,6625247047467996;679,9671063131514;0,8303703604042312;3,8813390293682675;515,6277257745919;4114,7104394787875;3482,561175745129;0,27807894484843676;0,16605920863632756
87,66666666666667;679,9999999997028;679,9952924583351;0,11907292000614689;0,654822003913087;679,9674243359894;0,8223421635847217;3,843815362705485;515,8435645607572;4109,306855627571;3479,194300301015;0,2780781815936253;0,166058636195219
87,75;679,9999999997106;679,9953471899513;0,11768853419198422;0,6472088574718794;679,9677392838137;0,8143915928343404;3,8066544816965338;516,0590992329369;4103,910885973642;3475,8294060328044;0,2780774257188472;0,16605806928913538
87,83333333333333;679,9999999997182;679,9954012852286;0,1163202439812494;0,6396842242041352;679,9680511863626;0,8065178974220544;3,769852878518637;516,2743302444071;4098,522519169342;3472,4664960360137;0,2780766771527298;0,16605750786454737
87,91666666666667;679,9999999997256;679,9954547515657;0,11496786223972322;0,6322470750476467;679,9683600730873;0,7987203338899462;3,733407079318381;516,4892580478139;4093,1417438827766;3469,1055733886838;0,27807593582459045;0,16605695186844288
88,0;679,9999999997328;679,9955075962752;0,11363120399607851;0,624896392835395;679,9686659731537;0,7909981659565801;3,6973136437628;516,7038830951735;4087,7685487977915;3465,746641151412;0,278075201664431;0,16605640124832324
88,08333333333333;679,9999999997399;679,9955598265846;0,11231008644188023;0,6176311722955496;679,9689689154458;0,7833506644772115;3,661569164849924;516,9182058378733;4082,402922613983;3462,3897023674112;0,2780744746029301;0,1660558559521976
88,16666666666667;679,9999999997467;679,9956114496375;0,1110043288832685;0,6104504197752869;679,9692689285677;0,7757771073528374;3,6261702684804566;517,1322267266714;4077,0448540466646;3459,034760062541;0,27807375457143757;0,16605531592857822
88,25;679,9999999997534;679,9956624724944;0,10971375272958994;0,6033531531923375;679,9695660408472;0,7682767794761958;3,5911136132230195;517,3459462116978;4071,694331826882;3455,681817245366;0,27807304150196666;0,166054781126475
88,33333333333333;679,9999999997599;679,9957129021335;0,10843818147634465;0,5963384019429253;679,969860280338;0,760848972655026;3,5563958899393704;517,559364742454;4066,351344701391;3452,330876907201;0,2780723353271887;0,16605425149539155
88,41666666666667;679,9999999997661;679,9957627454522;0,10717744065971146;0,5894052066304316;679,9701516748223;0,7534929855466999;3,5220138214878696;517,772482767814;4061,015881432647;3448,9819420221443;0,2780716359804264;0,16605372698531984
88,5;679,9999999997723;679,9958120092675;0,10593135784802143;0,582552619046014;679,9704402518134;0,746208123595693;3,48796416242695;517,9853007360243;4055,687930798803;3445,635015547137;0,27807094339564775;0,1660532075467358
88,58333333333333;679,9999999997783;679,9958607003172;0,10469976261902048;0,5757797020135564;679,9707260385587;0,7389936989710577;3,454243698722702;518,1978190947045;4050,367481593699;3442,2901004220034;0,27807025750745906;0,1660526931305943
88,66666666666667;679,9999999997841;679,9959088252605;0,10348248652860548;0,5690855292540018;679,9710090620417;0,7318490304896841;3,420849247394685;518,4100382908474;4045,0545226268446;3438,9471995694944;0,27806957825109985;0,1660521836883249
88,75;679,9999999997898;679,9959563906796;0,10227936309092911;0,5624691852399929;679,9712893489852;0,7247734435594566;3,387777656248223;518,6219587708198;4039,7490427234175;3435,606315895331;0,2780689055624354;0,16605167917182656
88,83333333333333;679,9999999997954;679,99600340308;0,10109022775566245;0,5559297651038119;679,9715669258532;0,7177662701138843;3,3550258035819924;518,8335809803624;4034,45103072425;3432,267452288261;0,27806823937795244;0,16605117953346432
88,91666666666667;679,9999999998008;679,9960498688913;0,09991491788525764;0,5494663744726404;679,9718418188537;0,7108268485552571;3,3225905978832526;519,0449053645906;4029,160475485824;3428,930611620091;0,2780675796347511;0,16605068472606332
89,0;679,9999999998059;679,9960957944687;0,0987532727378948;0,5430781294249521;679,9721140539414;0,7039545236779077;3,2904689775271962;519,2559323679948;4023,8773658802556;3425,59579674574;0,2780669262705407;0,16605019470290555
89,08333333333333;679,999999999811;679,9961411860935;0,0976051334305339;0,5367641562337121;679,9723836568197;0,6971486466142096;3,2586579104721802;519,4666624344404;4018,601690795279;3422,2630105032736;0,2780662792236327;0,1660497094177245
89,16666666666667;679,999999999816;679,9961860499736;0,09647034293891465;0,53052359141483;679,9726506529435;0,6904085747834188;3,2271543940579193;519,6770960071689;4013,333439134266;3418,9322557139762;0,2780656384329357;0,16604922882470177
89,25;679,999999999821;679,9962303922451;0,09534874606060839;0,5243555814945856;679,9729150675213;0,6837336718149345;3,195955454626585;519,8872335287977;4008,0725998161797;3415,603535182366;0,2780650038379489;0,1660487528784617
89,33333333333333;679,9999999998256;679,9962742189725;0,0942401893951228;0,5182592828981878;679,9731769255178;0,6771233074914562;3,1650581472633386;520,0970754413207;4002,8191617755824;3412,2768516962524;0,2780643753787573;0,16604828153406795
89,41666666666667;679,9999999998303;679,9963175361501;0,09314452132684892;0,5122338618819402;679,9734362516563;0,6705768576949822;3,1344595555492236;520,3066221861089;3997,573113962622;3408,9522080267798;0,2780637529960249;0,1660478147470187
89,5;679,9999999998347;679,996360349702;0,09206159200516595;0,5062784943927274;679,9736930704207;0,6640937043499662;3,1041567912852246;520,5158742039106;3992,334445343033;3405,629606928484;0,27806313663099025;0,1660473524732427
89,58333333333333;679,999999999839;679,9964026654839;0,09099125331886171;0,5003923659565739;679,9739474060584;0,6576732353494208;3,07414699415867;520,7248319348515;3987,103144898103;3402,309051139315;0,2780625262254598;0,16604689466909486
89,66666666666667;679,9999999998432;679,9964444892831;0,0899333588790796;0,49457467155751134;679,9741992825819;0,6513148445151273;3,04442733155378;520,933495818436;3981,8792016246875;3398,990543380706;0,27806192172180333;0,16604644129135251
89,75;679,9999999998473;679,9964858268199;0,08888776400226561;0,48882461556489937;679,9744487237716;0,6450179315322657;3,0149949982345445;521,1418662935466;3976,6626045351813;3395,674086357599;0,2780613230629481;0,1660459922972111
89,83333333333333;679,9999999998514;679,9965266837479;0,08785432568458873;0,48314141157837637;679,9746957531779;0,6387819018925711;2,985847216097611;521,3499437984451;3971,453342657517;3392,359682758503;0,278060730192373;0,16604554764427976
89,91666666666667;679,9999999998554;679,9965670656549;0,08683290258773013;0,4775242823648706;679,9749403941233;0,6326061668374905;2,9569812339004646;521,5577287707725;3966,2514050351574;3389,0473352555364;0,278060143054104;0,166045107290578
90,0;679,9999999998591;679,9966069780638;0,08582335501330363;0,47197245969870555;679,9751826697047;0,6264901433013392;2,928394326989608;521,7652216475498;3961,0567807270713;3385,7370465044623;0,2780595615927086;0,16604467119453148
90,08333333333333;679,9999999998628;679,9966464264334;0,08482554488296046;0,46648518427923014;679,9754226027957;0,620433253860142;2,900083797074044;521,9724228651779;3955,869458807734;3382,428819144742;0,27805898575329036;0,16604423931496778
90,16666666666667;679,9999999998664;679,9966854161588;0,08383933573554714;0,4610617056726752;679,9756602160484;0,6144349266776317;2,872046971953452;522,1793328594388;3950,6894283671218;3379,1226557995856;0,2780584154814839;0,16604381161111295
90,25;679,9999999998699;679,9967239525727;0,08286459269015722;0,45570128215225875;679,9758955318958;0,6084945954512477;2,844281205291675;522,3859520654953;3945,5166785106912;3375,8185590759904;0,27805785072344996;0,16604338804258748
90,33333333333333;679,9999999998734;679,9967620409454;0,08190118243192046;0,45040318061097084;679,9761285725544;0,6026116993524511;2,816783876316066;522,5922809178919;3940,351198359366;3372,516531564778;0,2780572914258693;0,166042968569402
90,41666666666667;679,9999999998766;679,9967996864864;0,08094897319779193;0,4451666764549773;679,9763593600253;0,5967856829727225;2,789552389582735;522,798319850555;3935,1929770495362;3369,216575840651;0,2780567375359393;0,16604255315195446
90,5;679,99999999988;679,9968368943441;0,08000783475665685;0,4399910535212496;679,9765879160967;0,5910159962837724;2,7625841747665065;523,0040692967934;3930,0420037330414;3365,918694462233;0,27805618900136786;0,1660421417510259
90,58333333333333;679,9999999998831;679,9968736696075;0,07907763839511972;0,4348756040048856;679,9768142623466;0,5853020945806975;2,7358766864343993;523,2095296892988;3924,898267577163;3362,622889972118;0,27805564577036823;0,16604173432777616
90,66666666666667;679,9999999998862;679,9969100173059;0,0781582568919248;0,42981962828952436;679,9770384201437;0,5796434384137683;2,7094274036790837;523,414701460146;3919,761757764607;3359,329164896903;0,27805510779165515;0,16604133084374137
90,75;679,9999999998892;679,9969459424108;0,07724956450658738;0,4248224349085836;679,9772604106504;0,5740394935628501;2,6832338300447467;523,6195850407937;3914,632463493504;3356,037521747248;0,2780545750144391;0,1660409312608293
90,83333333333333;679,9999999998921;679,9969814498353;0,07635143695949864;0,41988334042897324;679,9774802548242;0,5684897309691905;2,657293493177019;523,8241808620846;3909,5103739773863;3352,747963017908;0,278054047388422;0,16604053554131648
90,91666666666667;679,999999999895;679,9970165444357;0,07546375142055695;0,41500166938810606;679,9776979734199;0,5629936266984714;2,6316039446664736;524,0284893542462;3904,395478445187;3349,460491187791;0,27805352486379215;0,1660401436478441
91,0;679,9999999998977;679,9970512310117;0,07458638648074611;0,4101767541388488;679,9779135869917;0,5575506618754389;2,6061627597397394;524,2325109468909;3899,2877661412194;3346,1751087199855;0,27805300739121996;0,16603975554341496
91,08333333333333;679,9999999999004;679,9970855143073;0,07371922214929327;0,4054079348252954;679,9781271158948;0,5521603226497973;2,580967537082402;524,4362460690166;3894,18722632517;3342,891818061816;0,27805249492185236;0,16603937119138928
91,16666666666667;679,999999999903;679,9971193990112;0,07286213982808931;0,40069455926648034;679,9783385802876;0,5468221001393658;2,5560158986248465;524,6396951490074;3889,093848272094;3339,610621644894;0,27805198740730963;0,16603899055548224
91,25;679,9999999999055;679,9971528897579;0,07201502229463586;0,3960359828255555;679,9785480001336;0,5415354903846037;2,531305489253959;524,8428586146334;3884,0076212723916;3336,3315218851417;0,2780514847996793;0,16603861359975947
91,33333333333333;679,999999999908;679,9971859911276;0,07117775369067658;0,39143156838071863;679,978755395203;0,5362999942974511;2,506833976652508;525,045736893052;3878,9285346318024;3333,0545211828544;0,27805098705151265;0,1660382402886345
91,41666666666667;679,9999999999104;679,9972187076474;0,07035021951082854;0,3868806862525338;679,9789607850751;0,5311151176243811;2,482599051064388;525,2483304108076;3873,8565776714013;3329,779621922744;0,27805049411581984;0,1660378705868649
91,5;679,9999999999128;679,997251043792;0,06953230657416043;0,3823827140246559;679,9791641891394;0,5259803708838717;2,458598425039273;525,4506395938328;3868,7917397275696;3326,5068264739693;0,27805000594606544;0,1660375044595491
91,58333333333333;679,9999999999152;679,9972830039836;0,06872390302135045;0,3779370365777474;679,9793656265982;0,5208952693351421;2,4348298332802347;525,6526648674479;3863,7340101520012;3323,236137190196;0,2780495224961642;0,1660371418721232
91,66666666666667;679,9999999999173;679,9973145925934;0,06792489828910675;0,3735430458956669;679,9795651164679;0,5158593329241512;2,411291032371917;525,8544066563625;3858,6833783116817;3319,967556409633;0,27804904372047695;0,16603678279035772
91,75;679,9999999999195;679,9973458139416;0,06713518309879873;0,3692001410363973;679,9797626775812;0,5108720862352811;2,387979800578734;526,0558653846749;3853,639833588872;3316,7010864550693;0,2780485695738051;0,1660364271803538
91,83333333333333;679,9999999999217;679,9973766722982;0,06635464944793057;0,36490772806905714;679,9799583285883;0,5059330584572308;2,364893937680128;526,2570414758734;3848,6033653811146;3313,436729633941;0,27804810001138813;0,1660360750085411
91,91666666666667;679,9999999999237;679,9974071718835;0,0655831905874038;0,36066521997214934;679,9801520879593;0,5010417833346992;2,342031264735815;526,4579353528363;3843,573963101207;3310,174488238356;0,2780476349888978;0,16603572624167334
92,0;679,9999999999256;679,997437316869;0,06482070100446435;0,35647203649789316;679,9803439739853;0,4961977991115418;2,31938962382632;526,6585474378326;3838,5516161771848;3306,9143645451354;0,2780471744624352;0,16603538084682642
92,08333333333333;679,9999999999277;679,9974671113772;0,06406707641701814;0,3523276041819147;679,9805340047811;0,49140064850803356;2,2969668779500156;526,8588781525222;3833,536314052327;3303,656360815872;0,27804671838852524;0,16603503879139397
92,16666666666667;679,9999999999296;679,997496559483;0,06332221376226244;0,3482313562608772;679,9807221982858;0,486649878664025;2,27476091074718;527,0589279179567;3828,5280461851385;3300,4004792969736;0,27804626672411414;0,1660347000430856
92,25;679,9999999999314;679,997525665214;0,06258601116542195;0,3441827325077408;679,980908572265;0,48194504109631;2,252769626318786;527,2586971545799;3823,5268020493236;3297,1467222196866;0,27804581942656403;0,16603436456992304
92,33333333333333;679,9999999999333;679,9975544325507;0,06185836793690669;0,3401811792075362;679,9810931443127;0,47728569166167745;2,2309909490246924;527,4581862822278;3818,5325711337896;3293,8950918001583;0,2780453764536495;0,16603403234023714
92,41666666666667;679,999999999935;679,9975828654276;0,06113918456378542;0,3362261491186026;679,9812759318527;0,47267139051427876;2,2094228233312614;527,6573957201297;3813,545342942638;3290,645590239486;0,27804493776355355;0,16603370332266518
92,5;679,9999999999367;679,9976109677332;0,06042836268420615;0,33231710133207404;679,9814569521402;0,46810170205731083;2,188063213531299;527,8563258869083;3808,5651069951327;3287,398219723737;0,2780445033148635;0,16603337748614763
92,58333333333333;679,9999999999384;679,9976387433109;0,05972580508739611;0,32845350126218864;679,9816362222635;0,4635761949117523;2,166910103636976;528,0549772005802;3803,59185282571;3284,1529824240165;0,2780440730665675;0,1660330547999256
92,66666666666667;679,99999999994;679,9976661959594;0,059031415688082234;0,3246348205154662;679,9818137591458;0,45909444187088866;2,145961497145073;528,2533500785567;3798,625569983955;3280,9098804964983;0,2780436469780501;0,1660327352335376
92,75;679,9999999999416;679,9976933294333;0,058345099515122456;0,3208605368277191;679,9819895795463;0,4546560198548377;2,1252154168475275;528,4514449376437;3793,666248034583;3277,6689160824662;0,27804322500908896;0,1660324187568167
92,83333333333333;679,9999999999432;679,9977201474436;0,057666762705821384;0,31713013402528994;679,9821637000624;0,45026050988212774;2,1046699046749344;528,649262194043;3788,7138765574464;3274,430091308371;0,2780428071198502;0,16603210533988766
92,91666666666667;679,9999999999446;679,9977466536578;0,056996312488877265;0,3134431019378366;679,9823361371309;0,4459074970185384;2,0843230214741446;528,8468022633522;3783,7684451475043;3271,1934082858597;0,27804239327088576;0,16603179495316436
93,0;679,9999999999461;679,9977728517013;0,056333657170171136;0,3097989363256526;679,9825069070296;0,4415965703429947;2,0641728468352905;529,0440655605652;3778,8299434148116;3267,958869111822;0,278041983423129;0,16603148756734676
93,08333333333333;679,9999999999475;679,9977987451567;0,055678706121398136;0,30619713879729726;679,9826760258788;0,4373273229134611;2,0442174789517535;529,241052500073;3773,8983609845236;3264,7264758684446;0,27804157753789077;0,16603118315341808
93,16666666666667;679,9999999999488;679,9978243375656;0,05503136976869882;0,3026372167708335;679,9828435096431;0,4330993517157822;2,0244550343607024;529,4377634956643;3768,9736874968617;3261,4962306232387;0,2780411755768566;0,16603088168264243
93,25;679,9999999999502;679,9978496324279;0,054391559581290494;0,2991186833963029;679,9830093741325;0,4289122576437876;2,0048836478566034;529,6341989605253;3764,055912607114;3258,268135429093;0,278040777502082;0,1660305831265615
93,33333333333333;679,9999999999515;679,9978746332032;0,053759188057256324;0,2956410574685107;679,9831736350043;0,42476564544244866;1,985501472227635;529,830359307241;3759,145025985623;3255,042192324318;0,27804038327598973;0,1660302874569923
93,41666666666667;679,9999999999528;679,9978993433107;0,053134168706492346;0,29220386337857296;679,9833363077641;0,42065912367945657;1,9663066781444911;530,0262449477954;3754,2410173177614;3251,81840333268;0,27803999286136605;0,16602999464602453
93,5;679,9999999999541;679,9979237661297;0,05251641605354962;0,288806631060618;679,9834974077678;0,41659230471680075;1,9472974539750472;530,2218562935718;3749,3438763039367;3248,596770463458;0,27803960622135726;0,16602970466601796
93,58333333333333;679,9999999999552;679,9979479050005;0,05190584560921252;0,28544889589488104;679,9836569502227;0,4125648046567676;1,9284720055866722;530,4171937553537;3744,4535926595563;3245,3772957114666;0,2780392233194656;0,1660294174895992
93,66666666666667;679,9999999999565;679,9979717632243;0,05130237386765657;0,28213019866409617;679,983814950189;0,4085762433135187;1,9098285561814898;530,6122577433249;3739,570156115039;3242,1599810571197;0,2780388441195465;0,16602913308965989
93,75;679,9999999999576;679,9979953440642;0,05070591830360627;0,27885008554380614;679,9839714225811;0,4046262441875115;1,8913653461851776;530,8070486670705;3734,693556415789;3238,94482846647;0,2780384685858053;0,16602885143935395
93,83333333333333;679,9999999999586;679,998018650745;0,050116397335386864;0,2756081078940146;679,9841263821696;0,4007144344114977;1,8730806329998586;531,0015669355769;3729,8237833221774;3235,731839891233;0,2780380966827929;0,16602857251209469
93,91666666666667;679,9999999999598;679,9980416864544;0,04953373033913522;0,2724038223464013;679,9842798435818;0,39684044472494406;1,8549726908764268;531,1958129572328;3724,960826609544;3232,5210172688517;0,27803772837540364;0,16602829628155275
94,0;679,9999999999608;679,9980644543427;0,04895783763458894;0,26923679072195256;679,9844318213038;0,39300390944845276;1,8370398108033488;531,3897871398293;3720,1046760681747;3229,312362522535;0,2780373636288708;0,16602802272165312
94,08333333333333;679,9999999999619;679,9980869575238;0,04838864045098035;0,2661065798371491;679,9845823296815;0,3892044664240757;1,8192803002183675;531,5834898905608;3715,2553215032867;3226,105877561286;0,2780370024087643;0,16602775180657325
94,16666666666667;679,9999999999628;679,9981091990753;0,04782606095261599;0,263012761663861;679,9847313829221;0,38544175700963024;1,8016924829920298;531,7769216160252;3710,4127527350274;3222,901564279967;0,27803664468098704;0,1660274835107403
94,25;679,9999999999638;679,9981311820391;0,047270022187717586;0,2599549130095583;679,9848789950953;0,38171542601901365;1,784274699135272;531,9700827222247;3705,57695959844;3219,6994245593155;0,27803629041177125;0,16602721780882845
94,33333333333333;679,9999999999649;679,9981529094215;0,0467204481196859;0,25693261574503984;679,9850251801349;0,3780251217136765;1,7670253047747098;532,1629736145659;3700,747931943479;3216,499460266018;0,27803593956767614;0,16602695467575712
94,41666666666667;679,9999999999657;679,998174384194;0,046177263584468164;0,2539454565137158;679,9851699518399;0,3743704957486216;1,7499426718972906;532,355594697861;3695,9256596349746;3213,301673252727;0,2780355921155842;0,16602669408668816
94,5;679,9999999999667;679,9981956092937;0,045640394290558106;0,2509930267752151;679,9853133238759;0,3707512031439819;1,7330251882102652;532,5479463763277;3691,1101325526174;3210,106065358107;0,27803524802269797;0,16602643601702347
94,58333333333333;679,9999999999675;679,9982165876233;0,045109766824680264;0,24807492281023097;679,9854553097761;0,36716690227081017;1,7162712570752916;532,74002905359;3686,3013405909755;3206,912638406901;0,27803490725653746;0,1660261804424031
94,66666666666667;679,9999999999684;679,998237322052;0,044585308603473095;0,24519074546372038;679,985595922943;0,3636172547857086;1,6996792972160222;532,9318431326789;3681,4992736594377;3203,7213942099324;0,2780345697849367;0,16602592733870253
94,75;679,9999999999692;679,9982578154154;0,04406694791043719;0,24234010034840628;679,9857351766497;0,36010192563367127;1,683247742705747;533,1233890160325;3676,703921682238;3200,5323345641846;0,2780342355760408;0,1660256766820306
94,83333333333333;679,99999999997;679,9982780705162;0,04355461384477621;0,23952259756375077;679,9858730840405;0,3566205829883984;1,666975042724404;533,3146671054972;3671,915274598416;3197,345461252816;0,2780339045983029;0,16602542844872717
94,91666666666667;679,9999999999708;679,9982980901246;0,04304823634413424;0,2367378518170874;679,986009658133;0,3531728982380855;1,6508596614597342;533,5056778023273;3667,1333223618203;3194,1607760452234;0,2780335768204809;0,16602518261536067
95,0;679,9999999999716;679,9983178769786;0,0425477461533319;0,23398548225403581;679,9861449118185;0,34975854594563316;1,6349000779343046;533,6964215071865;3662,3580549410863;3190,9782806970675;0,2780332522116355;0,16602493915872663
95,08333333333333;679,9999999999723;679,9983374337843;0,04205307482436638;0,2312651124730379;679,9862788578641;0,3463772038259094;1,619094785906665;533,8868986201478;3657,5894623196264;3187,7979769503263;0,27803293074112606;0,16602469805584455
95,16666666666667;679,999999999973;679,9983567632162;0,04156415469935837;0,22857637038968945;679,9864115089131;0,3430285527031174;1,6034422936571857;534,0771095406943;3652,8275344956114;3184,6198665333254;0,2780326123786086;0,16602445928395645
95,25;679,9999999999737;679,998375867918;0,041080918921920784;0,22591888835787244;679,9865428774865;0,3397122764994265;1,5879411239509913;534,2670546677198;3648,0722614819683;3181,443951160799;0,27803229709403243;0,16602422282052431
95,33333333333333;679,9999999999744;679,9983947505024;0,04060330139452617;0,22329230287903767;679,9866729759844;0,3364280621809712;1,5725898137620207;534,4567343995291;3643,323633306349;3178,2702325339033;0,2780319848576373;0,166023988643228
95,41666666666667;679,9999999999751;679,9984134135518;0,040131236801244086;0,22069625477178997;679,9868018166871;0,33317559974932465;1,557386914273028;534,6461491338388;3638,581640011134;3175,0987123402883;0,27803167563995085;0,16602375672996314
95,5;679,9999999999758;679,9984318596188;0,03966466058216156;0,21813038899745754;679,9869294117559;0,32995458219886586;1,5423309906202352;534,8352992677777;3633,846271653408;3171,9293922541174;0,2780313694117858;0,16602352705883935
95,58333333333333;679,9999999999764;679,998450091226;0,03920350892485658;0,2155943546310204;679,9870557732345;0,32676470549688474;1,527420621860384;535,0241851978875;3629,117518304952;3168,7622739361223;0,2780310661442372;0,1660232996081779
95,66666666666667;679,999999999977;679,9984681108668;0,038747718758713745;0,2130878048417292;679,9871809130502;0,32360566854663375;1,5126544007565752;535,2128073201231;3624,395370052221;3165,5973590336334;0,27803076580867947;0,1660230743565096
95,75;679,9999999999776;679,9984859210057;0,03829722775492428;0,21061039686403335;679,9873048430151;0,3204771731702749;1,498030933712371;535,4011660298536;3619,679816996347;3162,434649180638;0,2780304683767638;0,16602285128257288
95,83333333333333;679,9999999999783;679,9985035240783;0,037851974298064306;0,2081617918522225;679,9874275748267;0,31737892406340507;1,4835488405576336;535,5892617218623;3614,9708492531004;3159,274145997796;0,2780301738204159;0,16602263036531192
95,91666666666667;679,9999999999789;679,9985209224922;0,03741189750030571;0,20574165496764152;679,9875491200698;0,31431062878937155;1,4692067545279344;535,7770947903475;3610,2684569529;3156,1158510925093;0,2780298821118323;0,1660224115838743
96,0;679,9999999999793;679,9985381186267;0,0369769371673101;0,20334965519456974;679,987669490217;0,3112719977252709;1,455003322005086;535,9646656289234;3605,5726302407834;3152,95976605894;0,2780295932234793;0,1660221949176095
96,08333333333333;679,9999999999799;679,9985551148336;0,03654703381528179;0,20098546540320947;679,9877886966298;0,3082627440591068;1,4409372025047888;536,1519746306201;3600,8833592763976;3149,8058924780657;0,2780293071280886;0,16602198034606644
96,16666666666667;679,9999999999804;679,9985719134374;0,03612212865675701;0,19864876231576914;679,9879067505601;0,3052825837528417;1,427007068507772;536,3390221878843;3596,2006342339946;3146,6542319177233;0,2780290237986557;0,1660217678489918
96,25;679,9999999999809;679,9985885167356;0,035702163575024315;0,1963392263271875;679,9880236631509;0,3023312355082908;1,413211605299172;536,5258086925803;3591,524445302403;3143,5047859326364;0,27802874320843785;0,16602155740632837
96,33333333333333;679,9999999999815;679,9986049269987;0,03528708113265111;0,19405654156327704;679,9881394454374;0,2994084207500691;1,3995495108738063;536,7123345359901;3586,8547826850145;3140,357556064458;0,2780284653309503;0,16602134899821278
96,41666666666667;679,9999999999819;679,9986211464712;0,034876824568641496;0,19180039590495052;679,988254108348;0,29651386360285414;1,386019495874398;536,8986001088139;3582,191636599785;3137,212543841832;0,2780281901399648;0,16602114260497364
96,5;679,9999999999824;679,9986371773713;0,03447133776717237;0,18957048072657526;679,9883676627056;0,2936472908487531;1,3726202833279904;537,0846058011712;3577,5349972792014;3134,0697507804016;0,2780279176095065;0,16602093820712988
96,58333333333333;679,9999999999828;679,9986530218912;0,03407056527748864;0,1873664911091659;679,9884801192285;0,2908084319187765;1,359350608662421;537,2703520026007;3572,8848549702802;3130,929178382879;0,27802764771385163;0,16602073578538873
96,66666666666667;679,9999999999833;679,998668682198;0,033674452291165835;0,18518812563688228;679,988591488531;0,2879970188587322;1,34620921952099;537,4558391020616;3568,241199934553;3127,790828139074;0,2780273804275255;0,16602053532064415
96,75;679,9999999999837;679,9986841604334;0,03328294463358361;0,183035086392184;679,9887017811252;0,28521278630648794;1,3331948756512602;537,6410674879337;3563,604022448041;3124,65470152593;0,2780271157252995;0,16602033679397463
96,83333333333333;679,9999999999842;679,9986994587142;0,0328959887582414;0,18090707890253233;679,9888110074212;0,28245547146354966;1,3203063487897395;537,8260375480177;3558,9733128012513;3121,52080000757;0,27802685358218915;0,16602014018664185
96,91666666666667;679,9999999999847;679,9987145791328;0,03251353174960059;0,17880381217430724;679,9889191777287;0,27972481407516625;1,3075424225547994;538,0107496695365;3554,349061299163;3118,389125035344;0,27802659397345114;0,16601994548008836
97,0;679,999999999985;679,9987295237568;0,032135521297504965;0,17672499854260337;679,9890263022575;0,27702055639906575;1,2949018923107654;538,1952042391354;3549,731258261204;3115,2596780478534;0,2780263368745821;0,16601975265593658
97,08333333333333;679,9999999999854;679,9987442946302;0,03176190570570725;0,17467035370514705;679,9891323911187;0,2743424431884023;1,2823835650814277;538,3794016428824;3545,1198940212407;3112,132460471003;0,27802608226131514;0,16601956169598636
97,16666666666667;679,9999999999858;679,9987588937732;0,0313926338805004;0,17263959668353399;679,9892374543257;0,2716902216690187;1,2699862594347242;538,5633422662694;3540,5149589275766;3109,007473718046;0,27802583010961834;0,16601937258221375
97,25;679,9999999999861;679,9987733231823;0,03102765531366458;0,17063244973116876;679,9893415017951;0,2690636415024983;1,257708805350948;538,7470264942123;3535,91644334291;3105,884719189607;0,2780255803956917;0,16601918529676876
97,33333333333333;679,9999999999865;679,9987875848308;0,03066692009667804;0,1686486383768724;679,9894445433476;0,26646245477479624;1,245550044107429;538,9304547110517;3531,3243376443465;3102,7641982737387;0,27802533309596567;0,16601899982197424
97,41666666666667;679,9999999999869;679,9988016806693;0,030310378892295375;0,1666878912989049;679,9895465887089;0,26388641597066;1,2335088282044024;539,1136273005534;3526,7386322233706;3099,6459123459526;0,27802508818709865;0,166018816140324
97,5;679,9999999999873;679,9988156126255;0,029957982940231886;0,16474994035403687;679,9896476475105;0,26133528195089184;1,2215840212579263;539,2965446459094;3522,1593174858385;3096,52986276927;0,27802484564597474;0,16601863423448104
97,58333333333333;679,9999999999875;679,9988293826049;0,029609684042952722;0,16283452049033434;679,9897477292911;0,258808811918243;1,2097744978063134;539,4792071297381;3517,5863838519463;3093,4160508942387;0,27802460544970126;0,16601845408727595
97,66666666666667;679,999999999988;679,9988429924904;0,029265434565672876;0,1609413697520041;679,9898468434969;0,256306767408887;1,1980791433142486;539,6616151340849;3513,019821756234;3090,304478058996;0,27802436757560733;0,16601827568170552
97,75;679,9999999999882;679,9988564441435;0,028925187439199362;0,15907022928423895;679,9899449994829;0,25382891227536675;1,1864968540409981;539,8437690404226;3508,4596216475775;3087,195145589312;0,2780241320012411;0,16601809900093084
97,83333333333333;679,9999999999885;679,9988697394039;0,028588896117298646;0,15722084312487014;679,9900422065134;0,2513750126325931;1,1750265368591946;540,0256692296525;3503,9057739891405;3084,0880547985967;0,27802389870436783;0,16601792402827587
97,91666666666667;679,9999999999887;679,9988828800897;0,02825651461648704;0,15539295838848857;679,9901384737634;0,24894483687774027;1,16366710927543;540,207316082105;3499,3582692584;3080,9832069879835;0,2780236676629678;0,16601775074722586
98,0;679,9999999999891;679,9988958679983;0,027927997476240307;0,153586325072633;679,9902338103192;0,2465381556334023;1,1524174992078575;540,3887099775394;3494,817097947094;3077,880603446325;0,27802343885523395;0,16601757914142548
98,08333333333333;679,9999999999894;679,9989087049057;0,027603299770362355;0,15180069613046954;679,9903282251789;0,2441547417475931;1,1412766449738345;540,5698512951453;3490,282250561242;3074,7802454502757;0,27802321225957055;0,16601740919467795
98,16666666666667;679,9999999999897;679,9989213925677;0,027282377092774368;0,15003582733512336;679,990421727254;0,24179437026248252;1,130243495141658;540,750740413543;3485,7537176211026;3071,682134264294;0,27802298785459045;0,16601724089094283
98,25;679,99999999999;679,9989339327193;0,026965185548988302;0,14829147732328649;679,9905143253695;0,239456818391659;1,119317008439957;540,9313777107837;3481,231489661167;3068,5862711407017;0,2780227656191131;0,16601707421433484
98,33333333333333;679,9999999999902;679,9989463270756;0,026651681767475566;0,14656740756130063;679,9906060282653;0,2371418655116031;1,10849615368356;541,1117635643508;3476,7155572301563;3065,4926573197245;0,27802254553216316;0,16601690914912237
98,41666666666667;679,9999999999905;679,9989585773317;0,02634182286556097;0,1448633822434062;679,9906968445968;0,23484929312189706;1,0977799096293472;541,2918983511596;3472,205910890986;3062,401294029519;0,27802232757296774;0,16601674567972585
98,5;679,9999999999907;679,9989706851628;0,026035566469317928;0,14317916832081393;679,9907867829354;0,23257888484238265;1,087167264930947;541,4717824475588;3467,7025412207713;3059,312182486224;0,27802211172095503;0,16601658379071627
98,58333333333333;679,999999999991;679,998982652225;0,02573287069651542;0,1415145354920143;679,9908758517699;0,23033042638189727;1,0766572180110634;541,6514162293306;3463,205438810797;3056,225323893996;0,27802189795575216;0,1660164234668141
98,66666666666667;679,9999999999912;679,9989944801548;0,02543369415093366;0,139869256091336;679,9909640595071;0,2281037055269053;1,0662487769996971;541,8308000716913;3458,71459426651;3053,1407194450426;0,27802168625718304;0,1660162646928873
98,75;679,9999999999915;679,9990061705698;0,025137995910995414;0,13824310507925514;679,991051414472;0,2258985121045498;1,0559409595570517;542,009934349292;3454,229998207498;3050,058370319664;0,27802147660526705;0,16601610745395032
98,83333333333333;679,9999999999917;679,9990177250689;0,024845735541134673;0,13663586009569367;679,9911379249098;0,22371463798549485;1,0457327929064806;542,1888194362194;3449,7516412674854;3046,9782776863008;0,2780212689802164;0,16601595173516231
98,91666666666667;679,9999999999918;679,9990291452323;0,024556873069059293;0,1350473013195058;679,9912235989855;0,2215518770469771;1,035623313640918;542,367455705996;3445,2795140943067;3043,9004427015625;0,2780210633624349;0,16601579752182616
99,0;679,999999999992;679,9990404326217;0,024271368988593167;0,1334772114878591;679,9913084447852;0,2194100251585951;1,02561156766522;542,5458435315809;3440,8136073498954;3040,824866510265;0,2780208597325155;0,16601564479938663
99,08333333333333;679,9999999999923;679,9990515887807;0,02398918425967622;0,13192537591561587;679,991392470317;0,2172888801709405;1,0156966101467424;542,7239832853705;3436,353911710279;3037,7515502454867;0,27802065807123916;0,16601549355342937
99,16666666666667;679,9999999999925;679,9990626152353;0,02371028028846922;0,1303915823499743;679,9914756835116;0,2151882418814921;1,0058775053341273;542,901875339199;3431,900417865543;3034,680495028581;0,27802045835957223;0,1660153437696792
99,25;679,9999999999927;679,9990735134933;0,02343461893019594;0,1288756210334572;679,9915580922226;0,21310791202324708;0,9961533265490653;543,079520064339;3427,453116519837;3031,6117019692356;0,2780202605786658;0,16601519543399934
99,33333333333333;679,9999999999928;679,9990842850452;0,023162162486300986;0,12737728465061396;679,9916397042281;0,21104769425335235;0,9865231560874526;543,2569178315023;3423,011998391343;3028,5451721655027;0,27802006470985263;0,16601504853238946
99,41666666666667;679,9999999999931;679,9990949313642;0,022892873690238957;0,125896368255341;679,9917205272308;0,2090073941189985;0,9769860850834795;543,43406901084;3418,577054212264;3025,4809067038304;0,2780198707346462;0,16601490305098462
99,5;679,9999999999933;679,9991054539062;0,022626715721685287;0,12443266936294242;679,9918005688589;0,20698681905741978;0,9675412135013944;543,6109739719437;3414,148274728828;3022,4189066591275;0,27801967863473853;0,16601475897605392
99,58333333333333;679,9999999999934;679,9991158541103;0,022363652178114535;0,1229859877805448;679,991879836667;0,20498577835894594;0,9581876499625265;543,787633083846;3409,725650701239;3019,3591730947646;0,2780194883919993;0,1660146162939995
99,66666666666667;679,9999999999936;679,9991261333988;0,022103647077642563;0,12155612563616895;679,9919583381364;0,2030040831613178;0,9489245117370485;543,9640467150207;3405,309172903685;3016,301707062636;0,2780192999884725;0,1660144749913544
99,75;679,9999999999937;679,9991362931777;0,021846664870395216;0,12014288743687335;679,9920360806764;0,2010415464297921;0,9397509246245406;544,1402152333837;3400,8988321243237;3013,246509603204;0,2780191134063767;0,16601433505478252
99,83333333333333;679,999999999994;679,9991463348363;0,0215926704015601;0,11874607984102555;679,9921130716242;0,19909798293440417;0,9306660228551464;544,3161390062938;3396,4946191652502;3010,193581745508;0,2780189286281019;0,16601419647107643
99,91666666666667;679,9999999999941;679,9991562597478;0,02134162894265046;0,11736551187149492;679,9921893182466;0,1971732092442835;0,9216689490772179;544,4918184005531;3392,0965248425036;3007,1429245072386;0,2780187456362082;0,16601405922715617
100,0;679,9999999999943;679,9991660692697;0,021093506157399133;0,11600099471215047;679,9922648277396;0,1952670436878634;0,9127588541596263;544,6672537824076;3387,7045399860235;3004,0945388947407;0,2780185644134249;0,16601392331006867
100,08333333333333;679,9999999999944;679,9991757647435;0,020848268115969404;0,11465234175146843;679,9923396072302;0,19337930636709189;0,9039348972494229;544,8424455175476;3383,318655439669;3001,0484259030804;0,2780183849426475;0,1660137887069857
100,16666666666667;679,9999999999945;679,9991853474952;0,02060588127221763;0,11331936852438883;679,9924136637759;0,19150981910627252;0,8951962455576754;545,0173939711091;3378,9388620611703;2998,0045865160596;0,2780182072069378;0,1660136554052034
100,25;679,9999999999948;679,9991948188353;0,020366312483588445;0,11200189277045887;679,9924870043664;0,18965840546627533;0,8865420744047725;545,1920995076733;3374,565150722137;2994,963021706274;0,27801803118952073;0,16601352339214057
100,33333333333333;679,9999999999949;679,9992041800592;0,020129528985535217;0,1106997342981649;679,9925596359235;0,18782489071043074;0,8779715670639209;545,3665624912685;3370,197512308036;2991,923732435139;0,27801785687378355;0,1660133926553377
100,41666666666667;679,999999999995;679,999213432447;0,01989549839152005;0,10941271500431356;679,9926315653023;0,18600910178463437;0,8694839146787747;545,5407832853693;3365,8359377181596;2988,8867196529186;0,27801768424327444;0,16601326318245585
100,5;679,9999999999951;679,9992225772642;0,019664188698698126;0,10814065889825815;679,9927027992916;0,18421086731734704;0,8610783162469624;545,7147622528986;3361,4804178656414;2985,851984298789;0,2780175132817002;0,16601313496127515
100,58333333333333;679,9999999999952;679,9992316157613;0,01943556827370685;0,10688339202437407;679,9927733446143;0,18243001758833088;0,8527539785047679;545,8884997562271;3357,1309436774127;2982,819527300851;0,27801734397292566;0,16601300797969426
100,66666666666667;679,9999999999953;679,9992405491746;0,019209605846981503;0,1056407424087606;679,9928432079287;0,18066638452296502;0,8445101158488798;546,0619961571747;3352,7875060942024;2979,7893495761787;0,27801717630097117;0,16601288222572838
100,75;679,9999999999955;679,9992493787256;0,018986270518439596;0,10441254012707495;679,9929123958284;0,178919801666666;0,8363459502704955;546,2352518170107;3348,4500960705163;2976,761452030857;0,2780170102500118;0,1660127576875089
100,83333333333333;679,9999999999956;679,9992581056221;0,018765531746112174;0,10319861721731703;679,9929809148434;0,17719010417636127;0,8282607112853063;546,4082670964547;3344,1187045746174;2973,735835560012;0,2780168458043758;0,16601263435328184
100,91666666666667;679,9999999999958;679,9992667310573;0,01854735933761731;0,10199880765075775;679,9930487714405;0,17547712880343624;0,820253635863483;546,5810423556767;3339,7933225885226;2970,7125010478585;0,27801668294854276;0,16601251221140712
101,0;679,9999999999958;679,999275256211;0,01833172346152878;0,1008129473610107;679,993115972024;0,1737807138823655;0,8123239683637804;546,7535779542985;3335,4739411079777;2967,69144936773;0,2780165216671423;0,16601239125035672
101,08333333333333;679,999999999996;679,9992836822491;0,018118594618954376;0,09964087413743578;679,9931825229364;0,1721006992937646;0,804470960385271;546,9258742513939;3331,160551142432;2964,672681382105;0,2780163619449526;0,16601227145871444
101,16666666666667;679,999999999996;679,999292010324;0,017907943671957582;0,09848242772689032;679,9932484304586;0,17043692648996966;0,7966938708620703;547,0979316054892;3326,8531437150527;2961,6561979426783;0,27801620376689934;0,1660121528251745
101,25;679,9999999999961;679,9993002415746;0,01769974180092504;0,09733744964960805;679,993313700811;0,16878923843535176;0,7889919657997537;547,2697503745641;3322,551709862671;2958,6419998903502;0,27801604711805367;0,16601203533854025
101,33333333333333;679,9999999999962;679,9993083771266;0,01749396053867258;0,09620578336393892;679,9933783401536;0,16715747962905425;0,7813645183824365;547,4413309160522;3318,2562406358015;2955,630088055308;0,27801589198363125;0,16601191898772344
101,41666666666667;679,9999999999964;679,9993164180925;0,01729057174202353;0,0950872740822281;679,9934423545873;0,1655414960652024;0,7738108087668497;547,6126735868414;3313,9667270986024;2952,620463257031;0,2780157383489905;0,1660118037617429
101,5;679,9999999999965;679,9993243655721;0,017089547597493038;0,09398176885803121;679,9935057501535;0,1639411352272191;0,7663301240823397;547,7837787432753;3309,6831603288733;2949,613126304345;0,2780155861996315;0,16601168964972365
101,58333333333333;679,9999999999966;679,9993322206524;0,0168908606099194;0,09288911648436321;679,9935685328355;0,16235624607361387;0,7589217583443802;547,9546467411529;3305,4055314180287;2946,6080779954486;0,27801543552119473;0,16601157664089605
101,66666666666667;679,9999999999966;679,9993399844075;0,016694483605306232;0,09180916753246073;679,9936307085587;0,16078667902661437;0,7515850124257423;548,1252779357299;3301,133831471091;2943,605319117957;0,27801528629945904;0,1660114647245943
101,75;679,9999999999967;679,9993476578992;0,01650038972798029;0,09074177430332915;679,9936922831911;0,15923228594658667;0,7443191938917546;548,2956726817187;3296,8680516066684;2940,6048504489277;0,27801513852034143;0,16601135389025606
101,83333333333333;679,9999999999968;679,999355242177;0,016308552437749313;0,08968679084227849;679,993753262544;0,1576929201405619;0,7371236170950292;548,4658313332898;3292,608182956951;2937,6066727549164;0,27801499216989434;0,16601124412742074
101,91666666666667;679,9999999999969;679,999362738278;0,01611894549569115;0,08864407285655343;679,9938136523728;0,15616843631960364;0,7299976029365883;548,635754244072;3288,354216667676;2934,610786791991;0,27801484723430536;0,16601113542572904
102,0;679,999999999997;679,9993701472275;0,01593154297268029;0,087613477758941;679,9938734583767;0,15465869060449222;0,7229404789152865;548,805441767153;3284,106143898123;2931,6171933057767;0,2780147036998959;0,16601102777492194
102,08333333333333;679,999999999997;679,9993774700388;0,01574631923801917;0,08659486458540058;679,9939326862002;0,15316354050867176;0,7159515790289666;548,97489425508;3279,863955821102;2928,6258930314993;0,27801456155311954;0,16601092116483965
102,16666666666667;679,9999999999972;679,9993847077133;0,015563248956595999;0,08558809402413564;679,9939913414331;0,1516828449211971;0,7090302437168007;549,1441120598607;3275,6276436229255;2925,6368866940056;0,2780144207805605;0,16601081558542038
102,25;679,9999999999973;679,9993918612407;0,015382307097411285;0,08459302841559378;679,9940494296113;0,1502164641010495;0,7021758198098685;549,3130955329636;3271,3971985034104;2922,6501750078223;0,2780142813689328;0,16601071102669962
102,33333333333333;679,9999999999973;679,9993989315994;0,015203468913682627;0,08360953166040618;679,994106956217;0,14876425964871487;0,6953876604117207;549,4818450253188;3267,172611675841;2919,665758677162;0,2780141433050791;0,16601060747880936
102,41666666666667;679,9999999999974;679,9994059197564;0,015026709945686889;0,08263746925814991;679,9941639266794;0,14732609450618384;0,6886651248942605;549,6503608873184;3262,9538743669627;2916,6836383959803;0,2780140065759693;0,166010504931977
102,5;679,9999999999974;679,9994128266674;0,014852006023602371;0,08167670827827625;679,9942203463753;0,14590183294842518;0,6820075788689138;549,8186434688173;3258,740977816976;2913,7038148480106;0,27801387116869924;0,16601040337652445
102,58333333333333;679,9999999999975;679,9994196532768;0,014679333250455784;0,080727117316503;679,9942762206294;0,14449134055212198;0,6754143940177717;549,9866931191341;3254,533913279502;2910,726288706788;0,2780137370704893;0,166010302802867
102,66666666666667;679,9999999999976;679,9994264005186;0,014508668016333104;0,07978856652873156;679,994331554715;0,14309448420135595;0,6688849481430116;550,1545101870514;3250,3326720215855;2907,751060635699;0,27801360426868393;0,16601020320151297
102,75;679,9999999999976;679,9994330693152;0,014339986975642205;0,0788609275341411;679,9943863538545;0,14171113206487007;0,6624186250515793;550,3220950208164;3246,137245323655;2904,778131288002;0,2780134727507493;0,16601010456306198
102,83333333333333;679,9999999999976;679,9994396605787;0,014173267061323713;0,07794407346848677;679,9944406232196;0,14034115357901555;0,656014814464583;550,4894479681418;3241,9476244795305;2901,8075013068697;0,278013342504273;0,16601000687820475
102,91666666666667;679,9999999999977;679,9994461752106;0,014008485473482324;0,07703787895502791;679,9944943679321;0,13898441945059403;0,64967291205024;550,6565693762063;3237,763800796395;2898,8391713254296;0,27801321351696284;0,16600991013772215
103,0;679,9999999999978;679,9994526141018;0,0138456196793868;0,07614222007545639;679,9945475930643;0,13764080163980452;0,643392319333271;550,8234595916554;3233,585765594785;2895,873141966795;0,2780130857766456;0,16600981433248418
103,08333333333333;679,9999999999978;679,9994589781328;0,013684647402101291;0,07525697432144364;679,9946003036396;0,13631017333750606;0,6371724435878181;550,9901189606015;3229,413510208562;2892,9094138440955;0,278012959271265;0,16600971945344878
103,16666666666667;679,999999999998;679,999465268174;0,013525546626169671;0,0743820206237124;679,9946525046324;0,13499240895669118;0,6310126978044975;551,1565478286254;3225,247025984908;2889,947987560512;0,27801283398888216;0,16600962549166162
103,25;679,999999999998;679,9994714850858;0,013368295597615543;0,07351723935203673;679,9947042009695;0,13368738413817027;0,6249125007068733;551,3227465407763;3221,086304284313;2886,9888637093272;0,27801270991767313;0,16600953243825486
103,33333333333333;679,9999999999981;679,9994776297183;0,013212872804047038;0,07266251220380035;679,9947553975297;0,13239497571078118;0,6188712765743619;551,4887154415726;3216,931336480542;2884,0320428739374;0,2780125870459286;0,1660094402844465
103,41666666666667;679,9999999999981;679,9994837029118;0,013059256994552015;0,07181772231059298;679,9948060991449;0,13111506170844223;0,6128884553204841;551,6544548750026;3212,7821139606367;2881,077525627906;0,2780124653620524;0,16600934902153927
103,5;679,9999999999981;679,9994897054969;0,012907427156960694;0,07098275411223284;679,9948563106;0,12984752133036181;0,6069634722992948;551,8199651845252;3208,638628124888;2878,125312534985;0,27801234485456006;0,16600925864092006
103,58333333333333;679,9999999999982;679,9994956382944;0,012757362529214333;0,07015749343913653;679,9949060366339;0,12859223495240713;0,6010957683671612;551,9852467130705;3204,5008703868207;2875,175404149158;0,27801222551207866;0,166009169134059
103,66666666666667;679,9999999999983;679,9995015021159;0,012609042593680897;0,06934182745417562;679,9949552819395;0,1273490841072089;0,5952847897921557;552,1502998030404;3200,3688321731915;2872,227801014678;0,2780121073233452;0,1660090804925089
103,75;679,9999999999983;679,9995072977631;0,012462447060102022;0,06853564457999722;679,9950040511645;0,12611795146995064;0,5895299881799227;552,3151247963092;3196,2425049239473;2869,2825036660847;0,27801199027720513;0,16600899270790384
103,83333333333333;679,9999999999983;679,9995130260287;0,012317555879803876;0,06773883455716749;679,9950523489116;0,12489872084415765;0,5838308203995459;552,4797220342243;3192,1218800922275;2866,339512628255;0,27801187436261215;0,16600890577195912
103,91666666666667;679,9999999999984;679,9995186876962;0,012174349240012816;0,06695128842479048;679,9951001797388;0,12369127716738149;0,5781867486370886;552,6440918576071;3188,006949144349;2863,3988284164366;0,278011759568627;0,16600881967647024
104,0;679,9999999999984;679,9995242835398;0,012032807555328873;0,06617289848659112;679,9951475481603;0,1224955064913047;0,5725972402761577;552,8082346067532;3183,8977035597823;2860,4604515362757;0,2780116458844153;0,16600873441331152
104,08333333333333;679,9999999999984;679,9995298143248;0,011892911464883582;0,06540355826246229;679,9951944586464;0,12131129595331913;0,5670617677702293;552,9721506214335;3179,7941348311297;2857,524382483849;0,27801153329924855;0,1660086499744364
104,16666666666667;679,9999999999984;679,9995352808075;0,011754641840866498;0,06464316256114415;679,9952409156247;0,12013853379926331;0,5615798087703234;553,1358402408941;3175,696234464124;2854,590621745706;0,2780114218025008;0,1660085663518756
104,25;679,9999999999985;679,9995406837356;0,011617979771472164;0,06389160738816367;679,9952869234793;0,11897710934363204;0,5561508459026043;553,2993038038583;3171,6039939776065;2851,6591697989033;0,2780113113836497;0,16600848353773728
104,33333333333333;679,9999999999985;679,999546023848;0,011482906572268803;0,06314878998459693;679,9953324865522;0,11782691298094505;0,550774366854869;553,4625416485255;3167,5174049035063;2848,7300271110307;0,27801120203227464;0,16600840152420598
104,41666666666667;679,9999999999986;679,9995513018749;0,011349403763460941;0,06241460872047274;679,9953776091437;0,11668783615732536;0,545449864224163;553,6255541125736;3163,436458786825;2845,8031941402455;0,2780110937380551;0,16600832030354135
104,5;679,9999999999986;679,9995565185383;0,011217453092626783;0,06168896323528604;679,9954222955121;0,11555977137334139;0,5401768355456098;553,7883415331582;3159,3611471856266;2842,878671335319;0,27801098649077105;0,16600823986807828
104,58333333333333;679,9999999999986;679,9995616745515;0,01108703650913867;0,060971754244186306;679,9954665498748;0,11444261216411178;0,5349547831647374;553,9509042469144;3155,2914616710095;2839,956459135647;0,2780108802803005;0,1660081602102254
104,66666666666667;679,9999999999986;679,9995667706197;0,010958136178373934;0,060262883678490954;679,9955103764082;0,11333625309646322;0,5297832142745451;554,1132425899565;3151,227393827105;2837,0365579713093;0,27801077509662026;0,1660080813224652
104,75;679,9999999999987;679,9995718074398;0,010830734473188386;0,05956225459362483;679,9955537792487;0,11224058976040396;0,5246616408454885;554,2753568978792;3147,168935251054;2834,1189682630884;0,2780106709298032;0,1660080031973524
104,83333333333333;679,9999999999987;679,9995767857007;0,010704813973916316;0,05886977119819197;679,9955967624923;0,11115551875207075;0,5195895795389912;554,4372475057584;3143,116077552989;2831,203690422508;0,2780105677700186;0,16600792582751395
104,91666666666667;679,9999999999989;679,9995817060831;0,010580357451317468;0,05818533873768859;679,9956393301954;0,11008093766236016;0,5145665516786158;554,5989147481512;3139,0688123560094;2828,290724851853;0,27801046560753095;0,1660078492056482
105,0;679,9999999999989;679,9995865692599;0,010457347894998748;0,057508863673778846;679,9956814863757;0,10901674508545511;0,5095920832665373;554,7603589590972;3135,0271312961922;2825,3800719442297;0,27801036443269833;0,16600777332452374
105,08333333333333;679,9999999999989;679,9995913758964;0,01033576847362383;0,05684025344203034;679,9957232350115;0,10796284057903449;0,5046657048229221;554,9215804721188;3130,9910260225424;2822,4717320835684;0,2780102642359724;0,1660076981769793
105,16666666666667;679,9999999999989;679,9995961266499;0,010215602560492698;0,0561794166021181;679,9957645800429;0,10691912468416831;0,49978695145182367;555,082579620222;3126,9604881970026;2819,565705644684;0,2780101650078971;0,16600762375592282
105,25;679,9999999999989;679,9996008221699;0,01009683372501513;0,05552626279906223;679,9958055253717;0,1058854988997382;0,49495536273410196;555,243356735897;3122,9355094944226;2816,6619929932885;0,278010066739108;0,166007550054331
105,33333333333333;679,999999999999;679,9996054630988;0,009979445724184188;0,05488070270992977;679,9958460748622;0,10486186567959521;0,4901704827233046;555,4039121511189;3118,9160816025465;2813,7605944860347;0,2780099694203306;0,16600747706524796
105,41666666666667;679,999999999999;679,999610050071;0,009863422505418384;0,05424264805352524;679,9958862323414;0,103848128418349;0,48543185985506004;555,5642461973482;3114,9021962220017;2810,8615104705505;0,2780098730423807;0,16600740478178552
105,5;679,9999999999991;679,9996145837141;0,009748748198035173;0,053612011546783016;679,995926001599;0,10284419143999912;0,48073904692648517;555,7243592055318;3110,893845066269;2807,9647412854574;0,2780097775961625;0,1660073331971219
105,58333333333333;679,9999999999991;679,999619064648;0,009635407124619633;0,052988706987137306;679,9959653863882;0,10184996000361934;0,47609160110030363;555,884251506103;3106,891019861683;2805,070287260425;0,27800968307266827;0,16600726230450122
105,66666666666667;679,9999999999991;679,9996234934855;0,009523383778287098;0,052372649082936956;679,996004390426;0,10086534027209382;0,47148908374834325;556,0439234289832;3102,8937123474007;2802,1781487161816;0,2780095894629775;0,16600719209723314
105,75;679,9999999999991;679,9996278708323;0,009412662839736186;0,05176375359395887;679,9960430173934;0,0998902393263279;0,46693106055449807;556,2033753035817;3098,901914275396;2799,288325964564;0,2780094967582558;0,1660071225686919
105,83333333333333;679,9999999999991;679,9996321972872;0,009303229168722282;0,051161937258728675;679,9960812709357;0,0989245651425108;0,4624171013746997;556,3626074587962;3094,915617410436;2796,400819308541;0,27800940494975424;0,16600705371231567
105,91666666666667;679,9999999999991;679,9996364734416;0,009195067798373202;0,050567117765448956;679,9961191546632;0,09796822658358906;0,45794678021220636;556,5216202230145;3090,9348135300716;2793,5156290422506;0,27800931402880824;0,16600698552160617
106,0;679,9999999999992;679,9996406998805;0,009088163938031357;0,04997921378107101;679,9961566721511;0,09702113339642437;0,4535196752011286;556,680413924114;3086,959494424616;2790,6327554510285;0,2780092239868374;0,16600691799012807
106,08333333333333;679,9999999999992;679,9996448771818;0,008982502967569417;0,04939814489799664;679,99619382694;0,09608319620326711;0,4491353685693633;556,8389888894632;3082,989651897131;2787,7521988114445;0,2780091348153439;0,16600685111150792
106,16666666666667;679,9999999999992;679,9996490059169;0,008878070434548135;0,04882383164376876;679,9962306225366;0,09515432647901889;0,4447934465315123;556,9973454459218;3079,025277763401;2784,873959391324;0,2780090465059122;0,16600678487943415
106,25;679,9999999999992;679,9996530866504;0,008774852057058524;0,04825619547622607;679,9962670624133;0,0942344365654435;0,4404934993506601;557,155483919842;3075,066363851934;2781,998037449798;0,27800895905020817;0,16600671928765612
106,33333333333333;679,9999999999993;679,9996571199403;0,00867283372087968;0,0476951587689672;679,996303150009;0,09332343964842948;0,4362351212354113;557,3134046370684;3071,1129020039293;2779,1244332373194;0,2780088724399784;0,1660066543299838
106,41666666666667;679,9999999999993;679,9996611063382;0,008572001476636615;0,047140644816196016;679,9963388887296;0,09242124975799015;0,4320179103357722;557,471107922939;3067,164884073273;2776,253146995705;0,2780087866670489;0,1660065900002867
106,5;679,9999999999993;679,9996650463894;0,00847234152843157;0,04659257775035165;679,9963742819479;0,09152778174268406;0,42784146864430694;557,6285941022861;3063,222301926507;2773,3841789581556;0,27800870172332515;0,16600652629249388
106,58333333333333;679,9999999999993;679,9996689406327;0,008373840248054876;0,04605088261963319;679,996409333004;0,090642951286668;0,4237054020332037;557,7858634994366;3059,28514744283;2770,5175293493053;0,27800861760079054;0,1660064632005929
106,66666666666667;679,9999999999993;679,9996727896005;0,008276484166458431;0,045515485354082584;679,9964440452057;0,08976667488411749;0,41960932018837915;557,9429164382127;3055,3534125140686;2767,653198385238;0,2780085342915062;0,16600640071862965
106,75;679,9999999999993;679,9996765938193;0,00818025997091354;0,044986312746203544;679,9964784218292;0,08889886983922679;0,4155528365559376;558,0997532419328;3051,427089044665;2764,7911862735255;0,2780084517876098;0,16600633884070737
106,83333333333333;679,9999999999993;679,9996803538095;0,008085154499326563;0,04446329241219918;679,9965124661187;0,088039454251998;0,4115355683215786;558,2563742334121;3047,5061689516624;2761,9314932132606;0,27800837008131507;0,16600627756098635
106,91666666666667;679,9999999999993;679,9996840700852;0,007991154745923268;0,043946352825889046;679,9965461812869;0,0871883470153989;0,4075571363694123;558,4127797349629;3043,5906441646807;2759,074119395082;0,2780082891649114;0,16600621687368353
107,0;679,9999999999994;679,9996877431546;0,007898247852722307;0,0434354232799468;679,9965795705158;0,08634546780967867;0,4036171652613665;558,5689700683957;3039,6805066259103;2756,2190650012135;0,27800820903076207;0,16600615677307157
107,08333333333333;679,9999999999994;679,99969137352;0,007806421120903906;0,04293043393435317;679,9966126369563;0,0855107370909991;0,399715283187765;558,7249455550198;3035,7757482900925;2753,366330205492;0,2780081296713047;0,1660060972534786
107,16666666666667;679,9999999999994;679,9996949616781;0,0077156619852303265;0,04243131569041829;679,9966453837293;0,08468407607722384;0,39585112190143146;558,8807065156435;3031,8763611244917;2750,5159151733924;0,2780080510790497;0,16600603830928728
107,25;679,9999999999994;679,9996985081193;0,00762595803394106;0,0419380002973782;679,996677813925;0,08386540675360266;0,39202431674240057;559,0362532705756;3027,982337108898;2747,6678200620727;0,27800797324658005;0,16600597993493504
107,33333333333333;679,9999999999994;679,9997020133288;0,007537297003068488;0,041450420303941894;679,996709930604;0,08305465186140282;0,3882345065761404;559,1915861396252;3024,0936682355964;2744,822045020393;0,27800789616655047;0,16600592212491286
107,41666666666667;679,9999999999994;679,999705477786;0,007449666765069196;0,04096850901468368;679,9967417367972;0,08225173488654036;0,38448133376060456;559,3467054421029;3020,210346509356;2741,9785901889513;0,27800781983168676;0,16600586487376512
107,5;679,9999999999994;679,9997089019647;0,007363055334508317;0,04049220052396026;679,9967732355063;0,08145658005673795;0,3807644441132842;559,5016114968213;3016,332363947413;2739,1374557001172;0,2780077442347848;0,1660058081760886
107,58333333333333;679,9999999999994;679,9997122863331;0,007277450868059532;0,04002142970137484;679,9968044297041;0,080669112327314;0,37708348685766746;559,6563046220955;3012,4597125794535;2736,298641678056;0,27800766936871024;0,16600575202653267
107,66666666666667;679,9999999999994;679,999715631354;0,007192841658820726;0,03955613216270537;679,9968353223343;0,07988925738402486;0,37343811461912113;559,8107851357441;3008,5923844475983;2733,4621482387665;0,27800759522639773;0,16600569641979832
107,75;679,9999999999994;679,999718937485;0,007109216136313989;0,03909624427474987;679,9968659163123;0,07911694162885397;0,3698279833878239;559,9650533550898;3004,7303716063825;2730,6279754901057;0,27800752180085037;0,16600564135063778
107,83333333333333;679,9999999999995;679,9997222051782;0,0070265628608012776;0,038641703131099936;679,9968962145256;0,07835209217716965;0,3662527524775819;560,1191095969597;3000,8736661227404;2727,7961235318226;0,27800744908513864;0,16600558681385397
107,91666666666667;679,9999999999995;679,9997254348804;0,0069448705346530915;0,03819244660543897;679,9969262198333;0,07759463684919865;0,362712084501117;560,2729541776862;2997,0222600759967;2724,9665924555925;0,27800737707240003;0,16600553280430003
108,0;679,9999999999995;679,9997286270334;0,006864127979611112;0,03774841321587402;679,9969559350671;0,07684450415581523;0,35920564529593463;560,4265874131079;2993,176145557834;2722,139382345035;0,2780073057558389;0,16600547931687915
108,08333333333333;679,9999999999995;679,9997317820737;0,006784324153841226;0,03730954224606807;679,9969853630315;0,07610162330990988;0,3557331039861006;560,5800096185698;2989,3353146722916;2719,3144932757587;0,2780072351287244;0,16600542634654328
108,16666666666667;679,9999999999995;679,9997349004328;0,006705448146249182;0,03687577369194181;679,9970145065035;0,07536592420080979;0,35229413284633104;560,7332211089243;2985,4997595357445;2716,491925315388;0,2780071651843915;0,16600537388829362
108,25;679,9999999999995;679,9997379825372;0,0066274891679540815;0,03644704821322076;679,9970433682337;0,07463733739996314;0,3488884073555328;560,8862221985319;2981,6694722768802;2713,6716785235853;0,2780070959162392;0,16600532193717937
108,33333333333333;679,9999999999997;679,9997410288083;0,006550436557972716;0,03602330719157874;679,9970719509456;0,07391579414672833;0,345515606102078;561,0390132012615;2977,844445036692;2710,853752952092;0,2780070273177305;0,1660052704882979
108,41666666666667;679,9999999999997;679,9997440396628;0,006474279783219572;0,03560449270156615;679,9971002573368;0,07320122635121606;0,342175410816752;561,1915944304913;2974,024669968455;2708,0381486447527;0,27800695938239167;0,16600521953679376
108,5;679,9999999999997;679,9997470155124;0,0063990084214538;0,03519054741854939;679,9971282900785;0,07249356657155204;0,33886750625331696;561,3439661991096;2970,2101392377103;2705,22486563754;0,27800689210381146;0,16600516907785864
108,58333333333333;679,9999999999997;679,9997499567642;0,006324612181174416;0,03478141475437907;679,9971560518164;0,07179274802808777;0,3355915802626448;561,4961288195152;2966,4008450222527;2702,413903958596;0,27800682547564054;0,16600511910673044
108,66666666666667;679,9999999999997;679,9997528638203;0,006251080887409444;0,034377038745948295;679,9971835451704;0,07109870458066325;0,33234732368563646;561,6480826036183;2962,5967795121114;2699,6052636282584;0,27800675949159104;0,16600506961869327
108,75;679,9999999999997;679,9997557370783;0,0061784044845580866;0,03397736409880025;679,9972107727351;0,0704113707314491;0,3291344303696955;561,7998278628407;2958,797934909535;2696,798944659085;0,2780066941454357;0,1660050206090768
108,83333333333333;679,9999999999997;679,9997585769312;0,006106573033548557;0,03358233615321122;679,99723773708;0,06973068161357787;0,3259525971028325;561,9513649081172;2955,004303428973;2693,9949470558913;0,27800662943100796;0,16600497207325599
108,91666666666667;679,9999999999997;679,9997613837672;0,006035576711838075;0,03319190089388113;679,9972644407499;0,0690565729911441;0,32280152363425735;562,1026940498956;2951,2158772970624;2691,1932708157733;0,27800656534220036;0,16600492400665026
109,0;679,9999999999997;679,9997641579704;0,005965405810570701;0,03280600492570713;679,9972908862648;0,06838898124499337;0,3196809125755355;562,2538155981377;2947,4326487526014;2688,393915928139;0,2780065018729646;0,16600487640472344
109,08333333333333;679,9999999999997;679,9997668999201;0,0058960507317351585;0,03242459546409295;679,9973170761203;0,06772784337272242;0,31659046944589114;562,4047298623201;2943,6546100465475;2685,5968823747403;0,27800643901731115;0,16600482926298338
109,16666666666667;679,9999999999997;679,9997696099913;0,0058275019881648404;0,03204762033979428;679,9973430127883;0,06707309698299468;0,3135299026063116;562,5554371514341;2939,881753441989;2682,8021701297;0,27800637676930806;0,16600478257698106
109,25;679,9999999999997;679,9997722885546;0,0057597502092221475;0,03167502801829985;679,9973686987163;0,0664246802841717;0,31049892321836203;562,7059377739876;2936,1140712141378;2680,0097791595445;0,27800631512308094;0,1660047363423107
109,33333333333333;679,9999999999997;679,9997749359763;0,0056927861265876345;0,031306767527152106;679,9973941363285;0,06578253208431306;0,3074972452565412;562,8562320380045;2932,3515556503025;2677,219709423227;0,27800625407281165;0,16600469055460876
109,41666666666667;679,9999999999997;679,9997775526185;0,005626600582786523;0,03094278850924542;679,9974193280253;0,06514659177980775;0,30452458543826694;563,0063202510262;2928,59419904988;2674,4319608721626;0,2780061936127392;0,1660046452095544
109,5;679,9999999999997;679,9997801388391;0,00556118452834653;0,030583041198599618;679,9974442761843;0,0645167993582163;0,30158066324858684;563,156202720112;2924,841993724337;2671,646533450255;0,27800613373715766;0,16600460030286826
109,58333333333333;679,9999999999997;679,9997826949917;0,005496529013271356;0,030227476371907078;679,9974689831597;0,06389309538405996;0,2986652008619274;563,3058797518397;2921,0949319971915;2668,863427093925;0,2780060744404167;0,16600455583031254
109,66666666666667;679,9999999999997;679,9997852214259;0,005432625198409369;0,02987604542605737;679,9974934512833;0,06327542099882066;0,29577792316268586;563,4553516523065;2917,3530062039986;2666,0826417321427;0,27800601571692013;0,1660045117876901
109,75;679,9999999999998;679,9997877184873;0,005369464344084918;0,02952870029576734;679,9975176828641;0,06266371790957237;0,29291855766697933;563,6046187271292;2913,616208692329;2663,3041772864485;0,2780059575611261;0,16600446817084463
109,83333333333333;679,9999999999998;679,9997901865172;0,005307037812940507;0,029185393477807534;679,997541680189;0,062057928391823225;0,2900868345473554;563,7536812814452;2909,8845318217654;2660,528033670996;0,27800589996754643;0,16600442497565981
109,91666666666667;679,9999999999998;679,9997926258533;0,005245337064252453;0,02884607800677577;679,9975654455226;0,06145799526962037;0,2872824865545408;563,9025396199133;2906,157967963864;2657,7542107925615;0,2780058429307458;0,16600438219805935
110,0;679,9999999999998;679,9997950368291;0,005184353662457397;0,028510707493859457;679,9975889811077;0,06086386192976079;0,2845052490503894;564,0511940467142;2902,436509502161;2654,9827085505917;0,2780057864453415;0,16600433983400614
110,08333333333333;679,9999999999998;679,9997974197744;0,005124079265783621;0,0281792360590015;679,9976122891654;0,060275472301896116;0,28175485995022315;564,1996448655508;2898,7201488321402;2652,213526837221;0,27800573050600297;0,16600429787950222
110,16666666666667;679,9999999999998;679,999799775015;0,005064505634777561;0,02785161839388912;679,9976353718954;0,05969277085853264;0,2790310596981214;564,3478923796496;2895,0088783612246;2649,4466655373017;0,278005675107451;0,1660042563305883
110,25;679,9999999999998;679,9998021028731;0,005005624618092952;0,027527809674738595;679,997658231476;0,059115702609346954;0,2763335912504466;564,4959368917606;2891,302690508755;2646,6821245284355;0,27800562024445774;0,1660042151833433
110,33333333333333;679,9999999999998;679,999804403667;0,004947428166701684;0,027207765634974623;679,9976808700644;0,05854421309550162;0,2736622000511333;564,6437787041586;2887,6015777059793;2643,9199036810005;0,2780055659118454;0,16600417443388404
110,41666666666667;679,9999999999998;679,9998066777114;0,004889908319682945;0,02689144248770568;679,9977032897972;0,05797824838396082;0,2710166339987404;564,7914181186435;2883,9055323960283;2641,1600028581774;0,27800551210448676;0,16600413407836506
110,5;679,9999999999998;679,9998089253172;0,004833057209907565;0,026578796979022216;679,9977254927901;0,05741775506464819;0,2683966434340955;564,938855436541;2880,214547033907;2638,4024219159814;0,27800545881730376;0,16600409411297784
110,58333333333333;679,9999999999998;679,9998111467919;0,004776867064038015;0,02626978635407961;679,9977474811385;0,056862680241920316;0,2658019811032286;565,0860909587033;2876,52861408647;2635,647160703286;0,2780054060452676;0,1660040545339507
110,66666666666667;679,9999999999998;679,9998133424392;0,004721330196844065;0,025964368347407594;679,9977692569174;0,05631297153172454;0,2632324021532533;565,2331249855099;2872,8477260324125;2632,894219061855;0,2780053537833982;0,16600401533754863
110,75;679,9999999999998;679,9998155125595;0,004666439014044954;0,02566250120229143;679,9977908221819;0,05576857705875682;0,26068766409530053;565,379957816868;2869,1718753622467;2630,143596826367;0,27800530202676355;0,16600397652007265
110,83333333333333;679,9999999999999;679,9998176574495;0,004612186006625052;0,025364143622318976;679,997812178967;0,05522944544793518;0,2581675267880447;565,5265897522133;2865,5010545782943;2627,395293824449;0,2780052507704791;0,16600393807785935
110,91666666666667;679,9999999999999;679,9998197774025;0,004558563759360368;0,02506925481983362;679,9978333292884;0,05469552582155757;0,25567175240887385;565,6730210905108;2861,8352561946635;2624,649309876701;0,2780052000097079;0,16600390000728094
111,0;679,9999999999999;679,9998218727085;0,004505564933765527;0,024777794448100188;679,9978542751419;0,05416676778793317;0,2532001054127051;565,8192521302552;2858,174472737227;2621,905644796714;0,27800514973965945;0,1660038623047446
111,08333333333333;679,9999999999999;679,999823943654;0,004453182285146795;0,024489722664293737;679,9978750185043;0,053643121449908904;0,25075235256493217;565,9652831694717;2854,5186967436166;2619,1642983911165;0,27800509995558975;0,16600382496669233
111,16666666666667;679,9999999999999;679,9998259905221;0,004401408648391225;0,024205000061665483;679,997895561333;0,05312453739065859;0,24832826286729281;566,1111145057166;2850,867920763204;2616,42527045959;0,2780050506528007;0,1660037879896005
111,25;679,9999999999999;679,9998280135931;0,004350236943650998;0,023923587703459835;679,997915905567;0,05261096667084075;0,2459276075661057;566,2567464360781;2847,222137357082;2613,6885607948993;0,27800500182663923;0,16600375136997947
111,33333333333333;679,9999999999999;679,9998300131433;0,004299660170659081;0,023645447098687936;679,9979360531258;0,052102360822914306;0,24355016010284838;566,4021792571766;2843,5813390980456;2610,9541691829195;0,278004953472498;0,16600371510437348
111,41666666666667;679,9999999999999;679,9998319894463;0,0042496714144135694;0,023370540216663547;679,9979560059111;0,05159867185113853;0,2411956961347498;566,547413265166;2839,945518570582;2608,2220954026657;0,27800490558581337;0,16600367918936007
111,5;679,9999999999999;679,9998339427724;0,004200263839493346;0,02309882946277658;679,9979757658056;0,05109985222020441;0,2388639934606574;566,6924487557338;2836,3146683708464;2605,4923392263145;0,27800485816206666;0,16600364362154998
111,58333333333333;679,9999999999999;679,9998358733887;0,004151430687215907;0,022830277678493105;679,9979953346742;0,05060585485807678;0,23655483204986652;566,8372860241019;2832,6887811066513;2602,764900419238;0,2780048111967819;0,1660036083975864
111,66666666666667;679,9999999999999;679,9998377815593;0,004103165278479537;0,02256484812197419;679,9980147143636;0,050116633141783495;0,23426799397210604;566,9819253650273;2829,0678493974497;2600,0397787400298;0,27800476468552726;0,16600357351414544
111,75;679,9999999999999;679,9998396675451;0,004055461013763306;0,02230250450683823;679,9980339067027;0,049632140905941924;0,23200326343460478;567,126367072803;2825,4518658743136;2597,3169739405253;0,2780047186239134;0,16600353896793507
111,83333333333333;679,9999999999999;679,9998415316039;0,0040083113702849005;0,022043210958553307;679,9980529135028;0,04915233242854811;0,2297604267161956;567,270611441258;2821,840823179923;2594,5964857658387;0,27800467300759335;0,16600350475569503
111,91666666666667;679,9999999999999;679,9998433739909;0,00396170989915845;0,021786932014437224;679,9980717365574;0,04867716242813458;0,22753927215084135;567,4146587637588;2818,2347139685476;2591,878313954383;0,2780046278322621;0,1660034708741966
112,0;679,9999999999999;679,9998451949579;0,003915650225394529;0,02153363261881219;679,998090377643;0,0482065860609282;0,2253395901276349;567,5585093332094;2814,6335309060278;2589,162458237899;0,27800458309365667;0,1660034373202425
112,08333333333333;679,9999999999999;679,9998469947539;0,0038701260507423285;0,021283278127850122;679,9981088385188;0,04774055892085016;0,22316117307432523;567,7021634420522;2811,037266669763;2586,4489183414835;0,27800453878755493;0,16600340409066625
112,16666666666667;679,9999999999999;679,999848773625;0,003825131150847483;0,02103583431926322;679,9981271209268;0,047279037028147286;0,2210038154120138;567,8456213822689;2807,4459139486917;2583,7376939836136;0,27800449490977563;0,16600337118233172
112,25;679,9999999999999;679,9998505318146;0,0037806593724099002;0,020791267348696352;679,9981452265926;0,04682197682654987;0,2188673135510362;567,9888834453805;2803,8594654432754;2581,028784876175;0,27800445145617786;0,1660033385921334
112,33333333333333;679,9999999999999;679,9998522695631;0,0037367046331837628;0,020549543764262934;679,9981631572246;0,04636933518327169;0,2167514658662511;568,1319499224487;2800,277913865486;2578,32219072449;0,27800440842266105;0,1660033063169958
112,41666666666667;679,9999999999999;679,9998539871082;0,003693260919135355;0,02031063050169963;679,9981809145149;0,04592106938332563;0,21465607269292172;568,2748211040763;2796,7012519387795;2575,617911227339;0,2780043658051642;0,16600327435387313
112,5;679,9999999999999;679,9998556846847;0,0036503222929695767;0,02007449490859281;679,9981985001396;0,045477137123839384;0,21258093629376798;568,4174972804075;2793,12947239809;2572,9159460769897;0,2780043235996651;0,1660032426997488
112,58333333333333;679,9999999999999;679,9998573625248;0,0036078828799190887;0,019841104671699184;679,9982159157579;0,04503749650837108;0,21052586083013686;568,5599787411289;2789,5625679898103;2570,216294959229;0,27800428180218106;0,1660032113516358
112,66666666666667;679,9999999999999;679,999859020858;0,0035659368762708255;0,0196104278750893;679,9982331630135;0,044602106049751455;0,20849065237435802;568,7022657754704;2786,0005314717737;2567,5189575533805;0,2780042404087675;0,16600318030657563
112,75;679,9999999999999;679,9998606599111;0,0035244785465238238;0,019382432975921085;679,9982502435341;0,044170924658715194;0,20647511886032172;568,8443586722053;2782,4433556132362;2564,8239335323337;0,27800419941551807;0,16600314956163856
112,83333333333333;679,9999999999999;679,9998622799081;0,0034835022205470523;0,01915708879959455;679,9982671589315;0,0437439116439009;0,20447907007936048;568,9862577196513;2778,891033194864;2562,1312225625725;0,27800415881856433;0,16600311911392326
112,91666666666667;679,9999999999999;679,9998638810708;0,0034430022935794113;0,018934364520370638;679,998283910802;0,04332102670900895;0,20250231767613044;569,1279632056711;2775,3435570087136;2559,440824304199;0,27800411861407515;0,1660030889605564
113,0;679,9999999999999;679,999865463618;0,003402973226229733;0,018714229671061795;679,9983005007265;0,04290222994711712;0,2005446751115449;569,269475417673;2771,8009198582195;2556,7527384109617;0,2780040787982564;0,1660030590986923
113,08333333333333;679,9999999999999;679,9998670277662;0,003363409547318952;0,018496654167258434;679,9983169302707;0,04248748183499629;0,19860595763806344;569,4107946426116;2768,263114558172;2554,066964530277;0,2780040393673504;0,1660030295255128
113,16666666666667;679,9999999999999;679,9998685737293;0,0033243058425114214;0,018281608229804267;679,9983332009849;0,04207674323026822;0,19668598228321785;569,5519211669883;2764,730133934708;2551,383502303262;0,27800400031763617;0,16600300023822714
113,25;679,9999999999999;679,9998701017187;0,0032856567656835978;0,01806906246232098;679,9983493144048;0,04166997537424777;0,19478456788667858;569,6928552768525;2761,2019708252888;2548,7023513647537;0,2780039616454285;0,1660029712340714
113,33333333333333;679,9999999999999;679,9998716119433;0,003247457030397527;0,017858987793064725;679,9983652720508;0,041267139877732006;0,19290153499317392;569,8335972578014;2757,6786180786853;2546,0235113433396;0,278003923347078;0,16600294251030853
113,41666666666667;679,9999999999999;679,9998731046097;0,0032097014155851866;0,017651355508843156;679,998381075429;0,04086819872668457;0,19103670591426733;569,9741473949816;2754,160068554961;2543,346981861378;0,27800388541897025;0,1660029140642277
113,5;679,9999999999999;679,9998745799221;0,0031723847541798023;0,01744613718718138;679,9983967260307;0,04047311427086697;0,1891899046583431;570,114505973089;2750,6463151254566;2540,6727625350272;0,2780038478575263;0,16600288589314474
113,58333333333333;679,9999999999999;679,9998760380822;0,003135501944484531;0,017243304783537156;679,9984122253329;0,04008184922952296;0,18736095696355423;570,2546732763694;2747,137350672773;2538,0008529742718;0,278003810659201;0,16600285799440076
113,66666666666667;679,9999999999999;679,9998774792895;0,0030990479416459493;0,01704283054893099;679,9984275747983;0,039694366674325465;0,1855496902072156;570,3946495886202;2743,6331680907615;2535,3312527829494;0,27800377382048413;0,16600283036536315
113,75;679,9999999999999;679,9998789037409;0,0030630177604962228;0,016844687063863138;679,9984427758752;0,03931063004074531;0,18375593347993682;570,5344351931897;2740,1337602844933;2532,6639615587696;0,27800373733789946;0,1660028030034246
113,83333333333333;679,9999999999999;679,9998803116313;0,003027406475553107;0,01664884724800421;679,9984578299984;0,038930603116682505;0,18197951750737087;570,6740303729788;2736,6391201702554;2529,9989788933444;0,2780037012080038;0,16600277590600285
113,91666666666667;679,9999999999999;679,9998817031533;0,002992209215335606;0,016455284306896956;679,9984727385885;0,03855425003678192;0,1802202746460955;570,813435410441;2733,1492406755274;2527,3363043722115;0,27800366542738764;0,16600274907054074
114,0;679,9999999999999;679,9998830784972;0,002957421165206142;0,016263971765873315;679,9984875030524;0,03818153528527546;0,17847803887949484;570,9526505875834;2729,664114738972;2524,675937574862;0,27800362999267425;0,1660027224945057
114,08333333333333;679,9999999999999;679,999884437851;0,0029230375673705566;0,016074883460363825;679,9985021247834;0,03781242368745552;0,17675264578481137;571,0916761859673;2726,183735310411;2522,017878074763;0,27800359490051985;0,1660026961753899
114,16666666666667;679,9999999999999;679,9998857814007;0,0028890537208781097;0,015887993531052334;679,9985166051614;0,0374468804125172;0,17504393255373837;571,2305124867088;2722,7080953508134;2519,3621254393815;0,2780035601476126;0,1660026701107095
114,25;679,9999999999999;679,9998871093301;0,0028554649787793096;0,015703276433566577;679,998530945553;0,0370848709621896;0,17335173792240557;571,3691597704792;2719,2371878322774;2516,7086792302134;0,27800352573067294;0,1660026442980047
114,33333333333333;679,9999999999999;679,9998884218206;0,0028222667452837413;0,015520706890025281;679,9985451473112;0,03672636117357797;0,17167590220844553;571,5076183175062;2715,7710057380173;2514,0575390028052;0,278003491646453;0,1660026187348398
114,41666666666667;679,9999999999999;679,9998897190518;0,002789454481444409;0,015340259932645775;679,9985592117766;0,036371317216321586;0,1700162672698087;571,6458884075741;2712,309542062343;2511,4087043067802;0,2780034578917361;0,16600259341880205
114,5;679,9999999999999;679,9998910012011;0,002757023702315564;0,015161910903743981;679,9985731402763;0,036019705581225026;0,16837267647593399;571,7839703200248;2708,8527898106436;2508,7621746858613;0,2780034244633368;0,1660025683475026
114,58333333333333;679,9999999999999;679,9998922684439;0,002724969968426194;0,01498563538790036;679,9985869341248;0,0356714930887847;0,16674497472834118;571,921864333758;2705,400741999378;2506,1179496779;0,27800339135810054;0,1660025435185754
114,66666666666667;679,9999999999999;679,9998935209535;0,0026932888999908755;0,014811409299175135;679,9986005946237;0,03532664687782017;0,16513300842768294;572,0595707272322;2701,9533916560476;2503,4760288148946;0,27800335857290315;0,1660025189296774
114,75;679,9999999999999;679,9998947589011;0,0026619761598567493;0,014639208789047769;679,9986141230622;0,03498513440547413;0,16353662544903394;572,1970897784654;2698,510731819192;2500,836411623022;0,2780033261046506;0,166002494578488
114,83333333333333;679,9999999999999;679,999895982456;0,002631027470556546;0,014469010323941617;679,998627520717;0,03464692344152809;0,1619556751377723;572,3344217650355;2695,0727555383623;2498,1990976226543;0,2780032939502791;0,16600247046270933
114,91666666666667;679,9999999999999;679,9998971917856;0,002600438597255561;0,01430079062708044;679,9986407888525;0,03431198207124453;0,16039000831369798;572,471566964081;2691,6394558741104;2495,5640863283916;0,27800326210675397;0,16600244658006547
115,0;679,9999999999999;679,9998983870554;0,0025702053562781657;0,014134526678488399;679,9986539287207;0,03398027868399822;0,15883947721337405;572,608525652302;2688,2108258979715;2492,9313772490764;0,27800323057107024;0,1660024229283027
115,08333333333333;679,9999999999999;679,9998995684286;0,002540323612265638;0,013970195748907099;679,9986669415616;0,03365178197896057;0,15730393553131147;572,74529810596;2684,786858692448;2490,300969887829;0,2780031993402521;0,16600239950518908
115,16666666666667;679,9999999999999;679,999900736067;0,002510789281018333;0,013807775370723835;679,9986798286034;0,0333264609565731;0,15578323835407323;572,8818846008797;2681,367547350996;2487,672863742065;0,27800316841135186;0,16600237630851394
115,25;679,9999999999999;679,9999018901302;0,0024815983209691694;0,013647243318590435;679,9986925910621;0,03300428491286311;0,1542772421685113;573,0182854124488;2677,9528849780036;2485,0470583035185;0,278003137781451;0,16600235333608826
115,33333333333333;679,9999999999999;679,999903030776;0,0024527467417101434;0,013488577648185587;679,998705230142;0,03268522344512803;0,1527858048535296;573,1545008156188;2674,5428646887776;2482,4235530582687;0,2780031074476591;0,16600233058574435
115,41666666666667;679,9999999999999;679,9999041581603;0,002424230598307986;0,013331756662297797;679,998717747036;0,032369246446251054;0,15130878568008416;573,290531084906;2671,137479609527;2479,8023474867646;0,2780030774071135;0,16600230805533514
115,5;679,9999999999999;679,9999052724376;0,0023960459884619922;0,013176758905980107;679,9987301429254;0,03205632409617465;0,14984604525764245;573,4263764943917;2667,736722877348;2477,1834410638457;0,27800304765697903;0,16600228574273426
115,58333333333333;679,9999999999999;679,9999063737599;0,0023681890581883636;0,013023563185931253;679,9987424189799;0,031746426861900545;0,14839744553418355;573,562037317723;2664,3405876402057;2474,5668332587697;0,2780030181944483;0,16600226364583623
115,66666666666667;679,9999999999999;679,9999074622781;0,0023406559989780362;0,01287214854626921;679,9987545763579;0,03143952550033191;0,14696284982090901;573,6975138281138;2660,9490670569216;2471,952523535234;0,27800298901674103;0,1660022417625558
115,75;679,9999999999999;679,9999085381409;0,0023134430449545107;0,012722494292757649;679,9987666162068;0,031135591049746836;0,14554212273458397;573,8328062983447;2657,562154297153;2469,3405113514004;0,27800296012110365;0,16600222009082774
115,83333333333333;680,0;679,9999096014955;0,0022865464757160225;0,012574579949198323;679,9987785396628;0,030834594826956163;0,14413513019753713;573,9679150007646;2654,179842541379;2466,730796159916;0,27800293150480926;0,16600219862860696
115,91666666666667;680,0;679,9999106524873;0,0022599626134933715;0,012428385305883964;679,998790347851;0,03053650843014566;0,14274173945413474;574,1028402072905;2650,802124980885;2464,1233774079424;0,2780029031651575;0,1660021773738682
116,0;680,0;679,9999116912601;0,0022336878174655794;0,012283890327537773;679,9988020418859;0,03024130372466516;0,14136181898841066;574,2375821894084;2647,4289948177384;2461,5182545371663;0,27800287509947375;0,16600215632460533
116,08333333333333;680,0;679,9999127179559;0,0022077184979707454;0,012141075284136257;679,998813622871;0,029948952851555077;0,13999523857760682;574,3721412181742;2644,0604452647904;2458,915426983843;0,2780028473051096;0,1660021354788322
116,16666666666667;680,0;679,9999137327151;0,0021820511022951905;0,011999920629776971;679,9988250918991;0,029659428224704243;0,13864186927158073;574,506517564214;2640,6964695456454;2456,3148941788063;0,27800281977944213;0,1660021148345816
116,25;680,0;679,9999147356765;0,002156682123199971;0,011860407080203162;679,9988364500526;0,02937270252232338;0,13730158335573905;574,6407114977253;2637,337060894649;2453,7166555474937;0,2780027925198737;0,16600209438990526
116,33333333333333;680,0;679,9999157269773;0,0021316080875521948;0,011722515535279122;679,9988476984034;0,02908874868410294;0,135974254346919;574,7747232884767;2633,982212556867;2451,1207105099675;0,27800276552383174;0,16600207414287382
116,41666666666667;680,0;679,999916706753;0,002106825567693704;0,011586227141978966;679,998858838013;0,02880753991405527;0,134659756981033;574,9085532058094;2630,6319177880823;2448,527058480945;0,2780027387887688;0,1660020540915766
116,5;680,0;679,9999176751376;0,0020823311757567353;0,01145152327500547;679,9988698699326;0,028529049674830276;0,13335796721718698;575,0422015186376;2627,2861698547645;2445,9356988698155;0,2780027123121617;0,16600203423412133
116,58333333333333;680,0;679,9999186322635;0,0020581215608217462;0,011318385502873033;679,9988807952034;0,02825325168487325;0,13206876220061414;575,1756684954489;2623,9449620340592;2443,346631080665;0,2780026860915119;0,16600201456863392
116,66666666666667;680,0;679,9999195782617;0,0020341934117595883;0,011186795616979429;679,9988916148562;0,02798011991558269;0,13079202027091177;575,3089544043053;2620,608287613777;2440,7598545122996;0,27800266012434505;0,16600199509325878
116,75;680,0;679,9999205132616;0,002010543457231506;0,011056735626760501;679,9989023299122;0,02770962859415249;0,12952762094556727;575,4420595128433;2617,2761398923685;2438,1753685582676;0,2780026344082107;0,16600197580615805
116,83333333333333;680,0;679,999921437391;0,0019871684600047956;0,010928187730618438;679,9989129413825;0,02744175219504541;0,12827544491583978;575,5749840882753;2613,9485121789166;2435,5931726068848;0,27800260894068196;0,1660019567055115
116,91666666666667;680,0;679,9999223507762;0,0019640652254793167;0,010801134359529374;679,9989234502686;0,02717646543715091;0,1270353740014566;575,7077283973896;2610,6253977931174;2433,013266041256;0,27800258371935527;0,16600193778951644
117,0;680,0;679,9999232535422;0,0019412305960031517;0,01067555814797165;679,9989338575622;0,026913743283785152;0,12580729117944264;575,8402927065514;2607,3067900652604;2430,435648239294;0,27800255874185076;0,1660019190563881
117,08333333333333;680,0;679,9999241458124;0,0019186614451882633;0,01055144190485407;679,9989441642454;0,026653560945533172;0,12459108056352809;575,9726772817033;2603,9926823362152;2427,8603185737456;0,2780025340058111;0,16600190050435837
117,16666666666667;680,0;679,999925027709;0,0018963546892791783;0,010428768666814102;679,9989543712907;0,026395893866038023;0,12338662737120029;576,1048823883659;2600,6830679574164;2425,287276412214;0,2780025095089024;0,1660018821316768
117,25;680,0;679,9999258993524;0,0018743072757843038;0,01030752164976496;679,9989644796615;0,026140717733369456;0,12219381796077028;576,2369082916385;2597,377940290852;2422,716521117184;0,27800248524881244;0,16600186393660935
117,33333333333333;680,0;679,999926760862;0,0018525161891602693;0,010187684273122076;679,9989744903116;0,025888008462970902;0,12101253975312135;576,3687552561998;2594,0772927090366;2420,1480520460386;0,27800246122325206;0,16600184591743905
117,41666666666667;680,0;679,9999276123553;0,0018309784508119265;0,010069240150112495;679,9989844041859;0,025637742209028147;0,11984268127701243;576,5004235463085;2590,781118595004;2417,5818685510835;0,2780024374299539;0,1660018280724654
117,5;680,0;679,9999284539491;0,0018096911162501783;0,009952173092620191;679,9989942222198;0,025389895353100655;0,11868413213201179;576,6319134258038;2587,489411342287;2415,017969979571;0,27800241386667235;0,1660018104000043
117,58333333333333;680,0;679,9999292857583;0,0017886512722498082;0,009836467077269007;679,99900394534;0,025144444504121566;0,11753678298025982;576,763225158106;2584,202164354906;2412,4563556737226;0,27800239053118414;0,1660017928983881
117,66666666666667;680,0;679,9999301078967;0,001767856042533822;0,009722106289030294;679,9990135744638;0,024901366501239863;0,11640052555882476;576,8943590062177;2580,919371047349;2409,897024970749;0,2780023674212869;0,16600177556596518
117,75;680,0;679,9999309204768;0,0017473025820891053;0,009609075082460571;679,9990231105;0,024660638405293867;0,1152752526385175;577,0253152327235;2577,6410248445586;2407,3399772028733;0,2780023445347999;0,1660017584010999
117,83333333333333;680,0;679,9999317236096;0,0017269880800085957;0,00949735799139211;679,9990325543487;0,024422237498811228;0,11416085803212872;577,1560940997917;2574,3671191819117;2404,7852116973527;0,2780023218695632;0,1660017414021724
117,91666666666667;680,0;679,9999325174051;0,0017069097594912819;0,009386939758004682;679,9990419069009;0,024186141283166762;0,11305723656559942;577,2866958691741;2571,0976475052066;2402,2327277764985;0,2780022994234379;0,16600172456757845
118,0;680,0;679,9999333019717;0,0016870648721578618;0,009277805260146196;679,9990511690391;0,023952327478582447;0,1119642840986133;577,4171208022067;2567,832603270648;2399,6825247577017;0,27800227719430604;0,16600170789572954
118,08333333333333;680,0;679,9999340774168;0,001667450706577256;0,00916993958401206;679,9990603416377;0,02372077402128525;0,11088189749576734;577,547369159811;2564,571979944833;2397,1346019534562;0,27800225518006955;0,16600169138505216
118,16666666666667;680,0;679,9999348438464;0,001648064579740094;0,009063327980537559;679,9990694255621;0,023491459057822794;0,10980997460597935;577,6774412024938;2561,3157710047262;2394,58895867137;0,278002233378651;0,16600167503398824
118,25;680,0;679,9999356013653;0,001628903839900886;0,008957955865397865;679,9990784216695;0,023264360947905516;0,10874841427072493;577,8073371903484;2558,0639699376547;2392,0455942142016;0,2780022117879931;0,16600165884099483
118,33333333333333;680,0;679,9999363500772;0,0016099658665780225;0,00885380882385332;679,999087330809;0,023039458261564505;0,1076971163199189;577,9370573830553;2554,816570241289;2389,504507879872;0,2780021904060585;0,1660016428045439
118,41666666666667;680,0;679,9999370900844;0,0015912480705537746;0,00875087262528531;679,9990961538211;0,02281672977630933;0,10665598154720449;578,0666020398819;2551,573565423618;2386,965698961485;0,2780021692308292;0,16600162692312195
118,5;680,0;679,9999378214881;0,0015727478910321224;0,00864913317958865;679,9991048915388;0,022596154471443697;0,10562491169347916;578,1959714196845;2548,3349490029523;2384,42916674736;0,27800214826030695;0,16600161119523021
118,58333333333333;680,0;679,9999385443883;0,0015544627984809267;0,00854857657593391;679,9991135447864;0,022377711530907618;0,10460380945925024;578,3251657809079;2545,1007145078875;2381,894910521037;0,2780021274925127;0,16600159561938452
118,66666666666667;680,0;679,999939258884;0,0015363902917897576;0,00844918905854096;679,9991221143805;0,022161380340435244;0,10359257848404237;578,4541853815865;2541,870855477302;2379,3629295613136;0,27800210692548677;0,1660015801941151
118,75;680,0;679,9999399650727;0,0015185279011120656;0,008350957055750712;679,9991306011299;0,02194714048755486;0,102591123350516;578,5830304793448;2538,6453654603374;2376,8332231422555;0,2780020865572883;0,16600156491796622
118,83333333333333;680,0;679,9999406630512;0,0015008731821808396;0,008253867112191057;679,9991390058354;0,021734971753062382;0,10159934954740094;578,7117013313978;2535,424238016381;2374,3057905332225;0,2780020663859949;0,1660015497894962
118,91666666666667;680,0;679,9999413529149;0,0014834237191507782;0,008157905951765637;679,9991473292903;0,021524854113863512;0,10061716347361485;578,840198194552;2532,207466715056;2371,7806309988914;0,27800204640970333;0,1660015348072775
119,0;680,0;679,9999420347581;0,00146617712744046;0,008063060453427395;679,99915557228;0,021316767742973752;0,09964447245473723;578,9685213252062;2528,9950451361988;2369,2577437992722;0,27800202662652806;0,16600151996989607
119,08333333333333;680,0;679,999942708674;0,0014491310480480024;0,007969317646333287;679,9991637355823;0,021110693000991887;0,09868118468535045;579,0966709793514;2525,786966869845;2366,7371281897313;0,2780020070346024;0,1660015052759518
119,16666666666667;680,0;679,9999433747548;0,001432283150393232;0,007876664719534856;679,9991718199677;0,020906610441784323;0,0977272092661062;579,224647412572;2522,5832255162145;2364,2187834210135;0,27800198763207745;0,1660014907240581
119,25;680,0;679,9999440330917;0,0014156311294755142;0,007785088988061201;679,999179826199;0,020704500806800752;0,0967824561707776;579,3524508800464;2519,383814685699;2361,7027087392603;0,27800196841712244;0,16600147631284182
119,33333333333333;680,0;679,9999446837745;0,0013991727087159234;0,00769457794137189;679,9991877550318;0,020504345025074144;0,0958468362627331;579,4800816365472;2516,1887279988405;2359,188903386036;0,27800194938792366;0,16600146204094274
119,41666666666667;680,0;679,9999453268924;0,0013829056371150728;0,007605119190058752;679,9991956072143;0,020306124204694243;0,09492026122904057;579,6075399364423;2512,99795908632;2356,677366598342;0,27800193054268557;0,16600144790701418
119,5;680,0;679,9999459625333;0,001366827689253114;0,007516700504608209;679,9992033834876;0,02010981964133407;0,09400264363400772;579,7348260336954;2509,811501588942;2354,1680976086427;0,27800191187962975;0,1660014339097223
119,58333333333333;680,0;679,999946590784;0,001350936668131908;0,0074293098008654;679,9992110845855;0,01991541280972342;0,09309389688623419;579,8619401818664;2506,629349157615;2351,6610956448835;0,2780018933969949;0,16600142004774618
119,66666666666667;680,0;679,9999472117306;0,0013352303994906833;0,007342935115807733;679,9992187112346;0,019722885363648857;0,09219393522625602;579,9888826341124;2503,4514954533392;2349,156359930512;0,27800187509303703;0,16600140631977778
119,75;680,0;679,999947825458;0,0013197067346482072;0,007257564641461916;679,9992262641548;0,01953221913595371;0,09130267373478264;580,115653643188;2500,277934147189;2346,653889684497;0,27800185696602847;0,16600139272452136
119,83333333333333;680,0;679,99994843205;0,001304363550502785;0,007173186695832211;679,9992337440588;0,01934339613001157;0,09042002828327489;580,242253461446;2497,1086589202996;2344,153684121352;0,278001839014259;0,16600137926069425
119,91666666666667;680,0;679,9999490315897;0,001289198749532261;0,007089789747126894;679,9992411516524;0,019156398531094965;0,08954591560807801;580,3686823408382;2493,9436634638496;2341,6557424511543;0,2780018212360342;0,16600136592702563
120,0;680,0;679,999949624159;0,0012742102569518465;0,007007362384686504;679,9992484876348;0,01897120868932234;0,08868025319510373;580,4949405329157;2490,782941479046;2339,160063879565;0,2780018036296766;0,16600135272225744
