time_min;T_gas_C;T_deck_C;qconv_deck_W_m2;qrad_deck_W_m2;T_hanger_C;qconv_hanger_W_m2;qrad_hanger_W_m2;T_cable_C;qconv_cable_W_m2;qrad_cable_W_m2;ky_hanger;kE_hanger
0,0;19,999999999999964;20,0;0,0;0,0;20,0;0,0;0,0;20,0;0,0;0,0;1,0;1,0
0,08333333333333333;88,00267891889344;20,0;-8,881784197001252e-13;-2,2712299880790709e-13;20,0;-8,881784197001252e-13;-1,9305454898672104e-13;20,0;-8,881784197001252e-13;-1,3627379928474424e-13;1,0;1,0
0,16666666666666666;140,47216691122372;20,301553657102435;1700,0669729723359;382,1271443386287;20,279288024254157;1700,0669729723359;324,8080726878344;20,08467183012351;1700,0669729723359;229,2762866031772;1,0;1,0
0,25;181,54762559614076;20,862001097703487;3004,2653313530323;867,438786043301;20,79521518016373;3004,8219721742394;737,3988929178698;20,23959902291777;3009,687377027505;520,9847927799351;1,0;1,0
0,3333333333333333;214,24676380490655;21,645465014596194;4017,140612460932;1400,0830491316515;21,512782933821168;4018,810260399426;1190,299584011887;20,453429730191694;4032,700664330575;841,5519608852877;1,0;1,0
0,4166666666666667;240,7701762166891;22,62121378268985;4815,032469757759;1940,1870911048898;22,40273974936097;4818,349521777134;1649,6174543977015;20,717075040538777;4844,833351867872;1167,003849691445;1,0;1,0
0,5;262,7230778479285;23,763257084990155;5453,7240608499815;2465,0435391270175;23,440827633675628;5459,185911683203;2096,0490434146072;21,02326833496123;5501,327529403758;1483,6743917071815;1,0;1,0
0,5833333333333334;281,27685530674063;25,050057430394112;5973,995519073458;2964,6060708117243;24,60723603968547;5982,056255356321;2521,052275942611;21,3662467784527;6042,4952378241815;1785,5018180220295;1,0;1,0
0,6666666666666666;297,2867700968886;26,464096060123296;6405,6699469086625;3436,616230402569;25,8860220448253;6416,740481676379;2922,704945416365;21,741480276936816;6497,765213207198;2071,1042581710776;1,0;1,0
0,75;311,3777154288792;27,991321371961515;6770,566850919133;3882,95153729342;27,26449735840025;6785,018701301581;3302,6009998562618;22,145432692965436;6888,632245498793;2341,587966248105;1,0;1,0
0,8333333333333334;324,0066976265547;29,62056318833188;7084,659851422941;4307,29365882528;28,732633004518963;7102,830451761973;3663,868658124608;22,575355500850044;7230,807068397844;2599,1474193459144;1,0;1,0
0,9166666666666666;335,5083596559061;31,342977912175527;7359,653360955571;4713,792557591734;30,28252205312398;7381,851615550893;4010,0349662689728;23,029114834816387;7535,783553142616;2846,262942596274;1,0;1,0
1,0;346,1281495600003;33,15155984868516;7604,134543593264;5106,378820657344;31,907919948075474;7630,645940069553;4344,441235394199;23,505050518160747;7811,981120527243;3085,2872794067084;1,0;1,0
1,0833333333333333;356,0464872675711;35,040731032353136;7824,4147427828775;5488,4613820824725;33,60386584809845;7855,50574029812;4669,986032086477;24,001863708500174;8065,577476045988;3318,263487492572;1,0;1,0
1,1666666666666667;365,3963730239373;37,006008113407766;8025,143905880449;5862,837949863701;35,36637902950526;8061,065535486816;4989,048959310324;24,5185288820059;8301,115588976772;3546,8705679465024;1,0;1,0
1,25;374,2762175314597;39,04373805617293;8209,75912276324;6231,713391171529;37,19222020313673;8250,749849860802;5303,506205569496;25,054225781856807;8521,946103548285;3772,433979702076;1,0;1,0
1,3333333333333333;382,75919072482066;41,150891964892885;8380,811986882169;6596,766173536182;39,07870657772943;8427,099933208074;5614,786950575201;25,608287325325055;8730,549793740072;3995,965087526438;1,0;1,0
1,4166666666666667;390,90003408737726;43,324906300135126;8540,207468998195;6959,230461134815;41,02357015088106;8592,012103677282;5923,943088252121;26,180160034046416;8928,77258498739;4218,210088512854;1,0;1,0
1,5;398,7400249430552;45,56356182060691;8689,378194681054;7319,977508116667;43,02485007775731;8746,911598412404;6231,718362419983;26,76937416139293;9117,996851333271;4439,698587225487;1,0;1,0
1,5833333333333333;406,3105942996655;47,86489205962245;8829,411578061206;7679,588965320966;45,08081152475342;8892,879371632447;6538,61063792113;27,375521256068915;9299,266269541557;4660,787375552749;1,0;1,0
1,6666666666666667;413,6359636792835;50,22711464727531;8961,142556001078;8038,419520579368;47,18988489465698;9030,744569372802;6844,925112957866;27,998237387628766;9473,376826089916;4881,697857558175;1,0;1,0
1,75;420,73506718312314;52,648580146544624;9085,221225800206;8396,648718206157;49,3506205996883;9161,151969615663;7150,818340013325;28,637190660155508;9640,943157291369;5102,547016907791;1,0;1,0
1,8333333333333333;427,6229527724214;55,127734222987186;9202,162175914462;8754,322914495866;51,56165562958841;9284,611164585871;7456,333867398394;29,29207196066006;9802,44691307419;5323,372493070449;1,0;1,0
1,9166666666666667;434,3118040957869;57,66308990825608;9312,380463735855;9111,388736883051;53,821689023995695;9401,532428570825;7761,4306628554505;29,96258813998438;9958,272020294035;5544,152580616751;1,0;1,0
2,0;440,81168583328076;60,25320746754865;9416,21785468827;9467,719470345028;56,12946403843337;9512,25287679478;8066,00552836789;30,64845701837681;10108,730398895063;5764,822000846393;1,0;1,0
2,0833333333333335;447,1310875792642;62,89667996916406;9513,961959143304;9823,135685335816;58,48375532232266;9617,055544871186;8369,910622591009;31,349403756883824;10254,0807203726;5985,284230487551;1,0;1,0
2,1666666666666665;453,27732092368217;65,59212311032044;9605,860190252504;10177,421248080622;60,883359835057085;9716,183306423538;8672,967060022416;32,065158249096925;10394,54209555951;6205,421069001624;1,0;1,0
2,25;459,2568095559629;68,33816820406805;9692,129945334042;10530,335667962963;63,327090538019306;9809,849027215627;8974,975397966577;32,79545327367749;10530,30406686463;6425,100015047553;1,0;1,0
2,3333333333333335;465,0753014069429;71,13345750027273;9772,966033797371;10881,623562399292;65,81377213778813;9898,24297544859;9275,72367425896;33,540023212895186;10661,533907057135;6644,179918586818;1,0;1,0
2,4166666666666665;470,73802396923867;73,97664121778222;9848,546097666755;11231,02186692961;68,34223833578443;9981,53823172887;9574,993529027377;34,29860319119772;10788,381954851193;6862,51528392032;1,0;1,0
2,5;476,24979819895117;76,86637581980551;9919,03456878641;11578,26528972195;70,91133017572655;10059,894640836355;9872,56483457992;35,07092852447448;10910,985519451024;7079,959522146418;1,0;1,0
2,5833333333333335;481,615122221369;79,8013231818132;9984,58555947864;11923,090404166242;73,51989518299158;10133,461700580616;10168,21916786475;35,85673439816614;11029,471741861917;7296,367388459439;1,0;1,0
2,6666666666666665;486,8382330177183;82,78015038988487;10045,344975988895;12265,238688072151;76,16678706737913;10202,380675959435;10461,742387599634;36,655755712972564;11143,959695580072;7511,596788798562;1,0;1,0
2,75;491,92315205103944;85,80152997429133;10101,452065695838;12604,458750091218;78,85086581902318;10266,78614875848;10752,92652049015;37,467727052339434;11254,561932618644;7725,510099763881;1,0;1,0
2,8333333333333335;496,87371917257434;88,86414043348593;10153,040551918702;12940,507930340944;81,57099807099142;10326,807155800407;11041,571115383604;38,29238273745337;11361,3856249675;7937,975113640906;1,0;1,0
2,9166666666666665;501,6936179721578;91,96666694160848;10200,23946847721;13273,153420116325;84,3260576350128;10382,568027539573;11327,484188446773;39,129456944120385;11464,533410878024;8148,865695203832;1,0;1,0
3,0;506,38639487790584;95,10780216113068;10243,173775763733;13602,173012720958;87,11492614147497;10434,189008428626;11610,48285454541;39,978683862373806;11564,104025700937;8358,062217320494;1,0;1,0
3,0833333333333335;510,9554736852297;98,28624710370133;10281,96481791938;13927,355571915865;89,93649373336586;10481,78671841077;11890,39371831159;40,839797884503724;11660,192775388301;8565,451827111101;1,0;1,0
3,1666666666666665;515,404166739632;101,50071199833081;10316,73066453821;14248,501284704555;92,78965977772917;10525,474498796597;12167,053081581953;41,7125338108304;11752,891895018149;8770,928582583176;1,0;1,0
3,25;519,73568366582;104,74991713810401;10347,586368532531;14565,421749892614;95,67333356861229;10565,362674047572;12440,307010909208;42,596627065266524;11842,29082322004;8974,39349052614;1,0;1,0
3,3333333333333335;523,9531382938255;108,03259368562304;10374,644163192901;14877,939942078487;98,58643500327436;10601,558752430194;12710,011298841302;43,49181391475628;11928,476415013838;9175,754469402671;1,0;1,0
3,4166666666666665;528,0595542566051;111,34748442410509;10398,013615205062;15185,890081663509;101,52789521924119;10634,167582263779;12976,031344959134;44,397831688215;12011,533109476732;9374,926255550099;1,0;0,9984721047807588
3,5;532,0578696052143;114,69334444605887;10417,8017458125;15489,117434494472;104,49665718413148;10663,291475934098;13238,241976739515;45,31441899174917;12091,543064209753;9571,830266833851;1,0;0,9955033428158685
3,5833333333333335;535,950940694074;118,06894177516187;10434,113128978885;15787,478059392679;107,49167623340192;10689,030310527069;13496,52722575802;46,24131591780836;12168,586265336628;9766,394434689895;1,0;0,992508323766598
3,6666666666666665;539,7415455206971;121,47305791967808;10447,049972972804;16080,838517701719;110,51192055354299;10711,481611516803;13750,780071246052;47,17826424657965;12242,74061940664;9958,553013028397;1,0;0,989488079446457
3,75;543,4323866545493;124,90448835773446;10456,712190025475;16369,075555819501;113,55637161000905;10730,740624178852;14000,902160327249;48,125007638434404;12314,082031852935;10148,246370577424;1,0;0,986443628389991
3,8333333333333335;547,0260938535251;128,36204295619433;10463,19745742037;16652,075769239524;116,6240245204417;10746,900376113506;14246,803512186394;49,08129181661615;12382,684475402873;10335,420771786521;1,0;0,9833759754795584
3,9166666666666665;550,5252264401282;131,8445463258652;10466,60127243327;16929,735254745807;119,71388837466121;10760,051733327085;14488,402211827555;50,0468647396473;12448,620050922724;10520,028150285963;1,0;0,9802861116253387
4,0;553,9322754902134;135,3508381164602;10467,017002856577;17201,95925595141;122,82498650354529;10770,283451636675;14725,624097843925;51,021476763152585;12511,959042512024;10702,025878028444;1,0;0,9771750134964547
4,083333333333333;557,2496658731299;138,87977325517465;10464,535934343832;17468,661806242413;125,95635669935356;10777,682224666703;14958,402447664881;52,00488079096585;12572,769968176523;10881,37653256619;1,0;0,9740436433006464
4,166666666666667;560,4797581718716;142,43022213300134;10459,24731544888;17729,765372311773;129,10705139034175;10782,332729344407;15186,677663001728;52,996832415515804;12631,1196270541;11058,047664392667;1,0;0,9708929486096582
4,25;563,6248505043958;146,00107074303614;10451,238400971757;17985,200500779825;132,27613777267717;10784,317669538246;15410,39695763093;53,9970900475856;12687,073143908894;11232,011565867797;1,0;0,9677238622273229
4,333333333333333;566,687180261817;149,59122077505089;10440,59449403399;18234,905469859194;135,46269790274803;10783,717818292966;15629,514049197134;55,00541503561677;12740,694011420253;11403,245042924342;1,0;0,964537302097252
4,416666666666667;569,6689257752196;153,19958967056277;10427,398987169154;18478,8259475938;138,66582875297436;10780,612058976727;15843,988856356198;56,0215717747861;12792,044130655007;11571,72919049823;1,0;0,9613341712470257
4,5;572,5722079199263;156,82511064252557;10411,73340261642;18716,914657861693;141,88464223419356;10775,077425556132;16053,787202291085;57,04532780612802;12841,183850010835;11737,44917242339;1,0;0,9581153577658065
4,583333333333333;575,399091663942;160,46673266362495;10393,677431935017;18949,13105505845;145,11826518762425;10767,18914214332;16258,880525403212;58,076453906008034;12888,172002844956;11900,39400636963;1,0;0,9548817348123757
4,666666666666667;578,1515875657313;164,1234204269883;10373,308975007927;19175,44100815706;148,36583934931525;10757,020661907944;16459,245597795663;59,114724166277284;12933,06594394835;12060,556354271252;1,0;0,9516341606506847
4,75;580,83165322536;167,79415428292893;10350,704178468575;19395,816494660157;151,62652128987168;10744,643705410403;16654,864252013318;60,15991606545564;12975,921584986352;12217,932318587578;1,0;0,9483734787101283
4,833333333333333;583,4411946921857;171,47793015514117;10325,937473560776;19610,23530481335;154,8994823321219;10730,128298387208;16845,723116381552;61,21181053130292;13016,793428997611;12372,521244649877;1,0;0,9451005176678782
4,916666666666667;585,9820678316714;175,17375943955201;10299,081613426113;19818,680756325917;158,18390844925318;10713,542809001596;17031,813359182415;62,27019199514525;13055,73460402207;12524,32552927707;1,0;0,9418160915507469
5,0;588,4560796534377;178,88066888882184;10270,207709802986;20021,141419743737;161,47900014580227;10694,953984560456;17213,13044182275;63,33484843832741;13092,796895913154;12673,350435783226;1,0;0,9385209998541977
5,083333333333333;590,8649896023319;182,59770048527204;10239,385269115395;20217,61085453419;164,7839723237441;10674,426987690884;17389,67388107759;64,4055714311633;13128,030780377756;12819,603915450027;1,0;0,9352160276762559
5,166666666666667;593,210510814042;186,3239113048062;10206,682227926496;20408,087355871085;168,09805413577772;10652,025431964694;17561,447020432857;65,48215616475457;13161,485454279216;12963,09643549574;1,0;0,9319019458642223
5,25;595,4943113365867;190,0583733741831;10172,164987730896;20592,573712047517;171,42048882776723;10627,811416956607;17728,456810501266;66,56440147604465;13193,208866232186;13103,840813537228;1,0;0,9285795111722328
5,333333333333333;597,718015318879;193,80017352379733;10135,89844906009;20771,07697239282;174,75053357215526;10601,845562720488;17890,713598442948;67,6521098664697;13223,247746513553;13241,852058511682;1,0;0,9252494664278448
5,416666666666667;599,8832041674364;197,5484132379264;10097,946044877042;20943,608225527212;178,0874592940312;10574,187043668093;18048,230926286906;68,74508751456185;13251,647636310232;13377,147218000127;1,0;0,9219125407059688
5,5;601,991417672238;201,30220850421398;10058,36977323775;21110,182387750083;181,43055049140432;10544,89362183513;18201,02533801866;69,84314428285231;13278,452916321861;13509,74523187325;1,0;0,9185694495085956
5,583333333333333;604,0441551026489;205,06068966397527;10017,230229200599;21270,818001327854;184,77910505110555;10514,02167952084;18349,11619527469;70,94609371941361;13303,706834734641;13639,666792162641;1,0;0,9152208949488945
5,666666666666667;606,0428762742866;208,82300126473706;9974,586635966842;21425,537042420492;188,1324340616189;10481,626251288584;18492,525501462307;72,05375305437062;13327,451534580883;13766,934209045314;1,0;0,9118675659383811
5,75;607,9890025876496;212,5883019162565;9930,49687523874;21574,364738364988;191,48986162402824;10447,761055316692;18631,277734106327;73,16594319170065;13349,7280804979;13891,571282817324;1,0;0,9085101383759717
5,833333333333333;609,8839180392985;216,3557641511041;9885,017516784827;21717,329394015327;194,8507246621523;10412,478524090533;18765,399685208766;74,28248869663238;13370,576484898724;14013,603181721472;1,0;0,9051492753378477
5,916666666666667;611,728970206344;220,12457429074445;9838,203847204859;21854,462226825017;198,2143727328368;10375,829834428654;18894,92030939612;75,4032177789427;13390,035733566652;14133,056325486205;1,0;0,9017856272671632
6,0;613,5254712049641;223,89393231790544;9790,109897889988;21985,79721034639;201,5801678372709;10337,86493683768;19019,87057961928;76,52796227243992;13408,143810685033;14249,958274425782;1,0;0,8984198321627291
6,083333333333333;615,2746986236548;227,66305175588954;9740,788472176468;22111,370925812113;204,9474842341009;10298,63258419233;19140,28335016316;77,65655761091078;13424,937723313104;14364,337623946443;1,0;0,8950525157658992
6,166666666666667;616,9778964318892;231,4311595553536;9690,29117169413;22231,222421458704;208,31570825502473;10258,180359738848;19256,19322671838;78,78884280079751;13440,4535253186;14476,223904299588;1,0;0,8916842917449753
6,25;618,6362758648413;235,19749598896217;9638,668421913391;22345,39307924743;211,68423812346583;10216,554704421613;19367,63644326276;79,92466039086021;13454,726340777293;14585,647485419839;1,0;0,8883157618765342
6,333333333333333;620,2510162848129;238,96131455420652;9585,96949689698;22453,926488636025;215,05248377684612;10173,800943534387;19474,650745498227;81,06385643906877;13467,790386849527;14692,63948668409;1,0;0,8849475162231539
6,416666666666667;621,8232660199774;242,7218818845744;9532,242543265158;22556,86832705492;218,419866692903;10129,963312699168;19577,27528058794;82,20628047695764;13479,678996143602;14797,231691426778;1,0;0,8815801333070971
6,5;623,354143181046;246,47847766915763;9477,534603385075;22654,2662467424;221,7858197204261;10085,08498317686;19675,550492937884;83,35178547166593;13490,424638575492;14899,45646604616;1,0;0,8782141802795739
6,583333333333333;624,8447364564352;250,2303945806913;9421,891637797207;22746,16976759696;225,14978691472353;10039,208086515497;19769,51802576909;84,50022778587473;13500,0589427345;14999,346683537146;1,0;0,8748502130852764
6,666666666666667;626,2961058865054;253,97693821193366;9365,358546893598;22832,630175708662;228,51122337806783;9992,37373854279;19859,220628228053;85,65146713584303;13508,612716764012;15096,935651287124;1,0;0,8714887766219322
6,75;627,7092836174239;257,71742702021646;9307,979191864293;22913,700427237214;231,86959510531412;9944,62206271094;19944,702067786126;86,8053665477337;13516,115968766559;15192,257042972804;1,0;0,868130404894686
6,833333333333333;629,0852746351858;261,45119227992313;9249,796414930186;22989,435057311308;235,22437883483158;9895,992212802745;20026,007047682404;87,96179231241041;13522,597926742255;15285,344834398515;1,0;0,8647756211651685
6,916666666666667;630,4250574803187;265,1775780425866;9190,852058881566;23059,89009363063;238,57506190484008;9846,522395008855;20103,181129168308;89,12061393887767;13528,087058069383;15376,23324311819;1,0;0,86142493809516
7,0;631,72958494378;268,8959411042379;9131,186985943303;23125,122974461367;241,92114211519953;9796,249889386967;20176,27065831738;90,28170410652567;13532,611088536027;15464,95667168674;1,0;0,8580788578848005
7,083333333333333;632,999784744539;272,6056509795834;9070,841095988551;23185,192470724636;245,2621275946581;9745,211070714511;20245,32269716895;91,44493861633352;13536,197020931357;15551,549654389186;1,0;0,8547378724053419
7,166666666666667;634,2365601893308;276,30608988254073;9009,85334412389;23240,15861188762;248,59753667352766;9693,441428747024;20310,38495897973;92,61019634117477;13538,871153205138;15636,04680729932;1,0;0,8514024633264724
7,25;635,4407908150464;279,9966527126207;8948,261757669752;23290,082615377545;251,92689776172037;9640,975587895078;20371,505747363735;93,77735917536141;13540,659096203903;15718,482781523246;1,0;0,8480731022382797
7,333333333333333;636,6133330142198;283,6767470466066;8886,103452560643;23335,026819250073;255,24974923204906;9587,84732633315;20428,733899107156;94,94631198355367;13541,585790992125;15798,89221948673;1,0;0,844750250767951
7,416666666666667;637,7550206440552;287,34579313495135;8823,414649190332;23375,05461785482;258,56563930866537;9534,08959455427;20482,11873045126;96,11694254915552;13541,675525766655;15877,309714129175;1,0;0,8414343606913347
7,5;638,866665619428;291,00322390228655;8760,230687727597;23410,23040025309;261,87412596048455;9479,734533384746;20531,70998664331;97,28914152230804;13540,951952372492;15953,769770870815;1,0;0,8381258740395154
7,583333333333333;639,9490584902804;294,648484951418;8696,586042928535;23440,619491155096;265,17477679942255;9424,813491473586;20577,55779456252;98,4628023675855;13539,438102428;16028,306772223954;1,0;0,8348252232005775
7,666666666666667;641,0029690038252;298,28103457016664;8632,51433847156;23466,28809415593;268,46716898325144;9369,357042271447;20619,71261823469;99,63782131149222;13537,156403067374;16100,954944922612;1,0;0,8315328310167486
7,75;642,029146651953;301,90034374040255;8568,048360841465;23487,303237063195;271,7508891228607;9313,395000514345;20658,225217056995;100,81409728985147;13534,128692308326;16171,748329449649;1,0;0,8282491108771394
7,833333333333333;643,0283212042367;305,50589614861536;8503,220072788763;23503,732719120908;275,0255331936978;9256,95643822731;20693,146606560887;101,99153189517145;13530,376234052539;16240,72075184378;1,0;0,8249744668063023
7,916666666666667;644,0012032269094;309,0971881973617;8438,060626390534;23515,64505994789;278,290706451147;9200,069700263472;20724,528021548835;103,17002932406707;13525,919732726632;16307,905797673568;1,0;0,821709293548853
8,0;644,948484588186;312,6737290169342;8372,600375738693;23523,109450021402;281,54602334959606;9142,762419394061;20752,42088144772;104,34949632481111;13520,779347571059;16373,33678806906;1,0;0,818453976650404
8,083333333333334;645,8708389502879;316,2350404766038;8306,868889281295;23526,195702549252;284,79110746493006;9085,06153096475;20776,87675772858;105,52984214508193;13514,974706584375;16437,046757705884;1,0;0,81520889253507
8,166666666666666;646,7689222485191;319,78065719479685;8240,894961842101;23524,97420658675;288,0255914201863;9026,993287133944;20797,947343250216;106,71097847997055;13508,524920130149;16499,068434640652;1,0;0,8119744085798137
8,25;647,6433731577384;323,3101265475859;8174,706626343055;23519,515881266852;291,2491168140976;8968,58327070832;20815,6844233906;107,89281942030448;13501,448594213713;16559,434221900156;1,0;0,8087508831859025
8,333333333333334;648,4948135465537;326,8230086748883;8108,331165253813;23509,892131024422;294,4613341522498;8909,856408591022;20830,139848837614;109,07528140134103;13493,763843435849;16618,17618073097;1,0;0,8055386658477502
8,416666666666666;649,3238489195664;330,3188764837897;8041,795121791635;23496,17480170695;297,66190278057564;8850,836984857599;20841,365509916923;110,25828315187864;13485,488303630316;16675,326015419367;1,0;0,8023380972194244
8,5;650,1310688479784;333,79731564843473;7975,124310894418;23478,436137476572;300,8504908209099;8791,54865347477;20849,413312342476;111,44174564383023;13476,639144192193;16730,915059595736;1,0;0,7991495091790901
8,583333333333334;650,9170473888669;337,25792460595136;7908,343829988593;23456,748738418486;304,02677510832865;8732,014450676714;20854,335154280787;112,6255920422988;13467,233080103704;16784,97426394061;1,0;0,7959732248916714
8,666666666666666;651,6823434934272;340,7003145479083;7841,478069572888;23431,185518782546;307,19044113000155;8672,256807013455;20856,1829046274;113,80974765619186;13457,286383664203;16837,534185213324;1,0;0,7928095588699985
8,75;652,427501404473;344,1241094068338;7774,550723637973;23401,819665794996;310,3411829652884;8612,29755908564;20855,008382400138;114,99413988940725;13446,814895930886;16888,624976527695;1,0;0,7896588170347116
8,833333333333334;653,1530510434759;347,5289458373589;7707,58479994098;23368,724598987123;313,4787032268168;8552,157960979615;20850,863337159637;116,17869819262027;13435,834037876642;16938,276378802137;1,0;0,7865212967731833
8,916666666666666;653,8595083874213;350,9144731915835;7640,6026301529255;23331,973929997574;316,60271300228436;8491,858695416478;20843,799430374183;117,36335401569838;13424,358821271391;16986,51771331516;1,0;0,7833972869977157
9,0;654,5473758357468;354,28035348829934;7573,625879895945;23291,641422813762;319,71293179673665;8431,419884628423;20833,86821765134;118,5480407607668;13412,403859293074;17033,37787530019;1,0;0,7802870682032633
9,083333333333334;655,2171425676252;357,6262613757415;7506,675558686187;23247,800954426355;322,8090874750793;8370,861100975255;20821,121131764587;119,73269373594609;13399,983376874501;17078,885328516502;1,0;0,7771909125249207
9,166666666666666;655,8692848898461;360,95188408757986;7439,772029797092;23200,526475879;325,8909162045936;8310,201377313646;20805,609466408838;120,91725010977942;13387,111220791976;17123,068100736255;1,0;0,7741090837954064
9,25;656,5042665755425;364,2569213918986;7372,935020056656;23149,89197370264;328,9581623972336;8249,459217131312;20787,384360623764;122,10164886636555;13373,800869501667;17165,953780090276;1,0;0,7710418376027665
9,333333333333334;657,1225391940054;367,54108553295225;7306,183629591098;23095,971431730548;332,01057865149346;8188,652604457722;20766,496783828785;123,28583076121065;13360,065442729425;17207,569512217855;1,0;0,7679894213485066
9,416666666666666;657,724542431818;370,80410116552673;7239,536341526329;23038,83879329704;335,04792569364616;8127,799013562799;20742,997521418998;124,46973827781046;13345,917710819871;17247,94199816879;1,0;0,7649520743063538
9,5;658,3107044055405;374,0457052817703;7173,011031657282;22978,567923827617;338,0699723181652;8066,915418454296;20716,937160875066;125,65331558497203;13331,370103850188;17287,097493007986;1,0;0,7619300276818348
9,583333333333334;658,8814419661669;377,2656471304006;7106,624978094254;22915,232573834357;341,07649532715357;8006,018302184382;20688,366078345323;126,83650849488238;13316,434720514211;17325,061805075704;1,0;0,7589235046728464
9,666666666666666;659,4371609955693;380,46368812822993;7040,394870894157;22848,906342334427;344,06727946861713;7945,123665975333;20657,3344256621;128,01926442193005;13301,123336782111;17361,860295858798;1,0;0,7559327205313828
9,75;659,9782566951428;383,63960176398905;6974,336821683485;22779,662640713537;347,04211737343223;7884,247038173806;20623,892117758194;129,2015323422834;13285,447414340983;17397,517880430383;1,0;0,7529578826265678
9,833333333333334;660,5051138668539;386,7931734944647;6908,466373278844;22707,574657060166;350,0008094908698;7823,4034830427645;20588,08882045356;130,38326275422864;13269,418108821486;17432,059028417785;1,0;0,7499991905091302
9,916666666666666;661,0181071868933;389,92420063300176;6842,7985093097295;22632,71532099878;352,94316402255265;7762,607609399602;20549,973938585466;131,5644076392685;13253,04627781563;17465,507765460487;1,0;0,7470568359774473
10,0;661,5176014721292;393,0324922304534;6777,3476638472885;22555,157269052794;355,86899685473446;7701,873579108516;20509,596604458708;132,74492042398197;13236,342488690621;17497,88767512186;1,0;0,7441310031452655
10,083333333333334;662,0039519395467;396,11786894869505;6712,127731041895;22474,972810570485;358,77813148880364;7641,215115434868;20467,00566659604;133,92475594264357;13219,31702620368;17529,2219012205;1,0;0,7412218685111963
10,166666666666666;662,4775044588623;399,18016292684814;6647,152074771291;22392,233894247503;361,67039896992685;7580,645511268577;20422,249678771095;135,10387040060013;13201,979899922577;17559,533150548417;1,0;0,7383296010300732
10,25;662,9385957984902;402,21921764038683;6582,4335383003545;22307,012075281735;364,54563781376186;7520,177637223386;20375,376889309555;136,28222133840183;13184,340851456554;17588,84369594566;1,0;0,7354543621862382
10,333333333333334;663,387553865036;405,23488775332913;6517,984453952583;22219,37848319603;367,40369393118044;7459,823949618208;20326,435230646413;137,4597675966833;13166,409361502207;17617,17537970209;1,0;0,7325963060688195
10,416666666666666;663,8246979364887;408,22703896373736;6453,816652792672;22129,40379036484;370,2444205509559;7399,596498346389;20275,472309129425;138,63646928178983;13148,194656708818;17644,549617258963;1,0;0,729755579449044
10,5;664,2503388892766;411,19554784277545;6389,9414743187845;22037,158181280356;373,0676781403821;7339,506934638321;20222,535395061128;139,812287732143;13129,705716367474;17670,987401184237;1,0;0,7269323218596179
10,583333333333334;664,6647794193473;414,14030166759215;6326,369776162528;21942,71132259349;375,8733343238019;7279,566518722362;20167,671412973767;140,98718548533913;13110,95127892834;17696,509305397347;1,0;0,7241266656761981
10,666666666666666;665,0683142574313;417,061198248316;6263,111943793878;21846,13233396385;378,66126379903574;7219,786127388635;20110,926932132923;142,16112624597372;13091,939848350205;17721,135489620145;1,0;0,7213387362009642
10,75;665,4612303786414;419,9581457494663;6200,177900227884;21747,489759751614;381,43134825171194;7160,17626145989;20052,34815726742;143,33407485418417;13072,67970028644;17744,88570403233;1,0;0,718568651748288
10,833333333333334;665,8438072065546;422,83106250609785;6137,577115729377;21646,851541583314;384,18347626751057;7100,747053173237;19991,98091952465;144,5059972549025;13053,178888111432;17767,77929411097;1,0;0,7158165237324894
10,916666666666666;666,2163168119266;425,67987683500843;6075,31861751142;21544,284991820805;386,9175432423438;7041,508273476102;19929,87066765096;145,67686046780972;13033,445248791304;17789,835205634576;1,0;0,7130824567576561
11,0;666,5790241061744;428,504526841351;6013,410999422955;21439,856767962006;389,6334512905053;6982,46933923957;19866,06245939896;146,8466325579826;13013,486408602921;17811,071989833898;1,0;0,7103665487094947
11,083333333333334;666,9321870297699;431,30496022099834;5951,862431620586;21333,632847998837;392,3311091508301;6923,639320391728;19800,600953163266;148,01528260722364;12993,309788704795;17831,507808672097;1,0;0,7076688908491698
11,166666666666666;667,2760567356747;434,0811340590161;5890,68067021929;21225,67850675622;395,01043209091546;6865,026946973495;19733,53039984806;149,18278068606458;12972,922610563657;17851,160440238502;1,0;0,7049895679090845
11,25;667,6108777679486;436,8330146246034;5829,873066916465;21116,05829323341;397,6713418094616;6806,640616118982;19664,894634969834;150,3490978264332;12952,331901240254;17870,047284240834;1,0;0,7023286581905384
11,333333333333334;667,9368882356573;439,56057716286404;5769,446578583631;21004,83600896632;400,31376633679855;6748,488398962177;19594,737070999458;151,5142059949736;12931,544498537885;17888,18536758182;0,9993097140590432;0,6996862336632014
11,416666666666666;668,2543199822053;442,26380568377255;5709,407776819832;20892,07468742705;402,93763993367224;6690,578047471469;19523,10068994791;152,67807806700927;12910,567056017093;17905,591350006966;0,9935371921459211;0,6970623600663277
11,5;668,5633987502113;444,94269274869725;5649,762857460819;20777,836574474528;405,5429029883697;6632,917001213326;19450,028036200925;153,84068780113847;12889,406047879902;17922,28152981134;0,9878056134255867;0,6944570970116303
11,583333333333334;668,8643443420464;447,59723925484235;5590,51765003785;20662,18310986682;408,1295019122689;6575,512394046039;19375,56120960693;155,00200981445116;12868,067773726818;17938,271849593515;0,9821150957930085;0,691870498087731
11,666666666666666;669,1573707761469;450,2274542179664;5531,6776271801;20545,17490984373;410,6973890339046;6518,371060744437;19299,741858823912;156,1620195583567;12846,558363189879;17953,57790204622;0,9764657441254099;0,6893026109660954
11,75;669,4426864392142;452,83335455372986;5473,247913954512;20426,871750785227;413,24652249164507;6461,499543556058;19222,611174929898;157,32069329501127;12824,883780444754;17968,2149357734;0,9708576505183809;0,6867534775083549
11,833333333333334;669,7204942344102;455,4149648580188;5415,233297137108;20307,33255394882;415,7768661250802;6404,904098689228;19144,209885302385;158,4780080743342;12803,049828605072;17982,19786112445;0,9652908945248236;0,6842231338749197
11,916666666666666;669,9909917256516;457,9723171865836;5357,6382344097865;20186,61537128638;418,2883893652232;6348,590702733251;19064,57824777156;159,633941711602;12781,062154001902;17995,541256036948;0,9597655433965089;0,6817116106347767
12,0;670,2543712781094;460,50545083432496;5300,4668634767;20064,777372338067;420,7810671236336;6292,56505901071;18983,756045051607;160,78847276560913;12758,92625035124;18008,259371879583;0,9542816523280061;0,6792189328763664
12,083333333333334;670,5108201950084;463,0144121145476;5243,72301109461;19941,874832199483;423,2548796805687;6236,832603861894;18901,782579455394;161,9415805173844;12736,647462812507;18020,366139288093;0,9488392647027488;0,6767451203194312
12,166666666666666;670,76052085083;465,4992541384954;5187,410202011519;19817,963120554366;425,7098125722756;6181,398512860991;18818,696667895518;163,09324494945224;12714,2309919406;18031,87517398682;0,9434384123409937;0,6742901874277244
12,25;671,0036508210076;467,96003659546767;5131,531667808364;19693,096691764415;428,1458564775346;6126,2677069638585;18734,53663717651;164,24344672562728;12691,681897534443;18042,79978258989;0,9380791157494238;0,6718541435224653
12,333333333333334;671,2403830082103;470,39682553380703;5076,090355638497;19567,32907600447;430,563007103568;6071,444858586824;18649,340319580846;165,39216717133178;12669,005102384508;18053,152968375707;0,9327613843721504;0,669436992896432
12,416666666666666;671,4708857653027;472,80969314303655;5021,088936860082;19440,71287142973;432,96126507142725;6016,934397616058;18563,145048751994;166,53938825442492;12646,205395921963;18062,947437029514;0,92748521684286;0,6670387349285727
12,5;671,6953230150701;475,1987175374112;4966,529815556653;19313,299737359757;435,3406358009721;5962,740517346886;18475,987655876794;167,68509256653292;12623,287437771944;18072,19560234871;0,9222506012378614;0,6646593641990278
12,583333333333334;671,9138543667927;477,5639825411364;4912,415136941473;19185,140388462052;437,7011293955551;5908,86718035245;18387,904466169402;168,82926330486944;12600,25576121343;18080,909591906668;0,9170575153297789;0,6622988706044449
12,666666666666666;672,126635229752;479,905577475493;4858,746795641408;19056,284589916246;440,04276052652324;5855,318124280941;18298,931295657927;169,97188425453564;12577,114776548084;18089,101252670385;0,9119059268416488;0,6599572394734767
12,75;672,3338169237504;482,2235969480946;4805,5264438564745;18926,78115353844;442,3655483176489;5802,096867580718;18209,103448274946;171,11293977128923;12553,868774380408;18096,782156568428;0,9067957937011724;0,657634451682351
12,833333333333334;672,5355467867236;484,5181406444904;4752,7554993913955;18796,677934843865;444,66951622959874;5749,206715152538;18118,45571325228;172,2524147647722;12530,52192881153;18103,963606005385;0,9017270642948828;0,6553304837704013
12,916666666666666;672,7319682795194;486,7893131223122;4700,435153555829;18666,02183102451;446,954691944549;5696,650763928121;18027,022362819986;173,39029468218683;12507,078300548785;18110,65663931986;0,8966996777219922;0,653045308055451
13,0;672,9232210879213;489,0372236081516;4648,56637893018;18534,858779817343;449,2211072510526;5644,43190837426;17934,837150208885;174,52656549240993;12483,541839933314;18116,872036182867;0,8917135640476843;0,6507788927489474
13,083333333333334;673,1094412219862;491,26198579733983;4597,149936994244;18403,233759237548;451,46879792926205;5592,552845921718;17841,93330795555;175,66121367053518;12459,916389887785;18122,62032293424;0,8867686445556235;0,6485312020707379
13,166666666666666;673,2907611127678;493,46371765678896;4546,18638561616;18271,19078815047;453,69780363660726;5541,016082318104;17748,34354650818;176,79422618283365;12436,205688786276;18127,911777854537;0,8818648319994641;0,6463021963633927
13,25;673,467309706496;495,64254123104047;4495,6760863994705;18138,772927654747;455,90816779402786;5489,823936904013;17654,100053130966;177,9255904721228;12412,413373248353;18132,756436370422;0,8770020308531388;0,6440918322059721
13,333333333333334;673,6392125562776;497,7985824516542;4445,619211886389;18006,02228324903;458,09993747285336;5438,978547811705;17559,234491104813;179,05529444353425;12388,54298085933;18137,16409619177;0,8721801375597227;0,6419000625271466
13,416666666666666;673,8065919113831;499,9319709500582;4396,015752615584;17872,980007753416;460,27316328242296;5388,481877085605;17463,777999220703;180,18332645067107;12364,597952818584;18141,144322378685;0,8673990407786696;0,639726836717577
13,5;673,9695668041851;502,0428398739668;4346,865524033122;17739,686304956904;462,4278992585331;5338,3357157240025;17367,761191562673;181,30967528214495;12340,5816365178;18144,706452337203;0,8626586216312272;0,6375721007414669
13,583333333333334;674,1282531348089;504,13132570746416;4298,168173255458;17606,180433961228;464,56420275279686;5288,5416886412995;17271,214157576014;182,43433014848435;12316,497288051003;18147,859600742308;0,8579587539438469;0,6354357972472031
13,666666666666666;674,2827637535545;506,19756809483613;4249,923185683619;17472,500714191785;466,6821343229961;5239,101259550302;17174,16646241661;183,5572806694045;12292,348074658114;18150,61266438738;0,8532993044894086;0,6333178656770039
13,75;674,4332085411507;508,24170966822476;4202,129891467959;17338,68453104562;468,78175762450314;5190,01573576396;17076,64714757623;184,67851686143047;12268,137077103751;18152,974326959036;0,8486801332260931;0,6312182423754968
13,833333333333334;674,5796944868976;510,2638958791667;4154,78747182315;17204,76834214684;470,86313930284564;5141,28627291619;16978,684731778918;185,79802912586464;12243,867291993007;18154,95306373684;0,8441010935337396;0,6291368606971544
13,916666666666666;674,722325764752;512,2642748340678;4107,894965193272;17070,787684179748;472,92634888748273;5092,913879601298;16880,307212142707;186,91580823708995;12219,541634025822;18156,55714621722;0,839562032447538;0,6270736511125172
14,0;674,8612038074107;514,2429971336558;4061,4512732671046;16936,777180269895;474,9714586868592;5044,899421931731;16781,542065600996;188,03184533120063;12195,162938191552;18157,794646661234;0,8350627908889098;0,6250285413131408
14,083333333333334;674,9964273784456;516,2002157164422;4015,4551668438726;16802,770547883512;476,9985436847976;4997,243628013787;16682,416250577007;189,14613189495225;12170,73396190525;18158,67344256576;0,8306032038934453;0,6230014563152024
14,166666666666666;675,128092642539;518,1360857062182;3969,905291550083;16668,800607216606;479,00768143828685;4949,947092341199;16582,956208905496;190,25865975502293;12146,257387087333;18159,20122105829;0,826183100835769;0,6209923185617131
14,25;675,2562932338715;520,0507642635966;3924,800173408019;16534,89929004427;480,99895197672015;4903,010280106302;16483,187867994413;191,369421067578;12121,7358221879;18159,385483214814;0,8218023056512157;0,6190010480232798
14,333333333333334;675,3811203227106;521,944410441609;3880,1382242568707;16401,097649002124;482,9724377026317;4856,433531428783;16383,136643219837;192,47840830813024;12097,171804157337;18159,233548301192;0,8174606370542103;0,6170275622973683
14,416666666666666;675,5026626802463;523,8171850453532;3835,91774702754;16267,425867271848;484,9282232939782;4810,217065501972;16282,827440547167;193,58561426168822;12072,567800364508;18158,752557938085;0,813157908753248;0,6150717767060218
14,5;675,6210067417218;525,6692504956853;3792,136940872328;16133,913268643193;486,8663956080067;4764,360984656703;16182,28465937096;194,69103201318524;12047,926210463953;18157,94948018956;0,8088939296623853;0,6131336043919933
14,583333333333334;675,736236667901;527,5007706969383;3748,793906150911;16000,58832792572;488,78704358674713;4718,865278342876;16081,532195566235;195,79465493818182;12023,249368213414;18156,831113575885;0,8046685041091564;0,6112129564132528
14,666666666666666;675,8484344049208;529,3119109086462;3705,886649274069;15867,478681683577;490,6902581641632;4673,7298270288475;15980,593444743301;196,89647669383447;11998,539543242981;18155,404091010674;0,800481432038841;0,6093097418358367
14,75;675,9576797425666;531,1028376212461;3663,413087406866;15734,611139268016;492,5761321749931;4628,95440601894;15879,491305698828;197,99649121012382;11973,798942777157;18153,674883663072;0,7963325092150152;0,6074238678250069
14,833333333333334;676,0640503710156;532,8737184357234;3621,371053033013;15602,011694122291;494,44476026530697;4584,538689189337;15778,248184054966;199,0946926813355;11949,029713311069;18151,649804745382;0,7922215274163247;0,605555239734693
14,916666666666666;676,167621936086;534,6247219471621;3579,758298382305;15469,705535334635;496,2962388048043;4540,482252642715;15676,885996078889;200,19107555778686;11924,233942242003;18149,335013226715;0,7881482746294305;0,6037037611951956
15,0;676,2684680930333;536,3560176321571;3538,5724997230964;15337,71705941575;498,13066580087263;4496,784578282042;15575,426172674746;201,28563453779336;11899,413659457477;18146,736517473386;0,7841125352380802;0,6018693341991274
15,083333333333334;676,36666055893;538,0677757400404;3497,811261521906;15206,069882277747;499,9481408144234;4453,445057304018;15473,88966354023;202,378364559868;11874,570838880998;18143,86017881667;0,7801140902082685;0,6000518591855766
15,166666666666666;676,4622691636674;539,7601671878691;3457,472120472241;15074,786851392306;501,7487648775204;4410,462993612664;15372,29694147955;203,46926079514785;11849,707399976549;18140,71171504862;0,7745788288796869;0,5949285818551908
15,25;676,5553618996157;541,4333634591213;3417,552549394958;14943,890058106936;503,5326404128101;4367,837607153676;15270,66800686533;204,55831864004145;11824,82520921299;18137,296703846856;0,7690488147202886;0,5897553428028507
15,333333333333334;676,646004969977;543,0875365060397;3378,0499610123597;14813,400850098244;505,29987115476365;4325,56803717014;15169,022392241028;205,64553370909135;11799,926081489357;18133,620586128964;0,7635703994202327;0,5846303736511854
15,416666666666666;676,7342628358654;544,7228586555627;3338,961711598432;14683,339843942716;507,0505620727342;4283,653345380333;15067,379167056602;206,73090182804577;11775,01178152214;18129,68866933751;0,758143257574524;0,5795533699890708
15,5;676,8201982621491;546,3395025187793;3300,285104507566;14553,726937785577;508,784819295833;4242,09251907828;14965,756942529097;207,8144190271341;11750,08402519549;18125,50613065635;0,7527670601829177;0,5745240240420842
15,583333333333334;676,9038723620862;547,9376409038401;3262,0173935842445;14424,581324089593;510,5027500396243;4200,884474157902;14864,173876620827;208,89608153454037;11725,144480875375;18121,078020159293;0,7474414748771647;0,5695420248850895
15,666666666666666;676,9853446407849;549,5174467322581;3224,1557864561514;14295,921502446303;512,2044625346358;4160,028058061547;14762,647679127547;209,97588577006968;11700,194770688646;18116,409263891976;0,742166166142629;0,5646070586495562
15,75;677,0646730375212;551,0790929585281;3186,697447713169;14167,765292432581;513,8900659566813;4119,522052653727;14661,195616868808;211,05382833900205;11675,23647176788;18111,504666887846;0,736940795534288;0,5597188087256243
15,833333333333334;677,1419139669424;552,6227524929944;3149,639501974826;14040,129846496879;515,5596703589869;4079,3651770209976;14559,83451897345;212,12990602612885;11650,271117462979;18106,368916119245;0,7317650218871408;0,554876955958938
15,916666666666666;677,2171223591865;554,1485981278938;3112,9790368486993;13913,031662859545;517,2133866061131;4039,556090198889;14458,580782252759;213,20411578996666;11625,30019852034;18101,006583384536;0,7266385015210495;0,550081178842272
16,0;677,2903516989464;555,6568024664999;3076,713105782318;13786,486598412888;518,8513263096614;4000,0933938268363;14357,45037665427;214,27645475714368;11600,325164230497;18095,422128132275;0,7215608884400496;0,5453311537019818
16,083333333333332;677,3616540635052;557,1475378552966;3040,838730811163;13660,509881607242;520,4736017657522;3960,9756347321254;14256,458850789235;215,3469202169542;11575,347423545069;18089,619900223443;0,7165318345261683;0,5406265548793187
16,166666666666668;677,4310801597712;558,6209763191036;3005,352905205214;13535,116125309578;522,0803258942594;3922,201307443825;14155,621337526785;216,41550961607615;11550,368346163774;18083,60414263261;0,7115509897277957;0,5359670549066476
16,25;677,4986793603387;560,0772894990816;2970,2525960166895;13410,319339622762;523,6716121797873;3883,7688566377947;14054,952559648316;217,48222055344755;11525,389263592377;18077,37899408917;0,7066180022426594;0,5313523246786168
16,333333333333332;677,5644997385988;561,5166485935392;2935,5347465314253;13286,132944653391;525,2475746143688;3845,6766795137837;13954,466835555439;218,54705077529732;11500,41147017228;18070,948491659597;0,7017325186954568;0,5267820336183305
16,416666666666668;677,6285881029279;562,9392243014692;2901,196278626489;13162,56978321744;526,8083276418693;3807,92312810575;13854,178085025234;219,60999817032618;11475,436224082538;18064,3165732717;0,6968941843102053;0,5222558498385792
16,5;677,6909900299743;564,3451867687371;2867,2340950364687;13039,642133473233;528,3539861040738;3770,506511526466;13754,099835006657;220,67106076503345;11450,464748315042;18057,487080181967;0,6921026430773713;0,517773440298186
16,583333333333332;677,7517498970717;565,7347055368497;2833,645081530929;12917,361721471905;529,8846651884364;3733,4250981475125;13654,245225451923;221,73023671918577;11425,498231623522;18050,46375938683;0,6873575379158471;0,5133344709535343
16,666666666666668;677,810910913797;567,1079494942262;2800,4261090055506;12795,73973361667;531,4004803774699;3696,6771177158816;13554,627015177513;222,78752432142375;11400,537829447148;18043,250265979194;0,6826585108298434;0,5089386069053373
16,75;677,8685151526996;568,4650868299019;2767,5740354892696;12674,786829021741;532,9015473997504;3660,260763408178;13455,257587748525;223,84292198500265;11375,58466480933;18035,85016545075;0,6780052030607738;0,5045855125407239
16,833333333333332;677,9246035792214;569,806284989589;2735,0857080699425;12554,51315176368;534,3879821825151;3624,174193823731;13356,148957381632;224,89642824366342;11350,639829192423;18028,266935941585;0,6733972552342032;0,5002748516707063
16,916666666666668;677,9792160808294;571,1317106340239;2702,95796474081;12434,92834301725;535,8599008058254;3588,415534917658;13257,312774860871;225,94804174763024;11325,70438338895;18020,50397043767;0,6688343075019412;0,4960062876631063
17,0;678,0323914953816;572,441529599528;2671,187636170137;12316,041553069274;537,3174194582707;3552,9828818750984;13158,760333461481;226,99776125973136;11300,779358329979;18012,564578917474;0,6643159996793608;0,4917794835710149
17,083333333333332;678,084167638747;573,7359068607147;2639,771547396339;12197,86145320414;538,7606543941854;3517,8743009277723;13060,502574876804;228,0455856516394;11275,865755891256;18004,451990448535;0,6598419713780252;0,48759410225686234
17,166666666666668;678,1345813316984;575,0150064952694;2608,706519450806;12080,396247455026;540,1897218923528;3483,0878311140395;12962,550095143635;229,09151390022794;11250,96454967769;17996,169355235033;0,6554118621337062;0,4834498065121767
17,25;678,1836684260974;576,2789916507377;2577,9893709107255;11963,65368421587;541,6047382161679;3448,6214859836396;12864,91315056154;230,13554508404098;11226,076685786762;17987,719746617357;0,6510253115298795;0,4793462591731131
17,333333333333332;678,2314638303909;577,5280245132531;2547,6169193839924;11847,64106770877;543,0058195752301;3414,4732552482365;12767,601663601667;231,17767837987236;11201,203083551409;17979,106163024488;0,6466819593167866;0,4752831232318326
17,416666666666668;678,2780015344359;578,7622662781386;2517,5859829284464;11732,36526930296;544,3930820883388;3380,641106379019;12670,625228801211;232,21791305945146;11176,344636262964;17970,331529880357;0,6423814455261496;0,4712600619438174
17,5;678,3233146336723;579,9818771223177;2487,8933814074344;11617,832738680856;545,7666417478616;3347,122986152428;12573,993118639268;233,2562484862328;11151,502211874611;17961,398701464856;0,6381234105816289;0,46727673893120125
17,583333333333332;678,3674353526578;581,1870161784715;2458,535937783867;11504,049514848173;547,1266143854479;3313,916822145268;12477,714289390675;234,2926841122861;11126,676653685987;17952,310462730697;0,6339074954051117;0,4633328182822012
17,666666666666668;678,4103950679852;582,3778415108799;2429,5104793546584;11391,021236984374;548,4731156390568;3281,020524180249;12381,797386953842;235,32721947528418;11101,868781009292;17943,06953107679;0,6297333415189239;0,4594279646467353
17,75;678,4522243305956;583,5545100928864;2400,813838927633;11278,753155131193;549,8062609212725;3248,4319857232094;12286,250752649577;236,3598541955857;11077,079389817523;17933,67855807922;0,6256005911440553;0,45556184332830973
17,833333333333332;678,4929528875055;584,7171777859267;2372,442855942731;11167,250140716367;551,1261653888747;3216,1490852330785;12191,08242898737;237,39058797341033;11052,309253375248;17924,14013118062;0,6215088872944884;0,45173412037226335
17,916666666666668;678,5326097029603;585,8659993200633;2344,39437753947;11056,516696910801;552,4329439136384;3184,1696874657687;12096,300165396266;238,41942058610317;11027,559122852377;17914,45677533887;0,617457873867721;0,4479444626504487
18,0;678,5712229790333;587,0011282759709;2316,665259572423;10946,556968817133;553,7267110543306;3152,491644733047;12001,91142391723;239,44635188548656;11002,829727921428;17904,630954635933;0,613447195731575;0,4441925379424412
18,083333333333332;678,6088201756816;588,1227170683147;2289,25236757656;10837,374753488408;555,0075810298774;3121,1127981175678;11907,923384854545;240,47138179529614;10978,121777338669;17894,665073847744;0,60947649880738;0,4404780150133555
18,166666666666668;678,6454280302735;589,2309169304705;2262,152577684171;10728,97350977555;556,2756676936701;3090,0309786451035;11814,342952383335;241,4945103086989;10953,435959509636;17884,56147997594;0,6055454301496226;0,4368005636883566
18,25;678,681072576604;590,3258779005329;2235,362777495075;10621,356368002846;557,5310845089839;3059,244008415084;11721,176760111097;242,51573748589115;10928,772943039365;17874,322463742294;0,60165363802215;0,4331598549239467
18,333333333333332;678,7157791634083;591,4077488085613;2208,879866901779;10514,526139470636;558,7739445254778;3028,7497016905036;11628,431176590746;243,5350634517736;10904,133377267823;17863,9502610467;0,597800771971019;0,42955556087611446
18,416666666666668;678,7495724723883;592,4766772650137;2182,700758871175;10408,485325784895;560,0043603567502;2998,5458659482647;11536,112310783195;244,55248839370165;10879,51789279087;17853,447054389377;0,5939864828940743;0,42598735496542434
18,5;678,7824765357656;593,5328096503195;2156,822380184366;10303,236128013501;561,2224441589199;2968,630302890952;11444,226017467347;245,56801255930867;10854,927101967167;17842,814974258257;0,5902104231073484;0,42245491193913237
18,583333333333332;678,8145147533719;594,5762911055464;2131,241672136153;10198,780455669234;562,4283076102048;2939,0008094211425;11352,777902595823;246,58163625439988;10830,361599411423;17832,05610048223;0,5864722464083651;0,4189579079304061
18,666666666666668;678,8457099092898;595,6072655241146;2105,955591195638;10095,11993551976;563,6220618914724;2909,6551785791776;11261,773328594587;247,59335984091516;10805,8219624743;17821,172463551018;0,5827716081364356;0,41549602051473
18,75;678,876084188056;596,6258755445139;2080,9611096293793;9992,255920224852;564,8038176677327;2880,591200445434;11171,217419604887;248,60318373495844;10781,308751709366;17810,16604590242;0,5791081652300287;0,4120689287635752
18,833333333333332;678,9056591904374;597,6322625439817;2056,255216088553;9890,189496801786;565,9736850705481;2851,8066630080825;11081,115066666214;249,61110840489187;10756,82251132744;17799,03878317776;0,575481576281301;0,40867631329541054
18,916666666666668;678,9344559487934;598,6265666331011;2031,8349161613924;9788,921494919292;567,1317736813334;2823,299352997233;10991,470932838669;250,61713436949285;10732,363769638638;17787,79256544606;0,5718915015878666;0,40531785632413325
19,0;678,962494942032;599,6089266512766;2007,6972328923061;9688,452495021378;568,2781925155192;2795,0670566865;10902,289458263873;251,62126219617204;10707,933039482512;17776,42923839792;0,5683376032018904;0,4019932417049943
19,083333333333332;678,9897961101748;600,5794801630517;1983,8392072688835;9588,782836281662;569,4130500075546;2767,107560662819;10813,574865162953;252,6234924992506;10683,530818646499;17764,950604509504;0,5648195449765807;0,39870215497809164
19,166666666666668;679,0163788685361;601,5383233633979;1960,257898678077;9489,912624389886;570,5364539967213;2739,4186525655045;10725,331162770968;253,62382593829477;10659,157590273106;17753,358424177623;0,5613369926101639;0,39544428340950816
19,25;679,0422621215309;602,4861742559939;1936,9513876284543;9391,84599893661;571,6485117137371;2711,998121795369;10637,562152206507;254,62226321650635;10634,813823256032;17741,654416826248;0,557889613687415;0,3922193160301624
19,333333333333332;679,0674642761189;603,4231334901972;1913,9021966384262;9294,520517853323;572,7493297681225;2684,8437601948463;10550,27143127608;255,6188050791671;10610,499972625616;17729,840261985457;0,5544770777188203;0,3890269436724447
19,416666666666668;679,0920032548943;604,3493016211842;1891,1082696480435;9197,938610548981;573,839014136307;2657,953362699911;10463,462399212258;256,6134523121357;10586,216479923796;17717,91760034319;0,5510990561774483;0,38586685900470963
19,5;679,1158965088316;605,2647790825022;1868,5675408427528;9102,10243067703;574,9176701504517;2631,3247279646816;10377,138261345184;257,60620574039564;10561,963773568965;17705,888034770596;0,5477552225335997;0,38273875656369
19,583333333333332;679,139161029696;606,1696661594111;1846,277935658236;9007,013862874715;575,9854024879651;2604,955658959497;10291,302033706877;258,59706622665254;10537,7422692109;17693,7531313215;0,5444452522873082;0,3796423327849013
19,666666666666668;679,1618133621271;607,0640629630049;1824,2373717571213;8912,674529449027;577,0423151616891;2578,8439635432724;10205,95654756781;259,5860346699791;10513,552370076086;17681,514420206688;0,5411688229987638;0,37657728603110163
19,75;679,1838696154049;607,9480694051056;1802,4437599780554;8819,085797006765;578,0885115107343;2552,98745501095;10121,104453905653;260,5731120045068;10489,3944673037;17669,173396743518;0,5379256143167237;0,3735433166188705
19,833333333333332;679,2053454749057;608,8217851739219;1780,8950052574828;8726,248783025314;579,1240941919411;2527,383952616765;10036,748227805705;261,55829919816284;10465,268940272452;17656,731522281523;0,5347153080049825;0,3705401268433707
19,916666666666668;679,2262562132566;609,685309710461;1759,5890075245961;8634,164362361644;580,1491651719473;2502,0312820741137;9952,89017279285;262,5415972514502;10441,176156918571;17644,19022510448;0,5315375879669634;0,36756742100135287
20,0;679,2466167011975;610,5387421856875;1738,5236625698922;8542,833173697012;581,1638257198401;2476,927276032734;9869,532425095023;263,52300719627056;10417,116474045162;17631,550901309558;0,5283921402684956;0,3646249054124636
20,083333333333332;679,2664414181553;611,3821814784186;1717,696862887749;8452,255625914804;582,1681764003738;2452,0697745339335;9786,676957838072;264,5025300947884;10393,090237623173;17618,81491566415;0,5252786531588413;0,361712288438916
20,166666666666668;679,2857444625421;612,2157261539451;1697,1064984934173;8362,431904409084;583,162317067731;2427,4566254445376;9704,325585171933;265,48016703833457;10369,097783084171;17605,98360244078;0,5221968170900338;0,3588292805035801
20,25;679,3045395617808;613,0394744433706;1676,7504577149252;8273,361977321914;584,1463468598116;2403,085684870277;9622,479966328434;266,4559191463488;10345,139435605188;17593,058266230764;0,519146324734584;0,35597559410654633
20,333333333333332;679,3228400820669;613,8535242236578;1656,626627960253;8185,045601707177;585,1203641930273;2378,9548175492287;9541,141609610519;267,42978756535945;10321,2155103858;17580,040182737008;0,5161268710016154;0,35315094384022083
20,416666666666668;679,3406590378755;614,6579729983708;1636,732896460228;8097,482329618997;586,0844667575852;2355,0618972259913;9460,31187631333;268,401773468;10297,326312917687;17566,930599546493;0,5131381530514858;0,35035504640300286
20,5;679,3580091012146;615,4529178791058;1617,0671509876172;8010,6715141232235;587,038751513243;2331,404807007257;9379,991984577418;269,37187805206025;10273,47213924689;17553,730736883073;0,5101798703089466;0,3475876206115952
20,583333333333332;679,3749026106382;616,2384555675967;1597,62728055272;7924,612315229728;587,9833146855163;2307,98143969929;9300,18301317396;270,34010253957206;10249,653276228859;17540,441788340722;0,5072517244748993;0,3448483874120026
20,666666666666668;679,3913515800206;617,0146823384874;1578,4111760760368;7839,303705744671;588,9182517623241;2284,7896981280455;9220,885905222885;271,30644817592776;10225,870001776653;17527,064921598085;0,5043534195367954;0,3421370698892602
20,75;679,4073677070996;617,7816940227591;1559,4167310383284;7754,744477040876;589,8436574910526;2261,8274954424123;9142,101471843836;272,270916229031;10202,122585102321;17513,601279114624;0,5014846617777371;0,33945339327594753
20,833333333333332;679,4229623817965;618,5395859918016;1540,6418421085136;7670,933244744915;590,7596258760245;2239,092755401177;9063,830395740473;273,2335079884785;10178,411286951716;17500,051978808635;0,49864515978432394;0,33679708495952887
20,916666666666668;679,4381466943146;619,2884531421186;1522,084409749874;7587,868454340221;591,666250176356;2216,5834126443;8986,073234718784;274,19422476477183;10154,73635983295;17486,418114717977;0,49583462445329635;0,33416787448856755
21,0;679,4529314430272;620,0283898806551;1503,7423388049006;7505,548386684504;592,5636229041868;2194,297412948964;8908,830425139513;275,1530678885585;10131,09804823857;17472,700757643484;0,49305276899702094;0,3315654935778583
21,083333333333332;679,4673271421564;620,7594901107371;1485,613539059301;7423,971163441166;593,4518358232691;2172,23271347101;8832,102285305604;276,1100387099011;10107,496588861717;17458,90095577591;0,4902993089478658;0,3289896761125196
21,166666666666668;679,4813440292504;621,4818472186104;1467,6959257854805;7343,134752423234;594,3309799479009;2150,3872829721813;8755,889018784883;277,06513859757416;10083,93221080638;17445,019735306443;0,48757396216150717;0,32644015815108735
21,25;679,4949920724642;622,1955540605694;1449,987420266001;7263,036972849587;595,2011455421888;2128,7591020337372;8680,19071766872;278,0183689383869;10060,405135791907;17431,05810102148;0,48487644881921477;0,32391667792765255
21,333333333333332;679,508280977648;622,9007029506645;1432,485950297371;7183,675500512503;596,0624221196281;2107,3461632568865;8605,007365767306;278,9697311365324;10036,915578351933;17417,017036881847;0,48220649142915295;0,32141897585307855
21,416666666666668;679,5212201952501;623,5973856489754;1415,189450674589;7105,047872856085;596,9148984429867;2086,146471450499;8530,338841741976;279,91922661296104;10013,463746027892;17402,897506586953;0,4795638148267413;0,31894679451533864
21,5;679,5338189270369;624,2856933504404;1398,0958636568657;7027,151493965136;597,7586625244795;2065,158043806585;8456,18492217543;280,86685680477825;9990,049839557225;17388,700454124257;0,47694814617411346;0,3164998786790094
21,583333333333332;679,5460861326376;624,9657166742303;1381,203139414913;6949,983639464162;598,5938016262216;2044,378910063935;8382,545284580397;281,8126231646656;9966,674053056468;17374,426804304345;0,47435921495871286;0,3140779752839572
21,666666666666668;679,5580305359156;625,6375456536549;1364,5092364601824;6873,54146132604;599,4204022609483;2023,8071126603984;8309,41951034747;282,75652716032425;9943,3365741993;17360,07746328201;0,4717967529910602;0,31168083344324987
21,75;679,5696606311717;626,301269726592;1348,0121220565165;6797,821992590583;600,2385501929897;2003,4407068741814;8236,807087632817;283,69857027394056;9920,037584389784;17345,653319063767;0,46942747953682473;0,30957060965261857
21,833333333333332;679,5809846891862;626,9569777264264;1331,7097726144937;6722,822151992268;601,04813039488;1983,27776095455;8164,707414186331;284,63875400167245;9896,777258930779;17331,155242001856;0,467484487052288;0,308113365289216
21,916666666666668;679,5920107630999;627,6047578734895;1315,600174068993;6648,538748497921;601,8498206551549;1963,321357357654;8093,137836332715;285,5770798531565;9873,555767187843;17316,584085275546;0,4655604304276283;0,3066703228207212
22,0;679,6027466941408;628,2446977669854;1299,6813222402607;6574,968485753753;602,643684410167;1943,5547526986256;8022,044068836935;286,51354935103467;9850,373272748586;17301,940685359586;0,4636551574155992;0,3052413680616994
22,083333333333332;679,6132001172016;628,8768843773962;1283,9512231788858;6502,107966442092;603,4297849676979;1923,9765570993454;7951,426784119972;287,4481640305003;9827,229933577653;17287,225862480307;0,4617685160775251;0,30382638705814385
22,166666666666668;679,6233784662677;629,5014040393523;1268,4078934951344;6429,953696548391;604,2081854966599;1904,5853787375931;7881,286543563;288,38092543886256;9804,125902167532;17272,440421059877;0,4599003548080162;0,30242526610601217
22,25;679,6332889797053;630,1183424449579;1253,049360672884;6358,5020895380985;604,9789490170772;1885,379824240195;7811,6237999926725;289,31183513512866;9781,061325685128;17257,585150148625;0,4580505223590147;0,30103789176926105
22,333333333333332;679,6429387054084;630,727784637561;1237,8736633686856;6287,749470444471;605,7421383903401;1866,3584990657027;7742,438900143441;290,24089468960375;9758,036346114415;17242,66082384607;0,4562188678631838;0,29966415089738785
22,416666666666668;679,6523345058105;631,3298150059567;1222,8788516961856;6217,692079867217;606,4978163097312;1847,5200078767075;7673,732087096113;291,1681056835073;9735,051100395116;17227,668201710738;0,4544052408566451;0,29830393064248384
22,5;679,6614830627658;631,9245172790132;1208,062987496345;6148,3260778826725;607,24604529122;1828,8629549019815;7605,503502692228;292,09346970860565;9712,10572055758;17212,608029159124;0,4526094913010721;0,2969571184758041
22,583333333333332;679,6703908823004;632,5119745207094;1193,4241445938142;6079,647547866081;607,9868876645212;1810,385944288646;7537,753189923901;293,01698836686035;9689,200333854003;17197,481037854086;0,45083146960514914;0,29562360220386186
22,666666666666668;679,679064299239;633,0922691255732;1178,9604090397745;6011,652500226393;608,7204055644161;1792,087580444479;7470,481095298485;293,9386632700915;9666,335062886;17182,28794608288;0,44907102664540144;0,2943032699840511
22,75;679,6875094817104;633,6654828145123;1164,669879341645;5944,336876054473;609,4466609223308;1773,9664683705741;7403,6870711778165;294,858496039656;9643,510025728687;17167,029459125155;0,447328013786406;0,29299601033980455
22,833333333333332;679,6957324355335;634,231696631023;1150,5506666799533;5877,696550685053;610,1657154581701;1756,0212139844907;7337,370878091547;295,7764883061395;9620,72533605136;17151,70626961112;0,4456022829003917;0,29170171217529384
22,916666666666668;679,7037390084886;634,7909909377711;1136,600895112761;5811,727337173613;610,8776306724025;1738,250424434085;7271,532187024268;296,6926417090624;9597,98110323485;17136,319057870158;0,44389368638623405;0,2904202647896756
23,0;679,711534894476;635,3434454135307;1122,8187017679375;5746,424989688557;611,5824678383933;1720,6527084021532;7206,170581676014;297,60695789659854;9575,277432485655;17120,868492270132;0,44220207718785604;0,28915155789089203
23,083333333333332;679,7191256375656;635,8891390504747;1109,2022370236323;5681,785206819788;612,2802879949828;1703,2266764020676;7141,285560695854;298,51943852530735;9552,614424946936;17105,35522954757;0,4405273088120412;0,28789548160903095
23,166666666666668;679,726516635939;636,4281501518028;1095,7496646772738;5617,803634804409;612,9711519393051;1685,9709410645705;7076,876539888317;299,4300852598775;9529,992177806456;17089,77991512907;0,43886923534566785;0,28665192650925087
23,25;679,7337131457288;636,9605563297016;1082,4591621034047;5554,4758706704515;613,6551202198448;1668,8841174158483;7012,94285439224;300,33889977288305;9507,410784401538;17074,14318344397;0,4372277114723725;0,2854207836042794
23,333333333333332;679,7407202847559;637,4864345036233;1069,3289204006787;5491,797465299631;614,3322531297282;1651,9648231470997;6949,483760831949;301,24588374455067;9484,870334321142;17058,44565822869;0,4356025924886523;0,2842019443664892
23,416666666666668;679,7475430361706;638,0058608988759;1056,3571445283146;5429,763926409926;615,0026107002453;1635,2116788756916;6886,49843944043;302,151038862538;9462,37091350513;17042,687952822816;0,4339937343194112;0,2829953007395584
23,5;679,7541862519943;638,5189110455137;1043,5420534323669;5368,3707214594;615,6662526945986;1618,6233083981306;6823,985996154431;303,0543668217226;9439,912604340814;17026,870670457345;0,43240099353296335;0,28180074514972253
23,583333333333332;679,7606546565718;639,0256597775208;1030,8818801620134;5307,6132804715535;616,323238601876;1602,1983389348918;6761,945464680952;303,95586932400164;9417,495485756792;17010,994404534886;0,4308242273554975;0,28061817051662313
23,666666666666668;679,7669528499299;639,5261812322757;1018,3748719762747;5247,486998784035;616,9736276312442;1585,9354013673938;6700,375808535481;304,8555480781007;9395,119633314252;16995,059738902546;0,4292632936850139;0,27944747026376043
23,75;679,7730853110494;640,0205488502912;1006,0192904413555;5187,987239721206;617,617478706358;1569,8331304671428;6639,275923051349;305,75340479939285;9372,78511929573;16979,067248117222;0,4277180511047407;0,27828853832855555
23,833333333333332;679,7790564010498;640,5088353752175;993,8134115189541;5129,1093371919305;618,2548504599843;1553,8901651172837;6578,644637360375;306,6494412097266;9350,492012791414;16963,017497703833;0,4261883588960378;0,27714126917202836
23,916666666666668;679,7848703662914;640,991112854102;981,7555256458093;5070,848598213612;618,8858012288334;1538,1051485266398;6518,480716344516;307,5436590372627;9328,240379783081;16946,911044406443;0,42467407705079974;0,2760055577880998
24,0;679,7905313413944;641,4674526378965;969,8439378047368;5013,200305363606;619,5103890485992;1522,4767284364502;6458,782862558661;308,43606001631974;9306,030283225718;16930,748436432594;0,4231750662833618;0,2748812997125214
24,083333333333332;679,7960433521796;641,9379253822026;958,0769675874478;4956,159719159073;620,1286716491999;1507,0035573198793;6399,549718124145;309,3266458872275;9283,861783126866;16914,53021369093;0,4216911880419203;0,27376839103144024
24,166666666666668;679,8014103185315;642,4026010482486;946,452949249425;4899,722080366645;620,7407064502185;1491,6842925744932;6340,779866593325;310,2154183961891;9261,734936623801;16898,256908022395;0,4202223045194757;0,27266672838960676
24,25;679,8066360571855;642,8615489040878;934,9702317570717;4843,882612242687;621,3465505565393;1476,5175967078249;6282,471834784916;311,1023792951496;9239,64979805856;16881,929043425036;0,41876827866430555;0,2715762089982292
24,333333333333332;679,8117242844428;643,3148375260122;923,6271788274422;4788,636522705741;621,9462607541761;1461,5021375161546;6224,624094590153;311,98753034167316;9217,606419050899;16865,547136272697;0,4173289741899773;0,270496730642483
24,416666666666668;679,8166786188127;643,7625348001712;912,4221689607651;4733,979006442003;622,5398935062886;1446,6365882566663;6167,235064749819;312,87087329882627;9195,60484856924;16849,11169552766;0,41590425558490723;0,26942819168868043
24,5;679,8215025835862;644,2047079243911;901,353595466037;4679,905246945248;623,1275049493846;1431,9196278131017;6110,303112602124;313,75240993506833;9173,645132999662;16832,623222947495;0,4144939881214769;0,26837049109110767
24,583333333333332;679,8261996093415;644,6414234101837;890,419866479877;4626,410418492184;623,7091508897032;1417,3499408550383;6053,826555801447;314,63214202414866;9151,727316212946;16816,08221328615;0,4130980378647123;0,26732352839853424
24,666666666666668;679,8307730363838;645,0727470849409;879,6194049789449;4573,4896880546075;624,2848867997767;1402,9262179909579;5997,803664008034;315,51007134500964;9129,851439629821;16799,489154489544;0,41171627168053593;0,26628720376040194
24,75;679,8352261171207;645,498744094304;868,9506487860712;4521,138217149387;624,8547678151667;1388,6471559151773;5942,232660548668;316,3861996816961;9108,017542284353;16782,84452788566;0,41034855724359987;0,2652614179326999
24,833333333333332;679,8395620183747;645,9194789047033;858,4120505704163;4469,351163627706;625,4188487313719;1374,5114575488487;5887,111724048511;317,2605288232703;9086,225660885615;16766,148808369515;0,40899476304470744;0,2642460722835306
24,916666666666668;679,8437838236365;646,3350153060602;848,0020778417867;4418,123683404436;625,9771840009033;1360,5178321750714;5832,438990033954;318,1330605637325;9064,47582987761;16749,402464582832;0,407654758397832;0,263241068798374
25,0;679,8478945352565;646,7454164146452;837,7192129394075;4367,450932129186;626,5298277305244;1346,6649955683295;5778,212552506943;319,00379670194695;9042,7680814976;16732,605959088847;0,4063284134467414;0,26224631008505606
25,083333333333332;679,8518970765805;647,1507446760844;827,5619530152824;4317,32806679989;627,0768336786521;1332,9516701183024;5724,430465490595;319,87273904157297;9021,10244583274;16715,759748542176;0,40501559917123503;0,2612616993784263
25,166666666666668;679,8557942940289;647,5510618685089;817,5288100124021;4267,750247320337;627,6182552529153;1319,3765849482106;5671,090744546309;320,7398893910009;8999,478950875187;16698,86428385389;0,4037161873930032;0,2602871405447524
25,25;679,8595889591204;647,9464291058406;807,618310638;4218,712638002826;628,1541455078686;1305,938476027839;5618,191368262728;321,60524956329255;8977,897622575701;16681,92001035212;0,40243005078111527;0,25932253808583644
25,333333333333332;679,8632837704438;648,3369068412078;797,8289963319952;4170,210409016884;628,6845571428559;1292,6360862812942;5565,730279716333;322,4688213761267;8956,358484895696;16664,927367937984;0,4011570628571459;0,25836779714285946
25,416666666666668;679,8668813555757;648,7225548704845;788,1594232308998;4122,238737785591;629,209542500023;1279,4681656896983;5513,705387904286;323,33060665174816;8934,861559857927;16647,88679123728;0,3998970979999449;0,25742282349995865
25,5;679,870384272951;649,1034323359484;778,6081621272814;4074,7928103302684;629,7291535624743;1266,4334713888195;5462,1145691491265;324,1906072169216;8913,40686759569;16630,79870974774;0,3986500314500617;0,25648752358754634
25,583333333333332;679,8737950136804;649,4795977300505;769,1737984250665;4027,8678225651074;630,2434419525707;1253,5307677619187;5410,955668476243;325,04882490288884;8891,994426400735;16613,663547982338;0,39741573931383023;0,2555618044853727
25,666666666666668;679,8771160033232;649,8511088992921;759,8549320907466;3981,4589815423947;630,7524589303663;1240,7588265277411;5360,226500963543;325,90526154533023;8870,624252769789;16596,481725608315;0,3961940985671209;0,2546455739253407
25,75;679,8803496036122;650,2180230482021;750,6501776007781;3935,561506650009;631,2562553921788;1228,1164268239222;5309,924853064174;326,7599189843295;8849,296361449824;16579,253657582438;0,3949849870587709;0,25373874029407817
25,833333333333332;679,8834981141327;650,5803967434115;741,558163885253;3890,1706307619115;631,7548818692934;1215,6023552858358;5260,048483902172;327,6127990643418;8828,010765482068;16561,979754282358;0,3937882835136958;0,2528412126352719
25,916666666666668;679,8865637739583;650,9382859178168;732,5775342680316;3845,281601342768;632,2483885267944;1203,2154061209837;5210,59512654124;328,4639036341656;8806,767476244773;16544,660421634147;0,3926038675356933;0,25195290065177
26,0;679,8895487632428;651,2917458748306;723,7069464035386;3800,8896815081453;632,7368251625227;1190,9543811790968;5161,562489227065;329,31323454691693;8785,566503494818;16527,296061236306;0,39143161960994555;0,2510737147074592
26,083333333333332;679,8924552047711;651,6408312927122;714,9450722103069;3756,9901510409477;633,2202412061557;1178,8180900180037;5112,948256603405;330,1607936600073;8764,407855408148;16509,887070480152;0,3902714211052263;0,2502035658289197
26,166666666666668;679,8952851654685;651,9855962289743;706,2905978014726;3713,578307365435;633,6986857184079;1166,8053499653838;5064,75009090197;331,0065828351238;8743,291538619094;16492,43384266677;0,38912315427582106;0,2493423657068658
26,25;679,8980406578708;652,3260941248604;697,7422234123566;3670,6494664798342;634,1722073903463;1154,9149861765159;5016,96563310665;331,8506039382126;8722,217558258617;16474,936767120602;0,3879867022631688;0,2484900266973766
26,333333333333332;679,9007236415554;652,6623778098902;689,2986633252576;3628,1989638485143;634,6408545428213;1143,1458316881105;4969,592504092122;332,6928588394642;8701,185917991454;16457,39622929973;0,3868619490972288;0,2476464618229216
26,416666666666668;679,9033360245348;652,994499506466;680,9586457916282;3586,222155254901;635,1046751260075;1131,496727468351;4922,628305737263;333,53334941330155;8680,19662005228;16439,812610903027;0,38574877969758203;0,24681158477318654
26,5;679,9058796646137;653,322510834538;672,7209129517206;3544,714417615936;635,5637167190522;1119,9665224631844;4876,07062201348;334,37207753837066;8659,249665280831;16422,1862899741;0,3846470798742747;0,24598530990570605
26,583333333333332;679,9083563707101;653,6464628163234;664,5842207518939;3503,671149759381;636,0180265298297;1108,5540736390385;4829,917020048397;335,20904509753274;8638,345053156077;16404,51764100229;0,3835567363284086;0,24516755224630649
26,666666666666668;679,9107679041414;653,9664058810752;656,5473388596672;3463,087773164756;636,4676513947977;1097,2582460220083;4784,165051165169;336,0442539778589;8617,482781829432;16386,80703502073;0,38247763665248546;0,24435822748936412
26,75;679,9131159798776;654,2823898698977;648,6090505766555;3422,959732668896;636,9126377789523;1086,0779127335918;4738,812251897478;336,87770607062663;8596,662848157062;16369,054839701435;0,3814096693305144;0,2435572519978858
26,833333333333332;679,9154022677602;654,5944640406033;640,7681527494987;3383,282497137168;637,3530317758815;1075,0119550231318;4693,856144980899;337,709403271318;8575,885247731274;16351,261419447721;0,38035272373788437;0,2427645428034133
26,916666666666668;679,9176283936906;654,902677072609;633,0234556789236;3344,0515601012526;637,7888791079112;1064,0592622969677;4649,294240320498;338,5393474796197;8555,149974911055;16333,427135483802;0,3793066901410132;0,24198001760575993
27,0;679,9197959407852;655,2070770718673;625,373783027041;3305,262440364511;638,2202251263435;1053,2187321444867;4605,1240359354115;339,3675405994247;8534,457022851773;16315,552345941827;0,37827145969677556;0,2412035947725817
27,083333333333332;679,9219064505022;655,5077115758287;617,8179717229483;3266,9106825755675;638,6471148117838;1042,4892703610426;4561,343018880211;340,19398453883514;8513,806383534013;16297,637405946238;0,3772469244517188;0,24043519333878915
27,166666666666668;679,9239614237376;655,8046275584333;610,3548718668378;3228,991857771504;639,0695927745538;1031,86979096796;4517,948666143902;341,01868121016713;8493,198047791677;16279,682667695704;0,3762329773410708;0,2396747330058031
27,25;679,9259623218923;656,0978714351266;602,9833466326096;3191,50156389104;639,4877032551886;1021,3592162295953;4474,938445526382;341,8416325299563;8472,632005339263;16261,688480542609;0,37522951218754724;0,23892213414066044
27,333333333333332;679,9279105679112;656,3874890678984;595,7022721691402;3154,435426258833;639,9014901250149;1010,9564766675902;4432,309816492927;342,6628404189652;8452,108244798399;16243,655191070053;0,37423642369996424;0,2381773177749732
27,416666666666668;679,9298075472963;656,6735257703396;588,5105375003207;3117,789098041802;640,3109968868076;1000,6605110724081;4390,060231007008;343,482306802191;8431,62675372365;16225,583143166668;0,3732536074716617;0,23744020560374626
27,5;679,9316546090902;656,9560263127162;581,4070444239178;3081,5582606781472;640,7162666755237;990,4702665122159;4348,187134341737;344,30003360887525;8411,187518627632;16207,47267809915;0,3722809599787431;0,23671071998405735
27,583333333333332;679,9334530668372;657,2350349270562;574,39070740935;3045,7386242798743;641,1173422591088;980,3846983391622;4306,687965870047;345,11602277251393;8390,790525005374;16189,324134582494;0,3713183785781389;0,23598878393360417
27,666666666666668;679,9352041995162;657,5105953122471;567,4604534945246;3010,325928009932;641,5142660393766;970,4027701932091;4265,560159834386;345,9302762308684;8370,43575735808;16171,137848848242;0,37036576150549616;0,23527432112912214
27,75;679,936909252451;657,7827506391421;560,6152221817268;2975,3159404342996;641,9070800529569;960,52345400349;4224,801146095695;346,7427959259776;8350,123199216196;16152,914154710572;0,3694230078729035;0,23456725590467764
27,833333333333332;679,9385694381955;658,0515435556712;553,8539653327206;2940,704459850121;642,2958259723106;950,7457299873522;4184,4083508624;347,5535838041705;8329,852833161834;16134,65338363032;0,3684900176664546;0,23386751324984095
27,916666666666668;679,9401859373962;658,3170161919558;547,1756470631078;2906,4873145905926;642,6805451068101;941,0685866471226;4144,379197399599;348,36264181607976;8309,624640850625;16116,355864777177;0,36756669174365575;0,23317501880774183
28,0;679,9417598996317;658,5792101654245;540,5792436360116;2872,6603633071936;643,0612784038817;931,4910207646534;4104,711106718674;349,1699719166554;8289,438603032911;16098,021925089794;0,36665293183068387;0,2324896988730129
28,083333333333332;679,9432924442306;658,8381665859271;534,0637433551819;2839,2194952301434;643,438066450209;922,0120373937505;4065,401498247767;349,9755760651796;8269,294699574408;16079,651889334156;0,36574864051949835;0,23181148038962376
28,166666666666668;679,9447846610667;659,0939260608455;527,6281464575874;2806,1606304077695;643,8109494729946;912,6306498505386;4026,447790483437;350,77945622528154;8249,192909476275;16061,246080160097;0,36485372126481297;0,23114029094860972
28,25;679,9462376113349;659,346528700199;521,271465005529;2773,4797199253494;644,1799673412775;903,3458797018028;3987,8474016236614;351,5816143649528;8229,13321089463;16042,804818156;0,3639680783809341;0,23047605878570057
28,333333333333332;679,9476523283056;659,5960141217415;514,9927227783991;2741,172746104286;644,5451595673055;894,1567567514369;3949,5977501827547;352,3820524565635;8209,115581159553;16024,328421901871;0,3630916170384667;0,22981871277885008
28,416666666666668;679,9490298180593;659,8424214560507;508,7909551641019;2709,2357226821728;644,90656530796;885,0623190250019;3911,6962555883038;353,1807724768778;8189,139996793553;16005,81720802067;0,3622242432608959;0,22916818244567194
28,5;679,9503710602024;660,0857893516045;502,66520905021537;2677,6646949744004;645,2642233662301;876,0616127524827;3874,1403387604764;353,9777764070708;8169,206433529538;15987,271491228055;0,36136586392104775;0,2285243979407858
28,583333333333332;679,9516770085636;660,3261559798455;496,61454271494847;2646,455740017929;645,6181721927362;867,1536923493079;3836,9274226741245;354,7730662327449;8149,314866328291;15968,691584380504;0,3605163867374331;0,22788729005307481
28,666666666666668;679,9529485918722;660,5635590402305;490,6380257179535;2615,6049666979407;645,9684498872995;858,3376203956846;3800,05493290387;355,56664394394653;8129,465269395468;15950,077798521936;0,3596757202704812;0,22725679020286094
28,75;679,9541867144189;660,7980357652643;484,73473879104176;2585,108515857796;646,3150942005565;849,6124676143182;3763,520298152558;356,35851153518286;8109,657616198142;15931,430442928802;0,35884377391866445;0,22663283043899835
28,833333333333332;679,9553922566988;661,0296229255149;478,9037737288652;2554,962560393096;646,6581425356162;840,9773128465616;3727,320950763346;357,14867100543887;8089,891879480902;15912,749825153784;0,3580204579145211;0,22601534343589083
28,916666666666668;679,9565660760368;661,2583568346101;473,14423327959787;2525,163305330213;646,9976319497586;832,4312430270652;3691,4543272157575;357,9371243581941;8070,168031281499;15894,03625106797;0,35720568332057945;0,2254042624904346
29,0;679,9577090071986;661,4842733542138;467,455231035666;2495,7069878899097;647,333599156172;823,9733531569556;3655,917868605954;358,7238736014396;8050,486042946066;15875,290024901688;0,3563993620251872;0,2247995215188904
29,083333333333332;679,9588218629832;661,7074078989796;461,83589132461975;2466,5898775368887;647,6660805257292;815,602746275664;3620,7090211117334;359,5089207476947;8030,845885143974;15856,511449284135;0,35560140673824997;0,22420105505368748
29,166666666666668;679,9599054348018;661,9277954414821;456,2853491000908;2437,808276015156;647,9951120887982;807,3185334313507;3585,825236442154;360,2922678140236;8011,247527882213;15837,700825281447;0,35481173098688423;0,22360879824016316
29,25;679,96096049324;662,1454705171234;450,80274983299375;2409,3585173704564;648,3207295370888;799,1198336500901;3551,263972272536;361,07391682205224;7991,690940519456;15818,858452433753;0,3540302491109868;0,2230226868332401
29,333333333333332;679,961987788606;662,3604672290143;445,3872494029156;2381,2369679596277;648,6429682255307;791,0057739037796;3517,022692664781;361,85386979798426;7972,176091779695;15799,984628790782;0,3532568762587263;0,22244265719404477
29,416666666666668;679,9629880514643;662,5728192528287;440,03801398979476;2353,440026447935;648,9618631741837;782,975489076884;3483,0988684735594;362,6321287726175;7952,702949765545;15781,079650946462;0,35249152838195913;0,22186864628646935
29,5;679,963961993155;662,7825598416309;434,75421996589034;2325,9641237943697;649,2774490701776;775,0281219320158;3449,4899777384335;363,4086957813596;7933,271481971171;15762,143814072178;0,35173412223157385;0,22130059167368038
29,583333333333332;679,9649103062999;662,989721830674;429,53505378810064;2298,8057232257506;649,5897602696799;767,1628230744346;3416,1935060623946;364,183572864244;7913,881655294884;15743,17741194904;0,35098457535276817;0,22073843151457617
29,666666666666668;679,9658336652951;663,1943376421684;424,37971189064854;2271,9613201998777;649,8988307998909;759,3787509154993;3383,206946977004;364,95676206594504;7894,533436051397;15724,180736998966;0,3502428060802618;0,22018210456019638
29,75;679,9667327267902;663,3964392900216;419,28740057816754;2245,4274423582256;650,2046943610638;751,6750716351055;3350,527802294426;365,728265435793;7875,226789983752;15705,154080314702;0,34950873353344675;0,21963155015008506
29,833333333333332;679,9676081301558;663,5960583845446;414,25733591921414;2219,200649468533;650,5073843285492;744,0509591431578;3318,1535824465354;366,49808502778865;7855,961682274929;15686,097731688807;0,348782277611482;0,2190867082086115
29,916666666666668;679,9684604979377;663,7932261371282;409,2887436402805;2193,277533358048;650,8069337548615;736,5055950401654;3286,081806811752;367,2662229006177;7836,738077559178;15667,011979641686;0,34806335898833246;0,21854751924124938
30,0;679,9692904363003;663,9879733648859;404,38085902023886;2167,6547178371384;651,1033753717678;729,0381685769063;3254,3100040292497;368,0326811176646;7817,5559399329995;15647,897111448492;0,3473518991077572;0,21801392433081795
30,083333333333332;679,9700985354568;664,1803304952635;399,5329267853606;2142,3288586145463;651,3967415923963;721,6478766133122;3222,835712301516;368,79746174702575;7798,415232965893;15628,75341316525;0,3466478201782488;0,21748586513368662
30,166666666666668;679,9708853700895;664,370327570615;394,744201004832;2117,2966432038365;651,6870645133631;714,3339235765126;3191,656479684845;369,5605668615226;7779,315919710777;15609,581169653908;0,3459510451679285;0,2169632838759464
30,25;679,9716514997584;664,5579942527438;390,0139449868618;2092,5547908219783;651,9743759169176;707,0955214181595;3160,7698643686103;370,32199853871424;7760,257962714172;15590,38066460653;0,34526149779939785;0,2164461233495484
30,333333333333332;679,9723974692993;664,7433598274088;385,3414311753653;2068,100052280188;652,2587072731033;699,9318895710218;3130,1734349432136;371,0817588609091;7741,241324026105;15571,152180568684;0,34457910254455215;0,21593432690841413
30,416666666666668;679,9731238092106;664,926453208795;380,7259410472625;2043,9292098674262;652,5400897419348;692,8422549049003;3099,8647706570778;371,8398499151766;7722,2659652097545;15551,895998961852;0,34390378461935645;0,21542783846451732
30,5;679,9738310360315;665,1073029439483;376,16676501039024;2020,0390772267772;652,8185541755886;685,825851681895;3069,8414616629557;372,5962737933582;7703,33184735085;15532,612400105092;0,34323546997858734;0,21492660248394055
30,583333333333332;679,9745196527085;665,2859372171732;371,6632023020793;1996,426499225274;653,0941311206064;678,881921511072;3040,1011092537606;373,35103259207733;7684,438931066832;15513,301663235872;0,3425740853105445;0,21443056398290838
30,666666666666668;679,9751901489537;665,4623838543943;367,2145608883824;1973,0883518172916;653,3668508201116;672,0097133025519;3010,6413260882205;374,1041284127498;7665,58717651578;15493,964066530132;0,34191955803173213;0,2139396685237991
30,75;679,9758430015926;665,6366703274796;362,82015736398705;1950,021541901866;653,636743216035;665,2084832210534;2981,4597364065467;374,8555633615925;7646,776543405099;15474,59988712158;0,3412718162815159;0,21345386221113694
30,833333333333332;679,9764786749035;665,8088237585276;358,47931685282504;1927,2230071742451;653,9038379513524;658,4774946389388;2952,5539762363674;375,60533954963233;7628,006991000002;15455,209401120212;0,34063078891675413;0,21297309168756562
30,916666666666668;679,9770976209477;665,9788709241153;354,1913729093977;1904,6897159720756;654,1681643723299;651,8160180887776;2923,9216935892364;376,3534590927143;7609,2784781317805;15435,792883630234;0,3399964055064082;0,2124973041298062
31,0;679,9777002798905;666,1468382595084;349,9556674208094;1882,4186671162051;654,4297515307771;645,2233312154448;2895,5605486477143;377,0999241115086;7590,590963205836;15416,35060876712;0,33936859632613486;0,21202644724460115
31,083333333333332;679,9782870803149;666,3127518628334;345,77155050955355;1860,4068897467223;654,6886281863085;638,6987187278351;2867,468213943621;377,8447367315178;7571,944404209549;15396,882849674126;0,3387472923528596;0,2115604692646447
31,166666666666668;679,9788584395258;666,4766374992106;341,63838043703834;1838,6514431542785;654,9448228086096;632,2414723501595;2839,6423745273323;378,58789908308273;7553,338758719927;15377,38987853809;0,3381324252593369;0,21109931894450268
31,25;679,9794147638471;666,6385206048491;337,55552350787923;1817,1494166070138;655,1983635797094;625,8508907729038;2812,0807281285806;379,329413301388;7534,773983911075;15357,871966604622;0,3375239274086974;0,21064294555652308
31,333333333333332;679,9799564489108;666,7984262911018;333,52235397495065;1795,8979291733544;655,449278396257;619,5262796034427;2784,78098530884;380,069281526467;7516,250036561478;15338,329384192655;0,3369217318489832;0,2101912988867374
31,416666666666668;679,9804838799381;666,9563793484822;329,5382539452248;1774,8941295408288;655,6975948718015;613,266951316345;2757,740869605545;380,8075059032059;7497,766873061094;15318,762400708396;0,33632577230767646;0,20974432923075736
31,5;679,980997432013;667,1124042506414;325,60261328639797;1754,135195831321;655,9433403390752;607,0722252034159;2730,9581176684546;381,5440885813471;7479,324449418305;15299,17128465876;0,33573598318621944;0,20930198738966457
31,583333333333332;679,98149747035;667,2665251583063;321,71482953429233;1733,618335412642;656,1865418522788;600,9414273234455;2704,4304793880715;382,27903171549235;7460,922721266648;15279,556303664065;0,33515229955453096;0,2088642246658982
31,666666666666668;679,9819843505528;667,4187659231785;317,87430780109105;1713,3407847071414;656,4272261893669;594,8738904517796;2678,1557180168134;383,0123374651045;7442,56164387144;15259,91772447043;0,33457465714551937;0,20843099285913952
31,75;679,9824584188679;667,5691500917931;314,0804606843574;1693,2998089970324;656,6654198543362;588,8689540296468;2652,1316102826427;383,7440079945092;7424,241172136208;15240,255812961435;0,3340029923495932;0,2080022442621949
31,833333333333332;679,9829200124306;667,7177009093388;310,3327081768697;1673,4927022270347;656,9011490795109;582,9259641132921;2626,355946495572;384,47404547289557;7405,961260608966;15220,570834169355;0,3334372422091738;0,20757793165688038
31,916666666666668;679,9833694595045;667,8644413234385;306,63047757729487;1653,9167868043207;657,1344398278295;577,0442733229913;2600,826530647352;385,2024520743161;7387,721863488375;15200,863052285898;0,33287734441320915;0,20715800830990688
32,0;679,9838070797155;668,0093939878908;302,973203401649;1634,5694133959446;657,3653177951289;571,2232407918748;2575,541180504235;385,9292299776863;7369,52293462971;15181,132730672418;0,33232323729169055;0,2067424279687679
32,083333333333336;679,9842331842785;668,152581266371;299,36032729561646;1615,447960724119;657,5938084124266;565,4622321146633;2550,4977276932937;386,65438136678296;7351,364427550729;15161,380131869686;0,3317748598101762;0,20633114485763213
32,166666666666664;679,9846480762193;668,2940252360944;295,7912979476873;1596,5498353593205;657,8199368482003;559,7606192962985;2525,6940177823317;387,37790843024226;7333,24629543739;15141,605517607233;0,33123215156431923;0,20592411367323943
32,25;679,9850520505896;668,4337476914392;292,2655710031222;1577,8724715114536;658,0437280106643;554,1177807004743;2501,1279103534903;388,099813361557;7315,168491149426;15121,809148812183;0,33069505277440575;0,20552128958080432
32,333333333333336;679,9854453946771;668,5717701475307;288,7826089787609;1559,4133308192927;658,2652065500415;548,5331009981337;2476,7972790709564;388,8200983590729;7297,130967225816;15101,991285617712;0,3301635042799004;0,20512262820992527
32,416666666666664;679,9858283882096;668,7081138437869;285,34188117865824;1541,1699021382692;658,4843968608317;543,005971115889;2452,700011742669;389,53876562598475;7279,133675890104;15082,152187371079;0,3296374475340039;0,204728085650503
32,5;679,9862013035543;668,8427997474242;281,942863610567;1523,139701326823;658,7013230840738;537,5357881844479;2428,8340103764526;390,25581737033093;7261,176569055621;15062,292112641242;0,3291168245982229;0,20433761844866716
32,583333333333336;679,9865644059112;668,9758485569255;278,5850389032504;1505,3202710314401;658,9160091096035;532,1219554870112;2405,197191230543;390,97125580498823;7243,259598330583;15042,411319226128;0,3286015781369517;0,20395118360271375
32,666666666666664;679,9869179535017;669,1072807054685;275,2678962246421;1487,7091804705105;659,1284785783045;526,7638824076926;2381,787484858846;391,6850831476652;7225,382715023074;15022,51006415947;0,3280916514120693;0,203568738559052
32,75;679,9872621977522;669,2371163643168;271,9909312008298;1470,3040252170986;659,3387548843531;521,4609843799309;2358,602836150775;392,39730162089506;7207,545870145913;15002,588603717326;0,3275869882775526;0,20319024120816445
32,833333333333336;679,9875973834733;669,3653754461711;268,75364583588635;1453,102426980842;659,5468611774563;516,2126828349784;2335,6412043662845;393,1079134520282;7189,749014421429;14982,647193424185;0,3270875331741048;0,20281564988057862
32,916666666666664;679,9879237490331;669,4920776084842;265,5555484325532;1436,1020333891524;659,7528203650821;511,0184051504234;2312,9005631658792;393,81692087322324;7171,992098286127;14962,68608805884;0,3265932311238029;0,20244492334285216
33,0;679,988241526528;669,6172422567363;262,39615351372265;1419,3005177675464;659,9566551146819;505,87758459877534;2290,378900635834;394,52432612143815;7154,2750718952475;14942,705541659805;0,32610402772476343;0,2020780207935726
33,083333333333336;679,9885509419462;669,7408885476733;259,2749817447924;1402,6955789196327;660,1583878559048;500,7896602961523;2268,0742193089363;395,23013143842;7136,597885127246;14922,705807530536;0,3256198691458284;0,2017149018593713
33,166666666666664;679,9888522153294;669,8630353925081;256,191559856822;1386,284940906499;660,3580407828036;495,7540771510338;2245,9845361806283;395,9343390706947;7118,960487588154;14902,687138244204;0,3251407021212712;0,20135552659095346
33,25;679,9891455609294;669,9837014600837;253,14542057053302;1370,066352825818;660,5556358560312;490,77028581314437;2224,107882720893;396,6369512695553;7101,362828615867;14882,649785648286;0,324666473945525;0,20099985545914376
33,333333333333336;679,9894311873597;670,1029051799994;250,13610252114233;1354,0375885907772;660,7511948050279;485,83774262245356;2202,4423048819876;397,33797029105017;7083,804857284352;14862,594000868856;0,32419713246793297;0,20064784935094976
33,416666666666664;679,9897092977446;670,2206647457008;247,16315018400792;1338,196446708828;660,944739130199;480,9559095582955;2180,98586310206;398,0373983959701;7066,2865224077395;14842,520034314519;0,32373262608752246;0,20029946956564187
33,5;679,9899800898631;670,3369981175321;244,2261138010963;1322,5407500603196;661,1362901050821;476,12425418864177;2159,736632304874;398,73523784983513;7048,807772544363;14822,42813568014;0,3232729037478028;0,19995467781085213
33,583333333333336;679,9902437562899;670,4519230257531;241,32454930827691;1307,0683456773056;661,3258687785046;471,342249619525;2138,6927018957126;399,43149092288013;7031,3685560007;14802,318553950308;0,32281791493158885;0,19961343619869165
33,666666666666664;679,9905004845323;670,5654569735195;238,45801826342097;1291,7771045224106;661,5134959767297;466,60937444463286;2117,852175753709;400,1261598900403;7013,968820835245;14782,191537402532;0,3223676096558487;0,19927570724188653
33,75;679,9907504571632;670,6776172398276;235,62608777531864;1276,6649212679374;661,699192305592;461,9251126950644;2097,213172220489;400,8192470309354;6996,6085148623;14762,047333610206;0,32192193846657924;0,19894145384993445
33,833333333333336;679,9909938519519;670,7884208824227;232,82833043339224;1261,7297140752232;661,8829781526218;457,288953789282;2076,773824085502;401,5107546298538;6979,287585655696;14741,886189445324;0,3214808524337076;0,19861063932528072
33,916666666666664;679,991230841989;670,8978847406736;230,0643242382307;1246,969424374513;662,0648736891578;452,70039248325133;2056,532278567999;402,20068497573567;6962,005980552452;14721,708351081015;0,3210443031460212;0,19828322735951592
34,0;679,9914615958108;671,0060254384109;227,33365253288582;1232,3820166449964;662,2448988724478;448,15892882078003;2036,4866972957757;402,88904036215536;6944,763646656334;14701,514063993769;0,3206122427061252;0,1979591820295939
34,083333333333336;679,9916862775189;671,1128593867309;224,63590393499828;1217,9654781956383;662,4230734477379;443,6640680840753;2016,6352562809157;403,5758230873034;6927,560530841387;14681,303572965553;0,320184623725429;0,19763846779407174
34,166666666666664;679,991905046896;671,218402786765;221,97067226969978;1203,7178189464894;662,5994169503489;439,2153207445233;1996,9761458925216;404,26103545396757;6910,3965797553865;14661,077122085686;0,3197613993191627;0,197321049489372
34,25;679,992118059521;671,3226716324151;219,3375565032767;1189,6370712105186;662,7739487077407;434,8122024136785;1977,5075708265383;404,94467976951364;6893,271739823212;14640,834954752472;0,3193425231014223;0,19700689232606672
34,333333333333336;679,9923254668782;671,425681713055;216,7361606776467;1175,7212894763443;662,9466878415641;430,45423379450654;1958,2277500728842;405,62675834586526;6876,1859572501835;14620,577313674748;0,3189279491802462;0,19669596188518465
34,416666666666664;679,9925274164665;671,5274486161984;214,16609384558;1161,968550191573;663,1176532696992;426,1409406328539;1939,1349168798336;406,3072734994831;6859,139178025324;14600,304440873137;0,31851763215272194;0,19638822411454146
34,5;679,9927240519025;671,627987730133;211,6269700067022;1148,3769515470246;663,2868637082815;421,8718536691824;1920,2273187159617;406,9862275513437;6842,1313479245855;14580,016577681243;0,31811152710012425;0,1960836453250932
34,583333333333336;679,9929155130245;671,7273142465223;209,1184080442389;1134,9446132617015;663,4543376737143;417,64650859052495;1901,5032172293975;407,66362282691745;6825,1624125139715;14559,713964746536;0,31770958958308554;0,19578219218731419
34,666666666666664;679,9931019359904;671,8254431629747;206,6400316625561;1121,6696763689436;663,6200934846679;413,4644459827541;1882,9608882050145;408,33946165614606;6808,232317152677;14539,396842031238;0,317311775636797;0,19548383172759776
34,75;679,9932834533757;671,9223892855798;204,1914693253915;1108,5503030031368;663,7841492640654;409,3252112830612;1864,5986215190294;409,0137463734193;6791,341006996107;14519,06544881293;0,31691804176624305;0,19518853132468234
34,833333333333336;679,9934601942672;672,0181672314129;201,77235419489818;1095,5846761878693;663,9465229410547;405,22835473275904;1846,4147210916638;409,68647931755135;6774,488426998912;14498,720023685093;0,31652834494146875;0,19489625870610156
34,916666666666664;679,9936322843544;672,1127914310077;199,38232407135672;1082,7709996247038;664,1072322529672;401,17343133031227;1828,4075048374705;410,3576628317564;6757,674521917896;14478,360804557427;0,31614264259287883;0,19460698194465914
35,0;679,9937998460199;672,2062761307977;197,02102133366566;1070,1074974833296;664,2662947472616;397,1600007846803;1810,5753046137716;411,0272992636237;6740,899236314949;14457,988028656086;0,31576089260657225;0,1943206694549292
35,083333333333336;679,9939629984258;672,2986353955264;194,6880928805541;1057,5924141927876;664,423727783455;393,18762746895857;1792,916466167235;411,69539096509214;6724,162514559905;14437,601932523809;0,31538305331970806;0,19403728998978104
35,166666666666664;679,9941218575984;672,3898831106266;192,38319007248492;1045,2240142337102;664,5795485350387;389,2558803742702;1775,4293490783596;412,361940292424;6707,464300833341;14417,202752019864;0,31500908351590706;0,1937568126369303
35,25;679,9942765365108;672,480032984569;190,10596867429683;1033,0005819318676;664,7337739913809;385,3643330639926;1758,1123267043986;413,0269496061784;6690,804539129361;14396,790722319884;0,3146389424206859;0,19347920681551445
35,333333333333336;679,9944271451636;672,5690985511816;187,85608879854578;1020,9204212529595;664,8864209596139;381,5125636282488;1740,9637861204346;413,69042127118416;6674,1831732583105;14376,366077915629;0,31427258969692656;0,19320444227269493
35,416666666666664;679,9945737906627;672,6570931719378;185,6332148495511;1008,9818555985812;665,0375060665082;377,70015463874245;1723,9821280589304;414,35235765651197;6657,600146849487;14355,9290526146;0,3139099854403804;0,1929324890802853
35,5;679,9947165772952;672,7440300382164;183,437015468121;997,1832276034911;665,187045760331;373,9266931038628;1707,1657668476769;415,01276113544617;6641,055403353768;14335,47987953956;0,3135510901752056;0,1926633176314042
35,583333333333336;679,9948556066046;672,8299221735307;181,2671634769714;985,5228989341483;665,3350563126913;370,19177042410547;1690,513130346174;415,67163408545593;6624,548886046226;14315,018791127939;0,31319586484954076;0,1923968986371556
35,666666666666664;679,9949909774618;672,9147824357308;179,1233358268471;973,9992500887475;665,4815538203695;366,49498234783096;1674,0226598807888;416,328978888166;6608,080538028716;14294,546019131198;0,3128442708311131;0,19213320312333487
35,75;679,9951227861363;672,9986235191755;177,00521354327634;962,6106801983105;665,6265542071328;362,8359289273078;1657,6928101783624;416,9847979293266;6591,650302232397;14274,061794614017;0,31249626990288126;0,19187220242716094
35,833333333333336;679,9952511263645;673,0814579568766;174,91248167402205;951,3556068294145;665,7700732255362;359,21421447508806;1641,5220492986364;417,63909359878346;6575,258121420244;14253,566347953474;0,31215182425871313;0,19161386819403486
35,916666666666664;679,9953760894156;673,1632981226156;172,84482923719509;940,2324657882292;665,9121264587081;355,6294475207068;1625,5088585654746;418,29186829044676;6558,9039381895245;14233,059908838122;0,31181089649910043;0,19135817237432534
36,0;679,9954977641577;673,2441562330317;170,80194916999858;929,2397109258726;666,0527293221222;352,0812407676857;1609,6517324968079;418,9431244022598;6542,5876949742205;14212,54270626691;0,31147344962690665;0,19110508722018
36,083333333333336;679,9956162371201;673,3240443496838;168,78353827814863;918,3758139453638;666,1918970653534;348,56921105088645;1593,9491787336099;419,5928643361674;6526,309334047447;14192,014968548194;0,3111394470431519;0,19085458528236393
36,166666666666664;679,9957315925552;673,4029743810845;166,7892971859061;907,6392642098276;666,32964477382;345,0929792941679;1578,3997179677615;420,24109049808334;6510,068797523817;14171,476923298473;0,3108088525428321;0,19060663940712408
36,25;679,9958439124986;673,4809580847075;164,8189302867678;897,0285685523414;666,4659873705106;341,65217046838166;1563,001883868903;420,8878052978579;6493,866027361797;14150,928797441267;0,31048163031077464;0,19036122273308098
36,333333333333336;679,9959532768269;673,5580070689691;162,87214569477726;886,5422510871474;666,6009396176964;338,24641354970026;1547,7542230104655;421,5330111492444;6477,700965366017;14130,37081720577;0,31015774491752857;0,19011830868814641
36,416666666666664;679,9960597633147;673,6341327951832;160,94865519644372;876,1788530223195;666,7345161186287;334,8753414782607;1532,655294794636;422,1767104698659;6461,5735531895625;14109,803208125522;0,30983716131529115;0,18987787098646838
36,5;679,9961634476905;673,7093465794903;159,04817420328925;865,9369324740044;666,8667313192212;331,5385911171518;1517,703671376675;422,81890568118087;6445,483732336222;14089,226195036972;0,3095198448338691;0,1896398836254018
36,583333333333336;679,9962644036896;673,7836595947617;157,17042170500406;855,8150642821315;666,9975995097185;328,23580321173154;1502,8979375883519;423,4595992084488;6429,43144416274;14068,64000207811;0,3092057611766756;0,1894043208825067
36,666666666666664;679,9963627031073;673,8570828724777;155,3151202231959;845,8118398276381;667,1271348263484;324,9666223492767;1488,2366908606955;424,0987934806954;6413,416629881019;14048,044852686864;0,3088948764167638;0,18917115731257284
36,75;679,9964584158494;673,9296273045815;153,48199576573904;835,9258668512269;667,255351252961;321,7306969189707;1473,7185411460619;424,73649093067695;6397,439230560296;14027,440969599642;0,3085871569928937;0,18894036774467027
36,833333333333336;679,9965516099824;674,0013036453081;151,67077778169755;826,1557692735477;667,3822626226516;318,52767907220993;1459,3421108394953;425,37269399484495;6381,4991871293105;14006,828574849667;0,30828256970563606;0,18871192727922706
36,916666666666664;679,9966423517816;674,0721225129897;149,88119911685658;816,5001870171225;667,5078826193707;315,3572246832681;1445,1060346996317;426,00740511330986;6365,596440378436;13986,207889765392;0,3079810817135104;0,1884858112851328
37,0;679,9967307057784;674,142094391836;148,11299596979666;806,9577758295563;667,6322247795168;312,21899331027316;1431,0089597688827;426,6406267298045;6349,730930961793;13965,579134968822;0,3076826605291596;0,18826199539686972
37,083333333333336;679,996816734806;674,2112296336916;146,36590784855912;797,5272071084911;667,7553024935173;309,11264815653965;1417,049545293307;427,2723612916474;6333,902599399347;13944,942530373806;0,30738727401555843;0,1880404555116688
37,166666666666664;679,9969005000441;674,2795384597694;144,63967752786004;788,2071677279597;667,8771290073927;306,0378560322164;1403,2264626418078;427,9026112497054;6318,111386078964;13924,298295184302;0,30709489038225757;0,18782116778669317
37,25;679,9969820610629;674,3470309623617;142,93405100686982;778,9963598664032;667,9977174243073;302,99428731628666;1389,5383952250738;428,531379058356;6302,357231258469;13903,646647892623;0,30680547818166237;0,18760410863624682
37,333333333333336;679,9970614758645;674,4137171065279;141,24877746752986;769,8935008361397;668,1170807061053;299,9816159188896;1375,98403841405;429,1586671754496;6286,640075067673;13882,987806277662;0,30651900630534723;0,18738925472901047
37,416666666666664;679,9971388009251;674,4796067317592;139,58360923341502;760,8973229143957;668,2352316748319;296,99951924397965;1362,5620994580227;429,7844780622711;6270,959857510373;13862,32198740305;0,3062354439804035;0,1871765829853026
37,5;679,9972140912347;674,5447095536224;137,93830172914738;752,0065731760022;668,3521830142403;294,04767815233015;1349,2712974024864;430,4088141835013;6255,31651846635;13841,649407615336;0,30595476076582334;0,18696607057436754
37,583333333333336;679,9972874003363;674,6090351653804;136,31261344030747;743,2200133274396;668,4679472712847;291,1257769248607;1336,1103630066827;431,031678007178;6239,709997693335;13820,97028254217;0,3056769265489166;0,18675769491168748
37,666666666666664;679,9973587803638;674,6725930395918;134,70630587389678;734,536419542571;668,5825368575986;288,2335032262887;1323,0780386607935;431,6530720046567;6224,140234828957;13800,28482709037;0,3054019115417633;0,18655143365632254
37,75;679,9974282820792;674,7353925296883;133,11914351930056;725,9545822998716;668,6959640509583;285,37054806913034;1310,1730783030805;432,27299865057086;6208,607169392679;13779,593255444093;0,30512968627770004;0,18634726470827506
37,833333333333336;679,9974959549093;674,797442871532;131,55089380977358;717,473306221229;668,8082409967335;282,53660577802293;1297,3942473367258;432,8914604227925;6193,110740787709;13758,895781062914;0,30486022160783954;0,1861451662058797
37,916666666666664;679,9975618469794;674,8587531849511;130,00132708443175;709,0914099122917;668,9193797093227;279,7313739543938;1284,7403225466085;433,50845980239154;6177,650888302919;13738,19261667996;0,3045934886976255;0,18594511652321916
38,0;679,9976260051491;674,9193324752548;128,47021655070705;700,8077258041977;669,0293920735751;276,95455344141635;1272,2100920157857;434,12399927359576;6162,227551114695;13717,483974299923;0,3043294590234198;0,18574709426756486
38,083333333333336;679,9976884750446;674,9791896347286;126,95733824735669;692,6210999971295;669,1382898461981;274,2058482893498;1259,8023550420935;434,7380813237498;6146,840668288833;13696,770065197225;0,3040681043691246;0,18555107827684347
38,166666666666664;679,9977493010916;675,0383334441092;125,46247100789856;684,5303921051145;669,2460846571513;271,484965721163;1247,5159220544997;435,3507084432743;6131,49017878237;13676,051099914042;0,30380939682283686;0,18535704761712768
38,25;679,9978085265468;675,0967725740388;123,98539642456115;676,5344751024829;669,3527880110263;268,79161609850826;1235,3496145295112;435,9618831256248;6116,176021445433;13655,327288258388;0,3035533087735369;0,18516498158015268
38,333333333333336;679,9978661935286;675,1545155865014;122,52589881269955;668,6322351718419;669,458411288413;266,12551288801285;1223,3022649075433;436,57160786725007;6100,89813502305;13634,598839302213;0,3032998129078088;0,18497485968085658
38,416666666666664;679,997922343047;675,2115709362383;121,08376517568047;660,822571553566;669,5629657472522;263,4863726278894;1211,372716509261;437,1798851675504;6085,656458156963;13613,865961379448;0,30304888220659476;0,1847866616549461
38,5;679,9979770150327;675,2679469721456;119,65878517021622;653,1043963966592;669,6664625241741;260,87391489487004;1199,5598234519364;437,7867175288359;6070,450929387414;13593,128862084082;0,30280048994198216;0,1846003674564866
38,583333333333336;679,9980302483663;675,3236519386521;118,25075107217629;645,476634611352;669,7689126358241;258,2878622714645;1187,8624505659338;438,39210745628384;6055,28148715492;13572,38774826826;0,30255460967402215;0,1844159572555166
38,666666666666664;679,9980820809045;675,3786939770793;116,85945774285358;637,938223723039;669,8703269801746;255,72794031355386;1176,279473311269;438,9960574578969;6040,1480698020605;13551,642826040395;0,302311215247581;0,18423341143568575
38,75;679,9981325495082;675,4330811269824;115,48470259563146;630,4881137276482;669,9707163378231;253,1938775182482;1164,8097776940813;439,59857004445996;6025,050615575191;13530,894300763188;0,3020702807892246;0,18405271059191844
38,833333333333336;679,9981816900686;675,4868213274743;114,1262855631453;623,1252669486364;670,0700913732783;250,6854052921284;1153,4522601834788;440,1996477294977;6009,989062626207;13510,142377051785;0,30183178070413214;0,1838738355280991
38,916666666666664;679,9982295375319;675,5399224185306;112,78400906485615;615,8486578954198;670,1684626362314;248,20225791975759;1142,2058276283506;440,79929302923154;5994,963349014271;13489,387258771905;0,30159568967304456;0,18369676725478343
39,0;679,9982761259249;675,5923921422777;111,45767797503083;608,6572731231267;670,2658405628156;245,74417253251113;1131,069397174365;441,3975084625362;5979,973412707508;13468,629149037914;0,3013619826492426;0,18352148698693196
39,083333333333336;679,9983214883795;675,6442381442632;110,14709959117965;601,5501110939741;670,3622354768517;243,31088907773335;1120,0418961811524;441,9942965508968;5965,019191584717;13447,868250210973;0,301130634855556;0,18334797614166704
39,166666666666664;679,998365657155;675,6954679747096;108,85208360290619;594,5261820401022;670,4576575910812;240,90215028819557;1109,1222621397274;442,5896598183649;5950,100623437066;13427,104763897238;0,30090162178140506;0,18317621633605383
39,25;679,9984086636623;675,7460890897506;107,57244206113512;587,5845078276058;670,552117008387;238,51770165184405;1098,309442589973;443,1836007915151;5935,217645969752;13406,338890945954;0,3006749191798712;0,18300618938490346
39,333333333333336;679,9984505384855;675,7961088526514;106,30798934779193;580,7241218222907;670,6456237230001;236,15729138188328;1087,6023950385115;443,7761219994011;5920,370196803679;13385,570831447685;0,3004505030647998;0,18283787729859985
39,416666666666664;679,9984913114042;675,8455345350117;105,05854214585213;573,9440687566515;670,7381876216949;233,820670387135;1077,00008687667;444,3672259735116;5905,55821347711;13364,80078473248;0,3002283497079322;0,18267126228094915
39,5;679,998531011414;675,8943733179531;103,82391940981393;567,2434045983989;670,8298184849716;231,50759224273258;1066,5014952988863;444,95691524772656;5890,7816334473155;13344,02894936814;0,30000843563606816;0,1825063267270511
39,583333333333336;679,9985696667478;675,9426322932903;102,60394233652335;560,6211964201893;670,9205259882253;229,21781316105978;1056,1056072210633;445,5451923582724;5876,040394092186;13323,255523158365;0,29979073762825914;0,1823430532211944
39,666666666666664;679,9986073048956;675,9903184646869;101,39843433643705;554,0765222710263;671,0103197029044;226,9510919630619;1045,8114191996408;446,13205984367806;5861,334432711885;13302,480703141124;0,2995752327130293;0,182181424534772
39,75;679,9986439526236;676,0374387487947;100,20722100521766;547,6084710487904;671,0992090976551;224,70719004977866;1035,6179373505345;446,7175202447303;5846,663686530438;13281,704685586847;0,29936189816562764;0,18202142362422075
39,833333333333336;679,9986796359941;676,0839999763787;99,03013009572419;541,2161423741845;671,1872035394548;222,48587137421225;1025,5241772686084;447,3015761044291;5832,028092697334;13260,92766599674;0,2991507115053085;0,18186303362898137
39,916666666666664;679,9987143803836;676,1300088934261;97,86699149038611;534,898646466209;671,2743122947327;220,28690241348272;1015,5291639474613;447,8842299679431;5817,427588289125;13240,149839101125;0,29894165049264154;0,18170623786948117
40,0;679,9987482105004;676,1754721622412;96,71763717393844;528,6551040188695;671,360544530479;218,11005214127306;1005,631931699525;448,4654843825645;5802,862110311013;13219,3713988578;0,2987346931268503;0,18155101984513772
40,083333333333336;679,998781150403;676,2203963625248;95,58190120647794;522,4846460790552;671,4459093153424;215,955092000533;995,8315240763632;449,04534189766446;5788,331595698396;13198,592538450344;0,2985298176431782;0,18139736323238365
40,166666666666664;679,9988132235169;676,2647879924392;94,45961969695702;516,3864139261538;671,5304156207146;213,82179587651535;986,1269937895539;449,62380506464797;5773,835981318464;13177,81345028661;0,2983270025102849;0,18124525188271368
40,25;679,9988444526507;676,3086534696596;93,35063077694201;510,35955895256575;671,6140723218045;211,70994007005675;976,5174026317766;450,20087643690874;5759,375203971723;13157,034325997061;0,29812622642766906;0,1810946698207518
40,333333333333336;679,9988748600133;676,35199913241;92,2547745747778;504,40324254577996;671,6968881987003;209,61930327115397;967,0018213982793;450,77655856978424;5744,949200393549;13136,255356433257;0,2979274683231192;0,1809456012423394
40,416666666666664;679,9989044672288;676,3948312404868;91,17189319008219;498,5166359717236;671,7788719374199;207,54966653282452;957,5793298087971;451,35085402051044;5730,557907255727;13115,476731666333;0,29773070735019214;0,18079803051264415
40,5;679,9989332953528;676,4371559762671;90,10183066855006;492,69892025924014;671,8600321309501;205,50081324522296;948,2490164297651;451,92376534817646;5716,20126116796;13094,698640985484;0,29753592288571973;0,18065194216428979
40,583333333333336;679,9989613648863;676,4789794457046;89,04443297714124;486,949286086119;671,9403772802747;203,47252911006706;939,0099785970771;452,4952951136794;5701,879198679409;13073,921272896543;0,29734309452734076;0,18050732089550559
40,666666666666664;679,998988695791;676,520307679311;87,99954797954399;481,26693366604974;672,0199157953912;201,4646021152913;929,8613223390108;453,065445879679;5687,591656280173;13053,144815120486;0,2971522020910612;0,18036415156829588
40,75;679,9990153075033;676,5611466331259;86,96702541199954;475,65107263713196;672,0986559963164;199,47682250999605;920,8021622997608;453,63422021055214;5673,3385704028005;13032,369454592039;0,29696322560884053;0,1802224192066304
40,833333333333336;679,9990412189486;676,6015021896715;85,94671685943638;470,10092195147547;672,1766061140814;197,50898277967224;911,8316216633608;454,2016206723477;5659,11987742378;13011,595377458336;0,29677614532620455;0,1800821089946534
40,916666666666664;679,9990664485535;676,6413801588963;84,93847573192852;464,61570976610363;672,253774291715;195,5608776216792;902,9488320779825;454,7676498327408;5644,935513665023;12990,822769077547;0,296590941699884;0,17994320627491303
41,0;679,9990910142602;676,6807862791052;83,94215724143237;459,1946733349373;672,3301685852169;193,63230392096398;894,1529335806073;455,33231026098764;5630,7854153953185;12970,051814017545;0,29640759539547934;0,17980569654660952
41,083333333333336;679,9991149335389;676,7197262178775;82,95761837887596;453,83705890220335;672,4057969645205;191,72306072608194;885,4430745222761;455,8956045278798;5616,6695188318145;12949,28269605464;0,29622608728515076;0,1796695654638631
41,166666666666664;679,9991382233995;676,7582055729722;81,9847178915353;448,54212159691866;672,4806673144438;189,83294922545895;876,8184114937216;456,457535205699;5602,587760141476;12928,515598172351;0,29604639844533476;0,17953479883400109
41,25;679,999160900405;676,7962298732217;81,02331626068349;443,30912532849845;672,5547874356316;187,9617727238923;868,2781092513709;457,0181048681715;5588,540075442514;12907,750702560134;0,2958685101544841;0,17940138261586308
41,333333333333336;679,999182980682;676,833804579413;80,073275679581;438,137342683721;672,6281650454858;186,10933661933302;859,8213406439133;457,57731609042264;5574,526400805836;12886,988190612234;0,29569240389083395;0,17926930291812548
41,416666666666664;679,9992044799332;676,8709350851576;79,13446003172453;433,0260548247345;672,7008077790863;184,2754483799041;851,447286539279;458,13517144893143;5560,546672256484;12866,228242926541;0,29551806133019287;0,17913854599764467
41,5;679,9992254134476;676,9076267177492;78,20673486938858;427,97455138818765;672,7727231901014;182,45991752117163;843,1551357520503;458,69167352148514;5546,600825775043;12845,471039303437;0,2953454643437567;0,17900909825781752
41,583333333333336;679,9992457961123;676,9438847390102;77,28996739245986;422,98213038562994;672,843918751688;180,6625555836547;834,944084971335;459,24682488713387;5532,688797299061;12824,716758744711;0,2951745949959489;0,17888094624696166
41,666666666666664;679,9992656424224;676,9797143461274;76,38402642755295;418,0480981049875;672,9144018573822;178,88317611060813;826,813338689244;459,8006281261451;5518,8105227244605;12803,965579452557;0,2950054355422826;0,17875407665671195
41,75;679,9992849664918;677,0151206724753;75,48878240737622;413,17176901306595;672,98417982198;177,12159462600425;818,7621091295839;460,35308581995844;5504,965937906933;12783,217678828478;0,2948379684272481;0,17862847632043605
41,833333333333336;679,9993037820627;677,0501087884296;74,60410735041307;408,3524656593912;673,0532598824071;175,3776286127959;810,7896161772909;460,9042005511402;5491,154978663334;12762,473233472407;0,29467217628222286;0,17850413221166717
41,916666666666664;679,9993221025161;677,0846837021693;73,72987484082785;403,5895185808973;673,121649198581;173,6510974913898;802,8950873081358;461,45397490333835;5477,377580773063;12741,73241918164;0,29450804192340546;0,1783810314425541
42,0;679,9993399408803;677,118850360468;72,86596000867007;398,8822662078844;673,1893548542615;171,9418225983759;795,0777575190641;462,00241146123705;5463,6336799794435;12720,995410950032;0,29434554834977233;0,17825916126232927
42,083333333333336;679,9993573098415;677,1526136494748;72,01223951030897;394,2300547709408;673,2563838578928;170,24962716546952;787,3368692588939;462,5495128105116;5449,923211991081;12700,262382967032;0,29418467874105714;0,1781385090557929
42,166666666666664;679,9993742217514;677,1859783954851;71,16859150916639;389,63223820907604;673,3227431434365;168,57433629871537;779,6716723596319;463,09528153778336;5436,246112483246;12679,53350861693;0,2940254164557525;0,17801906234181436
42,25;679,999390688637;677,2189493657004;70,33489565665718;385,08817807870713;673,3884395711939;166,91577695787316;772,081423968069;463,6397202305747;5422,602317099201;12658,808960477963;0,29386774502913465;0,17790080877185102
42,333333333333336;679,999406722209;677,2515312689786;69,51103307341668;380,5972434638993;673,4534799286205;165,2737779360791;764,5653884781012;464,1828314772639;5408,991761451559;12638,088910321592;0,29371164817131085;0,17778373612848314
42,416666666666664;679,9994223338695;677,2837287565741;68,69688633075839;376,1588108875135;673,5178709311308;163,64816983971195;757,1228374634128;464,7246178670405;5395,414381123626;12617,373529111783;0,29355710976528604;0,17766783232396455
42,5;679,9994375347209;677,315546422868;67,89233943238457;371,7722642234382;673,5816192228938;162,0387850684665;749,7530496106167;465,26508198986016;5381,870111670724;12596,662987004269;0,29340411386505494;0,1775530853987912
42,583333333333336;679,9994523355732;677,3469888060889;67,09727779632146;367,43699460977206;673,6447313776198;160,44545779567727;742,455310653;465,80422643640026;5368,3588886215175;12575,957453345913;0,2932526446937125;0,17743948352028438
42,666666666666664;679,9994667469522;677,3780603890235;66,31158823710734;363,15240036307654;673,7072138993387;158,86802394883546;735,2289133046571;466,342053798015;5354,880647479324;12555,257096674066;0,293102686641587;0,17732701498119027
42,75;679,9994807791065;677,4087655997185;65,53515894821658;358,9178868936268;673,7690732231692;157,306321190336;728,0731571951744;466,878566666691;5341,435323723429;12534,56208471599;0,29295422426439377;0,17721566819829537
42,833333333333336;679,9994944420152;677,4391088121728;64,76787948469962;354,73286662160297;673,8303157160791;155,76018889843226;720,9873488048007;467,41376763500267;5328,022852810389;12513,87258438831;0,29280724228141014;0,17710543171105764
42,916666666666664;679,9995077453948;677,46909434702;64,00964074606179;350,5967588942501;673,8909476776373;154,22946814840373;713,9708014000922;467,947659296068;5314,6431701753145;12493,188761796473;0,29266172557367043;0,17699629418025284
43,0;679,9995206987059;677,4987264722035;63,2603349593694;346,50898990406534;673,9509753407576;152,714001693937;707,022834970071;468,4802442435044;5301,296211233169;12472,510782234298;0,2925176591821817;0,17688824438663628
43,083333333333336;679,9995333111602;677,5280094036407;62,51985566255769;342,4689926078479;674,0104048724337;151,2136339487057;700,1427761628833;469,01152507138414;5287,981911380037;12451,8388101835;0,29237502830615913;0,17678127122961934
43,166666666666664;679,9995455917274;677,5569473058792;61,78809768798885;338,4762066467805;674,0692423744657;149,72821096816347;693,3299582228968;469,54150437419077;5274,7002059944025;12431,1730093133;0,29223381830128226;0,1766753637259617
43,25;679,9995575491405;677,5855442927455;61,06495714620337;334,53007826741276;674,1274938841793;148,25758043154167;686,5837209284134;470,07018474677494;5261,451030438416;12410,51354248006;0,2920940146779696;0,1765705110084772
43,333333333333336;679,9995691919033;677,6138044279826;60,350331409875935;330,6300602434675;674,1851653751359;146,80159162402902;679,9034105296893;470,5975687843107;5248,234320059139;12389,860571726907;0,29195560309967394;0,17646670232475548
43,416666666666664;679,9995805282956;677,6417317258819;59,64411909801868;326,77561179879604;674,2422627578349;145,36009541918702;673,2883796876806;471,12365908225183;5235,050010189816;12369,214258283508;0,2918185693811963;0,17636392703589726
43,5;679,9995915663792;677,6693301519044;58,946220060343535;322,9661985309534;674,2987918804084;143,93294426151897;666,7379874130493;471,64845823628826;5221,898036151095;12348,574762565733;0,29168289948701975;0,17626217461526483
43,583333333333336;679,9996023140038;677,6966036232957;58,256535361869055;319,20129233588307;674,3547585293081;142,51999214926911;660,2515990058298;472,17196884230276;5208,778333252273;12327,94224417545;0,2915485795296605;0,17616143464724537
43,666666666666664;679,9996127788128;677,7235560096912;57,574967267703414;315,4803713333818;674,4101684299835;141,12109461739237;653,8285859955022;472,69419349632744;5195,690836792526;12307,316861900355;0,29141559576803955;0,17606169682602968
43,75;679,9996229682482;677,7501911337147;56,901419228040595;311,8029197934853;674,4650272475535;139,73610872073152;647,4683260815987;473,2151347945009;5182,635482062134;12286,698773713812;0,29128393460587154;0,17596295095440367
43,833333333333336;679,9996328895562;677,7765127715684;56,23579586333847;308,1684280636481;674,5193405874696;138,36489301736776;641,1702030747635;473,73479533302503;5169,612204343683;12266,08813677471;0,29115358259007285;0,17586518694255468
43,916666666666664;679,9996425497925;677,8025246536148;55,578002949695815;304,5763924968155;674,5731139961722;137,00730755216455;634,9336068383001;474,25317770812234;5156,620938913279;12245,485107427374;0,29102452640918675;0,17576839480689005
44,0;679,9996519558268;677,8282304649522;54,927947404442534;301,0263153804691;674,626352961739;135,66321384050752;628,7579332302803;474,77028451599307;5143,661621041754;12224,889841201584;0,2908967528918263;0,17567256466886974
44,083333333333336;679,9996611143484;677,8536338459812;54,28553727186625;297,5177048662195;674,6790629145263;134,3324748521951;622,6425840459768;475,2861183527728;5130,734185995844;12204,302492812467;0,29077024900513687;0,17557768675385266
44,166666666666664;679,9996700318703;677,8787383929648;53,6506817091805;294,05007490051435;674,7312492278026;133,01495499555358;616,5869669609702;475,8006818144901;5117,838569039391;12183,723216160593;0,2906450018532739;0,17548375138995542
44,25;679,9996787147345;677,9035476585807;53,02329097263794;290,6229451559947;674,7829172183754;131,71052010169433;610,5904954746056;476,31397749702404;5104,974705434506;12163,15216433201;0,2905209986758991;0,17539074900692436
44,333333333333336;679,9996871691154;677,9280651524663;52,40327640384521;287,2358409637484;674,8340721472111;130,4190374089785;604,6525888540189;476,8260079960626;5092,142530442761;12142,589489598344;0,29039822684669325;0,17529867013501993
44,416666666666664;679,9996954010257;677,9522943417568;51,7905504162286;283,8882932462268;674,8847192200473;129,14037554760682;598,7726720784495;477,3367759070602;5079,341979326321;12122,035343416868;0,2902766738718866;0,17520750540391494
44,5;679,9997034163196;677,9762386516163;51,185026481724094;280,5798384511844;674,9348635879979;127,8744045244622;592,9501757843875;477,84628382519656;5066,572987349138;12101,489876430787;0,2901563273888049;0,1751172455416037
44,583333333333336;679,9997112206969;677,9999014657618;50,58661911758122;277,3100184861556;674,9845103481528;126,6209957080406;587,1845362107965;478,3545343453347;5053,835489778075;12080,953238469323;0,2900371751644334;0,17502788137332503
44,666666666666664;679,9997188197078;678,0232861269801;49,99524387337715;274,07838065381407;675,0336645441686;125,38002181360355;581,475195145071;478,86153006197975;5041,129421884055;12060,425578547996;0,2899192050939954;0,17493940382049658
44,75;679,9997262187565;678,0463959376386;49,41081731819281;270,88447758815016;675,0823311668546;124,15135688848125;575,8215998693643;479,36727356923785;5028,454718943201;12039,907044868873;0,2898024051995489;0,1748518038996617
44,833333333333336;679,9997334231048;678,0692341601887;48,833257027945365;267,72786719129834;675,1305151547508;122,93487629754623;570,2232031074352;479,8717674607749;5015,811316237965;12019,397784820905;0,289686763628598;0,17476507272144853
44,916666666666664;679,999740437876;678,0918040176632;48,262481572902516;264,6081125712413;675,1782213947;121,73045670884903;564,6794629719271;480,37501432977587;5003,199149058247;11998,89794498024;0,28957226865271996;0,17467920148953997
45,0;679,9997472680587;678,114108694167;47,69841050531909;261,52478197998846;675,225454722413;120,53797607939885;559,189842912034;480,8770167689041;4990,618152702503;11978,407671110552;0,2894589086662087;0,17459418149965655
45,083333333333336;679,9997539185104;678,1361513353615;47,140964347292424;258,47744875286025;675,2722199230277;119,35731364114304;553,7538116618218;481,377777370261;4978,068262478865;11957,92710816351;0,28934667218473353;0,17451000413855014
45,166666666666664;679,9997603939604;678,1579350489426;46,5900645787201;255,46569124816855;675,3185217316615;118,18834988706612;548,3708431887965;481,87729872534544;4965,549413706233;11937,45640027917;0,2892355478440125;0,17442666088300937
45,25;679,9997666990138;678,1794629051121;46,04563362544525;252,4890927878041;675,3643648339577;117,03096655747345;543,0404166431233;482,375583425014;4953,061541715374;11916,99569078648;0,2891255243985016;0,1743441432988762
45,333333333333336;679,9997728381544;678,2007379370442;45,5075948475411;249,54724159840964;675,4097538666256;115,88504662640275;537,7620163070839;482,8726340594409;4940,604581849995;11896,545122203715;0,2890165907200986;0,17426244304007396
45,416666666666664;679,9997788157482;678,2217631413445;44,975872527754746;246,6397307533382;675,4546934179741;114,75047428822052;532,5351315452021;483,36845321807834;4928,178469467838;11876,104836239092;0,28890873579686216;0,1741815518476466
45,5;679,999784636046;678,2425414785037;44,450391860092964;243,76615811525585;675,4991880284401;113,62713494435184;527,3592567547062;483,8630434896172;4915,783139941746;11855,674973791287;0,2888019487317437;0,17410146154880776
45,583333333333336;679,9997903031871;678,2630758733457;43,9310789385587;240,92612627943234;675,5432421911098;112,51491519014678;522,2338913163746;484,3564074619475;4903,41852866072;11835,255674950029;0,28869621874133644;0,17402216405600235
45,666666666666664;679,9997958212016;678,2833692154695;43,41786074603533;238,11924251770054;675,5868603522348;111,41370280193144;517,1585395460081;484,84854772211946;4891,084571030989;11814,847078996774;0,2885915351546365;0,17394365136597736
45,75;679,9998011940137;678,3034243596854;42,910665143301685;235,34511872307954;675,630046911742;110,32338672416984;512,1327106461604;485,3394668563045;4878,781202477053;11794,449324405323;0,2884878874118191;0,1738659155588643
45,833333333333336;679,9998064254443;678,3232441264457;42,409420858206204;232,60337135508107;675,6728062237381;109,24385705679072;507,15591865841736;485,8291674497568;4866,508358442729;11774,062548842534;0,28838526506302853;0,1737889487972714
45,916666666666664;679,9998115192136;678,3428313022697;41,91405747496333;229,89362138561665;675,7151425970077;108,17500504265354;502,2276824160801;486,31765208677473;4854,265974392186;11753,686889169057;0,28828365776718157;0,17371274332538617
46,0;679,9998164789442;678,3621886401634;41,42450542359768;227,21549424558796;675,7570602955061;107,1167230551481;497,3475254972462;486,8049233506624;4842,053985810972;11733,322481440067;0,28818305529078536;0,173637291468089
46,083333333333336;679,9998213081633;678,3813188600334;40,94069596952181;224,5686197721071;675,798563538847;106,0689045859533;492,5149761784196;487,29098382369205;4829,872328207046;11712,96946090608;0,2880834475067672;0,17356258563007537
46,166666666666664;679,999826010305;678,4002246490962;40,46256120324756;221,95263215631758;675,8396565027836;105,03144423290678;487,72956738839963;487,7758360870658;4817,7209371117815;11692,627962013745;0,28798482439331946;0,1734886182949896
46,25;679,9998305887135;678,4189086622814;39,99003403021959;219,36716989185993;675,8803433196847;104,00423768803648;482,99083666273873;488,2594827208784;4805,599748080981;11672,298118406694;0,2878871760327567;0,17341538202456755
46,333333333333336;679,9998350466445;678,4373735226302;39,52304816080243;216,8118757239718;675,9206280790061;102,98718172572023;478,29832609855833;488,7419263040797;4793,508696695878;11651,980062926457;0,2877904926103855;0,1733428694577891
46,416666666666664;679,9998393872685;678,4556218216885;39,06153810035846;214,28639659906315;675,9605148277553;101,98017419096175;473,6515823097316;489,22316941443745;4781,447718564121;11631,6739276133;0,28769476441338715;0,1732710733100404
46,5;679,9998436136722;678,4736561198953;38,60543913949925;211,79038361513426;676,0000075709522;100,98311398782869;469,05015638259704;489,70321462850046;4769,416749320776;11611,37984370723;0,2875999818297147;0,173199986372286
46,583333333333336;679,9998477288611;678,4914789469658;38,1546873444222;209,32349197255255;676,0391102720836;99,99590106799872;464,4936038319894;490,18206452156187;4757,4157246292925;11591,097941648919;0,2875061353469994;0,17312960151024956
46,666666666666664;679,9998517357621;678,5090928022696;37,709219547383555;206,8853809254638;676,0778268535527;99,01843641943913;459,981484557695;490,6597216676226;4745,444580182482;11570,82835108071;0,2874132155514736;0,1730599116636052
46,75;679,9998556372244;678,5265001552043;37,26897333731358;204,4757137339743;676,1161611971244;98,05062205523711;455,5133628014544;491,1361886393551;4733,503251703489;11550,57120084767;0,2873212131269015;0,17299090984517612
46,833333333333336;679,9998594360227;678,5437034455641;36,83388705050277;202,09415761655524;676,1541171443642;97,0923610025011;451,0888071040396;491,61146800806745;4721,591674946732;11530,32661899858;0,2872301188535258;0,17292258914014436
46,916666666666664;679,9998631348584;678,5607050839036;36,40389976146423;199,74038370334395;676,1916984970733;96,14355729146098;446,70739026315863;492,08556234366733;4709,709785698881;11510,094732787069;0,2871399236070241;0,1728549427052681
47,0;679,999866736362;678,5775074518972;35,97895127387005;197,41406698980845;676,2289090177176;95,20411594462814;442,36868929140206;492,55847421462664;4697,857519779776;11489,875668672694;0,2870506183574778;0,17278796376810837
47,083333333333336;679,9998702430948;678,5941129026936;35,55898211162116;195,11488629103198;676,2657524298531;94,27394296611169;438,07228537478153;493,030206187946;4686,034813043385;11469,669552322093;0,28696219416835245;0,17272164562626435
47,166666666666664;679,9998736575506;678,6105237612663;35,143933510030934;192,84252419652586;676,3022324185456;93,35294533104275;433,8177638315863;493,5007608291199;4674,241601378721;11449,47650861015;0,2868746421954905;0,1726559816466179
47,25;679,9998769821574;678,626742324759;34,7337474071054;190,59666702555123;676,3383526307856;92,4410309751238;429,60471407164295;493,9701407021014;4662,4778207107665;11429,29666162113;0,28678795368611454;0,17259096526458592
47,333333333333336;679,9998802192798;678,6427708628266;34,32836643495989;188,37700478304598;676,3741166758992;91,53810878429454;425,43272955599133;494,43834836926794;4650,7434070014;11409,130134649988;0,2867021199778418;0,17252658998338136
47,416666666666664;679,9998833712197;678,6586116179728;33,92773391132948;186,18323111603684;676,4095281259539;90,6440885845143;421,3014077569061;494,9053863913866;4639,038296250297;11388,977050203535;0,28661713249771065;0,172462849373283
47,5;679,9998864402186;678,6742668058822;33,531793831170376;184,0150432704821;676,4445905161592;89,75888113164388;417,21035011826035;495,37125732758017;4627,3624244958255;11368,837530001723;0,28653298276121786;0,1723997370709134
47,583333333333336;679,9998894284593;678,6897386157486;33,140490858409066;181,87214204883196;676,4793073452643;88,88239810148377;413,1591620164331;495,8359637352929;4615,71572781596;11348,711694978974;0,28644966237136577;0,17233724677852433
47,666666666666664;679,9998923380665;678,7050292105998;32,75377031776543;179,7542317679324;676,5136820759493;88,01455207987487;409,14745272138083;496,29950817025724;4604,098142329159;11328,599665285472;0,2863671630177217;0,17227537226329126
47,75;679,9998951711095;678,7201407276169;32,37157818666674;177,66102021735585;676,5477181352137;87,15525655292993;405,17483535815467;496,76189318645993;4592,509604195231;11308,501560288483;0,2862854764754871;0,17221410735661535
47,833333333333336;679,9998979296032;678,7350752784511;31,993861087315167;175,59221861854084;676,5814189147594;86,30442589739573;401,24092686890685;497,22312133610916;4580,95004961624;11288,417498573774;0,28620459460457737;0,17215344595343307
47,916666666666664;679,9999006155092;678,7498349495347;31,620566278803608;173,5475415840963;676,61478777137;85,46197537109492;397,345347975108;497,68319516960133;4569,419414837351;11268,347597946997;0,28612450934871214;0,1720933820115341
48,0;679,9999032307376;678,7644218023905;31,251641649362227;171,52670707777958;676,6478280272851;84,62782110348144;393,487723140155;498,1421172354885;4557,917636147697;11248,291975435071;0,2860452127345158;0,17203390955088688
48,083333333333336;679,9999057771483;678,7788378739347;30,88703570867608;169,52943637477952;676,6805429705713;83,80188008631251;389,66768053238724;498,59989008044585;4546,444649881227;11228,25074728767;0,2859666968706288;0,17197502265297165
48,166666666666664;679,999908256552;678,7930851767777;30,526697580341988;167,5554540227603;676,7129358554885;82,98407016442582;385,88485198850145;499,0565162492393;4535,000392417563;11208,22402897867;0,2858889539468277;0,17191671546012077
48,25;679,9999106707121;678,8071656995207;30,17057699435668;165,60448780294905;676,7450099028516;82,1743100265877;382,1388729770871;499,51199828469356;4523,584800182817;11188,211935207586;0,28581197623315613;0,1718589821748671
48,333333333333336;679,9999130213454;678,8210814070484;29,81862427978399;163,67626869220678;676,7767683003894;81,37251919651192;378,42938256291455;499,96633872766057;4512,197809650464;11168,214579901236;0,2857357560790653;0,171801817059299
48,416666666666664;679,9999153101235;678,8348342408176;29,470790357424903;161,7705308250219;676,8082142030981;80,57861802389823;374,7560233711291;500,4195401169877;4500,83935734212;11148,232076215081;0,2856602859125644;0,17174521443442334
48,5;679,9999175386741;678,8484261191433;29,127026732646755;159,88701145634695;676,8393507335917;79,7925276756331;371,11844155211173;500,87160498948674;4489,509379828394;11128,264536534949;0,2855855582393799;0,17168916867953496
48,583333333333336;679,9999197085821;678,8618589374796;28,78728548827212;158,02545092471138;676,8701809824479;79,01417012706133;367,51628674654614;501,32253587990255;4478,207813729685;11108,31207247851;0,28551156564212504;0,17163367423159379
48,666666666666664;679,9999218213907;678,875134568699;28,451519277561488;156,1855926157655;676,9007080085506;78,24346815335446;363,9492120508233;501,7723353208825;4466,934595716988;11088,374794896916;0,2854383007794785;0,17157872558460888
48,75;679,9999238786021;678,888254863366;28,11968131729259;154,36718292634788;676,9309348394283;77,48034532100121;360,4168739828703;502,221005842946;4455,689662512704;11068,452813876473;0,285365756385372;0,17152431728902898
48,833333333333336;679,9999258816797;678,9012216500092;27,79172538090222;152,56997122881913;676,9608644715887;76,72472597934359;356,91893244811945;502,6685499744539;4444,472950891402;11048,546238740144;0,2852939252681871;0,17147044395114033
48,916666666666664;679,9999278320478;678,9140367353888;27,467605791761684;150,79370983607893;676,9904998708491;75,97653525227486;353,45505070610676;503,1149702415788;4433,284397680644;11028,655178049417;0,28522280030996205;0,17141710023247156
49,0;679,9999297310934;678,926701904761;27,147277416474935;149,03815396671388;677,0198439726644;75,23569902996599;350,0248953371003;503,56026916827506;4422,123939761724;11008,77973960581;0,2851523744656055;0,17136428084920413
49,083333333333336;679,999931580167;678,9392189221393;26,830695658310333;147,3030617107315;677,0488996824497;74,50214396072568;346,6281362092177;504,0044492762492;4410,991514070459;10988,920030452686;0,2850826407621207;0,17131198057159053
49,166666666666664;679,9999333805836;678,9515895305523;26,517816450692067;145,5881939956917;677,0776698759007;73,77579744293143;343,2644464458326;504,44751308493073;4399,887057597944;10969,076156876941;0,2850135922978383;0,17126019422337874
49,25;679,9999351336236;678,9638154522983;26,208596250782534;143,89331455320172;677,1061573993097;73,0565876170715;339,9335023933062;504,88946311144304;4388,810507391321;10949,248224410758;0,28494522224165664;0,1712089166812425
49,333333333333336;679,9999368405337;678,9758983891968;25,902992033132932;142,21818988580802;677,1343650698783;72,34444335784644;336,6349835890152;505,33030187057454;4377,761800554514;10929,436337833395;0,28487752383229203;0,17115814287421907
49,416666666666664;679,9999385025277;678,9878400228368;25,600961283421952;140,56258923427623;677,1622956760266;71,63929426638447;333,36857272968086;505,7700318747502;4366,740874248979;10909,640601172925;0,28481049037753614;0,17110786778315215
49,5;679,9999401207876;678,999642014822;25,30246199227122;138,92628454532144;677,189951977699;70,94107066252775;330,1339556400558;506,20865563400304;4355,747665694437;10889,861117708093;0,28474411525352233;0,17105808644014175
49,583333333333336;679,9999416964642;679,0113060070126;25,007452649140305;137,30905043965348;677,2173367066666;70,24970357721543;326,9308212418911;506,6461756559463;4344,782112169615;10870,097989970116;0,28467839190400007;0,17100879392800006
49,666666666666664;679,999943230678;679,0228336217648;24,71589223628996;135,71066418042446;677,2444525668258;69,56512474494048;323,75886152317986;507,08259444574554;4333,844151012949;10850,35131974452;0,28461331383961813;0,1709599853797136
49,75;679,9999447245202;679,0342264621663;24,427740222830607;134,13090564207835;677,2713022344942;68,88726659630606;320,6177715077742;507,5179145060909;4322,933719623312;10830,621208073007;0,2845488746372139;0,17091165597791041
49,833333333333336;679,9999461790532;679,0454861122703;24,142956558847573;132,5695572795688;677,2978883587028;68,21606225065011;317,5072492252387;507,95213833716997;4312,050755460733;10810,907755255346;0,2844850679391132;0,1708638009543349
49,916666666666664;679,999947595311;679,0566141373249;23,861501669571794;131,02640409785334;677,3242135614851;67,55144550875798;314,4269956810236;508,3852684366407;4301,19519604708;10791,21106085128;0,2844218874524358;0,1708164155893269
50,0;679,9999489743011;679,0676120840009;23,583336449652847;129,5012336218282;677,3502804381625;66,89335084564902;311,37671482689444;508,81730729960435;4290,366978966759;10771,531223682357;0,28435932694841004;0,17076949521130752
50,083333333333336;679,999950317004;679,0784814806159;23,308422257505867;127,99383586670905;677,3760915576275;66,2417134034655;308,3561135317688;509,2482574185792;4279,566041867419;10751,86834183399;0,2842973802616939;0,1707230351962704
50,166666666666664;679,999951624375;679,0892238373566;23,036720909703945;126,50400330858635;677,401649462623;65,59646898441258;305,3649015526891;509,678121283474;4268,792322460621;10732,2225126573;0,2842360412897047;0,17067703096727854
50,25;679,9999528973432;679,0998406464972;22,76819467545863;125,0315308554503;677,4269566700183;64,95755404379793;302,40279150621967;510,106901381562;4258,045758522523;10712,593832771165;0,2841753039919561;0,17063147799396708
50,333333333333336;679,9999541368144;679,1103333826161;22,502806271148756;123,57621581842929;677,4520156710827;64,32490568312232;299,4694988399427;510,53460019745495;4247,326287894529;10692,98239806409;0,2841151623894016;0,1705863717920512
50,416666666666664;679,9999553436697;679,1207035028087;22,24051885495726;122,13785788362425;677,4768289317558;63,6984616432926;296,56474180452227;510,96122021307764;4236,633848483986;10673,388303696325;0,2840556105637861;0,17054170792283957
50,5;679,9999565187676;679,1309524468993;21,981296021525054;120,71625908396712;677,5013988929145;63,07816029784874;293,6882414256948;511,3867639076425;4225,968378264803;10653,811644101786;0,2839966426570052;0,1704974819927539
50,583333333333336;679,9999576629436;679,1410816376483;21,725101796707236;119,31122377164152;677,5257279706375;62,46394064632739;290,8397214768642;511,81123375762445;4215,329815278127;10634,252512990115;0,28393825287047003;0,1704536896528525
50,666666666666664;679,9999587770116;679,1510924809586;21,471900632383267;117,92255859077957;677,5498185564663;61,85574230765383;288,01890845176774;512,234632236736;4204,71809763298;10614,711003348755;0,2838804354644808;0,1704103265983606
50,75;679,9999598617636;679,1609863660785;21,221657401324023;116,5500724503669;677,5736730176642;61,25350551363056;285,2255315374378;512,6569618159028;4194,133163506887;10595,187207444942;0,28382318475760593;0,17036738856820446
50,833333333333336;679,9999609179713;679,1707646658023;20,97433739212704;115,19357649762759;677,5972936974712;60,65717110248556;282,45932258750594;513,0782249632391;4183,574951146519;10575,681216827832;0,28376649512606916;0,1703248713445519
50,916666666666664;679,9999619463855;679,1804287366681;20,729906304225665;113,85288409164635;677,6206829153571;60,06668051250301;279,7200160957211;513,4984241440236;4173,043398868304;10556,193122330555;0,28371036100314306;0,1702827707523573
51,0;679,9999629477378;679,1899799191541;20,48833024293515;112,52781077727663;677,6438429672716;59,481975775710794;277,0073491696897;513,9175618206756;4162,538445059047;10536,723014072304;0,28365477687854823;0,17024108265891122
51,083333333333336;679,9999639227403;679,1994195378712;20,249575714592538;111,21817425947032;677,666776125891;58,90299951165616;274,3210615049995;514,3356404527314;4152,0600281765555;10517,270981460517;0,2835997372978615;0,17019980297339615
51,166666666666664;679,9999648720865;679,2087489017542;20,013609621727824;109,92379437780113;677,6894846408633;58,329694921232544;271,66089535947873;514,7526624968208;4141,608086750224;10497,837113192927;0,2835452368619281;0,1701589276464461
51,25;679,9999657964511;679,2179693042502;19,780399258306147;108,64449308129821;677,7119707390492;57,76200578058024;269,02659552775214;515,168630406644;4131,182559381642;10478,421497259731;0,2834912702262819;0,17011845266971143
51,333333333333336;679,9999666964919;679,2270820235046;19,549912305021167;107,38009440361887;677,7342366247617;57,199876435046804;266,4179093160275;515,5835466329486;4120,783384745178;10459,024220945737;0,2834378321005719;0,17007837407542892
51,416666666666664;679,9999675728487;679,2360883225452;19,32211682468221;106,13042443860894;677,7562844800024;56,643251793255445;263,83458651729;515,9974136235071;4110,410501588583;10439,645370832568;0,2833849172479943;0,17003868793599575
51,5;679,999968426145;679,2449894494636;19,09698125758723;104,89531131587276;677,7781164646951;56,092077321159195;261,2763793864141;516,4102338230942;4100,063848733541;10420,28503280076;0,2833325204847317;0,16999939036354877
51,583333333333336;679,9999692569874;679,2537866375944;18,874474417035003;103,67458517698292;677,7997347169176;55,54629903624573;258,74304261590544;516,8220096734648;4089,7433650762678;10400,943292032047;0,28328063667939785;0,1699604775095484
51,666666666666664;679,9999700659666;679,2624811056929;18,654565484823138;102,46807815168486;677,8211413531296;55,00586350174501;256,2343333115938;517,2327436133316;4079,4489895880643;10381,620233011494;0,2832292607524889;0,16992194556436666
51,75;679,9999708536583;679,2710740581094;18,437224006842712;101,2756243345234;677,8423384683997;54,470717820925074;253,7500109686754;517,6424380783443;4069,1806613158747;10362,31593952972;0,2831783876758407;0,16988379075688054
51,833333333333336;679,9999716206224;679,2795666849623;18,22241988872122;100,09705976178384;677,8633281366284;53,940809631464504;251,28983744808556;518,0510955010669;4058,93831938285;10343,030494685167;0,2831280124720918;0,16984600935406885
51,916666666666664;679,9999723674044;679,2879601623087;18,010123391502475;98,93222238856409;677,8841124107698;53,41608709985053;248,8535769529157;518,4587183109574;4048,7219029888875;10323,763980886291;0,2830781302141524;0,16980859766061432
52,0;679,9999730945356;679,2962556523128;17,800305127394722;97,78095206627316;677,9046933230504;52,89649891586521;246,44099600521412;518,8653089343462;4038,531351411177;10304,516479853828;0,283028736024679;0,16977155201850924
52,083333333333336;679,9999738025326;679,3044543034127;17,592936055569908;96,64309052027015;677,9250728851852;52,381994287128464;244,0518634229513;519,2708697944158;4028,3666040047337;10285,28807262305;0,28297982507555564;0,16973486880666672
52,166666666666664;679,9999744918994;679,3125572504848;17,387987477997058;95,51848132781814;677,9452530885917;51,87252293368658;241,6859502972114;519,6754033111798;4018,22760020292;10266,07883954601;0,2829313925873799;0,16969854444053495
52,25;679,9999751631259;679,3205656150058;17,185431035363763;94,40696989638215;677,9652359046022;51,36803508269168;239,34302996973025;520,0789119014628;4008,1142795179885;10246,88886029388;0,28288343382895476;0,16966257537171606
52,333333333333336;679,9999758166897;679,3284805052136;16,985238703003347;93,30840344200949;677,9850232846726;50,86848146309251;237,0228780104164;520,4813979788803;3998,026581541578;10227,71821385917;0,28283594411678575;0,16962695808758935
52,416666666666664;679,9999764530553;679,3363030162657;16,787382786901617;92,22263096811216;678,0046171605894;50,37381330042763;234,72527219534206;520,8828639538189;3987,964445945235;10208,566978558072;0,28278891881458534;0,16959168911093905
52,5;679,9999770726755;679,3440342303952;16,59183591974056;91,14950324443348;678,024019444675;49,883982311646946;232,44999248480363;521,2833122334163;3977,927812480911;10189,435232032729;0,28274235333277997;0,16955676499958502
52,583333333333336;679,999977675991;679,3516752170661;16,398571057007416;90,08887278632967;678,0432320299899;49,39894070001287;230,19682100170797;521,6827452215426;3967,916620981481;10170,32305125362;0,2826962431280242;0,16952218234601818
52,666666666666664;679,9999782634304;679,3592270331256;16,20756147312079;89,04059383419667;678,0622567905331;48,91864115002704;227,9655420100369;522,0811653187806;3957,9308113612087;10151,2305125218;0,2826505837027206;0,16948793777704046
52,75;679,9999788354121;679,3666907229551;16,01878075761931;88,00452233316842;678,0810955814403;48,44303682243378;225,75594189362423;522,4785749224068;3947,9703236162463;10132,157691471277;0,28260537060454327;0,16945402795340744
52,833333333333336;679,9999793923423;679,3740673186189;15,832202811424168;86,98051591318817;678,0997502391801;47,972081349294626;223,56780913522184;522,8749764263732;3938,0350978251327;10113,10466307139;0,2825605994259677;0,16942044956947575
52,916666666666664;679,9999799346174;679,3813578400116;15,647801843084608;85,96843386907011;678,1182225817477;47,505728829054306;221,40093429550743;523,2703722212884;3928,125074149227;10094,071501629061;0,2825162658038056;0,1693871993528542
53,0;679,9999804626228;679,3885632950033;15,46555236514564;84,9681371410891;678,1365144088562;47,04393382174317;219,25510999262394;523,6647646943995;3918,240192833224;10075,058280791272;0,2824723654187451;0,1693542740640588
53,083333333333336;679,9999809767344;679,3956846795836;15,28542919048732;83,97948829548814;678,1546275021274;46,586651344165375;217,1301308817188;524,0581562295741;3908,3803942055824;10056,065073547335;0,2824288939948943;0,16932167049617075
53,166666666666664;679,9999814773173;679,4027229780029;15,107407428769193;83,00235150552837;678,172563625278;46,133836865175226;215,02579363473862;524,4505492072824;3898,545618679006;10037,091952231342;0,2823858472993327;0,16928938547449954
53,25;679,9999819647278;679,4096791629125;14,931462482860525;82,03659253244226;678,1903245243066;45,68544630098188;212,94189692040922;524,8419460045795;3888,735806750873;10018,138988524463;0,2823432211416642;0,16925741585624818
53,333333333333336;679,9999824393125;679,4165541955036;14,757570045381385;81,08207870695853;678,207911927676;45,24143601053083;210,87824138449145;525,2323489950885;3878,9508990037066;9999,206253457422;0,2823010113735775;0,16922575853018312
53,416666666666664;679,9999829014088;679,4233490256433;14,585706095220985;80,13867891073981;678,2253275464956;44,80176279091097;208,83462963012366;525,6217605489829;3869,1908361055994;9980,293817412847;0,2822592138884106;0,16919441041630795
53,5;679,9999833513453;679,4300645920101;14,415846894135598;79,20626355821283;678,2425730747005;44,36638387282983;206,81086619846891;526,01018303297;3859,455558810646;9961,401750127654;0,28221782462071865;0,16916336846553903
53,583333333333336;679,9999837894422;679,4367018222268;14,247968983380588;78,2847045785633;678,2596501892294;43,935256916120125;204,80675754944448;526,3976188102738;3849,7450079593846;9942,530120695512;0,2821768395458494;0,16913262965938702
53,666666666666664;679,999984216011;679,4432616329929;14,08204918038507;77,37387539797791;678,2765605502003;43,50834000532018;202,8221120427768;526,7840702406191;3840,0591244792113;9923,67899756921;0,2821362546795192;0,16910219100963944
53,75;679,9999846313548;679,449744930214;13,91806457545215;76,47365092201721;678,2933058010841;43,08559164526571;200,85673991908928;527,1695396802148;3830,397849384795;9904,848448563092;0,2820960660773981;0,1690720495580486
53,833333333333336;679,9999850357692;679,4561526091313;13,755992528518846;75,5839075182646;678,3098875688768;42,66697075676689;198,91045328130738;527,5540294817381;3820,7611237784986;9886,03854085549;0,2820562698346957;0,1690422023760218
53,916666666666664;679,9999854295418;679,4624855544477;13,595810665947283;74,70452299919816;678,3263074642692;42,25243667231098;196,98306607623644;527,9375419943184;3811,148888850778;9867,24934099116;0,2820168620857538;0,1690126465643154
54,0;679,9999858129523;679,4687446404537;13,437496877352828;73,83537660517895;678,3425670818158;41,841949131813294;195,07439407622218;528,320079563522;3801,5610858805844;9848,4809148837;0,2819778390036421;0,16898337925273157
54,083333333333336;679,999986186274;679,4749307311513;13,28102931246633;72,97634898770079;678,3586680001004;41,43546827841362;193,18425486108677;528,7016445313365;3791,9976562357588;9829,733327818003;0,28193919679975915;0,16895439759981937
54,166666666666664;679,9999865497718;679,4810446803765;13,126386378067423;72,12732219294047;678,3746117819012;41,03295465434087;191,3124678003207;529,0822392361557;3782,4585413734385;9811,00664445276;0,2819009317234371;0,16892569879257785
54,25;679,9999869037044;679,4870873319202;12,973546734883712;71,28817964515295;678,3903999743537;40,63436919676633;189,45885403515058;529,4618660127647;3772,943682840403;9792,300928822779;0,28186304006155105;0,1688972800461633
54,333333333333336;679,9999872483237;679,4930595196473;12,822489294606498;70,4588061307207;678,4060341091117;40,2396732337678;187,62323646118807;529,840527192325;3763,4530222734925;9773,616244341585;0,28182551813813184;0,16886913860359892
54,416666666666664;679,9999875838745;679,4989620676155;12,67319321690934;69,63908778211578;678,4215157025062;39,8488284802994;185,80543971096336;530,2182251023598;3753,9865013999674;9754,952653803823;0,2817883623139851;0,16884127173548882
54,5;679,9999879105956;679,5047957901911;12,52563790647514;68,82891206204114;678,4368462557038;39,461797034206825;184,005290136755;530,5949620667403;3744,5440620378663;9736,310219387704;0,2817515689863108;0,16881367673973313
54,583333333333336;679,9999882287192;679,5105614921647;12,379803010111345;68,02816774788218;678,4520272548623;39,078541372293785;182,2226157935395;530,9707404056708;3735,125646096381;9717,689002657506;0,28171513458833053;0,1687863509412479
54,666666666666664;679,9999885384716;679,5162599688648;12,2356684138623;67,23674491627442;678,4670601712846;38,69902434642256;180,45724642211772;531,345562435675;3725,7311955762107;9699,089064566031;0,28167905558891687;0,16875929169168766
54,75;679,9999888400731;679,5218920062701;12,093214240169914;66,45453492786508;678,4819464615721;38,32320917967422;178,70901343250503;531,7194304695828;3716,360652569915;9680,51046545711;0,281643328492227;0,16873249636917026
54,833333333333336;679,9999891337382;679,5274583811209;11,95242084507413;65,6814304122588;678,4966875677748;37,951059462525905;176,97774988733786;532,0923468165159;3707,013959262258;9661,953265068052;0,2816079498373406;0,16870596237800545
54,916666666666664;679,9999894196757;679,5329598610284;11,813268815430433;64,91732525311836;678,5112849175414;37,58253914908494;175,26329048553978;532,4643137818754;3697,6910579305554;9643,417522532147;0,28157291619790065;0,1686796871484255
55,0;679,999989698089;679,5383972045832;11,67573896618137;64,16211457349306;678,5257399242666;37,21761255335707;173,5654715461481;532,8353336673279;3688,3918909450076;9624,903296381166;0,28153822418176006;0,16865366813632005
55,083333333333336;679,9999899691761;679,5437711614626;11,539812337645117;63,415694721249054;678,5400539872377;36,856244345560185;171,8841309922518;533,2054087707929;3679,11640076903;9606,410644547814;0,2815038704306295;0,16862790282297216
55,166666666666664;679,9999902331298;679,5490824725359;11,405470192838152;62,677963254712665;678,5542284917784;36,498399548460725;170,21910833511882;533,5745413864304;3669,8645299595796;9587,939624368257;0,2814698516197318;0,16860238871479885
55,25;679,9999904901376;679,5543318699696;11,272694014846252;61,94881892852217;678,5682648093928;36,14404353378404;168,57024465853334;533,9427338046278;3660,636221167485;9569,49029258461;0,28143616445745734;0,16857712334309305
55,333333333333336;679,9999907403825;679,5595200773297;11,141465504201165;61,22816167952317;678,5821642979063;35,79314201862189;166,93738260320737;534,3099883119879;3651,4314171377464;9551,062705347435;0,28140280568502496;0,1685521042637687
55,416666666666664;679,9999909840424;679,5646478096844;11,011766576319815;60,515892613027304;678,5959283016058;35,4456610619053;165,32036635137342;534,676307191317;3642,250060709864;9532,65691821824;0,2813697720761461;0,16852732905710957
55,5;679,9999912212905;679,5697157737047;10,883579358949191;59,8119139890323;678,6095581513783;35,10156706091436;163,71904161159551;535,0416927216127;3633,092094818133;9514,272986171989;0,281337060436692;0,168502795327519
55,583333333333336;679,9999914522957;679,5747246677638;10,756886189645343;59,11612920868417;678,623055164848;34,76082674780514;162,13325560360065;535,4061471780518;3623,957462491947;9495,910963599596;0,2813046676043648;0,16847850070327364
55,666666666666664;679,9999916772222;679,5796751820354;10,631669613297845;58,42844280096241;678,6364206465115;34,423407186193344;160,5628570433947;535,7696728319796;3614,846106856098;9477,57090431044;0,2812725904483724;0,16845444283627928
55,75;679,9999918962299;679,5845679985913;10,507912379668483;57,748760409413556;678,6496558878724;34,08927576776648;159,0076961284563;536,132271950898;3605,7579711310636;9459,252861534882;0,28124082586910615;0,16843061940182963
55,833333333333336;679,9999921094744;679,5894037914966;10,385597440964034;57,07698877910283;678,6627621675739;33,75840020893577;157,46762452307922;536,4939467984544;3596,6929986332957;9440,956887926754;0,2812093707978227;0,16840702809836702
55,916666666666664;679,9999923171077;679,5941832269051;10,264707949446006;56,413035743720805;678,6757407515296;33,430748547513645;155,9424953438875;536,854699634431;3587,6511327754997;9422,683035565877;0,281178222196329;0,16838366664724674
56,0;679,9999925192773;679,598906963153;10,145227255065947;55,75681021286941;678,6885928930542;33,10628913945379;154,43216314553197;537,2145327147334;3578,6323170669193;9404,431355960603;0,2811473770566699;0,16836053279250246
56,083333333333336;679,9999927161269;679,6035756508512;10,027138903106447;55,10822215933328;678,7013198329914;32,78499065557696;152,93648390637438;537,573448291381;3569,636495113596;9386,201900050273;0,2811168324008205;0,16833762430061544
56,166666666666664;679,9999929077966;679,6081899329768;9,910426631893188;54,46718260677763;678,7139227998415;32,466822078387736;151,45531501453797;537,9314486124957;3560,663610618647;9367,994718207785;0,2810865852803804;0,1683149389602853
56,25;679,9999930944225;679,6127504449635;9,795074370495627;53,83360361732973;678,7264030098868;32,15175269887709;149,98851525389233;538,2885359222921;3551,7136073825213;9349,80986024207;0,2810566327762717;0,16829247458220378
56,333333333333336;679,9999932761377;679,6172578147907;9,681066236476;53,20739827944632;678,7387616673163;31,83975211339316;148,5359447903099;538,6447124610675;3542,78642930326;9331,647375400626;0,2810269719984408;0,1682702289988306
56,416666666666664;679,999993453071;679,6217126630721;9,568386533675266;52,58848069597966;678,7509999643489;31,530790220534755;147,09746515805844;538,9999804651916;3533,882020376757;9313,507312372056;0,28099760008556257;0,16824820006417193
56,5;679,9999936253486;679,6261156031422;9,457019749973483;51,97676597210789;678,763119081355;31,22483721805338;145,67293924615652;539,3543421670977;3525,000324696987;9295,3897192885;0,2809685142047481;0,1682263856535611
56,583333333333336;679,9999937930927;679,6304672411429;9,346950555158173;51,37217020381779;678,7751201869771;30,92186359984055;144,26223128519428;539,7077997952722;3516,141286456272;9277,294643728266;0,2809397115512549;0,1682047836634412
56,666666666666664;679,9999939564229;679,6347681761083;9,238163798744381;50,774610466154954;678,7870044382497;30,62184015288949;142,865206833903;540,060355574246;3507,3048499455126;9259,222132718267;0,2809111893482007;0,1681833920111505
56,75;679,999994115455;679,6390190000487;9,130644507865782;50,18400480182766;678,7987729807163;30,32473795433077;141,48173276616544;540,4120117245853;3498,4909595544223;9241,172232736571;0,28088294484628085;0,16816220863471065
56,833333333333336;679,9999942703025;679,6432202980338;9,024377885157264;49,60027220979136;678,8104269485469;30,030528368467913;140,11167725793953;540,7627704628823;3489,6995597717423;9223,144989714858;0,28085497532348735;0,16814123149261553
56,916666666666664;679,9999944210751;679,6473726482745;8,919349306717095;49,02333263422567;678,8219674646534;29,73918304388974;138,75490977455692;541,1126340017464;3480,9305951855067;9205,140449041051;0,28082727808483177;0,16812045856362384
57,0;679,9999945678804;679,6514766222042;8,815544320015078;48,45310695327385;678,8333956408036;29,450673910542946;137,41130105780746;541,4616045497962;3472,184010483218;9187,158655561696;0,28079985046207134;0,16809988784655355
57,083333333333336;679,9999947108225;679,6555327845583;8,712948641905882;47,88951696825728;678,8447125777346;29,164973176921194;136,08072311354655;541,8096843116506;3463,4597504521053;9169,19965358459;0,28077268981343684;0,16807951736007765
57,166666666666664;679,9999948500033;679,6595416934541;8,611548156605409;47,33248539279287;678,855919365265;28,882053327197355;134,76304919905138;542,1568754879205;3454,7577599792985;9151,263486881195;0,28074579352336404;0,16805934514252305
57,25;679,9999949855215;679,6635039004683;8,511328913729699;46,78193584215765;678,8670170824048;28,60188711845808;133,45815381079728;542,5031802752009;3446,07798405207;9133,35019868923;0,28071915900222844;0,16803936925167137
57,333333333333336;679,9999951174739;679,6674199507145;8,412277126330991;46,23779282270669;678,8780067974659;28,324447577918477;132,16591267218044;542,8486008660628;3437,420367758017;9115,45983171513;0,28069278368608186;0,16801958776456138
57,416666666666664;679,9999952459539;679,6712903829194;8,314379168984942;45,69998172150415;678,88888956817;28,049708000199303;130,8862027214548;543,1931394490458;3428,784856285276;9097,592428136595;0,2806666650363919;0,16799999877729394
57,5;679,999995371053;679,6751157294985;8,21762157586079;45,168428795886534;678,899666441756;27,777641944595644;129,61890209967314;543,5367982086501;3420,1713949227014;9079,748029605036;0,28064080053978546;0,16798060040483914
57,583333333333336;679,9999954928603;679,6788965166301;8,121991038862575;44,64306116344264;678,9103384550862;27,508223232425166;128,36389013896172;543,8795793253294;3411,5799290600735;9061,926677248155;0,2806151877077932;0,1679613907808449
57,666666666666664;679,9999956114623;679,682633264329;8,027474405756152;44,123806791862634;678,920906634751;27,241425944353637;127,1210473506672;544,2214849754833;3403,0104041882737;9044,128411672393;0,2805898240765977;0,16794236805744828
57,75;679,9999957269434;679,6863264865194;7,934058678333145;43,61059448897619;678,9313719971735;26,977224417782963;125,89025541379195;544,5625173314509;3394,462765899473;9026,353272965453;0,2805647072067835;0,16792353040508765
57,833333333333336;679,9999958393856;679,6899766911068;7,841731010600483;43,103353893008574;678,9417355487119;26,71559324424777;124,67139716347461;544,9026785615029;3385,9369598873145;9008,601300698818;0,2805398346830914;0,16790487601231857
57,916666666666664;679,9999959488691;679,6935843800487;7,750478706969943;42,602015462749556;678,9519982857613;26,456507266843232;123,46435657956532;545,2419708298355;3377,4329319470694;8990,872533930195;0,28051520411417286;0,16788640308562966
58,0;679,9999960554716;679,6971500494249;7,660289220510208;42,10651046807118;678,9621611948544;26,19994157769554;122,26901877542349;545,5803962965639;3368,9506279758407;8973,167011206091;0,28049081313234947;0,1678681098492621
58,083333333333336;679,9999961592689;679,7006741895065;7,5711501511676715;41,61677098035831;678,9722252527613;25,94587151542953;121,08526998667013;545,9179571177153;3360,489993972692;8955,484770564228;0,2804666593933729;0,1678499945450297
58,166666666666664;679,9999962603348;679,7041572848249;7,483049244061135;41,13272986321537;678,9821914265881;25,69427266269031;119,91299756019558;546,2546554452231;3352,0509760388395;8937,82584953609;0,28044274057618856;0,16783205543214144
58,25;679,9999963587413;679,7075998142391;7,395974387748083;40,654320763085856;678,9920606738741;25,445120843667723;118,75208994314256;546,5904934269205;3343,633520377793;8920,190285149372;0,2804190543827021;0,16781429078702662
58,333333333333336;679,9999964545584;679,7110022510026;7,309913612556329;40,181478100235246;679,0018339426889;25,198392121680513;117,6024366721981;546,9254732065347;3335,237573295521;8902,578113930513;0,2803955985375466;0,16779669890315999
58,416666666666664;679,999996547854;679,7143650628294;7,224855088895765;39,71413705960795;679,0115121717276;24,95406279673773;116,4639283627412;547,2595969236809;3326,863081200594;8884,989371907133;0,28037237078785365;0,16777927809089024
58,5;679,9999966386946;679,7176887119593;7,140787125615589;39,2522335818732;679,0210962904055;24,712109403159843;115,33645669823781;547,5928667138569;3318,5099906043292;8867,42409461052;0,28034936890302686;0,16776202667727017
58,583333333333336;679,9999967271449;679,7209736552226;7,057698168381421;38,79570435468899;679,0305872189514;24,472508707228258;114,21991441981274;547,9252847084373;3310,1782481209425;8849,882317078136;0,2803265906745167;0,16774494300588752
58,666666666666664;679,9999968132676;679,7242203441031;6,975576798058114;38,3444868039079;679,0399858685006;24,235237704837687;113,11419531578456;548,2568530346683;3301,86780046769;8832,364073856095;0,28030403391559855;0,16772802543669893
58,75;679,999996897124;679,727429224802;6,8944117291124485;37,89851908491851;679,0492931411861;24,000273619174095;112,01919421131585;548,5875738156626;3293,5785944649806;8814,869399001574;0,2802816964611533;0,16771127234586497
58,833333333333336;679,9999969787739;679,7306007382996;6,814191808049941;37,457740074175895;679,0585099302298;23,76759389844665;110,93480695832693;548,9174491703941;3285,3105770365346;8797,39832608536;0,28025957616744857;0,16769468212558641
58,916666666666664;679,9999970582752;679,7337353204166;6,734906011857333;37,02208936073199;679,0676371200315;23,537176213602606;109,86093042526976;549,246481213693;3277,0636952094947;8779,95088819426;0,2802376709119245;0,16767825318394336
59,0;679,9999971356845;679,7368334018752;6,65654344646498;36,591507237916296;679,0766755862583;23,308998456093377;108,79746248719806;549,5746720562411;3268,837896114556;8762,527117933576;0,2802159785929802;0,16766198394473514
59,083333333333336;679,9999972110568;679,7398954083588;6,579093345231968;36,165934695132734;679,0856261959323;23,08303873565478;107,74430201585017;549,9020238045673;3260,633126986085;8745,127047429583;0,2801944971297625;0,16764587284732194
59,166666666666664;679,9999972844457;679,7429217605716;6,502545067448295;35,745313409680854;679,0944898075173;22,859275378112898;106,70134886984687;550,2285385610431;3252,449335162237;8727,75070833196;0,28017322446195836;0,1676299183464688
59,25;679,9999973559035;679,7459128742968;6,4268880968541;35,329585738765914;679,1032672710053;22,6376869232098;105,66850388499238;550,5542184238781;3244,286468085065;8710,398131816242;0,2801521585495873;0,1676141189121905
59,333333333333336;679,999997425481;679,7488691604549;6,3521120401674125;34,91869471148478;679,1119594280011;22,418252122454874;104,6456688646577;550,8790654871158;3236,144473300635;8693,069348586283;0,2801312973727973;0,167598473029598
59,416666666666664;679,9999974932275;679,7517910251605;6,2782066256517055;34,51258402106862;679,1205671118072;22,20094993699604;103,63274657028329;551,2030818406297;3228,0232984591294;8675,76438887669;0,28011063893166277;0,16758297919874707
59,5;679,9999975591913;679,7546788697792;6,2051617016749105;34,11119801702867;679,1290911475066;21,98575953550801;102,62964071191894;551,5262695701193;3219,9228913149454;8658,48328245525;0,28009018124598406;0,16756763593448804
59,583333333333336;679,9999976234194;679,7575330909833;6,132967235302544;33,714481697544315;679,1375323520458;21,772660292117507;101,63625593894474;551,8486307571064;3211,8431997268003;8641,22605862538;0,28006992235509004;0,16755244176631753
59,666666666666664;679,9999976859573;679,7603540808067;6,061613310902203;33,32238070187533;679,1458915343162;21,561631784339852;100,65249783084575;552,1701674789314;3203,784171657824;8623,992746228563;0,2800498603176411;0,16753739523823083
59,75;679,9999977468497;679,7631422266998;5,991090128765109;32,93484130287594;679,154169495235;21,35265379102691;99,67827288801523;552,4908818087496;3195,745755175648;8606,783373646753;0,28002999321143596;0,16752249490857699
59,833333333333336;679,9999978061396;679,7658979115834;5,921388003747552;32,551810399586316;679,1623670278252;21,145706290366206;98,71348852277647;552,8107758155282;3187,727898452502;8589,597968804825;0,2800103191332195;0,16750773934991461
59,916666666666664;679,9999978638693;679,7686215139015;5,85249736390665;32,17323550988233;679,170484917295;20,940769457860142;97,75805305036322;553,1298515640432;3179,730549765284;8572,436559172955;0,2799908361984921;0,16749312714886905
60,0;679,9999979200801;679,7713134076746;5,784408749195791;31,799064763314203;679,1785239411155;20,73782366435921;96,81187568006077;553,4481111148754;3171,753657495654;8555,299171769053;0,27997154254132284;0,16747865690599212
60,083333333333336;679,9999979748117;679,7739739625509;5,717112810137337;31,429246893949966;679,1864848690991;20,536849474115115;95,87486650651601;553,7655565244085;3163,7971701301185;8538,185833161213;0,2799524363141621;0,1674643272356216
60,166666666666664;679,9999980281029;679,7766035438583;5,650600306518072;31,063731233252934;679,1943684634756;20,337827642813977;94,94693650087434;554,0821898448255;3155,8610362600803;8521,096569470024;0,27993351568765856;0,1674501367657439
60,25;679,9999980799919;679,7792025126548;5,5848621061159065;30,702467703167446;679,2021754789683;20,14073911568346;94,02799750230794;554,3980131241066;3147,9452045819357;8504,031406371047;0,279914778850476;0,167436084137857
60,333333333333336;679,9999981305155;679,7817712257788;5,519889183426585;30,345406809194966;679,2099066628695;19,945565025588508;93,11796220945345;554,713028406026;3140,0496238971327;8486,990369097188;0,2798962240091133;0,167422168006835
60,416666666666664;679,9999981797096;679,7843100358987;5,455672618415974;29,992499633610656;679,2175627551143;19,752286691149834;92,2167441719649;555,0272377301497;3132,1742431122375;8469,973482441075;0,27987784938772575;0,1674083870407943
60,5;679,9999982276091;679,7868192915616;5,392203595272349;29,643697828679986;679,2251444883547;19,560885614882295;91,3242577821532;555,3406431318338;3124,3190112389952;8452,980770757462;0,2798596532279488;0,16739473992096163
60,583333333333336;679,9999982742482;679,7892993372423;5,3294734011871014;29,298953610030363;679,2326525880322;19,37134348136169;90,44041826674082;555,6532466422209;3116,4838773943843;8436,012257965576;0,2798416337887226;0,16738122534154198
60,666666666666664;679,9999983196602;679,7917505133902;5,26747342514966;28,958219750071233;679,2400877724502;19,183642155400094;89,56514167864549;555,9650502882395;3108,668790800684;8419,067967551533;0,2798237893461194;0,16736784200958957
60,75;679,999998363877;679,7941731564774;5,206195156750937;28,62144957151593;679,247450752845;18,99776368024959;88,69834488891614;556,276056092601;3100,873700785519;8402,14792257068;0,279806118193172;0,167354588644879
60,833333333333336;679,9999984069303;679,796567599045;5,1456301849896136;28,288596940874445;679,2547422334567;18,813690275800354;87,83994557862358;556,5862660737985;3093,0985567818993;8385,252145649942;0,27978861863970395;0,16734146397977798
60,916666666666664;679,9999984488509;679,7989341697493;5,085770197132433;27,95961626222723;679,261962911599;18,63140433684123;86,98986223100239;556,8956822461046;3085,3433083282966;8368,380658990243;0,27977128901216247;0,16732846675912186
61,0;679,9999984896682;679,8012731934072;5,026606977540382;27,6344624708924;679,2691134777284;18,450888431297585;86,14801412356402;557,2043066195703;3077,6079050686576;8351,53348436881;0,2797541276534518;0,16731559574008886
61,083333333333336;679,9999985294114;679,8035849910416;4,968132406526138;27,313091027141404;679,2761946155127;18,272125298494757;85,31432132022225;557,512141200023;3069,892296752448;8334,71064314149;0,2797371329227694;0,16730284969207707
61,166666666666664;679,9999985681088;679,8058698799259;4,910338459245622;26,99545791021022;679,283207001899;18,095097847466945;84,4887046636986;557,8191879890657;3062,196433234709;8317,912156245173;0,27972030319544244;0,16729022739658186
61,25;679,9999986057879;679,8081281736277;4,853217204572502;26,68151961215071;679,2901513071803;17,919789155246235;83,67108576781261;558,1254489840751;3054,5202644760793;8301,138044200088;0,27970363686276734;0,1672777276470755
61,333333333333336;679,9999986424756;679,8103601820522;4,796760804006794;26,37123313190481;679,2970281950622;17,746182465191396;82,86138700993666;558,4309261782012;3046,8637405428212;8284,388327112118;0,2796871323318506;0,16726534924888797
61,416666666666664;679,9999986781978;679,8125662114859;4,740961510583475;26,06455596933514;679,3038383227288;17,57426118533374;82,05953152352919;558,7356215603656;3039,226811606861;8267,663024675148;0,2796707880254509;0,1672530910190882
61,5;679,9999987129801;679,814746564638;4,685811667798134;25,76144611939612;679,3105823409071;17,40400888672582;81,2654431906843;559,0395371152613;3031,6094279458043;8250,962156173373;0,27965460238182294;0,16724095178636722
61,583333333333336;679,999998746847;679,8169015406831;4,631303708552537;25,46186206637776;679,3172608939323;17,235409301824234;80,47904663484206;559,3426748233512;3024,0115399429696;8234,285740483627;0,2796385738545626;0,16722893039092193
61,666666666666664;679,9999987798228;679,8190314353027;4,577430154097328;25,165762778168833;679,3238746198106;17,06844632286959;79,70026721346578;559,6450366608681;3016,4330980873956;8217,633796077664;0,27962270091245467;0,167217025684341
61,75;679,9999988119308;679,8211365407254;4,524183613003174;24,873107700597597;679,330424150283;16,903104000306257;78,92903101089233;559,9466245998134;3008,874052973869;8201,006341024482;0,2796069820393209;0,16720523652949065
61,833333333333336;679,999998843194;679,8232171457682;4,471556780134733;24,58385675190813;679,3369101108871;16,739366541196432;78,16526483117826;560,2474406079573;3001,334355302936;8184,4033929926145;0,27959141573387103;0,1671935618004033
61,916666666666664;679,9999988736345;679,8252735358761;4,41954243564453;24,297970317231876;679,3433331210193;16,577218307674002;77,40889619111489;560,5474866488382;2993,8139558809185;8167,824969252433;0,2795760005095536;0,1671820003821652
62,0;679,999998903274;679,8273059931616;4,3681334439583;24,015409243088243;679,349693793996;16,416643815378507;76,65985331314036;560,8467646817624;2986,3128056199057;8151,271086678388;0,27956073489440947;0,16717055117080712
62,083333333333336;679,9999989321335;679,829314796444;4,31732275280865;23,736134832064458;679,3559927371138;16,257627731948787;75,91806511851523;561,1452766618039;2978,8308555377907;8134,7417617513465;0,279545617430927;0,16715921307319526
62,166666666666664;679,9999989602336;679,8313002212877;4,267103392237459;23,46010883745668;679,3622305517093;16,1001548754939;75,18346122042406;561,4430245398047;2971,36805675824;8118,237010560802;0,2795306466758976;0,1671479850069232
62,25;679,9999989875943;679,8332625400407;4,217468473646591;23,187293458017724;679,3684078332192;15,944210213106658;74,45597191723343;561,7400102623745;2963,9243605107226;8101,756848807189;0,27951582120027396;0,1671368659002055
62,333333333333336;679,999999014235;679,8352020218716;4,168411188840082;22,91765133279679;679,3745251712379;15,78977885937718;73,73552818576637;562,0362357718913;2956,4997181304934;8085,301291804121;0,279501139589029;0,16712585469177177
62,416666666666664;679,9999990401747;679,837118932808;4,119924809083386;22,651145535959884;679,3805831495765;15,636846074926325;73,02206167467166;562,3317030065009;2949,0940810585926;8068,870354480642;0,27948660044101636;0,16711495033076226
62,5;679,9999990654318;679,8390135357722;4,072002684165454;22,38773957171678;679,38658234632;15,485397264953349;72,31550469781357;562,6264139001182;2941,707400841844;8052,464051383482;0,279472202368832;0,16710415177662402
62,583333333333336;679,9999990900242;679,8408860906181;4,024638241489242;22,127397369320672;679,3925233338838;15,335417977794918;71,61579022778118;562,9203703824272;2934,339629132839;8036,082396679289;0,2794579439986789;0,16709345799900918
62,666666666666664;679,9999991139695;679,8427368541671;3,9778249851508463;21,870083278082397;679,3984066790707;15,186893903509713;70,92285188944697;563,2135743788817;2926,9907176899237;8019,725404156854;0,27944382397023027;0,16708286797767272
62,75;679,9999991372848;679,8445660802436;3,9315564950584303;21,615762062539655;679,4042329431262;15,039810872468706;70,23662395358323;563,5060278107057;2919,6606183771933;8003,393087229362;0,27942984093649714;0,16707238070237285
62,833333333333336;679,9999991599865;679,84637401971;3,885826426031258;21,36439889755358;679,410002681794;14,894154853965347;69,55704133055248;563,7977325948947;2912,3492831644767;7987,085458936616;0,2794159935636943;0,16706199517277076
62,916666666666664;679,9999991820908;679,8481609205014;3,8406285069129353;21,115959363468313;679,4157164453703;14,749911954811523;68,8840395639485;564,088690644216;2905,0566641272953;7970,802531947185;0,2794022805311112;0,16705171039833341
63,0;679,9999992036135;679,8499270276601;3,795956539735812;20,870409441541863;679,4213747787583;14,607068418013114;68,21755482457098;564,3789038672099;2897,7827134468725;7954,544318560709;0,2793887005309802;0,16704152539823514
63,083333333333336;679,9999992245698;679,8516725833692;3,7518043988342242;20,627715509125068;679,426978221521;14,465610621380165;67,55752390413251;564,6683741681911;2890,527383410088;7938,310830710019;0,27937525226834947;0,16703143920126212
63,166666666666664;679,9999992449747;679,8533978269863;3,7081660300145813;20,3878443351167;679,4325273079354;14,325525076219492;66,90388420931546;564,9571034472493;2883,290626409467;7922,1020799634;0,27936193446095503;0,1670214508457163
63,25;679,9999992648426;679,8551029950764;3,665035449708398;20,150763075350746;679,4380225670437;14,186798425981806;66,25657375562322;565,2450936002508;2876,072394943134;7905,918077526702;0,279348745839095;0,16701155937932127
63,333333333333336;679,9999992841877;679,8567883214446;3,62240674415375;19,91643926812422;679,4434645227059;14,049417444971368;65,61553116152359;565,5323465188396;2868,8726416147942;7889,758834245581;0,2793356851455059;0,1670017638591294
63,416666666666664;679,9999993030237;679,8584540371685;3,5802740685767276;19,684840829734625;679,448853693651;13,913369037044276;64,9806956425264;565,8188640904392;2861,6913191337007;7873,624360607649;0,2793227511352375;0,16699206335142816
63,5;679,9999993213642;679,86010037063;3,5386316463814182;19,45593605003201;679,454190593528;13,778640234318118;64,35200700532704;566,1046481982535;2854,5283803146135;7857,51466674464;0,2793099425755328;0,16698245693164962
63,583333333333336;679,9999993392219;679,8617275475472;3,497473768354098;19,22969358812602;679,459475730956;13,645218195904363;63,729405642044654;566,3897007212689;2847,383778077767;7841,429762434583;0,2792972582457056;0,1669729436842792
63,666666666666664;679,9999993566098;679,8633357910049;3,4567947918674236;19,00608246797666;679,4647096095742;13,513090206646439;63,11283252446037;566,674023534256;2840,2574654488235;7825,3696571039245;0,27928469693702185;0,16696352270276638
63,75;679,9999993735402;679,8649253214863;3,416589140121573;18,785072074304935;679,4698927280915;13,382243675889072;62,50222919844911;566,9576185077711;2833,1493955588458;7809,334359829739;0,27927225745258033;0,1669541930894353
63,833333333333336;679,999999390025;679,8664963569026;3,376851301345596;18,566632148207788;679,4750255803348;13,252666136216362;61,89753777822188;567,2404875081583;2826,0595216442252;7793,323879341773;0,27925993860719656;0,1669449539553974
63,916666666666664;679,999999406076;679,8680491126236;3,3375758280584478;18,350732783107492;679,4801086552975;13,124345242255231;61,29870094087295;567,5226323975511;2818,987797046668;7777,338224024661;0,27924773922728596;0,1669358044204645
64,0;679,9999994217047;679,8695838015071;3,298757336310132;18,137344420642812;679,4851424371877;12,997268769461812;60,70566192087336;567,8040550338749;2811,934175213122;7761,377401920007;0,27923565815074947;0,1669267436130621
64,08333333333333;679,999999436922;679,8711006339289;3,260390504939892;17,92643784657475;679,4901274054754;12,871424612924898;60,11836450460161;568,0847572708489;2804,8986096957465;7745,441420728541;0,27922369422685905;0,1669177706701443
64,16666666666667;679,9999994517391;679,8725998178109;3,2224700748287205;17,7179841867601;679,4950640349391;12,746800786166546;59,536753024903064;568,3647409579881;2797,88105415183;7729,530287812152;0,27921184631614615;0,1669088847371096
64,25;679,9999994661662;679,8740815586506;3,184990848205871;17,511954903284913;679,4999527957125;12,623385419999522;58,96077235585953;568,6440079406061;2790,8814623437734;7713,644010196101;0,27920011329029004;0,16690008496771752
64,33333333333333;679,9999994802135;679,875546059549;3,147947687889996;17,308321790394444;679,5047941533305;12,50116676134212;58,39036790740221;568,9225600598168;2783,8997881390014;7697,78259457102;0,27918849403200674;0,16689137052400507
64,41666666666667;679,9999994938913;679,8769935212391;3,111335516612712;17,107056970742907;679,5095885687745;12,380133172075602;57,82548562011005;569,2003991525372;2776,9359855099196;7681,946047295058;0,2791769874349413;0,16688274057620597
64,5;679,9999995072093;679,878424142113;3,0751493163052146;16,908132891531775;679,5143364985174;12,26027312792155;57,266071960069894;569,4775270514901;2769,9900085338527;7666,134374395956;0,2791655924035582;0,16687419430266864
64,58333333333333;679,9999995201766;679,8798381182496;3,0393841274076294;16,711522320711065;679,5190383945686;12,141575217296463;56,71207391367064;569,7539455852063;2763,0618113929786;7650,3475815731135;0,2791543078530353;0,1668657308897765
64,66666666666667;679,9999995328028;679,8812356434416;3,004035048175524;16,517198343200022;679,5236947045174;12,024028140200471;56,16343898253754;570,0296565780276;2756,1513483742574;7634,585674199634;0,27914313270915814;0,16685734953186865
64,75;679,9999995450968;679,8826169092224;2,96909723402905;16,325134357320977;679,5283058715773;11,90762070713447;55,62011517856939;570,3046618501091;2749,2585738693806;7618,848657324436;0,2791320659082144;0,16684904943116077
64,83333333333333;679,9999995570672;679,8839821048921;2,9345658968594535;16,13530407102972;679,5328723346291;11,792341837985987;55,082051018872775;570,5789632174228;2742,383442374691;7603,136535674282;0,2791211063968901;0,16684082979766757
64,91666666666667;679,9999995687226;679,885331417544;2,9004363043782178;15,947681498334816;679,5373945282633;11,678180560952;54,549195520844606;570,8525624917596;2735,5259084911095;7587,449313655799;0,279110253132168;0,16683268984912597
65,0;679,9999995800714;679,8866650320901;2,8667037794662065;15,762240955736331;679,5418728828231;11,565126011481652;54,021498197324604;571,1254614807328;2728,685926924075;7571,786995357559;0,27909950508122455;0,16682462881091842
65,08333333333333;679,9999995911215;679,8879831312872;2,8333636995313327;15,57895705874206;679,5463078244458;11,45316743120759;53,498909051747894;571,3976619877811;2721,8634524834642;7556,1495845521085;0,27908886122133014;0,16681664591599762
65,16666666666667;679,9999996018809;679,8892858957611;2,800411495857702;15,397804718291702;679,5506997751046;11,342294166894362;52,981378573309826;571,6691658121717;2715,05844008351;7540,537084697955;0,279078320539749;0,16680874040481175
65,25;679,999999612357;679,8905735040323;2,7678426529945455;15,218759137403923;679,5550491526499;11,232495669406717;52,46885773227505;571,9399747490035;2708,270844742728;7524,949498941607;0,2790678820336403;0,16680091152523024
65,33333333333333;679,9999996225577;679,8918461325403;2,7356527081167314;15,041795807702284;679,5593563708493;11,123761492677886;51,96129797524533;572,2100905892099;2701,5006215838384;7509,386830119595;0,2790575447099617;0,1667931585324713
65,41666666666667;679,9999996324897;679,893103955668;2,703837250433594;14,866890506164042;679,5636218394287;11,016081292709146;51,45865122060453;572,4795151195631;2694,747725833693;7493,849080760481;0,27904730758537105;0,1667854806890283
65,5;679,9999996421604;679,8943471457658;2,6723919205409175;14,694019291592788;679,5678459641117;10,909444826523895;50,96086985371639;572,7482501226765;2688,012112823165;7478,336253086785;0,2790371696861319;0,16677787726459892
65,58333333333333;679,9999996515768;679,8955758731751;2,641312409866714;14,523158501565907;679,572029146659;10,803841951218374;50,467906722604276;573,0162973770088;2681,2937379870987;7462,848349017078;0,2790271300480184;0,16677034753601377
65,66666666666667;679,9999996607452;679,8967903062519;2,610594460043103;14,354284749018655;679,5761717849078;10,699262622944161;49,979715133276656;573,2836586568671;2674,5925568642006;7447,3853701678845;0,2790171877162212;0,16676289078716588
65,75;679,9999996696724;679,8979906113901;2,580233862332193;14,18737491909956;679,5802742728105;10,595696895933315;49,496248845291476;573,5503357324111;2667,9085250969506;7431,947317855658;0,2790073417452549;0,16675550630894115
65,83333333333333;679,9999996783648;679,8991769530445;2,550226457057647;14,022406166045206;679,5843370004725;10,493134921549085;49,01746206739057;573,8163303696559;2661,2415984315335;7416,534193098818;0,278997591198866;0,16674819339914954
65,91666666666667;679,9999996868283;679,9003494937531;2,520568133007828;13,859355909938747;679,5883603541907;10,391566947308206;48,54330945303521;574,0816443304766;2654,591732717722;7401,145996619617;0,27898793514994225;0,16674095136245667
66,0;679,9999996950693;679,9015083941597;2,4912548268815726;13,698201833657363;679,5923447164909;10,290983315940139;48,07374609609812;574,3462793726114;2647,9588839087937;7385,7827288461285;0,2789783726804219;0,16673377951031645
66,08333333333333;679,9999997030933;679,9026538130361;2,462282522739656;13,538921879892403;679,5962904661643;10,191374464460523;47,60872752662973;574,6102372496662;2641,343008061446;7370,444389914231;0,2789689028812057;0,16672667716090425
66,16666666666667;679,9999997109062;679,9037859073037;2,4336472514306706;13,381494247970886;679,6001979783055;10,092730923224735;47,148209706496615;574,8735197111175;2634,744061335678;7355,130979669447;0,2789595248520669;0,16671964363905017
66,25;679,9999997185134;679,9049048320556;2,405345090062383;13,225897391016156;679,6040676243479;9,995043315018393;46,692149025258935;575,1361285023173;2628,161999994717;7339,842497668975;0,27895023770156513;0,16671267827617384
66,33333333333333;679,9999997259205;679,9060107405776;2,3773721614446686;13,072110012846888;679,6078997721;9,898302354139332;46,24050229592423;575,3980653644968;2621,596780404903;7324,578943183544;0,2789410405469599;0,16670578041021994
66,41666666666667;679,9999997331328;679,9071037843689;2,3497246335722366;12,920111065186216;679,6116947857817;9,802498845510854;45,79322675091131;575,6593320347703;2615,0483590355916;7309,34031519935;0,278931932514124;0,16669894938559304
66,5;679,9999997401552;679,908184113164;2,322398719095986;12,76987974473516;679,6154530260584;9,70762368377791;45,35028003789056;575,9199302461396;2608,516692459062;7294,126612419973;0,27892291273745984;0,1666921845530949
66,58333333333333;679,9999997469928;679,9092518749525;2,295390674780151;12,621395490226705;679,6191748500772;9,613667852420349;44,91162021573136;576,1798617274985;2602,001737350389;7278,937833268219;0,27891398035981463;0,166685485269861
66,66666666666667;679,9999997536505;679,9103072159995;2,2686968010077635;12,474637979722116;679,622860611501;9,520622422888891;44,47720575053596;576,4391282036362;2595,5034504873565;7263,773975888076;0,2789051345323976;0,16667885089929824
66,75;679,999999760133;679,9113502808664;2,242313441274746;12,329587127805528;679,6265106605426;9,428478553738273;44,04699551166099;576,6977313952425;2589,021788750358;7248,635038146584;0,27889637441469767;0,16667228081102325
66,83333333333333;679,999999766445;679,9123812124298;2,2162369816669525;12,18622308275913;679,6301253439991;9,33722748976038;43,620948767751386;576,9556730189119;2582,556709122264;7233,521017635672;0,27888769917440215;0,1666657743808016
66,91666666666667;679,9999997725907;679,913400151902;2,1904638503798424;12,044526223922482;679,6337050052852;9,246860561145809;43,199025182885464;577,2129547871479;2576,108168688327;7218,431911674054;0,27887910798731563;0,16665933099048674
67,0;679,9999997785749;679,9144072388501;2,164990517218257;11,9044771589404;679,6372499844663;9,15736918263974;42,78118481270351;577,4695784083675;2569,676124636072;7203,367717309097;0,2788706000372809;0,1666529500279607
67,08333333333333;679,9999997844014;679,9154026112153;2,139813493118936;11,766056721165873;679,6407606182919;9,068744852714872;42,367388100614676;577,7255455869063;2563,260534255184;7188,328431318669;0,27886217451609946;0,1666466308870746
67,16666666666667;679,9999997900749;679,9163864053317;2,114929329653137;11,62924596693216;679,6442372402279;8,980979152738655;41,95759587398324;577,980858023022;2556,8613549373795;7173,314050212945;0,27885383062345304;0,16664037296758982
67,25;679,9999997955988;679,917358755945;2,090334618580414;11,494026173110777;679,6476801804889;8,894063746174652;41,551769340442526;578,2355174129005;2550,4785441763206;7158,324570236332;0,27884556756682655;0,16663417567511996
67,33333333333333;679,9999998009775;679,9183197962316;2,0660259913455548;11,360378834330286;679,6510897660704;8,807990377746933;41,14987008406888;578,4895254486594;2544,112059567456;7143,359987369165;0,27883738456143103;0,16662803842107327
67,41666666666667;679,9999998062146;679,9192696578162;2,042000118649412;11,228285660689327;679,65446632078;8,722750872678375;40,75186006189736;578,7428838183531;2537,761858807954;7128,420297329696;0,27882928083012803;0,16662196062259602
67,5;679,999999811314;679,9202084707905;2,0182537099600495;11,097728574999639;679,6578101652689;8,638337135866436;40,35770160011215;578,9955942059781;2531,4278996965386;7113,5054955757505;0,2788212556033547;0,16661594170251603
67,58333333333333;679,999999816279;679,9211363637306;1,9947835130864178;10,968689710513633;679,6611216170631;8,554741151127132;39,96735739058704;579,2476582914775;2525,1101401333954;7098,615577306642;0,2788133081190485;0,16660998108928635
67,66666666666667;679,9999998211135;679,9220534637151;1,9715863137093947;10,841151408327299;679,6644009905941;8,47195498039639;39,580790487215815;579,4990777507455;2518,808538120038;7083,750537464909;0,27880543762257415;0,1666040782169306
67,75;679,9999998258207;679,9229598963423;1,948658934961145;10,715096215083552;679,667648597229;8,3899707629854;39,197964302493915;579,7498542556333;2512,5230517592;7068,910370738177;0,27879764336665036;0,1665982325249878
67,83333333333333;679,9999998304042;679,9238557857475;1,9259982369618456;10,590506880438136;679,6708647453007;8,308780714793329;38,818842603890054;579,9999894739533;2506,2536392546863;7054,095071560846;0,2787899246112783;0,1665924434584587
67,91666666666667;679,999999834867;679,9247412546204;1,9036011164189404;10,467366354840488;679,6740497401379;8,22837712758826;38,44338951053904;580,2494850694845;2500,0002589112737;7039,304634115957;0,27878228062366905;0,1665867104677518
68,0;679,9999998392124;679,9256164242213;1,881464506166708;10,345657787052941;679,6772038840943;8,148752368228429;38,07156948968753;580,4983427019778;2493,762869134562;7024,5390523368915;0,27877471067817367;0,16658103300863028
68,08333333333333;679,9999998434433;679,9264814143986;1,8595853747768842;10,22536452198489;679,680327476578;8,069898877951687;37,70334735338688;580,7465640271605;2487,5414284308645;7009,79831990919;0,27876721405621285;0,16657541054215963
68,16666666666667;679,999999847563;679,9273363436046;1,8379607261181263;10,106470098289517;679,6834208140803;7,99180917163369;37,338688255120076;580,9941506967424;2481,335895407071;6995,082430272278;0,2787597900462074;0,16656984253465554
68,25;679,9999998515743;679,928181328912;1,8165875989609503;9,988958246202795;679,6864841902044;7,914475837068835;36,97755768646988;581,2411043584202;2475,1462287705153;6980,391376621212;0,27875243794350946;0,16656432845763208
68,33333333333333;679,9999998554799;679,9290164860304;1,7954630665570903;9,872812885237135;679,6895178956937;7,837891534248342;36,61992147380345;581,4874266558835;2468,972387328853;6965,725151908432;0,2787451570503351;0,1665588677877513
68,41666666666667;679,999999859283;679,9298419293214;1,774584236238752;9,758018121976772;679,69252221846;7,762048994655402;36,26574577503519;581,7331192288195;2462,8143299899107;6951,083748845452;0,27873794667569596;0,16655346000677201
68,5;679,9999998629858;679,9306577718149;1,7539482490406044;9,644558248013672;679,695497443611;7,6869410205745226;35,91499707643905;581,978183712919;2456,6720157615864;6936,467159904674;0,27873080613533363;0,16654810460150024
68,58333333333333;679,9999998665912;679,9314641252248;1,7335522792706115;9,53241773760726;679,6984438534779;7,612560484369624;35,567642189341335;582,2226217398811;2450,54540375167;6921,875377320977;0,278723734751653;0,16654280106373978
68,66666666666667;679,9999998701018;679,9322610999637;1,7133935341604456;9,421581245741455;679,7013617276428;7,538900327833176;35,223648247101885;582,4664349374195;2444,434453167753;6907,308393093554;0,2787167318536572;0,1665375488902429
68,75;679,9999998735199;679,9330488051586;1,6934692534505302;9,312033605886153;679,7042513429656;7,465953561472816;34,88298270186045;582,7096249292674;2438,3391233170555;6892,766198987515;0,2787097967768827;0,166532347582662
68,83333333333333;679,9999998768482;679,9338273486655;1,6737767090319267;9,203759827996109;679,7071129736103;7,393713263857649;34,5456133214931;582,9521933351831;2432,2593736063113;6878,248786535634;0,27870292886333536;0,1665271966475015
68,91666666666667;679,9999998800888;679,9345968370849;1,654313204565483;9,0967450964517;679,7099468910719;7,322172580947495;34,21150818654812;583,1941417709559;2426,1951635416267;6863,756147040038;0,27869612746142736;0,16652209559607054
69,0;679,9999998832442;679,9353573757754;1,6350760750981408;8,990974767941525;679,7127533642025;7,251324725422137;33,88063568714059;583,4354718484112;2420,1464527283233;6849,288271573826;0,27868939192591397;0,16651704394443548
69,08333333333333;679,9999998863166;679,9361090688693;1,616062686719033;8,886434369596978;679,715532659237;7,181162976041833;33,5529645200283;583,6761851754169;2414,113200870824;6834,84515098283;0,27868272161783103;0,1665120412133733
69,16666666666667;679,999999889308;679,9368520192861;1,597270436181475;8,783109596884536;679,7182850398191;7,11168067698793;33,22846368554345;583,9162833558885;2408,095367772492;6820,426775887209;0,2786761159044342;0,16650708692832566
69,25;679,9999998922208;679,937586328747;1,5786967505476923;8,680986311696719;679,721010767026;7,04287123722338;32,90710248467679;584,155767989795;2402,0929133354884;6806,033136683117;0,2786695741591376;0,16650218061935326
69,33333333333333;679,9999998950569;679,9383120977888;1,5603390868449196;8,580050540443047;679,7237100993941;6,9747281298703;32,58885051619048;584,3946406731648;2396,105797560645;6791,664223544386;0,2786630957614541;0,1664973218210906
69,41666666666667;679,9999998978184;679,9390294257776;1,5421949317044437;8,480288472082847;679,7263832929441;6,907244891570485;32,273677673673454;584,6329029980913;2390,1339805473044;6777,320026424137;0,2786566800969342;0,16649251007270063
69,5;679,9999999005073;679,9397384109226;1,5242618010205433;8,381686456250137;679,729030601205;6,840415121857291;31,961554142646033;584,8705565527389;2384,1774224931783;6763,000535056407;0,2786503265571081;0,16648774491783108
69,58333333333333;679,9999999031253;679,9404391502896;1,5065372396179555;8,284231001417243;679,7316522752387;6,774232482558773;31,65245039781707;585,1076029213491;2378,2360836942103;6748,705738957819;0,27864403453942704;0,1664830259045703
69,66666666666667;679,9999999056746;679,9411317398144;1,4890188208909194;8,187908772956701;679,7342485636647;6,708690697163888;31,34633720015155;585,3440436842459;2372,3099245444046;6734,435627429124;0,2786378034472048;0,1664783525854036
69,75;679,9999999081566;679,9418162743156;1,4717041465047487;8,092706591459924;679,7368197126832;6,643783550248372;31,043185594226514;585,5798804178421;2366,398905535718;6720,190189556925;0,2786316326895603;0,16647372451717024
69,83333333333333;679,9999999105734;679,9424928475079;1,454590846026349;7,998611430726425;679,7393659660993;6,579504886835252;30,74296690527811;585,8151146946453;2360,5029872578625;6705,969414215137;0,2786255216813617;0,16646914126102128
69,91666666666667;679,9999999129266;679,9431615520151;1,437676576637159;7,905610416213304;679,7418875653462;6,515848611851993;30,44565273671401;586,0497480832639;2354,622130398201;6691,7732900667315;0,278619469843169;0,16646460238237676
70,0;679,9999999152178;679,9438224793826;1,4209590227864055;7,813690823097151;679,7443847495088;6,4528086895080605;30,15121496721399;586,283782148413;2348,756295741566;6677,601805565223;0,27861347660117897;0,16646010745088424
70,08333333333333;679,9999999174488;679,9444757200899;1,4044358958813064;7,722840074602404;679,7468577553459;6,390379142726488;29,859625748131158;586,5172184509206;2342,9054441701196;6663,4549489562805;0,2786075413871698;0,16645565604037738
70,16666666666667;679,9999999196211;679,9451213635634;1,38810493397159;7,633045740252211;679,7493068173139;6,328554052572599;29,570857500843772;586,7500585477338;2337,069536663205;6649,332708279325;0,2786016636384465;0,1664512477288349
70,25;679,9999999217363;679,9457594981883;1,371963901442541;7,5442955341968;679,7517321675888;6,2673275576798915;29,284882914111147;586,9823039919248;2331,2485342971827;6635,235071369058;0,27859584279778693;0,1664468820983402
70,33333333333333;679,9999999237957;679,9463902113209;1,3560105886995188;7,4565773134885545;679,7541340360884;6,206693853687284;29,001674941483127;587,2139563326972;2325,4423982452863;6621,162025857052;0,2785900783133878;0,16644255873504082
70,41666666666667;679,9999999258009;679,9470135893006;1,3402428118695298;7,369879076429771;679,7565126504949;6,146647192682053;28,721206798701324;587,4450171153921;2319,651089777463;6607,113559173284;0,2785843696388123;0,16643827722910923
70,5;679,9999999277535;679,9476297174615;1,3246584125084837;7,284188960973714;679,758868236276;6,087181882651294;28,44345196119917;587,6754878814946;2313,874570260219;6593,089658547679;0,2785787162329375;0,16643403717470312
70,58333333333333;679,9999999296546;679,9482386801446;1,3092552572999239;7,19949524308206;679,7612010167076;6,028292286936221;28,16838416156494;587,9053701686397;2308,1128011564715;6579,09031101169;0,2785731175599019;0,1664298381699264
70,66666666666667;679,9999999315056;679,9488405607091;1,2940312377480723;7,115786335024203;679,763511212894;5,969972823675107;27,895977386975925;588,1346655106187;2302,3657440253714;6565,115503399747;0,27856757308905455;0,1664256798167909
70,75;679,999999933308;679,9494354415436;1,2789842699135079;7,033050783943047;679,7657990437901;5,912217965291688;27,626205876826173;588,3633754373858;2296,6333605221735;6551,165222350866;0,27856208229490365;0,16642156172117775
70,83333333333333;679,999999935063;679,9500234040781;1,2641122941090543;6,951277270168843;679,7680647262223;5,855022237946628;27,359044120210083;588,5915014750643;2290,915612398055;6537,239454310111;0,2785566446570665;0,1664174834927999
70,91666666666667;679,9999999367717;679,9506045287943;1,2494132746212472;6,870454605726845;679,7703084749086;5,798380221017396;27,09446685350074;588,8190451459528;2285,2124614999666;6523,338185530116;0,27855125966021943;0,16641344474516456
71,0;679,9999999384355;679,9511788952373;1,2348851994346433;6,790571732772276;679,7725305024801;5,742286546578157;26,832449057957067;589,046007968532;2279,5238697704717;6509,461402072579;0,27854592679404777;0,16640944509553582
71,08333333333333;679,9999999400555;679,9517465820262;1,2205260799561302;6,711617722127052;679,7747310195007;5,686735898885331;26,572965957355684;589,2723914574706;2273,8497992475886;6495,609089809788;0,27854064555319835;0,16640548416489878
71,16666666666667;679,999999941633;679,9523076668652;1,2063339507335513;6,633581771700218;679,7769102344878;5,631723013871692;26,315993015622766;589,4981971236323;2268,190212064624;6481,781234426058;0,27853541543722926;0,166401561577922
71,25;679,9999999431689;679,9528622265539;1,1923068691942262;6,5564532050828115;679,779068353932;5,577242678629091;26,061505934486515;589,723426474082;2262,5450704500167;6467,977821419257;0,27853023595056325;0,16639767696292246
71,33333333333333;679,9999999446643;679,953410336998;1,1784429153749443;6,480221470045826;679,781205582317;5,523289730922443;25,80948065119139;589,9480810120923;2256,914336727172;6454,198836102243;0,27852510660243907;0,1663938299518293
71,41666666666667;679,9999999461204;679,9539520732197;1,1647401916576428;6,404876137101154;679,7833221221393;5,469859058680981;25,559893336179375;590,1721622371502;2251,2979733142997;6440,444263604351;0,2785200269068656;0,1663900201801492
71,5;679,9999999475382;679,9544875093682;1,1511968225164537;6,330406898101305;679,7854181739274;5,416945599526457;25,31272039087014;590,3956716449637;2245,6959427242537;6426,714088872845;0,27851499638257426;0,16638624728693072
71,58333333333333;679,9999999489187;679,9550167187292;1,13781095425054;6,256803564795506;679,7874939362611;5,364544340270072;25,067938445387604;590,6186107274681;2240,1082075643617;6413,008296674366;0,2785100145529734;0,1663825109147301
71,66666666666667;679,9999999502629;679,9555397737361;1,1245807547368258;6,184056067448788;679,7895496057905;5,312650316440681;24,82552435632361;590,8409809728327;2234,534730536265;6399,326871596371;0,27850508094610277;0,16637881070957708
71,75;679,9999999515717;679,9560567459787;1,1115044131713603;6,112154453441708;679,7915853772553;5,261258611810149;24,58545520457981;591,0627838654677;2228,9754744357565;6385,669798048595;0,27850019509458734;0,1663751463209405
71,83333333333333;679,999999952846;679,956567706214;1,0985801398248896;6,041088885913657;679,7936014435027;5,21036435791018;24,347708293123116;591,2840208860307;2223,4304021525986;6372,037060264421;0,2784953565355936;0,1663715174016952
71,91666666666667;679,9999999540869;679,9570727243752;1,085806165801273;5,97084964244495;679,7955979955062;5,1599627335832565;24,11226114489347;591,5046935114331;2217,8994766703822;6358,42864230238;0,27849056481078505;0,1663679236080888
72,0;679,999999955295;679,9575718695818;1,0731807427930562;5,901427113729208;679,7975752223844;5,110048964516523;23,879091500682847;591,7248032148472;2212,3826610663455;6344,844528047529;0,27848581946627754;0,16636436459970816
72,08333333333333;679,9999999564714;679,9580652101488;1,06070214283136;5,832811802173075;679,799533311418;5,060618322767141;23,648177316898888;591,9443514657127;2206,879918511197;6331,284701212827;0,27848112005259673;0,16636084003944754
72,16666666666667;679,9999999576168;679,9585528135963;1,0483686580641915;5,764994320699429;679,8014724480689;5,011666126333125;23,419496763612745;592,1633397297436;2201,3912122689676;6317,749145340592;0,2784764661246346;0,16635734959347595
72,25;679,9999999587321;679,9590347466583;1,0361786005120166;5,697965391400393;679,8033928159972;4,963187738695751;23,19302822241746;592,3817694689349;2195,9165056968286;6304,237843803868;0,2784718572416067;0,16635389293120503
72,33333333333333;679,9999999598181;679,9595110752924;1,0241303018460712;5,631715844311471;679,8052945970791;4,915178568373335;22,96875028436872;592,5996421415691;2190,455762244932;6290,750779807811;0,2784672929670102;0,1663504697252577
72,41666666666667;679,9999999608754;679,9599818646886;1,0122221131410924;5,5662366160936365;679,807177971424;4,867634068475013;22,746641747942075;592,8169592022236;2185,008945456224;6277,287936391064;0,2784627728685823;0,16634707965143672
72,5;679,9999999619049;679,9604471792783;1,0004524046678398;5,501518748826849;679,8090431173924;4,820549736282942;22,526681617060177;593,0337221017769;2179,576018966293;6263,849296427139;0,27845829651825815;0,16634372238869363
72,58333333333333;679,9999999629074;679,9609070827429;0,9888195656657217;5,437553388822964;679,8108902116122;4,773921112811763;22,308849099091205;593,2499322874157;2174,1569465032;6250,4348426258075;0,27845386349213064;0,166340397619098
72,66666666666667;679,9999999638835;679,9613616380228;0,9773220041125796;5,374331785341722;679,812719428996;4,727743782379434;22,093123602839018;593,4655912026419;2168,7516918872916;6237,044557534412;0,2784494733704095;0,16633710502780713
72,75;679,9999999648338;679,9618109073261;0,9659581465172096;5,31184528943758;679,8145309427579;4,682013372186589;21,879484736595128;593,6807002872793;2163,36021903104;6223,678423539245;0,2784451257373811;0,16633384430303583
72,83333333333333;679,9999999657591;679,962254952137;0,9547264376919884;5,250085352733842;679,8163249244296;4,636725551898735;21,66791230621534;593,8952609774803;2157,9824919388643;6210,336422866882;0,27844082018136884;0,16633061513602665
72,91666666666667;679,9999999666602;679,9626938332239;0,9436253405539219;5,189043526313096;679,8181015438776;4,591876033236986;21,458386313229372;594,1092747057335;2152,618474706969;6197,018537585542;0,2784365562946939;0,1663274172210204
73,0;679,9999999675375;679,9631276106483;0,9326533359086397;5,128711459549498;679,8198609693185;4,547460569565942;21,250886952905176;594,3227429008696;2147,2681315231684;6183,724749606418;0,2784323336736356;0,16632425025522674
73,08333333333333;679,9999999683918;679,9635563437728;0,9218089222315484;5,069080898892599;679,8216033673359;4,503474955475895;21,045394612354396;594,5356669880694;2141,931426666699;6170,455040684959;0,2784281519183938;0,16632111393879537
73,16666666666667;679,9999999692235;679,9639800912691;0,9110906154745635;5,010143686811075;679,823328902896;4,459915026396288;20,84188986869555;594,7480483888697;2136,6083245080604;6157,2093924222245;0,2784240106330495;0,16631800797478713
73,25;679,9999999700334;679,9643989111265;0,9004969488586312;4,9518917606540835;679,8250377393633;4,41677665818645;20,640353487200688;594,9598885211715;2131,298789508844;6143,987786266203;0,278419909425528;0,16631493206914602
73,33333333333333;679,9999999708219;679,9648128606591;0,8900264726719342;4,894317151546537;679,8267300385162;4,374055766751894;20,440766419487375;595,1711887992457;2126,002786221548;6130,790203513097;0,27841584790756113;0,16631188593067087
73,41666666666667;679,9999999715897;679,9652219965143;0,87967775407094;4,83741198329407;679,8284059605626;4,331748307643579;20,243109801685968;595,381950633741;2120,720279289407;6117,616625308619;0,27841182569464984;0,16630886927098737
73,5;679,9999999723374;679,9656263746804;0,8694493768842904;4,781168471302531;679,8300656641551;4,289850275677054;20,047364952643946;595,5921754316906;2115,451233446217;6104,467032649292;0,2784078424060278;0,16630588180452086
73,58333333333333;679,9999999730652;679,9660260504941;0,859339941425219;4,725578921550792;679,8317093064063;4,248357704557293;19,853513372224963;595,8018645965194;2110,1956135161686;6091,341406383745;0,2784038976646248;0,16630292324846865
73,66666666666667;679,999999973774;679,9664210786482;0,8493480642783879;4,670635729437561;679,8333370429037;4,207266666472265;19,661536739397878;596,0110195280506;2104,953384413645;6078,239727213936;0,27839999109703106;0,1662999933227733
73,75;679,9999999744641;679,9668115131993;0,8394723781464108;4,616331378909233;679,8349490277246;4,1665732717575565;19,471416910692312;596,2196416225132;2099,7245111430857;6065,161975696518;0,2783961223334609;0,16629709175009566
73,83333333333333;679,999999975136;679,967197407575;0,8297115316196368;4,562658441209804;679,8365454134507;4,1262736684871015;19,28313591830002;596,4277322725491;2094,5089587987723;6052,1081322439995;0,27839229100771823;0,1662942182557887
73,91666666666667;679,9999999757903;679,967578814581;0,8200641890255156;4,509609574062018;679,838126351183;4,086364042132118;19,09667596849751;596,6352928672196;2089,3066925646735;6039,07817712607;0,27838849675716093;0,1662913725678707
74,0;679,9999999764274;679,9679557864088;0,8105290302324875;4,457177520582021;679,8396919905556;4,0468406151831005;18,912019439887448;596,8423247920133;2084,1176777142664;6026,072090470839;0,2783847392226666;0,16628855441699994
74,08333333333333;679,9999999770478;679,9683283746426;0,8011047504652424;4,40535510825216;679,8412424797508;4,007699646794549;18,729148881747125;597,0488294288527;2078,941879610352;6013,089852266063;0,27838101804859805;0,16628576353644856
74,16666666666667;679,9999999776517;679,9686966302664;0,7917900601285055;4,354135247995533;679,8427779655126;3,9689374324240134;18,54804701238108;597,2548081561015;2073,7792637048756;6000,131442360383;0,2783773328827698;0,16628299966207732
74,25;679,9999999782398;679,9690606036711;0,7825836846308221;4,303510933148784;679,844298593161;3,9305503034768208;18,368696717444855;597,4602623485714;2068,6297955387545;5987,196840464557;0,27837368337641344;0,1662802625323101
74,33333333333333;679,9999999788124;679,9694203446611;0,7734843642168698;4,253475238589955;679,845804506606;3,8925346269678585;18,19108104837586;597,6651933775297;2063,493440741709;5974,286026152719;0,27837006918414564;0,16627755188810922
74,41666666666667;679,9999999793698;679,9697759024614;0,7644908537827177;4,2040213197161265;679,8472958483608;3,8548868051606178;18,015183220754192;597,8696026107064;2058,3701650320677;5961,398978863556;0,27836648996393415;0,16627486747295062
74,5;679,9999999799128;679,9701273257244;0,75560192271098;4,1551424115034346;679,848772759556;3,8176032752261335;17,84098661267174;598,0734914123008;2053,2599342165868;5948,535677901505;0,2783629453770655;0,16627220903279916
74,58333333333333;679,9999999804413;679,9704746625364;0,7468163547088125;4,106831827673678;679,8502353799529;3,7806805089189766;17,6684747632742;598,2768611429896;2048,1627141903004;5935,696102438046;0,27835943508811306;0,1662695763160848
74,66666666666667;679,9999999809561;679,9708179604241;0,7381329476231713;4,059082959613818;679,8516838479563;3,7441150122106137;17,49763137102723;598,4797131599331;2043,0784709362938;5922,880231512762;0,2783559587649048;0,1662669690736786
74,75;679,9999999814572;679,9711572663616;0,7295505132987046;4,011889275673414;679,8531183006288;3,707903324993822;17,328440292373774;598,6820488167833;2038,0071705255746;5910,088044034683;0,2783525160784909;0,16626438705886815
74,83333333333333;679,9999999819452;679,971492626776;0,7210678773901691;3,965244320059894;679,8545388737027;3,6720420207103643;17,16088553997963;598,8838694636903;2032,9487791168476;5897,319518783329;0,27834910670311347;0,1662618300273351
74,91666666666667;679,9999999824201;679,9718240875546;0,7126838792288481;3,9191417121456813;679,8559457015938;3,636527706061088;16,994951281394897;599,08517644731;2027,9032629563717;5884,574634410001;0,27834573031617493;0,1662592977371312
75,0;679,9999999828829;679,9721516940509;0,7043973716378105;3,8735751454603724;679,8573389174136;3,6013570206591794;16,830621837468374;599,2859711108113;2022,8705883777536;5871,8533694388825;0,2783423865982074;0,16625678994865556
75,08333333333333;679,9999999833333;679,9724754910904;0,6962072207983283;3,8285383869203344;679,8587186529826;3,566526636731737;16,6678816809308;599,486254793883;2017,8507218017899;5859,155702268268;0,27833907523284174;0,16625430642463135
75,16666666666667;679,9999999837718;679,9727955229775;0,6881123060708205;3,7840252758838764;679,8600850388424;3,532033258767342;16,506715434780396;599,6860288327414;2012,8436297362582;5846,481611171638;0,27833579590677826;0,1662518469300837
75,25;679,9999999841988;679,973111833501;0,6801115198555863;3,74002972336631;679,8614382042682;3,497873623234682;16,34710787096494;599,8852945601374;2007,8492787757596;5833,831074298885;0,2783325483097563;0,16624941123231723
75,33333333333333;679,9999999846145;679,9734244659401;0,6722037674450121;3,6965457112259403;679,8627782772816;3,4640444982642293;16,189043908915597;600,0840533053636;2002,8676356015353;5821,204069677445;0,27832933213452427;0,1662469991008932
75,41666666666667;679,9999999850195;679,9737334630706;0,6643879668615682;3,653567291291917;679,864105384662;3,4305426833242336;16,0325086140313;600,2822389195385;1997,8986669812741;5808,600575213423;0,27832614707681114;0,16624461030760834
75,5;679,9999999854136;679,974038867171;0,6566630487213843;3,611088584588983;679,8654196519594;3,3973650089365037;15,877487196369076;600,4799442060825;1992,944026637025;5796,024851710105;0,2783229928352974;0,16624224462647302
75,58333333333333;679,9999999857976;679,9743407200275;0,6490279560665613;3,569103780450791;679,8667212035061;3,364508336355243;15,723965009144903;600,6771701823026;1988,0013944832797;5783,4710747797535;0,27831986911158524;0,16623990183368897
75,66666666666667;679,9999999861712;679,9746390629404;0,6414816442514848;3,5276071358609387;679,8680101624283;3,3319695572856745;15,571927547440513;600,8739178643876;1983,0707450873747;5770,939238028302;0,2783167756101721;0,1662375817076291
75,75;679,9999999865352;679,9749339367294;0,6340230807722946;3,486592974532369;679,8692866506582;3,2997455935742437;15,421360446741321;601,0701882674035;1978,1520530445903;5758,429334862291;0,27831371203842037;0,16623528402881527
75,83333333333333;679,9999999868895;679,9752253817395;0,6266512451446715;3,4460556862484073;679,8705507889456;3,2678333969244022;15,272249481647334;601,2659824052877;1973,2452929782908;5745,941358490042;0,27831067810653054;0,16623300857989792
75,91666666666667;679,9999999872344;679,9755134378464;0,6193651287503599;3,4059897259857643;679,871802696869;3,2362299485981794;15,124580564460507;601,4613012908446;1968,3504395400462;5733,475301922725;0,2783076735275143;0,1662307551456357
76,0;679,9999999875704;679,9757981444617;0,6121637347007436;3,366389613202278;679,8730424928477;3,2049322591348073;14,978339743895656;601,6561459357409;1963,4674674097455;5721,031157975457;0,2783046980171654;0,1662285235128741
76,08333333333333;679,9999999878975;679,9760795405386;0,6050460777174749;3,3272499311585753;679,8742702941522;3,173937368066504;14,83351320374194;601,8505173505001;1958,5963512957364;5708,6089192684385;0,27830175129403467;0,16622631347052602
76,16666666666667;679,9999999882159;679,9763576645774;0,5980111839704705;3,2885653260410708;679,8754862169161;3,143242343631414;14,690087261561429;602,0444165444982;1953,7370659349335;5696,208578228024;0,27829883307940134;0,166224124809551
76,25;679,9999999885259;679,9766325546302;0,5910580909613827;3,2503305063078556;679,8766903761468;3,1128442824950753;14,548048367358811;602,2378445259586;1948,8895860929433;5683,830127087827;0,2782959430972476;0,1662219573229357
76,33333333333333;679,999999988828;679,9769042483065;0,5841858473928596;3,212540241981283;679,8778828857367;3,082740309477572;14,407383102341743;602,4308023019476;1944,0538865641827;5671,473557889825;0,278293081074232;0,16621981080567402
76,41666666666667;679,9999999891219;679,9771727827784;0,577393513037805;3,1751893639308673;679,8790638584735;3,0529275772835263;14,26807817764822;602,6232908783694;1939,229942172011;5659,138862485476;0,2782902467396636;0,1662176850547477
76,5;679,9999999894081;679,9774381947857;0,5706801585859012;3,1382727630253546;679,8802334060517;3,023403266209357;14,13012043299984;602,8153112599617;1934,4177277688118;5646,826032536712;0,2782874398254759;0,1662155798691069
76,58333333333333;679,9999999896869;679,9777005206406;0,5640448655611863;3,1017853896724246;679,8813916390828;2,9941645839102193;13,993496835610388;603,0068644502909;1929,6172182361602;5634,535059517194;0,2782846600662012;0,1662134950496509
76,66666666666667;679,9999999899583;679,977959796233;0,5574867261572081;3,0657222529319994;679,8825386671058;2,965208765101579;13,858194478802034;603,1979514517475;1924,8283884849002;5622,265934713273;0,2782819071989461;0,16621143039920958
76,75;679,9999999902225;679,9782160570353;0,5510048431318637;3,0300784199202733;679,8836745985977;2,936533071311942;13,724200580856266;603,3885732655417;1920,0512134552696;5610,0186492251105;0,27827918096336546;0,16620938572252408
76,83333333333333;679,9999999904798;679,9784693381073;0,5445983296795021;2,9948490151216824;679,884799540984;2,908134790618533;13,591502483790695;603,5787308916987;1915,2856681170192;5597,793193967793;0,27827648110163844;0,16620736082622883
76,91666666666667;679,9999999907303;679,978719674101;0,5382663093115525;2,960029219725098;679,8859136006485;2,880011237394342;13,46008765217705;603,7684253290541;1910,5317274695267;5585,589559672397;0,2782738073584437;0,16620535551883278
77,0;679,9999999909743;679,9789670992651;0,5320079157343116;2,9256142709503346;679,8870168829437;2,8521597520466457;13,329943671917983;603,9576575752501;1905,7893665419044;5573,407736887078;0,27827115948093506;0,16620336961070128
77,08333333333333;679,9999999912118;679,9792116474503;0,5258222927295719;2,8915994614037213;679,8881094922011;2,8245777007640527;13,201058249110364;604,1464286267302;1901,058560393105;5561,247715978138;0,2782685372187173;0,16620140291403798
77,16666666666667;679,999999991443;679,9794533521132;0,519708594038093;2,8579801384288372;679,8891915317407;2,7972624752663933;13,073419208817969;604,3347394787354;1896,3392841120394;5549,109487131108;0,27826594032382224;0,1661994552428667
77,25;679,9999999916681;679,9796922463214;0,5136659832459145;2,8247517034717773;679,8902631038809;2,7702114925574506;12,947014493975956;604,5225911252998;1891,6315128176905;5536,993040351849;0,27826336855068584;0,16619752641301438
77,33333333333333;679,9999999918874;679,9799283627578;0,5076936336678273;2,7919096114657975;679,8913243099483;2,7434221946805337;12,821832164245933;604,7099845592461;1886,9352216592092;5524,898365467606;0,278260821656124;0,16619561624209298
77,41666666666667;679,9999999921009;679,9801617337253;0,5017907282393708;2,7594493702208136;679,8923752502876;2,7168920484768933;12,697860394866884;604,8969207721815;1882,250385816033;5512,82545212809;0,2782582993993097;0,1661937245494823
77,5;679,9999999923087;679,9803923911508;0,49595645939177757;2,7273665397402094;679,8934160242704;2,690618545332768;12,575087475506118;605,0834007544935;1877,576980497986;5500,774289806542;0,27825580154175095;0,16619185115631321
77,58333333333333;679,9999999925111;679,9806203665898;0,49019002894965524;2,6956567316539424;679,8944467303056;2,6645992009576958;12,453501809217286;605,2694254953457;1872,9149809453816;5488,744867800801;0,27825332784726653;0,1661899958854499
77,66666666666667;679,9999999927082;679,9808456912313;0,4844906480315103;2,6643156086904045;679,8954674658481;2,6388315551372443;12,333091911295437;605,4549959826735;1868,2643624291359;5476,737175234385;0,27825087808196447;0,16618815856147337
77,75;679,9999999929;679,9810683959008;0,4788575369246928;2,6333388839641647;679,8964783274082;2,6133131715027957;12,21384640819386;605,6401132031801;1863,6251002508686;5464,751201057556;0,2782484520142203;0,16618633901066523
77,83333333333333;679,9999999930869;679,9812885110658;0,4732899249802358;2,6027223204139163;679,897479410561;2,588041637295646;12,095754036449144;605,8247781423327;1858,9971697429974;5452,78693404835;0,2782460494146536;0,1661845370609902
77,91666666666667;679,9999999932688;679,9815060668392;0,4677870505275905;2,572461730327637;679,8984708099553;2,5630145631481582;11,978803641643331;606,0089917843577;1854,3805462688567;5440,8443628137065;0,2782436700561074;0,16618275254208054
78,0;679,999999993446;679,9817210929835;0,462348160741044;2,542552974615797;679,8994526193225;2,5382295828393353;11,862984177279559;606,1927551122377;1849,7752052227781;5428,923475790448;0,2782413137136261;0,16618098528521957
78,08333333333333;679,9999999936184;679,9819336189153;0,45697251156013863;2,5129919623655907;679,9004249314856;2,513684353087342;11,74828470381421;606,3760691077067;1845,181122030206;5417,024261246394;0,27823898016443444;0,16617923512332583
78,16666666666667;679,9999999937863;679,9821436737088;0,4516593675788272;2,4837746502401212;679,9013878383685;2,489376553319289;11,634694387581996;606,5589347512467;1840,5982721477926;5405,146707281401;0,2782366691879157;0,16617750189093677
78,25;679,9999999939498;679,9823512861003;0,44640800193747054;2,4548970418775853;679,9023414310038;2,4653038854467013;11,522202499753964;606,7413530220837;1836,0266310634897;5393,290801828391;0,2782343805655908;0,1661757854241931
78,33333333333333;679,9999999941091;679,9825564844916;0,44121769623757245;2,426355187426123;679,9032857995422;2,441464073649513;11,410798415340832;606,9233248981834;1831,4661742966537;5381,456532654441;0,2782321140810986;0,166174085560824
78,41666666666667;679,999999994264;679,9827592969543;0,43608774043661924;2,3981451829720766;679,9042210332608;2,4178548641714315;11,300471612229252;607,1048513562481;1826,9168773981419;5369,643887361812;0,2782298695201741;0,16617240214013057
78,5;679,999999994415;679,9829597512336;0,4310174327429195;2,3702631699391725;679,9051472205716;2,3944740250811947;11,191211670069825;607,2859333717123;1822,3787159503986;5357,852853388975;0,2782276466706281;0,16617073500297108
78,58333333333333;679,999999994562;679,9831578747517;0,4260060795360232;2,3427053346912063;679,9060644490299;2,371319346084988;11,083008269424559;607,4665719187395;1817,851665567568;5346,08341801172;0,2782254453223281;0,1661690839917461
78,66666666666667;679,9999999947051;679,983353694612;0,4210529952587194;2,3154679078973137;679,9069728053427;2,3483886383019126;10,975851190700192;607,646767970218;1813,3357018955621;5334,335568344104;0,2782232652671776;0,1661674489503832
78,75;679,9999999948444;679,9835472376028;0,4161575023289288;2,288547164076509;679,9078723753765;2,3256797340621915;10,869730313217405;607,8265224977574;1808,8308006121792;5322,609291339577;0,2782211062990963;0,16616582972432223
78,83333333333333;679,99999999498;679,9837385302006;0,41131893104022765;2,261939421030788;679,9087632441665;2,303190486696849;10,764635614230615;608,0058364716854;1804,3369374271747;5310,904573791944;0,2782189682140004;0,1661642261605003
78,91666666666667;679,9999999951121;679,9839275985743;0,40653661948510944;2,2356410394478146;679,9096454959234;2,280918770338758;10,660557168021917;608,1847108610432;1799,8540880823668;5299,221402336474;0,27821685080978376;0,16616263810733783
79,0;679,9999999952408;679,9841144685879;0,40180991344698214;2,2096484222758765;679,9105192140424;2,2588624797180046;10,557485144908517;608,3631466335829;1795,382228351724;5287,559763450885;0,2782147538862981;0,1661610654147236
79,08333333333333;679,999999995366;679,984299165805;0,3971381663234297;2,1839580143362647;679,9113844811105;2,2370195299600937;10,455409810336665;608,5411447557636;1790,921334041448;5275,9196434563855;0,2782126772453347;0,16615950793400106
79,16666666666667;679,999999995488;679,9844817154918;0,39252073902389384;2,1585663017273005;679,9122413789147;2,2153878563869966;10,354321523954997;608,7187061927478;1786,4713809900593;5264,301028518673;0,2782106206906047;0,16615796551795353
79,25;679,9999999956067;679,9846621426207;0,3879569999043042;2,133469811494855;679,9130899884495;2,1939654143324105;10,254210738724936;608,8958319083981;1782,0323450685037;5252,703904649029;0,2782085840277211;0,16615643802079083
79,33333333333333;679,9999999957223;679,9848404718733;0,3834463246505493;2,1086651109782393;679,913930389925;2,1727501789285952;10,155067999969317;609,0725228652736;1777,604202180214;5241,12825770527;0,27820656706418;0,16615492529813503
79,41666666666667;679,9999999958349;679,9850167276446;0,37898809622447516;2,084148807504945;679,9147626627739;2,151740144933001;10,056883944536334;609,2487800246267;1773,1869282612165;5229,574073392811;0,2782045696093426;0,16615342720700696
79,5;679,9999999959444;679,9851909340457;0,37458170475588304;2,0599175478140594;679,9155868856596;2,130933326523632;9,95964929986465;609,4246043463999;1768,780499280203;5218,041337265676;0,27820259147441684;0,16615194360581262
79,58333333333333;679,9999999960512;679,9853631149072;0,3702265474686328;2,0359680176492603;679,9164031364836;2,1103277571199897;9,863354883134967;609,5999967892217;1764,3848912386147;5206,530034727483;0,2782006324724393;0,1661504743543295
79,66666666666667;679,9999999961551;679,9855332937825;0,36592202860106227;2,012296941293665;679,9172114923924;2,0899214891898055;9,767991600376334;609,7749583104044;1760,000080170738;5195,0401510325055;0,2781986924182582;0,16614901931369364
79,75;679,9999999962563;679,9857014939513;0,3616675593150376;1,988901081104686;679,9180120297856;2,0697125940671413;9,673550445621839;609,9494898659399;1755,6260421437685;5183,571671286636;0,2781967711285146;0,16614757834638594
79,83333333333333;679,9999999963549;679,9858677384224;0,3574625576248991;1,9657772371215618;679,9188048243225;2,0496991617676485;9,580022500056087;610,1235924104973;1751,2627532579104;5172,124580448437;0,27819486842162605;0,16614615131621954
79,91666666666667;679,9999999964507;679,986032049937;0,35330644831219615;1,942922246571135;679,9195899509294;2,0298793008095117;9,487398931162673;610,2972668974189;1746,9101896464394;5160,698863330112;0,2781929841177694;0,16614473808832703
80,0;679,999999996544;679,9861944509718;0,3491986628432642;1,9203329834220881;679,9203674838072;2,010251138031549;9,395670991896356;610,4705142787178;1742,5683274757944;5149,294504598506;0,27819111803886265;0,16614333852914698
80,08333333333333;679,999999996635;679,9863549637422;0,34513863930669686;1,8980063580699986;679,9211374964378;1,9908128184198404;9,304830019863488;610,6433355050742;1738,2371429456555;5137,911488776156;0,2781892700085492;0,1661419525064119
80,16666666666667;679,9999999967235;679,9865136102052;0,3411258223195546;1,875939316775285;679,9219000615915;1,97156250492867;9,214867436481834;610,8157315258327;1733,9166122890192;5126,549800242233;0,2781874398521804;0,16614057988913533
80,25;679,9999999968097;679,9866704120624;0,33715966295915223;1,8541288413385726;679,9226552513336;1,9524983783014704;9,125774746185702;610,9877032889989;1729,6067117722714;5115,209423233549;0,27818562739679936;0,16613922054759953
80,33333333333333;679,9999999968937;679,9868253907629;0,3332396186834785;1,8325719486258556;679,9234031370315;1,9336186369031338;9,037543535594013;611,1592517412369;1725,307417695271;5103,890341845579;0,2781838324711243;0,16613787435334326
80,41666666666667;679,9999999969755;679,9869785675065;0,3293651532715103;1,811265690248707;679,9241437893616;1,9149214965551664;8,950165472764844;611,3303778278658;1721,0187063914218;5092,59254003341;0,27818205490553227;0,16613654117914922
80,5;679,999999997055;679,9871299632465;0,3255357367237366;1,7902071520216063;679,9248772783153;1,896405190348105;8,863632306330551;611,5010824928572;1716,7405542277406;5081,316001612733;0,2781802945320433;0,16613522089903246
80,58333333333333;679,9999999971326;679,9872795986925;0,3217508452138418;1,7693934537051397;679,9256036732065;1,878067968493724;8,777935864809978;611,6713666788319;1712,4729376049459;5070,0607102608765;0,27817855118430435;0,16613391338822825
80,66666666666667;679,999999997208;679,987427494313;0,31800996100344037;1,7488217485263156;679,9263230426778;1,8599080981516636;8,693068055780632;611,841231327057;1708,215832957518;5058,826649517729;0,2781768246975732;0,1661326185231799
80,75;679,9999999972815;679,9875736703387;0,3143125723738649;1,7284892228054771;679,9270354547068;1,8419238632532142;8,609020865075593;612,0106773774437;1703,9692167537737;5047,613802786739;0,2781751149087036;0,16613133618152776
80,83333333333333;679,999999997353;679,987718146765;0,31065817356932257;1,708393095641359;679,9277409766129;1,8241135643677353;8,525786356153363;612,1797057685436;1699,7330654959455;5036,422153335916;0,27817342165612907;0,1661300662420968
80,91666666666667;679,9999999974227;679,9878609433547;0,3070462647002614;1,688530618382951;679,9284396750635;1,806475518503703;8,44335666917534;612,3483174375466;1695,5073557202354;5025,251684298745;0,27817174477984763;0,1661288085848857
81,0;679,9999999974905;679,9880020796408;0,3034763517007377;1,6688990744017673;679,9291316160803;1,7890080589808122;8,361724020416862;612,5165133202778;1691,292063996903;5014,102378675232;0,2781700841214072;0,16612756309105542
81,08333333333333;679,9999999975565;679,988141574929;0,2999479462431509;1,6494957786121656;679,929816865046;1,7717095352537626;8,280880701431155;612,6842943511948;1687,087166930317;5002,974219332796;0,2781684395238897;0,1661263296429173
81,16666666666667;679,9999999976209;679,9882794483009;0,29646056568708445;1,630318077195163;679,9304954867097;1,7545783127644654;8,200819078365669;612,8516614633853;1682,892641159043;4991,867189007309;0,27816681083189676;0,1661251081239226
81,25;679,9999999976834;679,9884157186157;0,2930137329997251;1,611363347162362;679,9311675451937;1,7376127727800394;8,121531591220739;613,0186155885641;1678,708463355889;4980,781270304;0,27816519789153504;0,1661238984186513
81,33333333333333;679,9999999977443;679,9885504045135;0,2896069766933351;1,5926289960022424;679,9318331039993;1,7208113122421764;8,043010753128852;613,1851576570707;1674,5346102279825;4969,71644569842;0,27816360055040157;0,1661227004128012
81,41666666666667;679,9999999978037;679,9886835244176;0,28623983077125104;1,574112461408826;679,9324922260131;1,7041723436250322;7,965249149703925;613,3512885978666;1670,371058516841;4958,672697537452;0,27816201865756857;0,16612151399317643
81,5;679,9999999978616;679,9888150965371;0,282911834651145;1,5558112108310647;679,9331449735124;1,6876942947646967;7,888239438250554;613,517009338533;1666,217784998426;4947,650008040203;0,2781604520635702;0,16612033904767767
81,58333333333333;679,9999999979178;679,9889451388693;0,2796225331110236;1,537722741186968;679,9337914081717;1,6713756087284537;7,811974347146236;613,6823208052676;1662,0747664832152;4936,648359298993;0,27815890062038784;0,16611917546529092
81,66666666666667;679,9999999979726;679,9890736692022;0,27637147621248914;1,5198445784517534;679,9344315910682;1,6552147436527775;7,7364466750794545;613,8472239228832;1657,9419798162548;4925,667733280268;0,2781573641814362;0,16611802313607718
81,75;679,9999999980259;679,9892007051168;0,2731582192609494;1,5021742774155815;679,9350655826878;1,6392101726097508;7,661649290448368;614,0117196148044;1653,8194018772344;4914,708111825593;0,27815584260154924;0,16611688195116198
81,83333333333333;679,9999999980779;679,9893262639899;0,2699823227288789;1,4847094212959335;679,9356934429306;1,623360383453587;7,5875751306359644;614,1758088030651;1649,7070095805384;4903,769476652542;0,27815433573696646;0,16611575180272484
81,91666666666667;679,9999999981285;679,9894503629962;0,2668433521989755;1,4674476213839047;679,9363152311169;1,6076638786813646;7,514217201351096;614,3394924083069;1645,6047798753189;4892,851809355707;0,27815284344531954;0,16611463258398967
82,0;679,9999999981777;679,9895730191104;0,26374087830731696;1,450386516768022;679,9369310059924;1,592119175290918;7,441568575977761;614,5027713497759;1641,5126897455393;4881,955091407554;0,27815136558561826;0,16611352418921368
82,08333333333333;679,9999999982257;679,98969424911;0,2606744766836755;1,4335237739950752;679,9375408257342;1,576724804633045;7,369622394899662;614,665646545321;1637,430716210045;4871,0793041594225;0,27814990201823786;0,16611242651367839
82,16666666666667;679,9999999982724;679,9898140695774;0,257643727891832;1,4168570867261003;679,9381447479561;1,5614793122864512;7,298371864874206;614,8281189113911;1633,358836322617;4860,2244288424135;0,2781484526049053;0,16611133945367898
82,25;679,9999999983178;679,9899324969022;0,25464821737557486;1,4003841754505075;679,9387428297141;1,5463812579071146;7,227810258377655;614,9901893630333;1629,2970271720321;4849,390446568345;0,2781470172086862;0,16611026290651462
82,33333333333333;679,9999999983621;679,9900495472832;0,25168753539048794;1,384102787132375;679,9393351275116;1,5314292150918618;7,157930912946168;615,1518588138902;1625,2452658821112;4838,5773383306505;0,278145595693972;0,16610919677047906
82,41666666666667;679,9999999984052;679,9901652367311;0,24876127697268657;1,368010695006947;679,9399216973053;1,516621771261839;7,088727230640397;615,313128176198;1621,2035296117988;4827,785085005369;0,2781441879264673;0,16610814094485046
82,5;679,9999999984472;679,9902795810701;0,24586904185355252;1,3521056981057948;679,9405025945099;1,501957527497666;7,020192677254738;615,4739983607843;1617,1717955551799;4817,013667351941;0,27814279377317624;0,1661070953298822
82,58333333333333;679,9999999984881;679,9903925959406;0,24301043442562786;1,33638562113084;679,9410778740036;1,4874350984314333;6,952320781864294;615,6344702770659;1613,1500409415708;4806,2630660142595;0,2781414131023915;0,1661060598267936
82,66666666666667;679,9999999985279;679,9905042968012;0,24018506368577164;1,3208483140473493;679,9416475901334;1,4730531121131207;6,8851051361412;615,7945448330468;1609,1382430355538;4795,5332615214975;0,2781400457836799;0,16610503433775997
82,75;679,9999999985665;679,9906146989305;0,2373925431669477;1,3054916518029076;679,94221179672;1,4588102098628042;6,818539393708029;615,9542229353156;1605,1363791370277;4784,824234289027;0,278138691687872;0,16610401876590397
82,83333333333333;679,9999999986043;679,9907238174295;0,23463249090127647;1,290313534056083;679,9427705470634;1,4447050461626532;6,752617269631209;616,1135054890443;1601,1444265812743;4774,135964619376;0,2781373506870477;0,1661030130152858
82,91666666666667;679,999999998641;679,9908316672237;0,23190452936887596;1,2753118849390057;679,9433238939474;1,4307362885205066;6,687332539757948;616,2723933979856;1597,1623627389988;4763,468432703086;0,2781360226545262;0,16610201699089464
83,0;679,9999999986767;679,9909382630649;0,22920828543249172;1,2604846526600557;679,9438718896448;1,416902617339133;6,622679040139643;616,4308875644714;1593,1901650163836;4752,821618619633;0,27813470746485247;0,16610103059863934
83,08333333333333;679,9999999987116;679,9910436195335;0,22654339029486437;1,2458298092955142;679,9444145859223;1,4032027257968593;6,558650666442937;616,5889888894102;1589,2278108551322;4742,1955023383025;0,27813340499378636;0,1661000537453398
83,16666666666667;679,9999999987455;679,9911477510401;0,2239094794532548;1,2313453505569907;679,9449520340457;1,3896353197310418;6,495241373455497;616,7466982722857;1585,275277732535;4731,590063719149;0,2781321151182902;0,16609908633871767
83,25;679,9999999987785;679,991250671828;0,22130619263407425;1,2170292953698818;679,9454842847844;1,3761991174931154;6,432445174344685;616,9040166111549;1581,3325431614942;4721,005282513797;0,27813083771651753;0,16609812828738815
83,33333333333333;679,9999999988106;679,9913523959747;0,21873317376446266;1,2028796857861563;679,9460113884161;1,362892849854802;6,370256140274541;617,060944802646;1577,3995846905905;4710,4411383664055;0,27812957266780136;0,16609717950085107
83,41666666666667;679,999999998842;679,9914529373941;0,21619007089839215;1,188894586528898;679,9465333947322;1,34971525986316;6,308668399705633;617,2174837419565;1573,4763799041161;4699,897610814509;0,27812831985264264;0,166096239889482
83,5;679,9999999988723;679,9915523098382;0,21367653619677185;1,1750720849099359;679,9470503530421;1,3366651027439502;6,247676137946145;617,3736343228517;1569,562906422138;4689,3746792899465;0,278127079152699;0,16609530936452427
83,58333333333333;679,999999998902;679,9916505268992;0,21119222585355146;1,161410290417994;679,9475623121776;1,323741145756685;6,18727359648468;617,5293974376625;1565,6591419005167;4678,87232311967;0,27812585045077365;0,16609438783808025
83,66666666666667;679,999999998931;679,9917476020112;0,20873680007014173;1,1479073345733326;679,9480693204981;1,3109421681093636;6,127455072590763;617,6847739772842;1561,7650640309876;4668,390521526739;0,27812463363080453;0,1660934752231034
83,75;679,9999999989591;679,9918435484519;0,2063099229957288;1,1345613706031148;679,9485714258947;1,2982669608220476;6,068214918668241;617,8397648311742;1557,8806505411706;4657,9292536310695;0,27812342857785277;0,1660925714333896
83,83333333333333;679,9999999989865;679,9919383793449;0,20391126267895743;1,121370573155533;679,949068675795;1,2857143266103321;6,009547541715756;617,9943708873506;1554,0058791946221;4647,488498450351;0,27812223517809187;0,16609167638356892
83,91666666666667;679,9999999990131;679,992032107661;0,2015404910395091;1,108333138202904;679,9495611171677;1,2732830797858696;5,951447402881952;618,1485930323905;1550,1407277908982;4637,068234900972;0,27812105331879744;0,1660907899890981
84,0;679,9999999990391;679,9921247462202;0,19919728380273227;1,0954472826055923;679,9500487965266;1,2609720461341567;5,893909016860048;618,3024321514284;1546,285174165564;4626,668441798795;0,2781198828883361;0,16608991216625207
84,08333333333333;679,9999999990645;679,9922163076934;0,1968813204740627;1,08271124401995;679,9505317599354;1,2487800628122159;5,836926951447169;618,4558891281545;1542,439196190267;4616,289097860096;0,278118723776155;0,16608904283211626
84,16666666666667;679,999999999089;679,9923068046044;0,19459228427649577;1,0701232805494558;679,951010053012;1,2367059782263823;5,780495826959513;618,608964844813;1538,6027717727502;4605,9301817023725;0,2781175758727711;0,1660881819045783
84,25;679,999999999113;679,992396249331;0,1923298621164804;1,0576816705412129;679,9514837209329;1,2247486519243012;5,7246103157093;618,761660182201;1534,7758788568995;4595,591671845192;0,27811643906976113;0,16608732930232087
84,33333333333333;679,9999999991363;679,9924846541073;0,19009374454981298;1,0453847124066722;679,9519528084369;1,2129069545039783;5,669265141609404;618,9139760196664;1530,9584954228;4585,273546711111;0,2781153132597515;0,1660864849448136
84,41666666666667;679,9999999991591;679,9925720310251;0,187883625724794;1,033230724321226;679,9524173598303;1,2011797674858826;5,614455079584402;619,0659132351068;1527,1505994867482;4574,975784626467;0,27811419833640727;0,16608564875230547
84,5;679,9999999991812;679,9926583920355;0,18569920334812196;1,0212180440158591;679,9528774189903;1,189565983219154;5,560174955080471;619,2174727049679;1523,3521691013066;4564,698363822237;0,2781130941944233;0,1660848206458175
84,58333333333333;679,9999999992028;679,9927437489507;0,1835401786422608;1,009345028549421;679,9533330293694;1,1780645047736016;5,506419643624717;619,368655304242;1519,5631823553326;4554,441262434889;0,2781120007295133;0,16608400054713499
84,66666666666667;679,9999999992237;679,9928281134456;0,18140625630280738;0,9976100540905875;679,9537842339998;1,1666742458345425;5,453184070297999;619,5194619064666;1515,7836173740207;4544,204458507228;0,27811091783840036;0,1660831883788003
84,75;679,9999999992442;679,9929114970593;0,1792971444530167;0,9860115156368333;679,954231075497;1,1553941305976423;5,400463209240715;619,6698933837232;1512,0134523189279;4533,987929989206;0,27810984541880723;0,16608238406410544
84,83333333333333;679,999999999264;679,9929939111965;0,17721255462390673;0,9745478269465994;679,954673596064;1,1442230936808073;5,348252083282133;619,8199506066356;1508,252665388025;4523,79165473881;0,27810878336944633;0,16608158752708477
84,91666666666667;679,9999999992833;679,9930753671298;0,17515220168604628;0,9632174201129055;679,9551118374957;1,1331600799991293;5,296545763302028;619,969634444369;1504,5012348157088;4513,615610522821;0,27810773159001034;0,16608079869250778
85,0;679,9999999993023;679,9931558760002;0,17311580383818637;0,952018745548816;679,9555458411821;1,1222040446909887;5,245339367934147;620,1189457646283;1500,759138872857;4503,459775017715;0,2781066899811629;0,16608001748587217
85,08333333333333;679,9999999993206;679,9932354488193;0,1711030825532589;0,9409502716579593;679,9559756481129;1,1113539530043681;5,194628062993738;620,2678854336568;1497,0263558668507;4493,3241258104445;0,27810565844452895;0,1660792438333967
85,16666666666667;679,9999999993385;679,9933140964708;0,169113762532902;0,9300104846116444;679,9564012988811;1,100608780191692;5,144407061032757;620,4164543162356;1493,3028641415945;4483,208640399248;0,2781046368826853;0,16607847766201397
85,25;679,999999999356;679,9933918297119;0,16714757169040695;0,9191978882180382;679,9568228336867;1,0899675114330876;5,094671620940367;620,5646532756814;1489,5886420775723;4473,113296194514;0,2781036251991519;0,1660777188993639
85,33333333333333;679,9999999993728;679,9934686591744;0,16520424110240128;0,9085110037041277;679,9572402923409;1,0794291417312252;5,045417047477553;620,7124831738462;1485,8836680918644;4463,038070519583;0,27810262329838187;0,16607696747378642
85,41666666666667;679,9999999993893;679,9935445953666;0,1632835049605319;0,8979483694007758;679,9576537142693;1,068992675797631;4,996638690737595;620,8599448711154;1482,1879206381652;4452,9829406115;0,2781016310857536;0,1660762233143152
85,5;679,9999999994054;679,9936196486749;0,1613851005657807;0,8875085407524117;679,9580631385163;1,0586571279986856;4,948331945903082;621,0070392264073;1478,501378206846;4442,947883621944;0,2781006484675609;0,16607548635067065
85,58333333333333;679,9999999994211;679,9936938293645;0,15950876826309468;0,8771900899342535;679,9584686037483;1,048421522227727;4,9004922526240104;621,1537670971715;1474,824019324953;4432,932876617932;0,278099675351004;0,16607475651325304
85,66666666666667;679,9999999994363;679,9937671475815;0,15765425141580636;0,8669916057166397;679,9588701482576;1,0382848918197851;4,853115094655368;621,3001293393878;1471,1558225562412;4422,937896582637;0,2780987116441818;0,16607403373313637
85,75;679,9999999994511;679,9938396133539;0,15582129637152775;0,8569116932857531;679,9592678099658;1,0282462794691583;4,806195999457627;621,4461268075656;1467,4967665012132;4412,962920416237;0,27809775725608205;0,16607331794206154
85,83333333333333;679,9999999994656;679,993911236593;0,1540096524308865;0,8469489740498103;679,9596616264276;1,0183047371327802;4,759730537723127;621,5917603547425;1463,8468297971372;4403,007924936656;0,27809681209657366;0,16607260907243024
85,91666666666667;679,9999999994797;679,9939820270952;0,15221907181341976;0,8371020854840108;679,9600516348345;1,008459325947797;4,713714323030116;621,7370308324832;1460,2059911180759;4393,072886880415;0,2780958760763972;0,16607190705729794
86,0;679,9999999994933;679,9940519945427;0,15044930961209957;0,827369680854357;679,9604378720177;0,9987091161292483;4,6681430113485325;621,881939090879;1456,5742291749102;4383,157782903367;0,2780949491071576;0,1660712118303682
86,08333333333333;679,9999999995066;679,9941211485052;0,14870012376491104;0,8177504290771399;679,9608203744522;0,9890531868904873;4,623012300656985;622,026485978546;1452,9515227153581;4373,2625895815;0,2780940311013148;0,1660705233259861
86,16666666666667;679,9999999995197;679,9941894984411;0,14697127503495722;0,8082430145881161;679,9611991782601;0,9794906263607572;4,578317930576204;622,1706723426252;1449,3378505240144;4363,387283411752;0,27809312197217567;0,16606984147913176
86,25;679,9999999995323;679,9942570536988;0,14526252696498432;0,798846137119625;679,961574319214;0,9700205314885579;4,534055681911893;622,3144990287805;1445,733191422363;4353,531840812767;0,2780922216338863;0,16606916622541473
86,33333333333333;679,9999999995446;679,994323823518;0,14357364583759136;0,78955851147286;679,9619458327403;0,9606420079563804;4,490221376255229;622,4579668811988;1442,137524268796;4343,696238125658;0,2780913300014233;0,16606849750106747
86,41666666666667;679,9999999995566;679,9943898170311;0,14190440066386145;0,7803788674403437;679,9623137539224;0,9513541701068107;4,446810875636914;622,6010767425886;1438,5508279586447;4333,880451614811;0,27809044699058616;0,1660678352429396
86,5;679,9999999995682;679,9944550432642;0,1402545631378871;0,7713059495685085;679,9626781175047;0,9421561408544221;4,40382008211944;622,7438294541791;1434,9730814242007;4324,084457468644;0,2780895725179888;0,16606717938849164
86,58333333333333;679,9999999995796;679,9945195111385;0,1386239075998219;0,7623385169638853;679,9630389578948;0,933047051589142;4,361244937348174;622,8862258557198;1431,4042636347267;4314,308231800366;0,27808870650105244;0,16606652987578935
86,66666666666667;679,9999999995907;679,9945832294712;0,13701221102735417;0,7534753432155789;679,9633963091678;0,924026042119408;4,319081422271301;623,0282667854792;1427,8443535964952;4304,551750648775;0,2780878488579972;0,16606588664349792
86,75;679,9999999996014;679,9946462069774;0,13541925298738988;0,7447152161772292;679,963750205069;0,9150922605726919;4,2773255567115;623,1699530802446;1424,2933303527877;4294,814989978977;0,2780869995078344;0,1660652496308758
86,83333333333333;679,999999999612;679,9947084522706;0,13384481559910455;0,7360569377247481;679,9641006790172;0,9062448633102349;4,235973398921144;623,3112855753207;1420,7511729839212;4285,097925683161;0,27808615837035877;0,16606461877776907
86,91666666666667;679,9999999996221;679,9947699738642;0,13228868353394319;0,7274993237514725;679,9644477641077;0,897483014870204;4,195021045351666;623,4522651045295;1417,2178606072835;4275,400533581389;0,2780853253661415;0,16606399402460612
87,0;679,9999999996321;679,9948307801726;0,1307506439474082;0,7190412038289952;679,9647914931159;0,8888058878596894;4,154464630134632;623,5928925002095;1413,6933723773154;4265,722789422275;0,27808450041652194;0,16606337531239146
87,08333333333333;679,9999999996418;679,9948908795124;0,12923048648758595;0,7106814212313908;679,9651318984995;0,8802126629063878;4,1143003248552175;623,7331685932145;1410,177687485566;4256,064668883817;0,2780836834436011;0,16606276258270086
87,16666666666667;679,9999999996512;679,9949502801034;0,12772800323546107;0,702418832605736;679,9654690124029;0,871702528556284;4,074524338090938;623,8730942129137;1406,670785160682;4246,426147574078;0,27808287437023305;0,16606215577767483
87,25;679,9999999996604;679,99500899007;0,12624298869639006;0,6942523079333477;679,9658028666588;0,8632746812082814;4,0351329150862885;624,0126701871905;1403,1726446684388;4236,807201031968;0,27808207312001887;0,16606155484001414
87,33333333333333;679,9999999996693;679,995067017442;0,1247752397603108;0,6861807303117442;679,9661334927923;0,854928325040305;3,996122337423265;624,1518973424422;1399,683245311749;4227,207804727975;0,27808127961729845;0,16606095971297383
87,41666666666667;679,999999999678;679,9951243701558;0,12332455568184741;0,678202995828668;679,9664609220235;0,8466626719240367;3,9574889226053935;624,2907765035797;1396,2025664306766;4217,627934064872;0,2780804937871435;0,16606037034035762
87,5;679,9999999996865;679,9951810560557;0,12189073805473072;0,6703180134457992;679,9667851852703;0,8384769413623872;3,9192290237900287;624,429308494026;1392,7305874024596;4208,067564378514;0,2780797155553513;0,1660597866665135
87,58333333333333;679,9999999996948;679,9952370828945;0,12047359076916564;0,6625247047467996;679,9671063131514;0,8303703604042312;3,8813390293682675;624,5674941357169;1389,2672876415104;4198,526670938487;0,27807894484843676;0,16605920863632756
87,66666666666667;679,9999999997028;679,9952924583351;0,11907292000614689;0,654822003913087;679,9674243359894;0,8223421635847217;3,843815362705485;624,7053342490995;1385,8126465994474;4189,0052289489295;0,2780781815936253;0,166058636195219
87,75;679,9999999997106;679,9953471899513;0,11768853419198422;0,6472088574718794;679,9677392838137;0,8143915928343404;3,8066544816965338;624,8428296531322;1382,3666437650843;4179,503213549162;0,2780774257188472;0,16605806928913538
87,83333333333333;679,9999999997182;679,9954012852286;0,1163202439812494;0,6396842242041352;679,9680511863626;0,8065178974220544;3,769852878518637;624,9799811652845;1378,9292586644592;4170,020599814462;0,2780766771527298;0,16605750786454737
87,91666666666667;679,9999999997256;679,9954547515657;0,11496786223972322;0,6322470750476467;679,9683600730873;0,7987203338899462;3,733407079318381;625,1167896015357;1375,5004708608426;4160,557362756785;0,27807593582459045;0,16605695186844288
88,0;679,9999999997328;679,9955075962752;0,11363120399607851;0,624896392835395;679,9686659731537;0,7909981659565801;3,6973136437628;625,2532557763756;1372,0802599547455;4151,113477325459;0,278075201664431;0,16605640124832324
88,08333333333333;679,9999999997399;679,9955598265846;0,11231008644188023;0,6176311722955496;679,9689689154458;0,7833506644772115;3,661569164849924;625,3893805028031;1368,6686055839318;4141,6889184079055;0,2780744746029301;0,1660558559521976
88,16666666666667;679,9999999997467;679,9956114496375;0,1110043288832685;0,6104504197752869;679,9692689285677;0,7757771073528374;3,6261702684804566;625,5251645923265;1365,2654874234202;4132,283660830322;0,27807375457143757;0,16605531592857822
88,25;679,9999999997534;679,9956624724944;0,10971375272958994;0,6033531531923375;679,9695660408472;0,7682767794761958;3,5911136132230195;625,660608854963;1361,8708851855047;4122,8976793584225;0,27807304150196666;0,166054781126475
88,33333333333333;679,9999999997599;679,9957129021335;0,10843818147634465;0,5963384019429253;679,969860280338;0,760848972655026;3,5563958899393704;625,7957140992381;1358,48477861976;4113,530948698141;0,2780723353271887;0,16605425149539155
88,41666666666667;679,9999999997661;679,9957627454522;0,10717744065971146;0,5894052066304316;679,9701516748223;0,7534929855466999;3,5220138214878696;625,9304811321857;1355,1071475130443;4104,1834434962975;0,2780716359804264;0,16605372698531984
88,5;679,9999999997723;679,9958120092675;0,10593135784802143;0,582552619046014;679,9704402518134;0,746208123595693;3,48796416242695;626,0649107593478;1351,7379716895107;4094,855138341318;0,27807094339564775;0,1660532075467358
88,58333333333333;679,9999999997783;679,9958607003172;0,10469976261902048;0,5757797020135564;679,9707260385587;0,7389936989710577;3,454243698722702;626,1990037847736;1348,3772310106133;4085,5460077639086;0,27807025750745906;0,1660526931305943
88,66666666666667;679,9999999997841;679,9959088252605;0,10348248652860548;0,5690855292540018;679,9710090620417;0,7318490304896841;3,420849247394685;626,3327610110204;1345,024905375118;4076,2560262377856;0,27806957825109985;0,1660521836883249
88,75;679,9999999997898;679,9959563906796;0,10227936309092911;0,5624691852399929;679,9712893489852;0,7247734435594566;3,387777656248223;626,4661832391523;1341,680974719094;4066,9851681802907;0,2780689055624354;0,16605167917182656
88,83333333333333;679,9999999997954;679,99600340308;0,10109022775566245;0,5559297651038119;679,9715669258532;0,7177662701138843;3,3550258035819924;626,5992712687408;1338,3454190159368;4057,7334079531493;0,27806823937795244;0,16605117953346432
88,91666666666667;679,9999999998008;679,9960498688913;0,09991491788525764;0,5494663744726404;679,9718418188537;0,7108268485552571;3,3225905978832526;626,7320258978642;1335,0182182763633;4048,5007198630997;0,2780675796347511;0,16605068472606332
89,0;679,9999999998059;679,9960957944687;0,0987532727378948;0,5430781294249521;679,9721140539414;0,7039545236779077;3,2904689775271962;626,8644479231075;1331,699352548415;4039,2870781625898;0,2780669262705407;0,16605019470290555
89,08333333333333;679,999999999811;679,9961411860935;0,0976051334305339;0,5367641562337121;679,9723836568197;0,6971486466142096;3,2586579104721802;626,9965381395624;1328,388801917461;4030,092457050429;0,2780662792236327;0,1660497094177245
89,16666666666667;679,999999999816;679,9961860499736;0,09647034293891465;0,53052359141483;679,9726506529435;0,6904085747834188;3,2271543940579193;627,1282973408271;1325,086546506216;4020,9168306725196;0,2780656384329357;0,16604922882470177
89,25;679,999999999821;679,9962303922451;0,09534874606060839;0,5243555814945856;679,9729150675213;0,6837336718149345;3,195955454626585;627,2597263190064;1321,792566474724;4011,760173122458;0,2780650038379489;0,1660487528784617
89,33333333333333;679,9999999998256;679,9962742189725;0,0942401893951228;0,5182592828981878;679,9731769255178;0,6771233074914562;3,1650581472633386;627,3908258647115;1318,5068420203634;4002,6224584422066;0,2780643753787573;0,16604828153406795
89,41666666666667;679,9999999998303;679,9963175361501;0,09314452132684892;0,5122338618819402;679,9734362516563;0,6705768576949822;3,1344595555492236;627,5215967670598;1315,2293533778534;3993,5036606227786;0,2780637529960249;0,1660478147470187
89,5;679,9999999998347;679,996360349702;0,09206159200516595;0,5062784943927274;679,9736930704207;0,6640937043499662;3,1041567912852246;627,6520398136753;1311,9600808192615;3984,4037536049054;0,27806313663099025;0,1660473524732427
89,58333333333333;679,999999999839;679,9964026654839;0,09099125331886171;0,5003923659565739;679,9739474060584;0,6576732353494208;3,07414699415867;627,7821557906882;1308,6990046539854;3975,3227112796435;0,2780625262254598;0,16604689466909486
89,66666666666667;679,9999999998432;679,9964444892831;0,0899333588790796;0,49457467155751134;679,9741992825819;0,6513148445151273;3,04442733155378;627,9119454827351;1305,4461052287706;3966,2605074890753;0,27806192172180333;0,16604644129135251
89,75;679,9999999998473;679,9964858268199;0,08888776400226561;0,48882461556489937;679,9744487237716;0,6450179315322657;3,0149949982345445;628,0414096729589;1302,201362927704;3957,2171160269363;0,2780613230629481;0,1660459922972111
89,83333333333333;679,9999999998514;679,9965266837479;0,08785432568458873;0,48314141157837637;679,9746957531779;0,6387819018925711;2,985847216097611;628,1705491430093;1298,9647581722097;3948,192510639256;0,278060730192373;0,16604554764427976
89,91666666666667;679,9999999998554;679,9965670656549;0,08683290258773013;0,4775242823648706;679,9749403941233;0,6326061668374905;2,9569812339004646;628,2993646730424;1295,7362714210517;3939,1866650250217;0,278060143054104;0,166045107290578
90,0;679,9999999998591;679,9966069780638;0,08582335501330363;0,47197245969870555;679,9751826697047;0,6264901433013392;2,928394326989608;628,4278570417208;1292,5158831703243;3930,1995528367715;0,2780595615927086;0,16604467119453148
90,08333333333333;679,9999999998628;679,9966464264334;0,08482554488296046;0,46648518427923014;679,9754226027957;0,620433253860142;2,900083797074044;628,5560270262142;1289,3035739534582;3921,231147681278;0,27805898575329036;0,16604423931496778
90,16666666666667;679,9999999998664;679,9966854161588;0,08383933573554714;0,4610617056726752;679,9756602160484;0,6144349266776317;2,872046971953452;628,6838754021991;1286,099324341214;3912,281423120162;0,2780584154814839;0,16604381161111295
90,25;679,9999999998699;679,9967239525727;0,08286459269015722;0,45570128215225875;679,9758955318958;0,6084945954512477;2,844281205291675;628,811402943859;1282,9031149416835;3903,3503526705417;0,27805785072344996;0,16604338804258748
90,33333333333333;679,9999999998734;679,9967620409454;0,08190118243192046;0,45040318061097084;679,9761285725544;0,6026116993524511;2,816783876316066;628,9386104238849;1279,7149264002742;3894,437909805614;0,2780572914258693;0,166042968569402
90,41666666666667;679,9999999998766;679,9967996864864;0,08094897319779193;0,4451666764549773;679,9763593600253;0,5967856829727225;2,789552389582735;629,0654986134753;1276,5347393997104;3885,5440679553135;0,2780567375359393;0,16604255315195446
90,5;679,99999999988;679,9968368943441;0,08000783475665685;0,4399910535212496;679,9765879160967;0,5910159962837724;2,7625841747665065;629,192068282336;1273,3625346600347;3876,668800506924;0,27805618900136786;0,1660421417510259
90,58333333333333;679,9999999998831;679,9968736696075;0,07907763839511972;0,4348756040048856;679,9768142623466;0,5853020945806975;2,7358766864343993;629,3183201986811;1270,198292938599;3867,812080805727;0,27805564577036823;0,16604173432777616
90,66666666666667;679,9999999998862;679,9969100173059;0,0781582568919248;0,42981962828952436;679,9770384201437;0,5796434384137683;2,7094274036790837;629,444255129233;1267,0419950300497;3858,9738821555466;0,27805510779165515;0,16604133084374137
90,75;679,9999999998892;679,9969459424108;0,07724956450658738;0,4248224349085836;679,9772604106504;0,5740394935628501;2,6832338300447467;629,5698738392224;1263,8936217663286;3850,154177819411;0,2780545750144391;0,1660409312608293
90,83333333333333;679,9999999998921;679,9969814498353;0,07635143695949864;0,41988334042897324;679,9774802548242;0,5684897309691905;2,657293493177019;629,6951770923887;1260,753154016669;3841,3529410201572;0,278054047388422;0,16604053554131648
90,91666666666667;679,999999999895;679,9970165444357;0,07546375142055695;0,41500166938810606;679,9776979734199;0,5629936266984714;2,6316039446664736;629,8201656509806;1257,6205726875855;3832,570144941037;0,27805352486379215;0,1660401436478441
91,0;679,9999999998977;679,9970512310117;0,07458638648074611;0,4101767541388488;679,9779135869917;0,5575506618754389;2,6061627597397394;629,9448402757561;1254,4958587228593;3823,8057627262924;0,27805300739121996;0,16603975554341496
91,08333333333333;679,9999999999004;679,9970855143073;0,07371922214929327;0,4054079348252954;679,9781271158948;0,5521603226497973;2,580967537082402;630,0692017259829;1251,3789931035403;3815,0597674817777;0,27805249492185236;0,16603937119138928
91,16666666666667;679,999999999903;679,9971193990112;0,07286213982808931;0,40069455926648034;679,9783385802876;0,5468221001393658;2,5560158986248465;630,1932507594391;1248,2699568479375;3806,332132275578;0,27805198740730963;0,16603899055548224
91,25;679,9999999999055;679,9971528897579;0,07201502229463586;0,3960359828255555;679,9785480001336;0,5415354903846037;2,531305489253959;630,3169881324133;1245,1687310115972;3797,622830138533;0,2780514847996793;0,16603861359975947
91,33333333333333;679,999999999908;679,9971859911276;0,07117775369067658;0,39143156838071863;679,978755395203;0,5362999942974511;2,506833976652508;630,4404145997047;1242,0752966873067;3788,931834064893;0,27805098705151265;0,1660382402886345
91,41666666666667;679,9999999999104;679,9972187076474;0,07035021951082854;0,3868806862525338;679,9789607850751;0,5311151176243811;2,482599051064388;630,5635309146243;1238,9896350050833;3780,2591170128935;0,27805049411581984;0,1660378705868649
91,5;679,9999999999128;679,997251043792;0,06953230657416043;0,3823827140246559;679,9791641891394;0,5259803708838717;2,458598425039273;630,6863378289946;1235,9117271321538;3771,604651905302;0,27805000594606544;0,1660375044595491
91,58333333333333;679,9999999999152;679,9972830039836;0,06872390302135045;0,3779370365777474;679,9793656265982;0,5208952693351421;2,4348298332802347;630,8088360931507;1232,8415542729545;3762,9684116300514;0,2780495224961642;0,1660371418721232
91,66666666666667;679,9999999999173;679,9973145925934;0,06792489828910675;0,3735430458956669;679,9795651164679;0,5158593329241512;2,411291032371917;630,9310264559402;1229,7790976691117;3754,3503690407733;0,27804904372047695;0,16603678279035772
91,75;679,9999999999195;679,9973458139416;0,06713518309879873;0,3692001410363973;679,9797626775812;0,5108720862352811;2,387979800578734;631,0529096647241;1226,7243385994277;3745,7504969573693;0,2780485695738051;0,1660364271803538
91,83333333333333;679,9999999999217;679,9973766722982;0,06635464944793057;0,36490772806905714;679,9799583285883;0,5059330584572308;2,364893937680128;631,174486465377;1223,6772583798852;3737,168768166652;0,27804810001138813;0,1660360750085411
91,91666666666667;679,9999999999237;679,9974071718835;0,0655831905874038;0,36066521997214934;679,9801520879593;0,5010417833346992;2,342031264735815;631,2957576022877;1220,637838363618;3728,6051554228457;0,2780476349888978;0,16603572624167334
92,0;679,9999999999256;679,997437316869;0,06482070100446435;0,35647203649789316;679,9803439739853;0,4961977991115418;2,31938962382632;631,4167238183603;1217,6060599408997;3720,059631448162;0,2780471744624352;0,16603538084682642
92,08333333333333;679,9999999999277;679,9974671113772;0,06406707641701814;0,3523276041819147;679,9805340047811;0,49140064850803356;2,2969668779500156;631,5373858550139;1214,5819045391336;3711,532168933375;0,27804671838852524;0,16603503879139397
92,16666666666667;679,9999999999296;679,997496559483;0,06332221376226244;0,3482313562608772;679,9807221982858;0,486649878664025;2,27476091074718;631,6577444521837;1211,5653536228451;3703,0227405384085;0,27804626672411414;0,1660347000430856
92,25;679,9999999999314;679,997525665214;0,06258601116542195;0,3441827325077408;679,980908572265;0,48194504109631;2,252769626318786;631,7778003483214;1208,5563886936484;3694,531318892817;0,27804581942656403;0,16603436456992304
92,33333333333333;679,9999999999333;679,9975544325507;0,06185836793690669;0,3401811792075362;679,9810931443127;0,47728569166167745;2,2309909490246924;631,8975542803962;1205,5549912902507;3686,057876596413;0,2780453764536495;0,16603403234023714
92,41666666666667;679,999999999935;679,9975828654276;0,06113918456378542;0,3362261491186026;679,9812759318527;0,47267139051427876;2,2094228233312614;632,0170069838948;1202,5611429884266;3677,60238621979;0,27804493776355355;0,16603370332266518
92,5;679,9999999999367;679,9976109677332;0,06042836268420615;0,33231710133207404;679,9814569521402;0,46810170205731083;2,188063213531299;632,1361591928224;1199,5748254010039;3669,164820304861;0,2780445033148635;0,16603337748614763
92,58333333333333;679,9999999999384;679,9976387433109;0,05972580508739611;0,32845350126218864;679,9816362222635;0,4635761949117523;2,166910103636976;632,2550116397036;1196,5960201778557;3660,7451513654432;0,2780440730665675;0,1660330547999256
92,66666666666667;679,99999999994;679,9976661959594;0,059031415688082234;0,3246348205154662;679,9818137591458;0,45909444187088866;2,145961497145073;632,3735650555827;1193,6247090058687;3652,3433518877305;0,2780436469780501;0,1660327352335376
92,75;679,9999999999416;679,9976933294333;0,058345099515122456;0,3208605368277191;679,9819895795463;0,4546560198548377;2,1252154168475275;632,4918201700244;1190,660873608931;3643,9593943308846;0,27804322500908896;0,1660324187568167
92,83333333333333;679,9999999999432;679,9977201474436;0,057666762705821384;0,31713013402528994;679,9821637000624;0,45026050988212774;2,1046699046749344;632,6097777111147;1187,7044957479284;3635,5932511275787;0,2780428071198502;0,16603210533988766
92,91666666666667;679,9999999999446;679,9977466536578;0,056996312488877265;0,3134431019378366;679,9823361371309;0,4459074970185384;2,0843230214741446;632,7274384054617;1184,7555572207114;3627,2448946845034;0,27804239327088576;0,16603179495316436
93,0;679,9999999999461;679,9977728517013;0,056333657170171136;0,3097989363256526;679,9825069070296;0,4415965703429947;2,0641728468352905;632,8448029781961;1181,8140398620726;3618,9142973828766;0,278041983423129;0,16603148756734676
93,08333333333333;679,9999999999475;679,9977987451567;0,055678706121398136;0,30619713879729726;679,9826760258788;0,4373273229134611;2,0442174789517535;632,961872152972;1178,8799255437511;3610,601431579044;0,27804157753789077;0,16603118315341808
93,16666666666667;679,9999999999488;679,9978243375656;0,05503136976869882;0,3026372167708335;679,9828435096431;0,4330993517157822;2,0244550343607024;633,0786466519678;1175,9531961743874;3602,306269604917;0,2780411755768566;0,16603088168264243
93,25;679,9999999999502;679,9978496324279;0,054391559581290494;0,2991186833963029;679,9830093741325;0,4289122576437876;2,0048836478566034;633,195127195887;1173,033833699526;3594,0287837685755;0,278040777502082;0,1660305831265615
93,33333333333333;679,9999999999515;679,9978746332032;0,053759188057256324;0,2956410574685107;679,9831736350043;0,42476564544244866;1,985501472227635;633,311314503959;1170,121820101579;3585,768946354717;0,27804038327598973;0,1660302874569923
93,41666666666667;679,9999999999528;679,9978993433107;0,053134168706492346;0,29220386337857296;679,9833363077641;0,42065912367945657;1,9663066781444911;633,4272092939397;1167,2171373998112;3577,5267296252177;0,27803999286136605;0,16602999464602453
93,5;679,9999999999541;679,9979237661297;0,05251641605354962;0,288806631060618;679,9834974077678;0,41659230471680075;1,9472974539750472;633,5428122821125;1164,3197676503291;3569,3021058196346;0,27803960622135726;0,16602970466601796
93,58333333333333;679,9999999999552;679,9979479050005;0,05190584560921252;0,28544889589488104;679,9836569502227;0,4125648046567676;1,9284720055866722;633,6581241832895;1161,429692946038;3561,0950471556775;0,2780392233194656;0,1660294174895992
93,66666666666667;679,9999999999565;679,9979717632243;0,05130237386765657;0,28213019866409617;679,983814950189;0,4085762433135187;1,9098285561814898;633,7731457108116;1158,546895416643;3552,9055258297826;0,2780388441195465;0,16602913308965989
93,75;679,9999999999576;679,9979953440642;0,05070591830360627;0,27885008554380614;679,9839714225811;0,4046262441875115;1,8913653461851776;633,8878775765501;1155,6713572286212;3544,7335140175896;0,2780384685858053;0,16602885143935395
93,83333333333333;679,9999999999586;679,998018650745;0,050116397335386864;0,2756081078940146;679,9841263821696;0,4007144344114977;1,8730806329998586;634,0023204909071;1152,8030605851882;3536,5789838744035;0,2780380966827929;0,16602857251209469
93,91666666666667;679,9999999999598;679,9980416864544;0,04953373033913522;0,2724038223464013;679,9842798435818;0,39684044472494406;1,8549726908764268;634,1164751628169;1149,941987726288;3528,4419075357455;0,27803772837540364;0,16602829628155275
94,0;679,9999999999608;679,9980644543427;0,04895783763458894;0,26923679072195256;679,9844318213038;0,39300390944845276;1,8370398108033488;634,2303422997463;1147,0881209285722;3520,322257117848;0,2780373636288708;0,16602802272165312
94,08333333333333;679,9999999999619;679,9980869575238;0,04838864045098035;0,2661065798371491;679,9845823296815;0,3892044664240757;1,8192803002183675;634,3439226076963;1144,2414425053612;3512,220004718096;0,2780370024087643;0,16602775180657325
94,16666666666667;679,9999999999628;679,9981091990753;0,04782606095261599;0,263012761663861;679,9847313829221;0,38544175700963024;1,8016924829920298;634,4572167912022;1141,4019348066404;3504,135122415583;0,27803664468098704;0,1660274835107403
94,25;679,9999999999638;679,9981311820391;0,047270022187717586;0,2599549130095583;679,9848789950953;0,38171542601901365;1,784274699135272;634,5702255533354;1138,5695802190157;3496,0675822715248;0,27803629041177125;0,16602721780882845
94,33333333333333;679,9999999999649;679,9981529094215;0,0467204481196859;0,25693261574503984;679,9850251801349;0,3780251217136765;1,7670253047747098;634,6829495957038;1135,7443611657118;3488,0173563298363;0,27803593956767614;0,16602695467575712
94,41666666666667;679,9999999999657;679,998174384194;0,046177263584468164;0,2539454565137158;679,9851699518399;0,3743704957486216;1,7499426718972906;634,7953896184531;1132,9262601065266;3479,9844166175185;0,2780355921155842;0,16602669408668816
94,5;679,9999999999667;679,9981956092937;0,045640394290558106;0,2509930267752151;679,9853133238759;0,3707512031439819;1,7330251882102652;634,9075463202677;1130,1152595378142;3471,968735145184;0,27803524802269797;0,16602643601702347
94,58333333333333;679,9999999999675;679,9982165876233;0,045109766824680264;0,24807492281023097;679,9854553097761;0,36716690227081017;1,7162712570752916;635,0194203983716;1127,3113419924755;3463,97028390758;0,27803490725653746;0,1660261804424031
94,66666666666667;679,9999999999684;679,998237322052;0,044585308603473095;0,24519074546372038;679,985595922943;0,3636172547857086;1,6996792972160222;635,1310125485297;1124,5144900398968;3455,9890348839403;0,2780345697849367;0,16602592733870253
94,75;679,9999999999692;679,9982578154154;0,04406694791043719;0,24234010034840628;679,9857351766497;0,36010192563367127;1,683247742705747;635,2423234650489;1121,7246862859668;3448,0249600385864;0,2780342355760408;0,1660256766820306
94,83333333333333;679,99999999997;679,9982780705162;0,04355461384477621;0,23952259756375077;679,9858730840405;0,3566205829883984;1,666975042724404;635,3533538407787;1118,941913373007;3440,07803132128;0,2780339045983029;0,16602542844872717
94,91666666666667;679,9999999999708;679,9982980901246;0,04304823634413424;0,2367378518170874;679,986009658133;0,3531728982380855;1,6508596614597342;635,4641043671128;1116,166153979782;3432,148220667793;0,2780335768204809;0,16602518261536067
95,0;679,9999999999716;679,9983178769786;0,0425477461533319;0,23398548225403581;679,9861449118185;0,34975854594563316;1,6349000779343046;635,5745757339898;1113,39739082145;3424,235500000292;0,2780332522116355;0,16602493915872663
95,08333333333333;679,9999999999723;679,9983374337843;0,04205307482436638;0,2312651124730379;679,9862788578641;0,3463772038259094;1,619094785906665;635,6847686298947;1110,6356066495437;3416,339841227833;0,27803293074112606;0,16602469805584455
95,16666666666667;679,999999999973;679,9983567632162;0,04156415469935837;0,22857637038968945;679,9864115089131;0,3430285527031174;1,6034422936571857;635,7946837418597;1107,8807842519382;3408,461216246799;0,2780326123786086;0,16602445928395645
95,25;679,9999999999737;679,998375867918;0,041080918921920784;0,22591888835787244;679,9865428774865;0,3397122764994265;1,5879411239509913;635,9043217554653;1105,1329064528345;3400,599596941394;0,27803229709403243;0,16602422282052431
95,33333333333333;679,9999999999744;679,9983947505024;0,04060330139452617;0,22329230287903767;679,9866729759844;0,3364280621809712;1,5725898137620207;636,0136833548419;1102,3919561127116;3392,7549551840325;0,2780319848576373;0,166023988643228
95,41666666666667;679,9999999999751;679,9984134135518;0,040131236801244086;0,22069625477178997;679,9868018166871;0,33317559974932465;1,557386914273028;636,1227692226703;1099,6579161283137;3384,9272628358326;0,27803167563995085;0,16602375672996314
95,5;679,9999999999758;679,9984318596188;0,03966466058216156;0,21813038899745754;679,9869294117559;0,32995458219886586;1,5423309906202352;636,2315800401835;1096,9307694326203;3377,116491747064;0,2780313694117858;0,16602352705883935
95,58333333333333;679,9999999999764;679,998450091226;0,03920350892485658;0,2155943546310204;679,9870557732345;0,32676470549688474;1,527420621860384;636,3401164871675;1094,2104989948064;3369,32261375756;0,2780310661442372;0,1660232996081779
95,66666666666667;679,999999999977;679,9984681108668;0,038747718758713745;0,2130878048417292;679,9871809130502;0,32360566854663375;1,5126544007565752;636,4483792419626;1091,4970878202212;3361,5456006971717;0,27803076580867947;0,1660230743565096
95,75;679,9999999999776;679,9984859210057;0,03829722775492428;0,21061039686403335;679,9873048430151;0,3204771731702749;1,498030933712371;636,5563689814645;1088,7905189503613;3353,785424386237;0,2780304683767638;0,16602285128257288
95,83333333333333;679,9999999999783;679,9985035240783;0,037851974298064306;0,2081617918522225;679,9874275748267;0,31737892406340507;1,4835488405576336;636,6640863811259;1086,0907754628272;3346,042056635947;0,2780301738204159;0,16602263036531192
95,91666666666667;679,9999999999789;679,9985209224922;0,03741189750030571;0,20574165496764152;679,9875491200698;0,31431062878937155;1,4692067545279344;636,7715321149573;1083,3978404713093;3338,315469248856;0,2780298821118323;0,1660224115838743
96,0;679,9999999999793;679,9985381186267;0,0369769371673101;0,20334965519456974;679,987669490217;0,3112719977252709;1,455003322005086;636,8787068555282;1080,7116971255396;3330,605634019241;0,2780295932234793;0,1660221949176095
96,08333333333333;679,9999999999799;679,9985551148336;0,03654703381528179;0,20098546540320947;679,9877886966298;0,3082627440591068;1,4409372025047888;636,9856112739691;1078,0323286112775;3322,9125227335844;0,2780293071280886;0,16602198034606644
96,16666666666667;679,9999999999804;679,9985719134374;0,03612212865675701;0,19864876231576914;679,9879067505601;0,3052825837528417;1,427007068507772;637,0922460399718;1075,3597181502698;3315,236107170971;0,2780290237986557;0,1660217678489918
96,25;679,9999999999809;679,9985885167356;0,035702163575024315;0,1963392263271875;679,9880236631509;0,3023312355082908;1,413211605299172;637,1986118217911;1072,693849000217;3307,5763591035143;0,27802874320843785;0,16602155740632837
96,33333333333333;679,9999999999815;679,9986049269987;0,03528708113265111;0,19405654156327704;679,9881394454374;0,2994084207500691;1,3995495108738063;637,3047092862466;1070,0347044547443;3299,9332502967623;0,2780284653309503;0,16602134899821278
96,41666666666667;679,9999999999819;679,9986211464712;0,034876824568641496;0,19180039590495052;679,988254108348;0,29651386360285414;1,386019495874398;637,4105390987231;1067,3822678433708;3292,306752510156;0,2780281901399648;0,16602114260497364
96,5;679,9999999999824;679,9986371773713;0,03447133776717237;0,18957048072657526;679,9883676627056;0,2936472908487531;1,3726202833279904;637,5161019231724;1064,7365225314702;3284,6968374973644;0,2780279176095065;0,16602093820712988
96,58333333333333;679,9999999999828;679,9986530218912;0,03407056527748864;0,1873664911091659;679,9884801192285;0,2908084319187765;1,359350608662421;637,6213984221147;1062,0974519202491;3277,1034770068018;0,27802764771385163;0,16602073578538873
96,66666666666667;679,9999999999833;679,998668682198;0,033674452291165835;0,18518812563688228;679,988591488531;0,2879970188587322;1,34620921952099;637,7264292566397;1059,465039446704;3269,5266427819483;0,2780273804275255;0,16602053532064415
96,75;679,9999999999837;679,9986841604334;0,03328294463358361;0,183035086392184;679,9887017811252;0,28521278630648794;1,3331948756512602;637,8311950864081;1056,8392685835902;3261,9663065617924;0,2780271157252995;0,16602033679397463
96,83333333333333;679,9999999999842;679,9986994587142;0,0328959887582414;0,18090707890253233;679,9888110074212;0,28245547146354966;1,3203063487897395;637,935696569653;1054,2201228393906;3254,4224400812323;0,27802685358218915;0,16602014018664185
96,91666666666667;679,9999999999847;679,9987145791328;0,03251353174960059;0,17880381217430724;679,9889191777287;0,27972481407516625;1,3075424225547994;638,0399343631811;1051,6075857582791;3246,895015071471;0,27802659397345114;0,16601994548008836
97,0;679,999999999985;679,9987295237568;0,032135521297504965;0,17672499854260337;679,9890263022575;0,27702055639906575;1,2949018923107654;638,1439091223743;1049,0016409200875;3239,384003260421;0,2780263368745821;0,16601975265593658
97,08333333333333;679,9999999999854;679,9987442946302;0,03176190570570725;0,17467035370514705;679,9891323911187;0,2743424431884023;1,2823835650814277;638,2476215011909;1046,4022719402665;3231,889376373082;0,27802608226131514;0,16601956169598636
97,16666666666667;679,9999999999858;679,9987588937732;0,0313926338805004;0,17263959668353399;679,9892374543257;0,2716902216690187;1,2699862594347242;638,3510721521671;1043,8094624698635;3224,4111061319786;0,27802583010961834;0,16601937258221375
97,25;679,9999999999861;679,9987733231823;0,03102765531366458;0,17063244973116876;679,9893415017951;0,2690636415024983;1,257708805350948;638,4542617264185;1041,223196195466;3216,9491642574876;0,2780255803956917;0,16601918529676876
97,33333333333333;679,9999999999865;679,9987875848308;0,03066692009667804;0,1686486383768724;679,9894445433476;0,26646245477479624;1,245550044107429;638,5571908736412;1038,6434568391905;3209,5035224682797;0,27802533309596567;0,16601899982197424
97,41666666666667;679,9999999999869;679,9988016806693;0,030310378892295375;0,1666878912989049;679,9895465887089;0,26388641597066;1,2335088282044024;638,6598602421137;1036,0702281586327;3202,074152481688;0,27802508818709865;0,166018816140324
97,5;679,9999999999873;679,9988156126255;0,029957982940231886;0,16474994035403687;679,9896476475105;0,26133528195089184;1,2215840212579263;638,762270478698;1033,50349394683;3194,66102601408;0,27802484564597474;0,16601863423448104
97,58333333333333;679,9999999999875;679,9988293826049;0,029609684042952722;0,16283452049033434;679,9897477292911;0,258808811918243;1,2097744978063134;638,8644222288414;1030,9432380322305;3187,26411478124;0,27802460544970126;0,16601845408727595
97,66666666666667;679,999999999988;679,9988429924904;0,029265434565672876;0,1609413697520041;679,9898468434969;0,256306767408887;1,1980791433142486;638,9663161365775;1028,3894442786532;3179,8833904987528;0,27802436757560733;0,16601827568170552
97,75;679,9999999999882;679,9988564441435;0,028925187439199362;0,15907022928423895;679,9899449994829;0,25382891227536675;1,1864968540409981;639,067952844528;1025,8420965852622;3172,5188248823997;0,2780241320012411;0,16601809900093084
97,83333333333333;679,9999999999885;679,9988697394039;0,028588896117298646;0,15722084312487014;679,9900422065134;0,2513750126325931;1,1750265368591946;639,1693329939042;1023,3011788865042;3165,170389648476;0,27802389870436783;0,16601792402827587
97,91666666666667;679,9999999999887;679,9988828800897;0,02825651461648704;0,15539295838848857;679,9901384737634;0,24894483687774027;1,16366710927543;639,2704572245083;1020,7666751521089;3157,8380565142475;0,2780236676629678;0,16601775074722586
98,0;679,9999999999891;679,9988958679983;0,027927997476240307;0,153586325072633;679,9902338103192;0,2465381556334023;1,1524174992078575;639,3713261747351;1018,2385693870117;3150,5217971982097;0,27802343885523395;0,16601757914142548
98,08333333333333;679,9999999999894;679,9989087049057;0,027603299770362355;0,15180069613046954;679,9903282251789;0,2441547417475931;1,1412766449738345;639,4719404815737;1015,7168456313485;3143,2215834205717;0,27802321225957055;0,16601740919467795
98,16666666666667;679,9999999999897;679,9989213925677;0,027282377092774368;0,15003582733512336;679,990421727254;0,24179437026248252;1,130243495141658;639,5723007806083;1013,2014879603929;3135,937386903501;0,27802298785459045;0,16601724089094283
98,25;679,99999999999;679,9989339327193;0,026965185548988302;0,14829147732328649;679,9905143253695;0,239456818391659;1,119317008439957;639,6724077060206;1010,6924804845335;3128,669179371584;0,2780227656191131;0,16601707421433484
98,33333333333333;679,9999999999902;679,9989463270756;0,026651681767475566;0,14656740756130063;679,9906060282653;0,2371418655116031;1,10849615368356;639,7722618905908;1008,189807349234;3121,416932552128;0,27802254553216316;0,16601690914912237
98,41666666666667;679,9999999999905;679,9989585773317;0,02634182286556097;0,1448633822434062;679,9906968445968;0,23484929312189706;1,0977799096293472;639,8718639656994;1005,6934527349853;3114,180618175534;0,27802232757296774;0,16601674567972585
98,5;679,9999999999907;679,9989706851628;0,026035566469317928;0,14317916832081393;679,9907867829354;0,23257888484238265;1,087167264930947;639,9712145613286;1003,2034008572765;3106,9602079756423;0,27802211172095503;0,16601658379071627
98,58333333333333;679,999999999991;679,998982652225;0,02573287069651542;0,1415145354920143;679,9908758517699;0,23033042638189727;1,0766572180110634;640,0703143060641;1000,7196359665528;3099,7556736901092;0,27802189795575216;0,1660164234668141
98,66666666666667;679,9999999999912;679,9989944801548;0,02543369415093366;0,139869256091336;679,9909640595071;0,2281037055269053;1,0662487769996971;640,1691638270966;998,2421423481725;3092,5669870607207;0,27802168625718304;0,1660162646928873
98,75;679,9999999999915;679,9990061705698;0,025137995910995414;0,13824310507925514;679,991051414472;0,2258985121045498;1,0559409595570517;640,267763750223;995,7709043223673;3085,394119833745;0,27802147660526705;0,16601610745395032
98,83333333333333;679,9999999999917;679,9990177250689;0,024845735541134673;0,13663586009569367;679,9911379249098;0,22371463798549485;1,0457327929064806;640,3661146998489;993,3059062442112;3078,2370437603076;0,2780212689802164;0,16601595173516231
98,91666666666667;679,9999999999918;679,9990291452323;0,024556873069059293;0,1350473013195058;679,9912235989855;0,2215518770469771;1,035623313640918;640,4642172989894;990,8471325035691;3071,095730596698;0,2780210633624349;0,16601579752182616
99,0;679,999999999992;679,9990404326217;0,024271368988593167;0,1334772114878591;679,9913084447852;0,2194100251585951;1,02561156766522;640,5620721692709;988,3945675250601;3063,970152104712;0,2780208597325155;0,16601564479938663
99,08333333333333;679,9999999999923;679,9990515887807;0,02398918425967622;0,13192537591561587;679,991392470317;0,2172888801709405;1,0156966101467424;640,6596799309328;985,9481957680288;3056,8602800520366;0,27802065807123916;0,16601549355342937
99,16666666666667;679,9999999999925;679,9990626152353;0,02371028028846922;0,1303915823499743;679,9914756835116;0,2151882418814921;1,0058775053341273;640,7570412028296;983,5080017264858;3049,766086212513;0,27802045835957223;0,1660153437696792
99,25;679,9999999999927;679,9990735134933;0,02343461893019594;0,1288756210334572;679,9915580922226;0,21310791202324708;0,9961533265490653;640,8541566024315;981,0739699290735;3042,687542366501;0,2780202605786658;0,16601519543399934
99,33333333333333;679,9999999999928;679,9990842850452;0,023162162486300986;0,12737728465061396;679,9916397042281;0,21104769425335235;0,9865231560874526;640,9510267458272;978,6460849390295;3035,6246203012306;0,27802006470985263;0,16601504853238946
99,41666666666667;679,9999999999931;679,9990949313642;0,022892873690238957;0,125896368255341;679,9917205272308;0,2090073941189985;0,9769860850834795;641,0476522477248;976,2243313541404;3028,577291811079;0,2780198707346462;0,16601490305098462
99,5;679,9999999999933;679,9991054539062;0,022626715721685287;0,12443266936294242;679,9918005688589;0,20698681905741978;0,9675412135013944;641,1440337214538;973,8086938067056;3021,5455286979654;0,27801967863473853;0,16601475897605392
99,58333333333333;679,9999999999934;679,9991158541103;0,022363652178114535;0,1229859877805448;679,991879836667;0,20498577835894594;0,9581876499625265;641,2401717789663;971,3991569634885;3014,5293027716016;0,2780194883919993;0,1660146162939995
99,66666666666667;679,9999999999936;679,9991261333988;0,022103647077642563;0,12155612563616895;679,9919583381364;0,2030040831613178;0,9489245117370485;641,3360670308398;968,995705525677;3007,5285858498505;0,2780192999884725;0,1660144749913544
99,75;679,9999999999937;679,9991362931777;0,021846664870395216;0,12014288743687335;679,9920360806764;0,2010415464297921;0,9397509246245406;641,4317200862776;966,5983242288462;3000,5433497590643;0,2780191134063767;0,16601433505478252
99,83333333333333;679,999999999994;679,9991463348363;0,0215926704015601;0,11874607984102555;679,9921130716242;0,19909798293440417;0,9306660228551464;641,5271315531112;964,2069978429049;2993,5735663343344;0,2780189286281019;0,16601419647107643
99,91666666666667;679,9999999999941;679,9991562597478;0,02134162894265046;0,11736551187149492;679,9921893182466;0,1971732092442835;0,9216689490772179;641,6223020378021;961,8217111720696;2986,6192074198857;0,2780187456362082;0,16601405922715617
100,0;679,9999999999943;679,9991660692697;0,021093506157399133;0,11600099471215047;679,9922648277396;0,1952670436878634;0,9127588541596263;641,7172321454433;959,4424490547993;2979,6802448693197;0,2780185644134249;0,16601392331006867
100,08333333333333;679,9999999999944;679,9991757647435;0,020848268115969404;0,11465234175146843;679,9923396072302;0,19337930636709189;0,9039348972494229;641,8119224797608;957,0691963637756;2972,75665054597;0,2780183849426475;0,1660137887069857
100,16666666666667;679,9999999999945;679,9991853474952;0,02060588127221763;0,11331936852438883;679,9924136637759;0,19150981910627252;0,8951962455576754;641,9063736431159;954,7019380058401;2965,8483963231693;0,2780182072069378;0,1660136554052034
100,25;679,9999999999948;679,9991948188353;0,020366312483588445;0,11200189277045887;679,9924870043664;0,18965840546627533;0,8865420744047725;642,0005862365065;952,3406589219661;2958,955454084608;0,27801803118952073;0,16601352339214057
100,33333333333333;679,9999999999949;679,9992041800592;0,020129528985535217;0,1106997342981649;679,9925596359235;0,18782489071043074;0,8779715670639209;642,0945608595688;949,9853440872073;2952,0777957245837;0,27801785687378355;0,1660133926553377
100,41666666666667;679,999999999995;679,999213432447;0,01989549839152005;0,10941271500431356;679,9926315653023;0,18600910178463437;0,8694839146787747;642,1882981105796;947,6359785106524;2945,2153931483326;0,27801768424327444;0,16601326318245585
100,5;679,9999999999951;679,9992225772642;0,019664188698698126;0,10814065889825815;679,9927027992916;0,18421086731734704;0,8610783162469624;642,2817985864575;945,2925472353854;2938,3682182723087;0,2780175132817002;0,16601313496127515
100,58333333333333;679,9999999999952;679,9992316157613;0,01943556827370685;0,10688339202437407;679,9927733446143;0,18243001758833088;0,8527539785047679;642,3750628827651;942,95503533844;2931,5362430245045;0,27801734397292566;0,16601300797969426
100,66666666666667;679,9999999999953;679,9992405491746;0,019209605846981503;0,1056407424087606;679,9928432079287;0,18066638452296502;0,8445101158488798;642,4680915937103;940,623427930754;2924,7194393447135;0,27801717630097117;0,16601288222572838
100,75;679,9999999999955;679,9992493787256;0,018986270518439596;0,10441254012707495;679,9929123958284;0,178919801666666;0,8363459502704955;642,5608853121485;938,2977101571271;2917,917779184848;0,2780170102500118;0,1660127576875089
100,83333333333333;679,9999999999956;679,9992581056221;0,018765531746112174;0,10319861721731703;679,9929809148434;0,17719010417636127;0,8282607112853063;642,6534446295842;935,9778671961749;2911,131234509217;0,2780168458043758;0,16601263435328184
100,91666666666667;679,9999999999958;679,9992667310573;0,01854735933761731;0,10199880765075775;679,9930487714405;0,17547712880343624;0,820253635863483;642,7457701361731;933,6638842602838;2904,35977729482;0,27801668294854276;0,16601251221140712
101,0;679,9999999999958;679,999275256211;0,01833172346152878;0,1008129473610107;679,993115972024;0,1737807138823655;0,8123239683637804;642,8378624207234;931,3557465955682;2897,603379531622;0,2780165216671423;0,16601239125035672
101,08333333333333;679,999999999996;679,9992836822491;0,018118594618954376;0,09964087413743578;679,9931825229364;0,1721006992937646;0,804470960385271;642,929722070698;929,053439481811;2890,8620132228184;0,2780163619449526;0,16601227145871444
101,16666666666667;679,999999999996;679,999292010324;0,017907943671957582;0,09848242772689032;679,9932484304586;0,17043692648996966;0,7966938708620703;643,0213496722162;926,7569482324518;2884,1356503851957;0,27801620376689934;0,1660121528251745
101,25;679,9999999999961;679,9993002415746;0,01769974180092504;0,09733744964960805;679,993313700811;0,16878923843535176;0,7889919657997537;643,1127458100557;924,4662581944965;2877,4242630492854;0,27801604711805367;0,16601203533854025
101,33333333333333;679,9999999999962;679,9993083771266;0,01749396053867258;0,09620578336393892;679,9933783401536;0,16715747962905425;0,7813645183824365;643,203911067654;922,1813547485112;2870,7278232597628;0,27801589198363125;0,16601191898772344
101,41666666666667;679,9999999999964;679,9993164180925;0,01729057174202353;0,0950872740822281;679,9934423545873;0,1655414960652024;0,7738108087668497;643,2948460271108;919,9022233085572;2864,046303075647;0,2780157383489905;0,1660118037617429
101,5;679,9999999999965;679,9993243655721;0,017089547597493038;0,09398176885803121;679,9935057501535;0,1639411352272191;0,7663301240823397;643,3855512691894;917,6288493221392;2857,3796745705827;0,2780155861996315;0,16601168964972365
101,58333333333333;679,9999999999966;679,9993322206524;0,0168908606099194;0,09288911648436321;679,9935685328355;0,16235624607361387;0,7589217583443802;643,4760273733187;915,3612182701778;2850,7279098331464;0,27801543552119473;0,16601157664089605
101,66666666666667;679,9999999999966;679,9993399844075;0,016694483605306232;0,09180916753246073;679,9936307085587;0,16078667902661437;0,7515850124257423;643,5662749175955;913,0993156669462;2844,0909809670698;0,27801528629945904;0,1660114647245943
101,75;679,9999999999967;679,9993476578992;0,01650038972798029;0,09074177430332915;679,9936922831911;0,15923228594658667;0,7443191938917546;643,6562944787854;910,8431270600278;2837,4688600915183;0,27801513852034143;0,16601135389025606
101,83333333333333;679,9999999999968;679,999355242177;0,016308552437749313;0,08968679084227849;679,993753262544;0,1576929201405619;0,7371236170950292;643,7460866323257;908,5926380302823;2830,861519341394;0,27801499216989434;0,16601124412742074
101,91666666666667;679,9999999999969;679,999362738278;0,01611894549569115;0,08864407285655343;679,9938136523728;0,15616843631960364;0,7299976029365883;643,8356519523267;906,3478341917772;2824,2689308675417;0,27801484723430536;0,16601113542572904
102,0;679,999999999997;679,9993701472275;0,01593154297268029;0,087613477758941;679,9938734583767;0,15465869060449222;0,7229404789152865;643,9249910115734;904,1087011917568;2817,691066837035;0,2780147036998959;0,16601102777492194
102,08333333333333;679,999999999997;679,9993774700388;0,01574631923801917;0,08659486458540058;679,9939326862002;0,15316354050867176;0,7159515790289666;644,0141043815282;901,8752247105908;2811,127899433445;0,27801456155311954;0,16601092116483965
102,16666666666667;679,9999999999972;679,9993847077133;0,015563248956595999;0,08558809402413564;679,9939913414331;0,1516828449211971;0,7090302437168007;644,1029926323322;899,6473904617204;2804,579400857064;0,2780144207805605;0,16601081558542038
102,25;679,9999999999973;679,9993918612407;0,015382307097411285;0,08459302841559378;679,9940494296113;0,1502164641010495;0,7021758198098685;644,1916563328069;897,4251841916242;2798,0455433252014;0,2780142813689328;0,16601071102669962
102,33333333333333;679,9999999999973;679,9993989315994;0,015203468913682627;0,08360953166040618;679,994106956217;0,14876425964871487;0,6953876604117207;644,2800960504568;895,2085916797586;2791,5262990723945;0,2780141433050791;0,16601060747880936
102,41666666666667;679,9999999999974;679,9994059197564;0,015026709945686889;0,08263746925814991;679,9941639266794;0,14732609450618384;0,6886651248942605;644,3683123514706;892,997598738512;2785,0216403506806;0,2780140065759693;0,166010504931977
102,5;679,9999999999974;679,9994128266674;0,014852006023602371;0,08167670827827625;679,9942203463753;0,14590183294842518;0,6820075788689138;644,4563058007238;890,7921912131684;2778,5315394298673;0,27801387116869924;0,16601040337652445
102,58333333333333;679,9999999999975;679,9994196532768;0,014679333250455784;0,080727117316503;679,9942762206294;0,14449134055212198;0,6754143940177717;644,5440769617801;888,5923549818386;2772,055968597712;0,2780137370704893;0,166010302802867
102,66666666666667;679,9999999999976;679,9994264005186;0,014508668016333104;0,07978856652873156;679,994331554715;0,14309448420135595;0,6688849481430116;644,6316263968936;886,3980759554352;2765,594900160242;0,27801360426868393;0,16601020320151297
102,75;679,9999999999976;679,9994330693152;0,014339986975642205;0,0788609275341411;679,9943863538545;0,14171113206487007;0,6624186250515793;644,7189546670105;884,2093400776008;2759,148306441937;0,2780134727507493;0,16601010456306198
102,83333333333333;679,9999999999976;679,9994396605787;0,014173267061323713;0,07794407346848677;679,9944406232196;0,14034115357901555;0,656014814464583;644,8060623317716;882,0261333246776;2752,716159785995;0,278013342504273;0,16601000687820475
102,91666666666667;679,9999999999977;679,9994461752106;0,014008485473482324;0,07703787895502791;679,9944943679321;0,13898441945059403;0,64967291205024;644,8929499495135;879,84844170565;2746,2984325545685;0,27801321351696284;0,16600991013772215
103,0;679,9999999999978;679,9994526141018;0,0138456196793868;0,07614222007545639;679,9945475930643;0,13764080163980452;0,643392319333271;644,9796180772711;877,6762512621048;2739,895097129022;0,2780130857766456;0,16600981433248418
103,08333333333333;679,9999999999978;679,9994589781328;0,013684647402101291;0,07525697432144364;679,9946003036396;0,13631017333750606;0,6371724435878181;645,0660672707792;875,5095480681689;2733,5061259101235;0,278012959271265;0,16600971945344878
103,16666666666667;679,999999999998;679,999465268174;0,013525546626169671;0,0743820206237124;679,9946525046324;0,13499240895669118;0,6310126978044975;645,1522980844748;873,3483182304667;2727,131491318287;0,27801283398888216;0,16600962549166162
103,25;679,999999999998;679,9994714850858;0,013368295597615543;0,07351723935203673;679,9947042009695;0,13368738413817027;0,6249125007068733;645,2383110714989;871,1925478880801;2720,771165793853;0,27801270991767313;0,16600953243825486
103,33333333333333;679,9999999999981;679,9994776297183;0,013212872804047038;0,07266251220380035;679,9947553975297;0,13239497571078118;0,6188712765743619;645,3241067836984;869,0422232124774;2714,425121797226;0,2780125870459286;0,1660094402844465
103,41666666666667;679,9999999999981;679,9994837029118;0,013059256994552015;0,07181772231059298;679,9948060991449;0,13111506170844223;0,6128884553204841;645,4096857716283;866,897330407491;2708,0933318092007;0,2780124653620524;0,16600934902153927
103,5;679,9999999999981;679,9994897054969;0,012907427156960694;0,07098275411223284;679,9948563106;0,12984752133036181;0,6069634722992948;645,4950485845535;864,757855709243;2701,7757683310997;0,27801234485456006;0,16600925864092006
103,58333333333333;679,9999999999982;679,9994956382944;0,012757362529214333;0,07015749343913653;679,9949060366339;0,12859223495240713;0,6010957683671612;645,5801957704507;862,6237853861142;2695,4724038850577;0,27801222551207866;0,166009169134059
103,66666666666667;679,9999999999983;679,9995015021159;0,012609042593680897;0,06934182745417562;679,9949552819395;0,1273490841072089;0,5952847897921557;645,6651278760107;860,495105738687;2689,183211014225;0,2780121073233452;0,1660090804925089
103,75;679,9999999999983;679,9995072977631;0,012462447060102022;0,06853564457999722;679,9950040511645;0,12611795146995064;0,5895299881799227;645,7498454466403;858,3718030996891;2682,9081622829613;0,27801199027720513;0,16600899270790384
103,83333333333333;679,9999999999983;679,9995130260287;0,012317555879803876;0,06773883455716749;679,9950523489116;0,12489872084415765;0,5838308203995459;645,8343490264639;856,2538638339504;2676,647230277065;0,27801187436261215;0,16600890577195912
103,91666666666667;679,9999999999984;679,9995186876962;0,012174349240012816;0,06695128842479048;679,9951001797388;0,12369127716738149;0,5781867486370886;645,9186391583262;854,1412743383603;2670,400387604031;0,278011759568627;0,16600881967647024
104,0;679,9999999999984;679,9995242835398;0,012032807555328873;0,06617289848659112;679,9951475481603;0,1224955064913047;0,5725972402761577;646,0027163837938;852,0340210418055;2664,1676068932147;0,2780116458844153;0,16600873441331152
104,08333333333333;679,9999999999984;679,9995298143248;0,011892911464883582;0,06540355826246229;679,9951944586464;0,12131129595331913;0,5670617677702293;646,0865812431571;849,932090405116;2657,9488607960266;0,27801153329924855;0,1660086499744364
104,16666666666667;679,9999999999984;679,9995352808075;0,011754641840866498;0,06464316256114415;679,9952409156247;0,12013853379926331;0,5615798087703234;646,1702342754326;847,8354689210335;2651,7441219862194;0,2780114218025008;0,1660085663518756
104,25;679,9999999999985;679,9995406837356;0,011617979771472164;0,06389160738816367;679,9952869234793;0,11897710934363204;0,5561508459026043;646,2536760183648;845,7441431141461;2645,5533631600274;0,2780113113836497;0,16600848353773728
104,33333333333333;679,9999999999985;679,999546023848;0,011482906572268803;0,06314878998459693;679,9953324865522;0,11782691298094505;0,550774366854869;646,3369070084283;843,6580995408434;2639,376557036409;0,27801120203227464;0,16600840152420598
104,41666666666667;679,9999999999986;679,9995513018749;0,011349403763460941;0,06241460872047274;679,9953776091437;0,11668783615732536;0,545449864224163;646,4199277808297;841,577324789256;2633,21367635721;0,2780110937380551;0,16600832030354135
104,5;679,9999999999986;679,9995565185383;0,011217453092626783;0,06168896323528604;679,9954222955121;0,11555977137334139;0,5401768355456098;646,5027388695097;839,5018054792246;2627,0646938874384;0,27801098649077105;0,16600823986807828
104,58333333333333;679,9999999999986;679,9995616745515;0,01108703650913867;0,060971754244186306;679,9954665498748;0,11444261216411178;0,5349547831647374;646,5853408071454;837,4315282622234;2620,9295824153637;0,2780108802803005;0,1660081602102254
104,66666666666667;679,9999999999986;679,9995667706197;0,010958136178373934;0,060262883678490954;679,9955103764082;0,11333625309646322;0,5297832142745451;646,6677341251518;835,3664798213316;2614,8083147528178;0,27801077509662026;0,1660080813224652
104,75;679,9999999999987;679,9995718074398;0,010830734473188386;0,05956225459362483;679,9955537792487;0,11224058976040396;0,5246616408454885;646,7499193536843;833,3066468711706;2608,700863735326;0,2780106709298032;0,1660080031973524
104,83333333333333;679,9999999999987;679,9995767857007;0,010704813973916316;0,05886977119819197;679,9955967624923;0,11115551875207075;0,5195895795389912;646,8318970216405;831,2520161578618;2602,6072022223543;0,2780105677700186;0,16600792582751395
104,91666666666667;679,9999999999989;679,9995817060831;0,010580357451317468;0,05818533873768859;679,9956393301954;0,11008093766236016;0,5145665516786158;646,9136676566626;829,2025744589552;2596,5273030974226;0,27801046560753095;0,1660078492056482
105,0;679,9999999999989;679,9995865692599;0,010457347894998748;0,057508863673778846;679,9956814863757;0,10901674508545511;0,5095920832665373;646,9952317851389;827,1583085834067;2590,4611392683983;0,27801036443269833;0,16600777332452374
105,08333333333333;679,9999999999989;679,9995913758964;0,01033576847362383;0,05684025344203034;679,9957232350115;0,10796284057903449;0,5046657048229221;647,0765899322065;825,1192053714988;2584,4086836675892;0,2780102642359724;0,1660076981769793
105,16666666666667;679,9999999999989;679,9995961266499;0,010215602560492698;0,0561794166021181;679,9957645800429;0,10691912468416831;0,49978695145182367;647,1577426217527;823,085251694809;2578,3699092520123;0,2780101650078971;0,16600762375592282
105,25;679,9999999999989;679,9996008221699;0,01009683372501513;0,05552626279906223;679,9958055253717;0,1058854988997382;0,49495536273410196;647,2386903764178;821,0564344561533;2572,3447890035427;0,278010066739108;0,166007550054331
105,33333333333333;679,999999999999;679,9996054630988;0,009979445724184188;0,05488070270992977;679,9958460748622;0,10486186567959521;0,4901704827233046;647,3194337175967;819,032740589526;2566,3332959290888;0,2780099694203306;0,16600747706524796
105,41666666666667;679,999999999999;679,999610050071;0,009863422505418384;0,05424264805352524;679,9958862323414;0,103848128418349;0,48543185985506004;647,3999731654408;817,0141570600578;2560,3354030608007;0,2780098730423807;0,16600740478178552
105,5;679,9999999999991;679,9996145837141;0,009748748198035173;0,053612011546783016;679,995926001599;0,10284419143999912;0,48073904692648517;647,4803092388606;815,0006708639552;2554,3510834562326;0,2780097775961625;0,1660073331971219
105,58333333333333;679,9999999999991;679,999619064648;0,009635407124619633;0,052988706987137306;679,9959653863882;0,10184996000361934;0,47609160110030363;647,5604424555276;812,9922690284616;2548,3803101985495;0,27800968307266827;0,16600726230450122
105,66666666666667;679,9999999999991;679,9996234934855;0,009523383778287098;0,052372649082936956;679,996004390426;0,10086534027209382;0,47148908374834325;647,640373331876;810,9889386117885;2542,423056396664;0,2780095894629775;0,16600719209723314
105,75;679,9999999999991;679,9996278708323;0,009412662839736186;0,05176375359395887;679,9960430173934;0,0998902393263279;0,46693106055449807;647,7201023831057;808,990666703076;2536,4792951854506;0,2780094967582558;0,1660071225686919
105,83333333333333;679,9999999999991;679,9996321972872;0,009303229168722282;0,051161937258728675;679,9960812709357;0,0989245651425108;0,4624171013746997;647,7996301231831;806,9974404223359;2530,54899972591;0,27800940494975424;0,16600705371231567
105,91666666666667;679,9999999999991;679,9996364734416;0,009195067798373202;0,050567117765448956;679,9961191546632;0,09796822658358906;0,45794678021220636;647,8789570648445;805,0092469204003;2524,632143205336;0,27800931402880824;0,16600698552160617
106,0;679,9999999999992;679,9996406998805;0,009088163938031357;0,04997921378107101;679,9961566721511;0,09702113339642437;0,4535196752011286;647,9580837195972;803,0260733788651;2518,7286988374854;0,2780092239868374;0,16600691799012807
106,08333333333333;679,9999999999992;679,9996448771818;0,008982502967569417;0,04939814489799664;679,99619382694;0,09608319620326711;0,4491353685693633;648,0370105977223;801,0479070100502;2512,8386398627813;0,2780091348153439;0,16600685111150792
106,16666666666667;679,9999999999992;679,9996490059169;0,008878070434548135;0,04882383164376876;679,9962306225366;0,09515432647901889;0,4447934465315123;648,1157382082763;799,0747350569222;2506,9619395484083;0,2780090465059122;0,16600678487943415
106,25;679,9999999999992;679,9996530866504;0,008774852057058524;0,04825619547622607;679,9962670624133;0,0942344365654435;0,4404934993506601;648,1942670590936;797,1065447930727;2501,0985711885687;0,27800895905020817;0,16600671928765612
106,33333333333333;679,9999999999993;679,9996571199403;0,00867283372087968;0,0476951587689672;679,996303150009;0,09332343964842948;0,4362351212354113;648,2725976567883;795,1433235226403;2495,2485081045793;0,2780088724399784;0,1660066543299838
106,41666666666667;679,9999999999993;679,9996611063382;0,008572001476636615;0,047140644816196016;679,9963388887296;0,09242124975799015;0,4320179103357722;648,3507305067565;793,1850585802749;2489,411723645082;0,2780087866670489;0,1660065900002867
106,5;679,9999999999993;679,9996650463894;0,00847234152843157;0,04659257775035165;679,9963742819479;0,09152778174268406;0,42784146864430694;648,4286661131783;791,2317373310714;2483,588191186165;0,27800870172332515;0,16600652629249388
106,58333333333333;679,9999999999993;679,9996689406327;0,008373840248054876;0,04605088261963319;679,996409333004;0,090642951286668;0,4237054020332037;648,5064049790202;789,2833471705245;2477,7778841315526;0,27800861760079054;0,1660064632005929
106,66666666666667;679,9999999999993;679,9996727896005;0,008276484166458431;0,045515485354082584;679,9964440452057;0,08976667488411749;0,41960932018837915;648,5839476060366;787,3398755244779;2471,9807759127602;0,2780085342915062;0,16600640071862965
106,75;679,9999999999993;679,9996765938193;0,00818025997091354;0,044986312746203544;679,9964784218292;0,08889886983922679;0,4155528365559376;648,6612944947728;785,4013098490668;2466,196839989246;0,2780084517876098;0,16600633884070737
106,83333333333333;679,9999999999993;679,9996803538095;0,008085154499326563;0,04446329241219918;679,9965124661187;0,088039454251998;0,4115355683215786;648,7384461445663;783,4676376306618;2460,4260498485623;0,27800837008131507;0,16600627756098635
106,91666666666667;679,9999999999993;679,9996840700852;0,007991154745923268;0,043946352825889046;679,9965461812869;0,0871883470153989;0,4075571363694123;648,8154030535494;781,5388463858255;2454,668379006524;0,2780082891649114;0,16600621687368353
107,0;679,9999999999994;679,9996877431546;0,007898247852722307;0,0434354232799468;679,9965795705158;0,08634546780967867;0,4036171652613665;648,8921657186512;779,6149236612479;2448,923801007345;0,27800820903076207;0,16600615677307157
107,08333333333333;679,9999999999994;679,99969137352;0,007806421120903906;0,04293043393435317;679,9966126369563;0,0855107370909991;0,399715283187765;648,9687346355998;777,6958570337058;2443,1922894238182;0,2780081296713047;0,1660060972534786
107,16666666666667;679,9999999999994;679,9996949616781;0,0077156619852303265;0,04243131569041829;679,9966453837293;0,08468407607722384;0,39585112190143146;649,0451102989244;775,7816341099897;2437,4738178573994;0,2780080510790497;0,16600603830928728
107,25;679,9999999999994;679,9996985081193;0,00762595803394106;0,0419380002973782;679,996677813925;0,08386540675360266;0,39202431674240057;649,1212932019573;773,8722425268747;2431,768359938447;0,27800797324658005;0,16600597993493504
107,33333333333333;679,9999999999994;679,9997020133288;0,007537297003068488;0,041450420303941894;679,996709930604;0,08305465186140282;0,3882345065761404;649,1972838368362;771,9676699510529;2426,0758893263096;0,27800789616655047;0,16600592212491286
107,41666666666667;679,9999999999994;679,999705477786;0,007449666765069196;0,04096850901468368;679,9967417367972;0,08225173488654036;0,38448133376060456;649,2730826945062;770,0679040790817;2420,396379709486;0,27800781983168676;0,16600586487376512
107,5;679,9999999999994;679,9997089019647;0,007363055334508317;0,04049220052396026;679,9967732355063;0,08145658005673795;0,3807644441132842;649,3486902647223;768,1729326373301;2414,729804805766;0,2780077442347848;0,1660058081760886
107,58333333333333;679,9999999999994;679,9997122863331;0,007277450868059532;0,04002142970137484;679,9968044297041;0,080669112327314;0,37708348685766746;649,4241070360512;766,2827433819274;2409,076138362372;0,27800766936871024;0,16600575202653267
107,66666666666667;679,9999999999994;679,999715631354;0,007192841658820726;0,03955613216270537;679,9968353223343;0,07988925738402486;0,37343811461912113;649,4993334958732;764,3973240987066;2403,43535415611;0,27800759522639773;0,16600569641979832
107,75;679,9999999999994;679,999718937485;0,007109216136313989;0,03909624427474987;679,9968659163123;0,07911694162885397;0,3698279833878239;649,5743701303852;762,5166626031557;2397,807425993501;0,27800752180085037;0,16600564135063778
107,83333333333333;679,9999999999995;679,9997222051782;0,0070265628608012776;0,038641703131099936;679,9968962145256;0,07835209217716965;0,3662527524775819;649,649217424602;760,6407467403557;2392,1923277109113;0,27800744908513864;0,16600558681385397
107,91666666666667;679,9999999999995;679,9997254348804;0,0069448705346530915;0,03819244660543897;679,9969262198333;0,07759463684919865;0,362712084501117;649,723875862359;758,7695643849372;2386,590033174719;0,27800737707240003;0,16600553280430003
108,0;679,9999999999995;679,9997286270334;0,006864127979611112;0,03774841321587402;679,9969559350671;0,07684450415581523;0,35920564529593463;649,7983459263139;756,9031034410131;2381,0005162813927;0,2780073057558389;0,16600547931687915
108,08333333333333;679,9999999999995;679,9997317820737;0,006784324153841226;0,03730954224606807;679,9969853630315;0,07610162330990988;0,3557331039861006;649,8726280979494;755,0413518421408;2375,423750957693;0,2780072351287244;0,16600542634654328
108,16666666666667;679,9999999999995;679,9997349004328;0,006705448146249182;0,03687577369194181;679,9970145065035;0,07536592420080979;0,35229413284633104;649,9467228575746;753,1842975512546;2369,859711160755;0,2780071651843915;0,16600537388829362
108,25;679,9999999999995;679,9997379825372;0,0066274891679540815;0,03644704821322076;679,9970433682337;0,07463733739996314;0,3488884073555328;650,0206306843282;751,3319285606229;2364,308370878248;0,2780070959162392;0,16600532193717937
108,33333333333333;679,9999999999997;679,9997410288083;0,006550436557972716;0,03602330719157874;679,9970719509456;0,07391579414672833;0,345515606102078;650,0943520561797;749,4842328917827;2358,7697041284796;0,2780070273177305;0,1660052704882979
108,41666666666667;679,9999999999997;679,9997440396628;0,006474279783219572;0,03560449270156615;679,9971002573368;0,07320122635121606;0,342175410816752;650,1678874499319;747,6411985954996;2353,2436849605674;0,27800695938239167;0,16600521953679376
108,5;679,9999999999997;679,9997470155124;0,0063990084214538;0,03519054741854939;679,9971282900785;0,07249356657155204;0,33886750625331696;650,2412373412233;745,8028137516948;2347,730287454485;0,27800689210381146;0,16600516907785864
108,58333333333333;679,9999999999997;679,9997499567642;0,006324612181174416;0,03478141475437907;679,9971560518164;0,07179274802808777;0,3355915802626448;650,31440220453;743,9690664694098;2342,229485721279;0,27800682547564054;0,16600511910673044
108,66666666666667;679,9999999999997;679,9997528638203;0,006251080887409444;0,034377038745948295;679,9971835451704;0,07109870458066325;0,33234732368563646;650,387382513168;742,1399448867419;2336,741253903138;0,27800675949159104;0,16600506961869327
108,75;679,9999999999997;679,9997557370783;0,0061784044845580866;0,03397736409880025;679,9972107727351;0,0704113707314491;0,3291344303696955;650,4601787392951;740,3154371707927;2331,265566173529;0,2780066941454357;0,1660050206090768
108,83333333333333;679,9999999999997;679,9997585769312;0,006106573033548557;0,03358233615321122;679,99723773708;0,06973068161357787;0,3259525971028325;650,5327913539136;738,4955315176143;2325,8023967373238;0,27800662943100796;0,16600497207325599
108,91666666666667;679,9999999999997;679,9997613837672;0,006035576711838075;0,03319190089388113;679,9972644407499;0,0690565729911441;0,32280152363425735;650,6052208268718;736,680216152152;2320,351719830898;0,27800656534220036;0,16600492400665026
109,0;679,9999999999997;679,9997641579704;0,005965405810570701;0,03280600492570713;679,9972908862648;0,06838898124499337;0,3196809125755355;650,6774676268667;734,8694793281965;2314,9135097222857;0,2780065018729646;0,16600487640472344
109,08333333333333;679,9999999999997;679,9997668999201;0,0058960507317351585;0,03242459546409295;679,9973170761203;0,06772784337272242;0,31659046944589114;650,749532221446;733,063309328324;2309,487740711265;0,27800643901731115;0,16600482926298338
109,16666666666667;679,9999999999997;679,9997696099913;0,0058275019881648404;0,03204762033979428;679,9973430127883;0,06707309698299468;0,3135299026063116;650,8214150770102;731,2616944638421;2304,074387129486;0,27800637676930806;0,16600478257698106
109,25;679,9999999999997;679,9997722885546;0,0057597502092221475;0,03167502801829985;679,9973686987163;0,0664246802841717;0,31049892321836203;650,893116658815;729,4646230747361;2298,673423340569;0,27800631512308094;0,1660047363423107
109,33333333333333;679,9999999999997;679,9997749359763;0,0056927861265876345;0,031306767527152106;679,9973941363285;0,06578253208431306;0,3074972452565412;650,964637430973;727,6720835296175;2293,284823740257;0,27800625407281165;0,16600469055460876
109,41666666666667;679,9999999999997;679,9997775526185;0,005626600582786523;0,03094278850924542;679,9974193280253;0,06514659177980775;0,30452458543826694;651,0359778564564;725,8840642256672;2287,9085627564846;0,2780061936127392;0,1660046452095544
109,5;679,9999999999997;679,9997801388391;0,00556118452834653;0,030583041198599618;679,9974442761843;0,0645167993582163;0,30158066324858684;651,1071383970989;724,1005535885819;2282,54461484952;0,27800613373715766;0,16600460030286826
109,58333333333333;679,9999999999997;679,9997826949917;0,005496529013271356;0,030227476371907078;679,9974689831597;0,06389309538405996;0,2986652008619274;651,1781195135981;722,3215400725195;2277,192954512052;0,2780060744404167;0,16600455583031254
109,66666666666667;679,9999999999997;679,9997852214259;0,005432625198409369;0,02987604542605737;679,9974934512833;0,06327542099882066;0,29577792316268586;651,2489216655173;720,5470121600399;2271,8535562693;0,27800601571692013;0,1660045117876901
109,75;679,9999999999998;679,9997877184873;0,005369464344084918;0,02952870029576734;679,9975176828641;0,06266371790957237;0,29291855766697933;651,319545311288;718,7769583620593;2266,526394679139;0,2780059575611261;0,16600446817084463
109,83333333333333;679,9999999999998;679,9997901865172;0,005307037812940507;0,029185393477807534;679,997541680189;0,062057928391823225;0,2900868345473554;651,3899909082121;717,0113672177933;2261,211444332199;0,27800589996754643;0,16600442497565981
109,91666666666667;679,9999999999998;679,9997926258533;0,005245337064252453;0,02884607800677577;679,9975654455226;0,06145799526962037;0,2872824865545408;651,4602589124637;715,2502272946919;2255,9086798519384;0,2780058429307458;0,16600438219805935
110,0;679,9999999999998;679,9997950368291;0,005184353662457397;0,028510707493859457;679,9975889811077;0,06086386192976079;0,2845052490503894;651,5303497790918;713,4935271884018;2250,6180758947935;0,2780057864453415;0,16600433983400614
110,08333333333333;679,9999999999998;679,9997974197744;0,005124079265783621;0,0281792360590015;679,9976122891654;0,060275472301896116;0,28175485995022315;651,6002639620222;711,7412555226991;2245,339607150247;0,27800573050600297;0,16600429787950222
110,16666666666667;679,9999999999998;679,999799775015;0,005064505634777561;0,02785161839388912;679,9976353718954;0,05969277085853264;0,2790310596981214;651,6700019140594;709,9934009494405;2240,0732483409447;0,278005675107451;0,1660042563305883
110,25;679,9999999999998;679,9998021028731;0,005005624618092952;0,027527809674738595;679,997658231476;0,059115702609346954;0,2763335912504466;651,7395640868897;708,249952148509;2234,818974222792;0,27800562024445774;0,1660042151833433
110,33333333333333;679,9999999999998;679,999804403667;0,004947428166701684;0,027207765634974623;679,9976808700644;0,05854421309550162;0,2736622000511333;651,8089509310822;706,5108978277522;2229,576759585034;0,2780055659118454;0,16600417443388404
110,41666666666667;679,9999999999998;679,9998066777114;0,004889908319682945;0,02689144248770568;679,9977032897972;0,05797824838396082;0,2710166339987404;651,8781628960919;704,7762267229388;2224,346579250384;0,27800551210448676;0,16600413407836506
110,5;679,9999999999998;679,9998089253172;0,004833057209907565;0,026578796979022216;679,9977254927901;0,05741775506464819;0,2683966434340955;651,9472004302614;703,0459275976966;2219,1284080750943;0,27800545881730376;0,16600409411297784
110,58333333333333;679,9999999999998;679,9998111467919;0,004776867064038015;0,02626978635407961;679,9977474811385;0,056862680241920316;0,2658019811032286;652,0160639808233;701,3199892434585;2213,9222209490595;0,2780054060452676;0,1660040545339507
110,66666666666667;679,9999999999998;679,9998133424392;0,004721330196844065;0,025964368347407594;679,9977692569174;0,05631297153172454;0,2632324021532533;652,0847539939024;699,598400479411;2208,727992795907;0,2780053537833982;0,16600401533754863
110,75;679,9999999999998;679,9998155125595;0,004666439014044954;0,02566250120229143;679,9977908221819;0,05576857705875682;0,26068766409530053;652,1532709145176;697,8811501524348;2203,545698573088;0,27800530202676355;0,16600397652007265
110,83333333333333;679,9999999999999;679,9998176574495;0,004612186006625052;0,025364143622318976;679,997812178967;0,05522944544793518;0,2581675267880447;652,2216151865845;696,1682271370535;2198,375313271969;0,2780052507704791;0,16600393807785935
110,91666666666667;679,9999999999999;679,9998197774025;0,004558563759360368;0,02506925481983362;679,9978333292884;0,05469552582155757;0,25567175240887385;652,2897872529172;694,4596203353854;2193,216811917945;0,2780052000097079;0,16600390000728094
111,0;679,9999999999999;679,9998218727085;0,004505564933765527;0,024777794448100188;679,9978542751419;0,05416676778793317;0,2532001054127051;652,357787555231;692,7553186770666;2188,070169570455;0,27800514973965945;0,1660038623047446
111,08333333333333;679,9999999999999;679,999823943654;0,004453182285146795;0,024489722664293737;679,9978750185043;0,053643121449908904;0,25075235256493217;652,4256165341437;691,0553111192229;2182,9353613231597;0,27800509995558975;0,16600382496669233
111,16666666666667;679,9999999999999;679,9998259905221;0,004401408648391225;0,024205000061665483;679,997895561333;0,05312453739065859;0,24832826286729281;652,4932746291789;689,359586646404;2177,8123623039787;0,2780050506528007;0,1660037879896005
111,25;679,9999999999999;679,9998280135931;0,004350236943650998;0,023923587703459835;679,997915905567;0,05261096667084075;0,2459276075661057;652,5607622787674;687,668134270524;2172,701147675177;0,27800500182663923;0,16600375136997947
111,33333333333333;679,9999999999999;679,9998300131433;0,004299660170659081;0,023645447098687936;679,9979360531258;0,052102360822914306;0,24355016010284838;652,6280799202494;685,9809430308133;2167,601692633455;0,278004953472498;0,16600371510437348
111,41666666666667;679,9999999999999;679,9998319894463;0,0042496714144135694;0,023370540216663547;679,9979560059111;0,05159867185113853;0,2411956961347498;652,6952279898774;684,2980019937613;2162,513972410036;0,27800490558581337;0,16600367918936007
111,5;679,9999999999999;679,9998339427724;0,004200263839493346;0,02309882946277658;679,9979757658056;0,05109985222020441;0,2388639934606574;652,7622069228174;682,619300253063;2157,4379622707324;0,27800485816206666;0,16600364362154998
111,58333333333333;679,9999999999999;679,9998358733887;0,004151430687215907;0,022830277678493105;679,9979953346742;0,05060585485807678;0,23655483204986652;652,829017153152;680,9448269295615;2152,3736375160456;0,2780048111967819;0,1660036083975864
111,66666666666667;679,9999999999999;679,9998377815593;0,004103165278479537;0,02256484812197419;679,9980147143636;0,050116633141783495;0,23426799397210604;652,8956591138817;679,2745711711973;2147,320973481223;0,27800476468552726;0,16600357351414544
111,75;679,9999999999999;679,9998396675451;0,004055461013763306;0,02230250450683823;679,9980339067027;0,049632140905941924;0,23200326343460478;652,9621332369279;677,6085221529542;2142,2799455363665;0,2780047186239134;0,16600353896793507
111,83333333333333;679,9999999999999;679,9998415316039;0,0040083113702849005;0,022043210958553307;679,9980529135028;0,04915233242854811;0,2297604267161956;653,0284399531347;675,9466690767994;2137,250529086478;0,27800467300759335;0,16600350475569503
111,91666666666667;679,9999999999999;679,9998433739909;0,00396170989915845;0,021786932014437224;679,9980717365574;0,04867716242813458;0,22753927215084135;653,0945796922709;674,2890011716298;2132,232699571542;0,2780046278322621;0,1660034708741966
112,0;679,9999999999999;679,9998451949579;0,003915650225394529;0,02153363261881219;679,998090377643;0,0482065860609282;0,2253395901276349;653,1605528830327;672,6355076932236;2127,2264324666216;0,27800458309365667;0,1660034373202425
112,08333333333333;679,9999999999999;679,9998469947539;0,0038701260507423285;0,021283278127850122;679,9981088385188;0,04774055892085016;0,22316117307432523;653,2263599530453;670,9861779241805;2122,2317032819146;0,27800453878755493;0,16600340409066625
112,16666666666667;679,9999999999999;679,999848773625;0,003825131150847483;0,02103583431926322;679,9981271209268;0,047279037028147286;0,2210038154120138;653,2920013288657;669,3410011738649;2117,2484875628134;0,27800449490977563;0,16600337118233172
112,25;679,9999999999999;679,9998505318146;0,0037806593724099002;0,020791267348696352;679,9981452265926;0,04682197682654987;0,2188673135510362;653,3574774359843;667,6999667783548;2112,276760889999;0,27800445145617786;0,1660033385921334
112,33333333333333;679,9999999999999;679,9998522695631;0,0037367046331837628;0,020549543764262934;679,9981631572246;0,04636933518327169;0,2167514658662511;653,4227886988274;666,0630641003905;2107,3164988795133;0,27800440842266105;0,1660033063169958
112,41666666666667;679,9999999999999;679,9998539871082;0,003693260919135355;0,02031063050169963;679,9981809145149;0,04592106938332563;0,21465607269292172;653,4879355407594;664,4302825293124;2102,367677182809;0,2780043658051642;0,16600327435387313
112,5;679,9999999999999;679,9998556846847;0,0036503222929695767;0,02007449490859281;679,9981985001396;0,045477137123839384;0,21258093629376798;653,5529183840849;662,8016114810123;2097,4302714868263;0,2780043235996651;0,1660032426997488
112,58333333333333;679,9999999999999;679,9998573625248;0,0036078828799190887;0,019841104671699184;679,9982159157579;0,04503749650837108;0,21052586083013686;653,6177376500509;661,1770403978738;2092,50425751406;0,27800428180218106;0,1660032113516358
112,66666666666667;679,9999999999999;679,999859020858;0,0035659368762708255;0,0196104278750893;679,9982331630135;0,044602106049751455;0,20849065237435802;653,6823937588489;659,5565587487243;2087,589611022638;0,2780042404087675;0,16600318030657563
112,75;679,9999999999999;679,9998606599111;0,0035244785465238238;0,019382432975921085;679,9982502435341;0,044170924658715194;0,20647511886032172;653,7468871296172;657,9401560287749;2082,6863078063684;0,27800419941551807;0,16600314956163856
112,83333333333333;679,9999999999999;679,9998622799081;0,0034835022205470523;0,01915708879959455;679,9982671589315;0,0437439116439009;0,20447907007936048;653,8112181804431;656,3278217595666;2077,794323694806;0,27800415881856433;0,16600311911392326
112,91666666666667;679,9999999999999;679,9998638810708;0,0034430022935794113;0,018934364520370638;679,998283910802;0,04332102670900895;0,20250231767613044;653,875387328365;654,7195454889192;2072,9136345533266;0,27800411861407515;0,1660030889605564
113,0;679,9999999999999;679,999865463618;0,003402973226229733;0,018714229671061795;679,9983005007265;0,04290222994711712;0,2005446751115449;653,9393949893746;653,1153167908712;2068,0442162831732;0,2780040787982564;0,1660030590986923
113,08333333333333;679,9999999999999;679,9998670277662;0,003363409547318952;0,018496654167258434;679,9983169302707;0,04248748183499629;0,19860595763806344;654,003241578419;651,5151252656324;2063,186044821541;0,2780040393673504;0,1660030295255128
113,16666666666667;679,9999999999999;679,9998685737293;0,0033243058425114214;0,018281608229804267;679,9983332009849;0,04207674323026822;0,19668598228321785;654,066927509403;649,918960539523;2058,3390961416085;0,27800400031763617;0,16600300023822714
113,25;679,9999999999999;679,9998701017187;0,0032856567656835978;0,01806906246232098;679,9983493144048;0,04166997537424777;0,19478456788667858;654,1304531951913;648,3268122649235;2053,503346252625;0,2780039616454285;0,1660029712340714
113,33333333333333;679,9999999999999;679,9998716119433;0,003247457030397527;0,017858987793064725;679,9983652720508;0,041267139877732006;0,19290153499317392;654,1938190476105;646,7386701202145;2048,6787711999295;0,278003923347078;0,16600294251030853
113,41666666666667;679,9999999999999;679,9998731046097;0,0032097014155851866;0,017651355508843156;679,998381075429;0,04086819872668457;0,19103670591426733;654,2570254774516;645,1545238097339;2043,8653470650709;0,27800388541897025;0,1660029140642277
113,5;679,9999999999999;679,9998745799221;0,0031723847541798023;0,01744613718718138;679,9983967260307;0,04047311427086697;0,1891899046583431;654,3200728944718;643,5743630637063;2039,0630499657889;0,2780038478575263;0,16600288589314474
113,58333333333333;679,9999999999999;679,9998760380822;0,003135501944484531;0,017243304783537156;679,9984122253329;0,04008184922952296;0,18736095696355423;654,3829617073967;641,9981776382031;2034,271856056125;0,278003810659201;0,16600285799440076
113,66666666666667;679,9999999999999;679,9998774792895;0,0030990479416459493;0,01704283054893099;679,9984275747983;0,039694366674325465;0,1855496902072156;654,4456923239229;640,4259573150796;2029,4917415264579;0,27800377382048413;0,16600283036536315
113,75;679,9999999999999;679,9998789037409;0,0030630177604962228;0,016844687063863138;679,9984427758752;0,03931063004074531;0,18375593347993682;654,5082651507198;638,8576919019243;2024,7226826035492;0,27800373733789946;0,1660028030034246
113,83333333333333;679,9999999999999;679,9998803116313;0,003027406475553107;0,01664884724800421;679,9984578299984;0,038930603116682505;0,18197951750737087;654,5706805934317;637,293371232002;2019,9646555506047;0,2780037012080038;0,16600277590600285
113,91666666666667;679,9999999999999;679,9998817031533;0,002992209215335606;0,016455284306896956;679,9984727385885;0,03855425003678192;0,1802202746460955;654,6329390566804;635,7329851642049;2015,2176366673332;0,27800366542738764;0,16600274907054074
114,0;679,9999999999999;679,9998830784972;0,002957421165206142;0,016263971765873315;679,9984875030524;0,03818153528527546;0,17847803887949484;654,6950409440667;634,1765235829882;2010,481602289969;0,27800362999267425;0,1660027224945057
114,08333333333333;679,9999999999999;679,999884437851;0,0029230375673705566;0,016074883460363825;679,9985021247834;0,03781242368745552;0,17675264578481137;654,7569866581734;632,6239763983295;2005,7565287913649;0,27800359490051985;0,1660026961753899
114,16666666666667;679,9999999999999;679,9998857814007;0,0028890537208781097;0,015887993531052334;679,9985166051614;0,0374468804125172;0,17504393255373837;654,8187766005668;631,075333545661;2001,042392580993;0,2780035601476126;0,1660026701107095
114,25;679,9999999999999;679,9998871093301;0,0028554649787793096;0,015703276433566577;679,998530945553;0,0370848709621896;0,17335173792240557;654,8804111717991;629,5305849858266;1996,339170105031;0,27800352573067294;0,1660026442980047
114,33333333333333;679,9999999999999;679,9998884218206;0,0028222667452837413;0,015520706890025281;679,9985451473112;0,03672636117357797;0,17167590220844553;654,9418907714105;627,9897207050197;1991,6468378463856;0,278003491646453;0,1660026187348398
114,41666666666667;679,9999999999999;679,9998897190518;0,002789454481444409;0,015340259932645775;679,9985592117766;0,036371317216321586;0,1700162672698087;655,0032157979316;626,4527307147347;1986,9653723247518;0,2780034578917361;0,16600259341880205
114,5;679,9999999999999;679,9998910012011;0,002757023702315564;0,015161910903743981;679,9985731402763;0,036019705581225026;0,16837267647593399;655,0643866488854;624,9196050517071;1982,294750096643;0,2780034244633368;0,1660025683475026
114,58333333333333;679,9999999999999;679,9998922684439;0,002724969968426194;0,01498563538790036;679,9985869341248;0,0356714930887847;0,16674497472834118;655,1254037207891;623,3903337778628;1977,6349477554418;0,27800339135810054;0,1660025435185754
114,66666666666667;679,9999999999999;679,9998935209535;0,0026932888999908755;0,014811409299175135;679,9986005946237;0,03532664687782017;0,16513300842768294;655,186267409157;621,8649069802694;1972,9859419314664;0,27800335857290315;0,1660025189296774
114,75;679,9999999999999;679,9998947589011;0,0026619761598567493;0,014639208789047769;679,9986141230622;0,03498513440547413;0,16353662544903394;655,2469781085023;620,3433147710712;1968,347709291971;0,2780033261046506;0,166002494578488
114,83333333333333;679,9999999999999;679,999895982456;0,002631027470556546;0,014469010323941617;679,998627520717;0,03464692344152809;0,1619556751377723;655,3075362123387;618,8255472874403;1963,7202265412027;0,2780032939502791;0,16600247046270933
114,91666666666667;679,9999999999999;679,9998971917856;0,002600438597255561;0,01430079062708044;679,9986407888525;0,03431198207124453;0,16039000831369798;655,3679421131837;617,3115946915289;1959,103470420473;0,27800326210675397;0,16600244658006547
115,0;679,9999999999999;679,9998983870554;0,0025702053562781657;0,014134526678488399;679,9986539287207;0,03398027868399822;0,15883947721337405;655,4281962025599;615,8014471704035;1954,4974177081453;0,27800323057107024;0,1660024229283027
115,08333333333333;679,9999999999999;679,9998995684286;0,002540323612265638;0,013970195748907099;679,9986669415616;0,03365178197896057;0,15730393553131147;655,4882988709971;614,2950949359999;1949,90204521971;0,2780031993402521;0,16600239950518908
115,16666666666667;679,9999999999999;679,999900736067;0,002510789281018333;0,013807775370723835;679,9986798286034;0,0333264609565731;0,15578323835407323;655,5482505080353;612,7925282250686;1945,3173298078204;0,27800316841135186;0,16600237630851394
115,25;679,9999999999999;679,9999018901302;0,0024815983209691694;0,013647243318590435;679,9986925910621;0,03300428491286311;0,1542772421685113;655,6080515022257;611,2937372991155;1940,7432483623065;0,278003137781451;0,16600235333608826
115,33333333333333;679,9999999999999;679,999903030776;0,0024527467417101434;0,013488577648185587;679,998705230142;0,03268522344512803;0,1527858048535296;655,667702241134;609,7987124443534;1936,1797778102305;0,2780031074476591;0,16600233058574435
115,41666666666667;679,9999999999999;679,9999041581603;0,002424230598307986;0,013331756662297797;679,998717747036;0,032369246446251054;0,15130878568008416;655,7272031113415;608,3074439716484;1931,6268951159302;0,2780030774071135;0,16600230805533514
115,5;679,9999999999999;679,9999052724376;0,0023960459884619922;0,013176758905980107;679,9987301429254;0,03205632409617465;0,14984604525764245;655,7865544984481;606,8199222164594;1927,0845772810137;0,27800304765697903;0,16600228574273426
115,58333333333333;679,9999999999999;679,9999063737599;0,0023681890581883636;0,013023563185931253;679,9987424189799;0,031746426861900545;0,14839744553418355;655,8457567870739;605,3361375387937;1922,5528013444464;0,2780030181944483;0,16600226364583623
115,66666666666667;679,9999999999999;679,9999074622781;0,0023406559989780362;0,01287214854626921;679,9987545763579;0,03143952550033191;0,14696284982090901;655,9048103608616;603,8560803231491;1918,0315443825507;0,27800298901674103;0,1660022417625558
115,75;679,9999999999999;679,9999085381409;0,0023134430449545107;0,012722494292757649;679,9987666162068;0,031135591049746836;0,14554212273458397;655,9637156024784;602,3797409784578;1913,520783509032;0,27800296012110365;0,16600222009082774
115,83333333333333;680,0;679,9999096014955;0,0022865464757160225;0,012574579949198323;679,9987785396628;0,030834594826956163;0,14413513019753713;656,0224728936184;600,9071099380378;1909,0204958750435;0,27800293150480926;0,16600219862860696
115,91666666666667;680,0;679,9999106524873;0,0022599626134933715;0,012428385305883964;679,998790347851;0,03053650843014566;0,14274173945413474;656,0810826150049;599,438177659539;1904,5306586691916;0,2780029031651575;0,1660021773738682
116,0;680,0;679,9999116912601;0,0022336878174655794;0,012283890327537773;679,9988020418859;0,03024130372466516;0,14136181898841066;656,1395451463918;597,9729346248774;1900,051249117538;0,27800287509947375;0,16600215632460533
116,08333333333333;680,0;679,9999127179559;0,0022077184979707454;0,012141075284136257;679,998813622871;0,029948952851555077;0,13999523857760682;656,1978608665665;596,5113713402047;1895,582244483709;0,2780028473051096;0,1660021354788322
116,16666666666667;680,0;679,9999137327151;0,0021820511022951905;0,011999920629776971;679,9988250918991;0,029659428224704243;0,13864186927158073;656,2560301533518;595,0534783358364;1891,1236220688445;0,27800281977944213;0,1660021148345816
116,25;680,0;679,9999147356765;0,002156682123199971;0,011860407080203162;679,9988364500526;0,02937270252232338;0,13730158335573905;656,3140533836078;593,5992461662039;1886,6753592116622;0,2780027925198737;0,16600209438990526
116,33333333333333;680,0;679,9999157269773;0,0021316080875521948;0,011722515535279122;679,9988476984034;0,02908874868410294;0,135974254346919;656,3719309332341;592,1486654098061;1882,237433288491;0,27800276552383174;0,16600207414287382
116,41666666666667;680,0;679,999916706753;0,002106825567693704;0,011586227141978966;679,998858838013;0,02880753991405527;0,134659756981033;656,4296631771725;590,7017266691469;1877,8098217132629;0,2780027387887688;0,1660020540915766
116,5;680,0;679,9999176751376;0,0020823311757567353;0,01145152327500547;679,9988698699326;0,028529049674830276;0,13335796721718698;656,4872504894082;589,2584205706868;1873,3925019375674;0,2780027123121617;0,16600203423412133
116,58333333333333;680,0;679,9999186322635;0,0020581215608217462;0,011318385502873033;679,9988807952034;0,02825325168487325;0,13206876220061414;656,5446932429726;587,8187377647947;1868,9854514506706;0,2780026860915119;0,16600201456863392
116,66666666666667;680,0;679,9999195782617;0,0020341934117595883;0,011186795616979429;679,9988916148562;0,02798011991558269;0,13079202027091177;656,6019918099452;586,3826689256854;1864,5886477795327;0,27800266012434505;0,16600199509325878
116,75;680,0;679,9999205132616;0,002010543457231506;0,011056735626760501;679,9989023299122;0,02770962859415249;0,12952762094556727;656,6591465614555;584,950204751371;1860,2020684888178;0,2780026344082107;0,16600197580615805
116,83333333333333;680,0;679,999921437391;0,0019871684600047956;0,010928187730618438;679,9989129413825;0,02744175219504541;0,12827544491583978;656,7161578676856;583,5213359636128;1855,8256911809624;0,27800260894068196;0,1660019567055115
116,91666666666667;680,0;679,9999223507762;0,0019640652254793167;0,010801134359529374;679,9989234502686;0,02717646543715091;0,1270353740014566;656,7730260978722;582,096053307859;1851,4594934961415;0,27800258371935527;0,16600193778951644
117,0;680,0;679,9999232535422;0,0019412305960031517;0,01067555814797165;679,9989338575622;0,026913743283785152;0,12580729117944264;656,829751620308;580,674347553196;1847,1034531123078;0,27800255874185076;0,1660019190563881
117,08333333333333;680,0;679,9999241458124;0,0019186614451882633;0,01055144190485407;679,9989441642454;0,026653560945533172;0,12459108056352809;656,886334802345;579,2562094923;1842,7575477452406;0,2780025340058111;0,16600190050435837
117,16666666666667;680,0;679,999925027709;0,0018963546892791783;0,010428768666814102;679,9989543712907;0,026395893866038023;0,12338662737120029;656,9427760103956;577,8416299413749;1838,4217551485142;0,2780025095089024;0,1660018821316768
117,25;680,0;679,9999258993524;0,0018743072757843038;0,01030752164976496;679,9989644796615;0,026140717733369456;0,12219381796077028;656,9990756099354;576,4305997401095;1834,096053113564;0,27800248524881244;0,16600186393660935
117,33333333333333;680,0;679,999926760862;0,0018525161891602693;0,010187684273122076;679,9989744903116;0,025888008462970902;0,12101253975312135;657,0552339655047;575,0231097516149;1829,7804194696616;0,27800246122325206;0,16600184591743905
117,41666666666667;680,0;679,9999276123553;0,0018309784508119265;0,010069240150112495;679,9989844041859;0,025637742209028147;0,11984268127701243;657,1112514407112;573,6191508623818;1825,4748320839708;0,2780024374299539;0,1660018280724654
117,5;680,0;679,9999284539491;0,0018096911162501783;0,009952173092620191;679,9989942222198;0,025389895353100655;0,11868413213201179;657,1671283982315;572,2187139822211;1821,1792688615421;0,27800241386667235;0,1660018104000043
117,58333333333333;680,0;679,9999292857583;0,0017886512722498082;0,009836467077269007;679,99900394534;0,025144444504121566;0,11753678298025982;657,2228651998139;570,8217900442122;1816,8937077453236;0,27800239053118414;0,1660017928983881
117,66666666666667;680,0;679,9999301078967;0,001767856042533822;0,009722106289030294;679,9990135744638;0,024901366501239863;0,11640052555882476;657,2784622062799;569,4283700046526;1812,61812671619;0,2780023674212869;0,16600177556596518
117,75;680,0;679,9999309204768;0,0017473025820891053;0,009609075082460571;679,9990231105;0,024660638405293867;0,1152752526385175;657,3339197775265;568,0384448430033;1808,3525037929471;0,2780023445347999;0,1660017584010999
117,83333333333333;680,0;679,9999317236096;0,0017269880800085957;0,00949735799139211;679,9990325543487;0,024422237498811228;0,11416085803212872;657,3892382725285;566,6520055618378;1804,096817032347;0,2780023218695632;0,1660017414021724
117,91666666666667;680,0;679,9999325174051;0,0017069097594912819;0,009386939758004682;679,9990419069009;0,024186141283166762;0,11305723656559942;657,4444180493401;565,2690431867882;1799,8510445291038;0,2780022994234379;0,16600172456757845
118,0;680,0;679,9999333019717;0,0016870648721578618;0,009277805260146196;679,9990511690391;0,023952327478582447;0,1119642840986133;657,4994594650976;563,8895487664968;1795,615164415908;0,27800227719430604;0,16600170789572954
118,08333333333333;680,0;679,9999340774168;0,001667450706577256;0,00916993958401206;679,9990603416377;0,02372077402128525;0,11088189749576734;657,554362876021;562,5135133725593;1791,3891548634274;0,27800225518006955;0,16600169138505216
118,16666666666667;680,0;679,9999348438464;0,001648064579740094;0,009063327980537559;679,9990694255621;0,023491459057822794;0,10980997460597935;657,6091286374162;561,1409280994764;1787,1729940803373;0,278002233378651;0,16600167503398824
118,25;680,0;679,9999356013653;0,001628903839900886;0,008957955865397865;679,9990784216695;0,023264360947905516;0,10874841427072493;657,6637571036774;559,7717840645942;1782,966660313295;0,2780022117879931;0,16600165884099483
118,33333333333333;680,0;679,9999363500772;0,0016099658665780225;0,00885380882385332;679,999087330809;0,023039458261564505;0,1076971163199189;657,7182486282887;558,4060724080643;1778,7701318469963;0,2780021904060585;0,1660016428045439
118,41666666666667;680,0;679,9999370900844;0,0015912480705537746;0,00875087262528531;679,9990961538211;0,02281672977630933;0,10665598154720449;657,7726035638265;557,0437842927817;1774,5833870041445;0,2780021692308292;0,16600162692312195
118,5;680,0;679,9999378214881;0,0015727478910321224;0,00864913317958865;679,9991048915388;0,022596154471443697;0,10562491169347916;657,8268222619614;555,6849109043384;1770,4064041454835;0,27800214826030695;0,16600161119523021
118,58333333333333;680,0;679,9999385443883;0,0015544627984809267;0,00854857657593391;679,9991135447864;0,022377711530907618;0,10460380945925024;657,8809050734604;554,3294434509647;1766,2391616697805;0,2780021274925127;0,16600159561938452
118,66666666666667;680,0;679,999939258884;0,0015363902917897576;0,00844918905854096;679,9991221143805;0,022161380340435244;0,10359257848404237;657,9348523481891;552,977373163489;1762,081638013872;0,27800210692548677;0,1660015801941151
118,75;680,0;679,9999399650727;0,0015185279011120656;0,008350957055750712;679,9991306011299;0,02194714048755486;0,102591123350516;657,9886644351135;551,6286912952722;1757,9338116526255;0,2780020865572883;0,16600156491796622
118,83333333333333;680,0;679,9999406630512;0,0015008731821808396;0,008253867112191057;679,9991390058354;0,021734971753062382;0,10159934954740094;658,042341682302;550,2833891221627;1753,7956610989586;0,2780020663859949;0,1660015497894962
118,91666666666667;680,0;679,9999413529149;0,0014834237191507782;0,008157905951765637;679,9991473292903;0,021524854113863512;0,10061716347361485;658,0958844369277;548,9414579424505;1749,667164903878;0,27800204640970333;0,1660015348072775
119,0;680,0;679,9999420347581;0,00146617712744046;0,008063060453427395;679,99915557228;0,021316767742973752;0,09964447245473723;658,1492930452705;547,6028890768077;1745,5483016564428;0,27800202662652806;0,16600151996989607
119,08333333333333;680,0;679,999942708674;0,0014491310480480024;0,007969317646333287;679,9991637355823;0,021110693000991887;0,09868118468535045;658,2025678527191;546,2676738682376;1741,4390499837784;0,2780020070346024;0,1660015052759518
119,16666666666667;680,0;679,9999433747548;0,001432283150393232;0,007876664719534856;679,9991718199677;0,020906610441784323;0,0977272092661062;658,2557092037728;544,9358036820229;1737,3393885510857;0,27800198763207745;0,1660014907240581
119,25;680,0;679,9999440330917;0,0014156311294755142;0,007785088988061201;679,999179826199;0,020704500806800752;0,0967824561707776;658,3087174420439;543,6072699056808;1733,2492960616462;0,27800196841712244;0,16600147631284182
119,33333333333333;680,0;679,9999446837745;0,0013991727087159234;0,00769457794137189;679,9991877550318;0,020504345025074144;0,0958468362627331;658,3615929102597;542,2820639489032;1729,1687512568142;0,27800194938792366;0,16600146204094274
119,41666666666667;680,0;679,9999453268924;0,0013829056371150728;0,007605119190058752;679,9991956072143;0,020306124204694243;0,09492026122904057;658,4143359502642;540,9601772435082;1725,0977329160164;0,27800193054268557;0,16600144790701418
119,5;680,0;679,9999459625333;0,001366827689253114;0,007516700504608209;679,9992033834876;0,02010981964133407;0,09400264363400772;658,4669469030208;539,6416012433946;1721,0362198567748;0,27800191187962975;0,1660014339097223
119,58333333333333;680,0;679,999946590784;0,001350936668131908;0,0074293098008654;679,9992110845855;0,01991541280972342;0,09309389688623419;658,5194261086136;538,3263274244797;1716,9841909346753;0,2780018933969949;0,16600142004774618
119,66666666666667;680,0;679,9999472117306;0,0013352303994906833;0,007342935115807733;679,9992187112346;0,019722885363648857;0,09219393522625602;658,57177390625;537,0143472846593;1712,9416250433992;0,27800187509303703;0,16600140631977778
119,75;680,0;679,999947825458;0,0013197067346482072;0,007257564641461916;679,9992262641548;0,01953221913595371;0,09130267373478264;658,6239906342624;535,7056523437507;1708,9085011146972;0,27800185696602847;0,16600139272452136
119,83333333333333;680,0;679,99994843205;0,001304363550502785;0,007173186695832211;679,9992337440588;0,01934339613001157;0,09042002828327489;658,6760766301106;534,400234143439;1704,8847981183926;0,278001839014259;0,16600137926069425
119,91666666666667;680,0;679,9999490315897;0,001289198749532261;0,007089789747126894;679,9992411516524;0,019156398531094965;0,08954591560807801;658,7280322303834;533,0980842472343;1700,8704950623928;0,2780018212360342;0,16600136592702563
120,0;680,0;679,999949624159;0,0012742102569518465;0,007007362384686504;679,9992484876348;0,01897120868932234;0,08868025319510373;658,7798577708011;531,7991942404149;1696,865570992677;0,2780018036296766;0,16600135272225744
