time_min;T_gas;T_hanger;T_cable;phi_hanger;phi_cable;qconv_hanger;qrad_hanger;cp_hanger;dT_hanger
0,0;19,999999999999964;20,0;20,0;0,5927861392481268;0,47552668709149104;0,0;0,0;0,0;0,0
0,08333333333333333;88,00267891889344;20,0;20,0;0,5927861392481268;0,47552668709149104;-8,881784197001252e-13;-1,3463536559779616e-13;439,80176;-1,4107519468325523e-16
0,16666666666666666;140,47216691122372;20,265731250679686;20,082584392137854;0,5927861392481268;0,47552668709149104;1700,0669729723359;226,51967459440743;439,80176;0,2657312506796839
0,25;181,54762559614076;20,750956567612086;20,232771912163784;0,5927861392481268;0,47552668709149104;3005,1608915136007;514,2908718851058;439,98980484346725;0,4852253169324003
0,3333333333333333;214,24676380490655;21,419121626627366;20,438954013261387;0,5927861392481268;0,47552668709149104;4019,9167257132167;830,2152944987971;440,3326083160391;0,6681650590152809
0,4166666666666667;240,7701762166891;22,2408697875775;20,69200508563414;0,5927861392481268;0,47552668709149104;4820,691054456979;1150,6611422988883;440,8034600309887;0,821748160950132
0,5;262,7230778479285;23,192663147062177;20,984747215030986;0,5927861392481268;0,47552668709149104;5463,23266072779;1462,1680731644424;441,38064673870986;0,9517933594846799
0,5833333333333334;281,27685530674063;24,25577456751359;21,311561879347227;0,5927861392481268;0,47552668709149104;5988,260367521658;1758,7790114097913;442,0465734693855;1,0631114204514125
0,6666666666666666;297,2867700968886;25,41542376189891;21,668075961919058;0,5927861392481268;0,47552668709149104;6425,527018480676;2039,1528466965653;442,787095713053;1,1596491943853213
0,75;311,3777154288792;26,66001374286582;22,05090015743618;0,5927861392481268;0,47552668709149104;6796,783658374741;2304,400517272251;443,59092319972365;1,2445899809669094
0,8333333333333334;324,0066976265547;27,980470272469372;22,457412677453874;0,5927861392481268;0,47552668709149104;7117,942542150334;2556,7031752447815;444,4490786982451;1,3204565296035498
0,9166666666666666;335,5083596559061;29,36968817739673;22,88558371608411;0,5927861392481268;0,47552668709149104;7400,655683852134;2798,5204791247934;445,35442270725736;1,3892179049273554
1,0;346,1281495600003;30,822080279413697;23,333835687091277;0,5927861392481268;0,47552668709149104;7653,466786962734;3032,18296733889;446,30125188892674;1,4523921020169674
1,0833333333333333;356,0464872675711;32,33321820711079;23,800933740413637;0,5927861392481268;0,47552668709149104;7882,651732014665;3259,71281242737;447,2849707972435;1,5111379276970958
1,1666666666666667;365,3963730239373;33,8995513451957;24,28590110723312;0,5927861392481268;0,47552668709149104;8092,8317265115065;3482,7706334095237;448,3018303453646;1,5663331380849081
1,25;374,2762175314597;35,518189840472644;24,787954303503053;0,5927861392481268;0,47552668709149104;8287,42054196854;3702,6662985635226;449,3487235095997;1,6186384952769444
1,3333333333333333;382,75919072482066;37,18673876901097;25,306453921834418;0,5927861392481268;0,47552668709149104;8468,950692274675;3920,3982212180863;450,42302814144864;1,6685489285383308
1,4166666666666667;390,90003408737726;38,90317240782753;25,840867490667947;0,5927861392481268;0,47552668709149104;8639,311298895242;4136,701946673536;451,52248745103606;1,7164336388165597
1,5;398,7400249430552;40,665739520613656;26,390741579268287;0,5927861392481268;0,47552668709149104;8799,921541988744;4352,098334602784;452,6451200029619;1,7625671127861202
1,5833333333333333;406,3105942996655;42,47289239022617;26,955680932941704;0,5927861392481268;0,47552668709149104;8951,857135561038;4566,936959378192;453,7891524891283;1,8071528696125145
1,6666666666666667;413,6359636792835;44,32323389940056;27,53533292358776;0,5927861392481268;0,47552668709149104;9095,942547735984;4781,433197646997;454,95296988500587;1,850341509174391
1,75;420,73506718312314;46,21547825168395;28,129376001984713;0,5927861392481268;0,47552668709149104;9232,818244497073;4995,698910006976;456,13507875941775;1,8922443522833867
1,8333333333333333;427,6229527724214;48,14842195594317;28,737511153157637;0,5927861392481268;0,47552668709149104;9362,98972328598;5209,767282397291;457,3340804687626;1,9329437042592232
1,9166666666666667;434,3118040957869;50,12092250608496;29,359455599777807;0,5927861392481268;0,47552668709149104;9486,863270411955;5423,61263652457;458,5486517356676;1,9725005501417867
2,0;440,81168583328076;52,13188281255188;29,994938185010284;0,5927861392481268;0,47552668709149104;9604,772039742547;5637,1660520024925;459,77753071493026;2,0109603064669184
2,0833333333333335;447,1310875792642;54,180239920709184;30,643696007902115;0,5927861392481268;0,47552668709149104;9716,995075518222;5850,327578300249;461,0195071154256;2,048357108157302
2,1666666666666665;453,27732092368217;56,26495691518291;31,305471991465964;0,5927861392481268;0,47552668709149104;9823,771191463875;6062,97571195598;462,2734153029281;2,084716994473723
2,25;459,2568095559629;58,38501718461423;31,980013144201887;0,5927861392481268;0,47552668709149104;9925,309100212482;6274,974704354371;463,5381295793028;2,1200602694313178
2,3333333333333335;465,0753014069429;60,539420428937255;32,66706933628505;0,5927861392481268;0,47552668709149104;10021,794809283716;6486,180162155616;464,81256103779975;2,154403244323027
2,4166666666666665;470,73802396923867;62,727179947417476;33,36639245694899;0,5927861392481268;0,47552668709149104;10113,397024450142;6696,443312073126;466,09565554786525;2,187759518480218
2,5;476,24979819895117;64,94732086284996;34,077735853471616;0,5927861392481268;0,47552668709149104;10200,27110054553;6905,614225593996;467,3863925381452;2,2201409154324887
2,5833333333333335;481,615122221369;67,19887902510531;34,80085397747797;0,5927861392481268;0,47552668709149104;10282,56193340253;7113,544236754378;468,68378433262217;2,251558162255348
2,6666666666666665;486,8382330177183;69,4809004029173;35,53550218316306;0,5927861392481268;0,47552668709149104;10360,406079906592;7320,087735655681;469,9868758592847;2,2820213778119904
2,75;491,92315205103944;71,79244082194376;36,28143663613128;0,5927861392481268;0,47552668709149104;10433,933315370025;7525,103480205028;471,29474459882005;2,3115404190264615
2,8333333333333335;496,87371917257434;74,13256594385547;37,03841430206006;0,5927861392481268;0,47552668709149104;10503,267780727392;7728,455536799835;472,6065006766733;2,340125121911711
2,9166666666666665;501,6936179721578;76,50035140864064;37,80619299223506;0,5927861392481268;0,47552668709149104;10568,528830717973;7930,013935752309;473,921287028512;2,36778546478517
3,0;506,38639487790584;78,89488308279707;38,5845314488519;0,5927861392481268;0,47552668709149104;10629,83166408793;8129,655107796507;475,23827958899915;2,394531674156421
3,0833333333333335;510,9554736852297;81,31525737137517;39,37318945734274;0,5927861392481268;0,47552668709149104;10687,287794877719;8327,26215290142;476,5566874685363;2,420374288578101
3,1666666666666665;515,404166739632;83,76058156324578;40,17192797624368;0,5927861392481268;0,47552668709149104;10741,005407846365;8522,724980902243;477,87575309360193;2,4453241918706103
3,25;519,73568366582;86,22997418747778;40,98050927755242;0,5927861392481268;0,47552668709149104;10791,089629409656;8715,94035441467;479,19475229442173;2,4693926242319946
3,3333333333333335;523,9531382938255;88,72256536505597;41,7986970923459;0,5927861392481268;0,47552668709149104;10837,642736958556;8906,811857521758;480,51299432971837;2,492591177578197
3,4166666666666665;528,0595542566051;91,23749714489618;42,62625675779014;0,5927861392481268;0,47552668709149104;10880,764323219239;9095,249808354047;481,8298218426983;2,5149317798402144
3,5;532,0578696052143;93,7739238166307;43,46295536269651;0,5927861392481268;0,47552668709149104;10920,551427792723;9281,171129554581;483,14461074568294;2,5364266717345134
3,5833333333333335;535,950940694074;96,3310121952489;44,30856188954591;0,5927861392481268;0,47552668709149104;10957,098644714588;9464,49918744823;484,45677003313875;2,5570883786182033
3,6666666666666665;539,7415455206971;98,90794187461178;45,16284735148016;0,5927861392481268;0,47552668709149104;10990,498212470628;9645,163608295154;485,7657415245651;2,5769296793628764
3,75;543,4323866545493;101,5039054482857;46,02558492319546;0,5927861392481268;0,47552668709149104;11020,840091152133;9823,10007813432;487,0709995398927;2,5959635736739255
3,8333333333333335;547,0260938535251;104,11810869718741;46,89655006500214;0,5927861392481268;0,47552668709149104;11048,21203015659;9998,250131279041;488,37205051088006;2,614203248901699
3,9166666666666665;550,5252264401282;106,749770744293;47,775520639564505;0,5927861392481268;0,47552668709149104;11072,699628908444;10170,560931414235;489,668432532545;2,631662047105588
4,0;553,9322754902134;109,3981241772108;48,6622770210243;0,5927861392481268;0,47552668709149104;11094,38639239588;10339,985048384975;490,9597148590125;2,6483534329177942
4,083333333333333;557,2496658731299;112,0624151398033;49,55660219635549;0,5927861392481268;0,47552668709149104;11113,353782825066;10506,48023309939;492,2454973483461;2,66429096259251
4,166666666666667;560,4797581718716;114,74190339430841;50,45828185890837;0,5927861392481268;0,47552668709149104;11129,681268333165;10670,009192450547;493,525409861;2,679488254505103
4,25;563,6248505043958;117,4358623555832;51,36710449418487;0,5927861392481268;0,47552668709149104;11143,44636943908;10830,539365756245;494,79911161651427;2,69395896127479
4,333333333333333;566,687180261817;120,14357909919904;52,282861457951086;0,5927861392481268;0,47552668709149104;11154,724703720314;10988,042703897685;496,06629051298745;2,7077167436158542
4,416666666666667;569,6689257752196;122,86435434517004;53,20534704684189;0,5927861392481268;0,47552668709149104;11163,59002906545;11142,49545208603;497,32666241374193;2,720775245971003
4,5;572,5722079199263;125,59750241911206;54,13435856164941;0,5927861392481268;0,47552668709149104;11170,114285751239;11293,877936985822;498,5799704054245;2,7331480739420253
4,583333333333333;575,399091663942;128,34235119261635;55,069696363514936;0,5927861392481268;0,47552668709149104;11174,367637520356;11442,174358764047;499,8259840316061;2,7448487735042777
4,666666666666667;578,1515875657313;131,09824200458667;56,011163923264334;0,5927861392481268;0,47552668709149104;11176,418511783144;11587,372588504244;501,0644985057377;2,7558908119703243
4,75;580,83165322536;133,86452956523925;56,95856786414176;0,5927861392481268;0,47552668709149104;11176,333639028617;11729,463971319812;502,29533390711043;2,7662875606525956
4,833333333333333;583,4411946921857;136,6405818444032;57,911717998206896;0,5927861392481268;0,47552668709149104;11174,17809150302;11868,443135415007;503,5183343632481;2,776052279163928
4,916666666666667;585,9820678316714;139,42577994569027;58,870427356667385;0,5927861392481268;0,47552668709149104;11170,015321194564;12004,307807270814;504,7333672219446;2,785198101287069
5,0;588,4560796534377;142,21951796802946;59,8345122144219;0,5927861392481268;0,47552668709149104;11163,90719714953;12137,058633074315;505,94032221593983;2,793738022339187
5,083333333333333;590,8649896023319;145,02120285598377;60,80379210909053;0,5927861392481268;0,47552668709149104;11155,914042135206;12266,699006460924;507,13911062301435;2,8016848879543117
5,166666666666667;593,210510814042;147,83025424018885;61,778089854808506;0,5927861392481268;0,47552668709149104;11146,094668658701;12393,23490259772;508,3296644240753;2,8090513842050737
5,25;595,4943113365867;150,64610426917366;62,75723155105702;0,5927861392481268;0,47552668709149104;11134,506414346328;12516,67471860162;509,5119354616064;2,8158500289848027
5,333333333333333;597,718015318879;153,46819743374525;63,74104658680134;0,5927861392481268;0,47552668709149104;11121,205176685327;12637,029120256622;510,6858946006549;2,822093164571577
5,416666666666667;599,8832041674364;156,29599038504242;64,72936764020177;0,5927861392481268;0,47552668709149104;11106,245447128345;12754,310894970118;511,8515308943483;2,8277929512971647
5,5;601,991417672238;159,12895174728794;65,72203067415747;0,5927861392481268;0,47552668709149104;11089,680344559849;12868,534810886951;513,0088507557555;2,8329613622455154
5,583333333333333;604,0441551026489;161,96656192619577;66,71887492793695;0,5927861392481268;0,47552668709149104;11071,56164812375;12979,717482062877;514,157877137732;2,837610178907836
5,666666666666667;606,0428762742866;164,80831291391942;67,7197429051423;0,5927861392481268;0,47552668709149104;11051,939829411329;13087,877239583917;515,2986487222398;2,8417509877236493
5,75;607,9890025876496;167,65370809135953;68,72448035824681;0,5927861392481268;0,47552668709149104;11030,864084009181;13193,034008506302;516,4312191204709;2,845395177440113
5,833333333333333;609,8839180392985;170,50226202858417;69,73293626993821;0,5927861392481268;0,47552668709149104;11008,38236240725;13295,20919048111;517,5556560849726;2,8485539372246294
5,916666666666667;611,728970206344;173,353500284053;70,7449628314918;0,5927861392481268;0,47552668709149104;10984,541400267859;13394,425551919845;518,6720407348305;2,85123825546884
6,0;613,5254712049641;176,20695920327807;71,76041541838971;0,5927861392481268;0,47552668709149104;10959,386748057275;13490,707117550457;519,7804667948468;2,853458919225067
6,083333333333333;615,2746986236548;179,06218571749733;72,77915256339423;0,5927861392481268;0,47552668709149104;10932,96280004215;13584,079069207894;520,881039849536;2,8552265142192454
6,166666666666667;616,9778964318892;181,9187371428848;73,80103592727517;0,5927861392481268;0,47552668709149104;10905,312822653937;13674,567649699904;521,9738766126478;2,856551425387478
6,25;618,6362758648413;184,776180980771;74,82593026738259;0,5927861392481268;0,47552668709149104;10876,478982225111;13762,200071585485;523,0591042128337;2,8574438378861906
6,333333333333333;620,2510162848129;187,63409471929984;75,85370340424842;0,5927861392481268;0,47552668709149104;10846,502372101759;13847,004430701927;524,136859495975;2,8579137385288464
6,416666666666667;621,8232660199774;190,49206563690478;76,88422618639177;0,5927861392481268;0,47552668709149104;10815,423039137826;13929,009624275537;525,2072883446115;2,857970917604946
6,5;623,354143181046;193,34969060794458;77,91737245349523;0,5927861392481268;0,47552668709149104;10783,280009576814;14008,245273450597;526,2705450148236;2,8576249710397836
6,583333333333333;624,8447364564352;196,20657591080067;78,95301899811106;0,5927861392481268;0,47552668709149104;10750,111314327534;14084,741650072292;527,326791490859;2,856885302856076
6,666666666666667;626,2961058865054;199,0623370387018;79,99104552604857;0,5927861392481268;0,47552668709149104;10715,954013640861;14158,529607559904;528,3761968577164;2,855761127901119
6,75;627,7092836174239;201,91659851350735;81,03133461558623;0,5927861392481268;0,47552668709149104;10680,84422119509;14229,640515708537;529,4189366918517;2,8542614748055426
6,833333333333333;629,0852746351858;204,76899370264948;82,07377167564476;0,5927861392481268;0,47552668709149104;10644,817127597915;14298,106199259884;530,4551924701059;2,8523951891421273
6,916666666666667;630,4250574803187;207,61916463940477;83,11824490304986;0,5927861392481268;0,47552668709149104;10607,907023313408;14363,958880084616;531,4851509969106;2,8501709367552768
7,0;631,72958494378;210,46676184663875;84,16464523900646;0,5927861392481268;0,47552668709149104;10570,14732102285;14427,2311228223;532,5090038497806;2,847597207233964
7,083333333333333;632,999784744539;213,31144416414165;85,21286632489952;0,5927861392481268;0,47552668709149104;10531,57057742853;14487,95578382768;533,5269468430589;2,8446823175029134
7,166666666666667;634,2365601893308;216,15287857965038;86,2628044575294;0,5927861392481268;0,47552668709149104;10492,208514509934;14546,165963275458;534,5391795098458;2,841434415508743
7,25;635,4407908150464;218,99074006362994;87,31435854388397;0,5927861392481268;0,47552668709149104;10452,09204024201;14601,894960279495;535,5459046020113;2,8378614839795535
7,333333333333333;636,6133330142198;221,82471140786816;88,36743005554302;0,5927861392481268;0,47552668709149104;10411,251268785412;14655,176230885914;536,5473276081543;2,8339713442382326
7,416666666666667;637,7550206440552;224,65448306791947;89,42192298280477;0,5927861392481268;0,47552668709149104;10369,715540158792;14706,043348803627;537,5436562893526;2,8297716600513088
7,5;638,866665619428;227,4797530094162;90,47774378861848;0,5927861392481268;0,47552668709149104;10327,513439403392;14754,529968739607;538,5351002325212;2,825269941496735
7,583333333333333;639,9490584902804;230,3002265582517;91,5348013624019;0,5927861392481268;0,47552668709149104;10284,672815250295;14800,669792210547;539,521870421171;2,820473548835467
7,666666666666667;641,0029690038252;233,11561625462465;92,59300697381664;0,5927861392481268;0,47552668709149104;10241,22079830072;14844,496535706241;540,5041788233505;2,8153896963729634
7,75;642,029146651953;235,9256417109228;93,65227422656999;0,5927861392481268;0,47552668709149104;10197,183818730013;14886,043901084715;541,4822379965287;2,810025456298136
7,833333333333333;643,0283212042367;238,73002947341118;94,71251901230644;0,5927861392481268;0,47552668709149104;10152,587623525756;14925,345548082732;542,4562607091666;2,8043877624883655
7,916666666666667;644,0012032269094;241,52851288768156;95,77365946464806;0,5927861392481268;0,47552668709149104;10107,45729327064;14962,435068829825;543,4264595787114;2,798483414270387
8,0;644,948484588186;244,32083196780948;96,83561591343795;0,5927861392481268;0,47552668709149104;10061,817258480696;14997,345964257993;544,3930467257393;2,792319080127914
8,083333333333334;645,8708389502879;247,10673326915727;97,89831083923747;0,5927861392481268;0,47552668709149104;10015,691315509415;15030,11162230322;545,3562334439576;2,785901301347806
8,166666666666666;646,7689222485191;249,88596976475483;98,96166882812344;0,5927861392481268;0,47552668709149104;9969,102642028263;15060,765297799224;546,3162298857775;2,77923649559756
8,25;647,6433731577384;252,65830072518258;100,02561652682799;0,5927861392481268;0,47552668709149104;9922,073812094106;15089,340093967547;547,2732447631529;2,772330960427761
8,333333333333334;648,4948135465537;255,42349160187652;101,09008259826021;0,5927861392481268;0,47552668709149104;9874,626810813896;15115,86894541246;548,2274850633839;2,7651908766939313
8,416666666666666;649,3238489195664;258,1813139137695;102,15499767744528;0,5927861392481268;0,47552668709149104;9826,78304861693;15140,38460253235;549,1791557795734;2,757822311892952
8,5;650,1310688479784;260,9315451371795;103,22029432791358;0,5927861392481268;0,47552668709149104;9778,563375144924;15162,919617263911;550,1284596554224;2,7502312234100263
8,583333333333334;650,9170473888669;263,6739685988522;104,28590699856926;0,5927861392481268;0,47552668709149104;9729,988092769972;15183,506330078268;551,0755969440504;2,742423461672667
8,666666666666666;651,6823434934272;266,40837337206113;105,35177198106494;0,5927861392481268;0,47552668709149104;9681,076969750367;15202,17685815246;552,020765180521;2,7344047732089396
8,75;652,427501404473;269,1345541756688;106,41782736770642;0,5927861392481268;0,47552668709149104;9631,849253034152;15218,963084642863;552,9641589677539;2,726180803607696
8,833333333333334;653,1530510434759;271,8523112760479;107,48401300990882;0,5927861392481268;0,47552668709149104;9582,323680720105;15233,896648990696;553,9059697755016;2,7177571003790537
8,916666666666666;653,8595083874213;274,5614503917618;108,55027047722318;0,5927861392481268;0,47552668709149104;9532,5184941857;15247,008938193003;554,8463857520733;2,7091391157138984
9,0;654,5473758357468;277,2617826009035;109,61654301695023;0,5927861392481268;0,47552668709149104;9482,451449891489;15258,331078975929;555,7855915484804;2,7003322091416533
9,083333333333334;655,2171425676252;279,9531242509894;110,68277551435602;0,5927861392481268;0,47552668709149104;9432,139830871083;15267,893930809936;556,7237681546883;2,691341650085903
9,166666666666666;655,8692848898461;282,63529687130733;111,74891445350207;0,5927861392481268;0,47552668709149104;9381,600457915894;15275,728079709934;557,6610927476527;2,6821726203179432
9,25;656,5042665755425;285,30812708761596;112,81490787870077;0,5927861392481268;0,47552668709149104;9330,849700463468;15281,86383276613;558,597738550822;2,672830216308626
9,333333333333334;657,1225391940054;287,97144653909515;113,88070535660528;0,5927861392481268;0,47552668709149104;9279,903487198164;15286,331213354095;559,5338747047904;2,6633194514792113
9,416666666666666;657,724542431818;290,6250917974474;114,94625793894124;0,5927861392481268;0,47552668709149104;9228,777316372756;15289,15995697568;560,4696661487856;2,6536452583522427
9,5;658,3107044055405;293,26890428805115;116,01151812588627;0,5927861392481268;0,47552668709149104;9177,486265859265;15290,379507684469;561,4052735126779;2,643812490603734
9,583333333333334;658,8814419661669;295,90273021306933;117,07643983010178;0,5927861392481268;0,47552668709149104;9126,045002937233;15290,01901505259;562,3408530192006;2,6338259250181983
9,666666666666666;659,4371609955693;298,5264204764176;118,14097834142039;0,5927861392481268;0,47552668709149104;9074,46779382744;15288,107331637799;563,2765563960702;2,6236902633483044
9,75;659,9782566951428;301,13983061049873;119,20509029219087;0,5927861392481268;0,47552668709149104;9022,768512978793;15284,67301091208;564,2125307977029;2,6134101340810987
9,833333333333334;660,5051138668539;303,7428207046117;120,26873362328143;0,5927861392481268;0,47552668709149104;8970,960652116102;15279,74430561558;565,1489187362213;2,6029900941129767
9,916666666666666;661,0181071868933;306,33525533494736;121,33186755074138;0,5927861392481268;0,47552668709149104;8919,057329056055;15273,349166501468;566,0858580214485;2,5924346303357018
10,0;661,5176014721292;308,9170034960833;122,3944525331197;0,5927861392481268;0,47552668709149104;8867,071296298649;15265,51524143959;567,0234817095957;2,581748161135933
10,083333333333334;662,0039519395467;311,4879385338941;123,45645023943887;0,5927861392481268;0,47552668709149104;8815,014949401148;15256,269874848904;567,9619180603404;2,5709350378108677
10,166666666666666;662,4775044588623;314,0479380797968;124,5178235178206;0,5927861392481268;0,47552668709149104;8762,900335141314;15245,640107430141;568,9012905020091;2,5599995459026705
10,25;662,9385957984902;316,59688398625127;125,5785363647604;0,5927861392481268;0,47552668709149104;8710,739159476638;15233,652676172476;569,8417176045691;2,5489459064545077
10,333333333333334;663,387553865036;319,1346622634423;126,63855389504612;0,5927861392481268;0,47552668709149104;8658,542795305972;15220,334014609372;570,7833130601456;2,537778277191044
10,416666666666666;663,8246979364887;321,66116301706865;127,69784231231598;0,5927861392481268;0,47552668709149104;8606,322290039843;15205,710253300504;571,7261856707796;2,5265007536263453
10,5;664,2503388892766;324,1762803871708;128,75636888025022;0,5927861392481268;0,47552668709149104;8554,088372985503;15189,807220518194;572,6704393431469;2,51511737010216
10,583333333333334;664,6647794193473;326,67991248793044;129,81410189439046;0,5927861392481268;0,47552668709149104;8501,851462552644;15172,650443118535;573,6161730899596;2,503632100759632
10,666666666666666;665,0683142574313;329,1719613483779;130,87101065458032;0,5927861392481268;0,47552668709149104;8449,621673285421;15154,265147578328;574,563481037779;2,4920488604474755
10,75;665,4612303786414;331,6523328539476;131,9270654380201;0,5927861392481268;0,47552668709149104;8397,408822726335;15134,676261180759;575,512452440968;2,480371505569672
10,833333333333334;665,8438072065546;334,1209366888234;132,98223747292846;0,5927861392481268;0,47552668709149104;8345,222438117346;15113,908413333875;576,463171701519;2,468603834875802
10,916666666666666;666,2163168119266;336,57768627902044;134,0364989128032;0,5927861392481268;0,47552668709149104;8293,07176294328;15091,985937006824;577,4157183944914;2,456749590197014
11,0;666,5790241061744;339,0224987361512;135,08982281127325;0,5927861392481268;0,47552668709149104;8240,965763322654;15068,93287027065;578,3701672988058;2,4448124571307353
11,083333333333334;666,9321870297699;341,4552948018283;136,1421830975335;0,5927861392481268;0,47552668709149104;8188,913134250581;15044,772957930669;579,3265884331327;2,432796065677117
11,166666666666666;667,2760567356747;343,87599879265855;137,1935545523541;0,5927861392481268;0,47552668709149104;8136,92230569854;15019,52965323927;580,2850470966329;2,4207039908302197
11,25;667,6108777679486;346,28453854578544;138,24391278465558;0,5927861392481268;0,47552668709149104;8085,0014485754045;14993,226119678373;581,245603914296;2,408539753126887
11,333333333333334;667,9368882356573;348,68084536494166;139,2932342086405;0,5927861392481268;0,47552668709149104;8033,15848055408;14965,88523280202;582,2083148866408;2,396306819156218
11,416666666666666;668,2543199822053;351,0648539669741;140,34149602147326;0,5927861392481268;0,47552668709149104;7981,401071767891;14937,529582130126;583,173231443534;2,3840086020324716
11,5;668,5633987502113;353,43650242880835;141,38867618149817;0,5927861392481268;0,47552668709149104;7929,73665038078;14908,18147308571;584,140400501897;2,3716484618342313
11,583333333333334;668,8643443420464;355,79573213482087;142,43475338698732;0,5927861392481268;0,47552668709149104;7878,172408035072;14877,862928968023;585,1098645270714;2,3592297060125125
11,666666666666666;669,1573707761469;358,1424877245914;143,47970705540817;0,5927861392481268;0,47552668709149104;7826,715305180637;14846,595692955323;586,0816615976149;2,346755589770515
11,75;669,4426864392142;360,4767170410089;144,52351730320203;0,5927861392481268;0,47552668709149104;7775,372076288888;14814,401230131154;587,0558254733132;2,3342293164175487
11,833333333333334;669,7204942344102;362,7983710787086;145,56616492606366;0,5927861392481268;0,47552668709149104;7724,149234955132;14781,30072952908;588,0323856661851;2,3216540376996995
11,916666666666666;669,9909917256516;365,1074039328182;146,60763137971284;0,5927861392481268;0,47552668709149104;7673,053078892541;14747,315106191105;589,0113675142768;2,309032854109609
12,0;670,2543712781094;367,4037727479959;147,64789876114818;0,5927861392481268;0,47552668709149104;7622,089694820835;14712,465003235451;589,9927922580358;2,296368815177712
12,083333333333334;670,5108201950084;369,6874376677431;148,68694979037394;0,5927861392481268;0,47552668709149104;7571,264963252836;14676,770793930398;590,9766771190621;2,283664919747222
12,166666666666666;670,76052085083;371,95836178397803;149,72476779259037;0,5927861392481268;0,47552668709149104;7520,584563181632;14640,25258377042;591,9630353810445;2,2709241162349505
12,25;671,0036508210076;374,21651108685813;150,76133668083813;0,5927861392481268;0,47552668709149104;7470,053976671298;14602,930212552377;592,9518764726873;2,2581493028801094
12,333333333333334;671,2403830082103;376,4618544148411;151,79664093908767;0,5927861392481268;0,47552668709149104;7419,678493353736;14564,823256448948;593,9432060524418;2,2453433279830084
12,416666666666666;671,4708857653027;378,6943634049767;152,8306656057641;0,5927861392481268;0,47552668709149104;7369,46321483423;14525,951030077415;594,9370260948638;2,232508990135565
12,5;671,6953230150701;380,91401244342205;153,86339625769838;0,5927861392481268;0,47552668709149104;7319,4130590081495;14486,332588562025;595,9333349784179;2,2196490384453913
12,583333333333334;671,9138543667927;383,12077861617723;154,8948189944959;0,5927861392481268;0,47552668709149104;7269,532764291202;14445,986729588532;596,9321275745594;2,206766172755173
12,666666666666666;672,126635229752;385,31464166003616;155,92492042331313;0,5927861392481268;0,47552668709149104;7219,8268937653875;14404,931995449691;597,9333953379295;2,1938630438589097
12,75;672,3338169237504;387,4955839137527;156,95368764403364;0,5927861392481268;0,47552668709149104;7170,299839242895;14363,186675080826;598,9371263974994;2,180942253716546
12,833333333333334;672,5355467867236;389,66359026942104;157,98110823483455;0,5927861392481268;0,47552668709149104;7120,955825249944;14320,76880608475;599,9433056485135;2,168006355668366
12,916666666666666;672,7319682795194;391,81864812407156;159,00717023813468;0,5927861392481268;0,47552668709149104;7071,798912932563;14277,696176745609;600,9519148450768;2,155057854650516
13,0;672,9232210879213;393,96074733148436;160,0318621469157;0,5927861392481268;0,47552668709149104;7022,833003886196;14233,986328031182;601,9629326932455;2,142099207412817
13,083333333333334;673,1094412219862;396,08988015422443;161,05517289140803;0,5927861392481268;0,47552668709149104;6974,061843910924;14189,656555583684;602,9763349444785;2,1291328227400603
13,166666666666666;673,2907611127678;398,2060412159022;162,07709182613272;0,5927861392481268;0,47552668709149104;6925,489026694045;14144,72391169889;603,992094489318;2,1161610616777757
13,25;673,467309706496;400,30922745366564;163,09760871729134;0,5927861392481268;0,47552668709149104;6877,117997421639;14099,205207293639;605,0101814511688;2,103186237763451
13,333333333333334;673,6392125562776;402,3994380709297;164,11671373049563;0,5927861392481268;0,47552668709149104;6828,952056320761;14053,117013862233;606,0305632800525;2,0902106172640913
13,416666666666666;673,8065919113831;404,47667449035055;165,13439741882894;0,5927861392481268;0,47552668709149104;6780,994362133697;14006,475665421647;607,0532048462196;2,077236419420857
13,5;673,9695668041851;406,5409403070521;166,15065071123138;0,5927861392481268;0,47552668709149104;6733,247935525813;13959,29726044622;608,0780685335033;2,0642658167015306
13,583333333333334;674,1282531348089;408,5922412421135;167,16546490120123;0,5927861392481268;0,47552668709149104;6685,715662428325;13911,597663792105;609,1051143323087;2,0513009350614126
13,666666666666666;674,2827637535545;410,63058509632674;168,17883163580478;0,5927861392481268;0,47552668709149104;6638,400297317385;13863,392508612138;610,1342999321341;2,03834385421321
13,75;674,4332085411507;412,6559817042331;169,19074290498725;0,5927861392481268;0,47552668709149104;6591,3044664306935;13814,697198261472;611,1655808135243;2,0253966079063757
13,833333333333334;674,5796944868976;414,6684428884494;170,20119103117716;0,5927861392481268;0,47552668709149104;6544,43067092294;13765,526908194737;612,1989103393653;2,0124611842163285
13,916666666666666;674,722325764752;416,6679824142933;171,21016865917738;0,5927861392481268;0,47552668709149104;6497,781289961204;13715,89658785527;613,2342398454275;1,9995395258438837
14,0;674,8612038074107;418,65461594471844;172,21766874633548;0,5927861392481268;0,47552668709149104;6451,358583761467;13665,820962557036;614,2715187300795;1,9866335304251532
14,083333333333334;674,9964273784456;420,6283609955706;173,2236845529863;0,5927861392481268;0,47552668709149104;6405,164696567306;13615,314535359706;615,3106945430881;1,9737450508521361
14,166666666666666;675,128092642539;422,5892368911747;174,22820963316042;0,5927861392481268;0,47552668709149104;6359,201659571874;13564,391588937964;616,3517130734325;1,9608758956041719
14,25;675,2562932338715;424,537264720265;175,2312378255514;0,5927861392481268;0,47552668709149104;6313,471393784105;13513,066187445098;617,3945184360643;1,9480278290903068
14,333333333333334;675,3811203227106;426,47246729226765;176,2327632447355;0,5927861392481268;0,47552668709149104;6267,975712840162;13461,352178371899;618,4390531575448;1,935202572002651
14,416666666666666;675,5026626802463;428,3948690939484;177,23278027263737;0,5927861392481268;0,47552668709149104;6222,716325761073;13409,263194401357;619,4852582605004;1,9224018016807116
14,5;675,6210067417218;430,304496246435;178,23128355023545;0,5927861392481268;0,47552668709149104;6177,694839657448;13356,812655259662;620,5330733468397;1,9096271524866397
14,583333333333334;675,736236667901;432,2013764626263;179,22826796950108;0,5927861392481268;0,47552668709149104;6132,912762382169;13304,013769564173;621,5824366796799;1,8968802161912897
14,666666666666666;675,8484344049208;434,08553900499726;180,22372866556518;0,5927861392481268;0,47552668709149104;6088,371505131869;13250,879536668735;622,6332852639321;1,8841625423709512
14,75;675,9576797425666;435,9570146438119;181,21766100910654;0,5927861392481268;0,47552668709149104;6044,072384998089;13197,422748507077;623,6855549255031;1,871475638814589
14,833333333333334;676,0640503710156;437,8158356157532;182,21006059895626;0,5927861392481268;0,47552668709149104;6000,016627468868;13143,655991434527;624,7391803890737;1,8588209719413507
14,916666666666666;676,167621936086;439,66203558298133;183,20092325491254;0,5927861392481268;0,47552668709149104;5956,2053688815595;13089,591648068648;625,7940953544133;1,8461999672281093
15,0;676,2684680930333;441,49564959262807;184,1902450107602;0,5927861392481268;0,47552668709149104;5912,639658827617;13035,241899129063;626,8502325712022;1,8336140096467552
15,083333333333334;676,36666055893;443,31671403673903;185,17802210748997;0,5927861392481268;0,47552668709149104;5869,320462510132;12980,618725276989;627,9075239123274;1,8210644441109407
15,166666666666666;676,4622691636674;445,12526661267094;186,16425098671172;0,5927861392481268;0,47552668709149104;5826,248663054774;12925,733908954631;628,9659004456298;1,808552575931929
15,25;676,5553618996157;446,92134628395416;187,1489282842572;0,5927861392481268;0,47552668709149104;5783,425063774912;12870,599036224883;630,0252925040771;1,7960796712832094
15,333333333333334;676,646004969977;448,7049932416277;188,1320508239666;0,5927861392481268;0,47552668709149104;5740,850390391539;12815,225498611493;631,0856297543439;1,7836469576734968
15,416666666666666;676,7342628358654;450,4762488660554;189,11361561165458;0,5927861392481268;0,47552668709149104;5698,525293208732;12759,62449493997;632,146841263782;1,7712556244277284
15,5;676,8201982621491;452,2351556892311;190,09361982925066;0,5927861392481268;0,47552668709149104;5656,450349245249;12703,807033179317;633,2088555657674;1,7589068231756413
15,583333333333334;676,9038723620862;453,9817573575786;191,0720608291095;0,5927861392481268;0,47552668709149104;5614,626064322951;12647,783932284856;634,2716007234127;1,7466016683475223
15,666666666666666;676,9853446407849;455,7160985952553;192,0489361284864;0,5927861392481268;0,47552668709149104;5573,052875112689;12591,565824042158;635,3350043916383;1,7343412376766913
15,75;677,0646730375212;457,4382251679636;193,0242434041737;0,5927861392481268;0,47552668709149104;5531,7311511382395;12535,163154912187;636,3989938775944;1,7221265727082824
15,833333333333334;677,1419139669424;459,14818384727744;193,99798048729363;0,5927861392481268;0,47552668709149104;5490,66119673894;12478,586187877627;637,4634961994328;1,7099586793138606
15,916666666666666;677,2171223591865;460,8460223754889;194,97014535824349;0,5927861392481268;0,47552668709149104;5449,8432529916245;12421,845004290506;638,5284381434273;1,6978385282114434
16,0;677,2903516989464;462,5317894309793;195,9407361417889;0,5927861392481268;0,47552668709149104;5409,277499592442;12364,949505720939;639,5937463194438;1,6857670554904456
16,083333333333332;677,3616540635052;464,2055345941204;196,90975110230136;0,5927861392481268;0,47552668709149104;5368,964056699178;12307,909415807097;640,6593472147649;1,6737451631411113
16,166666666666668;677,4310801597712;465,86730831370835;197,8771886391358;0,5927861392481268;0,47552668709149104;5328,902986734619;12250,734282106103;641,7251672462739;1,661773719587948
16,25;677,4986793603387;467,5171618739351;198,8430472821447;0,5927861392481268;0,47552668709149104;5289,094296151572;12193,433477945906;642,7911328110065;1,6498535602267241
16,333333333333332;677,5644997385988;469,15514736189965;199,8073256873249;0,5927861392481268;0,47552668709149104;5249,537937160089;12136,016204277854;643,8571703350788;1,6379854879645557
16,416666666666668;677,6285881029279;470,7813176356623;200,77002263259317;0,5927861392481268;0,47552668709149104;5210,233809417478;12078,491491529878;644,923206321005;1,6261702737626451
16,5;677,6909900299743;472,3957262928435;201,73113701368777;0,5927861392481268;0,47552668709149104;5171,181761681641;12020,868201460024;645,989167393416;1,6144086571812037
16,583333333333332;677,7517498970717;473,9984276397696;202,69066784019157;0,5927861392481268;0,47552668709149104;5132,381593428269;11963,155029010077;647,0549803431938;1,6027013469261213
16,666666666666668;677,810910913797;475,58947666116654;203,64861423167406;0,5927861392481268;0,47552668709149104;5093,833056432552;11905,360504159204;648,1205721700372;1,5910490213969635
16,75;677,8685151526996;477,1689289904024;204,6049754139488;0,5927861392481268;0,47552668709149104;5055,5358563157615;11847,492993777012;649,1858701234768;1,5794523292358196
16,833333333333332;677,9246035792214;478,73684088027903;205,5597507154431;0,5927861392481268;0,47552668709149104;5017,489654057431;11789,560703476125;650,2508017423582;1,5679118898766349
16,916666666666668;677,9792160808294;480,2932691743736;206,51293956367655;0,5927861392481268;0,47552668709149104;4979,69406747356;11731,571679463694;651,3152948928114;1,5564282940945777
17,0;678,0323914953816;481,8382712789287;207,46454148184597;0,5927861392481268;0,47552668709149104;4942,148672661394;11673,533810391586;652,3792778047276;1,5450021045550404
17,083333333333332;678,084167638747;483,3719051352906;208,41455608551323;0,5927861392481268;0,47552668709149104;4904,853005411323;11615,454829205015;653,4426791067674;1,5336338563618992
17,166666666666668;678,1345813316984;484,89422919289524;209,36298307939342;0,5927861392481268;0,47552668709149104;4867,806562586409;11557,342314989095;654,5054278599174;1,5223240576046353
17,25;678,1836684260974;486,40530238279916;210,3098222542404;0,5927861392481268;0,47552668709149104;4831,008803470079;11499,203694813164;655,5674535896264;1,5110731899039505
17,333333333333332;678,2314638303909;487,9051840917547;211,25507348382718;0,5927861392481268;0,47552668709149104;4794,459151082455;11441,0462455723;656,628686316538;1,4998817089555172
17,416666666666668;678,2780015344359;489,3939341368262;212,1987367220182;0,5927861392481268;0,47552668709149104;4758,1569934659055;11382,877095825828;657,6890565858473;1,4887500450715234
17,5;678,3233146336723;490,87161274054586;213,1408119999312;0,5927861392481268;0,47552668709149104;4722,101684940243;11324,703227632273;658,7484954953097;1,477678603719656
17,583333333333332;678,3674353526578;492,3382805066051;214,08129942318604;0,5927861392481268;0,47552668709149104;4686,292547328162;11266,531478380599;659,806934721923;1,4666677660592384
17,666666666666668;678,4103950679852;493,79399839607925;215,02019916923797;0,5927861392481268;0,47552668709149104;4650,728871151318;11208,368542616989;660,8643065473104;1,4557178894741634
17,75;678,4522243305956;495,23882770418163;215,9575114847931;0,5927861392481268;0,47552668709149104;4615,409916797648;11150,220973867175;661,9205438818353;1,4448293081023702
17,833333333333332;678,4929528875055;496,6728300375432;216,89323668330363;0,5927861392481268;0,47552668709149104;4580,33491566035;11092,095186453604;662,9755802874685;1,434002333361556
17,916666666666668;678,5326097029603;498,096067292014;217,82737514254066;0,5927861392481268;0,47552668709149104;4545,503071249057;11033,997457307205;664,0293499994397;1,4232372544708587
18,0;678,5712229790333;499,5086016309823;218,7599273022423;0,5927861392481268;0,47552668709149104;4510,913560273656;10975,933927773245;665,0817879466988;1,4125343389682508
18,083333333333332;678,6088201756816;500,9104954642057;219,69089366183496;0,5927861392481268;0,47552668709149104;4476,565533701276;10917,910605411053;666,1328297712171;1,4018938332234065
18,166666666666668;678,6454280302735;502,3018114271515;220,62027477822596;0,5927861392481268;0,47552668709149104;4442,458117786896;10859,933365786963;667,1824118461516;1,3913159629458038
18,25;678,681072576604;503,68261236083936;221,54807126366492;0,5927861392481268;0,47552668709149104;4408,59041507805;10802,007954260322;668,2304712929064;1,380800933687844
18,333333333333332;678,7157791634083;505,05296129218215;222,47428378367258;0,5927861392481268;0,47552668709149104;4374,961505394117;10744,13998776202;669,2769459971134;1,3703489313427903
18,416666666666668;678,7495724723883;506,41292141481944;223,3989130550346;0,5927861392481268;0,47552668709149104;4341,5704467806545;10686,334956565215;670,3217746235655;1,359960122637318
18,5;678,7824765357656;507,76255607043794;224,32195984385888;0,5927861392481268;0,47552668709149104;4308,416276439222;10628,59822604786;671,3648966301248;1,349634655618509
18,583333333333332;678,8145147533719;509,10192873057304;225,24342496369425;0,5927861392481268;0,47552668709149104;4275,498011633191;10570,935038446642;672,4062522806387;1,3393726601351168
18,666666666666668;678,8457099092898;510,431102978886;226,1633092737091;0,5927861392481268;0,47552668709149104;4242,8146505699715;10513,35051460204;673,445782656888;1,3291742483129476
18,75;678,876084188056;511,7501424939102;227,08161367692784;0,5927861392481268;0,47552668709149104;4210,365173260096;10455,849655693997;674,4834296695972;1,3190395150242002
18,833333333333332;678,9056591904374;513,0591110322608;227,99833911852386;0,5927861392481268;0,47552668709149104;4178,148542353645;10398,437344968006;675,5191360685302;1,3089685383506606
18,916666666666668;678,9344559487934;514,3580724123015;228,91348658416726;0,5927861392481268;0,47552668709149104;4146,163703954415;10341,118349451135;676,5528454517041;1,2989613800405917
19,0;678,962494942032;515,6470904982607;229,82705709842563;0,5927861392481268;0,47552668709149104;4114,409588412298;10283,897321657798;677,584502273744;1,2890180859592433
19,083333333333332;678,9897961101748;516,9262291847936;230,73905172321656;0,5927861392481268;0,47552668709149104;4082,8851110942824;10226,778801284743;678,6140518534062;1,2791386865328511
19,166666666666668;679,0163788685361;518,1955523819796;231,6494715563102;0,5927861392481268;0,47552668709149104;4051,5891731345305;10169,767216895203;679,6414403802962;1,2693231971860648
19,25;679,0422621215309;519,4551240007523;232,5583177298806;0,5927861392481268;0,47552668709149104;4020,520662163912;10112,866887591583;680,6666149208091;1,2595716187726937
19,333333333333332;679,0674642761189;520,705007938752;233,46559140910415;0,5927861392481268;0,47552668709149104;3989,678453019465;10056,082024676707;681,6895234233148;1,2498839379997297
19,416666666666668;679,0920032548943;521,9452680665966;234,37129379080403;0,5927861392481268;0,47552668709149104;3959,0614084341723;9999,416733303107;682,7101147226163;1,2402601278445702
19,5;679,1158965088316;523,175968214562;235,27542610213922;0,5927861392481268;0,47552668709149104;3928,668379707443;9942,875014110157;683,728338543704;1,2307001479653903
19,583333333333332;679,139161029696;524,3971721596666;236,17798959933663;0,5927861392481268;0,47552668709149104;3898,4982073567407;9886,460764848794;684,7441455048332;1,2212039451046284
19,666666666666668;679,1618133621271;525,6089436131522;237,07898556646532;0,5927861392481268;0,47552668709149104;3868,549721750733;9830,17778199355;685,7574871199441;1,2117714534855477
19,75;679,1838696154049;526,811346208354;237,97841531425146;0,5927861392481268;0,47552668709149104;3838,8217437243725;9774,029762341674;686,7683158004537;1,2024025952018516
19,833333333333332;679,2053454749057;528,0044434889544;238,8762801789328;0,5927861392481268;0,47552668709149104;3809,3130851762708;9718,020304599062;687,7765848564395;1,193097280600323
19,916666666666668;679,2262562132566;529,1882988976109;239,7725815211515;0,5927861392481268;0,47552668709149104;3780,022549648783;9662,152910952822;688,7822484972378;1,183855408656499
20,0;679,2466167011975;530,3629757649543;240,66732072488438;0,5927861392481268;0,47552668709149104;3750,9489328911427;9606,430988630196;689,7852618314811;1,174676867343348
20,083333333333332;679,2664414181553;531,5285372989473;241,56049919640915;0,5927861392481268;0,47552668709149104;3722,0910234060793;9550,857851443774;690,7855808665952;1,1655615339929906
20,166666666666668;679,2857444625421;532,6850465745987;242,45211836330589;0,5927861392481268;0,47552668709149104;3693,4476029802;9495,436721322585;691,7831625077769;1,1565092756514321
20,25;679,3045395617808;533,8325665240251;243,3421796734924;0,5927861392481268;0,47552668709149104;3665,0174471985847;9440,170729829151;692,7779645564754;1,1475199494263637
20,333333333333332;679,3228400820669;534,9711599268531;244,23068459429285;0,5927861392481268;0,47552668709149104;3636,7993259438917;9385,062919662087;693,7699457083963;1,1385934028280227
20,416666666666668;679,3406590378755;536,1008894009562;245,1176346115382;0,5927861392481268;0,47552668709149104;3608,7920038803445;9330,116246144262;694,7590655510494;1,1297294741031574
20,5;679,3580091012146;537,2218173935183;246,003031228698;0,5927861392481268;0,47552668709149104;3580,994240922982;9275,333578696363;695,7452845608589;1,1209279925621365
20,583333333333332;679,3749026106382;538,3340061724175;246,88687596604225;0,5927861392481268;0,47552668709149104;3553,4047926924077;9220,717702295518;696,7285640998568;1,1121887788992062
20,666666666666668;679,3913515800206;539,4375178179234;247,7691703598325;0,5927861392481268;0,47552668709149104;3526,0224109555165;9166,27131891919;697,7088664119779;1,1035116455059877
20,75;679,4073677070996;540,5324142147017;248,6499159615414;0,5927861392481268;0,47552668709149104;3498,845844052428;9111,997048973997;698,6861546189728;1,0948963967782306
20,833333333333332;679,4229623817965;541,6187570441176;249,5291143371;0,5927861392481268;0,47552668709149104;3471,8738373099486;9057,897432709287;699,6603927159595;1,0863428294158708
20,916666666666668;679,4381466943146;542,6966077768341;250,40676706617128;0,5927861392481268;0,47552668709149104;3445,105133441973;9003,974931615718;700,6315455666289;1,0778507327164817
21,0;679,4529314430272;543,7660276656962;251,28287574145025;0,5927861392481268;0,47552668709149104;3418,5384729370126;8950,23192980828;701,5995788981244;1,0694198888621291
21,083333333333332;679,4673271421564;544,827077738896;252,1574419679886;0,5927861392481268;0,47552668709149104;3392,1725944332734;8896,670735394162;702,564459295606;1,0610500731997483
21,166666666666668;679,4813440292504;545,8798187934111;253,0304673625442;0,5927861392481268;0,47552668709149104;3366,0062350815083;8843,293581825024;703,5261541965215;1,0527410545150626
21,25;679,4949920724642;546,9243113887112;253,90195355295384;0,5927861392481268;0,47552668709149104;3340,0381308959822;8790,102629233827;704,4846318845973;1,0444925953001392
21,333333333333332;679,508280977648;547,9606158407258;254,77190217752934;0,5927861392481268;0,47552668709149104;3314,267017093826;8737,099965756117;705,4398614835634;1,0363044520146465
21,416666666666668;679,5212201952501;548,9887922160667;255,64031488447543;0,5927861392481268;0,47552668709149104;3288,691628423055;8684,287608835675;706,3918129506286;1,0281763753408844
21,5;679,5338189270369;550,0089003264994;256,5071933313295;0,5927861392481268;0,47552668709149104;3263,310699479584;8631,667506514632;707,3404570697194;1,0201081104326766
21,583333333333332;679,5460861326376;551,0209997236576;257,3725391844223;0,5927861392481268;0,47552668709149104;3238,1229650134374;8579,241538707856;708,285765444498;1,0120993971581826
21,666666666666668;679,5580305359156;552,0251496939943;258,23635411835835;0,5927861392481268;0,47552668709149104;3213,127160224499;8527,01151846177;709,2277104911698;1,0041499703367363
21,75;679,5696606311717;553,0214092539641;259,0986398155168;0,5927861392481268;0,47552668709149104;3188,3220210480317;8474,979193197483;710,1662654310975;0,9962595599697724
21,833333333333332;679,5809846891862;554,00983714543;259,95939796557053;0,5927861392481268;0,47552668709149104;3163,706284430191;8423,146245938182;711,1014042832292;0,9884278914659274
21,916666666666668;679,5920107630999;554,9904918312903;260,81863026502447;0,5927861392481268;0,47552668709149104;3139,2786885939045;8371,514296521087;712,0331018563593;0,9806546858604249
22,0;679,6027466941408;555,9634314913192;261,67633841677105;0,5927861392481268;0,47552668709149104;3115,0379732952388;8320,084902793626;712,961333741227;0,9729396600287983
22,083333333333332;679,6132001172016;556,9287140182142;262,5325241296634;0,5927861392481268;0,47552668709149104;3090,9828800705413;8268,859561793955;713,8860763024702;0,9652825268950456
22,166666666666668;679,6233784662677;557,8863970138486;263,3871891181052;0,5927861392481268;0,47552668709149104;3067,1121524746836;8217,839710916174;714,8073066704395;0,9576829956343446
22,25;679,6332889797053;558,836537785719;264,24033510165697;0,5927861392481268;0,47552668709149104;3043,4245363104765;8167,026729059701;715,7250027328892;0,9501407718703494
22,333333333333332;679,6429387054084;559,7791933435861;265,0919638046578;0,5927861392481268;0,47552668709149104;3019,918779849658;8116,421937763407;716,6391431265519;0,9426555578672203
22,416666666666668;679,6523345058105;560,7144203963026;265,94207695586255;0,5927861392481268;0,47552668709149104;2996,5936340455555;8066,026602324193;717,5497072286064;0,9352270527164434
22,5;679,6614830627658;561,642275348821;266,7906762880938;0,5927861392481268;0,47552668709149104;2973,4478527376978;8015,841932900197;718,4566751480506;0,9278549525185368
22,583333333333332;679,6703908823004;562,5628142993808;267,63776353790803;0,5927861392481268;0,47552668709149104;2950,4801928486186;7965,869085598779;719,3600277169876;0,920538950559747
22,666666666666668;679,679064299239;563,4760930368645;268,4833404452758;0,5927861392481268;0,47552668709149104;2927,68941457299;7916,109163549144;720,2597464818318;0,9132787374838093
22,75;679,6875094817104;564,3821670383234;269,3274087532752;0,5927861392481268;0,47552668709149104;2905,074281559362;7866,563217959885;721,1558136944491;0,9060740014588743
22,833333333333332;679,6957324355335;565,281091466663;270,16997020779837;0,5927861392481268;0,47552668709149104;2882,633561084677;7817,232249161371;722,0482123032325;0,8989244283396883
22,916666666666668;679,7037390084886;566,1729211684882;271,01102655727055;0,5927861392481268;0,47552668709149104;2860,3660242217616;7768,11720763316;722,9369259441268;0,8918297018251198
23,0;679,711534894476;567,0577106720993;271,8505795523815;0,5927861392481268;0,47552668709149104;2838,27044600001;7719,218995016493;723,8219389316073;0,8847895036111219
23,083333333333332;679,7191256375656;567,9355141856386;272,6886309458282;0,5927861392481268;0,47552668709149104;2816,345605559417;7670,538465111921;724,7032362496175;0,8778035135392229
23,166666666666668;679,726516635939;568,8063855953792;273,52518249206975;0,5927861392481268;0,47552668709149104;2794,5902862981766;7622,076424862263;725,5808035424803;0,870871409740631
23,25;679,7337131457288;569,6703784641552;274,3602359470925;0,5927861392481268;0,47552668709149104;2773,0032760139948;7573,8336353208215;726,4546271057809;0,8639928687760432
23,333333333333332;679,7407202847559;570,5275460299265;275,19379306818644;0,5927861392481268;0,47552668709149104;2751,583367039339;7525,810812605179;727,324693877233;0,8571675657712539
23,416666666666668;679,7475430361706;571,3779412044752;276,02585561373144;0,5927861392481268;0,47552668709149104;2730,3293563707343;7478,008628836449;728,1909914275327;0,8503951745486378
23,5;679,7541862519943;572,2216165722298;276,85642534299404;0,5927861392481268;0,47552668709149104;2709,2400457923845;7430,427713064414;729,0535079512066;0,8436753677546245
23,583333333333332;679,7606546565718;573,0586243892129;277,6855040159333;0,5927861392481268;0,47552668709149104;2688,3142419941123;7383,068652178165;729,9122322574608;0,8370078169831952
23,666666666666668;679,7669528499299;573,8890165821085;278,5130933930165;0,5927861392481268;0,47552668709149104;2667,5507566839715;7335,9319918029305;730,7671537610324;0,8303921928955559
23,75;679,7730853110494;574,7128447474446;279,3391952350435;0,5927861392481268;0,47552668709149104;2646,9484066955347;7289,018237182759;731,6182624730546;0,8238281653360184
23,833333333333332;679,7790564010498;575,5301601508888;280,1638113029802;0,5927861392481268;0,47552668709149104;2626,5060140901196;7242,327854049469;732,4655489919339;0,817315403444205
23,916666666666668;679,7848703662914;576,3410137266525;280,9869433578;0,5927861392481268;0,47552668709149104;2606,2224062540254;7195,861269477794;733,3090044942492;0,8108535757636413
24,0;679,7905313413944;577,1454560769993;281,8085931603337;0,5927861392481268;0,47552668709149104;2586,096415990974;7149,618872726992;734,1486207256755;0,8044423503468312
24,083333333333332;679,7960433521796;577,9435374718562;282,62876247112746;0,5927861392481268;0,47552668709149104;2566,126881609878;7103,601016068925;734,9843899919358;0,7980813948568874
24,166666666666668;679,8014103185315;578,735307848522;283,4474530503079;0,5927861392481268;0,47552668709149104;2546,312647008085;7057,808015602871;735,8163051497863;0,7917703766658044
24,25;679,8066360571855;579,5208168114715;284,2646666574549;0,5927861392481268;0,47552668709149104;2526,6525617502366;7012,24015205708;736,6443595980362;0,7855089629494518
24,333333333333332;679,8117242844428;580,3001136322508;285,08040505148136;0,5927861392481268;0,47552668709149104;2507,145481142851;6966,897671577278;737,4685472686123;0,7792968207793559
24,416666666666668;679,8166786188127;581,0732472494622;285,8946699905201;0,5927861392481268;0,47552668709149104;2487,790266304799;6921,780786502226;738,2888626176635;0,7731336172113644
24,5;679,8215025835862;581,8402662688334;286,7074632318167;0,5927861392481268;0,47552668709149104;2468,585784233764;6876,889676126486;739,1053006167145;0,767019019371254
24,583333333333332;679,8261996093415;582,6012189633707;287,5187865316297;0,5927861392481268;0,47552668709149104;2449,5309078688197;6832,224487450512;739,9178567438696;0,7609526945373633
24,666666666666668;679,8307730363838;583,356153273591;288,3286416451361;0,5927861392481268;0,47552668709149104;2430,624516149271;6787,78533591824;740,7265269750692;0,7549343102203269
24,75;679,8352261171207;584,1051168078309;289,1370303263433;0,5927861392481268;0,47552668709149104;2411,8654940698207;6743,572306142234;741,531307775403;0,7489635342399698
24,833333333333332;679,8395620183747;584,8481568426304;289,94395432800667;0,5927861392481268;0,47552668709149104;2393,2527327322446;6699,585452616694;742,3321960904827;0,7430400347994559
24,916666666666668;679,8437838236365;585,5853203231871;290,7494154015526;0,5927861392481268;0,47552668709149104;2374,785129393609;6655,824800418209;743,1291893378743;0,7371634805567306
25,0;679,8478945352565;586,3166538638806;291,55341529700695;0,5927861392481268;0,47552668709149104;2356,461587511234;6612,29034589472;743,9222853985947;0,7313335406933631
25,083333333333332;679,8518970765805;587,0422037488614;292,3559557629285;0,5927861392481268;0,47552668709149104;2338,2810167843986;6568,98205734252;744,7114826086752;0,7255498849808153
25,166666666666668;679,8557942940289;587,7620159327057;293,1570385463476;0,5927861392481268;0,47552668709149104;2320,2423331929767;6525,8998756716255;745,4967797507909;0,7198121838442356
25,25;679,8595889591204;588,4761360411295;293,95666539270957;0,5927861392481268;0,47552668709149104;2302,3444590330796;6483,043715059658;746,2781760459611;0,7141201084238302
25,333333333333332;679,8632837704438;589,1846093717634;294,7548380458223;0,5927861392481268;0,47552668709149104;2284,5863229497722;6440,413463594254;747,0556711453214;0,7084733306338724
25,416666666666668;679,8668813555757;589,8874808949828;295,5515582478088;0,5927861392481268;0,47552668709149104;2266,9668599670104;6398,008983904298;747,829265121968;0,7028715232194207
25,5;679,870384272951;590,5847952547936;296,34682773906394;0,5927861392481268;0,47552668709149104;2249,485011514824;6355,830113779957;748,5989584628777;0,6973143598107964
25,583333333333332;679,8737950136804;591,2765967697694;297,14064825821475;0,5927861392481268;0,47552668709149104;2232,139725453936;6313,876666781906;749,3647520609032;0,6918015149759018
25,666666666666668;679,8771160033232;591,9629294340398;297,9330215420854;0,5927861392481268;0,47552668709149104;2214,929956097774;6272,14843283952;750,1266472068469;0,6863326642704038
25,75;679,8803496036122;592,6438369183256;298,72394932566556;0,5927861392481268;0,47552668709149104;2197,8546642320853;6230,64517883859;750,8846455816126;0,6809074842858793
25,833333333333332;679,8834981141327;593,3193625710215;299,5134333420824;0,5927861392481268;0,47552668709149104;2180,9128171321645;6189,366649198413;751,6387492484376;0,6755256526959532
25,916666666666668;679,8865637739583;593,989549419322;300,3014753225764;0,5927861392481268;0,47552668709149104;2164,10338857778;6148,312566438442;752,3889606452044;0,6701868483004887
26,0;679,8895487632428;594,6544401703899;301,08807699648;0,5927861392481268;0,47552668709149104;2147,425358865908;6107,482631734766;753,1352825768369;0,6648907510678921
26,083333333333332;679,8924552047711;595,3140772125655;301,87324009120033;0,5927861392481268;0,47552668709149104;2130,877714821324;6066,876525466446;753,8777182077747;0,6596370421755817
26,166666666666668;679,8952851654685;595,9685026166142;302,65696633220387;0,5927861392481268;0,47552668709149104;2114,4594498051392;6026,4939077518675;754,6162710545364;0,6544254040486677
26,25;679,8980406578708;596,617758137011;303,4392574430052;0,5927861392481268;0,47552668709149104;2098,169563721359;5986,334418975295;755,3509449783606;0,6492555203969046
26,333333333333332;679,9007236415554;597,2618852132609;304,22011514515805;0,5927861392481268;0,47552668709149104;2082,0070630214927;5946,397680303674;756,0817441779377;0,6441270762499504
26,416666666666668;679,9033360245348;597,9009249712519;304,99954115824914;0,5927861392481268;0,47552668709149104;2065,970960707361;5906,683294193958;756,8086731822215;0,6390397579910018
26,5;679,9058796646137;598,5349182246407;305,77753719989477;0,5927861392481268;0,47552668709149104;2050,060276332073;5867,190844890931;757,5317368433286;0,6339932533888314
26,583333333333332;679,9083563707101;599,163905476269;306,5541049857397;0,5927861392481268;0,47552668709149104;2034,2740359993259;5827,9198989158185;758,2509403295252;0,6289872516282907
26,666666666666668;679,9107679041414;599,7879269196083;307,3292462294587;0,5927861392481268;0,47552668709149104;2018,6112723610279;5788,870005545737;758,9662891182951;0,6240214433393171
26,75;679,9131159798776;600,4070224402327;308,10296264276036;0,5927861392481268;0,47552668709149104;2003,071024613328;5750,0406972840865;759,6777889895002;0,6190955206244835
26,833333333333332;679,9154022677602;601,0211422470611;308,8752559353928;0,5927861392481268;0,47552668709149104;1987,6523384911225;5711,4314903221575;760,4961016949592;0,6141198068283519
26,916666666666668;679,9176283936906;601,6306407275127;309,6461278151518;0,5927861392481268;0,47552668709149104;1972,3565005174778;5673,0475038786;760,9197577881032;0,6094984804515952
27,0;679,9197959407852;602,2355479703324;310,41557998789096;0,5927861392481268;0,47552668709149104;1957,174691654447;5634,8684048935875;761,3439986032345;0,6049072428196033
27,083333333333332;679,9219064505022;602,8358939744029;311,1836141575335;0,5927861392481268;0,47552668709149104;1942,1061992613204;5596,894135305369;761,7688099176269;0,6003460040704511
27,166666666666668;679,9239614237376;603,431708646842;311,9502320260861;0,5927861392481268;0,47552668709149104;1927,1503119024828;5559,124614836107;762,1941774507627;0,5958146724390782
27,25;679,9259623218923;604,0230218011471;312,71543529365437;0,5927861392481268;0,47552668709149104;1912,3063194223903;5521,5597414146305;762,6200868663617;0,5913131543051643
27,333333333333332;679,9279105679112;604,6098631553876;313,47922565846005;0,5927861392481268;0,47552668709149104;1897,573513018628;5484,199391595139;763,0465237744206;0,5868413542404551
27,416666666666668;679,9298075472963;605,1922623304432;314,2416048168597;0,5927861392481268;0,47552668709149104;1882,9511853130896;5447,043420971844;763,4734737332655;0,5823991750555351
27,5;679,9316546090902;605,7702488482893;315,002574463365;0,5927861392481268;0,47552668709149104;1868,4386304213263;5410,091664589628;763,9009222516138;0,5779865178460568
27,583333333333332;679,9334530668372;606,3438521303277;315,7621362906644;0,5927861392481268;0,47552668709149104;1854,0351440200225;5373,343937350419;764,3288547906474;0,5736032820384043
27,666666666666668;679,9352041995162;606,9131014957626;316,5202919896459;0,5927861392481268;0,47552668709149104;1839,740023412736;5336,800034415655;764,7572567660935;0,5692493654348225
27,75;679,936909252451;607,4780261600206;317,27704324942175;0,5927861392481268;0,47552668709149104;1825,5525675938402;5300,459731604517;765,1861135503157;0,5649246642579887
27,833333333333332;679,9385694381955;608,0386552332156;318,0323917573535;0,5927861392481268;0,47552668709149104;1811,4720773107592;5264,322785788094;765,6154104744119;0,5606290731950413
27,916666666666668;679,9401859373962;608,5950177186567;318,7863391990787;0,5927861392481268;0,47552668709149104;1797,4978551244958;5228,3889352794295;766,0451328303203;0,5563624854410625
28,0;679,9417598996317;609,1471425113987;319,53888725853886;0,5927861392481268;0,47552668709149104;1783,629205468489;5192,657900219424;766,4752658729318;0,5521247927420175
28,083333333333332;679,9432924442306;609,6950583968359;320,2900376180077;0,5927861392481268;0,47552668709149104;1769,8654347058266;5157,129382958582;766,9057948222079;0,5479158854371464
28,166666666666668;679,9447846610667;610,2387940493367;321,0397919581211;0,5927861392481268;0,47552668709149104;1756,2058511848677;5121,803068434705;767,3367048653047;0,5437356525008245
28,25;679,9462376113349;610,7783780309205;321,7881519579074;0,5927861392481268;0,47552668709149104;1742,6497652932512;5086,678624546348;767,7679811587008;0,539583981583873
28,333333333333332;679,9476523283056;611,3138387899749;322,535119294819;0,5927861392481268;0,47552668709149104;1729,1964895103604;5051,755702522167;768,1996088303297;0,5354607590543349
28,416666666666668;679,9490298180593;611,8452046600125;323,2806956447643;0,5927861392481268;0,47552668709149104;1715,8453384582685;5017,033937286182;768,631572981715;0,53136587003772
28,5;679,9503710602024;612,3725038584693;324,02488268214057;0,5927861392481268;0,47552668709149104;1702,5956289511696;4982,512947818816;769,0638586901083;0,5272991984567075
28,583333333333332;679,9516770085636;612,8957644855395;324,76768207986754;0,5927861392481268;0,47552668709149104;1689,4466800433293;4948,192337513836;769,4964510106297;0,5232606270703198
28,666666666666668;679,9529485918722;613,4150145230522;325,5090955094216;0,5927861392481268;0,47552668709149104;1676,3978130756016;4914,071694531141;769,929334978408;0,5192500375125652
28,75;679,9541867144189;613,9302818333827;326,2491246408705;0,5927861392481268;0,47552668709149104;1663,4483517205013;4880,150592145427;770,3624956107233;0,5152673103305506
28,833333333333332;679,9553922566988;614,4415941584048;326,98777114290834;0,5927861392481268;0,47552668709149104;1650,5976220259072;4846,428589090755;770,7959179091483;0,5113123250220729
28,916666666666668;679,9565660760368;614,9489791184775;327,72503668289187;0,5927861392481268;0,47552668709149104;1637,8449524573512;4812,905229900882;771,2295868616893;0,507384960072675
29,0;679,9577090071986;615,4524642114696;328,4609229268761;0,5927861392481268;0,47552668709149104;1625,1896739389822;4779,580045245567;771,6634874449253;0,5034850929921865
29,083333333333332;679,9588218629832;615,9520768118203;329,1954315396513;0,5927861392481268;0,47552668709149104;1612,6311198932228;4746,452552262802;772,0976046261462;0,49961260035075067
29,166666666666668;679,9599054348018;616,4478441696347;329,9285641847797;0,5927861392481268;0,47552668709149104;1600,1686262790713;4713,522254886778;772,531923365487;0,4957673578143156
29,25;679,96096049324;616,9397934098143;330,660322524633;0,5927861392481268;0,47552668709149104;1587,8015316291794;4680,788644171928;772,9664286180594;0,49194924017962843
29,333333333333332;679,961987788606;617,427951531223;331,39070822042953;0,5927861392481268;0,47552668709149104;1575,5291770856415;4648,251198612743;773,4011053360789;0,4881581214087027
29,416666666666668;679,9629880514643;617,9123454058858;332,1197229322725;0,5927861392481268;0,47552668709149104;1563,3509064345758;4615,909384459644;773,8359384709879;0,4843938746627874
29,5;679,963961993155;618,3930017782217;332,84736831918775;0,5927861392481268;0,47552668709149104;1551,266066139462;4583,762656030632;774,270912975573;0,4806563723358142
29,583333333333332;679,9649103062999;618,8699472643091;333,5736460391619;0,5927861392481268;0,47552668709149104;1539,2740053733319;4551,8104560190195;774,7060138060765;0,4769454860873506
29,666666666666668;679,9658336652951;619,3432083511841;334,2985577491808;0,5927861392481268;0,47552668709149104;1527,3740760497703;4520,052215797072;775,1412259243016;0,47326108687504886
29,75;679,9667327267902;619,8128113961707;335,02210510526805;0,5927861392481268;0,47552668709149104;1515,5656328527755;4488,4873557156;775,5765342997098;0,4696030449865898
29,833333333333332;679,9676081301558;620,2787826262418;335,74428976252335;0,5927861392481268;0,47552668709149104;1503,8480332654872;4457,1152853995045;776,0119239115121;0,4659712300711282
29,916666666666668;679,9684604979377;620,741148137412;336,46511337516125;0,5927861392481268;0,47552668709149104;1492,2206375978503;4425,9354040394965;776,4473797507494;0,4623655111702612
30,0;679,9692904363003;621,1999338941605;337,1845775965496;0,5927861392481268;0,47552668709149104;1480,6828090131432;4394,9471006795675;776,8828868223666;0,45878575674847866
30,083333333333332;679,9700985354568;621,6551657288836;337,90268407924833;0,5927861392481268;0,47552668709149104;1469,233913553495;4364,149754500759;777,318430147275;0,45523183472315154
30,166666666666668;679,9708853700895;622,1068693413777;338,61943447504797;0,5927861392481268;0,47552668709149104;1457,8733201643304;4333,542735100796;777,7539947644058;0,4517036124940171
30,25;679,9716514997584;622,5550702983498;339,33483043500814;0,5927861392481268;0,47552668709149104;1446,6004007177958;4303,1254027698415;778,1895657327526;0,44820095697218737
30,333333333333332;679,9723974692993;622,9997940329586;340,0488736094962;0,5927861392481268;0,47552668709149104;1435,4145300352143;4272,897108762424;778,6251281334025;0,44472373460868686
30,416666666666668;679,9731238092106;623,4410658443811;340,7615656482254;0,5927861392481268;0,47552668709149104;1424,3150859085176;4242,857195565352;779,0606670715556;0,44127181142250327
30,5;679,9738310360315;623,8789108974092;341,4729082002934;0,5927861392481268;0,47552668709149104;1413,3014491207377;4213,004997161816;779,4961676785317;0,43784505302817134
30,583333333333332;679,9745196527085;624,3133542220721;342,18290291421994;0,5927861392481268;0,47552668709149104;1402,3730034655557;4183,339839291641;779,9316151137646;0,4344433246628891
30,666666666666668;679,9751901489537;624,7444207132853;342,89155143798536;0,5927861392481268;0,47552668709149104;1391,52913576591;4153,861039707694;780,3669945667825;0,4310664912131659
30,75;679,9758430015926;625,1721351305263;343,59885541906795;0,5927861392481268;0,47552668709149104;1380,7692358917109;4124,567908428498;780,8022912591749;0,4277144172410107
30,833333333333332;679,9764786749035;625,596522097536;344,30481650448166;0,5927861392481268;0,47552668709149104;1370,0926967766577;4095,459747987049;781,2374904465446;0,4243869670096599
30,916666666666668;679,9770976209477;626,0176061020449;345,00943634081347;0,5927861392481268;0,47552668709149104;1359,4989144341894;4066,535853675891;781,6725774204446;0,4210840045088538
31,0;679,9777002798905;626,4354114955245;345,7127165742605;0,5927861392481268;0,47552668709149104;1348,9872879725708;4037,795513788429;782,1075375102998;0,41780539347965717
31,083333333333332;679,9782870803149;626,8499624929633;346,4146588506669;0,5927861392481268;0,47552668709149104;1338,5572196091516;4009,23800985654;782,5423560853129;0,414550997438835
31,166666666666668;679,9788584395258;627,261283172666;347,11526481556035;0,5927861392481268;0,47552668709149104;1328,2081146837895;3980,862616884478;782,9770185563533;0,41132067970278124
31,25;679,9794147638471;627,669397476077;347,81453611418857;0,5927861392481268;0,47552668709149104;1317,9393816714935;3952,6686035791813;783,4115103778291;0,4081143034110144
31,333333333333332;679,9799564489108;628,0743292076263;348,51247439155514;0,5927861392481268;0,47552668709149104;1307,7504321942513;3924,655232576839;783,8458170495423;0,4049317315492263
31,416666666666668;679,9804838799381;628,4761020345982;349,2090812924553;0,5927861392481268;0,47552668709149104;1297,6406810321123;3896,821760665955;784,2799241185257;0,40177282697190797
31,5;679,980997432013;628,8747394870227;349,90435846151155;0,5927861392481268;0,47552668709149104;1287,6095461334985;3869,167439006759;784,7138171808612;0,398637452424541
31,583333333333332;679,98149747035;629,270264957588;350,5983075432082;0,5927861392481268;0,47552668709149104;1277,6564486247594;3841,6915133470284;785,1474818834799;0,3955254705653597
31,666666666666668;679,9819843505528;629,6627017015746;351,2909301819266;0,5927861392481268;0,47552668709149104;1267,780812819049;3814,393224234499;785,5809039259439;0,3924367439867032
31,75;679,9824584188679;630,0520728368106;351,98222802197927;0,5927861392481268;0,47552668709149104;1257,9820662244542;3787,271807225677;786,0140690622056;0,38937113523594247
31,833333333333332;679,9829200124306;630,4384013436465;352,67220270764375;0,5927861392481268;0,47552668709149104;1248,259639551432;3760,3264930911837;786,4469631023514;0,38632850683599235
31,916666666666668;679,9833694595045;630,821710064952;353,3608558831965;0,5927861392481268;0,47552668709149104;1238,6129667196;3733,556508017734;786,8795719143209;0,38330872130542304
32,0;679,9838070797155;631,2020217061302;354,0481891929458;0,5927861392481268;0,47552668709149104;1229,0414848638136;3706,961073806576;787,3118814256081;0,3803116411781541
32,083333333333336;679,9842331842785;631,5793588351529;354,73420428126485;0,5927861392481268;0,47552668709149104;1219,5446343396327;3680,5394080686574;787,743877624941;0,377337129022757
32,166666666666664;679,9846480762193;631,9537438826143;355,4189027926239;0,5927861392481268;0,47552668709149104;1210,121858728141;3654,290724416391;788,1755465639388;0,3743850474613574
32,25;679,9850520505896;632,3251991418024;356,10228637162237;0,5927861392481268;0,47552668709149104;1200,7726048401253;3628,2142326520598;788,6068743587488;0,3714552591881388
32,333333333333336;679,9854453946771;632,6937467687899;356,7843566630205;0,5927861392481268;0,47552668709149104;1191,4963227196808;3602,309138952999;789,0378471916598;0,368547626987467
32,416666666666664;679,9858283882096;633,0594087825415;357,46511531177026;0,5927861392481268;0,47552668709149104;1182,2924656471798;3576,574646053433;789,468451312695;0,36566201375161733
32,5;679,9862013035543;633,4222070650396;358,1445639630463;0,5927861392481268;0,47552668709149104;1173,160490141703;3551,0099534231545;789,8986730411798;0,3627982824981333
32,583333333333336;679,9865644059112;633,7821633614265;358,822704262276;0,5927861392481268;0,47552668709149104;1164,0998559628656;3525,614257442935;790,3284987672888;0,35995629638679727
32,666666666666664;679,9869179535017;634,1392992801627;359,49953785516925;0,5927861392481268;0,47552668709149104;1155,1100261121178;3500,386751576825;790,7579149535679;0,3571359187362385
32,75;679,9872621977522;634,4936362932029;360,175066387748;0,5927861392481268;0,47552668709149104;1146,190466833474;3475,326626541231;791,1869081364347;0,35433701304016124
32,833333333333336;679,9875973834733;634,8451957361862;360,849291506375;0,5927861392481268;0,47552668709149104;1137,340647613732;3450,4330704709523;791,6154649276524;0,3515594429832171
32,916666666666664;679,9879237490331;635,1939988086426;361,5222148577821;0,5927861392481268;0,47552668709149104;1128,5600411821774;3425,7052690821306;792,0435720157828;0,3488030724565156
33,0;679,988241526528;635,5400665742154;362,1938380890985;0,5927861392481268;0,47552668709149104;1119,8481235097631;3401,1424058321227;792,4712161676126;0,3460677655727755
33,083333333333336;679,9885509419462;635,8834199608965;362,8641628478779;0,5927861392481268;0,47552668709149104;1111,2043738078141;3376,743662076371;792,8983842295565;0,3433533866811254
33,166666666666664;679,9888522153294;636,2240797612781;363,5331907821256;0,5927861392481268;0,47552668709149104;1102,628274526242;3352,508217222318;793,3250631290349;0,34065980038155896
33,25;679,9891455609294;636,562066632817;364,2009235403251;0,5927861392481268;0,47552668709149104;1094,1193113512838;3328,4352488802997;793,751239875827;0,33798687153904
33,333333333333336;679,9894311873597;636,8974010981143;364,86736277146406;0,5927861392481268;0,47552668709149104;1085,6769732028083;3304,523933011647;794,1769015633986;0,3353344652972801
33,416666666666664;679,9897092977446;637,2301035452065;365,53251012505973;0,5927861392481268;0,47552668709149104;1077,300752231136;3280,773444073756;794,6020353702055;0,33270244709216595
33,5;679,9899800898631;637,5601942278713;366,1963672511841;0,5927861392481268;0,47552668709149104;1068,990143813454;3257,1829551623973;795,0266285609695;0,33009068266486696
33,583333333333336;679,9902437562899;637,8876932659459;366,8589358004883;0,5927861392481268;0,47552668709149104;1060,7446465497958;3233,751638151191;795,4506684879309;0,3274990380746118
33,666666666666664;679,9905004845323;638,212620645657;367,52021742422704;0,5927861392481268;0,47552668709149104;1052,5637622586005;3210,4786638282644;795,8741425920741;0,3249273797111413
33,75;679,9907504571632;638,5349962199639;368,1802137742816;0,5927861392481268;0,47552668709149104;1044,4469959718817;3187,363202030196;796,2970384043273;0,32237557430684655
33,833333333333336;679,9909938519519;638,8548397089124;368,8389265031832;0,5927861392481268;0,47552668709149104;1036,393855929984;3164,404421773174;796,7193435467366;0,3198434889485857
33,916666666666664;679,991230841989;639,1721707000016;369,4963572641356;0,5927861392481268;0,47552668709149104;1028,4038535759862;3141,60149138158;797,141045733614;0,3173309910892034
34,0;679,9914615958108;639,4870086485604;370,15250771103706;0,5927861392481268;0,47552668709149104;1020,4765035496848;3118,9535786137367;797,5621327726583;0,31483794855872493
34,083333333333336;679,9916862775189;639,7993728781356;370,80737949850175;0,5927861392481268;0,47552668709149104;1012,6113236812614;3096,4598507851842;797,9825925660514;0,3123642295752655
34,166666666666664;679,991905046896;640,1092825808912;371,4609742818811;0,5927861392481268;0,47552668709149104;1004,807834984581;3074,119474889358;798,4024131115259;0,30990970275563934
34,25;679,992118059521;640,4167568180169;372,113293717284;0,5927861392481268;0,47552668709149104;997,0655616501205;3051,931617715555;798,8215825034084;0,30747423712566224
34,333333333333336;679,9923254668782;640,7218145201471;372,7643394615972;0,5927861392481268;0,47552668709149104;989,3840310376021;3029,8954459645524;799,2400889336354;0,30505770213018035
34,416666666666664;679,9925274164665;641,0244744877899;373,41411317250447;0,5927861392481268;0,47552668709149104;981,7627736682795;3008,0101263616307;799,6579206927418;0,3026599676428055
34,5;679,9927240519025;641,3247553917653;374,0626165085059;0,5927861392481268;0,47552668709149104;974,2013232169143;2986,2748257671706;800,075066170824;0,3002809039753719
34,583333333333336;679,9929155130245;641,6226757736524;374,70985112893635;0,5927861392481268;0,47552668709149104;966,6992165034316;2964,6887112847585;800,4915138584764;0,29792038188710984
34,666666666666664;679,9931019359904;641,9182540462459;375,35581869398345;0,5927861392481268;0,47552668709149104;959,2559934843024;2943,250950366992;800,9072523477003;0,29557827259355596
34,75;679,9932834533757;642,2115084940211;376,00052086470515;0,5927861392481268;0,47552668709149104;951,8711972436108;2921,9607109188237;801,3222703327863;0,29325444777518506
34,833333333333336;679,9934601942672;642,5024572736069;376,64395930304676;0,5927861392481268;0,47552668709149104;944,5443739838652;2900,8171613986583;801,7365566111713;0,2909487795857857
34,916666666666664;679,9936322843544;642,7911184142674;377,28613567185744;0,5927861392481268;0,47552668709149104;937,275073016508;2879,819470917034;802,1501000842671;0,28866114066056353
35,0;679,9937998460199;643,0775098183914;377,9270516349063;0,5927861392481268;0,47552668709149104;930,0628467521733;2858,966809333113;802,562889758264;0,2863914041239948
35,083333333333336;679,9939629984258;643,3616492619888;378,5667088568979;0,5927861392481268;0,47552668709149104;922,907250690713;2838,2583473489713;802,9749147449058;0,28413944359743165
35,166666666666664;679,9941218575984;643,6435543951952;379,2051090034872;0,5927861392481268;0,47552668709149104;915,8078434109257;2817,6932566015407;803,3861642622411;0,2819051332064436
35,25;679,9942765365108;643,9232427427831;379,84225374129437;0,5927861392481268;0,47552668709149104;908,7641865600801;2797,270709752499;803,7966276353453;0,2796883475879265
35,333333333333336;679,9944271451636;644,2007317046802;380,4781447379185;0,5927861392481268;0,47552668709149104;901,775844843192;2776,989880575949;804,2062942970176;0,2774889618969633
35,416666666666664;679,9945737906627;644,4760385564936;381,1127836619514;0,5927861392481268;0,47552668709149104;894,8423860120869;2756,8499440440137;804,6151537884516;0,27530685181345155
35,5;679,9947165772952;644,7491804500421;381,7461721829908;0,5927861392481268;0,47552668709149104;887,963380854228;2736,8500764103396;805,0231957598793;0,2731418935484941
35,583333333333336;679,9948556066046;645,0201744138926;382,3783119716525;0,5927861392481268;0,47552668709149104;881,1384031813276;2716,989455291467;805,4304099711891;0,2709939638505547
35,666666666666664;679,9949909774618;645,2890373539041;383,00920469958305;0,5927861392481268;0,47552668709149104;874,3670298177989;2697,267259746365;805,836786292517;0,2688629400114046
35,75;679,9951227861363;645,5557860537759;383,6388520394709;0,5927861392481268;0,47552668709149104;867,6488405889444;2677,682670353731;806,2423147048136;0,2667486998718232
35,833333333333336;679,9952511263645;645,820437175603;384,267255665058;0,5927861392481268;0,47552668709149104;860,9834183090101;2658,2348692875235;806,6469853003825;0,26465112182709977
35,916666666666664;679,9953760894156;646,0830072604354;384,89441725115006;0,5927861392481268;0,47552668709149104;854,3703487690351;2638,923040390486;807,0507882833958;0,26257008483231264
36,0;679,9954977641577;646,3435127288427;385,5203384736272;0,5927861392481268;0,47552668709149104;847,8092207245055;2619,7463692457018;807,4537139703814;0,2605054684073907
36,083333333333336;679,9956162371201;646,6019698814847;386,1450210094534;0,5927861392481268;0,47552668709149104;841,2996258828741;2600,704043246394;807,8557527906866;0,25845715264197966
36,166666666666664;679,9957315925552;646,8583948996848;386,7684665366858;0,5927861392481268;0,47552668709149104;834,8411588908846;2581,7952516637824;808,2568952869158;0,256425018200094
36,25;679,9958439124986;647,1128038460093;387,3906767344838;0,5927861392481268;0,47552668709149104;828,4334173217616;2563,01918571319;808,6571321153419;0,25440894632457606
36,333333333333336;679,9959532768269;647,3652126648507;388,0116532831171;0,5927861392481268;0,47552668709149104;822,0760016622307;2544,3750386183183;809,0564540462954;0,25240881884135263
36,416666666666664;679,9960597633147;647,6156371830142;388,6313978639738;0,5927861392481268;0,47552668709149104;815,7685152994048;2525,862005673764;809,4548519645244;0,25042451816350075
36,5;679,9961634476905;647,8640931103093;389,2499121595679;0,5927861392481268;0,47552668709149104;809,5105645075137;2507,479284305806;809,8523168695343;0,24845592729512098
36,583333333333336;679,9962644036896;648,1105960401444;389,86719785354614;0,5927861392481268;0,47552668709149104;803,3017584345288;2489,2260741315217;810,2488398758998;0,24650292983503058
36,666666666666664;679,9963627031073;648,3551614501247;390,4832566306947;0,5927861392481268;0,47552668709149104;797,1417090886291;2471,1015770161853;810,6444122135537;0,2445654099802668
36,75;679,9964584158494;648,5978047026541;391,0980901769454;0,5927861392481268;0,47552668709149104;791,0300313245642;2453,1049971290504;811,0390252280519;0,2426432525294162
36,833333333333336;679,9965516099824;648,8385410455398;391,7117001793811;0,5927861392481268;0,47552668709149104;784,9663428298811;2435,235540997439;811,4326703808133;0,24073634288575976
36,916666666666664;679,9966423517816;649,0773856126001;392,32408832624145;0,5927861392481268;0,47552668709149104;778,950264111063;2417,492417559356;811,8253392493372;0,23884456706025683
37,0;679,9967307057784;649,3143534242745;392,93525630692716;0,5927861392481268;0,47552668709149104;772,9814184795373;2399,8748382144213;812,2170235273959;0,23696781167434852
37,083333333333336;679,996816734806;649,5494593882371;393,5452058120048;0,5927861392481268;0,47552668709149104;767,0594320375983;2382,3820168733373;812,6077150252048;0,23510596396260255
37,166666666666664;679,9969005000441;649,7827183000123;394,15393853321063;0,5927861392481268;0,47552668709149104;761,183933664222;2365,0131700057937;812,997405669569;0,23325891177519026
37,25;679,9969820610629;650,0141448435926;394,7614561634543;0,5927861392481268;0,47552668709149104;755,3545550007954;2347,7675166868953;813,3860875040068;0,23142654358020537
37,333333333333336;679,9970614758645;650,2437535920584;395,36776039682167;0,5927861392481268;0,47552668709149104;749,570930436758;2330,6442786421762;813,7737526888509;0,2296087484658296
37,416666666666664;679,9971388009251;650,4715590082008;395,972852928578;0,5927861392481268;0,47552668709149104;743,8326970951522;2313,6426802910655;814,1603935013266;0,22780541614233651
37,5;679,9972140912347;650,6975754451447;396,5767354551699;0,5927861392481268;0,47552668709149104;738,1394948181082;2296,7619487890624;814,5460023356087;0,22601643694395404
37,583333333333336;679,9972874003363;650,9218171469753;397,17940967422754;0,5927861392481268;0,47552668709149104;732,4909661522497;2280,0013140684514;814,9305717028553;0,22424170183057457
37,666666666666664;679,9973587803638;651,1442982493646;397,780877284566;0,5927861392481268;0,47552668709149104;726,8867563340251;2263,3600088776666;815,3140942312207;0,22248110238932123
37,75;679,9974282820792;651,3650327802006;398,38113998618644;0,5927861392481268;0,47552668709149104;721,3265132749797;2246,837268819312;815,6965626658458;0,22073453083597291
37,833333333333336;679,9974959549093;651,5840346602168;398,98019948027695;0,5927861392481268;0,47552668709149104;715,8098875469648;2230,4323323869016;816,0779698688286;0,2190018800162525
37,916666666666664;679,9975618469794;651,8013177036238;399,5780574692128;0,5927861392481268;0,47552668709149104;710,3365323673103;2214,1444410003096;816,4583088191725;0,2172830434069831
38,0;679,9976260051491;652,0168956187409;400,17471565655654;0,5927861392481268;0,47552668709149104;704,9061035838889;2197,9728390398423;816,837572612715;0,21557791511709684
38,083333333333336;679,9976884750446;652,2307820086295;400,77017574705746;0,5927861392481268;0,47552668709149104;699,5182596602035;2181,9167738792494;817,215754462035;0,21388638988853498
38,166666666666664;679,9977493010916;652,4429903717265;401,364439446651;0,5927861392481268;0,47552668709149104;694,1726616603773;2165,9754959173706;817,5928476963398;0,21220836309700594
38,25;679,9978085265468;652,6535341024792;401,9575084624574;0,5927861392481268;0,47552668709149104;688,8689732341277;2150,1482586086463;817,9688457613333;0,2105437307526254
38,333333333333336;679,9978661935286;652,8624264919796;402,54938450278036;0,5927861392481268;0,47552668709149104;683,6068606016909;2134,4343184924483;818,3437422190634;0,20889238950043398
38,416666666666664;679,997922343047;653,0696807286004;403,1400692771052;0,5927861392481268;0,47552668709149104;678,3859925387247;2118,832935221246;818,7175307477507;0,20725423662079698
38,5;679,9979770150327;653,2753098986301;403,7295644960966;0,5927861392481268;0,47552668709149104;673,2060403611655;2103,3433715876363;819,0902051415982;0,20562917002968548
38,583333333333336;679,9980302483663;653,479326986909;404,31787187159597;0,5927861392481268;0,47552668709149104;668,0666779100648;2087,9648935502746;819,4617593105811;0,2040170882788466
38,666666666666664;679,9980820809045;653,6817448774649;404,9049931166186;0,5927861392481268;0,47552668709149104;662,9675815364322;2072,6967702587785;819,8321872802194;0,20241789055586937
38,75;679,9981325495082;653,882576354149;405,4909299453504;0,5927861392481268;0,47552668709149104;657,9084300859904;2057,538274077422;820,2014831913316;0,20083147668412668
38,833333333333336;679,9981816900686;654,0818341012716;406,0756840731444;0,5927861392481268;0,47552668709149104;652,8889048839801;2042,4886806079116;820,5696412997703;0,1992577471226265
38,916666666666664;679,9982295375319;654,2795307042373;406,6592572165166;0,5927861392481268;0,47552668709149104;647,9086897199238;2027,5472687111235;820,936655976141;0,1976966029657568
39,0;679,9982761259249;654,4756786501803;407,241651093142;0,5927861392481268;0,47552668709149104;642,9674708323631;2012,7133205277457;821,302521705502;0,19614794594292223
39,083333333333336;679,9983214883795;654,6702903285984;407,8228674218499;0,5927861392481268;0,47552668709149104;638,0649368936162;1997,9861214980433;821,6672330870493;0,19461167841809257
39,166666666666664;679,998365657155;654,8633780319876;408,40290792261874;0,5927861392481268;0,47552668709149104;633,2007789945266;1983,3649603806264;822,0307848337821;0,19308770338925316
39,25;679,9984086636623;655,0549539564754;408,9817743165714;0,5927861392481268;0,47552668709149104;628,3746906291839;1968,8491292702251;822,3931717721541;0,19157592448775607
39,333333333333336;679,9984505384855;655,245030202453;409,55946832596925;0,5927861392481268;0,47552668709149104;623,5863676796725;1954,4379236146;822,7543888417076;0,1900762459775872
39,416666666666664;679,9984913114042;655,4336187752075;410,13599167420654;0,5927861392481268;0,47552668709149104;618,8355084008123;1940,1306422305183;823,1144310946918;0,18858857275454158
39,5;679,998531011414;655,6207315855528;410,7113460858042;0,5927861392481268;0,47552668709149104;614,1218134049183;1925,926587318887;823,4732936956651;0,1871128103453168
39,583333333333336;679,9985696667478;655,8063804504593;411,2855332864034;0,5927861392481268;0,47552668709149104;609,4449856465303;1911,825064478884;823,8309719210832;0,18564886490650923
39,666666666666664;679,9986073048956;655,9905770936829;411,85855500275875;0,5927861392481268;0,47552668709149104;604,8047304072128;1897,825382721456;824,1874611588711;0,18419664322354906
39,75;679,9986439526236;656,1733331463925;412,4304129627315;0,5927861392481268;0,47552668709149104;600,2007552803178;1883,9268544817821;824,5427569079804;0,18275605270953701
39,833333333333336;679,9986796359941;656,3546601477965;413,0011088952821;0,5927861392481268;0,47552668709149104;595,6327701557797;1870,128795631014;824,8968547779332;0,1813270014040109
39,916666666666664;679,9987143803836;656,5345695457681;413,5706445304624;0,5927861392481268;0,47552668709149104;591,1004872049404;1856,4305254872245;825,2497504883506;0,17990939797163827
40,0;679,9987482105004;656,713072697469;414,13902159940835;0,5927861392481268;0,47552668709149104;586,6036208653867;1842,8313668255857;825,6014398684686;0,17850315170083586
40,083333333333336;679,998781150403;656,8901808699713;414,7062418343313;0,5927861392481268;0,47552668709149104;582,1418878257845;1829,33064588768;825,9519188566396;0,17710817250230765
40,166666666666664;679,9988132235169;657,0659052408789;415,27230696850995;0,5927861392481268;0,47552668709149104;577,7150070107922;1815,9276923902262;826,3011834998208;0,17572437090752963
40,25;679,9988444526507;657,2402568989461;415,8372187362815;0,5927861392481268;0,47552668709149104;573,3226995659493;1802,6218395329602;826,6492299530503;0,17435165806715483
40,333333333333336;679,9988748600133;657,4132468446954;416,40097887303284;0,5927861392481268;0,47552668709149104;568,9646888426154;1789,4124240058227;826,9960544789094;0,17298994574935594
40,416666666666664;679,9989044672288;657,5848859910335;416,96358911519144;0,5927861392481268;0,47552668709149104;564,6407003829466;1776,2987859955003;827,3416534469742;0,1716391463381082
40,5;679,9989332953528;657,7551851638649;417,5250512002157;0,5927861392481268;0,47552668709149104;560,3504619048834;1763,2802691912036;827,6860233332535;0,17029917283140356
40,583333333333336;679,9989613648863;657,9241551027043;418,08536686658556;0,5927861392481268;0,47552668709149104;556,0937032871976;1750,3562207898776;828,0291607196165;0,1689699388394136
40,666666666666664;679,998988695791;658,0918064612869;418,64453785379226;0,5927861392481268;0,47552668709149104;551,8701565545513;1737,5259915006573;828,3710622932072;0,16765135858258534
40,75;679,9990153075033;658,2581498081765;419,2025659023285;0,5927861392481268;0,47552668709149104;547,6795558626037;1724,7889355487519;828,7117248458497;0,16634334688968574
40,833333333333336;679,9990412189486;658,4231956273724;419,7594527536779;0,5927861392481268;0,47552668709149104;543,5216374831697;1712,1444106787276;829,0511452734413;0,1650458191957944
40,916666666666664;679,9990664485535;658,5869543189126;420,31520015030446;0,5927861392481268;0,47552668709149104;539,396139789406;1699,5917781571275;829,3893205753353;0,16375869154023814
41,0;679,9990910142602;658,749436199477;420,86980983564155;0,5927861392481268;0,47552668709149104;535,3028032410236;1687,1304027745061;829,7262478537136;0,16248188056447369
41,083333333333336;679,9991149335389;658,910651502987;421,4232835540811;0,5927861392481268;0,47552668709149104;531,2413703695796;1674,7596528469237;830,0619243129498;0,16121530350992638
41,166666666666664;679,9991382233995;659,0706103812028;421,97562305096216;0,5927861392481268;0,47552668709149104;527,2115857637971;1662,4789002168725;830,3963472589618;0,15995887821577925
41,25;679,999160900405;659,2293229043195;422,5268300725595;0,5927861392481268;0,47552668709149104;523,2131960549196;1650,2875202535936;830,729514098555;0,15871252311671086
41,333333333333336;679,999182980682;659,38679906156;423,07690636607185;0,5927861392481268;0,47552668709149104;519,2459499021368;1638,1848918529442;831,0614223387573;0,15747615724059622
41,416666666666664;679,9992044799332;659,5430487617662;423,62585367961;0,5927861392481268;0,47552668709149104;515,3095979780488;1626,1703974366865;831,3920695861443;0,15624970020616027
41,5;679,9992254134476;659,6980818339867;424,1736737621847;0,5927861392481268;0,47552668709149104;511,4038929541749;1614,243422951257;831,721453546156;0,15503307222058815
41,583333333333336;679,9992457961123;659,8519080280638;424,7203683636945;0,5927861392481268;0,47552668709149104;507,52858948652033;1602,403357866058;832,0495720224066;0,15382619407709727
41,666666666666664;679,9992656424224;660,0045370152163;425,26593923491293;0,5927861392481268;0,47552668709149104;503,6834442012122;1590,64959517131;832,3764229159831;0,1526289871524758
41,75;679,9992849664918;660,155978388621;425,81038812747624;0,5927861392481268;0,47552668709149104;499,86821568015216;1578,9815313753188;832,7020042247404;0,1514413734045721
41,833333333333336;679,9993037820627;660,3062416639907;426,35371679387026;0,5927861392481268;0,47552668709149104;496,08266444677156;1567,3985665014118;833,0263140425853;0,15026327536976203
41,916666666666664;679,9993221025161;660,4553362801511;426,8959269874174;0,5927861392481268;0,47552668709149104;492,3265529518005;1555,9001040843189;833,3493505587548;0,14909461616037076
42,0;679,9993399408803;660,6032715996131;427,43702046226343;0,5927861392481268;0,47552668709149104;488,5996455591254;1544,4855511661738;833,6711120570881;0,14793531946206726
42,083333333333336;679,9993573098415;660,7500569091443;427,9769989733642;0,5927861392481268;0,47552668709149104;484,90170853168024;1533,1543182920602;833,9915969152903;0,1467853095312239
42,166666666666664;679,9993742217514;660,8957014203365;428,51586427647186;0,5927861392481268;0,47552668709149104;481,23251001742915;1521,9058195052025;834,3108036041917;0,14564451119225189
42,25;679,999390688637;661,0402142701714;429,05361812812146;0,5927861392481268;0,47552668709149104;477,5918200353715;1510,7394723416448;834,6287306869986;0,14451284983489673
42,333333333333336;679,999406722209;661,1836045215829;429,59026228561663;0,5927861392481268;0,47552668709149104;473,9794104616408;1499,6546978246488;834,9453768185401;0,14339025141151607
42,416666666666664;679,9994223338695;661,3258811640172;430,12579850701593;0,5927861392481268;0,47552668709149104;470,395055015652;1488,650920458666;835,2607407445086;0,14227664243432722
42,5;679,9994375347209;661,4670531139899;430,6602285511184;0,5927861392481268;0,47552668709149104;466,8385292463057;1477,7275682228924;835,5748213006946;0,1411719499726245
42,583333333333336;679,9994523355732;661,6071292156398;431,19355417744924;0,5927861392481268;0,47552668709149104;463,30961051827444;1466,884072564555;835,8876174122169;0,14007610164998066
42,666666666666664;679,9994667469522;661,7461182412812;431,72577714624555;0,5927861392481268;0,47552668709149104;459,80807799833485;1456,1198683917703;836,1991280927472;0,13898902564141855
42,75;679,9994807791065;661,8840288919517;432,2568992184413;0,5927861392481268;0,47552668709149104;456,33371264177356;1445,4343940660895;836,5093524437314;0,1379106506705624
42,833333333333336;679,9994944420152;662,0208697979585;432,7869221556528;0,5927861392481268;0,47552668709149104;452,88629717886977;1434,8270913947408;836,8182896536048;0,1368409060067716
42,916666666666664;679,9995077453948;662,1566495194207;433,31584772016384;0,5927861392481268;0,47552668709149104;449,4656161014177;1424,297405622488;837,1259389970044;0,13577972146224784
43,0;679,9995206987059;662,2913765468098;433,84367767491045;0,5927861392481268;0,47552668709149104;446,0714556493514;1413,844785423247;837,4322998339761;0,13472702738913128
43,083333333333336;679,9995333111602;662,4250593014864;434,3704137834658;0,5927861392481268;0,47552668709149104;442,70360379740055;1403,468682891331;837,73737160918;0,13368275467657068
43,166666666666664;679,9995455917274;662,5577061362342;434,89605781002484;0,5927861392481268;0,47552668709149104;439,36185024184624;1393,1685535324607;838,0411538510903;0,13264683474778394
43,25;679,9995575491405;662,6893253357913;435,42061151938907;0,5927861392481268;0,47552668709149104;436,04598638733023;1382,943856254467;838,3436461711927;0,13161919955709958
43,333333333333336;679,9995691919033;662,8199251173783;435,9440766769508;0,5927861392481268;0,47552668709149104;432,7558053337299;1372,794053357686;838,6448482631797;0,13059978158698105
43,416666666666664;679,9995805282956;662,9495136312233;436,4664550486775;0,5927861392481268;0,47552668709149104;429,4911018631268;1362,718610525176;838,944759902141;0,1295885138450451
43,5;679,9995915663792;663,0780989610844;436,98774840109627;0,5927861392481268;0,47552668709149104;426,25167242680675;1352,7169968125452;839,2433809437541;0,1285853298610552
43,583333333333336;679,9996023140038;663,2056891247682;437,5079585012776;0,5927861392481268;0,47552668709149104;423,0373151323704;1342,7886846376502;839,5407113234694;0,12759016368391432
43,666666666666664;679,9996127788128;663,3322920746468;438,0270871168196;0,5927861392481268;0,47552668709149104;419,84782973088954;1332,9331497699825;839,836751055696;0,12660294987863968
43,75;679,9996229682482;663,4579156981702;438,54513601583193;0,5927861392481268;0,47552668709149104;416,68301760414863;1323,1498713198455;840,1315002329837;0,12562362352333034
43,833333333333336;679,9996328895562;663,5825678183763;439,06210696691954;0,5927861392481268;0,47552668709149104;413,5426817519516;1313,4383317272896;840,4249590252043;0,12465212020612301
43,916666666666664;679,9996425497925;663,7062561943985;439,57800173916644;0,5927861392481268;0,47552668709149104;410,4266267794969;1303,7980167508224;840,7171276787303;0,1236883760221395
44,0;679,9996519558268;663,828988521969;440,09282210211927;0,5927861392481268;0,47552668709149104;407,33465888484943;1294,2284154559811;841,0080065156131;0,1227323275704325
44,083333333333336;679,9996611143484;663,95077243392;440,6065698257709;0,5927861392481268;0,47552668709149104;404,266585846446;1284,729020203565;841,2975959327603;0,12178391195091218
44,166666666666664;679,9996700318703;664,0716155006812;441,1192466805439;0,5927861392481268;0,47552668709149104;401,22221701071226;1275,2993266377873;841,5858964011106;0,12084306676127773
44,25;679,9996787147345;664,1915252307751;441,6308544372738;0,5927861392481268;0,47552668709149104;398,2013632797276;1265,9388336741806;841,8729084648104;0,11990973009393718
44,333333333333336;679,9996871691154;664,310509071308;442,1413948671925;0,5927861392481268;0,47552668709149104;395,20383709898397;1256,647043487355;842,158632740387;0,11898384053292656
44,416666666666664;679,9996954010257;664,4285744084589;442,6508697419115;0,5927861392481268;0,47552668709149104;392,2294524451843;1247,4234614984928;842,4430699159234;0,11806533715081668
44,5;679,9997034163196;664,5457285679645;443,15928083340486;0,5927861392481268;0,47552668709149104;389,2780248141719;1238,267596362825;842,7262207502324;0,11715415950563075
44,583333333333336;679,9997112206969;664,6619788156022;443,66662991399255;0,5927861392481268;0,47552668709149104;386,34937120887685;1229,1789599567883;843,00808607203;0,1162502476377447
44,666666666666664;679,9997188197078;664,777332357669;444,1729187563232;0,5927861392481268;0,47552668709149104;383,44331012736745;1220,1570673651065;843,2886667791098;0,11535354206679313
44,75;679,9997262187565;664,8917963414576;444,6781491333572;0,5927861392481268;0,47552668709149104;380,55966155096996;1211,2014368677092;843,5679638375177;0,11446398378857262
44,833333333333336;679,9997334231048;665,0053778557295;445,1823228183494;0,5927861392481268;0,47552668709149104;377,69824693247074;1202,311589926522;843,8459782807257;0,11358151427194613
44,916666666666664;679,999740437876;665,1180839311853;445,6854415848322;0,5927861392481268;0,47552668709149104;374,8588891843809;1193,487051172076;844,1227112088087;0,11270607545574324
45,0;679,9997472680587;665,229921540931;446,187507206598;0,5927861392481268;0,47552668709149104;372,0414126672665;1184,727348389971;844,3981637876203;0,1118376097456591
45,083333333333336;679,9997539185104;665,3408976009421;446,68852145768227;0,5927861392481268;0,47552668709149104;369,2456431781949;1176,0320125073076;844,6723372479697;0,1109760600111648
45,166666666666664;679,9997603939604;665,4510189705245;447,1884861123458;0,5927861392481268;0,47552668709149104;366,471407939207;1167,4005775788798;844,9452328848007;0,11012136958240672
45,25;679,9997666990138;665,5602924527716;447,6874029450576;0,5927861392481268;0,47552668709149104;363,7185355858975;1158,8325807733288;845,2168520563713;0,10927348224711625
45,333333333333336;679,9997728381544;665,6687247950191;448,18527373047743;0,5927861392481268;0,47552668709149104;360,9868561560546;1150,3275623591483;845,4871961834344;0,10843234224751842
45,416666666666664;679,9997788157482;665,7763226892963;448,68210024343813;0,5927861392481268;0,47552668709149104;358,2762010783824;1141,8850656906006;845,756266748421;0,10759789427724571
45,5;679,999784636046;665,8830927727746;449,1778842589283;0,5927861392481268;0,47552668709149104;355,58640316129697;1133,5046371935184;846,0240652946243;0,10677008347825373
45,583333333333336;679,9997903031871;665,9890416282124;449,6726275520747;0,5927861392481268;0,47552668709149104;352,91729658178497;1125,185826351001;846,2905934253863;0,1059488554377402
45,666666666666664;679,9997958212016;666,0941757843974;450,16633189812455;0,5927861392481268;0,47552668709149104;350,26871687436767;1116,9281856890793;846,5558528032853;0,10513415618507518
45,75;679,9998011940137;666,1985017165862;450,6589990724281;0,5927861392481268;0,47552668709149104;347,6405009201045;1108,7312707622;846,8198451493272;0,1043259321887263
45,833333333333336;679,9998064254443;666,3020258469394;451,1506308504208;0,5927861392481268;0,47552668709149104;345,03248693568764;1100,5946401386882;847,0825722421375;0,10352413035319592
45,916666666666664;679,9998115192136;666,4047545449554;451,6412290076056;0,5927861392481268;0,47552668709149104;342,4445144626219;1092,5178553861322;847,3440359171568;0,10272869801596439
46,0;679,9998164789442;666,5066941278998;452,1307953195355;0,5927861392481268;0,47552668709149104;339,8764243564557;1084,5004810566645;847,6042380658375;0,10193958294443635
46,083333333333336;679,9998213081633;666,6078508612327;452,6193315617955;0,5927861392481268;0,47552668709149104;337,32805877611156;1076,5420846722175;847,8631806348452;0,10115673333289828
46,166666666666664;679,999826010305;666,7082309590322;453,106839509985;0,5927861392481268;0,47552668709149104;334,799261173265;1068,642236709638;848,1208656252605;0,10038009779947622
46,25;679,9998305887135;666,8078405844153;453,59332093970005;0,5927861392481268;0,47552668709149104;332,28987628181983;1060,8005105858367;848,3772950917855;0,09960962538310952
46,333333333333336;679,9998350466445;666,9066858499558;454,07877762651555;0,5927861392481268;0,47552668709149104;329,79975010745477;1053,0164826428395;848,6324711419518;0,09884526554052929
46,416666666666664;679,9998393872685;667,004772818099;454,5632113459674;0,5927861392481268;0,47552668709149104;327,3287299172182;1045,2897321327184;848,8863959353331;0,09808696814323828
46,5;679,9998436136722;667,1021075015735;455,0466238735347;0,5927861392481268;0,47552668709149104;324,87666422923667;1037,6198412026001;849,13907168276;0,09733468347451187
46,583333333333336;679,9998477288611;667,1986958637999;455,52901698462205;0,5927861392481268;0,47552668709149104;322,44340280246604;1030,0063948795446;849,3905006455385;0,09658836222639937
46,666666666666664;679,9998517357621;667,2945438192967;456,01039245454143;0,5927861392481268;0,47552668709149104;320,0287966265307;1022,4489810553795;849,640685134671;0,09584795549673565
46,75;679,9998556372244;667,3896572340828;456,49075205849476;0,5927861392481268;0,47552668709149104;317,6326979116368;1014,9471904715753;849,8896275100826;0,09511341478616817
46,833333333333336;679,9998594360227;667,484041926078;456,9700975715558;0,5927861392481268;0,47552668709149104;315,25496007853917;1007,5006167039531;850,137330179849;0,094384691995183
46,916666666666664;679,9998631348584;667,5777036654991;457,44843076865243;0,5927861392481268;0,47552668709149104;312,8954377486167;1000,108856147511;850,38379559943;0,09366173942115434
47,0;679,999866736362;667,6706481752545;457,92575342454865;0,5927861392481268;0,47552668709149104;310,55398673398145;992,7715080011038;850,6290262709048;0,09294450975539362
47,083333333333336;679,9998702430948;667,7628811313348;458,40206731382693;0,5927861392481268;0,47552668709149104;308,2304640276874;985,4881742521567;850,8730247422134;0,09223295608021508
47,166666666666664;679,9998736575506;667,8544081632008;458,8773742108704;0,5927861392481268;0,47552668709149104;305,9247277940017;978,2584596613535;851,1157936063998;0,09152703186601178
47,25;679,9998769821574;667,9452348541691;459,35167588984496;0,5927861392481268;0,47552668709149104;303,6366373587441;971,0819717472881;851,3573355008602;0,09082669096834146
47,333333333333336;679,9998802192798;668,0353667417942;459,8249741246813;0,5927861392481268;0,47552668709149104;301,36605319970613;963,9583207711028;851,5976531065965;0,09013188762502443
47,416666666666664;679,9998833712197;668,1248093182475;460,29727068905754;0,5927861392481268;0,47552668709149104;299,11283693714097;956,8871197211516;851,836749147471;0,08944257645325619
47,5;679,9998864402186;668,2135680306942;460,76856735638097;0,5927861392481268;0,47552668709149104;296,8768513243049;949,86798429757;852,0746263894689;0,08875871244672462
47,583333333333336;679,9998894284593;668,301648281667;461,23886589977064;0,5927861392481268;0,47552668709149104;294,65796023810924;942,9005328969523;852,3112876399624;0,08808025097275052
47,666666666666664;679,9998923380665;668,3890554294364;461,70816809203944;0,5927861392481268;0,47552668709149104;292,45602866980676;935,9843865969325;852,5467357469809;0,08740714776943147
47,75;679,9998951711095;668,4757947883793;462,17647570567635;0,5927861392481268;0,47552668709149104;290,27092271575157;929,1191691407676;852,7809735984845;0,08673935894279873
47,833333333333336;679,9998979296032;668,5618716293433;462,6437905128288;0,5927861392481268;0,47552668709149104;288,102509568256;922,3045069219928;853,0140041216432;0,08607684096399451
47,916666666666664;679,9999006155092;668,6472911800097;463,11011428528496;0,5927861392481268;0,47552668709149104;285,9506575064984;915,5400289690533;853,2458302821193;0,0854195506664586
48,0;679,9999032307376;668,7320586252528;463,5754487944561;0,5927861392481268;0,47552668709149104;283,8152358874879;908,8253669298572;853,4764550833563;0,08476744524312135
48,083333333333336;679,9999057771483;668,8161791074964;464,039795811359;0,5927861392481268;0,47552668709149104;281,6961151371203;902,1601550564316;853,705881565871;0,08412048224361886
48,166666666666664;679,999908256552;668,899657727068;464,5031571065981;0,5927861392481268;0,47552668709149104;279,59316674129866;895,5440301896058;853,9341128065511;0,0834786195715222
48,25;679,9999106707121;668,9824995425495;464,9655344503482;0,5927861392481268;0,47552668709149104;277,50626323710037;888,9766317435638;854,1611519179571;0,08284181548156895
48,333333333333336;679,9999130213454;669,0647095711264;465,4269296123367;0,5927861392481268;0,47552668709149104;275,4352782040655;882,4576016906653;854,3870020476295;0,08221002857693036
48,416666666666664;679,9999153101235;669,1462927889329;465,88734436182637;0,5927861392481268;0,47552668709149104;273,38008625547445;875,9865845459524;854,6116663774017;0,08158321780646309
48,5;679,9999175386741;669,227254131395;466,34678046759745;0,5927861392481268;0,47552668709149104;271,3405630297643;869,5632273519786;854,8351481227164;0,08096134246200255
48,583333333333336;679,9999197085821;669,3075984935706;466,8052396979305;0,5927861392481268;0,47552668709149104;269,3165851819799;863,187179663483;855,0574505319476;0,08034436217565492
48,666666666666664;679,9999218213907;669,3873307304877;467,262723820589;0,5927861392481268;0,47552668709149104;267,3080303752869;856,8580935321442;855,2785768857281;0,07973223691710796
48,75;679,9999238786021;669,4664556574787;467,7192346028017;0,5927861392481268;0,47552668709149104;265,3147772725731;850,5756234913632;855,4985304962823;0,07912492699095756
48,833333333333336;679,9999258816797;669,5449780505128;468,1747738112456;0,5927861392481268;0,47552668709149104;263,3367055280843;844,3394265410066;855,7173147067629;0,0785223930340428
48,916666666666664;679,9999278320478;669,6229026465256;468,62934321202846;0,5927861392481268;0,47552668709149104;261,373695779173;838,1491621323354;855,9349328905942;0,07792459601280963
49,0;679,9999297310934;669,7002341437463;469,0829445706717;0,5927861392481268;0,47552668709149104;259,4256296380536;832,0044921527543;856,1513884508195;0,07733149722067065
49,083333333333336;679,999931580167;669,7769772020217;469,535579652093;0,5927861392481268;0,47552668709149104;257,4923896836765;825,9050809107607;856,3666848194548;0,0767430582753955
49,166666666666664;679,9999333805836;669,8531364431383;469,9872502205893;0,5927861392481268;0,47552668709149104;255,5738594536308;819,8505951208541;856,5808254568472;0,07615924111650876
49,25;679,9999351336236;669,928716451141;470,43795803981965;0,5927861392481268;0,47552668709149104;253,6699234361322;813,840703888483;856,7938138510385;0,07558000800270423
49,333333333333336;679,9999368405337;670,0037217726502;470,88770487278805;0,5927861392481268;0,47552668709149104;251,78046706206487;807,8750786950545;857,0056535171348;0,07500532150927607
49,416666666666664;679,9999385025277;670,0781569171758;471,33649248182655;0,5927861392481268;0,47552668709149104;249,905376697086;801,9533933829417;857,2163479966802;0,0744351445255619
49,5;679,9999401207876;670,1520263574282;471,7843226285782;0,5927861392481268;0,47552668709149104;248,04453963379842;796,0753241405622;857,425900857038;0,07386944025240401
49,583333333333336;679,9999416964642;670,2253345296278;472,23119707398024;0,5927861392481268;0,47552668709149104;246,19784408398573;790,2405494875001;857,6343156907752;0,07330817219962617
49,666666666666664;679,999943230678;670,2980858338113;472,67711757824713;0,5927861392481268;0,47552668709149104;244,3651791709101;784,448750259642;857,8415961150536;0,07275130418352375
49,75;679,9999447245202;670,3702846341357;473,12208590085385;0,5927861392481268;0,47552668709149104;242,5464349216668;778,6996095943798;858,0477457710257;0,07219880032437097
49,833333333333336;679,9999461790532;670,4419352591797;473,56610380051893;0,5927861392481268;0,47552668709149104;240,74150225961262;772,9928129158587;858,2527683232374;0,07165062504394405
49,916666666666664;679,999947595311;670,5130420022427;474,00917303518804;0,5927861392481268;0,47552668709149104;238,95027299683704;767,3280479202484;858,4566674590347;0,07110674306305764
50,0;679,9999489743011;670,5836091216419;474,4512953620172;0,5927861392481268;0,47552668709149104;237,17263982670715;761,7050045610634;858,6594468879763;0,0705671193991175
50,083333333333336;679,999950317004;670,6536408410055;474,8924725373562;0,5927861392481268;0,47552668709149104;235,40849631648086;756,123375034586;858,861110341252;0,07003171936369347
50,166666666666664;679,999951624375;670,7231413495656;475,332706316732;0,5927861392481268;0,47552668709149104;233,65773689996274;750,5828537652588;859,0616615711068;0,06950050856010108
50,25;679,9999528973432;670,7921148024466;475,7719984548326;0,5927861392481268;0,47552668709149104;231,92025687023374;745,0831373912084;859,2611043502704;0,06897345288100583
50,333333333333336;679,9999541368144;670,8605653209526;476,2103507054902;0,5927861392481268;0,47552668709149104;230,19595237241504;739,6239247496745;859,4594424713919;0,06845051850603082
50,416666666666664;679,9999553436697;670,9284969928519;476,6477648216652;0,5927861392481268;0,47552668709149104;228,48472039654553;734,2049168627409;859,65667974648;0,06793167189940184
50,5;679,9999565187676;670,9959138726596;477,08424255542974;0,5927861392481268;0,47552668709149104;226,78645877044517;728,8258169228308;859,8528200063495;0,06741687980758265
50,583333333333336;679,9999576629436;671,0628199819165;477,5197856579517;0,5927861392481268;0,47552668709149104;225,10106615270047;723,486330278489;860,0478671000731;0,0669061092569468
50,666666666666664;679,9999587770116;671,129219309468;477,95439587947817;0,5927861392481268;0,47552668709149104;223,42844202567846;718,1861644201106;860,2418248944373;0,06639932755145575
50,75;679,9999598617636;671,1951158117383;478,38807496932;0,5927861392481268;0,47552668709149104;221,76848668858895;712,9250289656962;860,4346972734073;0,06589650227034986
50,833333333333336;679,9999609179713;671,2605134130042;478,82082467583507;0,5927861392481268;0,47552668709149104;220,12110125063202;707,7026356467628;860,6264881375932;0,06539760126586425
50,916666666666664;679,9999619463855;671,3254160056651;479,252646746413;0,5927861392481268;0,47552668709149104;218,48618762417686;702,5186982942249;860,8172014037256;0,06490259266095237
51,0;679,9999629477378;671,3898274505121;479,68354292745886;0,5927861392481268;0,47552668709149104;216,86364851800874;697,3729328243679;861,0068410041335;0,0644114448470287
51,083333333333336;679,9999639227403;671,4537515769939;480,11351496437754;0,5927861392481268;0,47552668709149104;215,2533874306414;692,2650572249083;861,1954108862305;0,06392412648172974
51,166666666666664;679,9999648720865;671,5171921834806;480,542564601558;0,5927861392481268;0,47552668709149104;213,65530864366065;687,1947915410441;861,3829150120055;0,06344060648668427
51,25;679,9999657964511;671,5801530375259;480,9706935823577;0,5927861392481268;0,47552668709149104;212,06931721514763;682,161857861639;861,5693573575168;0,0629608540453061
51,333333333333336;679,9999666964919;671,6426378761264;481,39790364908674;0,5927861392481268;0,47552668709149104;210,49531897313045;677,1659803053867;861,7547419123965;0,062484838600594984
51,416666666666664;679,9999675728487;671,7046504059794;481,8241965429928;0,5927861392481268;0,47552668709149104;208,9332205091381;672,2068850071598;861,9390726793558;0,06201252985296543
51,5;679,999968426145;671,7661943037374;482,24957400424535;0,5927861392481268;0,47552668709149104;207,38292917173453;667,2843001042313;862,1223536736984;0,061543897758072445
51,583333333333336;679,9999692569874;671,827273216262;482,6740377719204;0,5927861392481268;0,47552668709149104;205,84435306018918;662,3979557227985;862,3045889228387;0,061078912524675705
51,666666666666664;679,9999700659666;671,8878907608745;483,09758958398515;0,5927861392481268;0,47552668709149104;204,31740101813318;657,5475839643394;862,4857824658249;0,06061754461249833
51,75;679,9999708536583;671,9480505256046;483,52023117728305;0,5927861392481268;0,47552668709149104;202,8019826273038;652,7329188921628;862,665938352869;0,06015976473011291
51,833333333333336;679,9999716206224;672,0077560694374;483,9419642875183;0,5927861392481268;0,47552668709149104;201,29800820134278;647,9536965180375;862,8450606448812;0,05970554383284416
51,916666666666664;679,9999723674044;672,0670109225581;484,3627906492411;0,5927861392481268;0,47552668709149104;199,805388779626;643,2096547887822;863,0231534130098;0,05925485312067832
52,0;679,9999730945356;672,1258185865943;484,78271199583247;0,5927861392481268;0,47552668709149104;198,32403612115854;638,5005335730074;863,2002207381868;0,058807664036195154
52,083333333333336;679,9999738025326;672,1841825348567;485,20173005948953;0,5927861392481268;0,47552668709149104;196,8538626985321;633,8260746479085;863,3762667106787;0,05836394826251514
52,166666666666664;679,9999744918994;672,242106212578;485,6198465712106;0,5927861392481268;0,47552668709149104;195,39478169189692;629,186021686057;863,5512954296435;0,05792367772125463
52,25;679,9999751631259;672,2995930371486;486,03706326078037;0,5927861392481268;0,47552668709149104;193,94670698303287;624,5801202423834;863,7253110026921;0,05748682457050868
52,333333333333336;679,9999758166897;672,3566463983515;486,45338185675547;0,5927861392481268;0,47552668709149104;192,50955314943212;620,008117741091;863,8983175454553;0,057053361202836876
52,416666666666664;679,9999764530553;672,4132696585948;486,8688040864497;0,5927861392481268;0,47552668709149104;191,08323545845565;615,4697634627488;864,0703191811558;0,05662326024327403
52,5;679,9999770726755;672,4694661531421;487,28333167591967;0,5927861392481268;0,47552668709149104;189,66766986151242;610,9648085313372;864,2413200401877;0,05619649454734607
52,583333333333336;679,999977675991;672,5252391903412;487,6969663499503;0,5927861392481268;0,47552668709149104;188,2627729883353;606,4930059015187;864,4113242596974;0,05577303719911563
52,666666666666664;679,9999782634304;672,5805920518504;488,10970983204055;0,5927861392481268;0,47552668709149104;186,86846214124557;602,0541103457814;864,5803359831739;0,055352861509224624
52,75;679,9999788354121;672,6355279928634;488,5215638443892;0,5927861392481268;0,47552668709149104;185,48465528949976;597,6478784417703;864,7483593600417;0,05493594101296275
52,833333333333336;679,9999793923423;672,6900502423318;488,9325301078807;0,5927861392481268;0,47552668709149104;184,11127106371623;593,2740685597668;864,9153985452591;0,05452224946835896
52,916666666666664;679,9999799346174;672,7441620031861;489,342610342071;0,5927861392481268;0,47552668709149104;182,7482287502619;588,9324408499845;865,081457698923;0,05411176085426375
53,0;679,9999804626228;672,7978664525547;489,75180626517357;0,5927861392481268;0,47552668709149104;181,39544828578096;584,6227572301882;865,2465409858783;0,05370444936847105
53,083333333333336;679,9999809767344;672,8511667419805;490,1601195940456;0,5927861392481268;0,47552668709149104;180,05285025170394;580,3447813732332;865,4106525753317;0,053300289425839656
53,166666666666664;679,9999814773173;672,904065997637;490,56755204417425;0,5927861392481268;0,47552668709149104;178,7203558688475;576,0982786947496;865,5737966404719;0,052899255656438
53,25;679,9999819647278;672,9565673205407;490,9741053296626;0,5927861392481268;0,47552668709149104;177,39788699200858;571,8830163407745;865,7359773580945;0,05250132290369135
53,333333333333336;679,9999824393125;673,0086737867632;491,37978116321636;0,5927861392481268;0,47552668709149104;176,0853661046781;567,6987631756624;865,8971989082308;0,05210646622256349
53,416666666666664;679,9999829014088;673,0603884476409;491,7845812561301;0,5927861392481268;0,47552668709149104;174,7827163137316;563,5452897698564;866,0574654737832;0,05171466087773361
53,5;679,9999833513453;673,1117143299826;492,18850731827376;0,5927861392481268;0,47552668709149104;173,48986134419704;559,4223683878291;866,2167812401653;0,05132588234179669
53,583333333333336;679,9999837894422;673,1626544362762;492,59156105807955;0,5927861392481268;0,47552668709149104;172,20672553406757;555,3297729760868;866,3751503949468;0,050940106293478206
53,666666666666664;679,999984216011;673,2132117448921;492,99374418252825;0,5927861392481268;0,47552668709149104;170,93323382915173;551,2672791512256;866,5325771275028;0,05055730861586123
53,75;679,9999846313548;673,2633892102867;493,3950583971363;0,5927861392481268;0,47552668709149104;169,66931177797164;547,234664188067;866,6890656286685;0,05017746539462895
53,833333333333336;679,9999850357692;673,313189763203;493,79550540594266;0,5927861392481268;0,47552668709149104;168,41488552670114;543,2317070078499;866,8446200903992;0,04980055291631995
53,916666666666664;679,9999854295418;673,3626163108696;494,1950869114955;0,5927861392481268;0,47552668709149104;167,16988181415502;539,2581881665208;866,9992447054351;0,04942654766660042
54,0;679,9999858129523;673,4116717371982;494,5938046148396;0,5927861392481268;0,47552668709149104;165,93422796680386;535,3138898430146;867,1529436669705;0,049055426328543525
54,083333333333336;679,999986186274;673,4603589029791;494,9916602155033;0,5927861392481268;0,47552668709149104;164,70785189385424;531,3985958277207;867,3057211683276;0,04868716578093249
54,166666666666664;679,9999865497718;673,5086806460757;495,3886554114859;0,5927861392481268;0,47552668709149104;163,49068208237156;527,5120915109698;867,457581402636;0,048321743096574166
54,25;679,9999869037044;673,5566397816164;495,78479189924474;0,5927861392481268;0,47552668709149104;162,2826475924029;523,6541638714804;867,6085285625163;0,04795913554061586
54,333333333333336;679,9999872483237;673,6042391021853;496,18007137368284;0,5927861392481268;0,47552668709149104;161,08367805220212;519,8246014650871;867,7585668397679;0,047599320568894904
54,416666666666664;679,9999875838745;673,6514813780116;496,57449552813625;0,5927861392481268;0,47552668709149104;159,89370365346076;516,0231944133557;867,9077004250636;0,04724227582628673
54,5;679,9999879105956;673,6983693571566;496,9680660543618;0,5927861392481268;0,47552668709149104;158,71265514657296;512,2497343923498;868,0559335076457;0,04688797914507181
54,583333333333336;679,9999882287192;673,7449057656999;497,36078464252466;0,5927861392481268;0,47552668709149104;157,54046383597426;508,50401462145186;868,2032702750298;0,046536408543317316
54,666666666666664;679,9999885384716;673,7910933079231;497,75265298118615;0,5927861392481268;0,47552668709149104;156,37706157548337;504,7858298522368;868,3497149127107;0,04618754222326855
54,75;679,9999888400731;673,8369346664929;498,14367275729165;0,5927861392481268;0,47552668709149104;155,22238076371195;501,09497635743645;868,4952716038754;0,04584135856975704
54,833333333333336;679,9999891337382;673,8824325026414;498,5338456561585;0,5927861392481268;0,47552668709149104;154,07635433950588;497,4312519199906;868,6399445291171;0,04549783614862288
54,916666666666664;679,9999894196757;673,9275894563466;498,92317336146414;0,5927861392481268;0,47552668709149104;152,9389157774176;493,7944558220869;868,7837378661573;0,0451569537051438
55,0;679,999989698089;673,9724081465091;499,31165755523404;0,5927861392481268;0,47552668709149104;151,8099990832269;490,1843888343698;868,9266557895705;0,04481869016248516
55,083333333333336;679,9999899691761;674,0168911711293;499,6992999178302;0,5927861392481268;0,47552668709149104;150,68953878949856;486,60085320513247;869,0687024705132;0,04448302462015689
55,166666666666664;679,9999902331298;674,0610411074817;500,08610212793934;0,5927861392481268;0,47552668709149104;149,57746995117134;483,0436526496318;869,2098820764579;0,04414993635248663
55,25;679,9999904901376;674,1048605122888;500,4720658625613;0,5927861392481268;0,47552668709149104;148,47372814120092;479,5125923394443;869,3501987709315;0,04381940480710505
55,333333333333336;679,9999907403825;674,1483519218923;500,85719279699754;0,5927861392481268;0,47552668709149104;147,3782494462199;476,00747889190507;869,4896567132567;0,043491409603443464
55,416666666666664;679,9999909840424;674,1915178524235;501,2414846048398;0,5927861392481268;0,47552668709149104;146,29097046225468;472,5281203595948;869,6282600583005;0,043165930531244144
55,5;679,9999912212905;674,2343607999726;501,62494295795875;0,5927861392481268;0,47552668709149104;145,21182829047063;469,0743262199318;869,7660129562232;0,042842947549085277
55,583333333333336;679,9999914522957;674,2768832407555;502,00756952649283;0,5927861392481268;0,47552668709149104;144,14076053294878;465,64590736476487;869,9029195522345;0,04252244078291348
55,666666666666664;679,9999916772222;674,3190876312801;502,38936597883696;0,5927861392481268;0,47552668709149104;143,07770528850483;462,24267609009456;870,0389839863533;0,04220439052459323
55,75;679,9999918962299;674,3609764085106;502,7703339816317;0,5927861392481268;0,47552668709149104;142,02260114855108;458,8644460858447;870,1742103931695;0,04188877723046827
55,833333333333336;679,9999921094744;674,4025519900306;503,15047519975224;0,5927861392481268;0,47552668709149104;140,97538719298086;455,51103242568905;870,3086029016133;0,04157558151993325
55,916666666666664;679,9999923171077;674,4438167742046;503,5297912962974;0,5927861392481268;0,47552668709149104;139,9360029860958;452,18225155693256;870,4421656347254;0,04126478417401746
56,0;679,9999925192773;674,4847731403386;503,90828393257914;0,5927861392481268;0,47552668709149104;138,90438857257834;448,8779212905303;870,5749027094332;0,0409563661339862
56,083333333333336;679,9999927161269;674,5254234488385;504,28595476811165;0,5927861392481268;0,47552668709149104;137,8804844734674;445,59786079102906;870,7068182363304;0,04065030849994201
56,166666666666664;679,9999929077966;674,565770041368;504,66280546060085;0,5927861392481268;0,47552668709149104;136,8642316822104;442,34189056675865;870,8379163194604;0,040346592529453475
56,25;679,9999930944225;674,6058152410042;505,038837665934;0,5927861392481268;0,47552668709149104;135,85557166071567;439,1098324599226;870,9682010561036;0,04004519963618218
56,333333333333336;679,9999932761377;674,6455613523927;505,41405303816924;0,5927861392481268;0,47552668709149104;134,85444633545853;435,9015096368472;871,0976765365687;0,0397461113885289
56,416666666666664;679,999993453071;674,6850106619011;505,7884532295252;0,5927861392481268;0,47552668709149104;133,86079809362457;432,7167465783222;871,2263468439879;0,039449309508293874
56,5;679,9999936253486;674,7241654377704;506,16203989037086;0,5927861392481268;0,47552668709149104;132,8745697792499;429,5553690698437;871,3542160541157;0,03915477586933471
56,583333333333336;679,9999937930927;674,7630279302666;506,5348146692155;0,5927861392481268;0,47552668709149104;131,89570468945533;426,4172041921733;871,4812882351314;0,03886249249625746
56,666666666666664;679,9999939564229;674,8016003718297;506,90677921269855;0,5927861392481268;0,47552668709149104;130,92414657065206;423,30208031169593;871,6075674474465;0,03857244156309643
56,75;679,999994115455;674,8398849772218;507,2779351655798;0,5927861392481268;0,47552668709149104;129,95983961482978;420,209827071071;871,7330577435137;0,038284605392024794
56,833333333333336;679,9999942703025;674,8778839436739;507,64828417072926;0,5927861392481268;0,47552668709149104;129,0027284558306;417,14027537975096;871,8577631676403;0,03799896645205956
56,916666666666664;679,9999944210751;674,9155994510317;508,01782786911787;0,5927861392481268;0,47552668709149104;128,0527581657168;414,09325740476726;871,9816877558072;0,03771550735779607
57,0;679,9999945678804;674,9530336618998;508,3865678998074;0,5927861392481268;0,47552668709149104;127,10987425108726;411,0686065613441;872,1048355354885;0,037434210868131604
57,083333333333336;679,9999947108225;674,9901887217848;508,7545058999411;0,5927861392481268;0,47552668709149104;126,17402264951636;408,06615750382196;872,2272105254762;0,03715505988502329
57,166666666666664;679,9999948500033;675,027066759237;509,1216435047341;0,5927861392481268;0,47552668709149104;125,24514972594432;405,08574611642075;872,3488167357083;0,03687803745223614
57,25;679,9999949855215;675,0636698859911;509,4879823474642;0,5927861392481268;0,47552668709149104;124,32320226915863;402,1272095042382;872,4696581671008;0,03660312675411782
57,333333333333336;679,9999951174739;675,1000001971055;509,8535240594624;0,5927861392481268;0,47552668709149104;123,40812748826124;399,19038598419075;872,5897388113817;0,036330311114373015
57,416666666666664;679,9999952459539;675,1360597711003;510,2182702701038;0,5927861392481268;0,47552668709149104;122,49987300920964;396,2751150761185;872,7090626509299;0,03605957399485839
57,5;679,999995371053;675,1718506700947;510,5822226067984;0,5927861392481268;0,47552668709149104;121,598386871338;393,38123749381793;872,8276336586162;0,03579089899437549
57,583333333333336;679,9999954928603;675,2073749399423;510,94538269498196;0,5927861392481268;0,47552668709149104;120,70361752395797;390,5085951363048;872,945455797649;0,0355242698474893
57,666666666666664;679,9999956114623;675,2426346103656;511,3077521581074;0,5927861392481268;0,47552668709149104;119,81551382295095;387,657031078979;873,0625330214224;0,03525967042334351
57,75;679,9999957269434;675,2776316950901;511,66933261763563;0,5927861392481268;0,47552668709149104;118,93402502741708;384,8263895649679;873,1788692733671;0,03499708472449633
57,833333333333336;679,9999958393856;675,3123681919759;512,0301256930269;0,5927861392481268;0,47552668709149104;118,05910079633293;382,0165159964462;873,2944684868063;0,034736496885759124
57,916666666666664;679,9999959488691;675,346846083149;512,3901330017322;0,5927861392481268;0,47552668709149104;117,19069118524317;379,2272569260626;873,4093345848124;0,03447789117304905
58,0;679,9999960554716;675,3810673351312;512,7493561591847;0,5927861392481268;0,47552668709149104;116,32874664300346;376,458460048438;873,5234714800689;0,03422125198225406
58,083333333333336;679,9999961592689;675,4150338989693;513,1077967787908;0,5927861392481268;0,47552668709149104;115,4732180085091;373,7099741916693;873,636883074734;0,033966563838101226
58,166666666666664;679,9999962603348;675,4487477103623;513,4654564719225;0,5927861392481268;0,47552668709149104;114,62405650748906;370,9816493089399;873,7495732603086;0,03371381139304099
58,25;679,9999963587413;675,4822106897885;513,8223368479084;0,5927861392481268;0,47552668709149104;113,7812137493114;368,2733364701584;873,8615459175057;0,03346297942613794
58,333333333333336;679,9999964545584;675,5154247426306;514,178439514026;0,5927861392481268;0,47552668709149104;112,94464172381993;365,58488785370116;873,9728049161248;0,03321405284197472
58,416666666666664;679,999996547854;675,5483917593001;514,533766075493;0,5927861392481268;0,47552668709149104;112,1142927981964;362,9161567381545;874,0833541149268;0,032967016669561595
58,5;679,9999966386946;675,5811136153613;514,8883181354598;0,5927861392481268;0,47552668709149104;111,29011971384841;360,2669974941377;874,1931973615142;0,032721856061257014
58,583333333333336;679,9999967271449;675,6135921716531;515,2420972950013;0,5927861392481268;0,47552668709149104;110,47207558333128;357,63726557621453;874,3023384922133;0,03247855629170035
58,666666666666664;679,9999968132676;675,6458292744098;515,5951051531088;0,5927861392481268;0,47552668709149104;109,66011388729555;355,0268175148255;874,4107813319586;0,03223710275675163
58,75;679,999996897124;675,6778267553823;515,9473433066827;0,5927861392481268;0,47552668709149104;108,85418847144308;352,43551090827424;874,5185296941809;0,031997480972439055
58,833333333333336;679,9999969787739;675,7095864319562;516,2988133505243;0,5927861392481268;0,47552668709149104;108,0542535435427;349,8632044148115;874,6255873806981;0,03175967657392111
58,916666666666664;679,9999970582752;675,7411101072706;516,6495168773286;0,5927861392481268;0,47552668709149104;107,26026367044312;347,309757744731;874,7319581816081;0,03152367531445286
59,0;679,9999971356845;675,772399570335;516,9994554776764;0,5927861392481268;0,47552668709149104;106,47217377511424;344,77503165251954;874,8376458751858;0,031289463064361284
59,083333333333336;679,9999972110568;675,803456596145;517,3486307400273;0,5927861392481268;0,47552668709149104;105,68993913373674;342,2588879291251;874,9426542277807;0,031057025810035818
59,166666666666664;679,9999972844457;675,8342829457979;517,6970442507118;0,5927861392481268;0,47552668709149104;104,91351537279456;339,76118939421895;875,0469869937197;0,030826349652921983
59,25;679,9999973559035;675,8648803666064;518,0446975939244;0,5927861392481268;0,47552668709149104;104,14285846619578;337,2817998885125;875,1506479152101;0,03059742080852415
59,333333333333336;679,999997425481;675,8952505922118;518,3915923517166;0,5927861392481268;0,47552668709149104;103,37792473242757;334,8205842661718;875,2536407222472;0,030370225605420832
59,416666666666664;679,9999974932275;675,9253953426961;518,7377301039891;0,5927861392481268;0,47552668709149104;102,61867083172831;332,37740838726637;875,3559691325233;0,0301447504842868
59,5;679,9999975591913;675,9553163246931;519,0831124284855;0,5927861392481268;0,47552668709149104;101,86505376328512;329,95213911024706;875,4576368513391;0,029920981996922304
59,583333333333336;679,9999976234194;675,9850152314983;519,427740900785;0,5927861392481268;0,47552668709149104;101,11703086245711;327,54464428450666;875,5586475715186;0,02969890680529298
59,666666666666664;679,9999976859573;676,014493743179;519,7716170942957;0,5927861392481268;0,47552668709149104;100,37455979802701;325,1547927430159;875,6590049733255;0,02947851168058015
59,75;679,9999977468497;676,0437535266811;520,1147425802477;0,5927861392481268;0,47552668709149104;99,63759856945842;322,7824542949244;875,7587127243835;0,029259783502232302
59,833333333333336;679,9999978061396;676,0727962359382;520,4571189276866;0,5927861392481268;0,47552668709149104;98,90610550421286;320,4274997183571;875,8577744795957;0,02904270925703738
59,916666666666664;679,9999978638693;676,1016235119764;520,7987477034667;0,5927861392481268;0,47552668709149104;98,18003925503547;318,0898007530845;875,9561938810718;0,02882727603818713
60,0;679,9999979200801;676,1302369830207;521,1396304722447;0,5927861392481268;0,47552668709149104;97,45935879732315;315,76923009340805;876,0539745580516;0,02861347104436529
60,083333333333336;679,9999979748117;676,1586382645995;521,4797687964731;0,5927861392481268;0,47552668709149104;96,7440234264842;313,4656613810515;876,1511201268346;0,028401281578838533
60,166666666666664;679,9999980281029;676,1868289596481;521,8191642363938;0,5927861392481268;0,47552668709149104;96,03399275530364;311,17896919798596;876,2476341907125;0,028190695048546165
60,25;679,9999980799919;676,2148106586113;522,1578183500324;0,5927861392481268;0,47552668709149104;95,329226711371;308,9090290594792;876,3435203399004;0,02798169896321275
60,333333333333336;679,9999981305155;676,2425849395457;522,495732693191;0,5927861392481268;0,47552668709149104;94,6296855345139;306,65571740712784;876,438782151473;0,027774280934462783
60,416666666666664;679,9999981797096;676,2701533682207;522,8329088194431;0,5927861392481268;0,47552668709149104;93,93532977424286;304,41891160190323;876,5334231893022;0,02756842867494
60,5;679,9999982276091;676,2975174982181;523,169348280127;0,5927861392481268;0,47552668709149104;93,24612028722186;302,1984899172585;876,6274470039976;0,027364129997435524
60,583333333333336;679,9999982742482;676,3246788710321;523,50505262434;0,5927861392481268;0,47552668709149104;92,56201823477568;299,99433153236737;876,7208571328474;0,027161372814030655
60,666666666666664;679,9999983196602;676,3516390161674;523,8400233989327;0,5927861392481268;0,47552668709149104;91,88298508040305;297,80631652527643;876,813657099763;0,026960145135236625
60,75;679,999998363877;676,3783994512365;524,1742621485029;0,5927861392481268;0,47552668709149104;91,20898258732097;295,63432586625356;876,9058504152251;0,026760435069153033
60,833333333333336;679,9999984069303;676,4049616820572;524,5077704153902;0,5927861392481268;0,47552668709149104;90,53997281601198;293,4782414110434;876,9974405762316;0,02656223082062275
60,916666666666664;679,9999984488509;676,4313272027476;524,8405497396702;0,5927861392481268;0,47552668709149104;89,87591812182814;291,3379458942963;877,0884310662484;0,026365520690405327
61,0;679,9999984896682;676,4574974958219;525,1726016591493;0,5927861392481268;0,47552668709149104;89,2167811525809;289,21332292298746;877,1788253551608;0,026170293074351605
61,083333333333336;679,9999985294114;676,4834740322846;525,5039277093587;0,5927861392481268;0,47552668709149104;88,56252484615652;287,1042569698315;877,268626899228;0,02597653646258226
61,166666666666664;679,9999985681088;676,5092582717233;525,8345294235493;0,5927861392481268;0,47552668709149104;87,9131124281713;285,0106333668483;877,3578391410399;0,025784239438682188
61,25;679,9999986057879;676,5348516624022;526,1644083326864;0,5927861392481268;0,47552668709149104;87,26850740963812;282,9323382989379;877,4464655094735;0,025593390678899
61,333333333333336;679,9999986424756;676,5602556413535;526,4935659654448;0,5927861392481268;0,47552668709149104;86,62867358464439;280,8692587974842;877,5345094196537;0,025403978951346686
61,416666666666664;679,9999986781978;676,5854716344687;526,8220038482028;0,5927861392481268;0,47552668709149104;85,99357502805276;278,8212827339842;877,6219742729155;0,025215993115215204
61,5;679,9999987129801;676,6105010565888;527,1497235050381;0,5927861392481268;0,47552668709149104;85,36317609322737;276,7882988137868;877,708863456767;0,025029422119991897
61,583333333333336;679,999998746847;676,6353453115935;527,4767264577221;0,5927861392481268;0,47552668709149104;84,73744140978283;274,77019656984834;877,7951803448539;0,02484425500468811
61,666666666666664;679,9999987798228;676,6600057924906;527,8030142257152;0,5927861392481268;0,47552668709149104;84,11633588133896;272,76686635652294;877,8809282969279;0,024660480897071013
61,75;679,9999988119308;676,6844838815034;528,1285883261623;0,5927861392481268;0,47552668709149104;83,49982468330666;270,7781993434132;877,9661106588147;0,02447808901290413
61,833333333333336;679,999998843194;676,7087809501586;528,4534502738876;0,5927861392481268;0,47552668709149104;82,8878732606853;268,80408750924926;878,050730762385;0,024297068655193058
61,916666666666664;679,9999988736345;676,732898359372;528,77760158139;0,5927861392481268;0,47552668709149104;82,28044732588558;266,844423635843;878,134791925527;0,024117409213440397
62,0;679,999998903274;676,756837459535;529,1010437588385;0,5927861392481268;0,47552668709149104;81,67751285656095;264,8991013020591;878,218297452119;0,02393910016290487
62,083333333333336;679,9999989321335;676,7805995905989;529,4237783140678;0,5927861392481268;0,47552668709149104;81,07903609347602;262,9680148778466;878,3012506320068;0,023762131063869346
62,166666666666664;679,9999989602336;676,8041860821597;529,7458067525738;0,5927861392481268;0,47552668709149104;80,48498353836635;261,0510595183021;878,383654740979;0,023586491560912793
62,25;679,9999989875943;676,827598253542;530,067130577509;0,5927861392481268;0,47552668709149104;79,89532195184665;259,14813115779606;878,4655130407467;0,023412171382192135
62,333333333333336;679,999999014235;676,8508374138806;530,3877512896785;0,5927861392481268;0,47552668709149104;79,31001835130758;257,2591265041132;878,5468287789245;0,02323916033872652
62,416666666666664;679,9999990401747;676,8739048622043;530,7076703875352;0,5927861392481268;0,47552668709149104;78,72904000885796;255,38394303268845;878,6276051890105;0,02306744832369351
62,5;679,9999990654318;676,8968018875161;531,0268893671766;0,5927861392481268;0,47552668709149104;78,15235444925861;253,52247898080452;878,7078454903716;0,022897025311724165
62,583333333333336;679,9999990900242;676,9195297688743;531,3454097223397;0,5927861392481268;0,47552668709149104;77,57992944789294;251,67463334190526;878,7875528882272;0,022727881358210834
62,666666666666664;679,9999991139695;676,9420897754729;531,6632329443974;0,5927861392481268;0,47552668709149104;77,01173302874622;249,8403058599316;878,8667305736357;0,022560006598619186
62,75;679,9999991372848;676,9644831667207;531,9803605223545;0,5927861392481268;0,47552668709149104;76,44773346241323;248,01939702370046;878,9453817234819;0,02239339124780727
62,833333333333336;679,9999991599865;676,9867111923201;532,2967939428444;0,5927861392481268;0,47552668709149104;75,887899264103;246,21180806129834;879,0235095004672;0,02222802559934739
62,916666666666664;679,9999991820908;677,0087750923449;532,612534690124;0,5927861392481268;0,47552668709149104;75,33219919166072;244,4174409345091;879,1011170531;0,02206390002485359
63,0;679,9999992036135;677,0306760973182;532,9275842460711;0,5927861392481268;0,47552668709149104;74,78060224364924;242,636198333397;879,1782075156864;0,021901004973326015
63,083333333333336;679,9999992245698;677,0524154282887;533,2419440901801;0,5927861392481268;0,47552668709149104;74,2330776573823;240,86798367076332;879,2547840083247;0,021739330970485117
63,166666666666664;679,9999992449747;677,0739942969068;533,555615699559;0,5927861392481268;0,47552668709149104;73,68959490702878;239,1127010767724;879,3308496369001;0,02157886861812445
63,25;679,9999992648426;677,0954139055002;533,868600548925;0,5927861392481268;0,47552668709149104;73,15012370169711;237,37025539355474;879,4064074930795;0,021419608593462477
63,333333333333336;679,9999992841877;677,1166754471487;534,1809001106019;0,5927861392481268;0,47552668709149104;72,61463398355943;235,64055216986756;879,4814606543101;0,021261541648502927
63,416666666666664;679,9999993030237;677,1377801057581;534,4925158545161;0,5927861392481268;0,47552668709149104;72,08309592597288;233,92349765578697;879,5560121838172;0,02110465860939907
63,5;679,9999993213642;677,1587290561339;534,8034492481937;0,5927861392481268;0,47552668709149104;71,55547993164078;232,21899879748045;879,6300651306034;0,02094895037582816
63,583333333333336;679,9999993392219;677,1795234640542;535,1137017567569;0,5927861392481268;0,47552668709149104;71,0317566307566;230,52696323194212;879,7036225294507;0,020794407920363894
63,666666666666664;679,9999993566098;677,200164486342;535,4232748429209;0,5927861392481268;0,47552668709149104;70,51189687919077;228,84729928183137;879,7766874009221;0,020641022287860872
63,75;679,9999993735402;677,2206532709369;535,732169966991;0,5927861392481268;0,47552668709149104;69,99587175669433;227,17991595035446;879,8492627513647;0,02048878459484488
63,833333333333336;679,999999390025;677,2409909569658;536,0403885868593;0,5927861392481268;0,47552668709149104;69,48365256508282;225,52472291610903;879,9213515729147;0,020337686028901108
63,916666666666664;679,999999406076;677,2611786748139;536,3479321580016;0,5927861392481268;0,47552668709149104;68,97521082647984;223,8816305280404;879,9929568435025;0,020187717848075905
64,0;679,9999994217047;677,2812175461942;536,654802133475;0,5927861392481268;0,47552668709149104;68,47051828155202;222,25054980044965;880,0640815268596;0,020038871380283246
64,08333333333333;679,999999436922;677,3011086842168;536,9609999639143;0,5927861392481268;0,47552668709149104;67,96954688776395;220,63139240796437;880,1347285725266;0,01989113802271171
64,16666666666667;679,9999994517391;677,3208531934581;537,2665270975299;0,5927861392481268;0,47552668709149104;67,47226881763027;219,02407068056684;880,2049009158619;0,01974450924123692
64,25;679,9999994661662;677,3404521700279;537,5713849801047;0,5927861392481268;0,47552668709149104;66,9786564570245;217,42849759873712;880,2746014780524;0,019598976569847458
64,33333333333333;679,9999994802135;677,359906701638;537,8755750549913;0,5927861392481268;0,47552668709149104;66,48868240345678;215,8445867885272;880,343833166123;0,019454531610065596
64,41666666666667;679,9999994938913;677,3792178676684;538,1790987631097;0,5927861392481268;0,47552668709149104;66,00231946438839;214,2722525167184;880,4125988729508;0,019311166030377826
64,5;679,9999995072093;677,3983867392341;538,4819575429448;0,5927861392481268;0,47552668709149104;65,51954065557197;212,71140968607065;880,4809014772757;0,01916887156567522
64,58333333333333;679,9999995201766;677,4174143792508;538,7841528305437;0,5927861392481268;0,47552668709149104;65,04031919938029;211,161973830506;880,5487438437158;0,019027640016689943
64,66666666666667;679,9999995328028;677,4363018425003;539,0856860595133;0,5927861392481268;0,47552668709149104;64,56462852314644;209,62386111034056;880,616128822783;0,01888746324943751
64,75;679,9999995450968;677,455050175695;539,386558661018;0,5927861392481268;0,47552668709149104;64,09244225756368;208,09698830767735;880,6830592508977;0,018748333194675813
64,83333333333333;679,9999995570672;677,4736604175423;539,6867720637774;0,5927861392481268;0,47552668709149104;63,623734235045504;206,5812728216933;880,7495379504056;0,0186102418473556
64,91666666666667;679,9999995687226;677,4921335988084;539,9863276940645;0,5927861392481268;0,47552668709149104;63,15847848812268;205,0766326639917;880,8155677295965;0,018473181266079525
65,0;679,9999995800714;677,510470742381;540,2852269757025;0,5927861392481268;0,47552668709149104;62,69664924785445;203,58298645403843;880,8811513827226;0,01833714357256945
65,08333333333333;679,9999995911215;677,5286728633322;540,5834713300637;0,5927861392481268;0,47552668709149104;62,23822094225966;202,10025341462372;880,9462916900172;0,018202120951138354
65,16666666666667;679,9999996018809;677,5467409689803;540,8810621760672;0,5927861392481268;0,47552668709149104;61,78316819473366;200,62835336728398;881,0109914177164;0,018068105648159933
65,25;679,999999612357;677,5646760589518;541,1780009301764;0,5927861392481268;0,47552668709149104;61,331465822513564;199,16720672785826;881,0752533180789;0,017935089971552274
65,33333333333333;679,9999996225577;677,5824791252421;541,4742890063978;0,5927861392481268;0,47552668709149104;60,88308883512923;197,71673450201357;881,1390801294098;0,017803066290259798
65,41666666666667;679,9999996324897;677,6001511522759;541,7699278162787;0,5927861392481268;0,47552668709149104;60,4380124328884;196,27685828083293;881,2024745760822;0,017672027033743275
65,5;679,9999996421604;677,6176931169673;542,0649187689055;0,5927861392481268;0,47552668709149104;59,99621200534477;194,8475002363952;881,2654393685609;0,017541964691469496
65,58333333333333;679,9999996515768;677,6351059887797;542,359263270902;0,5927861392481268;0,47552668709149104;59,5576631298286;193,4285831174925;881,327977203427;0,01741287181241606
65,66666666666667;679,9999996607452;677,6523907297843;542,6529627264276;0,5927861392481268;0,47552668709149104;59,12234156992611;192,0200302452185;881,390090763404;0,01728474100456512
65,75;679,9999996696724;677,6695482947188;542,9460185371757;0,5927861392481268;0,47552668709149104;58,69022327402149;190,62176550872036;881,4517827173823;0,017157564934414
65,83333333333333;679,9999996783648;677,6865796310452;543,2384321023724;0,5927861392481268;0,47552668709149104;58,261284373841704;189,23371336098242;881,5130557204468;0,017031336326489555
65,91666666666667;679,9999996868283;677,703485679008;543,5302048187743;0,5927861392481268;0,47552668709149104;57,8355011829899;187,85579881452927;881,5739124139035;0,016906047962857454
66,0;679,9999996950693;677,7202673716907;543,8213380806678;0,5927861392481268;0,47552668709149104;57,4128501955073;186,48794743724665;881,6343554253087;0,01678169268264279
66,08333333333333;679,9999997030933;677,7369256350723;544,1118332798674;0,5927861392481268;0,47552668709149104;56,99330808446348;185,13008534828003;881,6943873684976;0,016658263381559322
66,16666666666667;679,9999997109062;677,7534613880838;544,401691805714;0,5927861392481268;0,47552668709149104;56,57685170052389;183,78213921381803;881,754010843612;0,01653575301143044
66,25;679,9999997185134;677,7698755426635;544,6909150450742;0,5927861392481268;0,47552668709149104;56,16345807056007;182,44403624307435;881,8132284371326;0,01641415457972794
66,33333333333333;679,9999997259205;677,7861690038126;544,9795043823387;0,5927861392481268;0,47552668709149104;55,75310439624843;181,11570418414877;881,8720427219083;0,016293461149102913
66,41666666666667;679,9999997331328;677,8023426696495;545,2674611994213;0,5927861392481268;0,47552668709149104;55,34576805269751;179,7970713200463;881,9304562571887;0,01617366583693071
66,5;679,9999997401552;677,8183974314644;545,5547868757574;0,5927861392481268;0,47552668709149104;54,941426587080855;178,48806646464178;881,9884715886551;0,01605476181485369
66,58333333333333;679,9999997469928;677,8343341737727;545,8414827883033;0,5927861392481268;0,47552668709149104;54,540057717269974;177,1886189586902;882,0460912484534;0,015936742308328287
66,66666666666667;679,9999997536505;677,8501537743689;546,1275503115352;0,5927861392481268;0,47552668709149104;54,141639330501334;175,8986586659206;882,1033177552271;0,015819600596181385
66,75;679,999999760133;677,8658571043791;546,412990817448;0,5927861392481268;0,47552668709149104;53,74614948204055;174,6181159690954;882,1601536141513;0,01570333001016513
66,83333333333333;679,999999766445;677,8814450283136;546,6978056755544;0,5927861392481268;0,47552668709149104;53,353566393849405;173,34692176611273;882,2166013169672;0,015587923934516183
66,91666666666667;679,9999997725907;677,8969184041191;546,9819962528841;0,5927861392481268;0,47552668709149104;52,963868453284135;172,08500746616912;882,2726633420157;0,01547337580552227
67,0;679,9999997785749;677,9122780832301;547,2655639139831;0,5927861392481268;0,47552668709149104;52,577034211790874;170,83230498592806;882,3283421542744;0,015359679111090058
67,08333333333333;679,9999997844014;677,9275249106205;547,5485100209129;0,5927861392481268;0,47552668709149104;52,19304238361815;169,58874674572857;882,3836402053925;0,01524682739031808
67,16666666666667;679,9999997900749;677,9426597248536;547,8308359332494;0,5927861392481268;0,47552668709149104;51,811871844523694;168,35426566576237;882,4385599337272;0,015134814233068127
67,25;679,9999997955988;677,9576833581331;548,1125430080829;0,5927861392481268;0,47552668709149104;51,43350163053242;167,12879516243177;882,4931037643807;0,015023633279553696
67,33333333333333;679,9999998009775;677,9725966363529;548,3936326000169;0,5927861392481268;0,47552668709149104;51,057910936643225;165,9122691445183;882,5472741092376;0,014913278219912876
67,41666666666667;679,9999998062146;677,9874003791467;548,6741060611678;0,5927861392481268;0,47552668709149104;50,685079115615395;164,70462200960947;882,601073367003;0,014803742793805539
67,5;679,999999811314;678,0020953999367;548,9539647411646;0,5927861392481268;0,47552668709149104;50,31498567669814;163,5057886403363;882,6545039232402;0,014695020789994604
67,58333333333333;679,999999816279;678,0166825059827;549,2332099871478;0,5927861392481268;0,47552668709149104;49,94761028443122;162,315704400829;882,7075681504098;0,0145871060459482
67,66666666666667;679,9999998211135;678,03116249843;549,5118431437699;0,5927861392481268;0,47552668709149104;49,58293275740857;161,13430513306628;882,7602684079086;0,014479992447432938
67,75;679,9999998258207;678,0455361723582;549,7898655531941;0,5927861392481268;0,47552668709149104;49,22093306708746;159,96152715334262;882,8126070421093;0,014373673928119415
67,83333333333333;679,9999998304042;678,0598043168274;550,0672785550946;0,5927861392481268;0,47552668709149104;48,86159133656349;158,7973072486406;882,8645863864014;0,014268144469179792
67,91666666666667;679,999999834867;678,0739677149263;550,3440834866561;0,5927861392481268;0,47552668709149104;48,504887839422395;157,64158267322156;882,9162087612291;0,01416339809890665
68,0;679,9999998392124;678,0880271438186;550,6202816825737;0,5927861392481268;0,47552668709149104;48,15080299851786;156,4942911450009;882,9674764741353;0,014059428892312814
68,08333333333333;679,9999998434433;678,1019833747894;550,8958744750526;0,5927861392481268;0,47552668709149104;47,79931738484322;155,3553708422105;883,0183918198002;0,013956230970758396
68,16666666666667;679,999999847563;678,115837173291;551,1708631938078;0,5927861392481268;0,47552668709149104;47,450411716349095;154,22476039986893;883,0689570800839;0,013853798501561713
68,25;679,9999998515743;678,1295892989885;551,4452491660646;0,5927861392481268;0,47552668709149104;47,10406685680084;153,10239890639477;883,119174524069;0,013752125697623765
68,33333333333333;679,9999998554799;678,1432405058056;551,7190337165581;0,5927861392481268;0,47552668709149104;46,76026381464453;151,98822590023215;883,1690464081006;0,013651206817054999
68,41666666666667;679,999999859283;678,1567915419683;551,9922181675331;0,5927861392481268;0,47552668709149104;46,41898374185871;150,8821813664267;883,2185749758318;0,013551036162798541
68,5;679,9999998629858;678,1702431500506;552,2648038387446;0,5927861392481268;0,47552668709149104;46,08020793286585;149,7842057333917;883,2677624582641;0,0134516080822715
68,58333333333333;679,9999998665912;678,1835960670176;552,5367920474575;0,5927861392481268;0,47552668709149104;45,74391782337841;148,69423986945554;883,3166110737922;0,01335291696698761
68,66666666666667;679,9999998701018;678,1968510242698;552,8081841084471;0,5927861392481268;0,47552668709149104;45,41009498934159;147,61222507973102;883,3651230282462;0,013254957252209428
68,75;679,9999998735199;678,2100087476864;553,078981333999;0,5927861392481268;0,47552668709149104;45,07872114579925;146,53810310270885;883,4133005149374;0,013157723416577182
68,83333333333333;679,9999998768482;678,2230699576681;553,3491850339092;0,5927861392481268;0,47552668709149104;44,74977814583667;145,4718161071098;883,4611457146999;0,013061209981761484
68,91666666666667;679,9999998800888;678,2360353691803;553,618796515485;0,5927861392481268;0,47552668709149104;44,4232479795005;144,4133066886591;883,5086607959367;0,012965411512109922
69,0;679,9999998832442;678,2489056917946;553,8878170835446;0,5927861392481268;0,47552668709149104;44,099112772713056;143,36251786682658;883,5558479146645;0,012870322614291716
69,08333333333333;679,9999998863166;678,2616816297315;554,1562480404182;0,5927861392481268;0,47552668709149104;43,77735478624061;142,31939308177337;883,602709214557;0,0127759379369611
69,16666666666667;679,999999889308;678,2743638819019;554,4240906859474;0,5927861392481268;0,47552668709149104;43,457956414627574;141,28387619111206;883,6492468269919;0,01268225217040626
69,25;679,9999998922208;678,2869531419481;554,6913463174866;0,5927861392481268;0,47552668709149104;43,14090018515344;140,25591146683064;883,6954628710956;0,012589260046211914
69,33333333333333;679,9999998950569;678,299450098285;554,9580162299031;0,5927861392481268;0,47552668709149104;42,826168756818106;139,23544359221626;883,7413594537884;0,012496956336924561
69,41666666666667;679,9999998978184;678,3118554341407;555,2241017155777;0,5927861392481268;0,47552668709149104;42,5137449192988;138,22241765875046;883,7869386698311;0,012405335855714569
69,5;679,9999999005073;678,3241698275967;555,4896040644051;0,5927861392481268;0,47552668709149104;42,203611591941126;137,21677916306444;883,8322026018707;0,012314393456045467
69,58333333333333;679,9999999031253;678,3363939516281;555,7545245637945;0,5927861392481268;0,47552668709149104;41,89575182276428;136,21847400396075;883,8771533204862;0,012224124031349518
69,66666666666667;679,9999999056746;678,3485284741428;556,0188644986706;0,5927861392481268;0,47552668709149104;41,59014878742937;135,22744847931696;883,9217928842369;0,012134522514693345
69,75;679,9999999081566;678,3605740580213;556,282625151474;0,5927861392481268;0,47552668709149104;41,28678578829579;134,24364928324215;883,9661233397067;0,01204558387846771
69,83333333333333;679,9999999105734;678,3725313611553;556,545807802162;0,5927861392481268;0,47552668709149104;40,985646253383834;133,26702350294903;884,0101467215534;0,011957303134051977
69,91666666666667;679,9999999129266;678,3844010364868;556,8084137282093;0,5927861392481268;0,47552668709149104;40,68671373545101;132,29751861600246;884,0538650525534;0,011869675331512987
70,0;679,9999999152178;678,3961837320461;557,070444204609;0,5927861392481268;0,47552668709149104;40,389971910994404;131,33508248728916;884,0972803436508;0,01178269555928033
70,08333333333333;679,9999999174488;678,4078800909899;557,331900503873;0,5927861392481268;0,47552668709149104;40,095404579292904;130,3796633661369;884,1403945940044;0,011696358943835316
70,16666666666667;679,9999999196211;678,4194907516393;557,5927838960337;0,5927861392481268;0,47552668709149104;39,802995661472096;129,43120988349978;884,183209791034;0,011610660649406725
70,25;679,9999999217363;678,4310163475169;557,853095648644;0,5927861392481268;0,47552668709149104;39,51272919954647;128,4896710490715;884,2257279104698;0,011525595877660668
70,33333333333333;679,9999999237957;678,4424575073843;558,1128370267787;0,5927861392481268;0,47552668709149104;39,22458935548434;127,55499624845925;884,2679509163997;0,011441159867396848
70,41666666666667;679,9999999258009;678,4538148552786;558,3720092930358;0,5927861392481268;0,47552668709149104;38,93856041028414;126,62713524039474;884,3098807613171;0,01135734789424877
70,5;679,9999999277535;678,4650890105489;558,630613707537;0,5927861392481268;0,47552668709149104;38,65462676305924;125,7060381539682;884,3515193861681;0,011274155270386766
70,58333333333333;679,9999999296546;678,4762805878931;558,8886515279289;0,5927861392481268;0,47552668709149104;38,37277293011425;124,79165548583948;884,3928687204019;0,011191577344219446
70,66666666666667;679,9999999315056;678,4873901973932;559,1461240093844;0,5927861392481268;0,47552668709149104;38,09298354403552;123,88393809748938;884,4339306820174;0,01110960950009953
70,75;679,999999933308;678,4984184445512;559,4030324046033;0,5927861392481268;0,47552668709149104;37,81524335281006;122,98283721254266;884,474707177612;0,011028247158037154
70,83333333333333;679,999999935063;678,5093659303246;559,6593779638142;0,5927861392481268;0,47552668709149104;37,539537218918895;122,0883044140395;884,515200102431;0,010947485773408447
70,91666666666667;679,9999999367717;678,5202332511614;559,9151619347751;0,5927861392481268;0,47552668709149104;37,26585011845884;121,20029164175857;884,5554113404148;0,010867320836670233
71,0;679,9999999384355;678,5310209990345;560,1703855627749;0,5927861392481268;0,47552668709149104;36,99416714025858;120,3187511895458;884,5953427642496;0,010787747873075276
71,08333333333333;679,9999999400555;678,5417297614769;560,4250500906345;0,5927861392481268;0,47552668709149104;36,72447348502601;119,44363570273524;884,6349962354138;0,010708762442396595
71,16666666666667;679,999999941633;678,5523601216155;560,6791567587086;0,5927861392481268;0,47552668709149104;36,45675446446717;118,57489817546059;884,6743736042287;0,010630360138642861
71,25;679,9999999431689;678,5629126582053;560,9327068048864;0,5927861392481268;0,47552668709149104;36,19099550043643;117,71249194809316;884,7134767099071;0,010552536589785185
71,33333333333333;679,9999999446643;678,5733879456627;561,1857014645934;0,5927861392481268;0,47552668709149104;35,92718212408954;116,8563707046512;884,7523073806026;0,0104752874574827
71,41666666666667;679,9999999461204;678,5837865540996;561,4381419707928;0,5927861392481268;0,47552668709149104;35,66529997503949;116,00648847025217;884,7908674334573;0,010398608436811814
71,5;679,9999999475382;678,5941090493556;561,6900295539867;0,5927861392481268;0,47552668709149104;35,405334800520905;115,16279960855935;884,8291586746531;0,010322495255996164
71,58333333333333;679,9999999489187;678,6043559930317;561,9413654422181;0,5927861392481268;0,47552668709149104;35,14727245456584;114,32525881928593;884,8671828994587;0,010246943676141903
71,66666666666667;679,9999999502629;678,6145279425227;562,1921508610715;0,5927861392481268;0,47552668709149104;34,89109889717383;113,49382113565592;884,904941892281;0,010171949490970063
71,75;679,9999999515717;678,6246254510493;562,4423870336755;0,5927861392481268;0,47552668709149104;34,63680019350477;112,6684419219685;884,9424374267124;0,010097508526558144
71,83333333333333;679,999999952846;678,6346490676904;562,6920751807037;0,5927861392481268;0,47552668709149104;34,384362513060296;111,84907687107622;884,9796712655814;0,010023616641075516
71,91666666666667;679,9999999540869;678,6445993374149;562,9412165203764;0,5927861392481268;0,47552668709149104;34,13377212889088;111,03568200198673;885,0166451610016;0,009950269724529526
72,0;679,999999955295;678,6544768011134;563,1898122684627;0,5927861392481268;0,47552668709149104;33,8850154168;110,22821365744143;885,053360854421;0,00987746369851032
72,08333333333333;679,9999999564714;678,6642819956294;563,4378636382813;0,5927861392481268;0,47552668709149104;33,6380788545398;109,42662850144542;885,0898200766717;0,009805194515932284
72,16666666666667;679,9999999576168;678,6740154537902;563,6853718407033;0,5927861392481268;0,47552668709149104;33,39294902104939;108,6308835169525;885,1260245480182;0,00973345816078944
72,25;679,9999999587321;678,6836777044381;563,9323380841528;0,5927861392481268;0,47552668709149104;33,149612595664735;107,8409360034524;885,1619759782084;0,009662250647902696
72,33333333333333;679,9999999598181;678,6932692724607;564,1787635746095;0,5927861392481268;0,47552668709149104;32,908056357351256;107,05674357462144;885,197676066522;0,009591568022673514
72,41666666666667;679,9999999608754;678,7027906788215;564,4246495156103;0,5927861392481268;0,47552668709149104;32,66826718393361;106,27826415598156;885,2331265018202;0,00952140636083835
72,5;679,9999999619049;678,7122424405898;564,6699971082509;0,5927861392481268;0,47552668709149104;32,43023205134534;105,50545598258539;885,2683289625948;0,009451761768226742
72,58333333333333;679,9999999629074;678,7216250709703;564,9148075511877;0,5927861392481268;0,47552668709149104;32,19393803287858;104,7382775967414;885,3032851170183;0,009382630380522575
72,66666666666667;679,9999999638835;678,7309390793333;565,1590820406398;0,5927861392481268;0,47552668709149104;31,95937229842798;103,97668784569314;885,3379966229925;0,009314008363022264
72,75;679,9999999648338;678,7401849712437;565,402821770391;0,5927861392481268;0,47552668709149104;31,72652211375464;103,220645879356;885,3724651281981;0,009245891910398676
72,83333333333333;679,9999999657591;678,7493632484902;565,6460279317917;0,5927861392481268;0,47552668709149104;31,4953748397528;102,47011114808252;885,4066922701443;0,009178277246467628
72,91666666666667;679,9999999666602;678,7584744091142;565,8887017137603;0,5927861392481268;0,47552668709149104;31,265917931722242;101,72504340043363;885,4406796762179;0,009111160623955622
73,0;679,9999999675375;678,7675189474385;566,1308443027862;0,5927861392481268;0,47552668709149104;31,03813893864924;100,9854026809699;885,4744289637325;0,009044538324269935
73,08333333333333;679,9999999683918;678,7764973540958;566,3724568829309;0,5927861392481268;0,47552668709149104;30,812025502476104;100,25114932800825;885,5079417399776;0,008978406657265993
73,16666666666667;679,9999999692235;678,7854101160568;566,6135406358308;0,5927861392481268;0,47552668709149104;30,58756535739917;99,52224397146792;885,5412196022687;0,008912761961023214
73,25;679,9999999700334;678,7942577166584;566,8540967406984;0,5927861392481268;0,47552668709149104;30,364746329166792;98,79864753072768;885,5742641379952;0,008847600601622018
73,33333333333333;679,9999999708219;678,8030406356313;567,0941263743255;0,5927861392481268;0,47552668709149104;30,143556334374466;98,08032121244875;885,6070769246703;0,008782918972918686
73,41666666666667;679,9999999715897;678,8117593491277;567,3336307110842;0,5927861392481268;0,47552668709149104;29,923983379765673;97,36722650842923;885,63965952998;0,008718713496323182
73,5;679,9999999723374;678,8204143297482;567,57261092293;0,5927861392481268;0,47552668709149104;29,706015561549748;96,65932519350737;885,6720135118321;0,008654980620581851
73,58333333333333;679,9999999730652;678,8290060465698;567,8110681794034;0,5927861392481268;0,47552668709149104;29,48964106472829;95,95657932349359;885,7041404184047;0,008591716821563069
73,66666666666667;679,999999973774;678,8375349651718;568,0490036476322;0,5927861392481268;0,47552668709149104;29,274848162384615;95,25895123298469;885,7360417881955;0,008528918602032646
73,75;679,9999999744641;678,8460015476633;568,2864184923337;0,5927861392481268;0,47552668709149104;29,061625215055642;94,56640353343089;885,7677191500707;0,008466582491452603
73,83333333333333;679,999999975136;678,854406252709;568,5233138758174;0,5927861392481268;0,47552668709149104;28,849960670021346;93,87889911093568;885,7991740233139;0,008404705045756316
73,91666666666667;679,9999999757903;678,8627495355562;568,7596909579867;0,5927861392481268;0,47552668709149104;28,639843060673797;93,19640112433716;885,830407917674;0,008343282847148803
74,0;679,9999999764274;678,87103184806;568,9955508963415;0,5927861392481268;0,47552668709149104;28,431261005852093;92,51887300313722;885,8614223334146;0,008282312503894579
74,08333333333333;679,9999999770478;678,8792536387101;569,2308948459803;0,5927861392481268;0,47552668709149104;28,224203209182974;91,84627844547367;885,8922187613623;0,008221790650109195
74,16666666666667;679,9999999776517;678,8874153526557;569,4657239596029;0,5927861392481268;0,47552668709149104;28,018658458441337;91,17858141616438;885,922798682955;0,00816171394555744
74,25;679,9999999782398;678,8955174317312;569,7000393875124;0,5927861392481268;0,47552668709149104;27,814615624899375;90,5157461446736;885,953163570291;0,008102079075445731
74,33333333333333;679,9999999788124;678,9035603144814;569,933842277618;0,5927861392481268;0,47552668709149104;27,612063662715514;89,85773712324227;885,9833148861762;0,008042882750228861
74,41666666666667;679,9999999793698;678,9115444361868;570,1671337754372;0,5927861392481268;0,47552668709149104;27,410991608275026;89,20451910485443;886,0132540841729;0,007984121705402483
74,5;679,9999999799128;678,919470228888;570,3999150240978;0,5927861392481268;0,47552668709149104;27,211388579576123;88,55605710133293;886,0429826086477;0,007925792701307935
74,58333333333333;679,9999999804413;678,927338121411;570,6321871643414;0,5927861392481268;0,47552668709149104;27,01324377561889;87,91231638145526;886,0725018948199;0,00786789252293893
74,66666666666667;679,9999999809561;678,9351485393908;570,8639513345249;0,5927861392481268;0,47552668709149104;26,816546475757264;87,273262468943;886,1018133688099;0,007810417979737397
74,75;679,9999999814572;678,9429019052961;571,0952086706236;0,5927861392481268;0,47552668709149104;26,62128603913345;86,63886114073567;886,130918447685;0,007753365905414765
74,83333333333333;679,9999999819452;678,9505986384539;571,3259603062334;0,5927861392481268;0,47552668709149104;26,427451904027066;86,00907842495134;886,1598185395093;0,0076967331577462396
74,91666666666667;679,9999999824201;678,9582391550723;571,5562073725736;0,5927861392481268;0,47552668709149104;26,23503358728101;85,38388059911456;886,1885150433907;0,007640516618388971
75,0;679,9999999828829;678,965823868265;571,7859509984893;0,5927861392481268;0,47552668709149104;26,04402068369609;84,76323418830373;886,2170093495274;0,00758471319269286
75,08333333333333;679,9999999833333;678,9733531880745;572,015192310454;0,5927861392481268;0,47552668709149104;25,854402865445536;84,1471059633129;886,245302839257;0,007529319809513997
75,16666666666667;679,9999999837718;678,9808275214955;572,2439324325725;0,5927861392481268;0,47552668709149104;25,666169881469614;83,5354629387877;886,2733968851019;0,007474333421025292
75,25;679,9999999841988;678,988247272498;572,472172486583;0,5927861392481268;0,47552668709149104;25,47931155690719;82,92827237146756;886,3012928508186;0,007419751002537161
75,33333333333333;679,9999999846145;678,9956128420504;572,6999135918603;0,5927861392481268;0,47552668709149104;25,29381779251878;82,32550175838473;886,3289920914435;0,007365569552314993
75,41666666666667;679,9999999850195;679,0029246281417;572,9271568654183;0,5927861392481268;0,47552668709149104;25,109678564103888;81,72711883507218;886,3564959533394;0,007311786091397094
75,5;679,9999999854136;679,0101830258052;573,1539034219123;0,5927861392481268;0,47552668709149104;24,926883921943954;81,13309157382572;886,3838057742432;0,00725839766341839
75,58333333333333;679,9999999857976;679,0173884271396;573,3801543736424;0,5927861392481268;0,47552668709149104;24,74542399021118;80,54338818187169;886,410922883313;0,00720540133442558
75,66666666666667;679,9999999861712;679,0245412213324;573,6059108305558;0,5927861392481268;0,47552668709149104;24,565288966448406;79,95797709975552;886,4378486011732;0,007152794192712568
75,75;679,9999999865352;679,031641794681;573,8311739002495;0,5927861392481268;0,47552668709149104;24,386469120972265;79,37682699947774;886,4645842399624;0,007100573348633603
75,83333333333333;679,9999999868895;679,0386905306154;574,0559446879734;0,5927861392481268;0,47552668709149104;24,208954796353055;78,7999067828941;886,4911311033791;0,007048735934440023
75,91666666666667;679,9999999872344;679,0456878097195;574,2802242966328;0,5927861392481268;0,47552668709149104;24,032736406851996;78,2271855799578;886,5174904867274;0,006997279104103536
76,0;679,9999999875704;679,0526340097526;574,5040138267915;0,5927861392481268;0,47552668709149104;23,857804437872687;77,65863274701339;886,5436636769648;0,006946200033144237
76,08333333333333;679,9999999878975;679,0595295056711;574,7273143766743;0,5927861392481268;0,47552668709149104;23,684149445443836;77,09421786518828;886,5696519527461;0,006895495918467748
76,16666666666667;679,9999999882159;679,0663746696492;574,9501270421699;0,5927861392481268;0,47552668709149104;23,511762055659347;76,53391073865514;886,5954565844705;0,006845163978190798
76,25;679,9999999885259;679,0731698711007;575,1724529168341;0,5927861392481268;0,47552668709149104;23,34063296416673;75,97768139303197;886,6210788343269;0,006795201451479823
76,33333333333333;679,999999988828;679,0799154766992;575,3942930918925;0,5927861392481268;0,47552668709149104;23,170752935629935;75,42550007373066;886,6465199563395;0,006745605598384497
76,41666666666667;679,9999999891219;679,0866118503989;575,6156486562429;0,5927861392481268;0,47552668709149104;23,002112803220598;74,87733724434561;886,671781196413;0,006696373699676215
76,5;679,9999999894081;679,0932593534556;575,8365206964592;0,5927861392481268;0,47552668709149104;22,83470346807519;74,33316358497349;886,6968637923777;0,006647503056679738
76,58333333333333;679,9999999896869;679,0998583444467;576,0569102967935;0,5927861392481268;0,47552668709149104;22,66851589881469;73,79294999072548;886,7217689740353;0,006598990991122551
76,66666666666667;679,9999999899583;679,1064091792916;576,2768185391794;0,5927861392481268;0,47552668709149104;22,503541131004567;73,25666757003259;886,7464979632036;0,006550834844966171
76,75;679,9999999902225;679,1129122112719;576,4962465032349;0,5927861392481268;0,47552668709149104;22,339770266665937;72,72428764312632;886,7710519737607;0,006503031980253213
76,83333333333333;679,9999999904798;679,1193677910509;576,7151952662656;0,5927861392481268;0,47552668709149104;22,17719447376396;72,1957817404474;886,7954322116909;0,006455579778948175
76,91666666666667;679,9999999907303;679,1257762666936;576,9336659032671;0,5927861392481268;0,47552668709149104;22,015804985721843;71,6711216011149;886,8196398751279;0,006408475642784349
77,0;679,9999999909743;679,1321379836867;577,1516594869287;0,5927861392481268;0,47552668709149104;21,85559310091776;71,1502791713724;886,8436761543999;0,0063617169931081755
77,08333333333333;679,9999999912118;679,1384532849574;577,3691770876361;0,5927861392481268;0,47552668709149104;21,69655018219032;70,63322660304559;886,8675422320742;0,0063153012707252145
77,16666666666667;679,999999991443;679,1447225108932;577,5862197734746;0,5927861392481268;0,47552668709149104;21,538667656358257;70,1199362520228;886,8912392830009;0,00626922593574885
77,25;679,9999999916681;679,1509459993606;577,8027886102317;0,5927861392481268;0,47552668709149104;21,381937013745755;69,61038067678165;886,9147684743559;0,0062234884674527416
77,33333333333333;679,9999999918874;679,1571240857247;578,0188846614009;0,5927861392481268;0,47552668709149104;21,22634980768794;69,1045326368581;886,938130965686;0,006178086364118191
77,41666666666667;679,9999999921009;679,1632571028676;578,2345089881841;0,5927861392481268;0,47552668709149104;21,071897654067584;68,60236509138738;886,9613279089527;0,0061330171428887505
77,5;679,9999999923087;679,1693453812072;578,4496626494953;0,5927861392481268;0,47552668709149104;20,918572230831955;68,10385119757595;886,9843604485745;0,00608827833961897
77,58333333333333;679,9999999925111;679,175389248716;578,6643467019633;0,5927861392481268;0,47552668709149104;20,766365277538057;67,60896430931712;887,0072297214701;0,0060438675087351075
77,66666666666667;679,9999999927082;679,181389030939;578,8785621999349;0,5927861392481268;0,47552668709149104;20,61526859487799;67,11767797566871;887,0299368571036;0,005999782223085211
77,75;679,9999999929;679,1873450510128;579,0923101954783;0,5927861392481268;0,47552668709149104;20,465274044229886;66,62996593947447;887,0524829775247;0,005956020073801013
77,83333333333333;679,9999999930869;679,193257629683;579,3055917383859;0,5927861392481268;0,47552668709149104;20,316373547180433;66,14580213585326;887,0748691974143;0,00591257867014899
77,91666666666667;679,9999999932688;679,1991270853224;579,5184078761779;0,5927861392481268;0,47552668709149104;20,168559085098536;65,66516069087777;887,0970966241249;0,005869455639398094
78,0;679,999999993446;679,2049537339491;579,7307596541049;0,5927861392481268;0,47552668709149104;20,021822698660685;65,18801592007242;887,1191663577242;0,005826648626671984
78,08333333333333;679,9999999936184;679,2107378892439;579,9426481151517;0,5927861392481268;0,47552668709149104;19,87615648742178;64,71434232708063;887,1410794910375;0,00578415529481613
78,16666666666667;679,9999999937863;679,2164798625681;580,1540743000401;0,5927861392481268;0,47552668709149104;19,731552609363234;64,24411460224881;887,1628371096896;0,005741973324257851
78,25;679,9999999939498;679,222179962981;580,3650392472324;0,5927861392481268;0,47552668709149104;19,58800328045527;63,777307621239075;887,1844402921466;0,005700100412869461
78,33333333333333;679,9999999941091;679,2278384972569;580,5755439929346;0,5927861392481268;0,47552668709149104;19,445500774219227;63,31389644368216;887,2058901097589;0,005658534275834336
78,41666666666667;679,999999994264;679,2334557699024;580,7855895710995;0,5927861392481268;0,47552668709149104;19,304037421304088;62,85385631182753;887,2271876268011;0,005617272645513936
78,5;679,999999994415;679,2390320831737;580,99517701343;0,5927861392481268;0,47552668709149104;19,163605609040246;62,39716264914739;887,2483339005148;0,005576313271310286
78,58333333333333;679,999999994562;679,2445677370932;581,2043073493824;0,5927861392481268;0,47552668709149104;19,02419778103308;61,94379105907588;887,2693299811499;0,0055356539195405815
78,66666666666667;679,9999999947051;679,2500630294666;581,4129816061698;0,5927861392481268;0,47552668709149104;18,885806436719577;61,493717323601615;887,2901769120056;0,005495292373299413
78,75;679,9999999948444;679,2555182558989;581,6212008087651;0,5927861392481268;0,47552668709149104;18,748424130964736;61,04691740200106;887,3108757294714;0,005455226432333491
78,83333333333333;679,99999999498;679,2609337098118;581,8289659799049;0,5927861392481268;0,47552668709149104;18,612043473638096;60,60336742951731;887,3314274630674;0,005415453912911459
78,91666666666667;679,9999999951121;679,2663096824595;582,0362781400921;0,5927861392481268;0,47552668709149104;18,476657129207297;60,163043716081965;887,351833135486;0,005375972647697945
79,0;679,9999999952408;679,2716464629451;582,2431383075998;0,5927861392481268;0,47552668709149104;18,342257816317442;59,72592274498237;887,3720937626324;0,005336780485623077
79,08333333333333;679,999999995366;679,2769443382368;582,4495474984742;0,5927861392481268;0,47552668709149104;18,208838307393194;59,29198117162663;887,3922103536639;0,0052978752917603985
79,16666666666667;679,999999995488;679,282203593184;582,6555067265384;0,5927861392481268;0,47552668709149104;18,0763914282295;58,861195822242436;887,4121839110308;0,005259254947199616
79,25;679,9999999956067;679,2874245105329;582,8610170033954;0,5927861392481268;0,47552668709149104;17,944910057599373;58,433543692656386;887,4320154305165;0,00522091734892617
79,33333333333333;679,9999999957223;679,2926073709426;583,0660793384318;0,5927861392481268;0,47552668709149104;17,814387126844622;58,009001946998644;887,4517059012771;0,005182860409694685
79,41666666666667;679,9999999958349;679,2977524530005;583,2706947388207;0,5927861392481268;0,47552668709149104;17,684815619492156;57,5875479164937;887,4712563058818;0,005145082057910195
79,5;679,9999999959444;679,3028600332381;583,4748642095257;0,5927861392481268;0,47552668709149104;17,55618857085892;57,16915909822531;887,4906676203505;0,0051075802375069685
79,58333333333333;679,9999999960512;679,3079303861459;583,6785887533039;0,5927861392481268;0,47552668709149104;17,428499067659686;56,753813153898605;887,5099408141957;0,005070352907827475
79,66666666666667;679,9999999961551;679,3129637841894;583,8818693707094;0,5927861392481268;0,47552668709149104;17,30174024763187;56,34148790865383;887,5290768504595;0,005033398043506189
79,75;679,9999999962563;679,3179604978237;584,0847070600969;0,5927861392481268;0,47552668709149104;17,175905299143324;55,93216134983418;887,5480766857534;0,004996713634349226
79,83333333333333;679,9999999963549;679,3229207955089;584,2871028176247;0,5927861392481268;0,47552668709149104;17,050987460814326;55,52581162579958;887,566941270298;0,004960297685218202
79,91666666666667;679,9999999964507;679,3278449437248;584,4890576372587;0,5927861392481268;0,47552668709149104;16,926980021148097;55,12241704475764;887,5856715479601;0,004924148215916032
80,0;679,999999996544;679,3327332069858;584,6905725107756;0,5927861392481268;0,47552668709149104;16,803876318147104;54,72195607354878;887,6042684562921;0,0048882632610687034
80,08333333333333;679,999999996635;679,3375858478558;584,8916484277663;0,5927861392481268;0,47552668709149104;16,68166973895495;54,32440733654038;887,6227329265698;0,004852640870016407
80,16666666666667;679,9999999967235;679,3424031269625;585,0922863756393;0,5927861392481268;0,47552668709149104;16,56035371947837;53,929749614394595;887,6410658838316;0,00481727910669479
80,25;679,9999999968097;679,347185303012;585,2924873396245;0,5927861392481268;0,47552668709149104;16,439921744026265;53,53796184297117;887,6592682469146;0,004782176049526743
80,33333333333333;679,9999999968937;679,3519326328033;585,4922523027764;0,5927861392481268;0,47552668709149104;16,320367344943065;53,14902311214986;887,6773409284941;0,004747329791308398
80,41666666666667;679,9999999969755;679,3566453712424;585,6915822459777;0,5927861392481268;0,47552668709149104;16,201684102261993;52,76291266473034;887,6952848351202;0,004712738439101929
80,5;679,999999997055;679,3613237713565;585,8904781479429;0,5927861392481268;0,47552668709149104;16,083865643327044;52,379609895257445;887,713100867256;0,004678400114121224
80,58333333333333;679,9999999971326;679,3659680843082;586,0889409852216;0,5927861392481268;0,47552668709149104;15,966905642463303;51,99909434896712;887,7307899193137;0,004644312951629226
80,66666666666667;679,999999997208;679,370578559409;586,2869717322022;0,5927861392481268;0,47552668709149104;15,850797820610296;51,62134572063176;887,7483528796928;0,004610475100825992
80,75;679,9999999972815;679,3751554441337;586,4845713611155;0,5927861392481268;0,47552668709149104;15,735535944975254;51,246343853471615;887,7657906308162;0,004576884724742739
80,83333333333333;679,999999997353;679,3796989841338;586,6817408420379;0,5927861392481268;0,47552668709149104;15,621113828694888;50,87406873806913;887,7831040491682;0,004543540000136787
80,91666666666667;679,9999999974227;679,3842094232513;586,8784811428952;0,5927861392481268;0,47552668709149104;15,50752533048012;50,50450051127173;887,800294005329;0,004510439117384662
81,0;679,9999999974905;679,3886870035317;587,0747932294662;0,5927861392481268;0,47552668709149104;15,394764354286394;50,1376194551205;887,8173613640133;0,004477580280378824
81,08333333333333;679,9999999975565;679,3931319652381;587,270678065386;0,5927861392481268;0,47552668709149104;15,282824848969767;49,77340599579319;887,8343069841047;0,004444961706424517
81,16666666666667;679,9999999976209;679,3975445468643;587,4661366121501;0,5927861392481268;0,47552668709149104;15,171700807960065;49,4118407025415;887,8511317186927;0,004412581626137487
81,25;679,9999999976834;679,4019249851476;587,6611698291171;0,5927861392481268;0,47552668709149104;15,061386268914134;49,05290428662262;887,8678364151086;0,004380438283340065
81,33333333333333;679,9999999977443;679,4062735150826;587,855778673513;0,5927861392481268;0,47552668709149104;14,95187531339468;48,69657760025662;887,8844219149603;0,004348529934960876
81,41666666666667;679,9999999978037;679,4105903699335;588,0499641004347;0,5927861392481268;0,47552668709149104;14,843162066543414;48,342841635615386;887,9008890541694;0,004316854850936394
81,5;679,9999999978616;679,4148757812476;588,2437270628535;0,5927861392481268;0,47552668709149104;14,735240696754204;47,99167752376857;887,9172386630046;0,0042854113141096795
81,58333333333333;679,9999999979178;679,4191299788678;588,4370685116185;0,5927861392481268;0,47552668709149104;14,628105415349069;47,643066533672545;887,9334715661183;0,0042541976201323495
81,66666666666667;679,9999999979726;679,4233531909451;588,6299893954603;0,5927861392481268;0,47552668709149104;14,521750476251327;47,296990071133514;887,9495885825818;0,004223212077364674
81,75;679,9999999980259;679,4275456439519;588,8224906609948;0,5927861392481268;0,47552668709149104;14,41617017568717;46,9534296778511;887,9655905259181;0,004192453006783226
81,83333333333333;679,9999999980779;679,4317075626938;589,0145732527268;0,5927861392481268;0,47552668709149104;14,311358851850287;46,612367030367075;887,9814782041389;0,0041619187418796035
81,91666666666667;679,9999999981285;679,4358391703223;589,2062381130534;0,5927861392481268;0,47552668709149104;14,20731088460343;46,27378393912043;887,9972524197772;0,004131607628569054
82,0;679,9999999981777;679,4399406883474;589,3974861822677;0,5927861392481268;0,47552668709149104;14,104020695154418;45,93766234741334;888,0129139699236;0,004101518025091338
82,08333333333333;679,9999999982257;679,4440123366493;589,5883183985626;0,5927861392481268;0,47552668709149104;14,001482745757698;45,60398433047198;888,0284636462585;0,004071648301919932
82,16666666666667;679,9999999982724;679,448054333491;589,7787356980342;0,5927861392481268;0,47552668709149104;13,899691539410242;45,27273209448147;888,0439022350869;0,004041996841669149
82,25;679,9999999983178;679,4520668955299;589,9687390146858;0,5927861392481268;0,47552668709149104;13,798641619536056;44,943887975574796;888,0592305173725;0,004012562038997437
82,33333333333333;679,9999999983621;679,4560502378305;590,158329280431;0,5927861392481268;0,47552668709149104;13,69832756969629;44,617434438936726;888,0744492687703;0,003983342300520367
82,41666666666667;679,9999999984052;679,4600045738752;590,3475074250979;0,5927861392481268;0,47552668709149104;13,598744013290798;44,29335407783299;888,0895592596617;0,003954336044718014
82,5;679,9999999984472;679,463930115577;590,5362743764325;0,5927861392481268;0,47552668709149104;13,499885613251195;43,97162961264519;888,1045612551851;0,003925541701842247
82,58333333333333;679,9999999984881;679,4678270732908;590,7246310601024;0,5927861392481268;0,47552668709149104;13,401747071753789;43,65224388997184;888,1194560152724;0,003896957713829954
82,66666666666667;679,9999999985279;679,471695655825;590,9125783997004;0,5927861392481268;0,47552668709149104;13,304323129932527;43,335179881694856;888,1342442946786;0,003868582534214023
82,75;679,9999999985665;679,475536070453;591,1001173167482;0,5927861392481268;0,47552668709149104;13,207608567572038;43,020420684028856;888,1489268430175;0,0038404146280318426
82,83333333333333;679,9999999986043;679,4793485229247;591,2872487307004;0,5927861392481268;0,47552668709149104;13,111598202837627;42,7079495166394;888,163504404792;0,0038124524717411323
82,91666666666667;679,999999998641;679,4831332174779;591,4739735589476;0,5927861392481268;0,47552668709149104;13,016286891988216;42,39774972175834;888,1779777194273;0,003784694553134487
83,0;679,9999999986767;679,4868903568491;591,6602927168204;0,5927861392481268;0,47552668709149104;12,921669529077917;42,08980476321014;888,1923475213039;0,003757139371247138
83,08333333333333;679,9999999987116;679,4906201422854;591,8462071175934;0,5927861392481268;0,47552668709149104;12,827741045688867;41,784098225578916;888,2066145397883;0,0037297854362765485
83,16666666666667;679,9999999987455;679,4943227735548;592,0317176724882;0,5927861392481268;0,47552668709149104;12,734496410655538;41,48061381333819;888,220779499266;0,003702631269498938
83,25;679,9999999987785;679,497998448958;592,2168252906775;0,5927861392481268;0,47552668709149104;12,641930629766307;41,179335349874286;888,2348431191726;0,003675675403177089
83,33333333333333;679,9999999988106;679,5016473653385;592,4015308792891;0,5927861392481268;0,47552668709149104;12,550038745513348;40,880246776722366;888,2488061140264;0,0036489163804860267
83,41666666666667;679,999999998842;679,5052697180939;592,5858353434089;0,5927861392481268;0,47552668709149104;12,458815836802728;40,58333215263293;888,2626691934577;0,003622352755424497
83,5;679,9999999988723;679,5088657011867;592,7697395860853;0,5927861392481268;0,47552668709149104;12,368257018701456;40,288575652761835;888,2764330622421;0,003595983092737458
83,58333333333333;679,999999998902;679,5124355071545;592,9532445083323;0,5927861392481268;0,47552668709149104;12,278357442141896;39,99596156773401;888,2900984203308;0,0035698059678271154
83,66666666666667;679,999999998931;679,5159793271212;593,1363510091338;0,5927861392481268;0,47552668709149104;12,189112293688709;39,70547430291384;888,303665962881;0,0035438199666824126
83,75;679,9999999989591;679,519497350807;593,3190599854468;0,5927861392481268;0,47552668709149104;12,100516795246108;39,417098377454515;888,3171363802882;0,0035180236857894065
83,83333333333333;679,9999999989865;679,522989766539;593,5013723322054;0,5927861392481268;0,47552668709149104;12,012566203802066;39,13081842348803;888,3305103582146;0,0034924157320538616
83,91666666666667;679,9999999990131;679,5264567612618;593,6832889423246;0,5927861392481268;0,47552668709149104;11,92525581118673;38,84661918538418;888,3437885776204;0,003466994722729575
84,0;679,9999999990391;679,5298985205471;593,8648107067037;0,5927861392481268;0,47552668709149104;11,838580943782517;38,56448551877972;888,3569717147957;0,003441759285327774
84,08333333333333;679,9999999990645;679,5333152286047;594,0459385142304;0,5927861392481268;0,47552668709149104;11,752536962299587;38,28440238989767;888,3700604413876;0,00341670805755087
84,16666666666667;679,999999999089;679,5367070682919;594,2266732517844;0,5927861392481268;0,47552668709149104;11,667119261494463;38,00635487465405;888,3830554244321;0,0033918396872078664
84,25;679,999999999113;679,540074221124;594,4070158042409;0,5927861392481268;0,47552668709149104;11,582323269928452;37,73032815786227;888,3959573263833;0,003367152832139218
84,33333333333333;679,9999999991363;679,5434168672841;594,5869670544747;0,5927861392481268;0,47552668709149104;11,498144449726055;37,456307532480594;888,4087668051429;0,0033426461601447004
84,41666666666667;679,9999999991591;679,546735185633;594,7665278833637;0,5927861392481268;0,47552668709149104;11,414578296304967;37,18427839876201;888,4214845140904;0,003318318348902724
84,5;679,9999999991812;679,5500293537189;594,9456991697926;0,5927861392481268;0,47552668709149104;11,331620338151538;36,91422626351314;888,4341111021106;0,003294168085900277
84,58333333333333;679,9999999992028;679,5532995477872;595,1244817906571;0,5927861392481268;0,47552668709149104;11,2492661365593;36,64613673928144;888,4466472136244;0,0032701940683554915
84,66666666666667;679,9999999992237;679,5565459427903;595,3028766208669;0,5927861392481268;0,47552668709149104;11,16751128539022;36,37999554358543;888,4590934886171;0,003246395003144769
84,75;679,9999999992442;679,559768712397;595,48088453335;0,5927861392481268;0,47552668709149104;11,08635141083596;36,11578849815929;888,4714505626665;0,0032227696067309475
84,83333333333333;679,999999999264;679,5629680290021;595,6585063990566;0,5927861392481268;0,47552668709149104;11,005782171179135;35,85350152818313;888,4837190669733;0,0031993166050905313
84,91666666666667;679,9999999992833;679,5661440637358;595,835743086962;0,5927861392481268;0,47552668709149104;10,925799256546043;35,5931206615046;888,4958996283874;0,0031760347336398298
85,0;679,9999999993023;679,569296986473;596,0125954640713;0,5927861392481268;0,47552668709149104;10,846398388687817;35,33463202793233;888,5079928694373;0,003152922737167974
85,08333333333333;679,9999999993206;679,5724269658427;596,1890643954225;0,5927861392481268;0,47552668709149104;10,767575320733158;35,078021858448935;888,5199994083584;0,0031299793697625714
85,16666666666667;679,9999999993385;679,5755341692375;596,3651507440908;0,5927861392481268;0,47552668709149104;10,68932583694675;34,823276484449885;888,5319198591205;0,0031072033947375523
85,25;679,999999999356;679,5786187628221;596,5408553711918;0,5927861392481268;0,47552668709149104;10,611645752524623;34,57038233707139;888,5437548314561;0,0030845935845696896
85,33333333333333;679,9999999993728;679,5816809115429;596,7161791358857;0,5927861392481268;0,47552668709149104;10,534530913346885;34,319325946429295;888,5555049308873;0,0030621487208261707
85,41666666666667;679,9999999993893;679,584720779137;596,8911228953806;0,5927861392481268;0,47552668709149104;10,457977195747503;34,07009394084641;888,5671707587538;0,003039867594092602
85,5;679,9999999994054;679,5877385281409;597,0656875049368;0,5927861392481268;0,47552668709149104;10,381980506306832;33,82267304623213;888,5787529122405;0,0030177490039130102
85,58333333333333;679,9999999994211;679,5907343198996;597,2398738178704;0,5927861392481268;0,47552668709149104;10,306536781612863;33,577050085283986;888,5902519844038;0,0029957917587156075
85,66666666666667;679,9999999994363;679,5937083145753;597,4136826855565;0,5927861392481268;0,47552668709149104;10,2316419880367;33,33321197679536;888,6016685641999;0,002973994675746822
85,75;679,9999999994511;679,5966606711563;597,5871149574339;0,5927861392481268;0,47552668709149104;10,157292121525074;33,09114573498349;888,6130032365102;0,0029523565810079242
85,83333333333333;679,9999999994656;679,5995915474655;597,760171481008;0,5927861392481268;0,47552668709149104;10,083483207370136;32,85083846874548;888,6242565821694;0,0029308763091852354
85,91666666666667;679,9999999994797;679,6025011001691;597,9328531018552;0,5927861392481268;0,47552668709149104;10,01021130000197;32,61227738101496;888,635429177991;0,0029095527035888197
86,0;679,9999999994933;679,6053894847852;598,1051606636264;0,5927861392481268;0,47552668709149104;9,937472482764065;32,37544976803254;888,6465215967947;0,0028883846160841463
86,08333333333333;679,9999999995066;679,6082568556922;598,2770950080505;0,5927861392481268;0,47552668709149104;9,865262867702995;32,140343018665085;888,6575344074314;0,002867370907028133
86,16666666666667;679,9999999995197;679,6111033661374;598,4486569749388;0,5927861392481268;0,47552668709149104;9,793578595360941;31,906944613768086;888,6684681748102;0,002846510445208347
86,25;679,9999999995323;679,6139291682451;598,619847402188;0,5927861392481268;0,47552668709149104;9,722415834556841;31,675242125459;888,6793234599247;0,0028258021077754063
86,33333333333333;679,9999999995446;679,6167344130254;598,7906671257848;0,5927861392481268;0,47552668709149104;9,651770782178914;31,445223216473842;888,6901008198774;0,002805244780181891
86,41666666666667;679,9999999995566;679,6195192503815;598,9611169798088;0,5927861392481268;0,47552668709149104;9,581639662980024;31,21687563950373;888,7008008079075;0,0027848373561201074
86,5;679,9999999995682;679,6222838291189;599,131197796437;0,5927861392481268;0,47552668709149104;9,512018729378724;30,990187236551503;888,7114239734135;0,002764578737461674
86,58333333333333;679,9999999995796;679,6250282969531;599,3009104059471;0,5927861392481268;0,47552668709149104;9,442904261231888;30,765145938225142;888,7219708619816;0,002744467834190875
86,66666666666667;679,9999999995907;679,6277528005174;599,4702556367214;0,5927861392481268;0,47552668709149104;9,374292565661335;30,54173976315759;888,7324420154085;0,002724503564350389
86,75;679,9999999996014;679,6304574853714;599,6392343152506;0,5927861392481268;0,47552668709149104;9,30617997683214;30,31995681732604;888,742837971728;0,0027046848539768837
86,83333333333333;679,999999999612;679,6331424960084;599,8078472661377;0,5927861392481268;0,47552668709149104;9,238562855750843;30,09978529338557;888,7531592652355;0,002685010637038998
86,91666666666667;679,9999999996221;679,6358079758638;599,9760953121014;0,5927861392481268;0,47552668709149104;9,171437590089226;29,881213470103315;888,7634064265122;0,00266547985538397
87,0;679,9999999996321;679,6384540673225;600,14397927398;0,5927861392481268;0,47552668709149104;9,104800593956952;29,6642297116433;888,7735799824505;0,002646091458670615
87,08333333333333;679,9999999996418;679,6410809117268;600,3114490226111;0,5927861392481268;0,47552668709149104;9,03864830773955;29,44882246704655;888,7836804562778;0,0026268444043201413
87,16666666666667;679,9999999996512;679,6436886493842;600,4785734359814;0,5927861392481268;0,47552668709149104;8,972977197873888;29,2349802695073;888,7937083675811;0,0026077376574488147
87,25;679,9999999996604;679,6462774195751;600,6453531463586;0,5927861392481268;0,47552668709149104;8,907783756674803;29,022691735815773;888,8036642323316;0,002588770190815517
87,33333333333333;679,9999999996693;679,6488473605599;600,8117887853451;0,5927861392481268;0,47552668709149104;8,843064502133302;28,811945565726308;888,8135485629085;0,0025699409847623187
87,41666666666667;679,999999999678;679,6513986095871;600,9778809838762;0,5927861392481268;0,47552668709149104;8,778815977734666;28,602730541342694;888,8233618681222;0,0025512490271576115
87,5;679,9999999996865;679,6539313029004;601,1436303722182;0,5927861392481268;0,47552668709149104;8,71503475227371;28,395035526572446;888,8331046532389;0,0025326933133437883
87,58333333333333;679,9999999996948;679,6564455757465;601,3090375799669;0,5927861392481268;0,47552668709149104;8,65171741965014;28,188849466426;888,8427774200037;0,0025142728460730264
87,66666666666667;679,9999999997028;679,658941562382;601,4741032360455;0,5927861392481268;0,47552668709149104;8,58886059870656;27,984161386537018;888,8523806666644;0,0024959866354610917
87,75;679,9999999997106;679,6614193960809;601,638827968703;0,5927861392481268;0,47552668709149104;8,526460933020985;27,780960392467353;888,8619148879956;0,0024778336989233897
87,83333333333333;679,9999999997182;679,663879209142;601,8032124055126;0,5927861392481268;0,47552668709149104;8,464515090741997;27,579235669190012;888,8713805753193;0,0024598130611261063
87,91666666666667;679,9999999997256;679,666321132896;601,9672571733694;0,5927861392481268;0,47552668709149104;8,403019764404007;27,37897648050325;888,8807782165313;0,0024419237539313144
88,0;679,9999999997328;679,6687452977123;602,1309628984895;0,5927861392481268;0,47552668709149104;8,341971670739667;27,180172168424512;888,8901082961216;0,00242416481634056
88,08333333333333;679,9999999997399;679,6711518330068;602,2943302064078;0,5927861392481268;0,47552668709149104;8,281367550512186;26,982812152644723;888,8993712951983;0,0024065352944439497
88,16666666666667;679,9999999997467;679,6735408672481;602,4573597219763;0,5927861392481268;0,47552668709149104;8,221204168327745;26,78688592993948;888,9085676915097;0,0023890342413649636
88,25;679,9999999997534;679,6759125279654;602,6200520693627;0,5927861392481268;0,47552668709149104;8,161478312464965;26,592383073614705;888,9176979594673;0,002371660717208834
88,33333333333333;679,9999999997599;679,6782669417544;602,7824078720483;0,5927861392481268;0,47552668709149104;8,102186794701538;26,399293232958073;888,9267625701684;0,002354413789011137
88,41666666666667;679,9999999997661;679,680604234285;602,9444277528269;0,5927861392481268;0,47552668709149104;8,04332645013801;26,20760613266166;888,9357619914169;0,002337292530684273
88,5;679,9999999997723;679,682924530308;603,1061123338026;0,5927861392481268;0,47552668709149104;7,984894137027254;26,01731157228487;888,9446966877471;0,0023202960229671016
88,58333333333333;679,9999999997783;679,6852279536614;603,2674622363887;0,5927861392481268;0,47552668709149104;7,926886736606775;25,828399425717322;888,9535671204445;0,002303423353374806
88,66666666666667;679,9999999997841;679,6875146272776;603,4284780813058;0,5927861392481268;0,47552668709149104;7,869301152922503;25,64085964060152;888,9623737475684;0,002286673616145458
88,75;679,9999999997898;679,6897846731897;603,5891604885801;0,5927861392481268;0,47552668709149104;7,812134312663943;25,454682237818737;888,9711170239729;0,0022700459121917003
88,83333333333333;679,9999999997954;679,6920382125387;603,749510077542;0,5927861392481268;0,47552668709149104;7,755383165002172;25,269857310966273;888,9797974013285;0,0022535393490520686
88,91666666666667;679,9999999998008;679,6942753655795;603,9095274668248;0,5927861392481268;0,47552668709149104;7,699044681416467;25,086375025785873;888,9884153281446;0,002237153040838224
89,0;679,9999999998059;679,6964962516877;604,0692132743625;0,5927861392481268;0,47552668709149104;7,643115855532301;24,904225619663965;888,9969712497893;0,002220886108187901
89,08333333333333;679,999999999811;679,6987009893659;604,2285681173886;0,5927861392481268;0,47552668709149104;7,587593702956497;24,72339940109169;889,0054656085117;0,0022047376782149395
89,16666666666667;679,999999999816;679,7008896962503;604,3875926124348;0,5927861392481268;0,47552668709149104;7,532475261129434;24,543886749190975;889,0138988434621;0,002188706884465012
89,25;679,999999999821;679,7030624891172;604,546287375329;0,5927861392481268;0,47552668709149104;7,4777575891431525;24,365678113137218;889,0222713907135;0,002172792866862002
89,33333333333333;679,9999999998256;679,7052194838889;604,7046530211943;0,5927861392481268;0,47552668709149104;7,423437767593555;24,188764011671015;889,0305836832819;0,002156994771662808
89,41666666666667;679,9999999998303;679,7073607956403;604,8626901644469;0,5927861392481268;0,47552668709149104;7,369512898418407;24,01313503258978;889,0388361511473;0,002141311751409832
89,5;679,9999999998347;679,7094865386051;605,0203994187953;0,5927861392481268;0,47552668709149104;7,315980104749542;23,838781832276688;889,047029221274;0,0021257429648870118
89,58333333333333;679,999999999839;679,7115968261821;605,1777813972383;0,5927861392481268;0,47552668709149104;7,2628365307394915;23,66569513512624;889,055163317631;0,002110287577067077
89,66666666666667;679,9999999998432;679,7136917709412;605,3348367120637;0,5927861392481268;0,47552668709149104;7,210079341422215;23,493865733113424;889,0632388612127;0,0020949447590709585
89,75;679,9999999998473;679,7157714846293;605,4915659748473;0,5927861392481268;0,47552668709149104;7,1577057225511;23,323284485265244;889,0712562700585;0,0020797136881190053
89,83333333333333;679,9999999998514;679,7178360781768;605,6479697964505;0,5927861392481268;0,47552668709149104;7,105712880451165;23,153942317186775;889,0792159592729;0,002064593547486921
89,91666666666667;679,9999999998554;679,7198856617033;605,80404878702;0,5927861392481268;0,47552668709149104;7,054098041865586;22,985830220570037;889,0871183410457;0,0020495835264601582
90,0;679,9999999998591;679,7219203445236;605,9598035559853;0,5927861392481268;0,47552668709149104;7,002858453802219;22,81893925270283;889,0949638246711;0,0020346828202883393
90,08333333333333;679,9999999998628;679,7239402351537;606,1152347120584;0,5927861392481268;0,47552668709149104;6,951991383388645;22,653260535994832;889,1027528165678;0,0020198906301414584
90,16666666666667;679,9999999998664;679,7259454413168;606,2703428632316;0,5927861392481268;0,47552668709149104;6,901494117727225;22,48878525751228;889,1104857202984;0,002005206163066687
90,25;679,9999999998699;679,7279360699487;606,4251286167764;0,5927861392481268;0,47552668709149104;6,851363963741619;22,3255046685012;889,1181629365896;0,0019906286319438457
90,33333333333333;679,9999999998734;679,7299122272041;606,5795925792423;0,5927861392481268;0,47552668709149104;6,801598248031837;22,163410083899123;889,1257848633498;0,0019761572554406934
90,41666666666667;679,9999999998766;679,731874018462;606,7337353564552;0,5927861392481268;0,47552668709149104;6,75219431673213;22,002492881892756;889,1333518956897;0,001961791257971566
90,5;679,99999999988;679,7338215483317;606,8875575535163;0,5927861392481268;0,47552668709149104;6,7031495353660375;21,842744503438325;889,1408644259407;0,001947529869653294
90,58333333333333;679,9999999998831;679,7357549206579;607,0410597748008;0,5927861392481268;0,47552668709149104;6,654461288707125;21,684156451836497;889,1483228436739;0,0019333723262652581
90,66666666666667;679,9999999998862;679,7376742385271;607,1942426239561;0,5927861392481268;0,47552668709149104;6,606126980631188;21,526720292229726;889,1557275357186;0,0019193178692035893
90,75;679,9999999998892;679,7395796042725;607,3471067039013;0,5927861392481268;0,47552668709149104;6,558144033976987;21,37042765117143;889,1630788861819;0,0019053657454408683
90,83333333333333;679,9999999998921;679,74147111948;607,4996526168253;0,5927861392481268;0,47552668709149104;6,510509890415506;21,21527021620663;889,1703772764658;0,0018915152074872185
90,91666666666667;679,999999999895;679,7433488849933;607,6518809641857;0,5927861392481268;0,47552668709149104;6,463222010302161;21,061239735386575;889,1776230852871;0,0018777655133457394
91,0;679,9999999998977;679,7452130009198;607,8037923467077;0,5927861392481268;0,47552668709149104;6,416277872540377;20,90832801683214;889,1848166886946;0,0018641159264720728
91,08333333333333;679,9999999999004;679,7470635666355;607,9553873643829;0,5927861392481268;0,47552668709149104;6,369674974448003;20,756526928305867;889,1919584600881;0,00185056571573477
91,16666666666667;679,999999999903;679,7489006807908;608,1066666164676;0,5927861392481268;0,47552668709149104;6,3234108316237325;20,605828396789757;889,1990487702362;0,0018371141553760674
91,25;679,9999999999055;679,7507244413158;608,257630701482;0,5927861392481268;0,47552668709149104;6,277482977804993;20,45622440801135;889,2060879872939;0,0018237605249685747
91,33333333333333;679,999999999908;679,7525349454252;608,408280217209;0,5927861392481268;0,47552668709149104;6,231888964742893;20,307707006055978;889,2130764768211;0,0018105041093790229
91,41666666666667;679,9999999999104;679,7543322896239;608,558615760693;0,5927861392481268;0,47552668709149104;6,186626362071479;20,160268292938795;889,2200146017994;0,0017973441987289005
91,5;679,9999999999128;679,7561165697123;608,7086379282382;0,5927861392481268;0,47552668709149104;6,141692757162787;20,013900428133745;889,2269027226514;0,001784280088351196
91,58333333333333;679,9999999999152;679,757887880791;608,8583473154083;0,5927861392481268;0,47552668709149104;6,097085755013154;19,86859562822888;889,233741197256;0,001771311078757919
91,66666666666667;679,9999999999173;679,7596463172666;609,0077445170248;0,5927861392481268;0,47552668709149104;6,052802978103955;19,724346166443848;889,2405303809678;0,0017584364755964816
91,75;679,9999999999195;679,7613919728562;609,1568301271657;0,5927861392481268;0,47552668709149104;6,008842066268016;19,581144372227758;889,247270626633;0,0017456555896119778
91,83333333333333;679,9999999999217;679,7631249405929;609,3056047391649;0,5927861392481268;0,47552668709149104;5,965200676581617;19,438982630900178;889,2539622846076;0,0017329677366141585
91,91666666666667;679,9999999999237;679,7648453128303;609,4540689456107;0,5927861392481268;0,47552668709149104;5,921876483219535;19,29785338319155;889,2606057027739;0,0017203722374350492
92,0;679,9999999999256;679,7665531812481;609,602223338345;0,5927861392481268;0,47552668709149104;5,878867177335678;19,157749124838244;889,2672012265571;0,001707868417892053
92,08333333333333;679,9999999999277;679,7682486368569;609,7500685084615;0,5927861392481268;0,47552668709149104;5,836170466938029;19,01866240620625;889,2737491989432;0,0016954556087526338
92,16666666666667;679,9999999999296;679,7699317700026;609,8976050463056;0,5927861392481268;0,47552668709149104;5,7937840767692705;18,880585831889114;889,2802499604953;0,0016831331456976504
92,25;679,9999999999314;679,7716026703719;610,0448335414725;0,5927861392481268;0,47552668709149104;5,75170574817605;18,743512060302923;889,2867038493694;0,0016709003692837313
92,33333333333333;679,9999999999333;679,7732614269968;610,1917545828068;0,5927861392481268;0,47552668709149104;5,709933238989606;18,607433803272723;889,2931112013321;0,001658756624905848
92,41666666666667;679,999999999935;679,7749081282595;610,3383687584007;0,5927861392481268;0,47552668709149104;5,668464323412081;18,4723438257022;889,2994723497766;0,0016467012627659813
92,5;679,9999999999367;679,7765428618974;610,4846766555938;0,5927861392481268;0,47552668709149104;5,627296791885783;18,338234945122753;889,3057876257387;0,0016347336378324051
92,58333333333333;679,9999999999384;679,7781657150072;610,6306788609714;0,5927861392481268;0,47552668709149104;5,586428450982339;18,20510003135456;889,3120573579137;0,001622853109807988
92,66666666666667;679,99999999994;679,7797767740502;610,7763759603639;0,5927861392481268;0,47552668709149104;5,545857123280484;18,07293200610161;889,3182818726715;0,0016110590430932232
92,75;679,9999999999416;679,7813761248569;610,9217685388454;0,5927861392481268;0,47552668709149104;5,505580647243846;17,941723842566812;889,3244614940737;0,0015993508067506496
92,83333333333333;679,9999999999432;679,7829638526314;611,0668571807332;0,5927861392481268;0,47552668709149104;5,465596877115786;17,81146856510159;889,330596543889;0,0015877277744727964
92,91666666666667;679,9999999999446;679,7845400419559;611,2116424695864;0,5927861392481268;0,47552668709149104;5,425903682794342;17,682159248820998;889,3366873416087;0,0015761893245464385
93,0;679,9999999999461;679,7861047767957;611,3561249882052;0,5927861392481268;0,47552668709149104;5,386498949718543;17,55378901921599;889,3427342044629;0,0015647348398174436
93,08333333333333;679,9999999999475;679,7876581405034;611,5003053186299;0,5927861392481268;0,47552668709149104;5,347380578760408;17,42635105181448;889,348737447436;0,0015533637076593505
93,16666666666667;679,9999999999488;679,7892002158233;611,6441840421396;0,5927861392481268;0,47552668709149104;5,308546486102728;17,299838571793583;889,3546973832815;0,0015420753199376627
93,25;679,9999999999502;679,7907310848963;611,7877617392519;0,5927861392481268;0,47552668709149104;5,269994603139594;17,174244853646464;889,3606143225384;0,0015308690729794292
93,33333333333333;679,9999999999515;679,7922508292638;611,9310389897213;0,5927861392481268;0,47552668709149104;5,231722876348499;17,04956322078309;889,3664885735462;0,0015197443675363906
93,41666666666667;679,9999999999528;679,7937595298725;612,074016372539;0,5927861392481268;0,47552668709149104;5,193729267190861;16,925787045197033;889,3723204424597;0,0015087006087545869
93,5;679,9999999999541;679,7952572670787;612,2166944659311;0,5927861392481268;0,47552668709149104;5,156011752006862;16,802909747135192;889,3781102332639;0,001497737206143786
93,58333333333333;679,9999999999552;679,7967441206522;612,3590738473589;0,5927861392481268;0,47552668709149104;5,118568321884709;16,680924794664076;889,3838582477904;0,0014868535735381224
93,66666666666667;679,9999999999565;679,7982201697813;612,5011550935168;0,5927861392481268;0,47552668709149104;5,08139698257537;16,55982570341417;889,3895647857303;0,0014760491290720045
93,75;679,9999999999576;679,7996854930765;612,6429387803321;0,5927861392481268;0,47552668709149104;5,044495754378886;16,43960603620081;889,3952301446508;0,0014653232951456641
93,83333333333333;679,9999999999586;679,8011401685749;612,7844254829643;0,5927861392481268;0,47552668709149104;5,007862672027841;16,320259402636427;889,4008546200087;0,0014546754983899408
93,91666666666667;679,9999999999598;679,8025842737445;612,9256157758035;0,5927861392481268;0,47552668709149104;4,971495784593571;16,201779458857704;889,406438505165;0,001444105169640468
94,0;679,9999999999608;679,8040178854884;613,0665102324705;0,5927861392481268;0,47552668709149104;4,935393155381007;16,084159907155023;889,4119820914009;0,0014336117439044233
94,08333333333333;679,9999999999619;679,8054410801487;613,2071094258152;0,5927861392481268;0,47552668709149104;4,899552861809298;15,967394495613481;889,4174856679299;0,0014231946603271218
94,16666666666667;679,9999999999628;679,8068539335109;613,3474139279164;0,5927861392481268;0,47552668709149104;4,863972995329391;15,85147701783138;889,4229495219143;0,0014128533621664125
94,25;679,9999999999638;679,8082565208076;613,4874243100803;0,5927861392481268;0,47552668709149104;4,828651661298977;15,73640131250951;889,428373938478;0,0014025872967553786
94,33333333333333;679,9999999999649;679,8096489167231;613,6271411428406;0,5927861392481268;0,47552668709149104;4,793586978905751;15,622161263224251;889,433759200721;0,001392395915480871
94,41666666666667;679,9999999999657;679,8110311953968;613,7665649959569;0,5927861392481268;0,47552668709149104;4,758777081045196;15,508750798022575;889,4391055897338;0,0013822786737468086
94,5;679,9999999999667;679,8124034304278;613,9056964384142;0,5927861392481268;0,47552668709149104;4,7242201142211115;15,396163889097496;889,4444133846113;0,0013722350309445291
94,58333333333333;679,9999999999675;679,8137656948783;614,0445360384226;0,5927861392481268;0,47552668709149104;4,689914238471715;15,284394552552547;889,4496828624657;0,0013622644504309633
94,66666666666667;679,9999999999684;679,8151180612778;614,1830843634158;0,5927861392481268;0,47552668709149104;4,655857627230375;15,173436847959453;889,4549142984413;0,0013523663994882576
94,75;679,9999999999692;679,8164606016271;614,3213419800508;0,5927861392481268;0,47552668709149104;4,622048467265927;15,06328487814559;889,4601079657278;0,0013425403493045093
94,83333333333333;679,99999999997;679,817793387402;614,4593094542071;0,5927861392481268;0,47552668709149104;4,5884849585519305;14,953932788794742;889,4652641355744;0,0013327857749369277
94,91666666666667;679,9999999999708;679,8191164895574;614,5969873509861;0,5927861392481268;0,47552668709149104;4,555165314198462;14,845374768214462;889,470383077302;0,0013231021552906382
95,0;679,9999999999716;679,8204299785305;614,7343762347101;0,5927861392481268;0,47552668709149104;4,52208776033558;14,737605046954053;889,4754650583182;0,0013134889730840084
95,08333333333333;679,9999999999723;679,8217339242453;614,871476668922;0,5927861392481268;0,47552668709149104;4,489250536028067;14,630617897551822;889,480510344129;0,0013039457148249355
95,16666666666667;679,999999999973;679,8230283961161;615,0082892163841;0,5927861392481268;0,47552668709149104;4,4566518931731025;14,524407634176049;889,4855191983537;0,0012944718707787295
95,25;679,9999999999737;679,8243134630511;615,144814439078;0,5927861392481268;0,47552668709149104;4,424290096423533;14,418968612395204;889,4904918827365;0,0012850669349465688
95,33333333333333;679,9999999999744;679,8255891934562;615,2810528982035;0,5927861392481268;0,47552668709149104;4,392163423065654;14,314295228781594;889,4954286571606;0,001275730405029499
95,41666666666667;679,9999999999751;679,8268556552385;615,417005154178;0,5927861392481268;0,47552668709149104;4,360270162956681;14,210381920698806;889,5003297796605;0,0012664617824090499
95,5;679,9999999999758;679,8281129158106;615,5526717666363;0,5927861392481268;0,47552668709149104;4,328608618413909;14,107223165957045;889,5051955064355;0,0012572605721155564
95,58333333333333;679,9999999999764;679,8293610420934;615,6880532944293;0,5927861392481268;0,47552668709149104;4,297177104129446;14,004813482531658;889,5100260918616;0,0012481262828025403
95,66666666666667;679,999999999977;679,8306001005201;615,8231502956239;0,5927861392481268;0,47552668709149104;4,265973947073576;13,903147428244313;889,5148217885057;0,0012390584267177797
95,75;679,9999999999776;679,8318301570398;615,9579633275022;0,5927861392481268;0,47552668709149104;4,234997486423708;13,802219600550462;889,5195828471362;0,0012300565196833818
95,83333333333333;679,9999999999783;679,8330512771208;616,0924929465606;0,5927861392481268;0,47552668709149104;4,204246073445006;13,702024636131476;889,5243095167376;0,0012211200810592461
95,91666666666667;679,9999999999789;679,8342635257545;616,2267397085099;0,5927861392481268;0,47552668709149104;4,173718071436383;13,602557210733808;889,5290020445209;0,0012122486337278401
96,0;679,9999999999793;679,8354669674586;616,3607041682741;0,5927861392481268;0,47552668709149104;4,143411855608292;13,503812038775498;889,5336606759377;0,0012034417040584695
96,08333333333333;679,9999999999799;679,8366616662805;616,4943868799902;0,5927861392481268;0,47552668709149104;4,1133258130173544;13,405783873133624;889,5382856546919;0,0011946988218877641
96,16666666666667;679,9999999999804;679,837847685801;616,6277883970073;0,5927861392481268;0,47552668709149104;4,083458342483937;13,308467504865702;889,5428772227514;0,0011860195204945179
96,25;679,9999999999809;679,8390250891375;616,7609092718865;0,5927861392481268;0,47552668709149104;4,05380785448699;13,211857762885117;889,5474356203604;0,0011774033365698371
96,33333333333333;679,9999999999815;679,8401939389477;616,8937500563998;0,5927861392481268;0,47552668709149104;4,024372771084472;13,115949513694021;889,5519610860524;0,00116884981019297
96,41666666666667;679,9999999999819;679,8413542974325;617,02631130153;0,5927861392481268;0,47552668709149104;3,995151525845131;13,020737661173646;889,556453856661;0,0011603584848118302
96,5;679,9999999999824;679,8425062263398;617,1585935574701;0,5927861392481268;0,47552668709149104;3,96614256373482;12,92621714619656;889,5609141673327;0,001151928907208286
96,58333333333333;679,9999999999828;679,8436497869673;617,2905973736227;0,5927861392481268;0,47552668709149104;3,937344341065341;12,832382946491673;889,5653422515372;0,0011435606274849564
96,66666666666667;679,9999999999833;679,8447850401662;617,4223232985996;0,5927861392481268;0,47552668709149104;3,9087553253892793;12,73923007627085;889,569738341081;0,0011352531990320755
96,75;679,9999999999837;679,8459120463448;617,5537718802211;0,5927861392481268;0,47552668709149104;3,880373995426112;12,64675358601349;889,5741026661174;0,001127006178507269
96,83333333333333;679,9999999999842;679,8470308654706;617,6849436655157;0,5927861392481268;0,47552668709149104;3,852198840974097;12,554948562173562;889,5784354551599;0,001118819125809079
96,91666666666667;679,9999999999847;679,8481415570747;617,8158392007197;0,5927861392481268;0,47552668709149104;3,8242283628392215;12,463810126949827;889,5827369350919;0,001110691604055969
97,0;679,999999999985;679,8492441802542;617,9464590312765;0,5927861392481268;0,47552668709149104;3,796461072749935;12,373333438004362;889,5870073311785;0,0011026231795608445
97,08333333333333;679,9999999999854;679,8503387936761;618,0768037018364;0,5927861392481268;0,47552668709149104;3,768895493269042;12,283513688189695;889,5912468670789;0,0010946134218059668
97,16666666666667;679,9999999999858;679,8514254555795;618,206873756256;0,5927861392481268;0,47552668709149104;3,7415301577340188;12,194346105347753;889,5954557648566;0,0010866619034247146
97,25;679,9999999999861;679,8525042237796;618,3366697375976;0,5927861392481268;0,47552668709149104;3,714363610157534;12,105825951991044;889,5996342449906;0,0010787682001726084
97,33333333333333;679,9999999999865;679,8535751556706;618,4661921881293;0,5927861392481268;0,47552668709149104;3,687394405162081;12,01794852508724;889,6037825263872;0,0010709318909077124
97,41666666666667;679,9999999999869;679,8546383082281;618,595441649324;0,5927861392481268;0,47552668709149104;3,660621107897555;11,930709155792064;889,6079008263907;0,0010631525575663628
97,5;679,9999999999873;679,8556937380133;618,7244186618594;0,5927861392481268;0,47552668709149104;3,6340422939701966;11,844103209230994;889,6119893607938;0,0010554297851430015
97,58333333333333;679,9999999999875;679,856741501175;618,8531237656175;0,5927861392481268;0,47552668709149104;3,6076565493488033;11,758126084183328;889,6160483438493;0,0010477631616618089
97,66666666666667;679,999999999988;679,8577816534531;618,981557499684;0,5927861392481268;0,47552668709149104;3,581462470313568;11,672773212915583;889,6200779882803;0,001040152278161433
97,75;679,9999999999882;679,8588142501818;619,1097204023482;0,5927861392481268;0,47552668709149104;3,555458663370814;11,588040060908652;889,6240785052914;0,001032596728670155
97,83333333333333;679,9999999999885;679,859839346292;619,2376130111027;0,5927861392481268;0,47552668709149104;3,5296437451592055;11,503922126573432;889,6280501045794;0,0010250961101796934
97,91666666666667;679,9999999999887;679,8608569963146;619,3652358626424;0,5927861392481268;0,47552668709149104;3,504016342412797;11,420414941092869;889,6319929943429;0,0010176500226315094
98,0;679,9999999999891;679,8618672543835;619,4925894928652;0,5927861392481268;0,47552668709149104;3,478575091853031;11,337514068100264;889,6359073812941;0,0010102580688871091
98,08333333333333;679,9999999999894;679,8628701742382;619,6196744368708;0,5927861392481268;0,47552668709149104;3,4533186401404237;11,255215103521296;889,6397934706687;0,001002919854713585
98,16666666666667;679,9999999999897;679,8638658092269;619,7464912289605;0,5927861392481268;0,47552668709149104;3,4282456437807696;11,173513675255215;889,6436514662362;0,0009956349887550937
98,25;679,99999999999;679,8648542123094;619,8730404026373;0,5927861392481268;0,47552668709149104;3,403354769068301;11,092405443013988;889,6474815703102;0,0009884030825176322
98,33333333333333;679,9999999999902;679,8658354360598;619,9993224906053;0,5927861392481268;0,47552668709149104;3,378644692014632;11,011886098060934;889,6512839837587;0,0009812237503459957
98,41666666666667;679,9999999999905;679,8668095326692;620,1253380247693;0,5927861392481268;0,47552668709149104;3,354114098260652;10,931951362960836;889,6550589060147;0,0009740966094003595
98,5;679,9999999999907;679,8677765539488;620,2510875362348;0,5927861392481268;0,47552668709149104;3,3297616830310517;10,852596991401864;889,6588065350852;0,0009670212796406726
98,58333333333333;679,999999999991;679,8687365513326;620,3765715553071;0,5927861392481268;0,47552668709149104;3,3055861510462137;10,773818767937081;889,6625270675623;0,0009599973838026631
98,66666666666667;679,9999999999912;679,86968957588;620,5017906114921;0,5927861392481268;0,47552668709149104;3,2815862164596865;10,695612507748912;889,6662206986327;0,000953024547377162
98,75;679,9999999999915;679,8706356782786;620,6267452334948;0,5927861392481268;0,47552668709149104;3,2577606027814454;10,617974056436603;889,6698876220878;0,000946102398590028
98,83333333333333;679,9999999999917;679,871574908847;620,7514359492202;0,5927861392481268;0,47552668709149104;3,234108042821049;10,5408992898123;889,6735280303333;0,0009392305683840238
98,91666666666667;679,9999999999918;679,8725073175374;620,8758632857721;0,5927861392481268;0,47552668709149104;3,2106272786165846;10,46438411367126;889,6771421143987;0,0009324086903979638
99,0;679,999999999992;679,8734329539383;621,0000277694533;0,5927861392481268;0,47552668709149104;3,1873170613607726;10,388424463556333;889,6807300639474;0,0009256364009452829
99,08333333333333;679,9999999999923;679,8743518672773;621,1239299257654;0,5927861392481268;0,47552668709149104;3,1641761513441224;10,313016304574148;889,6842920672868;0,0009189133389972951
99,16666666666667;679,9999999999925;679,8752641064234;621,2475702794085;0,5927861392481268;0,47552668709149104;3,141203317875352;10,238155631133727;889,6878283113771;0,0009122391461596245
99,25;679,9999999999927;679,8761697198901;621,3709493542809;0,5927861392481268;0,47552668709149104;3,1183973392273856;10,163838466777037;889,6913389818405;0,0009056134666566454
99,33333333333333;679,9999999999928;679,8770687558374;621,4940676734791;0,5927861392481268;0,47552668709149104;3,0957570025663017;10,090060863949201;889,694824262972;0,0008990359473106578
99,41666666666667;679,9999999999931;679,8779612620749;621,6169257592974;0,5927861392481268;0,47552668709149104;3,073281103885961;10,016818903774471;889,6982843377469;0,0008925062375218421
99,5;679,9999999999933;679,8788472860641;621,7395241332277;0,5927861392481268;0,47552668709149104;3,0509684479540056;9,944108695898258;889,7017193878316;0,0008860239892535001
99,58333333333333;679,9999999999934;679,8797268749212;621,8618633159597;0,5927861392481268;0,47552668709149104;3,028817848229437;9,871926378202778;889,7051295935923;0,0008795888570067458
99,66666666666667;679,9999999999936;679,880600075419;621,98394382738;0,5927861392481268;0,47552668709149104;3,0068281268057717;9,80026811664333;889,7085151341048;0,0008732004978051678
99,75;679,9999999999937;679,8814669339902;622,1057661865727;0,5927861392481268;0,47552668709149104;2,984998114365567;9,72913010508747;889,7118761871618;0,0008668585711804716
99,83333333333333;679,999999999994;679,8823274967293;622,2273309118189;0,5927861392481268;0,47552668709149104;2,9633266500894706;9,658508565013406;889,7152129292836;0,0008605627391454237
99,91666666666667;679,9999999999941;679,8831818093955;622,3486385205963;0,5927861392481268;0,47552668709149104;2,941812581616432;9,588399745397993;889,7185255357274;0,0008543126661832175
100,0;679,9999999999943;679,8840299174148;622,4696895295798;0,5927861392481268;0,47552668709149104;2,92045476496412;9,518799922455361;889,7218141804946;0,0008481080192239457
100,08333333333333;679,9999999999944;679,8848718658824;622,5904844546404;0,5927861392481268;0,47552668709149104;2,899252064489133;9,44970539949043;889,7250790363407;0,0008419484676316229
100,16666666666667;679,9999999999945;679,8857076995655;622,7110238108461;0,5927861392481268;0,47552668709149104;2,8782033528017337;9,38111250664615;889,7283202747843;0,0008358336831808657
100,25;679,9999999999948;679,8865374629055;622,8313081124608;0,5927861392481268;0,47552668709149104;2,8573075107260593;9,313017600765646;889,731538066115;0,0008297633400445124
100,33333333333333;679,9999999999949;679,8873612000202;622,9513378729449;0,5927861392481268;0,47552668709149104;2,8365634272319085;9,245417065162426;889,734732579403;0,0008237371147730387
100,41666666666667;679,999999999995;679,8881789547065;623,071113604955;0,5927861392481268;0,47552668709149104;2,81596999936653;9,178307309410721;889,7379039825073;0,000817754686275352
100,5;679,9999999999951;679,8889907704423;623,1906358203438;0,5927861392481268;0,47552668709149104;2,7955261322119895;9,111684769201863;889,7410524420839;0,0008118157358058354
100,58333333333333;679,9999999999952;679,8897966903893;623,3099050301598;0,5927861392481268;0,47552668709149104;2,7752307388198005;9,045545906140369;889,7441781235946;0,0008059199469457331
100,66666666666667;679,9999999999953;679,8905967573949;623,4289217446476;0,5927861392481268;0,47552668709149104;2,7550827401483957;8,979887207519896;889,7472811913158;0,0008000670055833624
100,75;679,9999999999955;679,8913910139947;623,5476864732476;0,5927861392481268;0,47552668709149104;2,7350810650119683;8,914705186185389;889,7503618083465;0,0007942565999009805
100,83333333333333;679,9999999999956;679,892179502415;623,666199724596;0,5927861392481268;0,47552668709149104;2,7152246500179444;8,849996380311898;889,7534201366165;0,0007884884203551988
100,91666666666667;679,9999999999958;679,8929622645747;623,7844620065249;0,5927861392481268;0,47552668709149104;2,6955124395129815;8,785757353238017;889,756456336895;0,0007827621596617052
101,0;679,9999999999958;679,8937393420875;623,902473826062;0,5927861392481268;0,47552668709149104;2,675943385526125;8,721984693270548;889,7594705687993;0,0007770775127778347
101,08333333333333;679,999999999996;679,8945107762644;624,0202356894306;0,5927861392481268;0,47552668709149104;2,656516447706281;8,65867501349782;889,7624629908015;0,0007714341768853477
101,16666666666667;679,999999999996;679,8952766081158;624,1377481020498;0,5927861392481268;0,47552668709149104;2,637230593290951;8,59582495167767;889,7654337602373;0,0007658318513804304
101,25;679,9999999999961;679,8960368783536;624,2550115685344;0,5927861392481268;0,47552668709149104;2,618084797006759;8,533431169915753;889,7683830333154;0,0007602702378447544
101,33333333333333;679,9999999999962;679,8967916273937;624,3720265926946;0,5927861392481268;0,47552668709149104;2,5990780410637626;8,47149035465118;889,7713109651233;0,0007547490400438897
101,41666666666667;679,9999999999964;679,8975408953576;624,4887936775365;0,5927861392481268;0,47552668709149104;2,580209315064508;8,409999216352068;889,7742177096368;0,0007492679639001255
101,5;679,9999999999965;679,898284722075;624,6053133252616;0,5927861392481268;0,47552668709149104;2,5614776159699204;8,348954489417878;889,7771034197265;0,000743826717483271
101,58333333333333;679,9999999999966;679,899023147086;624,7215860372673;0,5927861392481268;0,47552668709149104;2,5428819480367792;8,288352931972613;889,7799682471671;0,0007384250109920811
101,66666666666667;679,9999999999966;679,8997562096428;624,8376123141467;0,5927861392481268;0,47552668709149104;2,5244213227637147;8,228191325686755;889,7828123426449;0,0007330625567382235
101,75;679,9999999999967;679,9004839487119;624,9533926556882;0,5927861392481268;0,47552668709149104;2,506094758845734;8,168466475619272;889,785635855764;0,0007277390691322013
101,83333333333333;679,9999999999968;679,9012064029765;625,0689275608762;0,5927861392481268;0,47552668709149104;2,4879012821202195;8,109175210068281;889,7884389350561;0,0007224542646692843
101,91666666666667;679,9999999999969;679,9019236108385;625,1842175278911;0,5927861392481268;0,47552668709149104;2,4698399255072445;8,050314380358493;889,7912217279865;0,00071720786191075
102,0;679,999999999997;679,9026356104199;625,2992630541088;0,5927861392481268;0,47552668709149104;2,4519097289612546;7,991880860686117;889,7939843809629;0,0007119995814698146
102,08333333333333;679,999999999997;679,9033424395659;625,4140646361013;0,5927861392481268;0,47552668709149104;2,434109739428436;7,933871547986732;889,7967270393412;0,0007068291459995269
102,16666666666667;679,9999999999972;679,9040441358461;625,5286227696366;0,5927861392481268;0,47552668709149104;2,416439010778504;7,876283361714138;889,7994498474354;0,0007016962801728438
102,25;679,9999999999973;679,9047407365567;625,6429379496785;0,5927861392481268;0,47552668709149104;2,3988966037762793;7,819113243734069;889,8021529485228;0,0006966007106732608
102,33333333333333;679,9999999999973;679,9054322787229;625,7570106703872;0,5927861392481268;0,47552668709149104;2,3814815860134786;7,762358158123153;889,8048364848519;0,000691542166176267
102,41666666666667;679,9999999999974;679,9061187991002;625,8708414251189;0,5927861392481268;0,47552668709149104;2,3641930318603954;7,706015090996562;889,8075005976508;0,0006865203773341162
102,5;679,9999999999974;679,906800334177;625,9844307064262;0,5927861392481268;0,47552668709149104;2,347030022428953;7,650081050398885;889,8101454271336;0,0006815350767656878
102,58333333333333;679,9999999999975;679,907476920176;626,0977790060581;0,5927861392481268;0,47552668709149104;2,3299916455101766;7,594553066097313;889,8127711125067;0,0006765859990379453
102,66666666666667;679,9999999999976;679,9081485930567;626,2108868149601;0,5927861392481268;0,47552668709149104;2,3130769955372443;7,539428189455271;889,8153777919779;0,000671672880654625
102,75;679,9999999999976;679,9088153885167;626,3237546232743;0,5927861392481268;0,47552668709149104;2,2962851735229606;7,484703493242846;889,817965602762;0,0006667954600388758
102,83333333333333;679,9999999999976;679,9094773419943;626,4363829203397;0,5927861392481268;0,47552668709149104;2,279615287022807;7,430376071501797;889,8205346810882;0,0006619534775213671
102,91666666666667;679,9999999999977;679,9101344886695;626,5487721946921;0,5927861392481268;0,47552668709149104;2,263066450083784;7,376443039387579;889,8230851622081;0,0006571466753258608
103,0;679,9999999999978;679,9107868634671;626,6609229340643;0,5927861392481268;0,47552668709149104;2,246637783204619;7,322901533048711;889,8256171804005;0,0006523747975581096
103,08333333333333;679,9999999999978;679,9114345010573;626,7728356253862;0,5927861392481268;0,47552668709149104;2,230328413267557;7,269748709385511;889,8281308689809;0,000647637590184593
103,16666666666667;679,999999999998;679,9120774358584;626,8845107547853;0,5927861392481268;0,47552668709149104;2,2141374735127783;7,216981745984032;889,830626360306;0,0006429348010261108
103,25;679,999999999998;679,9127157020381;626,9959488075864;0,5927861392481268;0,47552668709149104;2,1980641034900827;7,1645978409552225;889,8331037857822;0,000638266179743362
103,33333333333333;679,9999999999981;679,913349333516;627,107150268312;0,5927861392481268;0,47552668709149104;2,182107448996362;7,112594212725246;889,8355632758717;0,0006336314778182323
103,41666666666667;679,9999999999981;679,9139783639645;627,2181156206824;0,5927861392481268;0,47552668709149104;2,1662666620528626;7,060968099966557;889,8380049600992;0,00062903044854739
103,5;679,9999999999981;679,9146028268115;627,3288453476159;0,5927861392481268;0,47552668709149104;2,1505409008398146;7,009716761388222;889,840428967058;0,000624462847023383
103,58333333333333;679,9999999999982;679,9152227552415;627,439339931229;0,5927861392481268;0,47552668709149104;2,1349293296651695;6,958837475632524;889,8428354244181;0,0006199284301253068
103,66666666666667;679,9999999999983;679,9158381821981;627,5495998528368;0,5927861392481268;0,47552668709149104;2,1194311189162818;6,908327541114115;889,8452244589316;0,0006154269565043999
103,75;679,9999999999983;679,9164491403847;627,6596255929526;0,5927861392481268;0,47552668709149104;2,1040454450059087;6,858184275847686;889,8475961964399;0,000610958186568466
103,83333333333333;679,9999999999983;679,9170556622671;627,7694176312888;0,5927861392481268;0,47552668709149104;2,088771490340946;6,808405017353178;889,8499507618792;0,0006065218824731376
103,91666666666667;679,9999999999984;679,9176577800752;627,8789764467567;0,5927861392481268;0,47552668709149104;2,073608443279795;6,758987122503562;889,8522882792876;0,0006021178081084517
104,0;679,9999999999984;679,9182555258043;627,9883025174669;0,5927861392481268;0,47552668709149104;2,058555498081205;6,7099279673726056;889,8546088718119;0,000597745729084842
104,08333333333333;679,9999999999984;679,918848931217;628,0973963207293;0,5927861392481268;0,47552668709149104;2,0436118548531113;6,661224947059667;889,8569126617136;0,0005934054127175719
104,16666666666667;679,9999999999984;679,919438027845;628,2062583330538;0,5927861392481268;0,47552668709149104;2,0287767195355855;6,612875475635129;889,8591997703745;0,0005890966280217158
104,25;679,9999999999985;679,9200228469907;628,3148890301499;0,5927861392481268;0,47552668709149104;2,0140493038354634;6,5648769859335925;889,8614703183041;0,0005848191456934698
104,33333333333333;679,9999999999985;679,9206034197288;628,4232888869274;0,5927861392481268;0,47552668709149104;1,999428825195082;6,517226929444736;889,8637244251452;0,0005805727381004489
104,41666666666667;679,9999999999986;679,921179776908;628,5314583774966;0,5927861392481268;0,47552668709149104;1,9849145067439622;6,469922776166829;889,8659622096797;0,000576357179268278
104,5;679,9999999999986;679,921751949153;628,6393979751685;0,5927861392481268;0,47552668709149104;1,9705055772647029;6,422962014488975;889,8681837898362;0,0005721722448701093
104,58333333333333;679,9999999999986;679,9223199668652;628,7471081524551;0,5927861392481268;0,47552668709149104;1,956201271141822;6,376342151015903;889,8703892826942;0,0005680177122110664
104,66666666666667;679,9999999999986;679,9228838602254;628,8545893810693;0,5927861392481268;0,47552668709149104;1,9420008283361767;6,330060710507652;889,8725788044912;0,0005638933602222632
104,75;679,9999999999987;679,9234436591948;628,9618421319259;0,5927861392481268;0,47552668709149104;1,9279034943309625;6,28411523568426;889,8747524706288;0,0005597989694436867
104,83333333333333;679,9999999999987;679,9239993935169;629,0688668751413;0,5927861392481268;0,47552668709149104;1,913908520097607;6,2385032871252335;889,8769103956784;0,0005557343220148961
104,91666666666667;679,9999999999989;679,9245510927185;629,1756640800342;0,5927861392481268;0,47552668709149104;1,9000151620474526;6,193222443105839;889,8790526933867;0,0005516992016604524
105,0;679,9999999999989;679,9250987861121;629,2822342151252;0,5927861392481268;0,47552668709149104;1,88622268200902;6,148270299533902;889,8811794766826;0,000547693393683941
105,08333333333333;679,9999999999989;679,9256425027971;629,3885777481381;0,5927861392481268;0,47552668709149104;1,872530347168322;6,10364446974589;889,8832908576819;0,0005437166849498868
105,16666666666667;679,9999999999989;679,926182271661;629,4946951459996;0,5927861392481268;0,47552668709149104;1,8589374300432837;6,059342584420741;889,8853869476943;0,000539768863876022
105,25;679,9999999999989;679,9267181213814;629,6005868748395;0,5927861392481268;0,47552668709149104;1,8454432084467953;6,015362291476464;889,8874678572276;0,000535849720423607
105,33333333333333;679,999999999999;679,9272500804275;629,7062533999913;0,5927861392481268;0,47552668709149104;1,832046965435552;5,971701255886316;889,8895336959953;0,0005319590460813005
105,41666666666667;679,999999999999;679,9277781770613;629,8116951859926;0,5927861392481268;0,47552668709149104;1,818747989287317;5,928357159615616;889,89158457292;0,0005280966338591937
105,5;679,9999999999991;679,9283024393396;629,9169126965852;0,5927861392481268;0,47552668709149104;1,8055455734412362;5,885327701426431;889,8936205961415;0,000524262278271319
105,58333333333333;679,9999999999991;679,928822895115;630,0219063947155;0,5927861392481268;0,47552668709149104;1,792439016486469;5,8426105968344935;889,895641873021;0,0005204557753318327
105,66666666666667;679,9999999999991;679,9293395720375;630,1266767425351;0,5927861392481268;0,47552668709149104;1,779427622102503;5,800203577919637;889,8976485101464;0,0005166769225379191
105,75;679,9999999999991;679,9298524975563;630,2312242014006;0,5927861392481268;0,47552668709149104;1,7665106990392587;5,7581043932654765;889,8996406133382;0,0005129255188642203
105,83333333333333;679,9999999999991;679,930361698921;630,3355492318744;0,5927861392481268;0,47552668709149104;1,753687561068773;5,716310807798565;889,9016182876557;0,0005092013647484757
105,91666666666667;679,9999999999991;679,9308672031831;630,4396522937252;0,5927861392481268;0,47552668709149104;1,7409575269510924;5,6748206026677614;889,9035816374013;0,0005055042620808742
106,0;679,9999999999992;679,9313690371973;630,5435338459278;0,5927861392481268;0,47552668709149104;1,7283199204001676;5,633631575158061;889,905530766127;0,0005018340141957566
106,08333333333333;679,9999999999992;679,9318672276232;630,6471943466638;0,5927861392481268;0,47552668709149104;1,7157740700469049;5,592741538541245;889,9074657766387;0,0004981904258588193
106,16666666666667;679,9999999999992;679,9323618009265;630,7506342533223;0,5927861392481268;0,47552668709149104;1,703319309399376;5,552148321969601;889,9093867710019;0,000494573303257061
106,25;679,9999999999992;679,9328527833806;630,8538540224998;0,5927861392481268;0,47552668709149104;1,6909549768172383;5,511849770381149;889,9112938505472;0,0004909824539904846
106,33333333333333;679,9999999999993;679,9333402010676;630,9568541100007;0,5927861392481268;0,47552668709149104;1,6786804154662605;5,47184374435315;889,9131871158755;0,00048741768705891727
106,41666666666667;679,9999999999993;679,9338240798804;631,0596349708377;0,5927861392481268;0,47552668709149104;1,6664949732927425;5,432128120024558;889,915066666863;0,0004838788128548909
106,5;679,9999999999993;679,9343044455236;631,1621970592324;0,5927861392481268;0,47552668709149104;1,654398002972357;5,392700788926564;889,9169326026666;0,00048036564314851097
106,58333333333333;679,9999999999993;679,9347813235147;631,2645408286156;0,5927861392481268;0,47552668709149104;1,642388861893096;5,353559657916526;889,9187850217295;0,0004768779910817026
106,66666666666667;679,9999999999993;679,9352547391859;631,3666667316276;0,5927861392481268;0,47552668709149104;1,6304669121154802;5,3147026490745795;889,9206240217851;0,00047341567115836226
106,75;679,9999999999993;679,9357247176852;631,4685752201185;0,5927861392481268;0,47552668709149104;1,6186315203356116;5,276127699551399;889,9224496998629;0,00046997849923137577
106,83333333333333;679,9999999999993;679,9361912839777;631,5702667451493;0,5927861392481268;0,47552668709149104;1,606882057853909;5,237832761493529;889,9242621522934;0,00046656629249531125
106,91666666666667;679,9999999999993;679,9366544628472;631,6717417569914;0,5927861392481268;0,47552668709149104;1,5952179005410017;5,199815801922746;889,9260614747132;0,00046317886947578734
107,0;679,9999999999994;679,9371142788972;631,7730007051277;0,5927861392481268;0,47552668709149104;1,5836384288036243;5,162074802615427;889,9278477620696;0,00045981605001884176
107,08333333333333;679,9999999999994;679,9375707565524;631,8740440382529;0,5927861392481268;0,47552668709149104;1,5721430275561943;5,124607760024999;889,929621108626;0,0004564776552836276
107,16666666666667;679,9999999999994;679,9380239200601;631,9748722042738;0,5927861392481268;0,47552668709149104;1,5607310861753376;5,087412685129709;889,9313816079663;0,00045316350772885475
107,25;679,9999999999994;679,9384737934912;632,0754856503097;0,5927861392481268;0,47552668709149104;1,5494019984828356;5,050487603375186;889,9331293530006;0,0004498734311076333
107,33333333333333;679,9999999999994;679,9389204007416;632,1758848226933;0,5927861392481268;0,47552668709149104;1,5381551627058343;5,01383055454231;889,9348644359688;0,0004466072504556772
107,41666666666667;679,9999999999994;679,9393637655337;632,2760701669707;0,5927861392481268;0,47552668709149104;1,5269899814455812;4,977439592652439;889,9365869484465;0,00044336479208263485
107,5;679,9999999999994;679,9398039114172;632,3760421279019;0,5927861392481268;0,47552668709149104;1,5159058616433185;4,941312785852509;889,9382969813493;0,00044014588356185657
107,58333333333333;679,9999999999994;679,9402408617709;632,4758011494615;0,5927861392481268;0,47552668709149104;1,5049022145547042;4,9054482163288755;889,9399946249368;0,0004369503537227037
107,66666666666667;679,9999999999994;679,9406746398035;632,5753476748392;0,5927861392481268;0,47552668709149104;1,4939784557128633;4,869843980201039;889,9416799688188;0,00043377803264071186
107,75;679,9999999999994;679,9411052685551;632,67468214644;0,5927861392481268;0,47552668709149104;1,4831340048971242;4,834498187398138;889,943353101959;0,0004306287516269677
107,83333333333333;679,9999999999995;679,9415327708983;632,7738050058848;0,5927861392481268;0,47552668709149104;1,4723682861074394;4,799408961595763;889,9450141126796;0,0004275023432219881
107,91666666666667;679,9999999999995;679,9419571695395;632,8727166940112;0,5927861392481268;0,47552668709149104;1,461680727530279;4,764574440089575;889,9466630886662;0,0004243986411847087
108,0;679,9999999999995;679,9423784870199;632,9714176508735;0,5927861392481268;0,47552668709149104;1,4510707615016827;4,729992773694781;889,9483001169722;0,00042131748048304473
108,08333333333333;679,9999999999995;679,9427967457173;633,0699083157435;0,5927861392481268;0,47552668709149104;1,4405378244902067;4,695662126665712;889,9499252840235;0,0004182586972871772
108,16666666666667;679,9999999999995;679,9432119678462;633,168189127111;0,5927861392481268;0,47552668709149104;1,4300813570571336;4,661580676583803;889,9515386756229;0,0004152221289591383
108,25;679,9999999999995;679,9436241754603;633,2662605226842;0,5927861392481268;0,47552668709149104;1,4197008038337344;4,6277466142857895;889,9531403769539;0,0004122076140463003
108,33333333333333;679,9999999999997;679,9440333904525;633,3641229393903;0,5927861392481268;0,47552668709149104;1,409395613481479;4,594158143717226;889,9547304725869;0,0004092149922686123
108,41666666666667;679,9999999999997;679,944439634557;633,4617768133761;0,5927861392481268;0,47552668709149104;1,3991652386778242;4,560813481906632;889,9563090464811;0,00040624410451580556
108,5;679,9999999999997;679,9448429293499;633,5592225800084;0,5927861392481268;0,47552668709149104;1,3890091360650558;4,52771085877593;889,9578761819914;0,0004032947928309208
108,58333333333333;679,9999999999997;679,9452432962503;633,6564606738744;0,5927861392481268;0,47552668709149104;1,3789267662446036;4,494848517151931;889,959431961871;0,0004003669004106411
108,66666666666667;679,9999999999997;679,9456407565219;633,7534915287827;0,5927861392481268;0,47552668709149104;1,368917593734409;4,462224712599746;889,9609764682764;0,00039746027159096877
108,75;679,9999999999997;679,9460353312737;633,8503155777632;0,5927861392481268;0,47552668709149104;1,358981086943345;4,4298377133567275;889,9625097827717;0,00039457475184091794
108,83333333333333;679,9999999999997;679,9464270414614;633,9469332530684;0,5927861392481268;0,47552668709149104;1,3491167181484798;4,397685800249171;889,964031986332;0,000391710187755227
108,91666666666667;679,9999999999997;679,9468159078884;634,0433449861732;0,5927861392481268;0,47552668709149104;1,3393239634552856;4,365767266571685;889,9655431593493;0,00038886642704336424
109,0;679,9999999999997;679,9472019512069;634,139551207776;0,5927861392481268;0,47552668709149104;1,3296023027805859;4,334080418021129;889,9670433816351;0,0003860433185238044
109,08333333333333;679,9999999999997;679,9475851919191;634,2355523477988;0,5927861392481268;0,47552668709149104;1,3199512198184493;4,302623572596085;889,9685327324255;0,00038324071211479397
109,16666666666667;679,9999999999997;679,9479656503779;634,3313488353886;0,5927861392481268;0,47552668709149104;1,3103702020146102;4,271395060504949;889,9700112903851;0,00038045845882628623
109,25;679,9999999999997;679,9483433467886;634,4269410989167;0,5927861392481268;0,47552668709149104;1,300858740543731;4,240393224096993;889,97147913361;0,0003776964107536369
109,33333333333333;679,9999999999997;679,9487183012097;634,5223295659805;0,5927861392481268;0,47552668709149104;1,2914163302752968;4,209616417758968;889,9729363396341;0,00037495442106817576
109,41666666666667;679,9999999999997;679,9490905335538;634,6175146634033;0,5927861392481268;0,47552668709149104;1,2820424697480348;4,179063007808835;889,9743829854311;0,00037223234400816604
109,5;679,9999999999997;679,9494600635886;634,7124968172352;0,5927861392481268;0,47552668709149104;1,272736661147178;4,148731372446929;889,9758191474198;0,0003695300348738718
109,58333333333333;679,9999999999997;679,9498269109387;634,8072764527536;0,5927861392481268;0,47552668709149104;1,2634984102760427;4,118619901649696;889,977244901467;0,0003668473500183253
109,66666666666667;679,9999999999997;679,9501910950855;634,901853994464;0,5927861392481268;0,47552668709149104;1,2543272265247651;4,088726997074903;889,9786603228928;0,00036418414683868236
109,75;679,9999999999998;679,9505526353693;634,9962298661001;0,5927861392481268;0,47552668709149104;1,2452226228532481;4,059051071998451;889,9800654864732;0,00036154028377070256
109,83333333333333;679,9999999999998;679,9509115509895;635,0904044906249;0,5927861392481268;0,47552668709149104;1,2361841157627396;4,029590551225337;889,9814604664447;0,00035891562028069217
109,91666666666667;679,9999999999998;679,9512678610064;635,1843782902313;0,5927861392481268;0,47552668709149104;1,2272112252560419;4,000343870966151;889,9828453365083;0,00035631001685432385
110,0;679,9999999999998;679,9516215843414;635,2781516863421;0,5927861392481268;0,47552668709149104;1,21830347483467;3,971309478819835;889,984220169833;0,0003537233349952191
110,08333333333333;679,9999999999998;679,9519727397786;635,3717250996115;0,5927861392481268;0,47552668709149104;1,2094603914590607;3,942485833650186;889,9855850390595;0,0003511554372137698
110,16666666666667;679,9999999999998;679,9523213459656;635,4650989499249;0,5927861392481268;0,47552668709149104;1,200681505528678;3,913871405514045;889,9869400163043;0,0003486061870208405
110,25;679,9999999999998;679,9526674214145;635,5582736564002;0,5927861392481268;0,47552668709149104;1,1919663508535905;3,885464675575132;889,9882851731634;0,00034607544891990987
110,33333333333333;679,9999999999998;679,953010984503;635,6512496373878;0,5927861392481268;0,47552668709149104;1,183314464631735;3,8572641360293702;889,9896205807161;0,00034356308840038555
110,41666666666667;679,9999999999998;679,9533520534749;635,7440273104718;0,5927861392481268;0,47552668709149104;1,1747253874204944;3,8292682900072266;889,9909463095287;0,0003410689719289648
110,5;679,9999999999998;679,9536906464418;635,8366070924702;0,5927861392481268;0,47552668709149104;1,1661986631224863;3,8014756515392483;889,9922624296576;0,0003385929669462718
110,58333333333333;679,9999999999998;679,9540267813837;635,928989399436;0,5927861392481268;0,47552668709149104;1,1577338389486158;3,7738847454181945;889,9935690106539;0,000336134941854897
110,66666666666667;679,9999999999998;679,9543604761498;636,0211746466572;0,5927861392481268;0,47552668709149104;1,1493304654010217;3,746494107164571;889,9948661215667;0,00033369476601584336
110,75;679,9999999999998;679,9546917484595;636,113163248658;0,5927861392481268;0,47552668709149104;1,1409880962503394;3,7193022829289744;889,996153830946;0,0003312723097402763
110,83333333333333;679,9999999999999;679,9550206159038;636,2049556191993;0,5927861392481268;0,47552668709149104;1,1327062885072792;3,6923078294202845;889,9974322068473;0,0003288674442826499
110,91666666666667;679,9999999999999;679,9553470959456;636,2965521712792;0,5927861392481268;0,47552668709149104;1,124484602402731;3,665509313836734;889,9987013168347;0,0003264800418346107
111,0;679,9999999999999;679,9556712059211;636,387953317134;0,5927861392481268;0,47552668709149104;1,1163226013565009;3,638905313748146;889,9999612279845;0,00032410997551479904
111,08333333333333;679,9999999999999;679,9559929630406;636,4791594682383;0,5927861392481268;0,47552668709149104;1,1082198519687836;3,612494417093061;890,0012120068884;0,0003217571193680314
111,16666666666667;679,9999999999999;679,9563123843889;636,5701710353063;0,5927861392481268;0,47552668709149104;1,1001759239832154;3,5862752220380005;890,0024537196578;0,00031942134835314957
111,25;679,9999999999999;679,9566294869272;636,660988428292;0,5927861392481268;0,47552668709149104;1,0921903902755048;3,560246336951614;890,0036864319256;0,00031710253834044404
111,33333333333333;679,9999999999999;679,9569442874933;636,7516120563901;0,5927861392481268;0,47552668709149104;1,0842628268164844;3,5344063802811756;890,0049102088522;0,0003148005661006787
111,41666666666667;679,9999999999999;679,9572568028026;636,8420423280367;0,5927861392481268;0,47552668709149104;1,0763928126635847;3,5087539805267336;890,0061251151261;0,00031251530930271015
111,5;679,9999999999999;679,957567049449;636,9322796509098;0,5927861392481268;0,47552668709149104;1,0685799299324117;3,483287776140582;890,0073312149692;0,00031024664650465984
111,58333333333333;679,9999999999999;679,9578750439061;637,0223244319301;0,5927861392481268;0,47552668709149104;1,0608237637711682;3,458006415458328;890,0085285721398;0,00030799445714743565
111,66666666666667;679,9999999999999;679,9581808025276;637,1121770772619;0,5927861392481268;0,47552668709149104;1,0531239023436;3,432908556627086;890,0097172499353;0,00030575862154863835
111,75;679,9999999999999;679,9584843415486;637,2018379923132;0,5927861392481268;0,47552668709149104;1,0454799368062595;3,4079928675537783;890,0108973111962;0,0003035390208974522
111,83333333333333;679,9999999999999;679,9587856770859;637,2913075817372;0,5927861392481268;0,47552668709149104;1,0378914612829249;3,383258025790245;890,0120688183093;0,0003013355372450349
111,91666666666667;679,9999999999999;679,9590848251394;637,3805862494323;0,5927861392481268;0,47552668709149104;1,0303580728503903;3,3587027185188845;890,0132318332102;0,0002991480535025352
112,0;679,9999999999999;679,9593818015928;637,4696743985431;0,5927861392481268;0,47552668709149104;1,0228793715128859;3,334325642449252;890,0143864173868;0,00029697645343226755
112,08333333333333;679,9999999999999;679,9596766222145;637,5585724314612;0,5927861392481268;0,47552668709149104;1,0154549601764984;3,3101255037405104;890,015532631884;0,000294820621640648
112,16666666666667;679,9999999999999;679,959969302658;637,6472807498259;0,5927861392481268;0,47552668709149104;1,0080844446349602;3,286101017961219;890,0166705373047;0,000292680443574452
112,25;679,9999999999999;679,9602598584635;637,7357997545244;0,5927861392481268;0,47552668709149104;1,0007674335469119;3,2622509100031674;890,0178001938142;0,0002905558055133585
112,33333333333333;679,9999999999999;679,9605483050581;637,8241298456933;0,5927861392481268;0,47552668709149104;0,993503538410323;3,238573914009569;890,0189216611436;0,0002884465945632793
112,41666666666667;679,9999999999999;679,9608346577567;637,9122714227188;0,5927861392481268;0,47552668709149104;0,9862923735454387;3,215068773311873;890,0200349985923;0,0002863526986508581
112,5;679,9999999999999;679,9611189317632;638,0002248842377;0,5927861392481268;0,47552668709149104;0,9791335560805692;3,1917342403866793;890,0211402650307;0,00028427400651953393
112,58333333333333;679,9999999999999;679,9614011421709;638,0879906281378;0,5927861392481268;0,47552668709149104;0,9720267059179832;3,16856907674947;890,0222375189045;0,00028221040771994133
112,66666666666667;679,9999999999999;679,9616813039635;638,1755690515593;0,5927861392481268;0,47552668709149104;0,9649714457253822;3,1455720529143942;890,0233268182368;0,00028016179260655815
112,75;679,9999999999999;679,9619594320158;638,2629605508944;0,5927861392481268;0,47552668709149104;0,9579674009103201;3,1227419483224645;890,0244082206316;0,0002781280523310379
112,83333333333333;679,9999999999999;679,9622355410946;638,3501655217892;0,5927861392481268;0,47552668709149104;0,9510141996031507;3,1000775512841137;890,0254817832763;0,00027610907883710185
112,91666666666667;679,9999999999999;679,9625096458594;638,4371843591439;0,5927861392481268;0,47552668709149104;0,9441114726314481;3,0775776588901533;890,0265475629457;0,00027410476485269724
113,0;679,9999999999999;679,9627817608633;638,5240174571135;0,5927861392481268;0,47552668709149104;0,9372588535114801;3,055241076994541;890,0276056160033;0,00027211500388821334
113,08333333333333;679,9999999999999;679,9630519005535;638,6106652091086;0,5927861392481268;0,47552668709149104;0,930455978414102;3,0330666200880056;890,0286559984066;0,0002701396902255136
113,16666666666667;679,9999999999999;679,9633200792724;638,6971280077963;0,5927861392481268;0,47552668709149104;0,9237024861590726;3,011053111292298;890,0296987657076;0,00026817871891712927
113,25;679,9999999999999;679,9635863112582;638,7834062451009;0,5927861392481268;0,47552668709149104;0,9169980181866322;2,989199382268284;890,0307339730573;0,0002662319857780298
113,33333333333333;679,9999999999999;679,9638506106455;638,8695003122045;0,5927861392481268;0,47552668709149104;0,9103422185432919;2,96750427316137;890,0317616752081;0,0002642993873809071
113,41666666666667;679,9999999999999;679,9641129914665;638,955410599548;0,5927861392481268;0,47552668709149104;0,9037347338590962;2,9459666325268263;890,0327819265167;0,0002623808210495095
113,5;679,9999999999999;679,9643734676514;639,0411374968317;0,5927861392481268;0,47552668709149104;0,8971752133334121;2,924585317298192;890,0337947809468;0,00026047618485549267
113,58333333333333;679,9999999999999;679,964632053029;639,1266813930158;0,5927861392481268;0,47552668709149104;0,8906633087121918;2,903359192692492;890,0348002920721;0,0002585853776103838
113,66666666666667;679,9999999999999;679,9648887613279;639,2120426763221;0,5927861392481268;0,47552668709149104;0,8841986742709196;2,8822871321757706;890,0357985130793;0,0002567082988620444
113,75;679,9999999999999;679,9651436061768;639,2972217342336;0,5927861392481268;0,47552668709149104;0,8777809668004011;2,861368017397029;890,0367894967696;0,0002548448488891736
113,83333333333333;679,9999999999999;679,9653966011055;639,3822189534961;0,5927861392481268;0,47552668709149104;0,8714098455783414;2,8406007381106777;890,0377732955642;0,00025299492869406017
113,91666666666667;679,9999999999999;679,9656477595455;639,4670347201187;0,5927861392481268;0,47552668709149104;0,8650849723608189;2,8199841921449402;890,0387499615042;0,00025115843999982365
114,0;679,9999999999999;679,9658970948308;639,5516694193744;0,5927861392481268;0,47552668709149104;0,8588060113595475;2,7995172853214316;890,039719546255;0,0002493352852433587
114,08333333333333;679,9999999999999;679,9661446201984;639,6361234358014;0,5927861392481268;0,47552668709149104;0,8525726292276659;2,7791989314178194;890,0406821011079;0,00024752536757179766
114,16666666666667;679,9999999999999;679,9663903487892;639,7203971532033;0,5927861392481268;0,47552668709149104;0,8463844950370003;2,75902805208453;890,041637676984;0,0002457285908352602
114,25;679,9999999999999;679,9666342936488;639,8044909546502;0,5927861392481268;0,47552668709149104;0,8402412802666959;2,739003576821768;890,0425863244358;0,0002439448595844888
114,33333333333333;679,9999999999999;679,9668764677278;639,8884052224794;0,5927861392481268;0,47552668709149104;0,8341426587776368;2,719124442876121;890,0435280936506;0,0002421740790620353
114,41666666666667;679,9999999999999;679,967116883883;639,9721403382964;0,5927861392481268;0,47552668709149104;0,828088306801078;2,6993895952261946;890,0444630344531;0,0002404161552004843
114,5;679,9999999999999;679,9673555548776;640,0556966829755;0,5927861392481268;0,47552668709149104;0,8220779029215919;2,6797979865079355;890,0453911963073;0,00023867099461617882
114,58333333333333;679,9999999999999;679,9675924933822;640,1390746366607;0,5927861392481268;0,47552668709149104;0,8161111280571731;2,660348576960061;890,0463126283195;0,00023693850460412326
114,66666666666667;679,9999999999999;679,9678277119754;640,2222745787662;0,5927861392481268;0,47552668709149104;0,8101876654421858;2,6410403343694844;890,0472273792415;0,00023521859313307934
114,75;679,9999999999999;679,9680612231442;640,3052968879778;0,5927861392481268;0,47552668709149104;0,8043072006131524;2,6218722340196168;890,0481354974722;0,00023351116884105292
114,83333333333333;679,9999999999999;679,9682930392853;640,388141942253;0,5927861392481268;0,47552668709149104;0,798469421391701;2,602843258632922;890,0490370310606;0,00023181614103019564
114,91666666666667;679,9999999999999;679,968523172705;640,4708101188227;0,5927861392481268;0,47552668709149104;0,7926740178646696;2,583952398316344;890,049932027708;0,00023013341966170818
115,0;679,9999999999999;679,9687516356204;640,5533017941909;0,5927861392481268;0,47552668709149104;0,7869206823727382;2,565198650515352;890,050820534771;0,00022846291535191335
115,08333333333333;679,9999999999999;679,9689784401597;640,6356173441367;0,5927861392481268;0,47552668709149104;0,7812091094876905;2,5465810199450063;890,0517025992639;0,0002268045393659877
115,16666666666667;679,9999999999999;679,9692035983634;640,717757143714;0,5927861392481268;0,47552668709149104;0,7755389960038883;2,5280985185554936;890,0525782678603;0,0002251582036150117
115,25;679,9999999999999;679,969427122184;640,7997215672534;0,5927861392481268;0,47552668709149104;0,7699100409126913;2,5097501654631915;890,0534475868973;0,0002235238206495082
115,33333333333333;679,9999999999999;679,9696490234877;640,881510988362;0,5927861392481268;0,47552668709149104;0,7643219453967731;2,4915349869104575;890,0543106023761;0,0002219013036562952
115,41666666666667;679,9999999999999;679,9698693140541;640,963125779925;0,5927861392481268;0,47552668709149104;0,7587744128045415;2,4734520162024425;890,0551673599655;0,0002202905664524172
115,5;679,9999999999999;679,9700880055776;641,0445663141063;0,5927861392481268;0,47552668709149104;0,7532671486444542;2,4555002936783654;890,0560179050037;0,00021869152348278067
115,58333333333333;679,9999999999999;679,9703051096674;641,125832962349;0,5927861392481268;0,47552668709149104;0,7477998605565972;2,4376788666196045;890,0568622825019;0,00021710408981193483
115,66666666666667;679,9999999999999;679,9705206378485;641,206926095377;0,5927861392481268;0,47552668709149104;0,7423722583126846;2,419986789252569;890,0577005371443;0,00021552818112424916
115,75;679,9999999999999;679,9707346015622;641,2878460831947;0,5927861392481268;0,47552668709149104;0,7369840537847949;2,4024231226481696;890,0585327132933;0,00021396371371491273
115,83333333333333;680,0;679,9709470121667;641,3685932950892;0,5927861392481268;0,47552668709149104;0,7316349609425288;2,3849869347045884;890,0593588549895;0,00021241060448854866
115,91666666666667;680,0;679,9711578809377;641,44916809963;0,5927861392481268;0,47552668709149104;0,7263246958331138;2,3676773000927036;890,0601790059553;0,0002108687709541212
116,0;680,0;679,9713672190688;641,5295708646704;0,5927861392481268;0,47552668709149104;0,7210529765586671;2,350493300172798;890,060993209597;0,000209338131217692
116,08333333333333;680,0;679,9715750376728;641,6098019573484;0,5927861392481268;0,47552668709149104;0,7158195232790376;2,3334340230146604;890,061801509006;0,0002078186039839672
116,16666666666667;680,0;679,9717813477813;641,6898617440871;0,5927861392481268;0,47552668709149104;0,7106240581805423;2,316498563285575;890,0626039469632;0,0002063101085465153
116,25;680,0;679,9719861603461;641,7697505905961;0,5927861392481268;0,47552668709149104;0,7054663054674393;2,2996860222244644;890,0634005659394;0,00020481256478540786
116,33333333333333;680,0;679,9721894862392;641,8494688618721;0,5927861392481268;0,47552668709149104;0,7003459913477172;2,2829955076016843;890,0641914080984;0,0002033258931634942
116,41666666666667;680,0;679,972391336254;641,9290169221995;0,5927861392481268;0,47552668709149104;0,6952628440188846;2,2664261336644485;890,0649765152986;0,00020185001472169747
116,5;680,0;679,972591721105;642,0083951351518;0,5927861392481268;0,47552668709149104;0,6902165936509164;2,249977021090874;890,0657559290958;0,00020038485107470492
116,58333333333333;680,0;679,9727906514294;642,087603863592;0,5927861392481268;0,47552668709149104;0,6852069723748855;2,233647296944025;890,0665296907448;0,00019893032440704503
116,66666666666667;680,0;679,9729881377868;642,1666434696738;0,5927861392481268;0,47552668709149104;0,6802337142659098;2,217436094623086;890,0672978412027;0,00019748635746858208
116,75;680,0;679,9731841906604;642,2455143148422;0,5927861392481268;0,47552668709149104;0,6752965553289414;2,2013425538087885;890,0680604211299;0,00019605287356981355
116,83333333333333;680,0;679,973378820457;642,3242167598347;0,5927861392481268;0,47552668709149104;0,6703952334902397;2,1853658204433066;890,0688174708922;0,00019462979657990388
116,91666666666667;680,0;679,9735720375079;642,4027511646816;0,5927861392481268;0,47552668709149104;0,6655294885746343;2,1695050466584513;890,0695690305641;0,00019321705092022594
117,0;680,0;679,9737638520695;642,4811178887074;0,5927861392481268;0,47552668709149104;0,6606990623026832;2,153759390758436;890,0703151399291;0,00019181456156297885
117,08333333333333;680,0;679,9739542743235;642,5593172905317;0,5927861392481268;0,47552668709149104;0,6559036982622501;2,138128017125094;890,0710558384842;0,0001904222540227762
117,16666666666667;680,0;679,9741433143779;642,6373497280695;0,5927861392481268;0,47552668709149104;0,6511431419113478;2,122610096243729;890,0717911654392;0,0001890400543585883
117,25;680,0;679,974330982267;642,7152155585327;0,5927861392481268;0,47552668709149104;0,6464171405525576;2,1072048045997143;890,0725211597211;0,0001876678891649371
117,33333333333333;680,0;679,9745172879526;642,7929151384308;0,5927861392481268;0,47552668709149104;0,6417254433245034;2,091911324664133;890,0732458599747;0,00018630568557032338
117,41666666666667;680,0;679,9747022413238;642,8704488235715;0,5927861392481268;0,47552668709149104;0,6370678011847986;2,076728844836331;890,073965304566;0,00018495337123213543
117,5;680,0;679,9748858521982;642,9478169690619;0,5927861392481268;0,47552668709149104;0,6324439669043613;2,0616565594151974;890,0746795315822;0,0001836108743342914
117,58333333333333;680,0;679,9750681303218;643,0250199293096;0,5927861392481268;0,47552668709149104;0,6278536950446778;2,0466936685445916;890,075388578836;0,00018227812358195697
117,66666666666667;680,0;679,97524908537;643,1020580580226;0,5927861392481268;0,47552668709149104;0,6232967419549595;2,0318393781788755;890,0760924838654;0,00018095504819898994
117,75;680,0;679,9754287269479;643,1789317082116;0,5927861392481268;0,47552668709149104;0,6187728657494063;2,017092900034087;890,0767912839374;0,00017964157792305023
117,83333333333333;680,0;679,9756070645909;643,2556412321898;0,5927861392481268;0,47552668709149104;0,6142818263015215;2,0024534515506014;890,0774850160492;0,00017833764300265482
117,91666666666667;680,0;679,9757841077651;643,3321869815741;0,5927861392481268;0,47552668709149104;0,6098233852270596;1,9879202558500455;890,07817371693;0,00017704317419306743
118,0;680,0;679,9759598658678;643,4085693072863;0,5927861392481268;0,47552668709149104;0,6053973058726569;1,9734925416922182;890,0788574230435;0,00017575810275257498
118,08333333333333;680,0;679,9761343482282;643,4847885595535;0,5927861392481268;0,47552668709149104;0,6010033533044634;1,9591695434348766;890,0795361705893;0,00017448236043896047
118,16666666666667;680,0;679,9763075641077;643,5608450879097;0,5927861392481268;0,47552668709149104;0,5966412942939314;1,9449505009935253;890,0802099955052;0,00017321587950578198
118,25;680,0;679,9764795227004;643,6367392411956;0,5927861392481268;0,47552668709149104;0,5923108973064473;1,930834659809823;890,0808789334687;0,00017195859269943337
118,33333333333333;680,0;679,9766502331337;643,7124713675609;0,5927861392481268;0,47552668709149104;0,5880119324899624;1,9168212707912646;890,081543019899;0,00017071043325424677
118,41666666666667;680,0;679,9768197044685;643,7880418144638;0,5927861392481268;0,47552668709149104;0,5837441716579406;1,9029095902910773;890,0822022899592;0,0001694713348899492
118,5;680,0;679,9769879457003;643,863450928673;0,5927861392481268;0,47552668709149104;0,5795073882865154;1,8890988800622628;890,0828567785576;0,0001682412318083256
118,58333333333333;680,0;679,977154965759;643,9386990562681;0,5927861392481268;0,47552668709149104;0,5753013574917532;1,8753884072087714;890,0835065203498;0,00016702005868833046
118,66666666666667;680,0;679,9773207735097;644,0137865426406;0,5927861392481268;0,47552668709149104;0,5711258560239685;1,8617774441625234;890,0841515497411;0,0001658077506841237
118,75;680,0;679,9774853777532;644,0887137324946;0,5927861392481268;0,47552668709149104;0,5669806622563556;1,8482652686345822;890,0847919008872;0,00016460424342095746
118,83333333333333;680,0;679,9776487872261;644,1634809698483;0,5927861392481268;0,47552668709149104;0,5628655561707774;1,834851163583558;890,0854276076964;0,00016340947299204394
118,91666666666667;680,0;679,9778110106021;644,2380885980342;0,5927861392481268;0,47552668709149104;0,5587803193463969;1,8215344171696548;890,086058703832;0,00016222337595463808
119,0;680,0;679,9779720564914;644,3125369597007;0,5927861392481268;0,47552668709149104;0,5547247349483087;1,8083143227202012;890,0866852227134;0,00016104588932690358
119,08333333333333;680,0;679,9781319334419;644,3868263968122;0,5927861392481268;0,47552668709149104;0,5506985877161696;1,7951901786923135;890,087307197518;0,0001598769505845836
119,16666666666667;680,0;679,9782906499396;644,4609572506511;0,5927861392481268;0,47552668709149104;0,546701663952831;1,7821612886384282;890,0879246611835;0,0001587164976578667
119,25;680,0;679,9784482144086;644,5349298618175;0,5927861392481268;0,47552668709149104;0,5427337515101271;1,7692269611546019;890,0885376464088;0,00015756446892688523
119,33333333333333;680,0;679,9786046352118;644,6087445702314;0,5927861392481268;0,47552668709149104;0,5387946397860333;1,7563865098776392;890,0891461856559;0,00015642080322131655
119,41666666666667;680,0;679,9787599206517;644,6824017151323;0,5927861392481268;0,47552668709149104;0,5348841197047705;1,7436392534161602;890,0897503111516;0,0001552854398143193
119,5;680,0;679,9789140789701;644,7559016350813;0,5927861392481268;0,47552668709149104;0,5310019837082791;1,7309845153190044;890,0903500548903;0,00015415831841978983
119,58333333333333;680,0;679,9790671183492;644,8292446679611;0,5927861392481268;0,47552668709149104;0,5271480257476924;1,718421624060871;890,0909454486336;0,0001530393791907933
119,66666666666667;680,0;679,9792190469119;644,9024311509778;0,5927861392481268;0,47552668709149104;0,5233220412691253;1,7059499129791296;890,0915365239139;0,00015192856271427954
119,75;680,0;679,9793698727219;644,9754614206612;0,5927861392481268;0,47552668709149104;0,5195238272023062;1,6935687202537146;890,0921233120353;0,00015082581000892904
119,83333333333333;680,0;679,9795196037844;645,0483358128657;0,5927861392481268;0,47552668709149104;0,51575318195205;1,6812773888611696;890,092705844075;0,0001497310625214311
119,91666666666667;680,0;679,9796682480466;645,1210546627718;0,5927861392481268;0,47552668709149104;0,512009905389732;1,6690752665660311;890,0932841508851;0,000148644262125307
120,0;680,0;679,9798158133976;645,1936183048864;0,5927861392481268;0,47552668709149104;0,5082937988362346;1,6569617058461499;890,093858263095;0,00014756535111464937
