time_min;T_gas;T_hanger;T_cable;phi_hanger;phi_cable;qconv_hanger;qrad_hanger;cp_hanger;dT_hanger
0,0;19,999999999999964;20,0;20,0;0,6611323876219485;0,5612386379557847;0,0;0,0;0,0;0,0
0,08333333333333333;88,00267891889344;20,0;20,0;0,6611323876219485;0,5612386379557847;-8,881784197001252e-13;-1,5015837048572856e-13;439,80176;-1,4321625981956088e-16
0,16666666666666666;140,47216691122372;20,269333523944276;20,084021795689495;0,6611323876219485;0,5612386379557847;1700,0669729723359;252,6366313117545;439,80176;0,26933352394427496
0,25;181,54762559614076;20,762717366441;20,2374730534044;0,6611323876219485;0,5612386379557847;3005,070834681986;573,5773279319179;439,99235248454784;0,4933838424967221
0,3333333333333333;214,24676380490655;21,444011505198038;20,448922011862148;0,6611323876219485;0,5612386379557847;4019,622705742494;925,9049842109946;440,34090804499147;0,6812941387570385
0,4166666666666667;240,7701762166891;22,283888506934332;20,709268365572203;0,6611323876219485;0,5612386379557847;4820,068807492713;1283,2617145620773;440,8209730554023;0,8398770017362936
0,5;262,7230778479285;23,258620694289505;21,01127316067579;0,6611323876219485;0,5612386379557847;5462,157192743869;1630,6347218003934;441,41080518164904;0,9747321873551712
0,5833333333333334;281,27685530674063;24,349194795417542;21,34921854973655;0,6611323876219485;0,5612386379557847;5986,611428840974;1961,380077219777;442,09261776953707;1,0905741011280374
0,6666666666666666;297,2867700968886;25,540523428197737;21,718623373885162;0,6611323876219485;0,5612386379557847;6423,191512783077;2274,0022338840677;442,85200325355913;1,1913286327801949
0,75;311,3777154288792;26,82072149580089;22,115997274160467;0,6611323876219485;0,5612386379557847;6793,656166717271;2569,7404392275835;443,6773930454159;1,2801980676031506
0,8333333333333334;324,0066976265547;28,18046293700787;22,538631247605426;0,6611323876219485;0,5612386379557847;7113,924848326957;2851,0274835666933;444,55954595915216;1,3597414412069826
0,9166666666666666;335,5083596559061;29,612431388898358;22,98442389098187;0,6611323876219485;0,5612386379557847;7395,655867238671;3120,606668047642;445,4910856024508;1,4319684518904856
1,0;346,1281495600003;31,11086682775689;23,45174080608656;0,6611323876219485;0,5612386379557847;7647,398206675193;3381,077167019453;446,4661018631986;1,4984354388585313
1,0833333333333333;356,0464872675711;32,67120120839113;23,939303139245705;0,6611323876219485;0,5612386379557847;7875,432068306085;3634,694118429769;447,479820796329;1,5603343806342438
1,1666666666666667;365,3963730239373;34,28977142517292;24,446100612273018;0,6611323876219485;0,5612386379557847;8084,382151479498;3883,309313725339;448,52833917674985;1,6185702167817884
1,25;374,2762175314597;35,96359655714965;24,971324484690513;0,6611323876219485;0,5612386379557847;8277,66503996911;4128,383258542378;449,60841576066167;1,6738251319767279
1,3333333333333333;382,75919072482066;37,690206959959035;25,514316359229667;0,6611323876219485;0,5612386379557847;8457,815524357751;4371,029011593274;450,7173098964017;1,726610402809387
1,4166666666666667;390,90003408737726;39,46751429058469;26,074529368492897;0,6611323876219485;0,5612386379557847;8626,72459412154;4612,066384814272;451,8526583763549;1,7773073306256522
1,5;398,7400249430552;41,29371335884641;26,65149891813155;0,6611323876219485;0,5612386379557847;8785,812994919814;4852,075690829178;453,012382462625;1,8261990682617248
1,5833333333333333;406,3105942996655;43,16720845215289;27,244820739766954;0,6611323876219485;0,5612386379557847;8936,15778960522;5091,44615540954;454,19461832560586;1,8734950933064825
1,6666666666666667;413,6359636792835;45,0865583250747;27,854134497860894;0,6611323876219485;0,5612386379557847;9078,584646187815;5330,4172878988875;455,39766542584385;1,9193498729218037
1,75;420,73506718312314;47,05043533563657;28,479111595516187;0,6611323876219485;0,5612386379557847;9213,735133855222;5569,113105908341;456,6199485177243;1,963877010561873
1,8333333333333333;427,6229527724214;49,05759525202597;29,119446142835884;0,6611323876219485;0,5612386379557847;9342,115796187165;5807,569845320732;457,85998991628867;2,0071599163893983
1,9166666666666667;434,3118040957869;51,10685507594035;29,77484830031821;0,6611323876219485;0,5612386379557847;9464,133938009885;6045,758058431023;459,11638944714167;2,0492598239143813
2,0;440,81168583328076;53,19707686832742;30,445039401683495;0,6611323876219485;0,5612386379557847;9580,123725496163;6283,600040231213;460,38781011437777;2,0902217923870685
2,0833333333333335;447,1310875792642;55,32715605520638;31,129748407231038;0,6611323876219485;0,5612386379557847;9690,365224123834;6520,983450792281;461,67296799933536;2,130079186878957
2,1666666666666665;453,27732092368217;57,496013066766615;31,828709350246026;0,6611323876219485;0,5612386379557847;9795,098288101446;6757,771887196942;462,9706252701666;2,168857011560234
2,25;459,2568095559629;59,70258744799174;32,54165952321065;0,6611323876219485;0,5612386379557847;9894,532696422888;6993,813035596678;464,27958546203325;2,2065743812251237
2,3333333333333335;465,0753014069429;61,945833794566475;33,26833821403837;0,6611323876219485;0,5612386379557847;9988,855552699279;7228,944918835168;465,5986903997622;2,2432463465747348
2,4166666666666665;470,73802396923867;64,2247190302713;34,00848585024805;0,6611323876219485;0,5612386379557847;10078,236690309412;7463,000654252671;466,9268182947414;2,278885235704834
2,5;476,24979819895117;66,53822066424885;34,76184344477743;0,6611323876219485;0,5612386379557847;10162,832623474185;7695,812051394916;468,26288266812503;2,313501633977558
2,5833333333333335;481,615122221369;68,88532575826662;35,5281522639449;0,6611323876219485;0,5612386379557847;10242,789438367558;7927,212309653695;469,6058318426572;2,347105094017757
2,6666666666666665;486,8382330177183;71,26503040290066;36,307153658135626;0,6611323876219485;0,5612386379557847;10318,24491157756;8157,038019617555;470,9546488130046;2,379704644634045
2,75;491,92315205103944;73,67633955311298;37,09858901080035;0,6611323876219485;0,5612386379557847;10389,330065370441;8385,130627066668;472,3083513550301;2,4113091502123147
2,8333333333333335;496,87371917257434;76,11826711228889;37,902199772580815;0,6611323876219485;0,5612386379557847;10456,170312448161;8611,337483114714;473,66599227218353;2,4419275591759066
2,9166666666666665;501,6936179721578;78,58983618268113;38,71772755576995;0,6611323876219485;0,5612386379557847;10518,886301507137;8835,512576198773;475,02665970536503;2,47156907039223
3,0;506,38639487790584;81,09007942180777;39,54491427059183;0,6611323876219485;0,5612386379557847;10577,594544736916;9057,517019918789;476,38947745360946;2,5002432391266436
3,0833333333333335;510,9554736852297;83,61803946050135;40,383502289481896;0,6611323876219485;0,5612386379557847;10632,407886402452;9277,219353863331;477,75360526858424;2,5279600386935837
3,1666666666666665;515,404166739632;86,17276935037575;41,233234629061904;0,6611323876219485;0,5612386379557847;10683,435855618209;9494,49570149469;479,11823909752144;2,5547298898743924
3,25;519,73568366582;88,7533330174931;42,09385514213671;0,6611323876219485;0,5612386379557847;10730,784934731408;9709,229819074333;480,48261125783597;2,5805636671173575
3,3333333333333335;523,9531382938255;91,3588057057426;42,96510871401325;0,6611323876219485;0,5612386379557847;10774,558766208173;9921,31306182904;481,84599053307346;2,605472688249491
3,4166666666666665;528,0595542566051;93,98827439846097;43,84674145892391;0,6611323876219485;0,5612386379557847;10814,858314702073;10130,644287569143;483,20768218454475;2,629468692718378
3,5;532,0578696052143;96,64083821056175;44,738500913450686;0,6611323876219485;0,5612386379557847;10851,781996453603;10337,129713364491;484,56702787645895;2,652563812100776
3,5833333333333335;535,950940694074;99,31560874621633;45,640136224685556;0,6611323876219485;0,5612386379557847;10885,425784866313;10540,682737345145;485,9234055148839;2,6747705356545706
3,6666666666666665;539,7415455206971;102,01171041918683;46,55139833149624;0,6611323876219485;0,5612386379557847;10915,883298696443;10741,223734972522;487,27622900267073;2,6961016729705016
3,75;543,4323866545493;104,72828073442689;47,47204013774571;0,6611323876219485;0,5612386379557847;10943,245877537756;10938,679837036369;488,62494791375775;2,7165703152400686
3,8333333333333335;547,0260938535251;107,46447053067709;48,40181667667746;0,6611323876219485;0,5612386379557847;10967,60264800306;11132,98469502227;489,9690470911463;2,7361897962502
3,9166666666666665;550,5252264401282;110,21944418458743;49,3404852659549;0,6611323876219485;0,5612386379557847;10989,0405830712;11324,078238253524;491,3080461734241;2,7549736539103407
4,0;553,9322754902134;112,99237977747569;50,28780565305402;0,6611323876219485;0,5612386379557847;11007,64455638852;11511,906426251966;492,6414990550603;2,7729355928882553
4,083333333333333;557,2496658731299;115,78246922623374;51,24354015086966;0,6611323876219485;0,5612386379557847;11023,497392818444;11696,420999018574;493,96899328588614;2,7900894487580548
4,166666666666667;560,4797581718716;118,58891838016777;52,20745376351842;0,6611323876219485;0,5612386379557847;11036,679916172403;11877,579227356553;495,29014941522587;2,8064491539340297
4,25;563,6248505043958;121,41094708573355;53,17931430241615;0,6611323876219485;0,5612386379557847;11047,270994792594;12055,3436649069;496,6046202861105;2,8220287055657782
4,333333333333333;566,687180261817;124,24778922123015;54,15889249277969;0,6611323876219485;0,5612386379557847;11055,347585466556;12229,681903211846;497,9120902848964;2,8368421354966014
4,416666666666667;569,6689257752196;127,09869270356185;55,14596207075791;0,6611323876219485;0,5612386379557847;11060,984776014671;12400,566330840365;499,2122745514511;2,8509034823317068
4,5;572,5722079199263;129,9629194691833;56,14029987143864;0,6611323876219485;0,5612386379557847;11064,255826791445;12567,97389738695;500,5049181548732;2,86422676562145
4,583333333333333;575,399091663942;132,8397454313173;57,141685908009734;0,6611323876219485;0,5612386379557847;11065,232211268576;12731,885882975921;501,789795239494;2,876825962134019
4,666666666666667;578,1515875657313;135,7284604154867;58,149903442375425;0,6611323876219485;0,5612386379557847;11063,983655815618;12892,287673759416;503,0667081456641;2,8887149841693813
4,75;580,83165322536;138,62836807533643;59,1647390475461;0,6611323876219485;0,5612386379557847;11060,578178756117;13049,168543779615;504,33548650958596;2,8999076598497378
4,833333333333333;583,4411946921857;141,53878579064656;60,185982662130804;0,6611323876219485;0,5612386379557847;11055,08212875059;13202,521443470223;505,59598634619465;2,910417715310146
4,916666666666667;585,9820678316714;144,45904454935146;61,21342763726926;0,6611323876219485;0,5612386379557847;11047,56022253848;13352,342794992703;506,8480891188355;2,9202587587048896
5,0;588,4560796534377;147,38848881529148;62,24687077634394;0,6611323876219485;0,5612386379557847;11038,075582058;13498,632294537356;508,0917007992357;2,9294442659400173
5,083333333333333;590,8649896023319;150,32647638333097;63,286112367813764;0,6611323876219485;0,5612386379557847;11026,689770953655;13641,392721664379;509,32675092101766;2,937987568039477
5,166666666666667;593,210510814042;153,27237822338193;64,3309562115099;0,6611323876219485;0,5612386379557847;11013,462830475024;13780,629755714199;510,55319162976116;2,9459018400509778
5,25;595,4943113365867;156,22557831477968;65,38120963873094;0,6611323876219485;0,5612386379557847;10998,453314766502;13916,351799277723;511,7709967323866;2,953200091397734
5,333333333333333;597,718015318879;159,18547347236293;66,43668352647015;0,6611323876219485;0,5612386379557847;10981,718325545176;14048,569808684415;512,9801607484089;2,959895157583249
5,416666666666667;599,8832041674364;162,15147316552105;67,4971923061016;0,6611323876219485;0,5612386379557847;10963,313546162903;14177,297131438883;514,1806979653946;2,965999693158128
5,5;601,991417672238;165,12299933138127;68,56255396684504;0,6611323876219485;0,5612386379557847;10943,293275047883;14302,549350512953;515,3726415007523;2,97152616586021
5,583333333333333;604,0441551026489;168,09948618322346;69,63259005432168;0,6611323876219485;0,5612386379557847;10921,710458521417;14424,344135381181;516,5560423717899;2,9764868518421936
5,666666666666667;606,0428762742866;171,08038001512745;70,70712566450437;0,6611323876219485;0,5612386379557847;10898,616722985636;14542,701099670861;517,7309685757906;2,9808938319039933
5,75;607,9890025876496;174,0651390037779;71,78598943335697;0,6611323876219485;0,5612386379557847;10874,062406478979;14657,64166528435;518,8975041816856;2,9847589886504307
5,833333333333333;609,8839180392985;177,0532330082762;72,86901352244811;0,6611323876219485;0,5612386379557847;10848,096589596793;14769,188932839772;520,0557484347385;2,9880940044983295
5,916666666666667;611,728970206344;180,04414336873688;73,95603360081486;0,6611323876219485;0,5612386379557847;10820,767125775556;14877,367558267417;521,2058148755056;2,9909103604606635
6,0;613,5254712049641;183,03736270437588;75,04688882334189;0,6611323876219485;0,5612386379557847;10792,12067094018;14982,203635391563;522,3478304741941;2,993219335639005
6,083333333333333;615,2746986236548;186,03239471173495;76,1414218059116;0,6611323876219485;0,5612386379557847;10762,202712514705;15083,72458432146;523,4819347814055;2,9950320073590757
6,166666666666667;616,9778964318892;189,0287539636228;77,2394785975707;0,6611323876219485;0,5612386379557847;10731,057597797997;15181,959045471498;524,6082790961322;2,9963592518878404
6,25;618,6362758648413;192,02596570929677;78,34090864994803;0,6611323876219485;0,5612386379557847;10698,728561706663;15276,936779026837;525,7270256517584;2,9972117456739844
6,333333333333333;620,2510162848129;195,02356567635385;79,44556478414928;0,6611323876219485;0,5612386379557847;10665,257753888614;15368,688569669224;526,8383468207116;2,997599967057093
6,416666666666667;621,8232660199774;198,02109987474802;80,5533031553429;0,6611323876219485;0,5612386379557847;10630,686265211474;15457,246136376767;527,9424243383174;2,9975341983941646
6,5;623,354143181046;201,0181244033033;81,66398321524274;0,6611323876219485;0,5612386379557847;10595,054153630734;15542,642047110976;529,0394485463122;2,9970245285552655
6,583333333333333;624,8447364564352;204,01420525904658;82,7774676726825;0,6611323876219485;0,5612386379557847;10558,400469443566;15624,909638205507;530,1296176563964;2,996080855743297
6,666666666666667;626,2961058865054;207,00891814964234;83,89362245246777;0,6611323876219485;0,5612386379557847;10520,763279934716;15704,082938272024;531,2131370341294;2,9947128905957623
6,75;627,7092836174239;210,00184830917163;85,01231665268176;0,6611323876219485;0,5612386379557847;10482,179693421576;15780,196596440594;532,2902185033994;2,9929301595293016
6,833333333333333;629,0852746351858;212,9925903174622;86,13342250061221;0,6611323876219485;0,5612386379557847;10442,685882706308;15853,285814754776;533,3610796716378;2,9907420082905727
6,916666666666667;630,4250574803187;215,9807479231417;87,25681530745733;0,6611323876219485;0,5612386379557847;10402,31710794309;15923,386284543767;534,4259432758939;2,9881576056794925
7,0;631,72958494378;218,96593387055523;88,38237342196062;0,6611323876219485;0,5612386379557847;10361,107738929426;15990,534126597944;535,485036549831;2,985185947413524
7,083333333333333;632,999784744539;221,9477697306592;89,50997818311568;0,6611323876219485;0,5612386379557847;10319,091276830619;16054,765834977296;536,538590611655;2,981835860103946
7,166666666666667;634,2365601893308;224,92588573597652;90,63951387207398;0,6611323876219485;0,5612386379557847;10276,300375346997;16116,118224286187;537,5868398729508;2,9781160053173186
7,25;635,4407908150464;227,89992061967402;91,77086766338095;0,6611323876219485;0,5612386379557847;10232,766861333857;16174,628380252061;538,6300214683571;2,9740348836974855
7,333333333333333;636,6133330142198;230,8695214587995;92,90392957565808;0,6611323876219485;0,5612386379557847;10188,521754884308;16230,33361344987;539,6683747059773;2,969600839125478
7,416666666666667;637,7550206440552;233,83434352169607;94,03859242184127;0,6611323876219485;0,5612386379557847;10143,595288885508;16283,271416018533;540,7021405383932;2,964822062896569
7,5;638,866665619428;236,79405011959162;95,1747517590791;0,6611323876219485;0,5612386379557847;10098,01692805898;16333,47942122017;541,7315610541215;2,9597065978955444
7,583333333333333;639,9490584902804;239,7483124623446;96,31230583838759;0,6611323876219485;0,5612386379557847;10051,81538749591;16380,99536569771;542,756878989321;2,954262342752969
7,666666666666667;641,0029690038252;242,69680951831137;97,45115555415184;0,6611323876219485;0,5612386379557847;10005,018650698396;16425,857054290776;543,7783372595486;2,948497055966781
7,75;642,029146651953;245,6392278782865;98,59120439355877;0,6611323876219485;0,5612386379557847;9957,653987137846;16468,102327275064;544,7961785113251;2,9424183599751474
7,833333333333333;643,0283212042367;248,57526162345434;99,73235838603925;0,6611323876219485;0,5612386379557847;9909,747969341663;16507,769029894596;545,8106446932713;2,936033745167824
7,916666666666667;644,0012032269094;251,50461219727904;100,87452605279235;0,6611323876219485;0,5612386379557847;9861,326489519559;16544,894984061375;546,8219766465436;2,929350573824708
8,0;644,948484588186;254,42698828125052;102,01761835645915;0,6611323876219485;0,5612386379557847;9812,414775740759;16579,517962101665;547,8304137142932;2,922376083971483
8,083333333333334;645,8708389502879;257,3421056743939;103,16154865100853;0,6611323876219485;0,5612386379557847;9763,037407673388;16611,675662432568;548,8361933698613;2,9151173931434045
8,166666666666666;646,7689222485191;260,2496871764434;104,30623263189223;0,6611323876219485;0,5612386379557847;9713,21833189735;16641,405687057573;549,8395508634005;2,907581502049482
8,25;647,6433731577384;263,1494624745736;105,45158828652242;0,6611323876219485;0,5612386379557847;9662,980876801892;16668,74552077408;550,8407188866166;2,899775298130257
8,333333333333334;648,4948135465537;266,04116803357704;106,5975358451202;0,6611323876219485;0,5612386379557847;9612,34776707912;16693,732511990704;551,839927255307;2,891705559003437
8,416666666666666;649,3238489195664;268,9245469893695;107,74399773197953;0,6611323876219485;0,5612386379557847;9561,341137824416;16716,403855056113;552,837402609366;2,8833789557924656
8,5;650,1310688479784;271,7993490457036;108,89089851718732;0,6611323876219485;0,5612386379557847;9509,982548254924;16736,796574006326;553,8333681299247;2,8748020563341
8,583333333333334;650,9170473888669;274,66533037396533;110,03816486883647;0,6611323876219485;0,5612386379557847;9458,29299505687;16754,947507640834;554,8280432732802;2,865981328261726
8,666666666666666;651,6823434934272;277,52225351592733;111,18572550576536;0,6611323876219485;0,5612386379557847;9406,292925372538;16770,89329584258;555,8216435212686;2,8569231419619916
8,75;652,427501404473;280,36988728933034;112,33351115085402;0,6611323876219485;0,5612386379557847;9354,002249437497;16784,67036706087;556,8143801477315;2,8476337734029973
8,833333333333334;653,1530510434759;283,20800669616324;113,48145448490402;0,6611323876219485;0,5612386379557847;9301,440352878566;16796,3149268801;557,80646000072;2,8381194068329196
8,916666666666666;653,8595083874213;286,03639283351185;114,62949010112627;0,6611323876219485;0,5612386379557847;9248,626108682816;16805,862947601112;558,7980853000751;2,8283861373485912
9,0;654,5473758357468;288,85483280684593;115,77755446025819;0,6611323876219485;0,5612386379557847;9195,577888847736;16813,35015876582;559,7894534500269;2,8184399733340673
9,083333333333334;655,2171425676252;291,6631196456157;116,9255858463292;0,6611323876219485;0,5612386379557847;9142,313575722523;16818,812038559307;560,7807568664454;2,8082868387697766
9,166666666666666;655,8692848898461;294,46105222102904;118,07352432309092;0,6611323876219485;0,5612386379557847;9088,850573050237;16822,28380602706;561,7721828183761;2,7979325754132907
9,25;656,5042665755425;297,24843516588226;119,22131169112646;0,6611323876219485;0,5612386379557847;9035,205816720427;16823,800414048637;562,7639132834956;2,787382944853225
9,333333333333334;657,1225391940054;300,02507879632043;120,36889144565073;0,6611323876219485;0,5612386379557847;8981,395785241506;16823,39654301204;563,7561248171132;2,7766436304381577
9,416666666666666;657,724542431818;302,79079903540327;121,51620873501219;0,6611323876219485;0,5612386379557847;8927,436509942125;16821,10659513658;564,7489884343516;2,765720239082845
9,5;658,3107044055405;305,5454173383576;122,66321031990412;0,6611323876219485;0,5612386379557847;8873,343584910368;16816,964689394776;565,7426695051336;2,7546183029543276
9,583333333333334;658,8814419661669;308,28876061939843;123,80984453329226;0,6611323876219485;0,5612386379557847;8819,132176679572;16811,004656986945;566,7373276616021;2,743343281040856
9,666666666666666;659,4371609955693;311,0206611800052;124,95606124106355;0,6611323876219485;0,5612386379557847;8764,817033669211;16803,260037325064;567,7331167176038;2,731900560606799
9,75;659,9782566951428;313,74095663854223;126,10181180339978;0,6611323876219485;0,5612386379557847;8710,412495389102;16793,764074484818;568,7301845998617;2,720295458536983
9,833333333333334;660,5051138668539;316,4494898611163;127,24704903687822;0,6611323876219485;0,5612386379557847;8655,932501415014;16782,54971408788;569,7286732904658;2,7085332225740975
9,916666666666666;661,0181071868933;319,14610889356936;128,39172717730003;0,6611323876219485;0,5612386379557847;8601,390600143439;16769,64960057859;570,7287187803122;2,6966190324530146
10,0;661,5176014721292;321,8306668945054;129,53580184324622;0,6611323876219485;0,5612386379557847;8546,799957333098;16755,096074861543;571,7304510331153;2,684558000936013
10,083333333333334;662,0039519395467;324,50302206925846;130,6792300003599;0,6611323876219485;0,5612386379557847;8492,173364440594;16738,9211722694;572,733993959631;2,67235517475307
10,166666666666666;662,4775044588623;327,1630376047099;131,82196992635224;0,6611323876219485;0,5612386379557847;8437,523246757206;16721,15662083158;573,739465401715;2,6600155354514503
10,25;662,9385957984902;329,8105816048689;132,96398117672894;0,6611323876219485;0,5612386379557847;8382,86167135381;16701,83383981739;574,7469771258571;2,647544000158977
10,333333333333334;663,387553865036;332,4455270271343;134,10522455123314;0,6611323876219485;0,5612386379557847;8328,200354840532;16680,98393852862;575,756634825818;2,634945422265411
10,416666666666666;663,8246979364887;335,0677516191607;135,24566206099962;0,6611323876219485;0,5612386379557847;8273,550670947543;16658,637715318568;576,7685381340157;2,6222245920263956
10,5;664,2503388892766;337,6771378562552;136,38525689641494;0,6611323876219485;0,5612386379557847;8218,923657933201;16634,825656816385;577,7827806412931;2,6093862370945033
10,583333333333334;664,6647794193473;340,2735728792371;137,52397339567713;0,6611323876219485;0,5612386379557847;8164,330025825535;16609,577937337315;578,7994499247146;2,5964350229819275
10,666666666666666;665,0683142574313;342,8569484326964;138,6617770140479;0,6611323876219485;0,5612386379557847;8109,780163502754;16582,924418460694;579,818627583032;2,5833755534593132
10,75;665,4612303786414;345,4271608035917;139,79863429379046;0,6611323876219485;0,5612386379557847;8055,284145618372;16554,89464875954;580,8403892794719;2,570212370895281
10,833333333333334;665,8438072065546;347,9841107601328;140,93451283478444;0,6611323876219485;0,5612386379557847;8000,851739376243;16525,517863666686;581,8648047914949;2,556949956541105
10,916666666666666;666,2163168119266;350,52770349089775;142,06938126581034;0,6611323876219485;0,5612386379557847;7946,492411160545;16494,82298546362;582,8919380671819;2,543592730764958
11,0;666,5790241061744;353,0578485441379;143,2032092164943;0,6611323876219485;0,5612386379557847;7892,2153330257215;16462,838623379997;583,9218472879046;2,530145053240149
11,083333333333334;666,9321870297699;355,5744597672295;144,33596728990443;0,6611323876219485;0,5612386379557847;7838,029389050912;16429,593073792224;584,9545849369498;2,5166112230915823
11,166666666666666;667,2760567356747;358,0774552462342;145,4676270357896;0,6611323876219485;0,5612386379557847;7783,943181563511;16395,114320511326;585,9901978737571;2,5029954790047246
11,25;667,6108777679486;360,5667572455353;146,59816092445058;0,6611323876219485;0,5612386379557847;7729,965037236014;16359,4300351508;587,0287274134497;2,4893019993011354
11,333333333333334;667,9368882356573;363,0422921475199;147,72754232123447;0,6611323876219485;0,5612386379557847;7676,103013060333;16322,567577566493;588,0702094113328;2,475534901984613
11,416666666666666;668,2543199822053;365,50399039228176;148,85574546164196;0,6611323876219485;0,5612386379557847;7622,364902203435;16284,553996361074;589,1146743520414;2,46169824476184
11,5;668,5633987502113;367,9517864173231;149,98274542703754;0,6611323876219485;0,5612386379557847;7568,758239748088;16245,416029447024;590,1621474430303;2,4477960250413084
11,583333333333334;668,8643443420464;370,3856185972373;151,1085181209523;0,6611323876219485;0,5612386379557847;7515,2903083222045;16205,180104662159;591,2126487120939;2,4338321799141704
11,666666666666666;669,1573707761469;372,80542918335783;152,23304024596914;0,6611323876219485;0,5612386379557847;7461,968143620227;16163,872340433085;592,2661931086226;2,41981058612053
11,75;669,4426864392142;375,21116424336236;153,3562892811797;0,6611323876219485;0,5612386379557847;7408,798539819726;16121,518546482057;593,3227906082966;2,4057350600045333
11,833333333333334;669,7204942344102;377,60277360082387;154,47824346020286;0,6611323876219485;0,5612386379557847;7355,788054896296;16078,144224573787;594,3824463209323;2,391609357461507
11,916666666666666;669,9909917256516;379,98021077470406;155,59888174975404;0,6611323876219485;0,5612386379557847;7302,943015839659;16033,774569299036;595,4451606012012;2,377437173880203
12,0;670,2543712781094;382,34343291878713;156,7181838287548;0,6611323876219485;0,5612386379557847;7250,269523773689;15988,434468892181;596,5109291619437;2,3632221440830605
12,083333333333334;670,5108201950084;384,69240076105444;157,8361300679724;0,6611323876219485;0,5612386379557847;7197,773458983056;15942,14850608102;597,579743189814;2,348967842267301
12,166666666666666;670,76052085083;387,0270785430038;158,9527015101785;0,6611323876219485;0,5612386379557847;7145,460485848848;15894,940958966507;598,6515894629949;2,3346777819493925
12,25;671,0036508210076;389,3474339589192;160,067879850817;0,6611323876219485;0,5612386379557847;7093,336057695653;15846,8358019316;599,7264504707284;2,3203554159154205
12,333333333333334;671,2403830082103;391,6534380950988;161,18164741916982;0,6611323876219485;0,5612386379557847;7041,405421552208;15797,856706577706;600,8043045344186;2,3060041361795798
12,416666666666666;671,4708857653027;393,9450653690518;162,2939871600111;0,6611323876219485;0,5612386379557847;6989,673622827788;15748,027042688305;601,8851259300671;2,2916272739529977
12,5;671,6953230150701;396,2222934686766;163,40488261573907;0,6611323876219485;0,5612386379557847;6938,145509906272;15697,369879218952;602,9688850118107;2,2772280996247996
12,583333333333334;671,9138543667927;398,48510329143386;164,5143179089752;0,6611323876219485;0,5612386379557847;6886,825738659839;15645,907985313714;604,0555483363406;2,262809822757299
12,666666666666666;672,126635229752;400,7334788835308;165,622277725621;0,6611323876219485;0,5612386379557847;6835,718776883972;15593,663831347641;605,1450787879849;2,2483755920969384
12,75;672,3338169237504;402,9674073791333;166,72874729836207;0,6611323876219485;0,5612386379557847;6784,82890865553;15540,659589995557;606,2374357042492;2,233928495602517
12,833333333333334;672,5355467867236;405,1868789396254;167,83371239060963;0,6611323876219485;0,5612386379557847;6734,160238615428;15486,917137327366;607,3325750016154;2,2194715604920847
12,916666666666666;672,7319682795194;407,3918866929351;168,9371592808696;0,6611323876219485;0,5612386379557847;6683,716696177455;15432,458053930171;608,4304493014073;2,205007753309694
13,0;672,9232210879213;409,5824266729482;170,03907474752964;0,6611323876219485;0,5612386379557847;6633,502039664607;15377,303626057714;609,5310080555394;2,1905399800131162
13,083333333333334;673,1094412219862;411,7584977590316;171,13944605405476;0,6611323876219485;0,5612386379557847;6583,519860374328;15321,474846807563;610,6341976719722;2,176071086083452
13,166666666666666;673,2907611127678;413,9201016156891;172,2382609345817;0,6611323876219485;0,5612386379557847;6533,773586573865;15264,99241732676;611,739961639708;2,161603856657449
13,25;673,467309706496;416,06724263237226;173,33550757990304;0,6611323876219485;0,5612386379557847;6484,266487426968;15207,876748046323;612,8482406531655;2,1471410166831872
13,333333333333334;673,6392125562776;418,199927863472;174,43117462383188;0,6611323876219485;0,5612386379557847;6435,001676853095;15150,147959945525;613,958972735781;2,1326852310997166
13,416666666666666;673,8065919113831;420,318166968513;175,525251129938;0,6611323876219485;0,5612386379557847;6385,98211732014;15091,825885846276;615,0720933626942;2,1182391050410363
13,5;673,9695668041851;422,4219721525778;176,6177265786467;0,6611323876219485;0,5612386379557847;6337,210623571751;15032,930071738494;616,1875355823772;2,1038051840647705
13,583333333333334;674,1282531348089;424,5113581069835;177,7085908546916;0,6611323876219485;0,5612386379557847;6288,689866290183;14973,479778136918;617,3052301370826;2,0893859544057163
13,666666666666666;674,2827637535545;426,5863419502379;178,79783423491267;0,6611323876219485;0,5612386379557847;6240,422375695635;14913,493981470054;618,4251055819846;2,074983843254388
13,75;674,4332085411507;428,6469431692984;179,88544737639143;0,6611323876219485;0,5612386379557847;6192,410545082915;14852,991375501726;619,5470884029012;2,0606012190605427
13,833333333333334;674,5796944868976;430,69318356116;180,97142130491468;0,6611323876219485;0,5612386379557847;6144,656634296308;14791,990372785784;620,6711031324908;2,0462403918615966
13,916666666666666;674,722325764752;432,7250871747958;182,05574740375891;0,6611323876219485;0,5612386379557847;6097,162773143438;14730,509106154475;621,7970724648204;2,031903613635767
14,0;674,8612038074107;434,7426802534755;183,1384174027872;0,6611323876219485;0,5612386379557847;6049,930964748904;14668,565430240807;622,9249173682156;2,017593078679662
14,083333333333334;674,9964273784456;436,74599117748545;184,21942336785114;0,6611323876219485;0,5612386379557847;6002,96308884838;14606,176923035127;624,0545571963045;2,003310924009959
14,166666666666666;675,128092642539;438,7350504072743;185,29875769048962;0,6611323876219485;0,5612386379557847;5956,260905024003;14543,360887476596;625,1859097971767;1,989059229788812
14,25;675,2562932338715;440,70989042704673;186,37641307791768;0,6611323876219485;0,5612386379557847;5909,826055881616;14480,13435307924;626,318891620584;1,9748400197724456
14,333333333333334;675,3811203227106;442,6705456888292;187,4523825432972;0,6611323876219485;0,5612386379557847;5863,660070170618;14416,514077593078;627,4534178231181;1,9606552617824282
14,416666666666666;675,5026626802463;444,6170525570282;188,52665939628318;0,6611323876219485;0,5612386379557847;5817,764365847034;14352,516548700261;628,5894023713017;1,9465068681990259
14,5;675,6210067417218;446,5494492535042;189,59923723383764;0,6611323876219485;0,5612386379557847;5772,140253080453;14288,157985746224;629,7267581425422;1,9323966964759807
14,583333333333334;675,736236667901;448,4677758031802;190,67010993130512;0,6611323876219485;0,5612386379557847;5726,78893720544;14223,454341505754;630,8653970238984;1,9183265496760153
14,666666666666666;675,8484344049208;450,3720739802065;191,7392716337422;0,6611323876219485;0,5612386379557847;5681,711521618021;14158,421303983769;632,0052300086157;1,9042981770263268
14,75;675,9576797425666;452,26238725469983;192,8067167474952;0,6611323876219485;0,5612386379557847;5636,909010617857;14093,074298250684;633,1461672903963;1,8903132744933122
14,833333333333334;676,0640503710156;454,13876074007555;193,87243993201895;0,6611323876219485;0,5612386379557847;5592,382312196669;14027,428488311945;634,2881183553682;1,876373485375704
14,916666666666666;676,167621936086;456,0012411409908;194,93643609193086;0,6611323876219485;0,5612386379557847;5548,132240773501;13961,498779011403;635,4309920717291;1,862480400915287
15,0;676,2684680930333;457,84987670191515;195,99870036929363;0,6611323876219485;0,5612386379557847;5504,159519877379;13895,299817968073;636,5746967770424;1,8486355609243499
15,083333333333334;676,36666055893;459,6847171563441;197,059228136121;0,6611323876219485;0,5612386379557847;5460,464784777954;13828,845997545732;637,719140363167;1,834840454428982
15,166666666666666;676,4622691636674;461,50581367667144;198,11801498710034;0,6611323876219485;0,5612386379557847;5417,048585064647;13762,15145685476;638,8642303588097;1,82109652032733
15,25;676,5553618996157;463,3132188247334;199,17505673252646;0,6611323876219485;0,5612386379557847;5373,9113871749;13695,230083785696;640,0098740096905;1,8074051480619229
15,333333333333334;676,646004969977;465,1069865030385;200,23034939144102;0,6611323876219485;0,5612386379557847;5331,053576872058;13628,095517073583;641,155978356316;1,7937676783051404
15,416666666666666;676,7342628358654;466,8871719066954;201,28388918497197;0,6611323876219485;0,5612386379557847;5288,475461673461;13560,761148392596;642,3024503093623;1,7801854036569154
15,5;676,8201982621491;468,65383147604916;202,33567252986768;0,6611323876219485;0,5612386379557847;5246,177273229248;13493,24012447989;643,4491967226677;1,766659569353749
15,583333333333334;676,9038723620862;470,4070228500373;203,38569603222072;0,6611323876219485;0,5612386379557847;5204,159169652499;13425,545349287962;644,5961244638451;1,7531913739881326
15,666666666666666;676,9853446407849;472,1468048202748;204,4339564813758;0,6611323876219485;0,5612386379557847;5162,421237801222;13357,689486164581;645,7431404825213;1,7397819702374544
15,75;677,0646730375212;473,87323728587626;205,48045084401713;0,6611323876219485;0,5612386379557847;5120,963495512753;13289,68496005927;646,8901518762179;1,7264324656014889
15,833333333333334;677,1419139669424;475,58638120902384;206,52517625843058;0,6611323876219485;0,5612386379557847;5079,785893791123;13221,54395975535;648,0370659538905;1,7131439231475616
15,916666666666666;677,2171223591865;477,28629857128635;207,5681300289352;0,6611323876219485;0,5612386379557847;5038,888318947964;13153,278440126585;649,1837902971415;1,699917362262534
16,0;677,2903516989464;478,97305233069704;208,6093096204802;0,6611323876219485;0,5612386379557847;4998,270594697505;13084,900124417265;650,3302328191339;1,6867537594106947
16,083333333333332;677,3616540635052;480,64670637959375;209,6487126534024;0,6611323876219485;0,5612386379557847;4957,932484206235;13016,420506544691;651,4763018212249;1,6736540488967315
16,166666666666668;677,4310801597712;482,30732550322665;210,68633689834016;0,6611323876219485;0,5612386379557847;4917,873692097785;12947,850853422855;652,6219060473469;1,6606191236329242
16,25;677,4986793603387;483,9549753391364;211,72218027129884;0,6611323876219485;0,5612386379557847;4878,093866413615;12879,202207306265;653,7669547361664;1,6476498359097478
16,333333333333332;677,5644997385988;485,5897223373055;212,75624082886446;0,6611323876219485;0,5612386379557847;4838,592600530056;12810,485388152658;654,9113576710481;1,63474699816907
16,416666666666668;677,6285881029279;487,21163372108464;213,78851676356086;0,6611323876219485;0,5612386379557847;4799,369435032332;12741,710996003443;656,0550252278568;1,6219113837791748
16,5;677,6909900299743;488,82077744889546;214,81900639934645;0,6611323876219485;0,5612386379557847;4760,423859546081;12672,889413380699;657,1978684206329;1,6091437278108378
16,583333333333332;677,7517498970717;490,4172221767092;215,84770818724706;0,6611323876219485;0,5612386379557847;4721,75531452697;12604,030807699413;658,3397989451739;1,5964447278137162
16,666666666666668;677,810910913797;492,00103722130154;216,87462070112073;0,6611323876219485;0,5612386379557847;4683,363193009063;12535,14513369395;659,4807292205596;1,5838150445923647
16,75;677,8685151526996;493,57229252428266;217,89974263355077;0,6611323876219485;0,5612386379557847;4645,246842312386;12466,242135857196;660,6205724286589;1,5712553029811342
16,833333333333332;677,9246035792214;495,1310586169;218,92307279186392;0,6611323876219485;0,5612386379557847;4607,405565710424;12397,331350891534;661,7592425516567;1,5587660926173499
16,916666666666668;677,9792160808294;496,6774065856121;219,94461009426954;0,6611323876219485;0,5612386379557847;4569,838624058035;12328,422110170099;662,8966544076405;1,546347968712081
17,0;678,0323914953816;498,21140803843;220,96435356611693;0,6611323876219485;0,5612386379557847;4532,545237380431;12259,523542207256;664,0327236842874;1,534001452817909
17,083333333333332;678,084167638747;499,7331350720231;221,98230233626717;0,6611323876219485;0,5612386379557847;4495,5245864237895;12190,644575137072;665,1673669706922;1,5217270335931068
17,166666666666668;678,1345813316984;501,2426602395848;222,99845563357636;0,6611323876219485;0,5612386379557847;4458,775814168096;12121,793939198451;666,3005017873809;1,5095251675616523
17,25;678,1836684260974;502,74005651945333;224,01281278348716;0,6611323876219485;0,5612386379557847;4422,298027302842;12052,98016922599;667,4320466145475;1,4973962798685645
17,333333333333332;678,2314638303909;504,22539728448334;225,0253732047255;0,6611323876219485;0,5612386379557847;4386,090297666101;11984,211607144984;668,5619209185633;1,4853407650300139
17,416666666666668;678,2780015344359;505,6987562721611;226,03613640609942;0,6611323876219485;0,5612386379557847;4350,151663647689;11915,49640446982;669,6900451767935;1,4733589876777744
17,5;678,3233146336723;507,1602075554586;227,0451019833974;0,6611323876219485;0,5612386379557847;4314,48113155687;11846,84252480423;670,8163409007743;1,461451283297499
17,583333333333332;678,3674353526578;508,6098255144191;228,0522696163831;0,6611323876219485;0,5612386379557847;4279,077676955343;11778,257746342573;671,9407306577848;1,4496179589604432
17,666666666666668;678,4103950679852;510,04768480846724;229,05763906588388;0,6611323876219485;0,5612386379557847;4243,940245955969;11709,74966437072;673,0631380908635;1,437859294048177
17,75;678,4522243305956;511,4738603494372;230,06121017097044;0,6611323876219485;0,5612386379557847;4209,067756487949;11641,325693765733;674,1834879373114;1,426175540969947
17,833333333333332;678,4929528875055;512,8884272753095;231,06298284622488;0,6611323876219485;0,5612386379557847;4174,459099528961;11572,993071493043;675,3017060457219;1,4145669258722993
17,916666666666668;678,5326097029603;514,2914609246501;232,06295707909473;0,6611323876219485;0,5612386379557847;4140,113140304899;11504,758859100144;676,4177193915872;1,403033649340644
18,0;678,5712229790333;515,6830368117426;233,0611329273306;0,6611323876219485;0,5612386379557847;4106,028719457754;11436,62994520578;677,5314560915172;1,391575887092442
18,083333333333332;678,6088201756816;517,0632306024044;234,05751051650475;0,6611323876219485;0,5612386379557847;4072,204654182269;11368,613047983567;678,6428454161205;1,3801937906617359
18,166666666666668;678,6454280302735;518,4321180904791;235,05209003760865;0,6611323876219485;0,5612386379557847;4038,63973933193;11300,714717639115;679,7518178015841;1,3688874880747495
18,25;678,681072576604;519,7897751749954;236,04487174472675;0,6611323876219485;0,5612386379557847;4005,3327484948595;11232,94133887968;680,8583048599978;1,3576570845163256
18,333333333333332;678,7157791634083;521,1362778379823;237,03585595278483;0,6611323876219485;0,5612386379557847;3972,282435040216;11165,299133375347;681,9622393884636;1,3465026629869628
18,416666666666668;678,7495724723883;522,4717021229326;238,02504303537035;0,6611323876219485;0,5612386379557847;3939,48753313565;11097,794162210941;683,0635553770319;1,3354242849502647
18,5;678,7824765357656;523,7961241139031;239,01243342262285;0,6611323876219485;0,5612386379557847;3906,9467587363933;11030,432328327708;684,1621880155038;1,3244219909706176
18,583333333333332;678,8145147533719;525,109619915244;239,9980275991925;0,6611323876219485;0,5612386379557847;3874,6588105465607;10963,219378953992;685,2580736991422;1,3134958013409288
18,666666666666668;678,8457099092898;526,4122656319444;240,98182610226456;0,6611323876219485;0,5612386379557847;3842,622370953197;10896,160908023996;686,3511500333279;1,3026457167002898
18,75;678,876084188056;527,7041373505858;241,96382951964802;0,6611323876219485;0,5612386379557847;3810,836106933635;10829,262358583892;687,4413558372039;1,2918717186414326
18,833333333333332;678,9056591904374;528,9853111208937;242,94403848792652;0,6611323876219485;0,5612386379557847;3779,298670936754;10762,529025184574;688,5286311463419;1,2811737703078823
18,916666666666668;678,9344559487934;530,2558629378744;243,92245369066976;0,6611323876219485;0,5612386379557847;3748,0087017385927;10695,966056260151;689,6129172144718;1,2705518169807009
19,0;678,962494942032;531,5158687245292;244,89907585670346;0,6611323876219485;0,5612386379557847;3716,964825272973;10629,57845649171;690,6941565143101;1,2600057866547647
19,083333333333332;678,9897961101748;532,7654043151338;245,8739057584364;0,6611323876219485;0,5612386379557847;3686,1656554375686;10563,371089155426;691,7722927375237;1,2495355906044967
19,166666666666668;679,0163788685361;534,0045454390728;246,8469442102426;0,6611323876219485;0,5612386379557847;3655,6097948760253;10497,348678454639;692,8472707938643;1,2391411239390326
19,25;679,0422621215309;535,2333677052195;247,81819206689735;0,6611323876219485;0,5612386379557847;3625,295835736583;10431,515811834974;693,9190368095082;1,2288222661467658
19,333333333333332;679,0674642761189;536,4519465868487;248,7876502220651;0,6611323876219485;0,5612386379557847;3595,222360407786;10365,876942282259;694,9875381246372;1,2185788816292746
19,416666666666668;679,0920032548943;537,6603574070733;249,75531960683804;0,6611323876219485;0,5612386379557847;3565,3879422317546;10300,436390602394;696,0527232902912;1,208410820224619
19,5;679,1158965088316;538,8586753247934;250,7212011883237;0,6611323876219485;0,5612386379557847;3535,791146195524;10235,198347682812;697,1145420645282;1,198317917720011
19,583333333333332;679,139161029696;540,0469753211472;251,68529596828003;0,6611323876219485;0,5612386379557847;3506,4305296009566;10170,166876734955;698,1729454079207;1,1882999963538876
19,666666666666668;679,1618133621271;541,2253321864546;252,64760498179683;0,6611323876219485;0,5612386379557847;3477,3046427137187;10105,345915517315;699,2278854784212;1,1783568653074112
19,75;679,1838696154049;542,39382050764;253,60812929602181;0,6611323876219485;0,5612386379557847;3448,412029391812;10040,73927853861;700,2793156256271;1,1684883211854382
19,833333333333332;679,2053454749057;543,5525146561271;254,56687000893024;0,6611323876219485;0,5612386379557847;3419,751227694121;9976,35065924065;701,3271903844749;1,158694148487009
19,916666666666668;679,2262562132566;544,7014887761925;255,5238282481367;0,6611323876219485;0,5612386379557847;3391,3207704694655;9912,18363216049;702,3714654683886;1,148974120065417
20,0;679,2466167011975;545,8408167737704;256,4790051697478;0,6611323876219485;0,5612386379557847;3363,1191859266037;9848,241655071506;703,412097761918;1,1393279975779222
20,083333333333332;679,2664414181553;546,9705723056956;257,4324019572544;0,6611323876219485;0,5612386379557847;3335,1449981856777;9784,528071103148;704,4490453128846;1,1297555319252006
20,166666666666668;679,2857444625421;548,0908287693761;258,38401982046264;0,6611323876219485;0,5612386379557847;3307,3967278114933;9721,046110838834;705,4822673240709;1,1202564636805803
20,25;679,3045395617808;549,2016592928853;259,33385999446205;0,6611323876219485;0,5612386379557847;3279,872892329149;9657,798894391957;706,5117241444713;1,110830523509201
20,333333333333332;679,3228400820669;550,3031367254624;260,2819237386297;0,6611323876219485;0,5612386379557847;3252,5720067223856;9594,789433459531;707,5373772601323;1,1014774325771552
20,416666666666668;679,3406590378755;551,3953336284131;261,22821233567004;0,6611323876219485;0,5612386379557847;3225,492583915113;9532,020633353284;708,5591892846087;1,092196902950727
20,5;679,3580091012146;552,478322266399;262,17272709068806;0,6611323876219485;0,5612386379557847;3198,6331352365596;9469,495295008111;709,5771239490546;1,0829886379858533
20,583333333333332;679,3749026106382;553,5521745991069;263,1154693302961;0,6611323876219485;0,5612386379557847;3171,9921708703905;9407,216116967391;710,5911460919757;1,0738523327078888
20,666666666666668;679,3913515800206;554,6169622732888;264,0564404017521;0,6611323876219485;0,5612386379557847;3145,568200288281;9345,185697345303;711,6012216486615;1,0647876741818296
20,75;679,4073677070996;555,6727566151619;264,9956416721294;0,6611323876219485;0,5612386379557847;3119,359732668295;9283,406535765855;712,6073176403224;1,0557943418730966
20,833333333333332;679,4229623817965;556,7196286231609;265,93307452751617;0,6611323876219485;0,5612386379557847;3093,3652772984433;9221,88103527828;713,6094021629485;1,0468720079989955
20,916666666666668;679,4381466943146;557,7576489610319;266,86874037224413;0,6611323876219485;0,5612386379557847;3067,58334396589;9160,611504249156;714,6074443759136;1,0380203378710253
21,0;679,4529314430272;558,78688795126;267,80264062814575;0,6611323876219485;0,5612386379557847;3042,0124433320666;9099,600158230583;715,6014144903397;1,0292389902281145
21,083333333333332;679,4673271421564;559,807415568821;268,7347767338386;0,6611323876219485;0,5612386379557847;3016,6510872941785;9038,849121804846;716,591283757244;1,0205276175609719
21,166666666666668;679,4813440292504;560,8193014352487;269,66515014403615;0,6611323876219485;0,5612386379557847;2991,4977893333826;8978,360430405115;717,5770244554845;1,0118858664276522
21,25;679,4949920724642;561,8226148130092;270,59376232888457;0,6611323876219485;0,5612386379557847;2966,551064850043;8918,136032112365;718,5586098795211;1,0033133777605017
21,333333333333332;679,508280977648;562,8174246001738;271,5206147733242;0,6611323876219485;0,5612386379557847;2941,8094314863765;8858,177789428373;719,5360143270095;0,9948097871646141
21,416666666666668;679,5212201952501;563,8037993253818;272,4457089764754;0,6611323876219485;0,5612386379557847;2917,2714094368557;8798,487481024807;720,5092130862445;0,9863747252079464
21,5;679,5338189270369;564,781807143085;273,3690464510473;0,6611323876219485;0,5612386379557847;2892,9355217467078;8739,066803468431;721,4781824234661;0,9780078177032399
21,583333333333332;679,5460861326376;565,7515158290669;274,29062872277007;0,6611323876219485;0,5612386379557847;2868,800294598799;8679,917372922391;722,4428995700459;0,9697086859818911
21,666666666666668;679,5580305359156;566,7129927762268;275,210457329848;0,6611323876219485;0,5612386379557847;2844,8642575892677;8621,04072682363;723,403342709564;0,9614769471599198
21,75;679,5696606311717;567,666304990623;276,12853382243486;0,6611323876219485;0,5612386379557847;2821,12594399222;8562,438325536563;724,359490964795;0,953312214396193
21,833333333333332;679,5809846891862;568,6115190877659;277,04485976212914;0,6611323876219485;0,5612386379557847;2797,5838910137186;8504,11155398276;725,3113243846125;0,9452140971430207
21,916666666666668;679,5920107630999;569,5487012891552;277,95943672148957;0,6611323876219485;0,5612386379557847;2774,2366400355054;8446,061723247236;726,2588239308247;0,9371822013893277
22,0;679,6027466941408;570,4779174190518;278,87226628356973;0,6611323876219485;0,5612386379557847;2751,082736848616;8388,290072160888;727,2019714649571;0,9292161298964935
22,083333333333332;679,6132001172016;571,3992329014789;279,78335004147164;0,6611323876219485;0,5612386379557847;2728,120731877226;8330,797768859378;728,1407497349869;0,9213154824270317
22,166666666666668;679,6233784662677;572,3127127574452;280,69268959791685;0,6611323876219485;0,5612386379557847;2705,3491803930683;8273,585912318824;729,0751423620479;0,9134798559662797
22,25;679,6332889797053;573,2184216023824;281,60028656483564;0,6611323876219485;0,5612386379557847;2682,7666427205627;8216,655533867843;730,0051338271098;0,9057088449371936
22,333333333333332;679,6429387054084;574,1164236437908;282,5061425629727;0,6611323876219485;0,5612386379557847;2660,3716844330734;8160,00759867665;730,9307094576466;0,8980020414084499
22,416666666666668;679,6523345058105;575,0067826790868;283,4102592215095;0,6611323876219485;0,5612386379557847;2638,1628765404403;8103,643007222939;731,8518554143013;0,8903590352959586
22,5;679,6614830627658;575,8895620936447;284,31263817770224;0,6611323876219485;0,5612386379557847;2616,138795668093;8047,562596734834;732,7685586775553;0,8827794145579515
22,583333333333332;679,6703908823004;576,7648248590285;285,21328107653534;0,6611323876219485;0,5612386379557847;2594,2980242280273;7991,7671426111565;733,6808070344152;0,8752627653837954
22,666666666666668;679,679064299239;577,6326335314052;286,11218957038955;0,6611323876219485;0,5612386379557847;2572,6391505817955;7936,257359818898;734,5885890651207;0,8678086723766454
22,75;679,6875094817104;578,4930502501353;287,0093653187246;0,6611323876219485;0,5612386379557847;2551,160769195846;7881,033904268358;735,4918941298838;0,8604167187301132
22,833333333333332;679,6957324355335;579,3461367365344;287,90480998777554;0,6611323876219485;0,5612386379557847;2529,861480789378;7826,097374165863;736,3907123556669;0,8530864863990599
22,916666666666668;679,7037390084886;580,1919542927991;288,7985252502626;0,6611323876219485;0,5612386379557847;2508,7398924749778;7771,448311344437;737,2850346230066;0,8458175562646755
23,0;679,711534894476;581,0305638010931;289,6905127851141;0,6611323876219485;0,5612386379557847;2487,794617892237;7717,087202572485;738,1748525528899;0,8386095082939629
23,083333333333332;679,7191256375656;581,8620257227868;290,5807742772013;0,6611323876219485;0,5612386379557847;2467,0242773345735;7663,014480840721;739,0601584936883;0,831461921693775
23,166666666666668;679,726516635939;582,6864000978463;291,46931141708626;0,6611323876219485;0,5612386379557847;2446,4274978694702;7609,2305266275425;739,9409455081583;0,8243743750595276
23,25;679,7337131457288;583,5037465443651;292,3561259007808;0,6611323876219485;0,5612386379557847;2426,0029134523165;7555,735669142971;740,8172073605119;0,8173464465187226
23,333333333333332;679,7407202847559;584,3141242582345;293,24121942951666;0,6611323876219485;0,5612386379557847;2405,749165034092;7502,530187551507;741,6889385035624;0,8103777138694169
23,416666666666668;679,7475430361706;585,1175920129483;294,124593709527;0,6611323876219485;0,5612386379557847;2385,664900663033;7449,614312173917;742,5561340659531;0,8034677547137506
23,5;679,7541862519943;585,914208159535;295,0062504518382;0,6611323876219485;0,5612386379557847;2365,748775580556;7396,98822566847;743,4187898394696;0,796616146586689
23,583333333333332;679,7606546565718;586,704030626615;295,8861913720716;0,6611323876219485;0,5612386379557847;2345,999452311483;7344,652064191308;744,2769022664454;0,7898224670800487
23,666666666666668;679,7669528499299;587,487116920577;296,76441819025575;0,6611323876219485;0,5612386379557847;2326,415600748919;7292,605918536816;745,1304684272607;0,7830862939619935
23,75;679,7730853110494;588,2635241258691;297,64093263064717;0,6611323876219485;0,5612386379557847;2306,995898233822;7240,849835257686;745,979486027939;0,776407205292073
23,833333333333332;679,7790564010498;589,0333089054011;298,5157364215611;0,6611323876219485;0,5612386379557847;2287,739029629506;7189,383817765198;746,823953387848;0,7697847795319418
23,916666666666668;679,7848703662914;589,796527501053;299,3888312952106;0,6611323876219485;0,5612386379557847;2268,6436873912185;7138,207827409809;747,6638694275064;0,7632185956518671
24,0;679,7905313413944;590,5532357342861;300,2602189875543;0,6611323876219485;0,5612386379557847;2249,708571630961;7087,321784542328;748,4992336564978;0,7567082332331455
24,083333333333332;679,7960433521796;591,3034890068526;301,12990123815246;0,6611323876219485;0,5612386379557847;2230,932390177708;7036,725569555863;749,330046161499;0,7502532725665302
24,166666666666668;679,8014103185315;592,0473423015994;301,9978797900306;0,6611323876219485;0,5612386379557847;2212,3138586331747;6986,4190239088675;750,1563075944216;0,7438532947467884
24,25;679,8066360571855;592,7848501833629;302,8641563895511;0,6611323876219485;0,5612386379557847;2193,851700423301;6936,401951129376;750,9780191606726;0,737507881763488
24,333333333333332;679,8117242844428;593,516066799951;303,728732786292;0,6611323876219485;0,5612386379557847;2175,5446468455657;6886,67411780082;751,7951826075332;0,7312166165881259
24,416666666666668;679,8166786188127;594,2410458832087;304,59161073293285;0,6611323876219485;0,5612386379557847;2157,3914371122955;6837,235254529489;752,6078002126615;0,7249790832576877
24,5;679,8215025835862;594,9598407501635;305,45279198514737;0,6611323876219485;0,5612386379557847;2139,3908183901003;6788,085056894044;753,4158747727164;0,7187948669547605
24,583333333333332;679,8261996093415;595,6725043042478;306,31227830150283;0,6611323876219485;0,5612386379557847;2121,5415458355665;6739,223186377194;754,2194095921109;0,7126635540842753
24,666666666666668;679,8307730363838;596,3790890365948;307,17007144336543;0,6611323876219485;0,5612386379557847;2103,842382627343;6690,649271279833;755,0184084718896;0,7065847323469926
24,75;679,8352261171207;597,0796470274046;308,0261731748121;0,6611323876219485;0,5612386379557847;2086,292099994725;6642,36290761782;755,8128756987369;0,7005579908098137
24,833333333333332;679,8395620183747;597,7742299473776;308,8805852625478;0,6611323876219485;0,5612386379557847;2068,889477242902;6594,363660001743;756,6028160341141;0,6945829199730207
24,916666666666668;679,8437838236365;598,4628890592122;309,7333094758289;0,6611323876219485;0,5612386379557847;2051,6333017749275;6546,651062499731;757,3882347035295;0,6886591118345237
25,0;679,8478945352565;599,1456752191634;310,5843475863913;0,6611323876219485;0,5612386379557847;2034,522369110607;6499,224619483811;758,1691373859386;0,6827861599512228
25,083333333333332;679,8518970765805;599,822638878661;311,43370136838433;0,6611323876219485;0,5612386379557847;2017,555482902327;6452,083806459727;758,9455302032791;0,6769636594975464
25,166666666666668;679,8557942940289;600,4938300859823;312,28137259830953;0,6611323876219485;0,5612386379557847;2000,7314549479872;6405,228070880691;759,7174197101389;0,6711912073212666
25,25;679,8595889591204;601,1592364134715;313,1273630549638;0,6611323876219485;0,5612386379557847;1984,0491052011657;6358,6568329452675;760,5557570844285;0,6654063274892619
25,333333333333332;679,8632837704438;601,8192330179652;313,9716745193876;0,6611323876219485;0,5612386379557847;1967,5088136412228;6312,373841164604;761,015546970245;0,6599966044937202
25,416666666666668;679,8668813555757;602,4738574940968;314,8143087748174;0,6611323876219485;0,5612386379557847;1951,101268811965;6266,355577435744;761,4760373887103;0,654624476131588
25,5;679,870384272951;603,1231473300268;315,6552676066423;0,6611323876219485;0,5612386379557847;1934,825596536973;6220,602052791489;761,9372100436908;0,6492898359299315
25,583333333333332;679,8737950136804;603,7671399042729;316,49455280236486;0,6611323876219485;0,5612386379557847;1918,6809235731062;6175,11324237612;762,3990465570416;0,6439925742460972
25,666666666666668;679,8771160033232;604,405872482622;317,3321661515654;0,6611323876219485;0,5612386379557847;1902,666377735187;6129,88908616791;762,8615284717;0,6387325783491872
25,75;679,8803496036122;605,0393822151226;318,1681094458705;0,6611323876219485;0,5612386379557847;1886,7810880175284;6084,9294896947495;763,3246372547977;0,6335097325005984
25,833333333333332;679,8834981141327;605,6677061331562;319,0023844789251;0,6611323876219485;0,5612386379557847;1871,0241847122404;6040,234324742514;763,7883543007937;0,6283239180335902
25,916666666666668;679,8865637739583;606,2908811465882;319,8349930463672;0,6611323876219485;0,5612386379557847;1855,394799524413;5995,803430056204;764,2526609346238;0,623175013431886
26,0;679,8895487632428;606,9089440409955;320,6659369458067;0,6611323876219485;0,5612386379557847;1839,8920656842533;5951,636612033963;764,7175384148672;0,6180628944073246
26,083333333333332;679,8924552047711;607,521931474972;321,49521797680717;0,6611323876219485;0,5612386379557847;1824,5151180561834;5907,733645413769;765,1829679369282;0,6129874339765439
26,166666666666668;679,8952851654685;608,1298799775087;322,32283794087;0,6611323876219485;0,5612386379557847;1809,2630932449765;5864,0942739528155;765,6489306362317;0,6079485025367002
26,25;679,8980406578708;608,732825945449;323,14879864142193;0,6611323876219485;0,5612386379557847;1794,1351296989951;5820,7182110996255;766,1154075914327;0,6029459679402355
26,333333333333332;679,9007236415554;609,3308056410177;323,9731018838054;0,6611323876219485;0,5612386379557847;1779,1303678105437;5777,605140658754;766,5823798276361;0,5979796955686747
26,416666666666668;679,9033360245348;609,9238551894232;324,7957494752708;0,6611323876219485;0,5612386379557847;1764,2479500134414;5734,7547174481815;767,049828319628;0,5930495484054749
26,5;679,9058796646137;610,5120105765311;325,6167432249718;0,6611323876219485;0,5612386379557847;1749,487020877791;5692,166567949211;767,5177339951152;0,5881553871079008
26,583333333333332;679,9083563707101;611,0953076466091;326,43608494396267;0,6611323876219485;0,5612386379557847;1734,8467272020657;5649,840290949021;767,9860777379747;0,5832970700779562
26,666666666666668;679,9107679041414;611,6737821001415;327,25377644519796;0,6611323876219485;0,5612386379557847;1720,3262181025252;5607,775458175806;768,4548403915072;0,5784744535323564
26,75;679,9131159798776;612,247469491713;328,0698195435341;0,6611323876219485;0,5612386379557847;1705,9246450999979;5565,971614926335;768,9240027616988;0,5736873915715393
26,833333333333332;679,9154022677602;612,8164052279607;328,8842160557332;0,6611323876219485;0,5612386379557847;1691,6411622041153;5524,428280686245;769,3935456204849;0,5689357362477373
26,916666666666668;679,9176283936906;613,3806245655927;329,6969678004684;0,6611323876219485;0,5612386379557847;1677,4749259949886;5483,14494974264;769,8634497090196;0,5642193376320827
27,0;679,9197959407852;613,9401626094735;330,5080765983317;0,6611323876219485;0,5612386379557847;1663,4250957024478;5442,121091789434;770,3336957409447;0,5595380438807819
27,083333333333332;679,9219064505022;614,4950543107739;331,3175442718422;0,6611323876219485;0,5612386379557847;1649,4908332827918;5401,356152524988;770,8042644056607;0,5548917013003266
27,166666666666668;679,9239614237376;615,0453344651856;332,1253726454575;0,6611323876219485;0,5612386379557847;1635,6713034932086;5360,849554242487;771,2751363715973;0,5502801544117807
27,25;679,9259623218923;615,5910377111998;332,9315635455853;0,6611323876219485;0,5612386379557847;1621,9656739637999;5320,600696412675;771,7462922894822;0,5457032460141136
27,333333333333332;679,9279105679112;616,1321985284463;333,73611880059696;0,6611323876219485;0,5612386379557847;1608,3731152673124;5280,608956259125;772,2177127956064;0,5411608172465964
27,416666666666668;679,9298075472963;616,6688512360967;334,5390402408425;0,6611323876219485;0,5612386379557847;1594,8928009866222;5240,873689326098;772,6893785150864;0,5366527076502732
27,5;679,9316546090902;617,2010299913252;335,34032969866644;0,6611323876219485;0,5612386379557847;1581,5239077799902;5201,394230038913;773,1612700651208;0,5321787552284976
27,583333333333332;679,9334530668372;617,7287687878318;336,13998900842506;0,6611323876219485;0,5612386379557847;1568,2656154441247;5162,169892256796;773,6333680582401;0,5277387965065383
27,666666666666668;679,9352041995162;618,252101454422;336,9380200065047;0,6611323876219485;0,5612386379557847;1555,117106975135;5123,199969818384;774,1056531055495;0,523332666590271
27,75;679,936909252451;618,7710616536459;337,7344245313409;0,6611323876219485;0,5612386379557847;1542,0775686273544;5084,483737079704;774,5781058199633;0,5189601992239417
27,833333333333332;679,9385694381955;619,2856828804929;338,5292044234387;0,6611323876219485;0,5612386379557847;1529,1461899701262;5046,02044944477;775,0507068194287;0,514621226847021
27,916666666666668;679,9401859373962;619,7959984611431;339,3223615253937;0,6611323876219485;0,5612386379557847;1516,3221639425642;5007,809343888812;775,5234367301391;0,5103155806501495
28,0;679,9417598996317;620,3020415517733;340,1138976819137;0,6611323876219485;0,5612386379557847;1503,6046869063284;4969,849639474073;775,9962761897352;0,506043090630172
28,083333333333332;679,9432924442306;620,8038451374176;340,90381473984155;0,6611323876219485;0,5612386379557847;1490,9929586964608;4932,140537858291;776,4692058504936;0,5018035856442755
28,166666666666668;679,9447846610667;621,3014420308808;341,69211454817804;0,6611323876219485;0,5612386379557847;1478,4861826703236;4894,6812237958475;776,9422063824996;0,49759689346323194
28,25;679,9462376113349;621,7948648717046;342,47879895810587;0,6611323876219485;0,5612386379557847;1466,0835657546472;4857,470865631567;777,4152584768065;0,4934228408237425
28,333333333333332;679,9476523283056;622,2841461251845;343,2638698230141;0,6611323876219485;0,5612386379557847;1453,7843184907588;4820,508615787278;777,8883428485775;0,48928125347990303
28,416666666666668;679,9490298180593;622,7693180814383;344,0473289985227;0,6611323876219485;0,5612386379557847;1441,5876550780267;4783,793611241162;778,3614402402104;0,48517195625379
28,5;679,9503710602024;623,2504128545235;344,8291783425081;0,6611323876219485;0,5612386379557847;1429,4927934155253;4747,324973999815;778,8345314244435;0,48109477308516774
28,583333333333332;679,9516770085636;623,7274623816038;345,60941971512864;0,6611323876219485;0,5612386379557847;1417,4989551419742;4711,101811563145;779,3075972074427;0,4770495270803243
28,666666666666668;679,9529485918722;624,2004984221638;346,3880549788506;0,6611323876219485;0,5612386379557847;1405,6053656739948;4675,12321738217;779,7806184318679;0,4730360405600505
28,75;679,9541867144189;624,6695525572705;347,16508599847447;0,6611323876219485;0,5612386379557847;1393,8112542427093;4639,388271309664;780,2535759799171;0,46905413510675814
28,833333333333332;679,9553922566988;625,1346561888813;347,9405146411613;0,6611323876219485;0,5612386379557847;1382,1158539287098;4603,89604004375;780,7264507763498;0,46510363161074725
28,916666666666668;679,9565660760368;625,595840539197;348,7143427764595;0,6611323876219485;0,5612386379557847;1370,5184016954377;4568,645577564445;781,1992237914853;0,4611843503156275
29,0;679,9577090071986;626,0531366500599;349,4865722763315;0,6611323876219485;0,5612386379557847;1359,0181384209955;4533,635925563205;781,6718760441778;0,45729611086289884
29,083333333333332;679,9588218629832;626,5065753823956;350,25720501518083;0,6611323876219485;0,5612386379557847;1347,6143089284676;4498,866113865621;782,1443886047653;0,45343873233571136
29,166666666666668;679,9599054348018;626,9561874156974;351,0262428698788;0,6611323876219485;0,5612386379557847;1336,306162014691;4464,335160847038;782,6167425979938;0,4496120333017812
29,25;679,96096049324;627,4020032475529;351,79368771979176;0,6611323876219485;0,5612386379557847;1325,0929504776109;4430,042073841508;783,0889192059134;0,4458158318555049
29,333333333333332;679,961987788606;627,8440531932122;352,5595414468078;0,6611323876219485;0,5612386379557847;1313,9739311421777;4395,985849543762;783,5608996707467;0,44204994565924943
29,416666666666668;679,9629880514643;628,282367385196;353,323805935364;0,6611323876219485;0,5612386379557847;1302,9483648848468;4362,1654744045545;784,0326652977287;0,4383141919838448
29,5;679,963961993155;628,7169757729444;354,08648307247284;0,6611323876219485;0,5612386379557847;1292,015516656707;4328,579925019201;784,5041974579177;0,4346083877482736
29,583333333333332;679,9649103062999;629,1479081225029;354,84757474774915;0,6611323876219485;0,5612386379557847;1281,174655505265;4295,2281685095195;784,9754775909746;0,4309323495585736
29,666666666666668;679,9658336652951;629,5751940162489;355,6070828534367;0,6611323876219485;0,5612386379557847;1270,4250545949235;4262,109162899129;785,4464872079128;0,42728589374595555
29,75;679,9667327267902;629,998862852653;356,3650092844344;0,6611323876219485;0,5612386379557847;1259,7659912261547;4229,221857482192;785,9172078938147;0,4236688364041423
29,833333333333332;679,9676081301558;630,418943846079;357,1213559383226;0,6611323876219485;0,5612386379557847;1249,1967468534285;4196,5651931856155;786,3876213105168;0,4200809934259385
29,916666666666668;679,9684604979377;630,835466026618;357,876124715389;0,6611323876219485;0,5612386379557847;1238,716607101921;4164,138102924934;786,8577091992614;0,4165221805390477
30,0;679,9692904363003;631,2484582399591;358,62931751865415;0,6611323876219485;0,5612386379557847;1228,324861782994;4131,939511953589;787,3274533833132;0,4129922133411203
30,083333333333332;679,9700985354568;631,6579491472932;359,3809362538972;0,6611323876219485;0,5612386379557847;1218,0208049085309;4099,968338206104;787,7968357705433;0,4094909073340725
30,166666666666668;679,9708853700895;632,0639672252508;360,1309828296805;0,6611323876219485;0,5612386379557847;1207,8037347040918;4068,223492634757;788,2658383559757;0,4060180779576497
30,25;679,9716514997584;632,4665407658731;360,8794591573747;0,6611323876219485;0,5612386379557847;1197,672953620966;4036,7038795401854;788,7344432242996;0,4025735406222713
30,333333333333332;679,9723974692993;632,8656978766143;361,62636715118293;0,6611323876219485;0,5612386379557847;1187,627768347133;4005,408396895789;789,2026325523449;0,3991571107411499
30,416666666666668;679,9731238092106;633,2614664803759;362,3717087281649;0,6611323876219485;0,5612386379557847;1177,667489817125;3974,3359366659674;789,6703886115193;0,3957686037616901
30,5;679,9738310360315;633,6538743155721;363,1154858082604;0,6611323876219485;0,5612386379557847;1167,7914332208672;3943,4853851183825;790,1376937702103;0,39240783519618594
30,583333333333332;679,9745196527085;634,042948936224;363,8577003143126;0,6611323876219485;0,5612386379557847;1157,9989180114835;3912,8556231301886;790,6045304961463;0,38907462065181425
30,666666666666668;679,9751901489537;634,4287177120839;364,5983541720905;0,6611323876219485;0,5612386379557847;1148,2892679121137;3882,4455264883845;791,0708813587207;0,3857687758599431
30,75;679,9758430015926;634,8112078287886;365,33744931031185;0,6611323876219485;0,5612386379557847;1138,6618109217466;3852,253966184274;791,5367290312768;0,3824901167047522
30,833333333333332;679,9764786749035;635,1904462880398;366,0749876606642;0,6611323876219485;0,5612386379557847;1129,1158793200993;3822,2798087020774;792,0020562933522;0,3792384592511738
30,916666666666668;679,9770976209477;635,5664599078119;366,81097115782677;0,6611323876219485;0,5612386379557847;1119,6508096715945;3792,5219163019506;792,4668460328841;0,37601361977218184
31,0;679,9777002798905;635,9392753225874;367,5454017394912;0,6611323876219485;0,5612386379557847;1110,2659428283941;3762,979147297144;792,9310812483731;0,37281541477540303
31,083333333333332;679,9782870803149;636,3089189836164;368,27828134638173;0,6611323876219485;0,5612386379557847;1100,960623932579;3733,650356325683;793,394745051007;0,36964366102909074
31,166666666666668;679,9788584395258;636,6754171592039;369,0096119222752;0,6611323876219485;0,5612386379557847;1091,7342024174616;3704,534394616452;793,857820666743;0,3664981755874519
31,25;679,9794147638471;637,0387959350193;369,7393954140202;0,6611323876219485;0,5612386379557847;1082,5860320080465;3675,6301102497864;794,3202914383481;0,3633787758153371
31,333333333333332;679,9799564489108;637,3990812144316;370,46763377155577;0,6611323876219485;0,5612386379557847;1073,515470720696;3646,936348412675;794,7821408273978;0,36028527941231037
31,416666666666668;679,9804838799381;637,7562987188677;371,19432894792976;0,6611323876219485;0,5612386379557847;1064,5218808619802;3618,451951648582;795,2433524162325;0,3572175044360962
31,5;679,980997432013;638,1104739881931;371,9194828993163;0,6611323876219485;0,5612386379557847;1055,6046290267602;3590,175760101983;795,703909909871;0,35417526932541804
31,583333333333332;679,98149747035;638,4616323811154;372,6430975850327;0,6611323876219485;0,5612386379557847;1046,7630860954982;3562,106611757642;796,1637971378818;0,35115839292223344
31,666666666666668;679,9819843505528;638,8097990756087;373,36517496755613;0,6611323876219485;0,5612386379557847;1037,996627230865;3534,2433426748007;796,6229980562111;0,3481666944933807
31,75;679,9824584188679;639,1549990693603;374,08571701253936;0,6611323876219485;0,5612386379557847;1029,3046318736033;3506,584787216231;797,0814967489672;0,3451999937516389
31,833333333333332;679,9829200124306;639,4972571802365;374,80472568882595;0,6611323876219485;0,5612386379557847;1020,6864837376884;3479,1297782721995;797,5392774301616;0,34225811087620417
31,916666666666668;679,9833694595045;639,8365980467692;375,52220296846497;0,6611323876219485;0,5612386379557847;1012,1415708048517;3451,8771474795926;797,9963244454071;0,33934086653261025
32,0;679,9838070797155;640,1730461286612;376,23815082672496;0,6611323876219485;0,5612386379557847;1003,6692853183837;3424,825725435978;798,4526222735709;0,3364480818920734
32,083333333333336;679,9842331842785;640,5066257073115;376,95257124210735;0,6611323876219485;0,5612386379557847;995,2690237763562;3397,974341909005;798,9081555283846;0,3335795786503007
32,166666666666664;679,9846480762193;640,8373608863573;377,66546619635926;0,6611323876219485;0,5612386379557847;986,9401869241756;3371,321826040883;799,36290896001;0,330735179045741
32,25;679,9850520505896;641,1652755922346;378,37683767448556;0,6611323876219485;0,5612386379557847;978,6821797465507;3344,867006548217;799,816867456561;0,32791470587730576
32,333333333333336;679,9854453946771;641,4903935747561;379,0866876647606;0,6611323876219485;0,5612386379557847;970,4944114588756;3318,6087119172316;800,2700160455802;0,3251179825215645
32,416666666666664;679,9858283882096;641,8127384077055;379,7950181587387;0,6611323876219485;0,5612386379557847;962,3762954980236;3292,5457705943363;800,7223398954727;0,3223448329494133
32,5;679,9862013035543;642,1323334894478;380,5018311512648;0,6611323876219485;0,5612386379557847;954,3272495126018;3266,677011172252;801,1738243168946;0,31959508174223783
32,583333333333336;679,9865644059112;642,4492020435554;381,20712864048386;0,6611323876219485;0,5612386379557847;946,346695352662;3241,001262571636;801,6244547640978;0,31686855410756903
32,666666666666664;679,9869179535017;642,7633671194496;381,91091262784965;0,6611323876219485;0,5612386379557847;938,4340590588948;3215,5173542183916;802,0742168362294;0,314165075894248
32,75;679,9872621977522;643,0748515930567;382,61318511813334;0,6611323876219485;0,5612386379557847;930,5887708513012;3190,224116216536;802,5230962785888;0,3114844736070929
32,833333333333336;679,9875973834733;643,3836781674778;383,3139481194309;0,6611323876219485;0,5612386379557847;922,8102651173884;3165,120379516925;802,9710789838382;0,3088265744210963
32,916666666666664;679,9879237490331;643,689869373673;384,0132036431703;0,6611323876219485;0,5612386379557847;915,0979803998865;3140,2049760817345;803,418150993171;0,3061912061951454
33,0;679,988241526528;643,9934475711583;384,71095370411774;0,6611323876219485;0,5612386379557847;907,4513593840038;3115,476739044823;803,8642984974347;0,30357819748528003
33,083333333333336;679,9885509419462;644,2944349487158;385,4072003203833;0,6611323876219485;0,5612386379557847;899,8698488842422;3090,934502868023;804,3095078382103;0,30098737755749405
33,166666666666664;679,9888522153294;644,5928535251159;386,1019455134261;0,6611323876219485;0,5612386379557847;892,3528998307603;3066,5771034934005;804,7537655088481;0,29841857640008385
33,25;679,9891455609294;644,8887251498514;386,7951913080586;0,6611323876219485;0,5612386379557847;884,899967255339;3042,4033784915773;805,1970581554598;0,29587162473555906
33,333333333333336;679,9894311873597;645,1820715038835;387,48693973245037;0,6611323876219485;0,5612386379557847;877,5105102769487;3018,4121672062483;805,6393725778662;0,2933463540321248
33,416666666666664;679,9897092977446;645,4729141003983;388,17719281813123;0,6611323876219485;0,5612386379557847;870,1839920869048;2994,6023108947775;806,0806957305022;0,29084259651473027
33,5;679,9899800898631;645,761274285574;388,86595259999365;0,6611323876219485;0,5612386379557847;862,9198799336592;2970,972652865045;806,5210147232787;0,2883601851756993
33,583333333333336;679,9902437562899;646,0471732393589;389,55322111629454;0,6611323876219485;0,5612386379557847;855,717645107228;2947,5220386086594;806,9603168224006;0,2858989537849563
33,666666666666664;679,9905004845323;646,3306319762588;390,2390004086564;0,6611323876219485;0,5612386379557847;848,5767629232754;2924,249315930496;807,3985894511434;0,28345873689984563
33,75;679,9907504571632;646,6116713461333;390,9232925220679;0,6611323876219485;0,5612386379557847;841,4967127068365;2901,1533350746163;807,8358201905859;0,28103936987455097
33,833333333333336;679,9909938519519;646,8903120350025;391,6060995048837;0,6611323876219485;0,5612386379557847;834,4769777757477;2878,232948846744;808,2719967803009;0,2786406888691337
33,916666666666664;679,991230841989;647,1665745658606;392,28742340882354;0,6611323876219485;0,5612386379557847;827,5170454237355;2855,487012733232;808,7071071190047;0,2762625308581844
34,0;679,9914615958108;647,4404792994998;392,96726628897125;0,6611323876219485;0,5612386379557847;820,6164069032098;2832,9143850165947;809,1411392651636;0,2739047336390981
34,083333333333336;679,9916862775189;647,7120464353397;393,6456302037723;0,6611323876219485;0,5612386379557847;813,7745574077769;2810,51392688776;809,5740814375598;0,27156713583998726
34,166666666666664;679,991905046896;647,981296012267;394,3225172150314;0,6611323876219485;0,5612386379557847;806,9909960544777;2788,284502555058;810,005922015815;0,26924957692723794
34,25;679,992118059521;648,2482479094797;394,9979293879089;0,6611323876219485;0,5612386379557847;800,2652258657264;2766,22497934984;810,4366495408754;0,26695189721269835
34,333333333333336;679,9923254668782;648,5129218473402;395,6718687909175;0,6611323876219485;0,5612386379557847;793,5967537510322;2744,3342278290716;810,8662527154529;0,26467393786053706
34,416666666666664;679,9925274164665;648,7753373882339;396,344337495917;0,6611323876219485;0,5612386379557847;786,9850904884515;2722,6111218747355;811,2947204044291;0,26241554089375285
34,5;679,9927240519025;649,0355139374342;397,0153375781097;0,6611323876219485;0,5612386379557847;780,4297507058152;2701,054538790213;811,7220416352174;0,26017654920035677
34,583333333333336;679,9929155130245;649,2934707439734;397,6848711160345;0,6611323876219485;0,5612386379557847;773,9302528617088;2679,6633593935435;812,1482055980869;0,25795680653921815
34,666666666666664;679,9931019359904;649,5492269015191;398,35294019156055;0,6611323876219485;0,5612386379557847;767,4861192262767;2658,4364681079214;812,5732016464467;0,2557561575456083
34,75;679,9932834533757;649,8028013492556;399,0195468898802;0,6611323876219485;0,5612386379557847;761,0968758617815;2637,3727530491283;812,9970192970908;0,25357444773641624
34,833333333333336;679,9934601942672;650,0542128727707;399,6846932995017;0,6611323876219485;0,5612386379557847;754,7620526030045;2616,471106110234;813,4196482304062;0,2514115235150692
34,916666666666664;679,9936322843544;650,3034801049469;400,348381512241;0,6611323876219485;0,5612386379557847;748,4811830374127;2595,730423043368;813,8410782905414;0,2492672321761408
35,0;679,9937998460199;650,5506215268565;401,010613623213;0,6611323876219485;0,5612386379557847;742,2538044851876;2575,1496035388764;814,261299485539;0,24714142190967694
35,083333333333336;679,9939629984258;650,7956554686617;401,67139173082217;0,6611323876219485;0,5612386379557847;736,0794579790849;2554,7275513017853;814,6803019874296;0,24503394180523505
35,166666666666664;679,9941218575984;651,0386001105173;402,33071793675305;0,6611323876219485;0,5612386379557847;729,9576882441016;2534,4631741255066;815,0980761322909;0,2429446418556307
35,25;679,9942765365108;651,2794734834778;402,9885943459595;0,6611323876219485;0,5612386379557847;723,8880436770273;2514,3553839630863;815,5146124202687;0,24087337296042222
35,333333333333336;679,9944271451636;651,5182934704069;403,6450230666538;0,6611323876219485;0,5612386379557847;717,8700763258263;2494,4030969958253;815,9299015155636;0,23881998692911724
35,416666666666664;679,9945737906627;651,755077806891;404,3000062102952;0,6611323876219485;0,5612386379557847;711,9033418689185;2474,6052336994903;816,3439342463814;0,23678433648412578
35,5;679,9947165772952;651,9898440821545;404,9535458915778;0,6611323876219485;0,5612386379557847;705,9873995942922;2454,960718908013;816,7567016048496;0,23476627526344754
35,583333333333336;679,9948556066046;652,2226097399775;405,60564422841793;0,6611323876219485;0,5612386379557847;700,1218123785179;2435,4684818747814;817,1681947468987;0,23276565782310848
35,666666666666664;679,9949909774618;652,453392079617;406,25630334194096;0,6611323876219485;0,5612386379557847;694,3061466656758;2416,127456331752;817,5784049921106;0,23078233963936687
35,75;679,9951227861363;652,6822082567276;406,90552535646765;0,6611323876219485;0,5612386379557847;688,5399724461223;2396,936580545983;817,9873238235322;0,22881617711065383
35,833333333333336;679,9952511263645;652,9090752842868;407,55331239949993;0,6611323876219485;0,5612386379557847;682,8228632352193;2377,8947973741933;818,3949428874575;0,22686702755930585
35,916666666666664;679,9953760894156;653,1340100335199;408,1996666017061;0,6611323876219485;0,5612386379557847;677,1543960519409;2359,0010543149706;818,801253993177;0,2249347492330548
36,0;679,9954977641577;653,3570292348262;408,8445900969057;0,6611323876219485;0,5612386379557847;671,5341513973925;2340,254303558778;819,2062491126946;0,2230192013062922
36,083333333333336;679,9956162371201;653,5781494787074;409,4880850220536;0,6611323876219485;0,5612386379557847;665,9617132332869;2321,6535020360025;819,6099203804133;0,22112024388112958
36,166666666666664;679,9957315925552;653,7973872166956;410,130153517224;0,6611323876219485;0,5612386379557847;660,4366689603182;2303,197611462791;820,0122600927905;0,21923773798823423
36,25;679,9958439124986;654,014758762283;410,7707977255934;0,6611323876219485;0,5612386379557847;654,9586093964905;2284,8855983849035;820,4132607079625;0,21737154558746233
36,333333333333336;679,9959532768269;654,2302802918513;411,41001979342354;0,6611323876219485;0,5612386379557847;649,5271287553891;2266,7164342196297;820,8129148453397;0,21552152956829354
36,416666666666664;679,9960597633147;654,4439678456014;412,0478218700437;0,6611323876219485;0,5612386379557847;644,1418246243899;2248,6890952956337;821,2112152851721;0,2136875537500586
36,5;679,9961634476905;654,6558373284834;412,6842061078325;0,6611323876219485;0,5612386379557847;638,8022979428342;2230,802562891037;821,6081549680855;0,21186948288198684
36,583333333333336;679,9962644036896;654,8659045111265;413,31917466219915;0,6611323876219485;0,5612386379557847;633,5081529801784;2213,0558232695867;822,0037269945902;0,21006718264306296
36,666666666666664;679,9963627031073;655,0741850307681;413,9527296915645;0,6611323876219485;0,5612386379557847;628,2589973140773;2195,4478677149586;822,3979246245622;0,20828051964169633
36,75;679,9964584158494;655,2806943921834;414,5848733573415;0,6611323876219485;0,5612386379557847;623,0544418084776;2177,977692563387;822,790741276696;0,2065093614152241
36,833333333333336;679,9965516099824;655,4854479686126;415,2156078239151;0,6611323876219485;0,5612386379557847;617,8941005916499;2160,644299234376;823,1821705279325;0,20475357642922543
36,916666666666664;679,9966423517816;655,6884610026892;415,8449352586217;0,6611323876219485;0,5612386379557847;612,777591034245;2143,4466942599306;823,5722061128589;0,2030130340766872
37,0;679,9967307057784;655,8897486073662;416,47285783172873;0,6611323876219485;0,5612386379557847;607,7045337273091;2126,383889311939;823,9608419230843;0,20128760467699128
37,083333333333336;679,996816734806;656,089325766841;417,0993777164129;0,6611323876219485;0,5612386379557847;602,6745524603058;2109,454901228051;824,3480720065902;0,19957715947475202
37,166666666666664;679,9969005000441;656,2872073374795;417,72449708873864;0,6611323876219485;0,5612386379557847;597,6872741991258;2092,6587520358507;824,7338905670555;0,19788157063849107
37,25;679,9969820610629;656,4834080487386;418,3482181276362;0,6611323876219485;0,5612386379557847;592,7423290641173;2075,9944689756;825,1182919631588;0,19620071125917185
37,333333333333336;679,9970614758645;656,6779425040872;418,9705430148788;0,6611323876219485;0,5612386379557847;587,8393503081071;2059,46108452139;825,5012707078563;0,1945344553485818
37,416666666666664;679,9971388009251;656,8708251819248;419,5914739350599;0,6611323876219485;0,5612386379557847;582,9779742944311;2043,0576364007807;825,8828214676379;0,19288267783757054
37,5;679,9972140912347;657,062070436499;420,21101307557;0,6611323876219485;0,5612386379557847;578,1578404750064;2026,783167613107;826,2629390617593;0,19124525457416128
37,583333333333336;679,9972874003363;657,2516924988205;420,8291626265727;0,6611323876219485;0,5612386379557847;573,3785913683931;2010,6367264462665;826,6416184614543;0,18962206232151782
37,666666666666664;679,9973587803638;657,4397054775762;421,445924780981;0,6611323876219485;0,5612386379557847;568,639872537895;1994,6173664921369;827,0188547891246;0,18801297875578513
37,75;679,9974282820792;657,6261233600401;422,06130173443245;0,6611323876219485;0,5612386379557847;563,9413325696893;1978,724146660717;827,3946433175083;0,18641788246380855
37,833333333333336;679,9974959549093;657,8109600129808;422,6752956852648;0,6611323876219485;0,5612386379557847;559,2826230509786;1962,9561311928667;827,7689794688306;0,184836652940725
37,916666666666664;679,9975618469794;657,9942291835682;423,28790883449057;0,6611323876219485;0,5612386379557847;554,6633985482117;1947,312389671883;828,1418588139318;0,18326917058744668
38,0;679,9976260051491;658,1759445002763;423,89914338577165;0,6611323876219485;0,5612386379557847;550,0833165852782;1931,791997033634;828,5132770713788;0,18171531670801233
38,083333333333336;679,9976884750446;658,3561194737831;424,50900154539363;0,6611323876219485;0,5612386379557847;545,54203762182;1916,3940335756963;828,8832301065561;0,18017497350684933
38,166666666666664;679,9977493010916;658,534767497869;425,1174855222394;0,6611323876219485;0,5612386379557847;541,0392250315368;1901,1175849651408;829,25171393074;0,17864802408591324
38,25;679,9978085265468;658,7119018503107;425,7245975277629;0,6611323876219485;0,5612386379557847;536,5745450805662;1885,9617422452166;829,6187247001552;0,17713435244173004
38,333333333333336;679,9978661935286;658,8875356937731;426,33033977596233;0,6611323876219485;0,5612386379557847;532,1476669059024;1870,92560184091;829,9842587150131;0,17563384346233712
38,416666666666664;679,997922343047;659,0616820766973;426,93471448335276;0,6611323876219485;0,5612386379557847;527,7582624938873;1856,0082655634164;830,3483124185352;0,17414638292413076
38,5;679,9979770150327;659,2343539341858;427,5377238689391;0,6611323876219485;0,5612386379557847;523,4060066587432;1841,2088406134744;830,7108823959597;0,17267185748861358
38,583333333333336;679,9980302483663;659,405564088885;428,13937015418827;0,6611323876219485;0,5612386379557847;519,0905770211714;1826,5264395837266;831,0719653735326;0,17121015469905745
38,666666666666664;679,9980820809045;659,5753252518621;428,739655563001;0,6611323876219485;0,5612386379557847;514,811653987033;1811,9601804600536;831,4315582174847;0,16976116297708074
38,75;679,9981325495082;659,7436500234812;429,33858232168393;0,6611323876219485;0,5612386379557847;510,56892072606104;1797,5091866218506;831,7896579329927;0,1683247716191333
38,833333333333336;679,9981816900686;659,9105508942741;429,9361526589207;0,6611323876219485;0,5612386379557847;506,3620631506751;1783,1725868414176;832,1462616631279;0,1669008707929099
38,916666666666664;679,9982295375319;660,0760402458078;430,5323688057435;0,6611323876219485;0,5612386379557847;502,190769894861;1768,9495152824102;832,5013666877903;0,1654893515336846
39,0;679,9982761259249;660,2401303515484;431,1272329955036;0,6611323876219485;0,5612386379557847;498,05473229310167;1754,839111497282;832,8549704226307;0,16409010574056174
39,083333333333336;679,9983214883795;660,4028333777211;431,7207474638424;0,6611323876219485;0,5612386379557847;493,9536443594136;1740,840520423958;833,2070704179595;0,16270302617266622
39,166666666666664;679,998365657155;660,5641613841664;432,31291444866145;0,6611323876219485;0,5612386379557847;489,8872027664595;1726,9528923816008;833,5576643576442;0,16132800644526094
39,25;679,9984086636623;660,7241263251922;432,903736190093;0,6611323876219485;0,5612386379557847;485,8551068247152;1713,1753830654877;833,9067500579948;0,1599649410257922
39,333333333333336;679,9984505384855;660,8827400504221;433,4932149304697;0,6611323876219485;0,5612386379557847;481,85705846175324;1699,5071535411582;834,2543254666391;0,15861372522988074
39,416666666666664;679,9984913114042;661,0400143056393;434,08135291429437;0,6611323876219485;0,5612386379557847;477,8927622015857;1685,947370237684;834,6003886613863;0,15727425521724323
39,5;679,998531011414;661,1959607336269;434,6681523882095;0,6611323876219485;0,5612386379557847;473,96192514412405;1672,4952049402855;834,9449378490818;0,15594642798756608
39,583333333333336;679,9985696667478;661,3505908750031;435,25361560096644;0,6611323876219485;0,5612386379557847;470,0642569446785;1659,1498347820018;835,2879713644517;0,15463014137630568
39,666666666666664;679,9986073048956;661,5039161690536;435,8377448033946;0,6611323876219485;0,5612386379557847;466,1994697936166;1645,9104422349244;835,6294876689375;0,15332529405046091
39,75;679,9986439526236;661,6559479545579;436,42054224837034;0,6611323876219485;0,5612386379557847;462,3672783960501;1632,7762151004356;835,9694853495239;0,1520317855042692
39,833333333333336;679,9986796359941;661,8066974706127;437,00201019078526;0,6611323876219485;0,5612386379557847;458,56739995164446;1619,7463464989169;836,3079631175568;0,15074951605486694
39,916666666666664;679,9987143803836;661,9561758574506;437,5821508875152;0,6611323876219485;0,5612386379557847;454,7995541345358;1606,8200348588148;836,644919807554;0,1494783868379064
40,0;679,9987482105004;662,1043941572538;438,16096659738804;0,6611323876219485;0,5612386379557847;451,063463073325;1593,996483905004;836,9803543760089;0,14821829980312226
40,083333333333336;679,998781150403;662,2513633149636;438,7384595811522;0,6611323876219485;0,5612386379557847;447,3588513311654;1581,2749026464821;837,3142659001868;0,14696915770985355
40,166666666666664;679,9988132235169;662,3970941790861;439,31463210144426;0,6611323876219485;0,5612386379557847;443,68544588598695;1568,654505363631;837,6466535769143;0,14573086412254027
40,25;679,9988444526507;662,5415975024923;439,889486422757;0,6611323876219485;0,5612386379557847;440,0429761107688;1556,1345115946879;837,9775167213651;0,14450332340616384
40,333333333333336;679,9988748600133;662,684883943214;440,46302481140674;0,6611323876219485;0,5612386379557847;436,43117375395946;1543,7141461218016;838,3068547658353;0,1432864407216672
40,416666666666664;679,9989044672288;662,8269640652353;441,035249535501;0,6611323876219485;0,5612386379557847;432,84977291998246;1531,3926389564833;838,6346672585191;0,14208012202133483
40,5;679,9989332953528;662,9678483392795;441,6061628649058;0,6611323876219485;0,5612386379557847;429,29851004983846;1519,1692253245108;838,9609538622753;0,14088427404414042
40,583333333333336;679,9989613648863;663,1075471435905;442,17576707121265;0,6611323876219485;0,5612386379557847;425,7771239018325;1507,0431456503868;839,285714353392;0,13969880431107098
40,666666666666664;679,998988695791;663,2460707647109;442,7440644277058;0,6611323876219485;0,5612386379557847;422,2853555323951;1495,0136455412226;839,608948620345;0,13852362112041683
40,75;679,9990153075033;663,383429398254;443,31105720932896;0,6611323876219485;0,5612386379557847;418,82294827700264;1483,0799757701602;839,9306566625551;0,13735863354303607
40,833333333333336;679,9990412189486;663,5196331496716;443,8767476926522;0,6611323876219485;0,5612386379557847;415,3896477312344;1471,2413922594174;840,2508385891397;0,1362037514176037
40,916666666666664;679,9990664485535;663,6546920350174;444,4411381558386;0,6611323876219485;0,5612386379557847;411,98520173192605;1459,4971560628064;840,5694946176634;0,13505888534583152
41,0;679,9990910142602;663,7886159817051;445,00423087861066;0,6611323876219485;0,5612386379557847;408,6093603384029;1447,846533347776;840,8866250728839;0,13392394668766205
41,083333333333336;679,9991149335389;663,9214148292616;445,5660281422169;0,6611323876219485;0,5612386379557847;405,26187581387774;1436,2887953771747;841,2022303854985;0,1327988475564573
41,166666666666664;679,9991382233995;664,0530983300757;446,12653222939815;0,6611323876219485;0,5612386379557847;401,9425026069314;1424,8232184905298;841,5163110908858;0,13168350081416208
41,25;679,999160900405;664,1836761501422;446,68574542435374;0,6611323876219485;0,5612386379557847;398,65099733309535;1413,4490840849273;841,8288678278482;0,1305778200664499
41,333333333333336;679,999182980682;664,3131578698001;447,24367001270775;0,6611323876219485;0,5612386379557847;395,38711875656816;1402,1656785955472;842,1399013373524;0,12948171965785815
41,416666666666664;679,9992044799332;664,441552984467;447,8003082814749;0,6611323876219485;0,5612386379557847;392,1506277720482;1390,9722934759025;842,4494124612681;0,12839511466691544
41,5;679,9992254134476;664,5688709053682;448,3556625190267;0,6611323876219485;0,5612386379557847;388,9412873866547;1379,8682251776063;842,7574021411085;0,1273179209012461
41,583333333333336;679,9992457961123;664,6951209602609;448,90973501505727;0,6611323876219485;0,5612386379557847;385,7588627019851;1368,8527751299089;843,0638714167683;0,12625005489267435
41,666666666666664;679,9992656424224;664,8203123941531;449,46252806054923;0,6611323876219485;0,5612386379557847;382,603120896286;1357,9252497188916;843,368821425263;0,12519143389231752
41,75;679,9992849664918;664,9444543700188;450,01404394773954;0,6611323876219485;0,5612386379557847;379,47383120673237;1347,084960266363;843,6722533994689;0,1241419758656724
41,833333333333336;679,9993037820627;665,0675559695064;450,56428497008494;0,6611323876219485;0,5612386379557847;376,370764911826;1336,331223008457;843,9741686668632;0,12310159948769571
41,916666666666664;679,9993221025161;665,1896261936444;451,113253422228;0,6611323876219485;0,5612386379557847;373,2936953139074;1325,6633590739275;844,2745686482654;0,12207022413787803
42,0;679,9993399408803;665,3106739635397;451,66095159996246;0,6611323876219485;0,5612386379557847;370,2423977217933;1315,0806944622457;844,5734548565805;0,12104776989532016
42,083333333333336;679,9993573098415;665,4307081210735;452,2073818001988;0,6611323876219485;0,5612386379557847;367,21664943351584;1304,58256002136;844,8708288955426;0,12003415753380074
42,166666666666664;679,9993742217514;665,5497374295903;452,7525463209299;0,6611323876219485;0,5612386379557847;364,21622971919874;1294,1682914253001;845,1666924584622;0,11902930851685037
42,25;679,999390688637;665,6677705745832;453,2964474611966;0,6611323876219485;0,5612386379557847;361,2409198040268;1283,837229151454;845,4610473269743;0,118033144992818
42,333333333333336;679,999406722209;665,7848161643732;453,83908752105276;0,6611323876219485;0,5612386379557847;358,29050285134656;1273,5887184576848;845,7538953697897;0,11704558978994385
42,416666666666664;679,9994223338695;665,9008827307846;454,38046880153126;0,6611323876219485;0,5612386379557847;355,3647639458944;1263,4221093592598;846,0452385414487;0,11606656641143731
42,5;679,9994375347209;666,0159787298152;454,920593604609;0,6611323876219485;0,5612386379557847;352,46349007712183;1253,3367566055153;846,3350788810773;0,11509599903055245
42,583333333333336;679,9994523355732;666,1301125423008;455,4594642331724;0,6611323876219485;0,5612386379557847;349,58647012264237;1243,332019656346;846,6234185111484;0,11413381248566896
42,666666666666664;679,9994667469522;666,2432924745762;455,9970829909829;0,6611323876219485;0,5612386379557847;346,7334948318097;1233,4072626585605;846,9102596362441;0,11317993227538382
42,75;679,9994807791065;666,3555267591297;456,5334521826423;0,6611323876219485;0,5612386379557847;343,9043568094007;1223,5618544220142;847,1956045418236;0,11223428455360378
42,833333333333336;679,9994944420152;666,4668235552543;457,06857411355793;0,6611323876219485;0,5612386379557847;341,0988504994208;1213,7951683956273;847,4794555929944;0,11129679612464964
42,916666666666664;679,9995077453948;666,5771909496927;457,6024510899084;0,6611323876219485;0,5612386379557847;338,3167721690228;1204,1065826431948;847,7618152332873;0,1103673944383642
43,0;679,9995206987059;666,686636957278;458,13508541860875;0,6611323876219485;0,5612386379557847;335,5579198925511;1194,4954798191088;848,0426859834361;0,10944600758523418
43,083333333333336;679,9995333111602;666,7951695215695;458,6664794072758;0,6611323876219485;0,5612386379557847;332,8220935356967;1184,961247143935;848,3220704401618;0,10853256429152032
43,166666666666664;679,9995455917274;666,9027965154839;459,19663536419375;0,6611323876219485;0,5612386379557847;330,10909473976824;1175,5032763798033;848,5999712749627;0,10762699391439441
43,25;679,9995575491405;667,009525741921;459,7255555982795;0,6611323876219485;0,5612386379557847;327,418726906086;1166,1209638057896;848,8763912329076;0,10672922643709594
43,333333333333336;679,9995691919033;667,1153649343852;460,2532424190481;0,6611323876219485;0,5612386379557847;324,7507951804863;1156,8137101930809;849,1513331314353;0,10583919246409283
43,416666666666664;679,9995805282956;667,2203217576015;460,77969813657813;0,6611323876219485;0,5612386379557847;322,10510643795374;1147,5809207801321;849,4247998591601;0,10495682321626285
43,5;679,9995915663792;667,3244038081276;461,3049250614775;0,6611323876219485;0,5612386379557847;319,4814692673532;1138,4220052476517;849,6967943746815;0,10408205052608187
43,583333333333336;679,9996023140038;667,4276186149605;461,8289255048487;0,6611323876219485;0,5612386379557847;316,87969395628954;1129,3363776935412;849,9673197054009;0,10321480683283069
43,666666666666664;679,9996127788128;667,5299736401383;462,35170177825455;0,6611323876219485;0,5612386379557847;314,29959247608394;1120,3234566077615;850,2363789463432;0,10235502517781704
43,75;679,9996229682482;667,6314762793379;462,87325619368363;0,6611323876219485;0,5612386379557847;311,74097846686095;1111,3826648471127;850,5039752589859;0,10150263919961201
43,833333333333336;679,9996328895562;667,7321338624672;463,3935910635162;0,6611323876219485;0,5612386379557847;309,2036672227579;1102,5134296099661;850,7701118700926;0,10065758312930492
43,916666666666664;679,9996425497925;667,831953654253;463,91270870048976;0,6611323876219485;0,5612386379557847;306,68747567722505;1093,715182410858;851,0347920705553;0,09981979178576715
44,0;679,9996519558268;667,9309428548239;464,43061141766475;0,6611323876219485;0,5612386379557847;304,1922223884882;1084,9873590552086;851,2980192142412;0,09898920057095004
44,083333333333336;679,9996611143484;668,0291086002891;464,9473015283906;0,6611323876219485;0,5612386379557847;301,7177275250731;1076,3293996137816;851,5597967168469;0,09816574546518156
44,166666666666664;679,9996700318703;668,1264579633116;465,46278134627136;0,6611323876219485;0,5612386379557847;299,2638128514841;1067,7407483972904;851,8201280547602;0,09734936302249789
44,25;679,9996787147345;668,2229979536776;465,97705318513187;0,6611323876219485;0,5612386379557847;296,8303017139675;1059,220853930824;852,0790167639285;0,09653999036598122
44,333333333333336;679,9996871691154;668,3187355188608;466,4901193589835;0,6611323876219485;0,5612386379557847;294,4170190264231;1050,7691689283968;852,3364664387335;0,09573756518313105
44,416666666666664;679,9996954010257;668,413677544582;467,0019821819906;0,6611323876219485;0,5612386379557847;292,0237912563664;1042,3851502672665;852,5924807308753;0,09494202572123527
44,5;679,9997034163196;668,5078308553648;467,5126439684363;0,6611323876219485;0,5612386379557847;289,6504464110933;1034,0682589625135;852,8470633482609;0,09415331078278887
44,583333333333336;679,9997112206969;668,6012022150857;468,0221070326888;0,6611323876219485;0,5612386379557847;287,29681402386973;1025,817960141341;853,1002180539035;0,09337135972090756
44,666666666666664;679,9997188197078;668,6937983275204;468,5303736891679;0,6611323876219485;0,5612386379557847;284,9627251402808;1017,6337230175341;853,3519486648273;0,09259611243477822
44,75;679,9997262187565;668,7856258368855;469,0374462523112;0,6611323876219485;0,5612386379557847;282,6480123046849;1009,515020865875;853,6022590509804;0,09182750936512758
44,833333333333336;679,9997334231048;668,8766913283753;469,5433270365407;0,6611323876219485;0,5612386379557847;280,3525095467734;1001,46133099656;853,8511531341562;0,09106549148971223
44,916666666666664;679,999740437876;668,9670013286941;470,048018356229;0,6611323876219485;0,5612386379557847;278,07605236823747;993,4721347296307;854,0986348869228;0,09031000031883164
45,0;679,9997472680587;669,056562306585;470,55152252566654;0,6611323876219485;0,5612386379557847;275,8184777295469;985,546917369395;854,3447083315589;0,08956097789086205
45,083333333333336;679,9997539185104;669,1453806733527;471,05384185902784;0,6611323876219485;0,5612386379557847;273,5796240368444;977,685168178915;854,5893775390005;0,08881836676781783
45,166666666666664;679,9997603939604;669,2334627833836;471,5549786703386;0,6611323876219485;0,5612386379557847;271,3593311289401;969,8863803544763;854,8326466277932;0,08808211003093244
45,25;679,9997666990138;669,3208149346599;472,05493527344254;0,6611323876219485;0,5612386379557847;269,1574402644193;962,1500510001151;855,0745197630552;0,0873521512762659
45,333333333333336;679,9997728381544;669,4074433692703;472,5537139819685;0,6611323876219485;0,5612386379557847;266,9737941088471;954,4756811021188;855,3150011554467;0,08662843461033146
45,416666666666664;679,9997788157482;669,493354273916;473,05131710929754;0,6611323876219485;0,5612386379557847;264,80823672210363;946,8627755036617;855,5540950601489;0,08591090464575528
45,5;679,999784636046;669,5785537804129;473,54774696853025;0,6611323876219485;0,5612386379557847;262,6606135458047;939,3108428794025;855,7918057758515;0,08519950649695375
45,583333333333336;679,9997903031871;669,6630479661887;474,043005872454;0,6611323876219485;0,5612386379557847;260,53077139082745;931,8193957101228;856,0281376437481;0,08449418577583559
45,666666666666664;679,9997958212016;669,7468428547763;474,53709613351054;0,6611323876219485;0,5612386379557847;258,4185584249582;924,3879502574624;856,2630950465418;0,08379488858753349
45,75;679,9998011940137;669,8299444163025;475,0300200637635;0,6611323876219485;0,5612386379557847;256,3238241606314;917,0160265386637;856,496682407458;0,08310156152615739
45,833333333333336;679,9998064254443;669,9123585679731;475,5217799748662;0,6611323876219485;0,5612386379557847;254,24641944277937;909,7031483014058;856,7289041892664;0,08241415167057613
45,916666666666664;679,9998115192136;669,9940911745533;476,0123781780294;0,6611323876219485;0,5612386379557847;252,1861964367787;902,4488429986454;856,9597648933122;0,08173260658022087
46,0;679,9998164789442;670,0751480488442;476,50181698398916;0,6611323876219485;0,5612386379557847;250,14300861650725;895,2526417635504;857,1892690585566;0,08105687429091707
46,083333333333336;679,9998213081633;670,155534952155;476,9900987029751;0,6611323876219485;0,5612386379557847;248,11671075250104;888,1140793845227;857,4174212606254;0,08038690331074419
46,166666666666664;679,999826010305;670,2352575947709;477,47722564467847;0,6611323876219485;0,5612386379557847;246,10715890020742;881,032694280203;857,6442261108667;0,0797226426159153
46,25;679,9998305887135;670,3143216364176;477,96320011822047;0,6611323876219485;0,5612386379557847;244,11421038835215;874,0080284746535;857,8696882554179;0,07906404164669152
46,333333333333336;679,9998350466445;670,3927326867209;478,4480244321208;0,6611323876219485;0,5612386379557847;242,13772380739726;867,0396275725386;858,0938123742822;0,07841105030331702
46,416666666666664;679,9998393872685;670,4704963056629;478,93170089426616;0,6611323876219485;0,5612386379557847;240,17755899809003;860,1270407343561;858,316603180413;0,07776361894197834
46,5;679,9998436136722;670,5476180040337;479,41423181187895;0,6611323876219485;0,5612386379557847;238,23357704013972;853,2698206518642;858,5380654188093;0,0771216983708005
46,583333333333336;679,9998477288611;670,6241032438795;479,89561949148623;0,6611323876219485;0,5612386379557847;236,3056402409626;846,467523523457;858,7582038656177;0,07648523984585896
46,666666666666664;679,9998517357621;670,6999574389467;480,3758662388886;0,6611323876219485;0,5612386379557847;234,3936121245406;839,7197090296719;858,9770233272463;0,0758541950672226
46,75;679,9998556372244;670,7751859551217;480,8549743591294;0,6611323876219485;0,5612386379557847;232,49735742038524;833,0259403088496;859,1945286394855;0,07522851617502944
46,833333333333336;679,9998594360227;670,8497941108673;481,33294615646406;0,6611323876219485;0,5612386379557847;230,6167420525668;826,3857839327284;859,4107246666397;0,07460815574557599
46,916666666666664;679,9998631348584;670,9237871776547;481,80978393432935;0,6611323876219485;0,5612386379557847;228,7516331288856;819,7988098822899;859,6256163006669;0,07399306678744884
47,0;679,999866736362;670,9971703803924;482,28548999531296;0,6611323876219485;0,5612386379557847;226,90189893009176;813,264591523571;859,8392084603294;0,07338320273767088
47,083333333333336;679,9998702430948;671,0699488978503;482,7600666411234;0,6611323876219485;0,5612386379557847;225,06740889924117;806,7827055836508;860,0515060903505;0,07277851745788386
47,166666666666664;679,9998736575506;671,1421278630809;483,2335161725597;0,6611323876219485;0,5612386379557847;223,24803363111414;800,3527321266864;860,2625141605845;0,0721789652305523
47,25;679,9998769821574;671,2137123638361;483,70584088948135;0,6611323876219485;0,5612386379557847;221,44364486174197;793,9742545300481;860,4722376651927;0,07158450075519622
47,333333333333336;679,9998802192798;671,2847074429807;484,17704309077874;0,6611323876219485;0,5612386379557847;219,65411545803306;787,6468594605815;860,6806816218301;0,07099507914465336
47,416666666666664;679,9998833712197;671,355118098902;484,64712507434314;0,6611323876219485;0,5612386379557847;217,87931940747853;781,3701368509512;860,8878510708414;0,0704106559213668
47,5;679,9998864402186;671,4249492859158;485,11608913703736;0,6611323876219485;0,5612386379557847;216,11913180794033;775,1436798760318;861,0937510744661;0,06983118701369506
47,583333333333336;679,9998894284593;671,494205914668;485,58393757466644;0,6611323876219485;0,5612386379557847;214,37342885757005;768,9670849295422;861,298386716052;0,0692566287522625
47,666666666666664;679,9998923380665;671,5628928525343;486,0506726819482;0,6611323876219485;0,5612386379557847;212,6420878447817;762,8399516006614;861,5017630992788;0,06868693786632574
47,75;679,9998951711095;671,6310149240145;486,5162967524844;0,6611323876219485;0,5612386379557847;210,92498713830423;756,7618826507138;861,7038853473917;0,06812207148016382
47,833333333333336;679,9998979296032;671,698576911124;486,9808120787316;0,6611323876219485;0,5612386379557847;209,22200617737587;750,7324839901403;861,9047586024417;0,06756198710951235
47,916666666666664;679,9999006155092;671,765583553782;487,44422095197285;0,6611323876219485;0,5612386379557847;207,53302546198142;744,7513646554406;862,1043880245378;0,06700664265801162
48,0;679,9999032307376;671,8320395501956;487,9065256622886;0,6611323876219485;0,5612386379557847;205,85792654318027;738,8181367862047;862,3027787911071;0,06645599641368097
48,083333333333336;679,9999057771483;671,8979495572411;488,36772849852855;0,6611323876219485;0,5612386379557847;204,19659201354818;732,9324156023531;862,4999360961631;0,065910007045429
48,166666666666664;679,999908256552;671,9633181908407;488,8278317482835;0,6611323876219485;0,5612386379557847;202,54890549768163;727,0938193814534;862,6958651495854;0,06536863359958665
48,25;679,9999106707121;672,0281500263371;489,2868376978569;0,6611323876219485;0,5612386379557847;200,91475164278165;721,3019694360407;862,8905711764068;0,06483183549645935
48,333333333333336;679,9999130213454;672,092449598864;489,74474863223753;0,6611323876219485;0,5612386379557847;199,29401610937418;715,556490091325;863,084059416109;0,0642995725269289
48,416666666666664;679,9999153101235;672,1562214037131;490,20156683507116;0,6611323876219485;0,5612386379557847;197,6865855620332;709,8570086626396;863,2763351219302;0,06377180484905036
48,5;679,9999175386741;672,2194698966978;490,65729458863325;0,6611323876219485;0,5612386379557847;196,0923476602602;704,2031554333444;863,4674035601779;0,0632484929847048
48,583333333333336;679,9999197085821;672,2821994945141;491,1119341738015;0,6611323876219485;0,5612386379557847;194,51119104940915;698,5945636326385;863,6572700095539;0,06272959781626146
48,666666666666664;679,9999218213907;672,3444145750974;491,5654878700287;0,6611323876219485;0,5612386379557847;192,94300535169953;693,0308694135604;863,845939760486;0,062215080583272346
48,75;679,9999238786021;672,4061194779766;492,01795795531547;0,6611323876219485;0,5612386379557847;191,3876811573317;687,5117118311564;864,0334181144694;0,06170490287919803
48,833333333333336;679,9999258816797;672,4673185046248;492,4693467061836;0,6611323876219485;0,5612386379557847;189,84511001563646;682,0367328205951;864,219710383418;0,06119902664814506
48,916666666666664;679,9999278320478;672,5280159188064;492,91965639764925;0,6611323876219485;0,5612386379557847;188,31518442637218;676,6055771756636;864,4048218890232;0,06069741418165253
49,0;679,9999297310934;672,5882159469219;493,36888930319617;0,6611323876219485;0,5612386379557847;186,79779783103356;671,2178925271215;864,5887579621212;0,06020002811548237
49,083333333333336;679,999931580167;672,6479227783483;493,8170476947497;0,6611323876219485;0,5612386379557847;185,29284460428812;665,8733293213447;864,7715239420711;0,05970683142645076
49,166666666666664;679,9999333805836;672,7071405657775;494,26413384265044;0,6611323876219485;0,5612386379557847;183,80022004546674;660,571540799016;864,9531251761393;0,0592177874292792
49,25;679,9999351336236;672,765873425551;494,7101500156281;0,6611323876219485;0,5612386379557847;182,31982037015086;655,3121829739961;865,1335670188946;0,05873285977347693
49,333333333333336;679,9999368405337;672,8241254379913;495,15509848077573;0,6611323876219485;0,5612386379557847;180,85154270181363;650,0949146122384;865,3128548316097;0,05825201244024236
49,416666666666664;679,9999385025277;672,8819006477306;495,59898150352427;0,6611323876219485;0,5612386379557847;179,39528506356055;644,9193972109005;865,4909939816736;0,057775209739397176
49,5;679,9999401207876;672,939203064037;496,0418013476168;0,6611323876219485;0,5612386379557847;177,950946369927;639,7852949775021;865,6679898420113;0,05730241630633953
49,583333333333336;679,9999416964642;672,996036661136;496,4835602750833;0,6611323876219485;0,5612386379557847;176,5184264187667;634,6922748092992;865,843847790512;0,05683359709903062
49,666666666666664;679,999943230678;673,052405378531;496,9242605462156;0,6611323876219485;0,5612386379557847;175,0976258832054;629,640006272683;866,0185732094659;0,0563687173949992
49,75;679,9999447245202;673,1083131213194;497,36390441954234;0,6611323876219485;0,5612386379557847;173,68844630367448;624,6281615827868;866,1921714850096;0,05590774278837785
49,833333333333336;679,9999461790532;673,1637637605063;497,80249415180435;0,6611323876219485;0,5612386379557847;172,29079008002088;619,6564155831804;866,3646480065793;0,05545063918696233
49,916666666666664;679,999947595311;673,2187611333156;498,24003199793;0,6611323876219485;0,5612386379557847;170,90456046367137;614,7244457256563;866,536008166373;0,05499737280929245
50,0;679,9999489743011;673,2733090434974;498,67652021101054;0,6611323876219485;0,5612386379557847;169,52966154988474;609,8319320501704;866,7062573588208;0,054547910181761285
50,083333333333336;679,999950317004;673,3274112616332;499,11196104227645;0,6611323876219485;0,5612386379557847;168,16599827009213;604,978557164968;866,8754009800618;0,05410221813575496
50,166666666666664;679,999951624375;673,381071525438;499,5463567410728;0,6611323876219485;0,5612386379557847;166,81347638427155;600,1640062267135;867,0434444274318;0,05366026380480586
50,25;679,9999528973432;673,4342935400598;499,97970955483584;0,6611323876219485;0,5612386379557847;165,4720024734246;595,38796692086;867,2103930989567;0,053222014621781215
50,333333333333336;679,9999541368144;673,4870809783758;500,41202172906907;0,6611323876219485;0,5612386379557847;164,1414839320845;590,6501294419804;867,3762523928565;0,05278743831608182
50,416666666666664;679,9999553436697;673,5394374812868;500,84329550731985;0,6611323876219485;0,5612386379557847;162,82182896096344;585,9501864745058;867,5410277070526;0,052356502910890196
50,5;679,9999565187676;673,5913666580071;501,2735331311561;0,6611323876219485;0,5612386379557847;161,5129465595743;581,2878331732232;867,7047244386899;0,051929176720410496
50,583333333333336;679,9999576629436;673,6428720863543;501,7027368401432;0,6611323876219485;0,5612386379557847;160,21474651901144;576,662767144244;867,8673479836593;0,05150542834716358
50,666666666666664;679,9999587770116;673,6939573130336;502,1309088718209;0,6611323876219485;0,5612386379557847;158,9271394147346;572,0746884258544;868,028903736134;0,051085226679284265
50,75;679,9999598617636;673,7446258539214;502,55805146168086;0,6611323876219485;0,5612386379557847;157,6500365994491;567,52329946959;868,1893970881099;0,0506685408878517
50,833333333333336;679,9999609179713;673,7948811943456;502,9841668431438;0,6611323876219485;0,5612386379557847;156,3833501960545;563,0083051214573;868,3488334289545;0,05025534042424515
50,916666666666664;679,9999619463855;673,8447267893631;503,40925724753714;0,6611323876219485;0,5612386379557847;155,12699309064146;558,5294126032101;868,5072181449643;0,04984559501751729
51,0;679,9999629477378;673,894166064035;503,83332490407304;0,6611323876219485;0,5612386379557847;153,88087892555973;554,0863314937602;868,6645566189293;0,04943927467179196
51,083333333333336;679,9999639227403;673,9432024136986;504,25637203982615;0,6611323876219485;0,5612386379557847;152,64492209257128;549,6787737108031;868,8208542297043;0,04903634966369323
51,166666666666664;679,9999648720865;673,9918392042384;504,67840087971183;0,6611323876219485;0,5612386379557847;151,41903772604337;545,3064534924717;868,9761163517873;0,0486367905397891
51,25;679,9999657964511;674,0400797723524;505,0994136464646;0,6611323876219485;0,5612386379557847;150,20314169620121;540,9690873790843;869,1303483549078;0,04824056811405586
51,333333333333336;679,9999666964919;674,0879274258178;505,5194125606165;0,6611323876219485;0,5612386379557847;148,99715060246592;536,6663941951405;869,2835556036185;0,04784765346537571
51,416666666666664;679,9999675728487;674,1353854437529;505,9383998404761;0,6611323876219485;0,5612386379557847;147,80098176685215;532,3980950313642;869,4357434568985;0,04745801793505137
51,5;679,999968426145;674,1824570768772;506,35637770210707;0,6611323876219485;0,5612386379557847;146,61455322739698;528,1639132268341;869,586917267759;0,047071633124338916
51,583333333333336;679,9999692569874;674,2291455477692;506,7733483593075;0,6611323876219485;0,5612386379557847;145,43778373169403;523,9635743513181;869,7370823828604;0,04668847089201147
51,666666666666664;679,9999700659666;674,2754540511212;507,189314023589;0,6611323876219485;0,5612386379557847;144,27059273045302;519,7968061876795;869,8862441421338;0,04630850335193938
51,75;679,9999708536583;674,3213857539919;507,60427690415656;0,6611323876219485;0,5612386379557847;143,11290037113622;515,6633387143935;870,0344078784096;0,04593170287069277
51,833333333333336;679,9999716206224;674,3669437960571;508,01823920788763;0,6611323876219485;0,5612386379557847;141,96462749166017;511,5629040882517;870,1815789170548;0,04555804206517098
51,916666666666664;679,9999723674044;674,4121312898573;508,4312031393123;0,6611323876219485;0,5612386379557847;140,82569561413436;507,495236627109;870,3277625756148;0,045187493800246836
52,0;679,9999730945356;674,4569513210437;508,8431709005933;0,6611323876219485;0,5612386379557847;139,69602693867955;503,4600727927874;870,4729641634628;0,044820031186436536
52,083333333333336;679,9999738025326;674,5014069486213;509,2541446915061;0,6611323876219485;0,5612386379557847;138,57554433729717;499,4571511741103;870,6171889814582;0,04445562757759109
52,166666666666664;679,9999744918994;674,5455012051899;509,6641267094194;0,6611323876219485;0,5612386379557847;137,46417134778426;495,486212470018;870,7604423216064;0,04409425656860571
52,25;679,9999751631259;674,5892370971831;510,07311914927556;0,6611323876219485;0,5612386379557847;136,36183216773645;491,5469994728778;870,9027294667313;0,043735891993157625
52,333333333333336;679,9999758166897;674,6326176051045;510,4811242035714;0,6611323876219485;0,5612386379557847;135,26845164857093;487,63925705182027;871,0440556901485;0,04338050792145585
52,416666666666664;679,9999764530553;674,6756456837626;510,8881440623393;0,6611323876219485;0,5612386379557847;134,1839552896289;483,76273213625126;871,1844262553501;0,0430280786580175
52,5;679,9999770726755;674,718324262502;511,294180913128;0,6611323876219485;0,5612386379557847;133,10826923231787;479,917173699457;871,3238464156921;0,042678578739461834
52,583333333333336;679,999977675991;674,7606562454343;511,6992369409842;0,6611323876219485;0,5612386379557847;132,04132025433637;476,1023327423856;871,4623214140896;0,04233198293233086
52,666666666666664;679,9999782634304;674,8026445116652;512,1033143284337;0,6611323876219485;0,5612386379557847;130,98303576391572;472,31796227744746;871,5998564827185;0,04198826623092089
52,75;679,9999788354121;674,8442919155203;512,5064152554637;0,6611323876219485;0,5612386379557847;129,93334379413;468,5638173124662;871,7364568427229;0,041647403855137544
52,833333333333336;679,9999793923423;674,8856012867687;512,9085418995037;0,6611323876219485;0,5612386379557847;128,8921729972941;464,8396548348669;871,8721277039281;0,0413093712483817
52,916666666666664;679,9999799346174;674,9265754308442;513,3096964354085;0,6611323876219485;0,5612386379557847;127,85945263933911;461,1452337957299;872,006874264561;0,04097414407543261
53,0;679,9999804626228;674,9672171290646;513,7098810354395;0,6611323876219485;0,5612386379557847;126,83511259432976;457,4803150942571;872,1407017109746;0,040641698220377664
53,083333333333336;679,9999809767344;675,0075291388491;514,1090978692479;0,6611323876219485;0,5612386379557847;125,81908333895626;453,84466156208555;872,2736152173801;0,040312009784537785
53,166666666666664;679,9999814773173;675,0475141939336;514,5073491038568;0,6611323876219485;0,5612386379557847;124,81129594713138;450,2380379479237;872,4056199455842;0,039985055084430295
53,25;679,9999819647278;675,0871750045833;514,9046369036439;0,6611323876219485;0,5612386379557847;123,81168208459314;446,66021090210495;872,5367210447321;0,039660810649734465
53,333333333333336;679,9999824393125;675,1265142578046;515,3009634303248;0,6611323876219485;0,5612386379557847;122,82017400361269;443,1109489614802;872,6669236510554;0,039339253221295445
53,416666666666664;679,9999829014088;675,1655346175537;515,6963308429357;0,6611323876219485;0,5612386379557847;121,8367045376965;439,59002253421176;872,7962328876281;0,039020359749128694
53,5;679,9999833513453;675,2042387249442;516,0907412978171;0,6611323876219485;0,5612386379557847;120,86120709637669;436,09720388481975;872,9246538641243;0,03870410739045562
53,583333333333336;679,9999837894422;675,2426291984519;516,4841969485967;0,6611323876219485;0,5612386379557847;119,8936156600297;432,6322671192672;873,0521916765861;0,038390473507751266
53,666666666666664;679,999984216011;675,2807086341187;516,8766999461736;0,6611323876219485;0,5612386379557847;118,93386477475758;429,1949881701959;873,1788514071924;0,03807943566681436
53,75;679,9999846313548;675,3184796057535;517,2682524387019;0,6611323876219485;0,5612386379557847;117,9818895473062;425,7851447822642;873,304638124036;0,037770971634854184
53,833333333333336;679,9999850357692;675,3559446651321;517,6588565715746;0,6611323876219485;0,5612386379557847;117,0376256400317;422,40251649753645;873,4295568809057;0,03746505937859161
53,916666666666664;679,9999854295418;675,3931063421945;518,0485144874077;0,6611323876219485;0,5612386379557847;116,10100926592679;419,04688464111945;873,5536127170722;0,03716167706238863
54,0;679,9999858129523;675,4299671452409;518,4372283260251;0,6611323876219485;0,5612386379557847;115,17197718368095;415,71803230674357;873,6768106570798;0,03686080304638353
54,083333333333336;679,999986186274;675,4665295611255;518,8250002244423;0,6611323876219485;0,5612386379557847;114,25046669278629;412,41574434257194;873,7991557105449;0,036562415884651873
54,166666666666664;679,9999865497718;675,5027960554489;519,2118323168518;0,6611323876219485;0,5612386379557847;113,3364156287115;409,13980733710247;873,9206528719569;0,03626649432338572
54,25;679,9999869037044;675,538769072748;519,5977267346075;0,6611323876219485;0,5612386379557847;112,42976235807305;405,890009605044;874,041307120486;0,03597301729907755
54,333333333333336;679,9999872483237;675,5744510366848;519,98268560621;0,6611323876219485;0,5612386379557847;111,53044577391142;402,66614117353885;874,1611234197946;0,035681963936742445
54,416666666666664;679,9999875838745;675,609844350233;520,3667110572917;0,6611323876219485;0,5612386379557847;110,6384052909732;399,46799376827573;874,2801067178553;0,03539331354813955
54,5;679,9999879105956;675,644951395863;520,7498052106023;0,6611323876219485;0,5612386379557847;109,75358084103846;396,2953607998086;874,3982619467715;0,035107045630017646
54,583333333333336;679,9999882287192;675,6797745357254;521,1319701859943;0,6611323876219485;0,5612386379557847;108,87591286831366;393,14803734998344;874,5155940226045;0,03482313986237929
54,666666666666664;679,9999885384716;675,7143161118322;521,5132081004086;0,6611323876219485;0,5612386379557847;108,00534232484438;390,0258201584077;874,6321078452046;0,0345415761067557
54,75;679,9999888400731;675,7485784462367;521,8935210678607;0,6611323876219485;0,5612386379557847;107,14181066598485;386,92850760909516;874,747808298047;0,034262334404504075
54,833333333333336;679,9999891337382;675,7825638412119;522,2729111994263;0,6611323876219485;0,5612386379557847;106,28525984591022;383,8558997171877;874,8627002480715;0,03398539497511964
54,916666666666664;679,9999894196757;675,8162745794265;522,6513806032282;0,6611323876219485;0,5612386379557847;105,43563231315716;380,80779811573547;874,9767885455287;0,033710738214559756
55,0;679,999989698089;675,84971292412;523,0289313844221;0,6611323876219485;0,5612386379557847;104,59287100622987;377,7840060426714;875,0900780238278;0,03343834469359228
55,083333333333336;679,9999899691761;675,8828811192761;523,4055656451835;0,6611323876219485;0,5612386379557847;103,756919349226;374,78432832779964;875,2025734993905;0,03316819515615237
55,166666666666664;679,9999902331298;675,9157813897939;523,7812854846944;0,6611323876219485;0,5612386379557847;102,92772124749945;371,8085713798918;875,3142797715103;0,032900270517715206
55,25;679,9999904901376;675,9484159416576;524,1560929991301;0,6611323876219485;0,5612386379557847;102,10522108339717;368,8565431739604;875,4252016222135;0,032634551863692164
55,333333333333336;679,9999907403825;675,9807869621054;524,5299902816463;0,6611323876219485;0,5612386379557847;101,28936371200155;365,9280532385667;875,5353438161256;0,03237102044783559
55,416666666666664;679,9999909840424;676,012896619796;524,9029794223666;0,6611323876219485;0,5612386379557847;100,48009445692685;363,02291264322855;875,6447111003424;0,03210965769066001
55,5;679,9999912212905;676,0447470649739;525,2750625083694;0,6611323876219485;0,5612386379557847;99,67735910615829;360,14093398595253;875,7533082043044;0,031850445177880646
55,583333333333336;679,9999914522957;676,0763404296328;525,6462416236761;0,6611323876219485;0,5612386379557847;98,88110390791667;357,2819313808307;875,8611398396757;0,03159336465886383
55,666666666666664;679,9999916772222;676,1076788276779;526,0165188492384;0,6611323876219485;0,5612386379557847;98,09127556657415;354,4457204457588;875,968210700227;0,03133839804509494
55,75;679,9999918962299;676,1387643550866;526,3858962629262;0,6611323876219485;0,5612386379557847;97,30782123860706;351,63211829026966;876,0745254617211;0,03108552740866242
55,833333333333336;679,9999921094744;676,1695990900673;526,7543759395159;0,6611323876219485;0,5612386379557847;96,53068852858269;348,8409435034119;876,1800887818039;0,03083473498075278
55,916666666666664;679,9999923171077;676,2001850932174;527,1219599506783;0,6611323876219485;0,5612386379557847;95,75982548517743;346,0720161417434;876,2849052998993;0,030586003150160943
56,0;679,9999925192773;676,2305244076792;527,4886503649673;0,6611323876219485;0,5612386379557847;94,99518059725744;343,3251577174757;876,3889796371061;0,03033931446182089
56,083333333333336;679,9999927161269;676,2606190592945;527,8544492478084;0,6611323876219485;0,5612386379557847;94,23670278995075;340,6001911865767;876,4923163961007;0,0300946516153379
56,166666666666664;679,9999929077966;676,2904710567581;528,219358661487;0,6611323876219485;0,5612386379557847;93,48434142081032;337,89694093713916;876,5949201610415;0,029851997463550817
56,25;679,9999930944225;676,3200823917691;528,583380665138;0,6611323876219485;0,5612386379557847;92,73804627596292;335,21523277767864;876,6967954974789;0,029611335011093455
56,333333333333336;679,9999932761377;676,3494550391821;528,9465173147339;0,6611323876219485;0,5612386379557847;91,99776756633469;332,5548939256593;876,7979469522661;0,029372647412982244
56,416666666666664;679,999993453071;676,3785909571553;529,3087706630747;0,6611323876219485;0,5612386379557847;91,263455923891;329,9157529960446;876,8983790534769;0,029135917973211495
56,5;679,9999936253486;676,4074920872987;529,670142759777;0,6611323876219485;0,5612386379557847;90,53506239789328;327,2976399898552;876,9980963103238;0,028901130143355335
56,583333333333336;679,9999937930927;676,4361603548199;530,0306356512633;0,6611323876219485;0,5612386379557847;89,81253845124684;324,70038628305315;877,0971032130808;0,028668267521203383
56,666666666666664;679,9999939564229;676,4645976686693;530,3902513807518;0,6611323876219485;0,5612386379557847;89,09583595682022;322,1238246152561;877,1954042330096;0,02843731384938746
56,75;679,999994115455;676,4928059216833;530,7489919882463;0,6611323876219485;0,5612386379557847;88,3849071938414;319,56778907870535;877,2930038222897;0,02820825301403596
56,833333333333336;679,9999942703025;676,5207869907267;531,106859510526;0,6611323876219485;0,5612386379557847;87,67970484429384;317,0321151072106;877,3899064139495;0,027981069043431346
56,916666666666664;679,9999944210751;676,5485427368334;531,4638559811353;0,6611323876219485;0,5612386379557847;86,98018198939508;314,5166394653387;877,4861164218031;0,027755746106694745
57,0;679,9999945678804;676,5760750053458;531,8199834303749;0,6611323876219485;0,5612386379557847;86,28629210604402;312,0212002374966;877,5816382403883;0,02753226851246575
57,083333333333336;679,9999947108225;676,6033856260534;532,1752438852911;0,6611323876219485;0,5612386379557847;85,59798906336482;309,54563681726074;877,6764762449093;0,0273106207076104
57,166666666666664;679,9999948500033;676,6304764133293;532,5296393696673;0,6611323876219485;0,5612386379557847;84,91522711922812;307,08978989668424;877,7706347911808;0,027090787275930513
57,25;679,9999949855215;676,6573491662663;532,8831719040139;0,6611323876219485;0,5612386379557847;84,23796091684892;304,65350145576747;877,8641182155765;0,026872752936894086
57,333333333333336;679,9999951174739;676,6840056688106;533,2358435055598;0,6611323876219485;0,5612386379557847;83,56614548138168;302,23661475194126;877,9569308349795;0,026656502544370634
57,416666666666664;679,9999952459539;676,710447689896;533,587656188243;0,6611323876219485;0,5612386379557847;82,89973621658078;299,83897430973275;878,049076946736;0,026442021085388026
57,5;679,999995371053;676,7366769835749;533,938611962702;0,6611323876219485;0,5612386379557847;82,23868890144672;297,46042591035473;878,1405608286118;0,026229293678887277
57,583333333333336;679,9999954928603;676,7626952891494;534,2887128362667;0,6611323876219485;0,5612386379557847;81,58295968695484;295,100816581576;878,2313867387518;0,026018305574506597
57,666666666666664;679,9999956114623;676,7885043313007;534,63796081295;0,6611323876219485;0,5612386379557847;80,93250509277254;292,7599945875096;878,3215589156423;0,02580904215136318
57,75;679,9999957269434;676,8141058202176;534,9863578934398;0,6611323876219485;0,5612386379557847;80,28728200403918;290,43780941858256;878,4110815780739;0,025601488916855902
57,833333333333336;679,9999958393856;676,8395014517231;535,3339060750901;0,6611323876219485;0,5612386379557847;79,64724766814584;288,1341117815289;878,4999589251119;0,025395631505473592
57,916666666666664;679,9999959488691;676,8646929074007;535,6806073519128;0,6611323876219485;0,5612386379557847;79,01235969156346;285,8487535894812;878,5881951360632;0,025191455677617554
58,0;679,9999960554716;676,8896818547191;536,0264637145705;0,6611323876219485;0,5612386379557847;78,38257603671082;283,5815879521879;878,6757943704506;0,02498894731843929
58,083333333333336;679,9999961592689;676,9144699471558;536,3714771503676;0,6611323876219485;0,5612386379557847;77,75785501881103;281,3324691662043;878,7627607679875;0,024788092436679617
58,166666666666664;679,9999962603348;676,9390588243193;536,7156496432434;0,6611323876219485;0,5612386379557847;77,13815530282773;279,10125270527925;878,849098448555;0,024588877163530514
58,25;679,9999963587413;676,9634501120709;537,0589831737641;0,6611323876219485;0,5612386379557847;76,52343590038697;276,88779521072576;878,934811512182;0,024391287751498757
58,333333333333336;679,9999964545584;676,9876454226442;537,4014797191154;0,6611323876219485;0,5612386379557847;75,91365616676171;274,6919544819552;879,0199040390278;0,024195310573288772
58,416666666666664;679,999996547854;677,0116463547648;537,7431412530952;0,6611323876219485;0,5612386379557847;75,30877579785624;272,51358946700464;879,1043800893658;0,0240009321206888
58,5;679,9999966386946;677,0354544937683;538,0839697461066;0,6611323876219485;0,5612386379557847;74,70875482723045;270,3525602531769;879,1882437035715;0,023808139003471084
58,583333333333336;679,9999967271449;677,0590714117166;538,4239671651507;0,6611323876219485;0,5612386379557847;74,11355362315817;268,2087280577824;879,271498902111;0,023616917948305158
58,666666666666664;679,9999968132676;677,0824986675142;538,7631354738195;0,6611323876219485;0,5612386379557847;73,52313288570826;266,0819552189427;879,354149685533;0,023427255797680367
58,75;679,999996897124;677,105737807023;539,1014766322895;0,6611323876219485;0,5612386379557847;72,93745364383426;263,9721051863964;879,4362000344612;0,02323913950883273
58,833333333333336;679,9999969787739;677,1287903631758;539,4389925973148;0,6611323876219485;0,5612386379557847;72,35647725252363;261,8790425125138;879,5176539095919;0,023052556152693637
58,916666666666664;679,9999970582752;677,1516578560886;539,775685322221;0,6611323876219485;0,5612386379557847;71,7801653899528;259,8026328432668;879,5985152516896;0,022867492912839422
59,0;679,9999971356845;677,1743417931731;540,1115567568979;0,6611323876219485;0,5612386379557847;71,20848005466485;257,7427429093327;879,6787879815885;0,022683937084454885
59,083333333333336;679,9999972110568;677,1968436692464;540,4466088477944;0,6611323876219485;0,5612386379557847;70,6413835627842;255,69924051724695;879,7584760001937;0,022501876073306212
59,166666666666664;679,9999972844457;677,2191649666411;540,7808435379118;0,6611323876219485;0,5612386379557847;70,07883854525971;253,67199454064465;879,8375831884853;0,022321297394725124
59,25;679,9999973559035;677,2413071553136;541,1142627667974;0,6611323876219485;0,5612386379557847;69,5208079451163;251,66087491155727;879,9161134075238;0,022142188672600736
59,333333333333336;679,999997425481;677,263271692952;541,4468684705397;0,6611323876219485;0,5612386379557847;68,96725501474634;249,66575261178264;879,9940704984584;0,021964537638382277
59,416666666666664;679,9999974932275;677,2850600250821;541,7786625817616;0,6611323876219485;0,5612386379557847;68,41814331322382;247,68649966435115;880,0714582825368;0,021788332130093225
59,5;679,9999975591913;677,3066735851735;542,1096470296156;0,6611323876219485;0,5612386379557847;67,87343670363555;245,72298912500483;880,1482805611154;0,021613560091350594
59,583333333333336;679,9999976234194;677,3281137947439;542,4398237397778;0,6611323876219485;0,5612386379557847;67,33309935044645;243,7750950738076;880,2245411156736;0,02144020957039862
59,666666666666664;679,9999976859573;677,349382063463;542,7691946344427;0,6611323876219485;0,5612386379557847;66,79709571688761;241,84269260679736;880,3002437078281;0,021268268719149913
59,75;679,9999977468497;677,3704797892553;543,0977616323179;0,6611323876219485;0,5612386379557847;66,26539056235572;239,92565782769233;880,3753920793506;0,02109772579223416
59,833333333333336;679,9999978061396;677,3914083584013;543,4255266486193;0,6611323876219485;0,5612386379557847;65,73794893985792;238,0238678396938;880,4499899521852;0,020928569146059436
59,916666666666664;679,9999978638693;677,4121691456393;543,7524915950659;0,6611323876219485;0,5612386379557847;65,2147361934567;236,13720073731724;880,5240410284684;0,020760787237878452
60,0;679,9999979200801;677,4327635142641;544,0786583798746;0,6611323876219485;0,5612386379557847;64,69571795575177;234,26553559831686;880,5975489905527;0,020594368624866556
60,083333333333336;679,9999979748117;677,4531928162273;544,404028907756;0,6611323876219485;0,5612386379557847;64,18086014539881;232,40875247573138;880,670517501027;0,020429301963213527
60,166666666666664;679,9999980281029;677,4734583922345;544,7286050799095;0,6611323876219485;0,5612386379557847;63,67012896460835;230,56673238984058;880,7429502027434;0,020265576007210552
60,25;679,9999980799919;677,4935615718429;545,0523887940187;0,6611323876219485;0,5612386379557847;63,16349089671007;228,7393573203392;880,8148507188433;0,020103179608359428
60,333333333333336;679,9999981305155;677,5135036735574;545,3753819442474;0,6611323876219485;0,5612386379557847;62,66091270372556;226,9265101985305;880,8862226527849;0,019942101714486467
60,416666666666664;679,9999981797096;677,5332860049263;545,6975864212346;0,6611323876219485;0,5612386379557847;62,16236142395246;225,12807489953244;880,957069588373;0,019782331368860585
60,5;679,9999982276091;677,5529098626356;546,0190041120914;0,6611323876219485;0,5612386379557847;61,66780436958277;223,34393623461816;881,027395089789;0,0196238577093258
60,583333333333336;679,9999982742482;677,572376532603;546,3396369003958;0,6611323876219485;0,5612386379557847;61,177209124338106;221,57397994357302;881,0972027016239;0,019466669967438444
60,666666666666664;679,9999983196602;677,5916872900706;546,6594866661897;0,6611323876219485;0,5612386379557847;60,69054354113064;219,8180926871313;881,1664959489111;0,019310757467614292
60,75;679,999998363877;677,6108433996968;546,9785552859743;0,6611323876219485;0,5612386379557847;60,20777573974101;218,0761620394866;881,2352783371623;0,019156109626284428
60,833333333333336;679,9999984069303;677,6298461156479;547,296844632707;0,6611323876219485;0,5612386379557847;59,728874104504825;216,34807648079615;881,303553352403;0,01900271595105376
60,916666666666664;679,9999984488509;677,6486966816877;547,6143565757977;0,6611323876219485;0,5612386379557847;59,25380728206164;214,6337253898833;881,3713244612103;0,018850566039879935
61,0;679,9999984896682;677,667396331268;547,9310929811052;0,6611323876219485;0,5612386379557847;58,7825441790784;212,9329990368795;881,4385951107511;0,01869964958024877
61,083333333333336;679,9999985294114;677,6859462876164;548,2470557109335;0,6611323876219485;0,5612386379557847;58,31505396000409;211,24578857591092;881,5053687288226;0,018549956348357235
61,166666666666664;679,9999985681088;677,7043477638247;548,5622466240293;0,6611323876219485;0,5612386379557847;57,85130604487563;209,57198603799338;881,5716487238934;0,018401476208316708
61,25;679,9999986057879;677,722601962936;548,876667575578;0,6611323876219485;0,5612386379557847;57,391270107103765;207,91148432382158;881,6374384851458;0,018254199111349862
61,333333333333336;679,9999986424756;677,7407100780309;549,1903204172015;0,6611323876219485;0,5612386379557847;56,93491607129886;206,26417719671196;881,7027413825193;0,018108115095003166
61,416666666666664;679,9999986781978;677,7586732923133;549,5032069969544;0,6611323876219485;0,5612386379557847;56,48221411111649;204,62995927557458;881,7675607667555;0,01796321428236501
61,5;679,9999987129801;677,7764927791947;549,8153291593219;0,6611323876219485;0,5612386379557847;56,03313464711164;203,0087260279201;881,8318999694436;0,017819486881289037
61,583333333333336;679,999998746847;677,7941697023783;550,1266887452165;0,6611323876219485;0,5612386379557847;55,587648344635454;201,40037376300774;881,8957623030665;0,01767692318363234
61,666666666666664;679,9999987798228;677,8117052159428;550,4372875919757;0,6611323876219485;0,5612386379557847;55,14572611171786;199,80479962493246;881,9591510610496;0,01753551356449063
61,75;679,9999988119308;677,8291004644242;550,7471275333597;0,6611323876219485;0,5612386379557847;54,707339097001295;198,22190158586895;882,0220695178091;0,017395248481449833
61,833333333333336;679,999998843194;677,846356582898;551,0562103995483;0,6611323876219485;0,5612386379557847;54,2724586876659;196,65157843928375;882,0845209288025;0,01725611847383704
61,916666666666664;679,9999988736345;677,86347469706;551,3645380171389;0,6611323876219485;0,5612386379557847;53,84105650740025;195,09372979331056;882,1465085305783;0,01711811416198789
62,0;679,999998903274;677,8804559233065;551,6721122091448;0,6611323876219485;0,5612386379557847;53,413104414360646;193,5482560640553;882,2080355408289;0,016981226246510335
62,083333333333336;679,9999989321335;677,897301368814;551,978934794992;0,6611323876219485;0,5612386379557847;52,98857449918728;192,01505846908674;882,2691051584418;0,016845445507567152
62,166666666666664;679,9999989602336;677,9140121316182;552,2850075905185;0,6611323876219485;0,5612386379557847;52,56743908298631;190,49403902083122;882,3297205635547;0,016710762804151468
62,25;679,9999989875943;677,9305893006915;552,590332407971;0,6611323876219485;0,5612386379557847;52,14967071538581;188,98510052018503;882,389884917609;0,01657716907338429
62,333333333333336;679,999999014235;677,9470339560213;552,8949110560042;0,6611323876219485;0,5612386379557847;51,735242172568974;187,48814655004682;882,4496013634053;0,01644465532980693
62,416666666666664;679,9999990401747;677,963347168686;553,1987453396783;0,6611323876219485;0,5612386379557847;51,32412645534146;186,0030814689718;882,5088730251596;0,016313212664686032
62,5;679,9999990654318;677,9795300009314;553,5018370604582;0,6611323876219485;0,5612386379557847;50,91629678721574;184,52981040485128;882,5677030085595;0,016182832245323412
62,583333333333336;679,9999990900242;677,9955835062458;553,8041880162109;0,6611323876219485;0,5612386379557847;50,51172661250973;183,0682392486791;882,6260944008229;0,016053505314374685
62,666666666666664;679,9999991139695;678,0115087294349;554,1058000012049;0,6611323876219485;0,5612386379557847;50,11038959445955;181,6182746483017;882,6840502707557;0,01592522318916958
62,75;679,9999991372848;678,027306706696;554,4066748061084;0,6611323876219485;0,5612386379557847;49,712259613363585;180,1798240023125;882,7415736688109;0,01579797726104612
62,833333333333336;679,9999991599865;678,0429784656907;554,7068142179885;0,6611323876219485;0,5612386379557847;49,3173107647209;178,75279545391112;882,7986676271496;0,015671758994683756
62,916666666666664;679,9999991820908;678,0585250256181;555,0062200203095;0,6611323876219485;0,5612386379557847;48,925517357395165;177,33709788481684;882,8553351597001;0,01554655992744379
63,0;679,9999992036135;678,0739473972868;555,3048939929321;0,6611323876219485;0,5612386379557847;48,53685391181841;175,9326409093616;882,9115792622198;0,015422371668726518
63,083333333333336;679,9999992245698;678,0892465831861;555,6028379121125;0,6611323876219485;0,5612386379557847;48,15129515816636;174,53933486841967;882,9674029123574;0,015299185899316971
63,166666666666664;679,9999992449747;678,1044235775569;555,9000535505013;0,6611323876219485;0,5612386379557847;47,76881603459344;173,15709082359663;883,0228090697153;0,01517699437075421
63,25;679,9999992648426;678,1194793664615;556,1965426771428;0,6611323876219485;0,5612386379557847;47,38939168544505;171,78582055128717;883,0778006759126;0,015055788904691694
63,333333333333336;679,9999992841877;678,1344149278538;556,4923070574745;0,6611323876219485;0,5612386379557847;47,01299745952667;170,42543653693457;883,1323806546483;0,014935561392277094
63,416666666666664;679,9999993030237;678,1492312316473;556,787348453326;0,6611323876219485;0,5612386379557847;46,63960890834744;169,07585196921664;883,1865519117671;0,014816303793526832
63,5;679,9999993213642;678,163929239784;557,0816686229188;0,6611323876219485;0,5612386379557847;46,26920178441196;167,73698073436285;883,2403173353232;0,014698008136714591
63,583333333333336;679,9999993392219;678,1785099063018;557,3752693208658;0,6611323876219485;0,5612386379557847;45,90175203950366;166,4087374104588;883,2936797956462;0,014580666517759897
63,666666666666664;679,9999993566098;678,1929741774014;557,6681522981709;0,6611323876219485;0,5612386379557847;45,53723582300222;165,0910372618499;883,3466421454063;0,014464271099627432
63,75;679,9999993735402;678,2073229915131;557,9603193022286;0,6611323876219485;0,5612386379557847;45,17562948020952;163,78379623356096;883,3992072196824;0,014348814111729502
63,833333333333336;679,999999390025;678,2215572793625;558,2517720768241;0,6611323876219485;0,5612386379557847;44,81690955067563;162,48693094574497;883,451377836027;0,014234287849332044
63,916666666666664;679,999999406076;678,2356779640355;558,5425123621327;0,6611323876219485;0,5612386379557847;44,46105276656169;161,20035868820193;883,5031567945359;0,014120684672969423
64,0;679,9999994217047;678,2496859610434;558,8325418947204;0,6611323876219485;0,5612386379557847;44,10803605101137;159,92399741498122;883,5545468779143;0,01400799700786704
64,08333333333333;679,999999436922;678,2635821783867;559,1218624075433;0,6611323876219485;0,5612386379557847;43,757836516533644;158,65776573894865;883,6055508515458;0,0138962173433637
64,16666666666667;679,9999994517391;678,277367516619;559,4104756299482;0,6611323876219485;0,5612386379557847;43,41043146338279;157,40158292641766;883,6561714635613;0,013785338232339598
64,25;679,9999994661662;678,2910428689097;559,6983832876725;0,6611323876219485;0,5612386379557847;43,06579837800086;156,15536889191168;883,7064114449087;0,013675352290659032
64,33333333333333;679,9999994802135;678,3046091211063;559,9855871028448;0,6611323876219485;0,5612386379557847;42,723914931411855;154,91904419282426;883,7562735094211;0,01356625219660411
64,41666666666667;679,9999994938913;678,3180671517966;560,2720887939848;0,6611323876219485;0,5612386379557847;42,38475897768126;153,69253002423585;883,8057603538881;0,01345803069032509
64,5;679,9999995072093;678,3314178323699;560,5578900760042;0,6611323876219485;0,5612386379557847;42,048308552367075;152,47574821376924;883,8548746581254;0,013350680573294084
64,58333333333333;679,9999995201766;678,3446620270777;560,8429926602071;0,6611323876219485;0,5612386379557847;41,714541870985045;151,2686212164161;883,9036190850453;0,013244194707759099
64,66666666666667;679,9999995328028;678,3578005930939;561,1273982542901;0,6611323876219485;0,5612386379557847;41,38343732747387;150,07107210940202;883,951996280729;0,013138566016201987
64,75;679,9999995450968;678,3708343805747;561,411108562344;0,6611323876219485;0,5612386379557847;41,05497349272298;148,88302458725633;884,0000088744961;0,013033787480816059
64,83333333333333;679,9999995570672;678,3837642327177;561,6941252848534;0,6611323876219485;0,5612386379557847;40,729129113051954;147,70440295670937;884,0476594789775;0,01292985214296976
64,91666666666667;679,9999995687226;678,3965909858204;561,9764501186984;0,6611323876219485;0,5612386379557847;40,405883108738294;146,5351321317431;884,094950690187;0,01282675310268542
65,0;679,9999995800714;678,4093154693385;562,2580847571548;0,6611323876219485;0,5612386379557847;40,08521457255654;145,37513762867712;884,1418850875933;0,0127244835181225
65,08333333333333;679,9999995911215;678,4219385059436;562,5390308898959;0,6611323876219485;0,5612386379557847;39,76710276832307;144,22434556129642;884,1884652341929;0,012623036605065191
65,16666666666667;679,9999996018809;678,43446091158;562,8192902029925;0,6611323876219485;0,5612386379557847;39,45152712944946;143,08268263597253;884,2346936765824;0,012522405636411446
65,25;679,999999612357;678,4468834955217;563,0988643789149;0,6611323876219485;0,5612386379557847;39,13846725752137;141,95007614687142;884,2805729450317;0,012422583941670803
65,33333333333333;679,9999996225577;678,4592070604282;563,3777550965335;0,6611323876219485;0,5612386379557847;38,82790292088316;140,82645397121547;884,3261055535568;0,012323564906467507
65,41666666666667;679,9999996324897;678,4714324024002;563,6559640311204;0,6611323876219485;0,5612386379557847;38,5198140532367;139,7117445645267;884,3712939999939;0,012225341972044425
65,5;679,9999996421604;678,4835603110349;563,9334928543507;0,6611323876219485;0,5612386379557847;38,214180752237326;138,60587695591764;884,4161407660721;0,012127908634771204
65,58333333333333;679,9999996515768;678,4955915694806;564,2103432343034;0,6611323876219485;0,5612386379557847;37,91098327813813;137,50878074351056;884,4606483174882;0,012031258445665589
65,66666666666667;679,9999996607452;678,5075269544905;564,4865168354636;0,6611323876219485;0,5612386379557847;37,61020205240584;136,4203860897573;884,50481910398;0,011935385009907108
65,75;679,9999996696724;678,5193672364768;564,7620153187233;0,6611323876219485;0,5612386379557847;37,31181765636791;135,3406237168841;884,5486555594008;0,011840281986362527
65,83333333333333;679,9999996783648;678,5311131795639;565,0368403413837;0,6611323876219485;0,5612386379557847;37,01581082989094;134,26942490241652;884,5921601017927;0,011745943087120009
65,91666666666667;679,9999996868283;678,542765541641;565,310993557156;0,6611323876219485;0,5612386379557847;36,72216247002211;133,20672147457924;884,6353351334626;0,011652362077013192
66,0;679,9999996950693;678,5543250744141;565,5844766161641;0,6611323876219485;0,5612386379557847;36,430853629684634;132,1524458078948;884,6781830410557;0,011559532773163628
66,08333333333333;679,9999997030933;678,5657925234586;565,8572911649455;0,6611323876219485;0,5612386379557847;36,14186551637886;131,1065308187884;884,7207061956301;0,011467449044525069
66,16666666666667;679,9999997109062;678,5771686282701;566,1294388464538;0,6611323876219485;0,5612386379557847;35,85517949086636;130,06890996111295;884,7629069527322;0,011376104811422079
66,25;679,9999997185134;678,5884541223152;566,40092130006;0,6611323876219485;0,5612386379557847;35,57077706590235;129,03951722187242;884,8047876524718;0,011285494045106557
66,33333333333333;679,9999997259205;678,5996497330825;566,671740161555;0,6611323876219485;0,5612386379557847;35,28863990495665;128,0182871168717;884,8463506195956;0,011195610767309412
66,41666666666667;679,9999997331328;678,6107561821323;566,9418970631515;0,6611323876219485;0,5612386379557847;35,00874982094899;127,00515468643366;884,8875981635642;0,011106449049798737
66,5;679,9999997401552;678,6217741851463;567,2113936334857;0,6611323876219485;0,5612386379557847;34,73108877501261;126,00005549120282;884,9285325786257;0,011018003013946879
66,58333333333333;679,9999997469928;678,6327044519766;567,4802314976201;0,6611323876219485;0,5612386379557847;34,455638875223826;125,00292560782063;884,9691561438922;0,010930266830287201
66,66666666666667;679,9999997536505;678,6435476866947;567,7484122770453;0,6611323876219485;0,5612386379557847;34,182382375405496;124,01370162487335;885,0094711234136;0,010843234718095614
66,75;679,999999760133;678,6543045876397;568,0159375896823;0,6611323876219485;0,5612386379557847;33,91130167389633;123,03232063869874;885,0494797662541;0,010756900944960889
66,83333333333333;679,999999766445;678,664975847466;568,2828090498849;0,6611323876219485;0,5612386379557847;33,64237931233447;122,0587202492505;885,089184306567;0,010671259826360871
66,91666666666667;679,9999997725907;678,6755621531913;568,5490282684422;0,6611323876219485;0,5612386379557847;33,37559797447227;121,09283855606846;885,12858696367;0,0105863057252489
67,0;679,9999997785749;678,686064186243;568,8145968525806;0,6611323876219485;0,5612386379557847;33,11094048498546;120,13461415421666;885,1676899421211;0,010502033051638533
67,08333333333333;679,9999997844014;678,6964826225052;569,0795164059671;0,6611323876219485;0,5612386379557847;32,848389808296474;119,18398613028236;885,2064954317933;0,010418436262194242
67,16666666666667;679,9999997900749;678,706818132365;569,343788528711;0,6611323876219485;0,5612386379557847;32,587929047406305;118,24089405838461;885,2450056079498;0,010335509859824211
67,25;679,9999997955988;678,7170713807583;569,6074148173672;0,6611323876219485;0,5612386379557847;32,32954144274629;117,30527799627573;885,2832226313209;0,010253248393281655
67,33333333333333;679,9999998009775;678,7272430272151;569,8703968649384;0,6611323876219485;0,5612386379557847;32,073210371012806;116,37707848134032;885,3211486481773;0,010171646456758799
67,41666666666667;679,9999998062146;678,7373337259046;570,1327362608779;0,6611323876219485;0,5612386379557847;31,81891934406167;115,45623652684726;885,3587857904074;0,010090698689503021
67,5;679,999999811314;678,74734412568;570,3944345910928;0,6611323876219485;0,5612386379557847;31,566652007751372;114,54269361798401;885,3961361755903;0,010010399775415449
67,58333333333333;679,999999816279;678,7572748701226;570,6554934379462;0,6611323876219485;0,5612386379557847;31,316392140848848;113,63639170811496;885,4332019070735;0,009930744442669852
67,66666666666667;679,9999998211135;678,767126597586;570,9159143802607;0,6611323876219485;0,5612386379557847;31,06812365390965;112,7372732149695;885,469985074046;0,00985172746332585
67,75;679,9999998258207;678,7768999412389;571,1756989933207;0,6611323876219485;0,5612386379557847;30,821830588189414;111,84528101690361;885,5064877516156;0,00977334365294995
67,83333333333333;679,9999998304042;678,7865955291091;571,434848848876;0,6611323876219485;0,5612386379557847;30,57749711454676;110,96035844915515;885,5427120008818;0,009695587870236383
67,91666666666667;679,999999834867;678,7962139841258;571,6933655151444;0,6611323876219485;0,5612386379557847;30,335107532377492;110,08244930018239;885,5786598690124;0,009618455016636468
68,0;679,9999998392124;678,8057559241618;571,9512505568149;0,6611323876219485;0,5612386379557847;30,094646268531733;109,21149780797691;885,6143333893172;0,00954194003598581
68,08333333333333;679,9999998434433;678,815221962076;572,2085055350511;0,6611323876219485;0,5612386379557847;29,856097876265153;108,3474486564438;885,6497345813243;0,009466037914139106
68,16666666666667;679,999999847563;678,8246127057546;572,4651320074942;0,6611323876219485;0,5612386379557847;29,61944703418453;107,49024697181386;885,684865450854;0,009390743678607493
68,25;679,9999998515743;678,8339287581528;572,7211315282658;0,6611323876219485;0,5612386379557847;29,384678545210363;106,63983831906863;885,7197279900929;0,009316052398198632
68,33333333333333;679,9999998554799;678,8431707173354;572,976505647972;0,6611323876219485;0,5612386379557847;29,151777335539464;105,79616869838466;885,7543241776697;0,009241959182658743
68,41666666666667;679,999999859283;678,8523391765177;573,2312559137061;0,6611323876219485;0,5612386379557847;28,920728453613265;104,95918454158415;885,7886559787295;0,009168459182316178
68,5;679,9999998629858;678,8614347241055;573,4853838690525;0,6611323876219485;0,5612386379557847;28,691517069131578;104,12883270876819;885,8227253450074;0,009095547587741268
68,58333333333333;679,9999998665912;678,8704579437349;573,7388910540895;0,6611323876219485;0,5612386379557847;28,464128472006678;103,30506048470016;885,8565342149034;0,009023219629385583
68,66666666666667;679,9999998701018;678,8794094143121;573,9917790053933;0,6611323876219485;0,5612386379557847;28,23854807140833;102,48781557554469;885,8900845135561;0,008951470577252457
68,75;679,9999998735199;678,8882897100527;574,2440492560411;0,6611323876219485;0,5612386379557847;28,014761394740617;101,67704610533434;885,9233781529167;0,00888029574054481
68,83333333333333;679,9999998768482;678,8970994005201;574,4957033356151;0,6611323876219485;0,5612386379557847;27,79275408667843;100,87270061265728;885,956417031824;0,00880969046733277
68,91666666666667;679,9999998800888;678,9058390506643;574,7467427702057;0,6611323876219485;0,5612386379557847;27,572511908201136;100,07472804733221;885,9892030360761;0,008739650144220904
69,0;679,9999998832442;678,9145092208603;574,9971690824157;0,6611323876219485;0,5612386379557847;27,35402073561204;99,28307776703521;886,0217380385052;0,00867017019601175
69,08333333333333;679,9999998863166;678,9231104669457;575,246983791363;0,6611323876219485;0,5612386379557847;27,137266559597606;98,49769953406428;886,0540238990516;0,008601246085382071
69,16666666666667;679,999999889308;678,9316433402582;575,4961884126856;0,6611323876219485;0,5612386379557847;26,922235484272505;97,7185435120271;886,0860624648358;0,008532873312553514
69,25;679,9999998922208;678,9401083876733;575,7447844585442;0,6611323876219485;0,5612386379557847;26,708913726244532;96,9455602626504;886,1178555702322;0,008465047414973496
69,33333333333333;679,9999998950569;678,9485061516402;575,992773437627;0,6611323876219485;0,5612386379557847;26,49728761368806;96,17870074254466;886,1494050369417;0,008397763966994204
69,41666666666667;679,9999998978184;678,9568371702198;576,2401568551526;0,6611323876219485;0,5612386379557847;26,28734358541749;95,41791630004867;886,1807126740647;0,008331018579557592
69,5;679,9999999005073;678,9651019771197;576,4869362128748;0,6611323876219485;0,5612386379557847;26,07906818996355;94,66315867200696;886,211780278174;0,00826480689987655
69,58333333333333;679,9999999031253;678,9733011017308;576,733113009086;0,6611323876219485;0,5612386379557847;25,87244808468938;93,91437998073624;886,2426096333866;0,008199124611132282
69,66666666666667;679,9999999056746;678,981435069163;576,9786887386213;0,6611323876219485;0,5612386379557847;25,66747003486114;93,17153273080918;886,273202511436;0,008133967432156573
69,75;679,9999999081566;678,9895044002801;577,2236648928625;0,6611323876219485;0,5612386379557847;25,464120912789667;92,43456980609767;886,3035606717456;0,00806933111713723
69,83333333333333;679,9999999105734;678,9975096117354;577,4680429597424;0,6611323876219485;0,5612386379557847;25,26238769691247;91,7034444665695;886,3336858614981;0,008005211455303076
69,91666666666667;679,9999999129266;679,005451216006;577,7118244237486;0,6611323876219485;0,5612386379557847;25,06225747094959;90,97811034541483;886,3635798157097;0,00794160427063707
70,0;679,9999999152178;679,0133297214276;577,9550107659275;0,6611323876219485;0,5612386379557847;24,86371742301401;90,25852144592626;886,3932442573002;0,007878505421569964
70,08333333333333;679,9999999174488;679,0211456322282;578,1976034638888;0,6611323876219485;0,5612386379557847;24,666754844756156;89,54463213856116;886,422680897164;0,007815910800689265
70,16666666666667;679,9999999196211;679,0288994485627;578,4396039918097;0,6611323876219485;0,5612386379557847;24,471357130514093;88,83639715799465;886,4518914342422;0,007753816334448432
70,25;679,9999999217363;679,0365916665455;578,681013820439;0,6611323876219485;0,5612386379557847;24,27751177646087;88,13377160015648;886,4808775555928;0,007692217982875234
70,33333333333333;679,9999999237957;679,0442227782848;578,9218344171013;0,6611323876219485;0,5612386379557847;24,08520637976892;87,43671091935757;886,5096409364613;0,007631111739287931
70,41666666666667;679,9999999258009;679,0517932719149;579,1620672457016;0,6611323876219485;0,5612386379557847;23,894428637771625;86,74517092535572;886,5381832403523;0,007570493630007508
70,5;679,9999999277535;679,059303631629;579,4017137667291;0,6611323876219485;0,5612386379557847;23,705166347150453;86,05910778055268;886,5665061190974;0,007510359714081165
70,58333333333333;679,9999999296546;679,0667543377119;579,6407754372624;0,6611323876219485;0,5612386379557847;23,517407403113566;85,37847799715271;886,5946112129271;0,007450706083002987
70,66666666666667;679,9999999315056;679,0741458665724;579,8792537109731;0,6611323876219485;0,5612386379557847;23,331139798565914;84,70323843426036;886,6225001505406;0,007391528860430339
70,75;679,999999933308;679,0814786907744;580,1171500381307;0,6611323876219485;0,5612386379557847;23,146351623330474;84,0333462951992;886,6501745491746;0,007332824201919339
70,83333333333333;679,999999935063;679,088753279069;580,3544658656072;0,6611323876219485;0,5612386379557847;22,963031063341077;83,3687591246897;886,6776360146721;0,00727458829464915
70,91666666666667;679,9999999367717;679,0959700964262;580,591202636881;0,6611323876219485;0,5612386379557847;22,78116639984944;82,70943480611669;886,7048861415528;0,007216817357153801
71,0;679,9999999384355;679,1031296040652;580,8273617920422;0,6611323876219485;0,5612386379557847;22,600746008637884;82,0553315587617;886,7319265130814;0,0071595076390524376
71,08333333333333;679,9999999400555;679,110232259486;581,0629447677967;0,6611323876219485;0,5612386379557847;22,421758359257637;81,40640793519532;886,7587587013355;0,007102655420792663
71,16666666666667;679,999999941633;679,1172785164994;581,2979529974708;0,6611323876219485;0,5612386379557847;22,244192014238706;80,76262281848716;886,7853842672757;0,007046257013379856
71,25;679,9999999431689;679,1242688252574;581,532387911016;0,6611323876219485;0,5612386379557847;22,068035628339544;80,12393541963348;886,8118047608118;0,006990308758124529
71,33333333333333;679,9999999446643;679,1312036322838;581,7662509350138;0,6611323876219485;0,5612386379557847;21,89327794778535;79,49030527487278;886,8380217208717;0,006934807026381615
71,41666666666667;679,9999999461204;679,1380833805031;581,99954349268;0,6611323876219485;0,5612386379557847;21,71990780951205;78,86169224308462;886,8640366754693;0,00687974821929623
71,5;679,9999999475382;679,1449085092706;582,2322670038698;0,6611323876219485;0,5612386379557847;21,547914140433022;78,23805650321094;886,8898511417708;0,006825128767552925
71,58333333333333;679,9999999489187;679,1516794544018;582,4644228850823;0,6611323876219485;0,5612386379557847;21,377285956688752;77,61935855166773;886,9154666261632;0,006770945131123466
71,66666666666667;679,9999999502629;679,1583966482008;582,6960125494654;0,6611323876219485;0,5612386379557847;21,20801236292209;77,00555919978548;886,9408846243198;0,006717193799018728
71,75;679,9999999515717;679,1650605194898;582,9270374068208;0,6611323876219485;0,5612386379557847;21,040082551553496;76,39661957132023;886,9661066212675;0,006663871289045763
71,83333333333333;679,999999952846;679,1716714936373;583,1574988636082;0,6611323876219485;0,5612386379557847;20,873485802047753;75,7925010998652;886,9911340914537;0,006610974147557859
71,91666666666667;679,9999999540869;679,1782299925865;583,3873983229512;0,6611323876219485;0,5612386379557847;20,708211480217642;75,19316552643862;887,0159684988116;0,006558498949219514
72,0;679,999999955295;679,1847364348832;583,6167371846411;0,6611323876219485;0,5612386379557847;20,544249037510554;74,59857489699796;887,0406112968261;0,0065064422967655924
72,08333333333333;679,9999999564714;679,191191235704;583,8455168451426;0,6611323876219485;0,5612386379557847;20,381588010295104;74,00869155993806;887,0650639286;0,006454800820759682
72,16666666666667;679,9999999576168;679,1975948068833;584,0737386975982;0,6611323876219485;0,5612386379557847;20,2202180191847;73,42347816373665;887,0893278269184;0,00640357117936543
72,25;679,9999999587321;679,2039475569414;584,3014041318337;0,6611323876219485;0,5612386379557847;20,060128768335517;72,84289765449417;887,1134044143146;0,006352750058109218
72,33333333333333;679,9999999598181;679,2102498911111;584,5285145343628;0,6611323876219485;0,5612386379557847;19,90131004476723;72,26691327357605;887,1372951031343;0,0063023341696517325
72,41666666666667;679,9999999608754;679,2165022113646;584,7550712883924;0,6611323876219485;0,5612386379557847;19,743751717675195;71,69548855519743;887,1610012956003;0,006252320253555338
72,5;679,9999999619049;679,2227049164406;584,9810757738272;0,6611323876219485;0,5612386379557847;19,58744373776824;71,12858732410382;887,184524383877;0,006202705076060077
72,58333333333333;679,9999999629074;679,2288584018705;585,2065293672755;0,6611323876219485;0,5612386379557847;19,432376136606422;70,56617369327435;887,2078657501338;0,0061534854298615415
72,66666666666667;679,9999999638835;679,2349630600044;585,4314334420534;0,6611323876219485;0,5612386379557847;19,27853902592176;70,00821206152243;887,2310267666098;0,006104658133880843
72,75;679,9999999648338;679,2410192800374;585,6557893681907;0,6611323876219485;0,5612386379557847;19,12592259697874;69,45466711127898;887,2540087956756;0,006056220033050135
72,83333333333333;679,9999999657591;679,2470274480355;585,8795985124356;0,6611323876219485;0,5612386379557847;18,97451711990925;68,90550380624437;887,2768131898985;0,00600816799808766
72,91666666666667;679,9999999666602;679,2529879469608;586,10286223826;0,6611323876219485;0,5612386379557847;18,82431294309015;68,36068738923255;887,299441292103;0,005960498925289194
73,0;679,9999999675375;679,2589011566971;586,3255819058646;0,6611323876219485;0,5612386379557847;18,67530049248387;67,82018337983901;887,3218944354358;0,00591320973630517
73,08333333333333;679,9999999683918;679,264767454075;586,5477588721844;0,6611323876219485;0,5612386379557847;18,527470271010316;67,28395757225601;887,3441739434257;0,005866297377930331
73,16666666666667;679,9999999692235;679,2705872128969;586,7693944908934;0,6611323876219485;0,5612386379557847;18,380812857918727;66,75197603306555;887,3662811300484;0,005819758821892104
73,25;679,9999999700334;679,2763608039616;586,9904901124104;0,6611323876219485;0,5612386379557847;18,235318908165254;66,22420509906098;887,3882172997858;0,0057735910646416425
73,33333333333333;679,9999999708219;679,2820885950887;587,2110470839038;0,6611323876219485;0,5612386379557847;18,090979151796205;65,70061137507517;887,4099837476886;0,005727791127145941
73,41666666666667;679,9999999715897;679,2877709511433;587,4310667492973;0,6611323876219485;0,5612386379557847;17,94778439333129;65,181161731831;887,431581759437;0,005682356054681768
73,5;679,9999999723374;679,2934082340599;587,6505504492749;0,6611323876219485;0,5612386379557847;17,805725511158244;64,66582330381115;887,4530126114023;0,005637282916631952
73,58333333333333;679,9999999730652;679,2990008028662;587,8694995212863;0,6611323876219485;0,5612386379557847;17,664793456935968;64,15456348715668;887,4742775707072;0,005592568806284474
73,66666666666667;679,999999973774;679,3045490137068;588,0879152995526;0,6611323876219485;0,5612386379557847;17,524979254974937;63,64734993750792;887,4953778952855;0,0055482108406263424
73,75;679,9999999744641;679,310053219867;588,305799115071;0,6611323876219485;0,5612386379557847;17,386274001680135;63,14415056803761;887,5163148339432;0,0055042061601551055
73,83333333333333;679,999999975136;679,3155137717956;588,5231522956207;0,6611323876219485;0,5612386379557847;17,248668864928618;62,64493354726303;887,5370896264175;0,005460551928671066
73,91666666666667;679,9999999757903;679,3209310171287;588,7399761657681;0,6611323876219485;0,5612386379557847;17,112155083509606;62,14966729709189;887,5577035034364;0,005417245333089975
74,0;679,9999999764274;679,326305300712;588,9562720468724;0,6611323876219485;0,5612386379557847;16,976723966538998;61,658320490746554;887,5781576867784;0,00537428358324591
74,08333333333333;679,9999999770478;679,3316369646236;589,1720412570909;0,6611323876219485;0,5612386379557847;16,842366892885252;61,17086205076194;887,5984533893306;0,005331663911700209
74,16666666666667;679,9999999776517;679,3369263481972;589,3872851113844;0,6611323876219485;0,5612386379557847;16,709075310603794;60,68726114699302;887,6185918151481;0,005289383573551868
74,25;679,9999999782398;679,3421737880434;589,6020049215226;0,6611323876219485;0,5612386379557847;16,576840736362897;60,20748719459346;887,6385741595117;0,005247439846245623
74,33333333333333;679,9999999788124;679,3473796180728;589,8162019960902;0,6611323876219485;0,5612386379557847;16,445654754909356;59,73150985213208;887,6584016089863;0,0052058300293923955
74,41666666666667;679,9999999793698;679,3525441695173;590,0298776404915;0,6611323876219485;0,5612386379557847;16,315509018491525;59,25929901957467;887,6780753414785;0,005164551444577844
74,5;679,9999999799128;679,3576677709525;590,2430331569566;0,6611323876219485;0,5612386379557847;16,186395246313623;58,7908248363492;887,6975965262939;0,005123601435178979
74,58333333333333;679,9999999804413;679,3627507483187;590,4556698445466;0,6611323876219485;0,5612386379557847;16,058305224007086;58,32605767950064;887,7169663241954;0,005082977366188272
74,66666666666667;679,9999999809561;679,3677934249428;590,6677889991594;0,6611323876219485;0,5612386379557847;15,931230803064977;57,86496816168247;887,7361858874579;0,0050426766240243125
74,75;679,9999999814572;679,3727961215591;590,8793919135351;0,6611323876219485;0,5612386379557847;15,805163900333241;57,40752712938837;887,7552563599268;0,005002696616362955
74,83333333333333;679,9999999819452;679,3777591563311;591,0904798772615;0,6611323876219485;0,5612386379557847;15,680096497453633;56,95370566095657;887,7741788770733;0,004963034771949848
74,91666666666667;679,9999999824201;679,3826828448715;591,3010541767799;0,6611323876219485;0,5612386379557847;15,55602064035213;56,50347506479515;887,7929545660517;0,004923688540431358
75,0;679,9999999828829;679,3875675002637;591,5111160953907;0,6611323876219485;0,5612386379557847;15,432928438715976;56,05680687753047;887,811584545753;0,004884655392179703
75,08333333333333;679,9999999833333;679,3924134330819;591,7206669132589;0,6611323876219485;0,5612386379557847;15,31081206547924;55,6136728621877;887,8300699268623;0,0048459328181210005
75,16666666666667;679,9999999837718;679,3972209514114;591,9297079074199;0,6611323876219485;0,5612386379557847;15,189663756285654;55,17404500630396;887,848411811913;0,00480751832955741
75,25;679,9999999841988;679,4019903608695;592,1382403517849;0,6611323876219485;0,5612386379557847;15,069475809008281;54,73789552023703;887,8666112953418;0,0047694094580066826
75,33333333333333;679,9999999846145;679,4067219646245;592,3462655171469;0,6611323876219485;0,5612386379557847;14,950240583232244;54,30519683532331;887,8846694635433;0,004731603755029081
75,41666666666667;679,9999999850195;679,4114160634165;592,553784671186;0,6611323876219485;0,5612386379557847;14,831950499751656;53,87592160212562;887,902587394924;0,004694098792061607
75,5;679,9999999854136;679,4160729555767;592,7607990784755;0,6611323876219485;0,5612386379557847;14,714598040075089;53,45004268867137;887,9203661599572;0,004656892160252307
75,58333333333333;679,9999999857976;679,4206929370471;592,9673100004874;0,6611323876219485;0,5612386379557847;14,598175745922504;53,027533178677814;887,938006821236;0,004619981470293335
75,66666666666667;679,9999999861712;679,4252763013993;593,1733186955978;0,6611323876219485;0,5612386379557847;14,48267621876198;52,60836636993122;887,9555104335266;0,0045833643522673944
75,75;679,9999999865352;679,4298233398548;593,3788264190933;0,6611323876219485;0,5612386379557847;14,368092119298126;52,19251577245767;887,972878043821;0,004547038455476841
75,83333333333333;679,9999999868895;679,434334341303;593,5838344231764;0,6611323876219485;0,5612386379557847;14,254416167008799;51,779955106899;887,9901106913917;0,004511001448290249
75,91666666666667;679,9999999872344;679,438809592321;593,788343956971;0,6611323876219485;0,5612386379557847;14,141641139661942;51,370658302814995;888,0072094078421;0,004475251017982779
76,0;679,9999999875704;679,4432493771916;593,9923562665284;0,6611323876219485;0,5612386379557847;14,029759872835257;50,96459949695995;888,0241752171603;0,004439784870575127
76,08333333333333;679,9999999878975;679,4476539779223;594,1958725948335;0,6611323876219485;0,5612386379557847;13,918765259469978;50,56175303172584;888,0410091357699;0,004404600730686383
76,16666666666667;679,9999999882159;679,4520236742637;594,3988941818097;0,6611323876219485;0,5612386379557847;13,808650249379184;50,16209345339971;888,0577121725828;0,004369696341371219
76,25;679,9999999885259;679,4563587437277;594,6014222643253;0,6611323876219485;0,5612386379557847;13,699407848804412;49,76559551059398;888,0742853290496;0,004335069463972378
76,33333333333333;679,999999988828;679,4606594616057;594,803458076199;0,6611323876219485;0,5612386379557847;13,591031119955232;49,372234152615945;888,0907295992113;0,004300717877967986
76,41666666666667;679,9999999891219;679,4649261009865;595,0050028482063;0,6611323876219485;0,5612386379557847;13,483513180557338;48,98198452786927;888,1070459697501;0,004266639380821788
76,5;679,9999999894081;679,4691589327743;595,2060578080846;0,6611323876219485;0,5612386379557847;13,37684720338359;48,59482198220108;888,1232354200399;0,004232831787828667
76,58333333333333;679,9999999896869;679,4733582257063;595,406624180539;0,6611323876219485;0,5612386379557847;13,271026415844744;48,21072205744121;888,1392989221963;0,004199292931977498
76,66666666666667;679,9999999899583;679,4775242463701;595,606703187249;0,6611323876219485;0,5612386379557847;13,166044099514806;47,82966048972679;888,155237441127;0,004166020663795039
76,75;679,9999999902225;679,4816572592213;595,8062960468735;0,6611323876219485;0,5612386379557847;13,06189358970471;47,451613207999934;888,1710519345816;0,0041330128512050805
76,83333333333333;679,9999999904798;679,4857575266007;596,005403975057;0,6611323876219485;0,5612386379557847;12,958568275030302;47,07655633247328;888,1867433532;0,004100267379385161
76,91666666666667;679,9999999907303;679,4898253087513;596,2040281844355;0,6611323876219485;0,5612386379557847;12,856061596977497;46,70446617308276;888,2023126405632;0,004067782150622349
77,0;679,9999999909743;679,4938608638355;596,4021698846421;0,6611323876219485;0,5612386379557847;12,754367049475945;46,33531922797881;888,2177607332403;0,004035555084172385
77,08333333333333;679,9999999912118;679,4978644479517;596,5998302823134;0,6611323876219485;0,5612386379557847;12,653478178469868;45,96909218202079;888,2330885608387;0,004003584116118971
77,16666666666667;679,999999991443;679,5018363151509;596,7970105810947;0,6611323876219485;0,5612386379557847;12,5533885815031;45,605761905281014;888,2482970460513;0,003971867199234836
77,25;679,9999999916681;679,5057767174537;596,9937119816464;0,6611323876219485;0,5612386379557847;12,454091907304132;45,24530545159679;888,2633871047046;0,003940402302846197
77,33333333333333;679,9999999918874;679,5096859048664;597,1899356816497;0,6611323876219485;0,5612386379557847;12,355581855359787;44,88770005704245;888,2783596458078;0,003909187412691124
77,41666666666667;679,9999999921009;679,5135641253971;597,3856828758127;0,6611323876219485;0,5612386379557847;12,25785217552584;44,532923138558274;888,2932155715978;0,0038782205307912668
77,5;679,9999999923087;679,5174116250724;597,5809547558761;0,6611323876219485;0,5612386379557847;12,160896667595011;44,18095229240646;888,3079557775889;0,003847499675308984
77,58333333333333;679,9999999925111;679,5212286479529;597,775752510619;0,6611323876219485;0,5612386379557847;12,064709180907585;43,831765292806516;888,3225811526182;0,003817022880419762
77,66666666666667;679,9999999927082;679,525015436149;597,9700773258653;0,6611323876219485;0,5612386379557847;11,96928361395635;43,485340090516125;888,3370925788927;0,003786788196180648
77,75;679,9999999929;679,5287722298374;598,1639303844892;0,6611323876219485;0,5612386379557847;11,87461391398017;43,141654811402475;888,3514909320351;0,003756793688397376
77,83333333333333;679,9999999930869;679,5324992672759;598,3573128664211;0,6611323876219485;0,5612386379557847;11,780694076566078;42,80068775501672;888,3657770811308;0,0037270374384923977
77,91666666666667;679,9999999932688;679,5361967848193;598,5502259486541;0,6611323876219485;0,5612386379557847;11,687518145276954;42,46241739328061;888,3799518887731;0,0036975175433824575
78,0;679,999999993446;679,5398650169346;598,7426708052493;0,6611323876219485;0,5612386379557847;11,595080211239406;42,126822369025774;888,3940162111091;0,0036682321153434796
78,08333333333333;679,9999999936184;679,5435041962165;598,9346486073421;0,6611323876219485;0,5612386379557847;11,503374412782819;41,79388149469951;888,4079708978845;0,003639179281890456
78,16666666666667;679,9999999937863;679,5471145534021;599,1261605231481;0,6611323876219485;0,5612386379557847;11,412394935047132;41,46357375098417;888,4218167924885;0,0036103571856493967
78,25;679,9999999939498;679,5506963173864;599,3172077179689;0,6611323876219485;0,5612386379557847;11,322136009604833;41,13587828544208;888,4355547319992;0,003581763984232102
78,33333333333333;679,9999999941091;679,5542497152366;599,5077913541985;0,6611323876219485;0,5612386379557847;11,232591914085788;40,81077441119263;888,4491855472281;0,003553397850113447
78,41666666666667;679,999999994264;679,5577749722071;599,6979125913286;0,6611323876219485;0,5612386379557847;11,143756971813445;40,488241605611606;888,4627100627633;0,003525256970511058
78,5;679,999999994415;679,5612723117544;599,8875725859552;0,6611323876219485;0,5612386379557847;11,055625551423987;40,16825950897941;888,476129097014;0,003497339547260442
78,58333333333333;679,999999994562;679,5647419555511;600,0767724917844;0,6611323876219485;0,5612386379557847;10,968192066516735;39,85080792324138;888,4894434622543;0,003469643796700013
78,66666666666667;679,9999999947051;679,5681841235006;600,2654483914725;0,6611323876219485;0,5612386379557847;10,88145097527331;39,53586681065591;888,5026539646663;0,003442167949546413
78,75;679,9999999948444;679,5715990337513;600,4536882694672;0,6611323876219485;0,5612386379557847;10,79539678011372;39,22341629255157;888,5157614043834;0,003414910250779915
78,83333333333333;679,99999999498;679,5749869027109;600,6414930101687;0,6611323876219485;0,5612386379557847;10,710024027326881;38,91343664803614;888,5287665755332;0,0033878689595248797
78,91666666666667;679,9999999951121;679,5783479450598;600,8288634970185;0,6611323876219485;0,5612386379557847;10,62532730672956;38,60590831277611;888,5416702662799;0,0033610423489370714
79,0;679,9999999952408;679,581682373766;601,0158006124952;0,6611323876219485;0,5612386379557847;10,541301251308255;38,30081187770575;888,5544732588667;0,003334428706085095
79,08333333333333;679,999999995366;679,5849904000978;601,2023052381113;0,6611323876219485;0,5612386379557847;10,457940536872457;37,99812808782901;888,567176329658;0,0033080263318390345
79,16666666666667;679,999999995488;679,5882722336386;601,3883782544085;0,6611323876219485;0,5612386379557847;10,375239881705056;37,697837840931776;888,5797802491805;0,0032818335407528826
79,25;679,9999999956067;679,5915280822995;601,574020540955;0,6611323876219485;0,5612386379557847;10,293194046235499;37,39992218644469;888,592285782166;0,00325584866095888
79,33333333333333;679,9999999957223;679,5947581523336;601,7592329763414;0,6611323876219485;0,5612386379557847;10,211797832678826;37,104362324161755;888,6046936875914;0,003230070034049782
79,41666666666667;679,9999999958349;679,5979626483486;601,9440164381773;0,6611323876219485;0,5612386379557847;10,131046084717354;36,81113960308076;888,6170047187212;0,0032044960149724285
79,5;679,9999999959444;679,6011417733205;602,1283718030876;0,6611323876219485;0,5612386379557847;10,050933687156771;36,52023552021159;888,6292196231464;0,0031791249719174807
79,58333333333333;679,9999999960512;679,6042957286066;602,3122999467088;0,6611323876219485;0,5612386379557847;9,971455565599285;36,23163171937818;888,6413391428265;0,003153955286209954
79,66666666666667;679,9999999961551;679,6074247139588;602,4958017436859;0,6611323876219485;0,5612386379557847;9,892606686113936;35,94530999006208;888,6533640141295;0,003128985352202497
79,75;679,9999999962563;679,610528927536;602,6788780676684;0,6611323876219485;0,5612386379557847;9,8143820549069;35,661252266236424;888,6652949678715;0,003104213577168088
79,83333333333333;679,9999999963549;679,6136085659173;602,8615297913072;0,6611323876219485;0,5612386379557847;9,736776718006013;35,37944062521596;888,6771327293569;0,00307963838119489
79,91666666666667;679,9999999964507;679,6166638241143;603,0437577862511;0,6611323876219485;0,5612386379557847;9,659785760939599;35,09985728653261;888,6888780184171;0,0030552581970825356
80,0;679,999999996544;679,6196948955845;603,2255629231432;0,6611323876219485;0,5612386379557847;9,583404308409627;34,82248461076304;888,7005315494504;0,0030310714702348283
80,08333333333333;679,999999996635;679,6227019722431;603,4069460716178;0,6611323876219485;0,5612386379557847;9,507627523987594;34,54730509844276;888,7120940314617;0,003007076658559978
80,16666666666667;679,9999999967235;679,6256852444754;603,5879081002967;0,6611323876219485;0,5612386379557847;9,432450609796206;34,27430138892568;888,7235661681;0,0029832722323662243
80,25;679,9999999968097;679,6286449011498;603,7684498767861;0,6611323876219485;0,5612386379557847;9,357868806202418;34,003456259310965;888,7349486576969;0,0029596566742629113
80,33333333333333;679,9999999968937;679,6315811296288;603,9485722676735;0,6611323876219485;0,5612386379557847;9,283877391499118;33,734752623280265;888,7462421933067;0,0029362284790547238
80,41666666666667;679,9999999969755;679,6344941157824;604,1282761385239;0,6611323876219485;0,5612386379557847;9,210471681623744;33,46817353010462;888,7574474627414;0,002912986153650128
80,5;679,999999997055;679,6373840439994;604,3075623538771;0,6611323876219485;0,5612386379557847;9,137647029825757;33,20370216345922;888,7685651486117;0,0028899282169532504
80,58333333333333;679,9999999971326;679,6402510971992;604,4864317772439;0,6611323876219485;0,5612386379557847;9,065398826390947;32,94132184043998;888,7795959283624;0,002867053199773504
80,66666666666667;679,999999997208;679,643095456844;604,6648852711035;0,6611323876219485;0,5612386379557847;8,993722498334478;32,68101601047118;888,7905404743099;0,002844359644725705
80,75;679,9999999972815;679,6459173029501;604,8429236968999;0,6611323876219485;0,5612386379557847;8,92261350909962;32,42276825421312;888,8013994536803;0,002821846106130646
80,83333333333333;679,999999997353;679,6487168141;605,0205479150393;0,6611323876219485;0,5612386379557847;8,852067358284899;32,16656228260747;888,8121735286454;0,0027995111499270866
80,91666666666667;679,9999999974227;679,6514941674536;605,1977587848861;0,6611323876219485;0,5612386379557847;8,782079581325775;31,91238193573056;888,8228633563589;0,0027773533535675856
81,0;679,9999999974905;679,6542495387596;605,3745571647607;0,6611323876219485;0,5612386379557847;8,712645749227477;31,66021118183545;888,8334695889946;0,0027553713059307755
81,08333333333333;679,9999999975565;679,6569831023668;605,5509439119362;0,6611323876219485;0,5612386379557847;8,64376146827226;31,410034116320528;888,8439928737799;0,002733563607226964
81,16666666666667;679,9999999976209;679,6596950312357;605,7269198826349;0,6611323876219485;0,5612386379557847;8,575422379743713;31,161834960726814;888,8544338530332;0,0027119288689068898
81,25;679,9999999976834;679,6623854969494;605,9024859320259;0,6611323876219485;0,5612386379557847;8,507624159628335;30,915598061680857;888,8647931642001;0,002690465713565298
81,33333333333333;679,9999999977443;679,6650546697242;606,0776429142219;0,6611323876219485;0,5612386379557847;8,440362518351208;30,671307889952935;888,875071439887;0,002669172774854768
81,41666666666667;679,9999999978037;679,6677027184217;606,2523916822762;0,6611323876219485;0,5612386379557847;8,37363320050315;30,428949039480038;888,8852693078976;0,00264804869739662
81,5;679,9999999978616;679,6703298105583;606,4267330881798;0,6611323876219485;0,5612386379557847;8,307431984550817;30,188506226315145;888,8953873912677;0,002627092136685681
81,58333333333333;679,9999999979178;679,6729361123173;606,6006679828588;0,6611323876219485;0,5612386379557847;8,241754682580904;29,949964287739885;888,9054263082994;0,0026063017590085944
81,66666666666667;679,9999999979726;679,6755217885586;606,7741972161709;0,6611323876219485;0,5612386379557847;8,176597140013087;29,71330818121065;888,915386672596;0,0025856762413486835
81,75;679,9999999980259;679,6780870028299;606,9473216369031;0,6611323876219485;0,5612386379557847;8,11195523534991;29,478522983484044;888,9252690930963;0,00256521427130564
81,83333333333333;679,9999999980779;679,6806319173769;607,1200420927688;0,6611323876219485;0,5612386379557847;8,0478248799011;29,245593889617453;888,9350741741082;0,0025449145470049896
81,91666666666667;679,9999999981285;679,6831566931539;607,2923594304049;0,6611323876219485;0,5612386379557847;7,984202017524922;29,014506212052854;888,9448025153429;0,0025247757770144666
82,0;679,9999999981777;679,6856614898342;607,464274495369;0,6611323876219485;0,5612386379557847;7,921082624363862;28,785245379668638;888,9544547119483;0,0025047966802578727
82,08333333333333;679,9999999982257;679,6881464658201;607,6357881321367;0,6611323876219485;0,5612386379557847;7,8584627085888314;28,557796936863433;888,9640313545422;0,002484975985931746
82,16666666666667;679,9999999982724;679,6906117782535;607,8069011840992;0,6611323876219485;0,5612386379557847;7,796338310140527;28,332146542630323;888,9735330292456;0,0024653124334212424
82,25;679,9999999983178;679,6930575830257;607,97761449356;0,6611323876219485;0,5612386379557847;7,734705500473638;28,10827996963429;888,9829603177159;0,0024458047722164824
82,33333333333333;679,9999999983621;679,6954840347876;608,147928901733;0,6611323876219485;0,5612386379557847;7,673560382301048;27,886183103312042;888,9923137971795;0,0024264517618304724
82,41666666666667;679,9999999984052;679,6978912869592;608,3178452487393;0,6611323876219485;0,5612386379557847;7,612899089363623;27,665841941045567;889,001594040463;0,00240725217172386
82,5;679,9999999984472;679,7002794917405;608,4873643736046;0,6611323876219485;0,5612386379557847;7,552717786148833;27,447242591127427;889,0108016160275;0,0023882047812120253
82,58333333333333;679,9999999984881;679,7026488001198;608,656487114257;0,6611323876219485;0,5612386379557847;7,493012667666221;27,230371272004756;889,0199370879998;0,0023693083793951317
82,66666666666667;679,9999999985279;679,7049993618849;608,825214307524;0,6611323876219485;0,5612386379557847;7,433779959205822;27,015214311363103;889,0290010162028;0,0023505617650761246
82,75;679,9999999985665;679,7073313256316;608,9935467891306;0,6611323876219485;0,5612386379557847;7,375015916073835;26,801758145219882;889,0379939561899;0,002331963746677883
82,83333333333333;679,9999999986043;679,7096448387738;609,1614853936961;0,6611323876219485;0,5612386379557847;7,316716823373781;26,5899893171203;889,0469164592741;0,002313513142170515
82,91666666666667;679,999999998641;679,7119400475527;609,329030954732;0,6611323876219485;0,5612386379557847;7,258878995762075;26,379894477262866;889,0557690725603;0,0022952087789921472
83,0;679,9999999986767;679,7142170970467;609,4961843046397;0,6611323876219485;0,5612386379557847;7,201498777206439;26,171460381644067;889,0645523389752;0,002277049493971265
83,08333333333333;679,9999999987116;679,7164761311799;609,6629462747075;0,6611323876219485;0,5612386379557847;7,144572540750005;25,964673891193453;889,0732667972998;0,0022590341332488226
83,16666666666667;679,9999999987455;679,7187172927321;609,8293176951088;0,6611323876219485;0,5612386379557847;7,088096688292467;25,759521971020867;889,0819129821982;0,002241161552209224
83,25;679,9999999987785;679,7209407233474;609,9952993948995;0,6611323876219485;0,5612386379557847;7,032067650334284;25,555991689461813;889,0904914242493;0,002223430615395042
83,33333333333333;679,9999999988106;679,7231465635439;610,1608922020156;0,6611323876219485;0,5612386379557847;6,97648188577773;25,354070217391946;889,0990026499757;0,0022058401964440305
83,41666666666667;679,999999998842;679,7253349527219;610,3260969432708;0,6611323876219485;0,5612386379557847;6,921335881668256;25,153744827291682;889,1074471818749;0,002188389178005046
83,5;679,9999999988723;679,7275060291736;610,4909144443546;0,6611323876219485;0,5612386379557847;6,866626153001221;24,95500289254786;889,1158255384482;0,0021710764516746557
83,58333333333333;679,999999998902;679,7296599300915;610,6553455298297;0,6611323876219485;0,5612386379557847;6,81234924246894;24,7578318865536;889,1241382342298;0,0021539009179159406
83,66666666666667;679,999999998931;679,7317967915775;610,8193910231294;0,6611323876219485;0,5612386379557847;6,758501720261734;24,562219381997146;889,1323857798179;0,002136861485993908
83,75;679,9999999989591;679,7339167486514;610,9830517465562;0,6611323876219485;0,5612386379557847;6,705080183837708;24,368153050025782;889,1405686819016;0,0021199570739003086
83,83333333333333;679,9999999989865;679,7360199352596;611,1463285212791;0,6611323876219485;0,5612386379557847;6,652081257692544;24,17562065942577;889,1486874432916;0,0021031866082795603
83,91666666666667;679,9999999990131;679,738106484284;611,3092221673314;0,6611323876219485;0,5612386379557847;6,599501593171908;23,984610075956056;889,1567425629479;0,002086549024368129
84,0;679,9999999990391;679,7401765275499;611,4717335036089;0,6611323876219485;0,5612386379557847;6,547337868227032;23,795109261460915;889,1647345360093;0,0020700432659149764
84,08333333333333;679,9999999990645;679,7422301958351;611,6338633478672;0,6611323876219485;0,5612386379557847;6,495586787229968;23,607106273203673;889,17266385382;0,0020536682851212064
84,16666666666667;679,999999999089;679,7442676188776;611,7956125167201;0,6611323876219485;0,5612386379557847;6,444245080734845;23,42058926303701;889,1805310039601;0,0020374230425649065
84,25;679,999999999113;679,7462889253848;611,9569818256373;0,6611323876219485;0,5612386379557847;6,393309505284606;23,235546476666183;889,188336470271;0,0020213065071354773
84,33333333333333;679,9999999991363;679,7482942430407;612,1179720889425;0,6611323876219485;0,5612386379557847;6,342776843206366;23,051966252953925;889,1960807328853;0,002005317655970055
84,41666666666667;679,9999999991591;679,7502836985151;612,2785841198111;0,6611323876219485;0,5612386379557847;6,292643902389727;22,869837023106736;889,2037642682535;0,001989455474380719
84,5;679,9999999991812;679,7522574174709;612,4388187302685;0,6611323876219485;0,5612386379557847;6,242907516099194;22,68914730999902;889,2113875491708;0,0019737189557934636
84,58333333333333;679,9999999992028;679,7542155245726;612,5986767311881;0,6611323876219485;0,5612386379557847;6,193564542758168;22,509885727404235;889,2189510448056;0,0019581071016789233
84,66666666666667;679,9999999992237;679,7561581434941;612,7581589322889;0,6611323876219485;0,5612386379557847;6,144611865755678;22,332040979302988;889,2264552207251;0,0019426189214899236
84,75;679,9999999992442;679,7580853969266;612,9172661421342;0,6611323876219485;0,5612386379557847;6,09604639324175;22,155601859133434;889,233900538923;0,001927253432594363
84,83333333333333;679,999999999264;679,7599974065869;613,0759991681292;0,6611323876219485;0,5612386379557847;6,047865057939816;21,980557249144194;889,2412874578456;0,0019120096602162772
84,91666666666667;679,9999999992833;679,7618942932243;613,2343588165195;0,6611323876219485;0,5612386379557847;6,000064816927875;21,806896119577495;889,2486164324195;0,0018968866373632223
85,0;679,9999999993023;679,763776176629;613,3923458923887;0,6611323876219485;0,5612386379557847;5,952642651476481;21,63460752811499;889,2558879140754;0,001881883404775488
85,08333333333333;679,9999999993206;679,7656431756399;613,5499611996572;0,6611323876219485;0,5612386379557847;5,905595566832744;21,4636806190737;889,2631023507763;0,0018669990108546096
85,16666666666667;679,9999999993385;679,7674954081515;613,7072055410802;0,6611323876219485;0,5612386379557847;5,858920592018535;21,294104622717295;889,2702601870432;0,001852232511600747
85,25;679,999999999356;679,769332991122;613,8640797182453;0,6611323876219485;0,5612386379557847;5,812614779674163;21,12586885464745;889,2773618639794;0,0018375829705586611
85,33333333333333;679,9999999993728;679,7711560405808;614,0205845315718;0,6611323876219485;0,5612386379557847;5,76667520584806;20,95896271510231;889,2844078192971;0,0018230494587536958
85,41666666666667;679,9999999993893;679,7729646716353;614,176720780308;0,6611323876219485;0,5612386379557847;5,721098969800664;20,793375688200474;889,291398487343;0,0018086310546250436
85,5;679,9999999994054;679,7747589984793;614,33248926253;0,6611323876219485;0,5612386379557847;5,675883193848108;20,629097341415672;889,2983342991228;0,0017943268439774903
85,58333333333333;679,9999999994211;679,7765391343993;614,4878907751398;0,6611323876219485;0,5612386379557847;5,631025023151892;20,466117324798315;889,3052156823263;0,001780135919912236
85,66666666666667;679,9999999994363;679,778305191782;614,6429261138638;0,6611323876219485;0,5612386379557847;5,586521625545515;20,30442537037328;889,3120430613525;0,0017660573827722884
85,75;679,9999999994511;679,7800572821221;614,7975960732509;0,6611323876219485;0,5612386379557847;5,542370191358259;20,1440112914864;889,3188168573336;0,001752090340084186
85,83333333333333;679,9999999994656;679,7817955160286;614,9519014466711;0,6611323876219485;0,5612386379557847;5,498567933224763;19,984864982125377;889,3255374881606;0,0017382339064970368
85,91666666666667;679,9999999994797;679,7835200032324;615,1058430263136;0,6611323876219485;0,5612386379557847;5,4551120859230195;19,82697641634955;889,3322053685065;0,0017244872037309486
86,0;679,9999999994933;679,7852308525929;615,2594216031856;0,6611323876219485;0,5612386379557847;5,411999906181109;19,67033564757235;889,3388209098509;0,0017108493605132995
86,08333333333333;679,9999999995066;679,7869281721055;615,4126379671108;0,6611323876219485;0,5612386379557847;5,369228672509507;19,514932807981513;889,3453845205039;0,001697319512526178
86,16666666666667;679,9999999995197;679,7886120689078;615,565492906727;0,6611323876219485;0,5612386379557847;5,326795685027719;19,360758107901553;889,3518966056299;0,0016838968023495243
86,25;679,9999999995323;679,7902826492872;615,7179872094855;0,6611323876219485;0,5612386379557847;5,2846982652965835;19,207801835201195;889,3583575672708;0,0016705803794077462
86,33333333333333;679,9999999995446;679,7919400186871;615,8701216616494;0,6611323876219485;0,5612386379557847;5,242933756127854;19,05605435458539;889,3647678043703;0,0016573693999069358
86,41666666666667;679,9999999995566;679,793584281714;616,0218970482917;0,6611323876219485;0,5612386379557847;5,2014995214364035;18,90550610709881;889,3711277127973;0,0016442630267894465
86,5;679,9999999995682;679,7952155421436;616,1733141532947;0,6611323876219485;0,5612386379557847;5,16039294606685;18,756147609465934;889,3774376853669;0,0016312604296756037
86,58333333333333;679,9999999995796;679,7968339029285;616,3243737593474;0,6611323876219485;0,5612386379557847;5,119611435614502;18,607969453476027;889,3836981118657;0,0016183607848081064
86,66666666666667;679,9999999995907;679,7984394662035;616,4750766479451;0,6611323876219485;0,5612386379557847;5,079152416277566;18,460962305428925;889,389909379074;0,0016055632750027343
86,75;679,9999999996014;679,8000323332931;616,6254235993877;0,6611323876219485;0,5612386379557847;5,039013334680931;18,315116905523215;889,3960718707876;0,0015928670895932156
86,83333333333333;679,999999999612;679,8016126047174;616,7754153927779;0,6611323876219485;0,5612386379557847;4,999191657708479;18,170424067234762;889,4021859678411;0,0015802714243760313
86,91666666666667;679,9999999996221;679,803180380199;616,9250528060206;0,6611323876219485;0,5612386379557847;4,959684872363823;18,026874676817;889,40825204813;0,0015677754815654886
87,0;679,9999999996321;679,8047357586688;617,0743366158212;0,6611323876219485;0,5612386379557847;4,920490485577034;17,884459692615373;889,4142704866329;0,001555378469732459
87,08333333333333;679,9999999996418;679,8062788382725;617,2232675976838;0,6611323876219485;0,5612386379557847;4,88160602408243;17,74317014461892;889,4202416554331;0,0015430796037641515
87,16666666666667;679,9999999996512;679,8078097163774;617,3718465259112;0,6611323876219485;0,5612386379557847;4,8430290342309945;17,602997133790705;889,4261659237403;0,0015308781048043744
87,25;679,9999999996604;679,8093284895776;617,5200741736023;0,6611323876219485;0,5612386379557847;4,804757081845423;17,463931831536108;889,4320436579139;0,0015187732002061147
87,33333333333333;679,9999999996693;679,8108352537012;617,6679513126517;0,6611323876219485;0,5612386379557847;4,76678775206949;17,325965479180642;889,437875221482;0,0015067641234844113
87,41666666666667;679,999999999678;679,8123301038154;617,8154787137481;0,6611323876219485;0,5612386379557847;4,729118649203201;17,189089387348513;889,4436609751647;0,0014948501142615046
87,5;679,9999999996865;679,8138131342336;617,9626571463734;0,6611323876219485;0,5612386379557847;4,69174739656637;17,05329493549172;889,4494012768939;0,0014830304182242079
87,58333333333333;679,9999999996948;679,8152844385206;618,1094873788012;0,6611323876219485;0,5612386379557847;4,654671636322405;16,918573571249375;889,4550964818363;0,0014713042870670096
87,66666666666667;679,9999999997028;679,816744109499;618,2559701780957;0,6611323876219485;0,5612386379557847;4,61788902935325;16,784916810002436;889,4607469424126;0,0014596709784520105
87,75;679,9999999997106;679,818192239255;618,402106310111;0,6611323876219485;0,5612386379557847;4,581397255094544;16,65231623426827;889,4663530083183;0,0014481297559552396
87,83333333333333;679,9999999997182;679,8196289191441;618,5478965394894;0,6611323876219485;0,5612386379557847;4,545194011387821;16,520763493168893;889,4719150265455;0,001436679889019177
87,91666666666667;679,9999999997256;679,8210542397969;618,6933416296607;0,6611323876219485;0,5612386379557847;4,5092770143526195;16,39025030199531;889,4774333414017;0,0014253206529132071
88,0;679,9999999997328;679,8224682911256;618,838442342841;0,6611323876219485;0,5612386379557847;4,473643998215948;16,260768441560426;889,4829082945317;0,0014140513286767609
88,08333333333333;679,9999999997399;679,8238711623286;618,9831994400315;0,6611323876219485;0,5612386379557847;4,4382927151815466;16,132309757740977;889,4883402249372;0,0014028712030780795
88,16666666666667;679,9999999997467;679,8252629418972;619,1276136810178;0,6611323876219485;0,5612386379557847;4,403220935282093;16,00486616094895;889,4937294689962;0,0013917795685670275
88,25;679,9999999997534;679,8266437176204;619,2716858243688;0,6611323876219485;0,5612386379557847;4,368426446237095;15,878429625615865;889,4990763604842;0,0013807757232291817
88,33333333333333;679,9999999997599;679,8280135765912;619,4154166274353;0,6611323876219485;0,5612386379557847;4,333907053324992;15,752992189734675;889,5043812305917;0,0013698589707448429
88,41666666666667;679,9999999997661;679,8293726052115;619,5588068463496;0,6611323876219485;0,5612386379557847;4,299660579218312;15,628545954263942;889,5096444079464;0,0013590286203361414
88,5;679,9999999997723;679,8307208891982;619,7018572360244;0,6611323876219485;0,5612386379557847;4,265684863867136;15,505083082701788;889,5148662186311;0,0013482839867290431
88,58333333333333;679,9999999997783;679,8320585135883;619,8445685501515;0,6611323876219485;0,5612386379557847;4,2319777643513135;15,382595800557338;889,5200469862036;0,0013376243901062398
88,66666666666667;679,9999999997841;679,8333855627444;619,9869415412014;0,6611323876219485;0,5612386379557847;4,198537154749715;15,26107639488623;889,5251870317146;0,001327049156065594
88,75;679,9999999997898;679,83470212036;620,1289769604222;0,6611323876219485;0,5612386379557847;4,165360925992445;15,140517213752442;889,5302866737289;0,001316557615572404
88,83333333333333;679,9999999997954;679,836008269465;620,2706755578384;0,6611323876219485;0,5612386379557847;4,132446985744309;15,020910665805461;889,5353462283425;0,0013061491049216893
88,91666666666667;679,9999999998008;679,8373040924307;620,4120380822509;0,6611323876219485;0,5612386379557847;4,099793258259865;14,902249219758112;889,540366009202;0,0012958229656917745
89,0;679,9999999998059;679,8385896709755;620,5530652812351;0,6611323876219485;0,5612386379557847;4,067397684252683;14,784525403922082;889,5453463275234;0,0012855785447027886
89,08333333333333;679,999999999811;679,8398650861694;620,6937579011411;0,6611323876219485;0,5612386379557847;4,0352582207617615;14,667731805711394;889,5502874921099;0,001275415193972807
89,16666666666667;679,999999999816;679,8411304184401;620,8341166870921;0,6611323876219485;0,5612386379557847;4,003372841040687;14,55186107126761;889,5551898093706;0,0012653322706838528
89,25;679,999999999821;679,8423857475773;620,974142382984;0,6611323876219485;0,5612386379557847;3,9717395343984663;14,436905904857595;889,5600535833398;0,001255329137129108
89,33333333333333;679,9999999998256;679,843631152738;621,113835731485;0,6611323876219485;0,5612386379557847;3,9403563060915303;14,322859068508333;889,5648791156932;0,0012454051606797954
89,41666666666667;679,9999999998303;679,8448667124518;621,2531974740339;0,6611323876219485;0,5612386379557847;3,9092211771901475;14,20971338149759;889,5696667057667;0,0012355597137404994
89,5;679,9999999998347;679,8460925046255;621,3922283508404;0,6611323876219485;0,5612386379557847;3,8783321844618968;14,097461719969509;889,5744166505746;0,0012257921737141787
89,58333333333333;679,999999999839;679,8473086065485;621,5309291008837;0,6611323876219485;0,5612386379557847;3,8476873802295586;13,986097016390035;889,5791292448262;0,0012161019229545299
89,66666666666667;679,9999999998432;679,8485150948973;621,6693004619123;0,6611323876219485;0,5612386379557847;3,8172848322631125;13,875612259175323;889,583804780945;0,0012064883487324805
89,75;679,9999999998473;679,8497120457405;621,8073431704429;0,6611323876219485;0,5612386379557847;3,7871226236489974;13,766000492204824;889,5884435490844;0,0011969508431932876
89,83333333333333;679,9999999998514;679,8508995345438;621,9450579617603;0,6611323876219485;0,5612386379557847;3,75719885267074;13,657254814414458;889,5930458371463;0,0011874888033198785
89,91666666666667;679,9999999998554;679,8520776361747;622,0824455699163;0,6611323876219485;0,5612386379557847;3,727511632689584;13,549368379338526;889,597611930797;0,0011781016308927126
90,0;679,9999999998591;679,8532464249072;622,2195067277293;0,6611323876219485;0,5612386379557847;3,6980590920165923;13,442334394670855;889,6021421134858;0,001168788732450382
90,08333333333333;679,9999999998628;679,8544059744264;622,3562421667834;0,6611323876219485;0,5612386379557847;3,66883937379896;13,336146121845145;889,6066366664606;0,0011595495192525068
90,16666666666667;679,9999999998664;679,8555563578336;622,4926526174287;0,6611323876219485;0,5612386379557847;3,63985063590917;13,230796875621746;889,6110958687852;0,0011503834072432702
90,25;679,9999999998699;679,8566976476507;622,6287388087796;0,6611323876219485;0,5612386379557847;3,6110910508199368;13,126280023661598;889,615519997356;0,0011412898170131234
90,33333333333333;679,9999999998734;679,8578299158244;622,7645014687154;0,6611323876219485;0,5612386379557847;3,5825588054819946;13,022588986071353;889,619909326919;0,0011322681737587288
90,41666666666667;679,9999999998766;679,8589532337317;622,8999413238787;0,6611323876219485;0,5612386379557847;3,5542521012246198;12,919717235044605;889,6242641300847;0,0011233179072510215
90,5;679,99999999988;679,8600676721834;623,0350590996757;0,6611323876219485;0,5612386379557847;3,526169153624892;12,817658294387774;889,6285846773465;0,0011144384517932809
90,58333333333333;679,9999999998831;679,8611733014296;623,1698555202754;0,6611323876219485;0,5612386379557847;3,4983081924139015;12,716405739190177;889,6328712370945;0,0011056292461915662
90,66666666666667;679,9999999998862;679,8622701911634;623,3043313086093;0,6611323876219485;0,5612386379557847;3,4706674613374844;12,615953195311473;889,6371240756346;0,001096889733709609
90,75;679,9999999998892;679,8633584105254;623,4384871863708;0,6611323876219485;0,5612386379557847;3,443245218070956;12,516294339083753;889,6413434572012;0,0010882193620420362
90,83333333333333;679,9999999998921;679,8644380281087;623,5723238740147;0,6611323876219485;0,5612386379557847;3,4160397340940563;12,417422896853463;889,6455296439751;0,0010796175832739644
90,91666666666667;679,999999999895;679,8655091119625;623,7058420907572;0,6611323876219485;0,5612386379557847;3,3890492945857886;12,31933264459378;889,649682896099;0,0010710838538467693
91,0;679,9999999998977;679,866571729597;623,839042554575;0,6611323876219485;0,5612386379557847;3,362272198310734;12,222017407513823;889,653803471692;0,0010626176345230674
91,08333333333333;679,9999999999004;679,8676259479873;623,9719259822053;0,6611323876219485;0,5612386379557847;3,335706757516732;12,12547105967422;889,6578916268663;0,0010542183903529132
91,16666666666667;679,999999999903;679,868671833578;624,1044930891453;0,6611323876219485;0,5612386379557847;3,309351297826879;12,029687523609136;889,6619476157424;0,0010458855906400617
91,25;679,9999999999055;679,8697094522869;624,2367445896518;0,6611323876219485;0,5612386379557847;3,283204158125841;11,934660769890591;889,6659716904637;0,0010376187089039186
91,33333333333333;679,999999999908;679,8707388695098;624,3686811967412;0,6611323876219485;0,5612386379557847;3,2572636904660612;11,840384816820954;889,6699641012117;0,0010294172228515932
91,41666666666667;679,9999999999104;679,8717601501241;624,5003036221888;0,6611323876219485;0,5612386379557847;3,2315282599569173;11,746853730019692;889,6739250962219;0,0010212806143415902
91,5;679,9999999999128;679,8727733584935;624,6316125765284;0,6611323876219485;0,5612386379557847;3,205996244656717;11,65406162202296;889,6778549217979;0,001013208369348579
91,58333333333333;679,9999999999152;679,8737785584715;624,7626087690528;0,6611323876219485;0,5612386379557847;3,1806660354817495;11,562002651972863;889,6817538223261;0,0010051999779354505
91,66666666666667;679,9999999999173;679,8747758134057;624,8932929078128;0,6611323876219485;0,5612386379557847;3,155536036092599;11,470671025197822;889,6856220402909;0,0009972549342164019
91,75;679,9999999999195;679,875765186142;625,0236656996173;0,6611323876219485;0,5612386379557847;3,130604662791825;11,380060992831368;889,6894598162894;0,0009893727363234337
91,83333333333333;679,9999999999217;679,8767467390284;625,1537278500329;0,6611323876219485;0,5612386379557847;3,1058703444386992;11,290166851530241;889,6932673890453;0,0009815528863807844
91,91666666666667;679,9999999999237;679,8777205339188;625,2834800633839;0,6611323876219485;0,5612386379557847;3,0813315223326754;11,200982943041941;889,697044995424;0,0009737948904669748
92,0;679,9999999999256;679,8786866321774;625,4129230427519;0,6611323876219485;0,5612386379557847;3,0569866501224396;11,112503653852354;889,700792870446;0,0009660982585840711
92,08333333333333;679,9999999999277;679,879645094682;625,542057489976;0,6611323876219485;0,5612386379557847;3,032834193706435;11,024723414871817;889,7045112473013;0,00095846250462899
92,16666666666667;679,9999999999296;679,8805959818284;625,670884105652;0,6611323876219485;0,5612386379557847;3,0088726311419123;10,937636701063532;889,7082003573644;0,0009508871463614638
92,25;679,9999999999314;679,8815393535338;625,799403589133;0,6611323876219485;0,5612386379557847;2,985100452531242;10,851238031065561;889,7118604302066;0,0009433717053700274
92,33333333333333;679,9999999999333;679,8824752692408;625,9276166385288;0,6611323876219485;0,5612386379557847;2,9615161599423345;10,765521966873699;889,7154916936114;0,0009359157070444868
92,41666666666667;679,999999999935;679,8834037879213;626,0555239507058;0,6611323876219485;0,5612386379557847;2,9381182673120065;10,680483113527536;889,719094373587;0,0009285186805474532
92,5;679,9999999999367;679,8843249680801;626,1831262212874;0,6611323876219485;0,5612386379557847;2,91490530034082;10,59611611869082;889,7226686943811;0,0009211801587780907
92,58333333333333;679,9999999999384;679,8852388677585;626,3104241446531;0,6611323876219485;0,5612386379557847;2,891875796413501;10,512415672398383;889,7262148784935;0,0009138996783489798
92,66666666666667;679,99999999994;679,8861455445381;626,4374184139392;0,6611323876219485;0,5612386379557847;2,8690283044966236;10,429376506655725;889,7297331466897;0,0009066767795513861
92,75;679,9999999999416;679,8870450555444;626,5641097210384;0,6611323876219485;0,5612386379557847;2,8463613850476577;10,346993395141102;889,7332237180145;0,0008995110063283023
92,83333333333333;679,9999999999432;679,8879374574507;626,6904987565999;0,6611323876219485;0,5612386379557847;2,8238736099297057;10,265261152872363;889,7366868098054;0,0008924019062454814
92,91666666666667;679,9999999999446;679,8888228064811;626,8165862100293;0,6611323876219485;0,5612386379557847;2,801563562312026;10,184174635864201;889,7401226377056;0,0008853490304608531
93,0;679,9999999999461;679,8897011584148;626,9423727694885;0,6611323876219485;0,5612386379557847;2,7794298365876102;10,103728740814216;889,743531415676;0,000878351933697078
93,08333333333333;679,9999999999475;679,890572568589;627,067859121896;0,6611323876219485;0,5612386379557847;2,757471038282233;10,023918404792186;889,7469133560098;0,0008714101742137404
93,16666666666667;679,9999999999488;679,8914370919028;627,1930459529268;0,6611323876219485;0,5612386379557847;2,735685783960662;9,944738604884497;889,7502686693449;0,000864523313776301
93,25;679,9999999999502;679,8922947828205;627,3179339470122;0,6611323876219485;0,5612386379557847;2,7140727011499166;9,866184357925057;889,7535975646755;0,000857690917632114
93,33333333333333;679,9999999999515;679,893145695375;627,4425237873404;0,6611323876219485;0,5612386379557847;2,692630428242637;9,788250720146124;889,756900249366;0,0008509125544796323
93,41666666666667;679,9999999999528;679,8939898831715;627,5668161558561;0,6611323876219485;0,5612386379557847;2,671357614411818;9,710932786870783;889,7601769291632;0,0008441877964412383
93,5;679,9999999999541;679,8948273993905;627,690811733261;0,6611323876219485;0,5612386379557847;2,6502529195340685;9,634225692231055;889,7634278082086;0,0008375162190384031
93,58333333333333;679,9999999999552;679,8956582967917;627,8145111990133;0,6611323876219485;0,5612386379557847;2,629315014090139;9,558124608805912;889,7666530890506;0,0008308974011598481
93,66666666666667;679,9999999999565;679,8964826277168;627,9379152313286;0,6611323876219485;0,5612386379557847;2,60854257908818;9,482624747352183;889,7698529726579;0,0008243309250375896
93,75;679,9999999999576;679,8973004440929;628,0610245071794;0,6611323876219485;0,5612386379557847;2,5879343059926896;9,407721356551505;889,7730276584299;0,0008178163762244767
93,83333333333333;679,9999999999586;679,8981117974365;628,1838397022955;0,6611323876219485;0,5612386379557847;2,56748889661651;9,33340972259387;889,7761773442098;0,0008113533435580713
93,91666666666667;679,9999999999598;679,8989167388556;628,3063614911644;0,6611323876219485;0,5612386379557847;2,5472050630526155;9,259685168963005;889,7793022262974;0,0008049414191410074
94,0;679,9999999999608;679,8997153190539;628,428590547031;0,6611323876219485;0,5612386379557847;2,527081527603059;9,186543056160879;889,7824024994592;0,0007985801983170154
94,08333333333333;679,9999999999619;679,9005075883335;628,5505275418983;0,6611323876219485;0,5612386379557847;2,5071170226709683;9,113978781320096;889,7854783569416;0,0007922692796367862
94,16666666666667;679,9999999999628;679,9012935965984;628,6721731465271;0,6611323876219485;0,5612386379557847;2,487310290709388;9,041987778027707;889,788529990482;0,0007860082648421308
94,25;679,9999999999638;679,9020733933572;628,7935280304367;0,6611323876219485;0,5612386379557847;2,4676600841104346;8,970565515895958;889,791557590321;0,0007797967588288241
94,33333333333333;679,9999999999649;679,9028470277269;628,9145928619048;0,6611323876219485;0,5612386379557847;2,4481651651655056;8,899707500462986;889,794561345213;0,0007736343696367927
94,41666666666667;679,9999999999657;679,9036145484354;629,0353683079679;0,6611323876219485;0,5612386379557847;2,4288243059487513;8,829409272734736;889,797541442439;0,0007675207084106139
94,5;679,9999999999667;679,9043760038247;629,1558550344216;0,6611323876219485;0,5612386379557847;2,4096362882573885;8,759666408983149;889,8004980678163;0,0007614553893813711
94,58333333333333;679,9999999999675;679,9051314418546;629,2760537058207;0,6611323876219485;0,5612386379557847;2,390599903549173;8,69047452051872;889,8034314057111;0,0007554380298465683
94,66666666666667;679,9999999999684;679,9058809101047;629,3959649854797;0,6611323876219485;0,5612386379557847;2,371713952823029;8,621829253258039;889,80634163905;0,0007494682501322005
94,75;679,9999999999692;679,9066244557782;629,5155895354732;0,6611323876219485;0,5612386379557847;2,3529772465934684;8,553726287634106;889,8092289493295;0,0007435456735845906
94,83333333333333;679,99999999997;679,9073621257047;629,6349280166356;0,6611323876219485;0,5612386379557847;2,3343886047740625;8,486161338163864;889,8120935166288;0,0007376699265326616
94,91666666666667;679,9999999999708;679,908093966343;629,7539810885625;0,6611323876219485;0,5612386379557847;2,3159468566319674;8,419130153304057;889,8149355196194;0,0007318406382747156
95,0;679,9999999999716;679,9088200237841;629,8727494096098;0,6611323876219485;0,5612386379557847;2,297650840694132;8,352628515086034;889,8177551355773;0,0007260574410468506
95,08333333333333;679,9999999999723;679,9095403437541;629,9912336368952;0,6611323876219485;0,5612386379557847;2,2794994046876127;8,286652238926761;889,8205525403919;0,0007203199700057229
95,16666666666667;679,999999999973;679,9102549716173;630,1094344262979;0,6611323876219485;0,5612386379557847;2,261491405454308;8,221197173292456;889,8233279085789;0,0007146278631995197
95,25;679,9999999999737;679,9109639523789;630,2273524324589;0,6611323876219485;0,5612386379557847;2,2436257088941147;8,156259199516004;889,8260814132892;0,0007089807615513614
95,33333333333333;679,9999999999744;679,9116673306877;630,3449883087821;0,6611323876219485;0,5612386379557847;2,225901189871138;8,091834231447784;889,8288132263208;0,0007033783088288285
95,41666666666667;679,9999999999751;679,9123651508394;630,462342707434;0,6611323876219485;0,5612386379557847;2,208316732168214;8,027918215292303;889,8315235181276;0,0006978201516294578
95,5;679,9999999999758;679,9130574567787;630,5794162793445;0,6611323876219485;0,5612386379557847;2,190871228393121;7,964507129259015;889,8342124578322;0,0006923059393502775
95,58333333333333;679,9999999999764;679,9137442921028;630,6962096742072;0,6611323876219485;0,5612386379557847;2,1735635799274178;7,90159698340217;889,8368802132334;0,0006868353241731427
95,66666666666667;679,999999999977;679,9144257000638;630,81272354048;0,6611323876219485;0,5612386379557847;2,1563926968383385;7,839183819274833;889,8395269508187;0,0006814079610348864
95,75;679,9999999999776;679,9151017235714;630,9289585253853;0,6611323876219485;0,5612386379557847;2,139357497830474;7,7772637097687225;889,8421528357736;0,0006760235076128545
95,83333333333333;679,9999999999783;679,9157724051958;631,0449152749106;0,6611323876219485;0,5612386379557847;2,122456910154824;7,715832758777857;889,8447580319915;0,000670681624295528
95,91666666666667;679,9999999999789;679,9164377871699;631,1605944338095;0,6611323876219485;0,5612386379557847;2,105689869563321;7,654887101044789;889,8473427020842;0,0006653819741686967
96,0;679,9999999999793;679,917097911393;631,2759966456011;0,6611323876219485;0,5612386379557847;2,089055320223565;7,594422901837065;889,8499070073906;0,0006601242229873492
96,08333333333333;679,9999999999799;679,917752819432;631,3911225525716;0,6611323876219485;0,5612386379557847;2,07255221465914;7,534436356745414;889,8524511079886;0,0006549080391576098
96,16666666666667;679,9999999999804;679,9184025525258;631,5059727957741;0,6611323876219485;0,5612386379557847;2,0561795136956107;7,474923691475528;889,8549751627028;0,0006497330937186306
96,25;679,9999999999809;679,9190471515861;631,6205480150297;0,6611323876219485;0,5612386379557847;2,039936186366731;7,415881161524516;889,857479329116;0,0006445990603139106
96,33333333333333;679,9999999999815;679,9196866572013;631,7348488489275;0,6611323876219485;0,5612386379557847;2,02382120986897;7,357305051985506;889,8599637635779;0,0006395056151746504
96,41666666666667;679,9999999999819;679,9203211096384;631,8488759348257;0,6611323876219485;0,5612386379557847;2,007833569504669;7,299191677387469;889,8624286212137;0,0006344524371047369
96,5;679,9999999999824;679,9209505488459;631,9626299088517;0,6611323876219485;0,5612386379557847;1,9919722585882482;7,2415373813140205;889,8648740559358;0,0006294392074481418
96,58333333333333;679,9999999999828;679,9215750144559;632,0761114059029;0,6611323876219485;0,5612386379557847;1,9762362784121024;7,184338536304114;889,8673002204521;0,0006244656100796137
96,66666666666667;679,9999999999833;679,9221945457873;632,1893210596475;0,6611323876219485;0,5612386379557847;1,9606246381727033;7,127591543576553;889,869707266274;0,0006195313313806494
96,75;679,9999999999837;679,9228091818475;632,3022595025246;0,6611323876219485;0,5612386379557847;1,945136354899546;7,071292832767311;889,8720953437282;0,0006146360602165318
96,83333333333333;679,9999999999842;679,9234189613354;632,4149273657456;0,6611323876219485;0,5612386379557847;1,9297704534068316;7,015438861766161;889,8744646019641;0,000609779487921698
96,91666666666667;679,9999999999847;679,9240239226436;632,5273252792939;0,6611323876219485;0,5612386379557847;1,9145259662195713;6,960026116441184;889,876815188964;0,0006049613082757165
97,0;679,999999999985;679,9246241038611;632,6394538719263;0,6611323876219485;0,5612386379557847;1,8994019335252688;6,905051110465787;889,8791472515506;0,0006001812174880044
97,08333333333333;679,9999999999854;679,9252195427753;632,7513137711734;0,6611323876219485;0,5612386379557847;1,8843974030971822;6,85051038504001;889,8814609353984;0,0005954389141734014
97,16666666666667;679,9999999999858;679,9258102768746;632,86290560334;0,6611323876219485;0,5612386379557847;1,8695114302545335;6,796400508749576;889,8837563850402;0,0005907340993396578
97,25;679,9999999999861;679,9263963433509;632,9742299935062;0,6611323876219485;0,5612386379557847;1,8547430777800855;6,742718077261569;889,8860337438775;0,000586066476360879
97,33333333333333;679,9999999999865;679,9269777791019;633,085287565528;0,6611323876219485;0,5612386379557847;1,8400914158803516;6,689459713189895;889,8882931541884;0,0005814357509654571
97,41666666666667;679,9999999999869;679,9275546207331;633,1960789420377;0,6611323876219485;0,5612386379557847;1,8255555221145414;6,6366220658197905;889,8905347571374;0,0005768416312122619
97,5;679,9999999999873;679,9281269045606;633,3066047444452;0,6611323876219485;0,5612386379557847;1,8111344813462438;6,5842018109572615;889,8927586927825;0,0005722838274769044
97,58333333333333;679,9999999999875;679,9286946666131;633,4168655929379;0,6611323876219485;0,5612386379557847;1,7968273856666883;6,532195650634376;889,8949651000855;0,0005677620524262379
97,66666666666667;679,999999999988;679,9292579426341;633,5268621064823;0,6611323876219485;0,5612386379557847;1,7826333343606393;6,480600312987533;889,8971541169191;0,0005632760210075592
97,75;679,9999999999882;679,9298167680845;633,6365949028242;0,6611323876219485;0,5612386379557847;1,76855143384671;6,4294125520428365;889,8993258800758;0,0005588254504297376
97,83333333333333;679,9999999999885;679,9303711781446;633,7460645984894;0,6611323876219485;0,5612386379557847;1,754580797592098;6,37862914741498;889,9014805252771;0,000554410060136706
97,91666666666667;679,9999999999887;679,9309212077164;633,8552718087851;0,6611323876219485;0,5612386379557847;1,7407205460983732;6,328246904239973;889,9036181871804;0,0005500295718017406
98,0;679,9999999999891;679,9314668914258;633,9642171477999;0,6611323876219485;0,5612386379557847;1,7269698068076877;6,278262652845195;889,9057389993891;0,0005456837092984097
98,08333333333333;679,9999999999894;679,9320082636244;634,0729012284052;0,6611323876219485;0,5612386379557847;1,7133277140828795;6,228673248688529;889,9078430944584;0,0005413721986949079
98,16666666666667;679,9999999999897;679,9325453583926;634,1813246622554;0,6611323876219485;0,5612386379557847;1,69979340912505;6,179475572025213;889,9099306039053;0,0005370947682255688
98,25;679,99999999999;679,9330782095409;634,2894880597895;0,6611323876219485;0,5612386379557847;1,6863660399252467;6,130666527782906;889,9120016582166;0,000532851148278897
98,33333333333333;679,9999999999902;679,9336068506123;634,3973920302312;0,6611323876219485;0,5612386379557847;1,6730447612275157;6,082243045369486;889,9140563868557;0,0005286410713817946
98,41666666666667;679,9999999999905;679,9341313148844;634,5050371815901;0,6611323876219485;0,5612386379557847;1,65982873444932;6,034202078442408;889,9160949182719;0,0005244642721782623
98,5;679,9999999999907;679,9346516353719;634,6124241206622;0,6611323876219485;0,5612386379557847;1,6467171276502768;5,98654060474853;889,9181173799075;0,0005203204874162002
98,58333333333333;679,999999999991;679,9351678448278;634,7195534530315;0,6611323876219485;0,5612386379557847;1,6337091154696282;5,93925562593192;889,9201238982057;0,0005162094559298968
98,66666666666667;679,9999999999912;679,9356799757464;634,8264257830699;0,6611323876219485;0,5612386379557847;1,6208038790807677;5,89234416733844;889,9221145986181;0,0005121309186234655
98,75;679,9999999999915;679,9361880603649;634,9330417139389;0,6611323876219485;0,5612386379557847;1,6080006061201857;5,845803277785106;889,924089605614;0,0005080846184501339
98,83333333333333;679,9999999999917;679,9366921306653;635,0394018475898;0,6611323876219485;0,5612386379557847;1,5952984906647316;5,799630029463991;889,9260490426855;0,0005040703004040062
98,91666666666667;679,9999999999918;679,9371922183768;635,1455067847651;0,6611323876219485;0,5612386379557847;1,5826967331605601;5,753821517695559;889,9279930323572;0,000500087711498265
99,0;679,999999999992;679,9376883549776;635,2513571249991;0,6611323876219485;0,5612386379557847;1,570194540374814;5,7083748607236515;889,9299216961933;0,0004961366007477687
99,08333333333333;679,9999999999923;679,9381805716968;635,3569534666191;0,6611323876219485;0,5612386379557847;1,5577911253615184;5,663287199638606;889,9318351548037;0,0004922167191613515
99,16666666666667;679,9999999999925;679,9386688995165;635,462296406746;0,6611323876219485;0,5612386379557847;1,5454857073876838;5,618555698063324;889,9337335278534;0,0004883278197152554
99,25;679,9999999999927;679,9391533691738;635,5673865412953;0,6611323876219485;0,5612386379557847;1,5332775118992004;5,574177542069986;889,9356169340688;0,0004844696573449987
99,33333333333333;679,9999999999928;679,9396340111628;635,6722244649783;0,6611323876219485;0,5612386379557847;1,5211657704725212;5,530149939971828;889,9374854912444;0,00048064198892776175
99,41666666666667;679,9999999999931;679,9401108557361;635,7768107713027;0,6611323876219485;0,5612386379557847;1,5091497207521343;5,486470122111721;889,939339316252;0,0004768445732635869
99,5;679,9999999999933;679,9405839329071;635,881146052574;0,6611323876219485;0,5612386379557847;1,497228606424983;5,443135340778884;889,9411785250462;0,00047307717106783505
99,58333333333333;679,9999999999934;679,941053272452;635,9852308998957;0,6611323876219485;0,5612386379557847;1,485401677155096;5,400142869946203;889,9430032326713;0,0004693395449487025
99,66666666666667;679,9999999999936;679,9415189039114;636,0890659031712;0,6611323876219485;0,5612386379557847;1,473668188535271;5,357490005116473;889,9448135532705;0,0004656314593933261
99,75;679,9999999999937;679,9419808565922;636,1926516511043;0,6611323876219485;0,5612386379557847;1,46202740205581;5,315174063213481;889,9466096000907;0,00046195268075811076
99,83333333333333;679,999999999994;679,9424391595694;636,2959887311999;0,6611323876219485;0,5612386379557847;1,45047858503915;5,273192382316128;889,9483914854906;0,0004583029772460343
99,91666666666667;679,9999999999941;679,9428938416883;636,3990777297658;0,6611323876219485;0,5612386379557847;1,4390210106142831;5,231542321591152;889,9501593209469;0,0004546821189002041
100,0;679,9999999999943;679,9433449315659;636,501919231913;0,6611323876219485;0,5612386379557847;1,4276539576457026;5,1902212610336615;889,9519132170623;0,0004510898775812142
100,08333333333333;679,9999999999944;679,9437924575928;636,604513821557;0,6611323876219485;0,5612386379557847;1,416376710710665;5,149226601371031;889,9536532835716;0,0004475260269589346
100,16666666666667;679,9999999999945;679,9442364479354;636,706862081419;0,6611323876219485;0,5612386379557847;1,4051885600395053;5,1085557638578845;889,9553796293478;0,00044399034249436003
100,25;679,9999999999948;679,9446769305368;636,8089645930264;0,6611323876219485;0,5612386379557847;1,3940888014786879;5,068206190144756;889,9570923624105;0,00044048260142803044
100,33333333333333;679,9999999999949;679,9451139331196;636,9108219367146;0,6611323876219485;0,5612386379557847;1,3830767364481744;5,028175342101908;889,9587915899308;0,0004370025827650116
100,41666666666667;679,999999999995;679,9455474831868;637,0124346916274;0,6611323876219485;0,5612386379557847;1,3721516718817384;4,988460701636732;889,960477418239;0,0004335500672582757
100,5;679,9999999999951;679,9459776080242;637,1138034357184;0,6611323876219485;0,5612386379557847;1,3613129202042273;4,949059770584841;889,9621499528307;0,00043012483739962625
100,58333333333333;679,9999999999952;679,9464043347016;637,2149287457521;0,6611323876219485;0,5612386379557847;1,3505597992718776;4,909970070505049;889,9638092983741;0,00042672667740155395
100,66666666666667;679,9999999999953;679,9468276900748;637,3158111973047;0,6611323876219485;0,5612386379557847;1,3398916323410504;4,871189142554439;889,9654555587149;0,0004233553731864916
100,75;679,9999999999955;679,9472477007871;637,4164513647654;0,6611323876219485;0,5612386379557847;1,3293077480142301;4,83271454731218;889,9670888368847;0,00042001071237102617
100,83333333333333;679,9999999999956;679,9476643932713;637,5168498213376;0,6611323876219485;0,5612386379557847;1,3188074802087613;4,794543864648184;889,9687092351053;0,0004166924842547196
100,91666666666667;679,9999999999958;679,9480777937512;637,6170071390397;0,6611323876219485;0,5612386379557847;1,3083901681056886;4,756674693553332;889,9703168547965;0,0004134004798049549
101,0;679,9999999999958;679,9484879282428;637,7169238887067;0,6611323876219485;0,5612386379557847;1,2980551561156517;4,719104651992118;889,9719117965819;0,0004101344916444742
101,08333333333333;679,999999999996;679,9488948225568;637,8166006399906;0,6611323876219485;0,5612386379557847;1,2878017938248831;4,681831376736066;889,9734941602949;0,0004068943140362526
101,16666666666667;679,999999999996;679,9492985022997;637,9160379613622;0,6611323876219485;0,5612386379557847;1,277629435980998;4,644852523290063;889,975064044985;0,0004036797428774172
101,25;679,9999999999961;679,9496989928754;638,0152364201119;0,6611323876219485;0,5612386379557847;1,267537442407729;4,608165765600844;889,9766215489244;0,00040049057567347713
101,33333333333333;679,9999999999962;679,9500963194869;638,114196582351;0,6611323876219485;0,5612386379557847;1,2575251780191365;4,571768796085825;889,9781667696132;0,00039732661154117033
101,41666666666667;679,9999999999964;679,950490507138;638,2129190130128;0,6611323876219485;0,5612386379557847;1,2475920127343443;4,535659325338394;889,9796998037856;0,00039418765118247773
101,5;679,9999999999965;679,9508815806349;638,3114042758535;0,6611323876219485;0,5612386379557847;1,2377373214576437;4,499835082067042;889,9812207474172;0,0003910734968790337
101,58333333333333;679,9999999999966;679,9512695645874;638,409652933454;0,6611323876219485;0,5612386379557847;1,2279604840387037;4,464293812922385;889,9827296957288;0,0003879839524775411
101,66666666666667;679,9999999999966;679,9516544834107;638,5076655472205;0,6611323876219485;0,5612386379557847;1,2182608852299381;4,42903328237223;889,9842267431939;0,00038491882337826703
101,75;679,9999999999967;679,9520363613273;638,6054426773858;0,6611323876219485;0,5612386379557847;1,2086379146467152;4,394051272528594;889,9857119835438;0,00038187791652045987
101,83333333333333;679,9999999999968;679,9524152223677;638,7029848830107;0,6611323876219485;0,5612386379557847;1,1990909667360938;4,35934558306121;889,9871855097739;0,0003788610403742435
101,91666666666667;679,9999999999969;679,9527910903726;638,8002927219849;0,6611323876219485;0,5612386379557847;1,1896194407285066;4,324914031005329;889,9886474141488;0,00037586800492414547
102,0;679,999999999997;679,9531639889942;638,8973667510286;0,6611323876219485;0,5612386379557847;1,180222740609338;4,29075445066241;889,9900977882082;0,0003728986216603144
102,08333333333333;679,999999999997;679,9535339416977;638,9942075256934;0,6611323876219485;0,5612386379557847;1,1709002750706077;4,256864693430346;889,9915367227733;0,0003699527035635781
102,16666666666667;679,9999999999972;679,9539009717629;639,0908156003635;0,6611323876219485;0,5612386379557847;1,1616514574825487;4,223242627694544;889,9929643079513;0,00036703006509600895
102,25;679,9999999999973;679,954265102285;639,1871915282572;0,6611323876219485;0,5612386379557847;1,1524757058566593;4,189886138690183;889,9943806331421;0,0003641305221889429
102,33333333333333;679,9999999999973;679,9546263561773;639,2833358614281;0,6611323876219485;0,5612386379557847;1,1433724428059122;4,1567931283676725;889,9957857870422;0,0003612538922310256
102,41666666666667;679,9999999999974;679,9549847561714;639,3792491507659;0,6611323876219485;0,5612386379557847;1,1343410954992805;4,123961515219667;889,9971798576526;0,00035839999405325043
102,5;679,9999999999974;679,9553403248193;639,474931945998;0,6611323876219485;0,5612386379557847;1,1253810956503685;4,091389234249037;889,9985629322817;0,00035556864792593085
102,58333333333333;679,9999999999975;679,9556930844949;639,5703847956911;0,6611323876219485;0,5612386379557847;1,1164918794520418;4,0590742367222035;889,9999350975525;0,00035275967553736386
102,66666666666667;679,9999999999976;679,9560430573949;639,6656082472516;0,6611323876219485;0,5612386379557847;1,1076728875650588;4,027014490130701;890,0012964394073;0,0003499728999903668
102,75;679,9999999999976;679,9563902655407;639,7606028469278;0,6611323876219485;0,5612386379557847;1,0989235650669116;3,995207978011786;890,0026470431128;0,000347208145786497
102,83333333333333;679,9999999999976;679,9567347307795;639,8553691398104;0,6611323876219485;0,5612386379557847;1,0902433614234042;3,9636526998299155;890,0039869932655;0,0003444652388159707
102,91666666666667;679,9999999999977;679,9570764747859;639,9499076698343;0,6611323876219485;0,5612386379557847;1,0816317304517042;3,932346670861421;890,0053163737978;0,00034174400634721876
103,0;679,9999999999978;679,9574155190629;640,0442189797797;0,6611323876219485;0,5612386379557847;1,0730881302947637;3,901287922088801;890,006635267982;0,00033904427701787586
103,08333333333333;679,9999999999978;679,9577518849437;640,1383036112734;0,6611323876219485;0,5612386379557847;1,0646120233730016;3,8704745000341414;890,0079437584357;0,00033636588082006997
103,16666666666667;679,999999999998;679,9580855935928;640,2321621047901;0,6611323876219485;0,5612386379557847;1,0562028763530407;3,839904466634188;890,0092419271275;0,000333708649089715
103,25;679,999999999998;679,9584166660073;640,3257949996537;0,6611323876219485;0,5612386379557847;1,0478601601278115;3,8095758991858846;890,0105298553821;0,0003310724145013827
103,33333333333333;679,9999999999981;679,9587451230184;640,4192028340387;0,6611323876219485;0,5612386379557847;1,039583349765394;3,779486890141361;890,0118076238841;0,0003284570110507819
103,41666666666667;679,9999999999981;679,9590709852924;640,5123861449715;0,6611323876219485;0,5612386379557847;1,031371924491964;3,7496355470566756;890,0130753126846;0,0003258622740500446
103,5;679,9999999999981;679,9593942733326;640,6053454683316;0,6611323876219485;0,5612386379557847;1,0232253676406344;3,720019992402818;890,0143330012049;0,000323288040111299
103,58333333333333;679,9999999999982;679,9597150074798;640,6980813388531;0,6611323876219485;0,5612386379557847;1,0151431666372446;3,690638363520861;890,0155807682428;0,0003207341471425871
103,66666666666667;679,9999999999983;679,9600332079141;640,7905942901258;0,6611323876219485;0,5612386379557847;1,0071248129605692;3,6614888124714016;890,0168186919756;0,0003182004343348352
103,75;679,9999999999983;679,9603488946562;640,8828848545969;0,6611323876219485;0,5612386379557847;0,9991698021053708;3,632569505893614;890,0180468499665;0,000315686742149674
103,83333333333333;679,9999999999983;679,9606620875686;640,9749535635722;0,6611323876219485;0,5612386379557847;0,9912776335511353;3,6038786249123484;890,019265319169;0,0003131929123109208
103,91666666666667;679,9999999999984;679,9609728063564;641,0668009472172;0,6611323876219485;0,5612386379557847;0,9834478107421774;3,575414365042033;890,0204741759316;0,00031071878779662056
104,0;679,9999999999984;679,9612810705692;641,1584275345589;0,6611323876219485;0,5612386379557847;0,9756798410506917;3,5471749360713503;890,0216734960018;0,00030826421282861496
104,08333333333333;679,9999999999984;679,961586899602;641,2498338534868;0,6611323876219485;0,5612386379557847;0,9679732357312787;3,5191585618870516;890,0228633545324;0,0003058290328573827
104,16666666666667;679,9999999999984;679,9618903126966;641,3410204307547;0,6611323876219485;0,5612386379557847;0,9603275099095754;3,491363480435518;890,0240438260853;0,0003034130945585934
104,25;679,9999999999985;679,9621913289424;641,4319877919817;0,6611323876219485;0,5612386379557847;0,9527421825453075;3,463787943597825;890,0252149846355;0,0003010162458220248
104,33333333333333;679,9999999999985;679,9624899672781;641,5227364616534;0,6611323876219485;0,5612386379557847;0,9452167764038677;3,436430217064816;890,0263769035762;0,0002986383357410607
104,41666666666667;679,9999999999986;679,9627862464927;641,613266963124;0,6611323876219485;0,5612386379557847;0,9377508180108407;3,4092885801961486;890,0275296557243;0,00029627921459993617
104,5;679,9999999999986;679,9630801852265;641,7035798186173;0,6611323876219485;0,5612386379557847;0,9303438376491613;3,3823613260010776;890,0286733133232;0,0002939387338721866
104,58333333333333;679,9999999999986;679,9633718019727;641,7936755492279;0,6611323876219485;0,5612386379557847;0,9229953693022708;3,355646760914217;890,0298079480488;0,00029161674620144256
104,66666666666667;679,9999999999986;679,9636611150781;641,883554674923;0,6611323876219485;0,5612386379557847;0,9157049506484327;3,3291432048115572;890,0309336310124;0,00028931310540208796
104,75;679,9999999999987;679,9639481427446;641,9732177145434;0,6611323876219485;0,5612386379557847;0,908472123012416;3,302848990805449;890,0320504327675;0,0002870276664419479
104,83333333333333;679,9999999999987;679,96423290303;642,0626651858054;0,6611323876219485;0,5612386379557847;0,9012964313541261;3,2767624652093663;890,0331584233111;0,00028476028543906724
104,91666666666667;679,9999999999989;679,9645154138497;642,1518976053019;0,6611323876219485;0,5612386379557847;0,8941774242174461;3,250881987358517;890,0342576720906;0,0002825108196459534
105,0;679,9999999999989;679,9647956929771;642,2409154885038;0,6611323876219485;0,5612386379557847;0,8871146537302366;3,2252059296130455;890,0353482480064;0,000280279127449751
105,08333333333333;679,9999999999989;679,9650737580454;642,3297193497617;0,6611323876219485;0,5612386379557847;0,8801076755446502;3,1997326771305947;890,0364302194179;0,000278065068352629
105,16666666666667;679,9999999999989;679,9653496265483;642,4183097023072;0,6611323876219485;0,5612386379557847;0,8731560488371315;3,174460627866305;890,0375036541459;0,00027586850297173964
105,25;679,9999999999989;679,9656233158414;642,5066870582542;0,6611323876219485;0,5612386379557847;0,8662593362629423;3,14938819241905;890,0385686194786;0,0002736892930255967
105,33333333333333;679,999999999999;679,9658948431428;642,5948519286006;0,6611323876219485;0,5612386379557847;0,8594171039362664;3,1245137939481538;890,0396251821742;0,0002715273013270031
105,41666666666667;679,999999999999;679,9661642255346;642,6828048232296;0,6611323876219485;0,5612386379557847;0,8526289214046301;3,099835868090097;890,0406734084656;0,0002693823917755899
105,5;679,9999999999991;679,966431479964;642,7705462509113;0,6611323876219485;0,5612386379557847;0,8458943616091119;3,075352862804759;890,0417133640651;0,0002672544293445854
105,58333333333333;679,9999999999991;679,966696623244;642,8580767193039;0,6611323876219485;0,5612386379557847;0,839213000878658;3,051063238362603;890,0427451141672;0,00026514328007951564
105,66666666666667;679,9999999999991;679,9669596720552;642,9453967349555;0,6611323876219485;0,5612386379557847;0,8325844188760811;3,0269654671396604;890,0437687234548;0,0002630488110805118
105,75;679,9999999999991;679,9672206429457;643,0325068033053;0,6611323876219485;0,5612386379557847;0,8260081985980605;3,0030580336271395;890,0447842561009;0,00026097089050292825
105,83333333333333;679,9999999999991;679,9674795523332;643,1194074286855;0,6611323876219485;0,5612386379557847;0,8194839263353515;2,9793394342840704;890,0457917757735;0,00025890938754455015
105,91666666666667;679,9999999999991;679,9677364165057;643,206099114322;0,6611323876219485;0,5612386379557847;0,813011191647206;2,9558081774412055;890,0467913456401;0,00025686417243726346
106,0;679,9999999999992;679,9679912516222;643,2925823623368;0,6611323876219485;0,5612386379557847;0,8065895873357931;2,93246278320812;890,0477830283714;0,0002548351164389442
106,08333333333333;679,9999999999992;679,968244073714;643,3788576737489;0,6611323876219485;0,5612386379557847;0,8002187094263036;2,9093017834059394;890,0487668861444;0,0002528220918274823
106,16666666666667;679,9999999999992;679,9684948986859;643,464925548476;0,6611323876219485;0,5612386379557847;0,7938981571300019;2,8863237214328024;890,0497429806467;0,0002508249718890589
106,25;679,9999999999992;679,9687437423169;643,550786485336;0,6611323876219485;0,5612386379557847;0,7876275328328575;2,8635271522126007;890,050711373081;0,00024884363091384336
106,33333333333333;679,9999999999993;679,968990620261;643,6364409820483;0,6611323876219485;0,5612386379557847;0,7814064420585964;2,8409106420764596;890,0516721241681;0,00024687794418536417
106,41666666666667;679,9999999999993;679,969235548049;643,7218895352357;0,6611323876219485;0,5612386379557847;0,775234493457333;2,8184727687082765;890,0526252941506;0,00024492778797598853
106,5;679,9999999999993;679,9694785410885;643,8071326404258;0,6611323876219485;0,5612386379557847;0,7691112987572524;2,796212120978147;890,053570942798;0,00024299303953224377
106,58333333333333;679,9999999999993;679,9697196146656;643,8921707920522;0,6611323876219485;0,5612386379557847;0,7630364727702954;2,774127298955179;890,0545091294082;0,00024107357707604633
106,66666666666667;679,9999999999993;679,9699587839453;643,9770044834563;0,6611323876219485;0,5612386379557847;0,7570096333438414;2,752216913740915;890,0554399128132;0,00023916927979002363
106,75;679,9999999999993;679,9701960639732;644,0616342068889;0,6611323876219485;0,5612386379557847;0,7510304013493396;2,7304795874180807;890,0563633513817;0,00023728002781321498
106,83333333333333;679,9999999999993;679,9704314696754;644,1460604535116;0,6611323876219485;0,5612386379557847;0,7450984006538874;2,7089139529576833;890,0572795030232;0,00023540570223277237
106,91666666666667;679,9999999999993;679,9706650158605;644,2302837133982;0,6611323876219485;0,5612386379557847;0,739213258097493;2,687518654126119;890,058188425191;0,00023354618507604938
107,0;679,9999999999994;679,9708967172198;644,3143044755366;0,6611323876219485;0,5612386379557847;0,7333746034703381;2,6662923454178955;890,0590901748864;0,00023170135930443656
107,08333333333333;679,9999999999994;679,9711265883286;644,3981232278301;0,6611323876219485;0,5612386379557847;0,7275820694900403;2,645233691949926;890,059984808662;0,000229871108804578
107,16666666666667;679,9999999999994;679,971354643647;644,4817404570988;0,6611323876219485;0,5612386379557847;0,7218352917703896;2,6243413693718316;890,0608723826249;0,00022805531838009893
107,25;679,9999999999994;679,9715808975208;644,5651566490817;0,6611323876219485;0,5612386379557847;0,7161339088099794;2,6036140638114853;890,0617529524416;0,0002262538737470904
107,33333333333333;679,9999999999994;679,9718053641823;644,6483722884376;0,6611323876219485;0,5612386379557847;0,710477561966627;2,5830504717789093;890,0626265733388;0,0002244666615257889
107,41666666666667;679,9999999999994;679,9720280577515;644,731387858747;0,6611323876219485;0,5612386379557847;0,7048658954289522;2,562649300079785;890,0634933001096;0,00022269356923271675
107,5;679,9999999999994;679,9722489922367;644,8142038425137;0,6611323876219485;0,5612386379557847;0,6992985561993237;2,5424092657321644;890,0643531871153;0,0002209344852738165
107,58333333333333;679,9999999999994;679,9724681815356;644,8968207211664;0,6611323876219485;0,5612386379557847;0,6937751940682801;2,52232909588959;890,0652062882898;0,00021918929893744097
107,66666666666667;679,9999999999994;679,972685639436;644,9792389750598;0,6611323876219485;0,5612386379557847;0,6882954615946346;2,5024075277642117;890,0660526571417;0,00021745790038773188
107,75;679,9999999999994;679,9729013796167;645,0614590834771;0,6611323876219485;0,5612386379557847;0,6828590140855795;2,482643308553112;890,0668923467584;0,00021574018065821635
107,83333333333333;679,9999999999995;679,9731154156483;645,1434815246305;0,6611323876219485;0,5612386379557847;0,6774655095682647;2,463035195332591;890,0677254098098;0,0002140360316426396
107,91666666666667;679,9999999999995;679,9733277609944;645,2253067756635;0,6611323876219485;0,5612386379557847;0,6721146087812713;2,4435819550325437;890,0685518985504;0,00021234534609261294
108,0;679,9999999999995;679,973538429012;645,3069353126524;0,6611323876219485;0,5612386379557847;0,6668059751291366;2,4242823642730826;890,0693718648238;0,00021066801760335474
108,08333333333333;679,9999999999995;679,9737474329527;645,3883676106076;0,6611323876219485;0,5612386379557847;0,6615392746880389;2,4051352093709495;890,0701853600656;0,00020900394061449068
108,16666666666667;679,9999999999995;679,9739547859631;645,4696041434754;0,6611323876219485;0,5612386379557847;0,6563141761716906;2,386139286240207;890,0709924353057;0,00020735301040093756
108,25;679,9999999999995;679,9741605010862;645,5506453841396;0,6611323876219485;0,5612386379557847;0,6511303509114441;2,367293400296139;890,0717931411725;0,000205715123064974
108,33333333333333;679,9999999999997;679,9743645912617;645,631491804423;0,6611323876219485;0,5612386379557847;0,6459874728335535;2,348596366381572;890,0725875278958;0,0002040901755296465
108,41666666666667;679,9999999999997;679,9745670693272;645,7121438750892;0,6611323876219485;0,5612386379557847;0,6408852184478064;2,330047008734843;890,0733756453099;0,00020247806553578865
108,5;679,9999999999997;679,9747679480189;645,7926020658439;0,6611323876219485;0,5612386379557847;0,6358232668105757;2,311644160836035;890,0741575428561;0,00020087869162900134
108,58333333333333;679,9999999999997;679,9749672399721;645,8728668453367;0,6611323876219485;0,5612386379557847;0,6308012995191348;2,2933866654069788;890,0749332695875;0,00019929195315924303
108,66666666666667;679,9999999999997;679,9751649577224;645,9529386811628;0,6611323876219485;0,5612386379557847;0,6258190006889208;2,275273374311947;890,0757028741701;0,00019771775027249087
108,75;679,9999999999997;679,9753611137063;646,0328180398643;0,6611323876219485;0,5612386379557847;0,620876056930797;2,257303148490385;890,0764664048867;0,0001961559839045849
108,83333333333333;679,9999999999997;679,975555720262;646,1125053869323;0,6611323876219485;0,5612386379557847;0,6159721573339993;2,239474857883231;890,0772239096393;0,00019460655577502344
108,91666666666667;679,9999999999997;679,9757487896304;646,1920011868079;0,6611323876219485;0,5612386379557847;0,6111069934405577;2,2217873813368154;890,0779754359539;0,00019306936837864945
109,0;679,9999999999997;679,9759403339554;646,2713059028845;0,6611323876219485;0,5612386379557847;0,6062802592310845;2,2042396065708276;890,0787210309816;0,0001915443249824786
109,08333333333333;679,9999999999997;679,9761303652849;646,3504199975088;0,6611323876219485;0,5612386379557847;0,6014916511077217;2,186830430095028;890,0794607415016;0,00019003132961884072
109,16666666666667;679,9999999999997;679,976318895572;646,4293439319828;0,6611323876219485;0,5612386379557847;0,5967408678685615;2,1695587571291632;890,0801946139255;0,00018853028707815873
109,25;679,9999999999997;679,9765059366749;646,5080781665654;0,6611323876219485;0,5612386379557847;0,5920276106905931;2,1524235015324917;890,0809226942994;0,00018704110290296405
109,33333333333333;679,9999999999997;679,9766915003584;646,5866231604739;0,6611323876219485;0,5612386379557847;0,587351583118334;2,135423585768547;890,0816450283055;0,00018556368338470134
109,41666666666667;679,9999999999997;679,9768755982939;646,6649793718857;0,6611323876219485;0,5612386379557847;0,5827124910325665;2,118557940796222;890,0823616612676;0,00018409793555415586
109,5;679,9999999999997;679,977058242061;646,7431472579401;0,6611323876219485;0,5612386379557847;0,5781100426446528;2,101825506037737;890,0830726381512;0,00018264376717886464
109,58333333333333;679,9999999999997;679,9772394431478;646,8211272747396;0,6611323876219485;0,5612386379557847;0,5735439484652716;2,0852252292665185;890,0837780035689;0,00018120108675332626
109,66666666666667;679,9999999999997;679,9774192129513;646,8989198773519;0,6611323876219485;0,5612386379557847;0,5690139212958911;2,0687560665879827;890,0844778017811;0,00017976980349709206
109,75;679,9999999999998;679,9775975627787;646,9765255198112;0,6611323876219485;0,5612386379557847;0,5645196762088744;2,0524169823530407;890,0851720766993;0,000178349827347498
109,83333333333333;679,9999999999998;679,9777745038476;647,0539446551201;0,6611323876219485;0,5612386379557847;0,5600609305275839;2,0362069490940327;890,0858608718902;0,0001769410689539247
109,91666666666667;679,9999999999998;679,9779500472873;647,1311777352512;0,6611323876219485;0,5612386379557847;0,5556374038036438;2,0201249474446437;890,086544230576;0,00017554343967077343
110,0;679,9999999999998;679,9781242041389;647,2082252111488;0,6611323876219485;0,5612386379557847;0,5512488178112562;2,00416996610787;890,0872221956391;0,00017415685155487828
110,08333333333333;679,9999999999998;679,9782969853562;647,2850875327306;0,6611323876219485;0,5612386379557847;0,5468948965216214;1,988341001772728;890,0878948096242;0,00017278121735807
110,16666666666667;679,9999999999998;679,9784684018067;647,3617651488889;0,6611323876219485;0,5612386379557847;0,5425753660887267;1,97263705906621;890,0885621147401;0,00017141645052291693
110,25;679,9999999999998;679,9786384642719;647,4382585074928;0,6611323876219485;0,5612386379557847;0,5382899548266096;1,9570571504507692;890,0892241528637;0,00017006246517417258
110,33333333333333;679,9999999999998;679,978807183448;647,5145680553898;0,6611323876219485;0,5612386379557847;0,5340383931979886;1,9416002962115106;890,0898809655421;0,00016871917611711228
110,41666666666667;679,9999999999998;679,9789745699468;647,5906942384071;0,6611323876219485;0,5612386379557847;0,5298204137943685;1,9262655243600884;890,0905325939948;0,00016738649882961198
110,5;679,9999999999998;679,9791406342963;647,6666375013536;0,6611323876219485;0,5612386379557847;0,5256357513246712;1,9110518706026716;890,091179079116;0,00016606434945917514
110,58333333333333;679,9999999999998;679,9793053869411;647,7423982880217;0,6611323876219485;0,5612386379557847;0,5214841425868144;1,8959583782438434;890,0918204614791;0,0001647526448144312
110,66666666666667;679,9999999999998;679,9794688382434;647,8179770411883;0,6611323876219485;0,5612386379557847;0,5173653264677114;1,8809840981737873;890,092456781336;0,0001634513023642473
110,75;679,9999999999998;679,9796309984837;647,8933742026173;0,6611323876219485;0,5612386379557847;0,513279043909165;1,8661280887497629;890,0930880786228;0,00016216024022731193
110,83333333333333;679,9999999999999;679,9797918778609;647,9685902130608;0,6611323876219485;0,5612386379557847;0,5092250379021834;1,8513894157736805;890,0937143929609;0,0001608793771702046
110,91666666666667;679,9999999999999;679,9799514864935;648,0436255122607;0,6611323876219485;0,5612386379557847;0,5052030534756113;1,8367671524600697;890,0943357636586;0,00015960863260442424
111,0;679,9999999999999;679,9801098344201;648,1184805389508;0,6611323876219485;0,5612386379557847;0,5012128376591818;1,8222603792887213;890,0949522297153;0,00015834792657381413
111,08333333333333;679,9999999999999;679,9802669315999;648,193155730858;0,6611323876219485;0,5612386379557847;0,49725413949488484;1,8078681840527406;890,0955638298225;0,00015709717975859828
111,16666666666667;679,9999999999999;679,9804227879133;648,2676515247045;0,6611323876219485;0,5612386379557847;0,4933267100000194;1,793589661727207;890,0961706023672;0,00015585631346389864
111,25;679,9999999999999;679,9805774131629;648,3419683562089;0,6611323876219485;0,5612386379557847;0,4894303021643509;1,7794239144499544;890,0967725854337;0,00015462524961821822
111,33333333333333;679,9999999999999;679,9807308170737;648,4161066600884;0,6611323876219485;0,5612386379557847;0,48556467092453204;1,76537005143508;890,0973698168063;0,00015340391076579046
111,41666666666667;679,9999999999999;679,9808830092937;648,4900668700602;0,6611323876219485;0,5612386379557847;0,48172957315557596;1,7514271889441144;890,0979623339719;0,00015219222006402033
111,5;679,9999999999999;679,981033999395;648,5638494188432;0,6611323876219485;0,5612386379557847;0,47792476765380343;1,7375944502187495;890,0985501741213;0,000150990101277725
111,58333333333333;679,9999999999999;679,9811837968738;648,6374547381599;0,6611323876219485;0,5612386379557847;0,4741500151226319;1,7238709654263813;890,0991333741524;0,00014979747877444141
111,66666666666667;679,9999999999999;679,9813324111512;648,7108832587378;0,6611323876219485;0,5612386379557847;0,4704050781526803;1,7102558716024507;890,099711970673;0,00014861427751912854
111,75;679,9999999999999;679,9814798515744;648,7841354103114;0,6611323876219485;0,5612386379557847;0,46668972121608476;1,6967483126120004;890,1002860000011;0,00014744042307114828
111,83333333333333;679,9999999999999;679,9816261274159;648,8572116216235;0,6611323876219485;0,5612386379557847;0,4630037106380769;1,6833474390567793;890,1008554981701;0,0001462758415759853
111,91666666666667;679,9999999999999;679,9817712478757;648,9301123204275;0,6611323876219485;0,5612386379557847;0,45934681459982585;1,6700524082816472;890,1014205009276;0,000145120459765866
112,0;679,9999999999999;679,9819152220807;649,0028379334884;0,6611323876219485;0,5612386379557847;0,45571880310433244;1,656862384256052;890,1019810437413;0,00014397420494934466
112,08333333333333;679,9999999999999;679,9820580590857;649,075388886585;0,6611323876219485;0,5612386379557847;0,45211944797927117;1,6437765375804338;890,102537161798;0,00014283700501192272
112,16666666666667;679,9999999999999;679,9821997678741;649,1477656045114;0,6611323876219485;0,5612386379557847;0,44854852285425295;1,6307940453965328;890,1030888900074;0,00014170878840837528
112,25;679,9999999999999;679,9823403573583;649,2199685110787;0,6611323876219485;0,5612386379557847;0,445005803143772;1,6179140913425407;890,1036362630047;0,0001405894841585214
112,33333333333333;679,9999999999999;679,9824798363802;649,2919980291169;0,6611323876219485;0,5612386379557847;0,4414910660386795;1,6051358655050498;890,1041793151516;0,00013947902184335763
112,41666666666667;679,9999999999999;679,9826182137118;649,3638545804764;0,6611323876219485;0,5612386379557847;0,4380040904919724;1,5924585643774105;890,104718080539;0,00013837733160124095
112,5;679,9999999999999;679,9827554980559;649,4355385860296;0,6611323876219485;0,5612386379557847;0,43454465720174085;1,5798813907924585;890,1052525929891;0,00013728434412213134
112,58333333333333;679,9999999999999;679,9828916980465;649,5070504656728;0,6611323876219485;0,5612386379557847;0,4311125485997991;1,5674035538936855;890,1057828860576;0,00013619999064484208
112,66666666666667;679,9999999999999;679,9830268222495;649,5783906383282;0,6611323876219485;0,5612386379557847;0,4277075488346327;1,5550242690455445;890,1063089930356;0,00013512420294975453
112,75;679,9999999999999;679,9831608791628;649,6495595219449;0,6611323876219485;0,5612386379557847;0,4243294437600298;1,542742757827043;890,1068309469523;0,00013405691335759685
112,83333333333333;679,9999999999999;679,9832938772175;649,720557533501;0,6611323876219485;0,5612386379557847;0,42097802092655456;1,5305582479772852;890,1073487805756;0,00013299805472514196
112,91666666666667;679,9999999999999;679,983425824778;649,7913850890058;0,6611323876219485;0,5612386379557847;0,4176530695588099;1,5184699733121851;890,1078625264158;0,00013194756043797184
113,0;679,9999999999999;679,9835567301424;649,8620426035004;0,6611323876219485;0,5612386379557847;0,41435438054691076;1,5064771737116514;890,108372216727;0,00013090536440901393
113,08333333333333;679,9999999999999;679,9836866015435;649,9325304910604;0,6611323876219485;0,5612386379557847;0,4110817464379579;1,4945790950747417;890,1088778835081;0,00012987140107489434
113,16666666666667;679,9999999999999;679,9838154471488;650,0028491647973;0,6611323876219485;0,5612386379557847;0,40783496141045816;1,4827749892235609;890,1093795585072;0,00012884560538763587
113,25;679,9999999999999;679,9839432750616;650,07299903686;0,6611323876219485;0,5612386379557847;0,4046138212771666;1,4710641139256835;890,1098772732206;0,00012782791281637095
113,33333333333333;679,9999999999999;679,984070093321;650,1429805184366;0,6611323876219485;0,5612386379557847;0,40141812345666494;1,4594457327820374;890,1103710588977;0,00012681825933775475
113,41666666666667;679,9999999999999;679,9841959099024;650,2127940197565;0,6611323876219485;0,5612386379557847;0,39824766697336145;1,4479191152333089;890,1108609465407;0,00012581658143639323
113,5;679,9999999999999;679,9843207327185;650,2824399500918;0,6611323876219485;0,5612386379557847;0,3951022524375958;1,4364835364798596;890,1113469669075;0,00012482281609802062
113,58333333333333;679,9999999999999;679,9844445696193;650,3519187177587;0,6611323876219485;0,5612386379557847;0,3919816820342703;1,4251382774432848;890,1118291505139;0,0001238369008060965
113,66666666666667;679,9999999999999;679,9845674283929;650,42123073012;0,6611323876219485;0,5612386379557847;0,3888857595143236;1,4138826247407872;890,1123075276345;0,00012285877353946994
113,75;679,9999999999999;679,9846893167656;650,4903763935861;0,6611323876219485;0,5612386379557847;0,38581429017483515;1,4027158706114982;890,1127821283058;0,000121888372765994
113,83333333333333;679,9999999999999;679,9848102424031;650,5593561136171;0,6611323876219485;0,5612386379557847;0,3827670808561834;1,391637312894056;890,113252982327;0,00012092563744079608
113,91666666666667;679,9999999999999;679,9849302129101;650,6281702947247;0,6611323876219485;0,5612386379557847;0,3797439399193081;1,380646254962536;890,113720119263;0,00011997050700035384
114,0;679,9999999999999;679,9850492358314;650,6968193404732;0,6611323876219485;0,5612386379557847;0,3767446772457106;1,3697420057104357;890,1141835684446;0,00011902292136139607
114,08333333333333;679,9999999999999;679,9851673186523;650,765303653482;0,6611323876219485;0,5612386379557847;0,37376910421187404;1,3589238794705887;890,1146433589727;0,00011808282091369364
114,16666666666667;679,9999999999999;679,9852844687988;650,8336236354269;0,6611323876219485;0,5612386379557847;0,37081703368926355;1,3481911960055555;890,1150995197175;0,00011715014651939731
114,25;679,9999999999999;679,9854006936383;650,901779687042;0,6611323876219485;0,5612386379557847;0,36788828002727314;1,337543280449963;890,1155520793225;0,00011622483950793823
114,33333333333333;679,9999999999999;679,98551600048;650,9697722081213;0,6611323876219485;0,5612386379557847;0,36498265903901483;1,3269794632592489;890,1160010662048;0,00011530684167155916
114,41666666666667;679,9999999999999;679,9856303965752;651,0376015975205;0,6611323876219485;0,5612386379557847;0,36209998799847654;1,3164990801968501;890,1164465085575;0,00011439609526424046
114,5;679,9999999999999;679,9857438891182;651,1052682531588;0,6611323876219485;0,5612386379557847;0,35924008561778464;1,3061014722541169;890,1168884343516;0,00011349254299468538
114,58333333333333;679,9999999999999;679,9858564852462;651,1727725720204;0,6611323876219485;0,5612386379557847;0,3564027720415197;1,2957859856310934;890,1173268713378;0,00011259612802461599
114,66666666666667;679,9999999999999;679,9859681920402;651,2401149501566;0,6611323876219485;0,5612386379557847;0,3535878688410321;1,2855519717076862;890,1177618470472;0,00011170679396641401
114,75;679,9999999999999;679,9860790165251;651,307295782687;0,6611323876219485;0,5612386379557847;0,35079519899170464;1,2753987869731915;890,1181933887945;0,00011082448487676158
114,83333333333333;679,9999999999999;679,9861889656703;651,3743154638017;0,6611323876219485;0,5612386379557847;0,3480245868701104;1,2653257930006672;890,1186215236784;0,00010994914525469458
114,91666666666667;679,9999999999999;679,9862980463903;651,4411743867631;0,6611323876219485;0,5612386379557847;0,3452758582398019;1,2553323564148984;890,1190462785846;0,00010908072003844416
115,0;679,9999999999999;679,9864062655449;651,5078729439069;0,6611323876219485;0,5612386379557847;0,34254884023994236;1,2454178488347385;890,1194676801864;0,00010821915460072623
115,08333333333333;679,9999999999999;679,9865136299396;651,5744115266447;0,6611323876219485;0,5612386379557847;0,3398433613739371;1,235581646834667;890,1198857549473;0,00010736439474534027
115,16666666666667;679,9999999999999;679,9866201463263;651,6407905254651;0,6611323876219485;0,5612386379557847;0,3371592515065913;1,2258231319447896;890,1203005291211;0,00010651638670696962
115,25;679,9999999999999;679,9867258214035;651,707010329936;0,6611323876219485;0,5612386379557847;0,3344963418385305;1,2161416905451283;890,1207120287555;0,00010567507714222775
115,33333333333333;679,9999999999999;679,9868306618166;651,7730713287057;0,6611323876219485;0,5612386379557847;0,3318544649090427;1,2065367138784326;890,1211202796925;0,000104840413130719
115,41666666666667;679,9999999999999;679,9869346741588;651,838973909505;0,6611323876219485;0,5612386379557847;0,3292334545818676;1,1970075980117407;890,1215253075698;0,00010401234217144456
115,5;679,9999999999999;679,987037864971;651,9047184591489;0,6611323876219485;0,5612386379557847;0,32663314602814353;1,1875537437530912;890,1219271378237;0,00010319081217595825
115,58333333333333;679,9999999999999;679,9871402407424;651,9703053635384;0,6611323876219485;0,5612386379557847;0,3240533757235653;1,1781745566547261;890,1223257956898;0,00010237577146838543
115,66666666666667;679,9999999999999;679,9872418079112;652,0357350076621;0,6611323876219485;0,5612386379557847;0,32149398143701546;1,1688694469746508;890,1227213062042;0,00010156716878202274
115,75;679,9999999999999;679,9873425728645;652,101007775598;0,6611323876219485;0,5612386379557847;0,31895480221635353;1,1596378296125656;890,1231136942062;0,0001007649532539978
115,83333333333333;680,0;679,9874425419389;652,166124050515;0,6611323876219485;0,5612386379557847;0,31643567838557374;1,1504791241130703;890,1235029843382;9,99690744252885e-05
115,91666666666667;680,0;679,9875417214212;652,231084214675;0,6611323876219485;0,5612386379557847;0,31393645152775207;1,1413927545887828;890,1238892010495;9,917948223431568e-05
116,0;680,0;679,9876401175482;652,2958886494345;0,6611323876219485;0,5612386379557847;0,3114569644708354;1,1323781496818974;890,1242723685957;9,839612701334977e-05
116,08333333333333;680,0;679,9877377365076;652,360537735246;0,6611323876219485;0,5612386379557847;0,3089970612961679;1,1234347425962203;890,1246525110414;9,761895949126977e-05
116,16666666666667;680,0;679,9878345844384;652,4250318516604;0,6611323876219485;0,5612386379557847;0,3065565873100695;1,11456197097544;890,1250296522614;9,684793078332516e-05
116,25;680,0;679,9879306674308;652,4893713773281;0,6611323876219485;0,5612386379557847;0,3041353890409937;1,1057592769159412;890,1254038159424;9,608299239181053e-05
116,33333333333333;680,0;679,9880259915269;652,5535566900012;0,6611323876219485;0,5612386379557847;0,3017333142310008;1,0970261069187546;890,1257750255841;9,532409620220477e-05
116,41666666666667;680,0;679,9881205627214;652,6175881665348;0,6611323876219485;0,5612386379557847;0,29935021182723176;1,0883619118639287;890,1261433045006;9,45711944808386e-05
116,5;680,0;679,9882143869613;652,6814661828889;0,6611323876219485;0,5612386379557847;0,2969859319648549;1,0797661469592768;890,1265086758226;9,382423987023456e-05
116,58333333333333;680,0;679,9883074701467;652,7451911141305;0,6611323876219485;0,5612386379557847;0,294640325967066;1,0712382717211566;890,1268711624984;9,308318538779241e-05
116,66666666666667;680,0;679,988399818131;652,8087633344347;0,6611323876219485;0,5612386379557847;0,2923132463337197;1,0627777499456392;890,1272307872944;9,234798442304494e-05
116,75;680,0;679,9884914367218;652,8721832170869;0,6611323876219485;0,5612386379557847;0,2900045467242762;1,054384049644442;890,1275875727983;9,161859073212484e-05
116,83333333333333;680,0;679,9885823316803;652,9354511344842;0,6611323876219485;0,5612386379557847;0,2877140819549595;1,0460566430353186;890,12794154142;9,089495843691158e-05
116,91666666666667;680,0;679,9886725087223;652,9985674581375;0,6611323876219485;0,5612386379557847;0,28544170799307267;1,0377950065132282;890,1282927153916;9,017704202267488e-05
117,0;680,0;679,9887619735186;653,0615325586728;0,6611323876219485;0,5612386379557847;0,2831872819427872;1,0295986206150984;890,12864111677;8,946479633470029e-05
117,08333333333333;680,0;679,9888507316953;653,1243468058333;0,6611323876219485;0,5612386379557847;0,2809506620337743;1,0214669699621646;890,1289867674391;8,875817657358052e-05
117,16666666666667;680,0;679,9889387888336;653,187010568481;0,6611323876219485;0,5612386379557847;0,27873170761836263;1,013399543256766;890,1293296891092;8,805713829479924e-05
117,25;680,0;679,989026150471;653,2495242145984;0,6611323876219485;0,5612386379557847;0,2765302791601698;1,0053958332439066;890,1296699033197;8,736163740533239e-05
117,33333333333333;680,0;679,9891128221011;653,31188811129;0,6611323876219485;0,5612386379557847;0,2743462382255757;0,9974553366728126;890,1300074314398;8,667163016044322e-05
117,41666666666667;680,0;679,9891988091742;653,3741026247847;0,6611323876219485;0,5612386379557847;0,2721794474723538;0,9895775542616967;890,1303422946706;8,598707316050198e-05
117,5;680,0;679,9892841170976;653,4361681204366;0,6611323876219485;0,5612386379557847;0,2700297706439869;0,9817619906753341;890,130674514046;8,530792334906652e-05
117,58333333333333;680,0;679,9893687512356;653,4980849627276;0,6611323876219485;0,5612386379557847;0,2678970725611407;0,9740081544930284;890,1310041104335;8,463413801011406e-05
117,66666666666667;680,0;679,9894527169104;653,5598535152685;0,6611323876219485;0,5612386379557847;0,26578121911029484;0,9663155581701711;890,1313311045367;8,39656747646429e-05
117,75;680,0;679,989536019402;653,6214741408011;0,6611323876219485;0,5612386379557847;0,263682077240901;0,9586837180254288;890,1316555168951;8,330249156960162e-05
117,83333333333333;680,0;679,9896186639487;653,6829472011997;0,6611323876219485;0,5612386379557847;0,26159951495117184;0,9511121541862848;890,1319773678865;8,264454671320568e-05
117,91666666666667;680,0;679,9897006557475;653,744273057473;0,6611323876219485;0,5612386379557847;0,2595334012823969;0,9436003905730227;890,1322966777283;8,199179881345468e-05
118,0;680,0;679,9897819999543;653,8054520697657;0,6611323876219485;0,5612386379557847;0,25748360631325795;0,936147954879506;890,1326134664774;8,13442068164317e-05
118,08333333333333;680,0;679,9898627016843;653,8664845973601;0,6611323876219485;0,5612386379557847;0,2554500011427763;0,9287543785059075;890,1329277540339;8,070172999055277e-05
118,16666666666667;680,0;679,9899427660122;653,9273709986783;0,6611323876219485;0,5612386379557847;0,2534324578931546;0,921419196571522;890,1332395601398;8,006432792763054e-05
118,25;680,0;679,9900221979727;653,9881116312833;0,6611323876219485;0,5612386379557847;0,2514308496955664;0,9141419478635134;890,1335489043819;7,943196053840929e-05
118,33333333333333;680,0;679,9901010025608;654,0487068518813;0,6611323876219485;0,5612386379557847;0,24944505068162925;0,9069221748080832;890,1338558061924;7,880458805001575e-05
118,41666666666667;680,0;679,9901791847318;654,1091570163229;0,6611323876219485;0,5612386379557847;0,2474749359805628;0,8997594234544541;890,1341602848499;7,818217100467028e-05
118,5;680,0;679,9902567494021;654,1694624796052;0,6611323876219485;0,5612386379557847;0,2455203817049778;0,8926532434236162;890,1344623594815;7,756467025522256e-05
118,58333333333333;680,0;679,990333701449;654,2296235958731;0,6611323876219485;0,5612386379557847;0,243581264948034;0,8856031879083264;890,1347620490629;7,695204696495427e-05
118,66666666666667;680,0;679,9904100457117;654,2896407184219;0,6611323876219485;0,5612386379557847;0,2416574637749136;0,8786088136282614;890,1350593724201;7,634426260393874e-05
118,75;680,0;679,9904857869906;654,3495141996978;0,6611323876219485;0,5612386379557847;0,2397488572086104;0,871669680788374;890,135354348231;7,574127894523111e-05
118,83333333333333;680,0;679,9905609300487;654,4092443913005;0,6611323876219485;0,5612386379557847;0,23785532523561415;0,8647853530949098;890,1356469950256;7,514305806634445e-05
118,91666666666667;680,0;679,990635479611;654,4688316439847;0,6611323876219485;0,5612386379557847;0,2359767487831732;0,857955397672119;890,1359373311884;7,454956234202088e-05
119,0;680,0;679,9907094403654;654,5282763076616;0,6611323876219485;0,5612386379557847;0,23411300972497884;0,8511793850846807;890,136225374958;7,39607544461443e-05
119,08333333333333;680,0;679,9907828169628;654,5875787314009;0,6611323876219485;0,5612386379557847;0,2322639908641122;0,8444568892800417;890,1365111444298;7,337659734664564e-05
119,16666666666667;680,0;679,990855614017;654,6467392634322;0,6611323876219485;0,5612386379557847;0,2304295759302022;0,8377874875659928;890,1367946575564;7,279705430377807e-05
119,25;680,0;679,9909278361059;654,7057582511472;0,6611323876219485;0,5612386379557847;0,22860964957374108;0,8311707606042622;890,137075932148;7,222208886929036e-05
119,33333333333333;680,0;679,9909994877708;654,764636041101;0,6611323876219485;0,5612386379557847;0,22680409735187368;0,824606292346448;890,1373549858756;7,165166488108909e-05
119,41666666666667;680,0;679,9910705735172;654,8233729790137;0,6611323876219485;0,5612386379557847;0,2250128057312395;0,8180936700596452;890,1376318362693;7,10857464651764e-05
119,5;680,0;679,9911410978152;654,8819694097726;0,6611323876219485;0,5612386379557847;0,22323566207091972;0,8116324842431574;890,1379065007221;7,052429802880884e-05
119,58333333333333;680,0;679,9912110650995;654,9404256774336;0,6611323876219485;0,5612386379557847;0,22147255461959503;0,8052223286381077;890,1381789964896;6,996728426095604e-05
119,66666666666667;680,0;679,9912804797697;654,9987421252227;0,6611323876219485;0,5612386379557847;0,21972337251270346;0,7988628002082178;890,1384493406904;6,941467013079457e-05
119,75;680,0;679,9913493461905;655,0569190955383;0,6611323876219485;0,5612386379557847;0,21798800575822952;0,7925534990821476;890,1387175503089;6,886642088280722e-05
119,83333333333333;680,0;679,9914176686925;655,1149569299522;0,6611323876219485;0,5612386379557847;0,21626634523670418;0,7862940285663084;890,138983642195;6,83225020376538e-05
119,91666666666667;680,0;679,9914854515719;655,1728559692119;0,6611323876219485;0,5612386379557847;0,21455828268699406;0,7800839950904057;890,1392476330656;6,778287938748885e-05
120,0;680,0;679,9915526990909;655,230616553242;0,6611323876219485;0,5612386379557847;0,21286371070345922;0,7739230081882188;890,1395095395063;6,724751899445558e-05
