time_min;T_gas;T_hanger;T_cable;phi_hanger;phi_cable;qconv_hanger;qrad_hanger;cp_hanger;dT_hanger
0,0;19,999999999999964;20,0;20,0;0,6834754605183896;0,5187829146160852;0,0;0,0;0,0;0,0
0,08333333333333333;88,00267891889344;20,0;20,0;0,6834754605183896;0,5187829146160852;-8,881784197001252e-13;-1,5523299620455194e-13;439,80176;-1,439161954496024e-16
0,16666666666666666;140,47216691122372;20,270511143141505;20,083309806207275;0,6834754605183896;0,5187829146160852;1700,0669729723359;261,1745259534214;439,80176;0,27051114314150493
0,25;181,54762559614076;20,766562009783648;20,235144443164774;0,6834754605183896;0,5187829146160852;3005,0413942020555;592,9582355880914;439,99318532517174;0,4960508666421423
0,3333333333333333;214,24676380490655;21,45214787562205;20,44398459542578;0,6834754605183896;0,5187829146160852;4019,5265896589276;957,1854957621998;440,34362116024784;0,6855858658384
0,4166666666666667;240,7701762166891;22,297950654615633;20,70071744225307;0,6834754605183896;0,5187829146160852;4819,865398232113;1326,6071715520677;440,82669755523335;0,8458027789935842
0,5;262,7230778479285;23,280180384373075;20,99813428789019;0,6834754605183896;0,5187829146160852;5461,805639051836;1685,702927332068;441,4206622683106;0,9822297297574424
0,5833333333333334;281,27685530674063;24,379729978448605;21,33056651033629;0,6834754605183896;0,5187829146160852;5986,0724365888855;2027,6042916872614;442,1076654756061;1,0995495940755298
0,6666666666666666;297,2867700968886;25,58141137335441;21,693586496031816;0,6834754605183896;0,5187829146160852;6422,428133207301;2350,76523614526;442,87321304279783;1,2016813949058038
0,75;311,3777154288792;26,87324499231231;22,083753971096098;0,6834754605183896;0,5187829146160852;6792,633968088355;2656,4669600661546;443,70564478901605;1,2918336189578992
0,8333333333333334;324,0066976265547;28,245822156456793;22,4984031637391;0,6834754605183896;0,5187829146160852;7112,611760914171;2947,224519991156;444,5956326194215;1,372577164144483
0,9166666666666666;335,5083596559061;29,691757171004067;22,935468167128416;0,6834754605183896;0,5187829146160852;7394,021886752448;3225,8739407502535;445,5357220811647;1,4459350145472747
1,0;346,1281495600003;31,20523321825274;23,393342756714162;0,6834754605183896;0,5187829146160852;7645,415062122551;3495,1022088310474;446,5199348541828;1,513476047248672
1,0833333333333333;356,0464872675711;32,781636305764934;23,87076990907317;0,6834754605183896;0,5187829146160852;7873,072908543689;3757,240607669978;447,5434380385447;1,5764030875121975
1,1666666666666667;365,3963730239373;34,41726626934426;24,366755979200775;0,6834754605183896;0,5187829146160852;8081,621274045154;4014,203406473028;448,602277428533;1,6356299635793252
1,25;374,2762175314597;36,109112134497565;24,880504772990385;0,6834754605183896;0,5187829146160852;8274,477668864825;4267,50033265365;449,6931673220323;1,6918458651533024
1,3333333333333333;382,75919072482066;37,85467954904775;25,41136733669673;0,6834754605183896;0,5187829146160852;8454,177634924054;4518,281896428853;450,8133277586668;1,7455674145501856
1,4166666666666667;390,90003408737726;39,651859419621736;25,9588039720569;0,6834754605183896;0,5187829146160852;8622,612779394321;4767,395426465803;451,9603601858071;1,7971798705739872
1,5;398,7400249430552;41,498828640773745;26,52235565400068;0,6834754605183896;0,5187829146160852;8781,204366693888;5015,440637033995;453,1321535151635;1,8469692211520052
1,5833333333333333;406,3105942996655;43,39397553504781;27,101622619621434;0,6834754605183896;0,5187829146160852;8931,029907557036;5262,819679328656;454,3268138007301;1,895146894274063
1,6666666666666667;413,6359636792835;45,335844159555585;27,696248392878644;0,6834754605183896;0,5187829146160852;9072,915469115444;5509,779912286344;455,5426120434792;1,941868624507777
1,75;420,73506718312314;47,323092924922925;28,305907910533065;0,6834754605183896;0,5187829146160852;9207,502987993199;5756,449285761549;456,7779457712765;1,9872487653673372
1,8333333333333333;427,6229527724214;49,354464017675575;28,930298731630945;0,6834754605183896;0,5187829146160852;9335,299356455005;6002,864988497768;458,0313110058951;2,031371092752649
1,9166666666666667;434,3118040957869;51,42876094432403;29,569134559102164;0,6834754605183896;0,5187829146160852;9456,712218868646;6248,996294298003;459,3012820108099;2,074296926648456
2,0;440,81168583328076;53,544832159721366;30,222140491255814;0,6834754605183896;0,5187829146160852;9572,076078786571;6494,762578228529;460,58649683239065;2,1160712153973313
2,0833333333333335;447,1310875792642;55,70155923858395;30,88904956516851;0,6834754605183896;0,5187829146160852;9681,671341838985;6740,047400190065;461,8856471289641;2,1567270788625814
2,1666666666666665;453,27732092368217;57,89784842835997;31,56960026322292;0,6834754605183896;0,5187829146160852;9785,738208517007;6984,70943481362;463,19747115296457;2,1962891897760253
2,25;459,2568095559629;60,13262470984135;32,26353473648169;0,6834754605183896;0,5187829146160852;9884,486812383055;7228,590899597563;464,52074903428814;2,2347762814813823
2,3333333333333335;465,0753014069429;62,40482771000093;32,970597560570496;0,6834754605183896;0,5187829146160852;9978,104621153037;7471,52401417375;465,85429972752314;2,2722030001595805
2,4166666666666665;470,73802396923867;64,7134089760535;33,69053488625477;0,6834754605183896;0,5187829146160852;10066,76184242355;7713,335919350044;467,1969791477444;2,308581266052576
2,5;476,24979819895117;67,05733024356161;34,42309388173331;0,6834754605183896;0,5187829146160852;10150,61537482963;7953,85239681227;468,54767914149346;2,343921267508105
2,5833333333333335;481,615122221369;69,43556242444225;35,16802238973715;0,6834754605183896;0,5187829146160852;10229,81169888474;8192,900658313263;469,90532703111796;2,3782321808806444
2,6666666666666665;486,8382330177183;71,84708511054447;35,92506874200562;0,6834754605183896;0,5187829146160852;10304,48899492317;8430,311415024124;471,2688855392519;2,41152268610222
2,75;491,92315205103944;74,29088644080497;36,69398168826809;0,6834754605183896;0,5187829146160852;10374,778697679347;8665,920391360653;472,6373529515604;2,443801330260499
2,8333333333333335;496,87371917257434;76,76596321919618;37,474510407731984;0,6834754605183896;0,5187829146160852;10440,806640255862;8899,569410967482;474,0097634142483;2,4750767783912053
2,9166666666666665;501,6936179721578;79,27132120003488;38,266404579196625;0,6834754605183896;0,5187829146160852;10502,693898834454;9131,107153799623;475,38518729149087;2,5053579808386957
3,0;506,38639487790584;81,80597547918605;39,06941449197679;0,6834754605183896;0,5187829146160852;10560,557419303073;9360,389660807255;476,762731529314;2,5346542791511677
3,0833333333333335;510,9554736852297;84,36895094612767;39,88329118435077;0,6834754605183896;0,5187829146160852;10614,510484967996;9587,280645293913;478,1415399883859;2,562975466941619
3,1666666666666665;515,404166739632;86,95928276412741;40,70778659963461;0,6834754605183896;0,5187829146160852;10664,663068477552;9811,65165651233;479,5207937200267;2,5903318179997434
3,25;519,73568366582;89,5760168549625;41,54265375251806;0,6834754605183896;0,5187829146160852;10711,122099387616;10033,382130628679;480,8997111685478;2,6167340908350987
3,3333333333333335;523,9531382938255;92,21821037146921;42,387646900195236;0,6834754605183896;0,5187829146160852;10753,991670271438;10252,359356141802;482,27754828954687;2,642193516506707
3,4166666666666665;528,0595542566051;94,8849321463218;43,24252171424561;0,6834754605183896;0,5187829146160852;10793,373198058907;10468,478374652355;483,65359857859755;2,6667217748525966
3,5;532,0578696052143;97,57526310924955;44,10703545028943;0,6834754605183896;0,5187829146160852;10829,365552757083;10681,641833115238;485,0271930082954;2,690330962927751
3,5833333333333335;535,950940694074;100,28829666773021;44,980947113245115;0,6834754605183896;0,5187829146160852;10862,065162399118;10891,759800050073;486,39769987419334;2,7130335584806584
3,6666666666666665;539,7415455206971;103,02313904829477;45,864017616622114;0,6834754605183896;0,5187829146160852;10891,566100658594;11098,749555371267;487,76452455200075;2,7348423805645536
3,75;543,4323866545493;105,77890959712335;46,75600993474027;0,6834754605183896;0,5187829146160852;10917,960161810057;11302,535361337912;489,12710916972605;2,755770548828573
3,8333333333333335;547,0260938535251;108,55474103974323;47,65668924711336;0,6834754605183896;0,5187829146160852;10941,33692643565;11503,048220458693;490,48493219933476;2,7758314426198925
3,9166666666666665;550,5252264401282;111,34977970045985;48,565823074497565;0,6834754605183896;0,5187829146160852;10961,783820344548;11700,225624904058;491,83750797308386;2,7950386607166173
4,0;553,9322754902134;114,16318568273662;49,48318140630586;0,6834754605183896;0,5187829146160852;10979,386168491708;11894,011300986067;493,18438613004815;2,813405982276777
4,083333333333333;557,2496658731299;116,99413301214892;50,40853681924214;0,6834754605183896;0,5187829146160852;10994,22724518692;12084,354951497568;494,52515099853946;2,8309473294122927
4,166666666666667;560,4797581718716;119,84180974381276;51,34166458712538;0,6834754605183896;0,5187829146160852;11006,388321524522;12271,211998104456;495,8594209201658;2,847676731663842
4,25;563,6248505043958;122,70541803636506;52,28234278196359;0,6834754605183896;0,5187829146160852;11015,948710701472;12454,54332551688;497,18684752124017;2,863608292552296
4,333333333333333;566,687180261817;125,58417419467223;53,23035236640522;0,6834754605183896;0,5187829146160852;11022,985811700768;12634,315028798479;498,50711493712333;2,8787561583071684
4,416666666666667;569,6689257752196;128,47730868348805;54,18547727774786;0,6834754605183896;0,5187829146160852;11027,57515167862;12810,498164882205;499,8199389949214;2,8931344888158135
4,5;572,5722079199263;131,38406611428292;55,14750450372335;0,6834754605183896;0,5187829146160852;11029,790427293288;12983,06850913044;501,12506635974745;2,906757430794874
4,583333333333333;575,399091663942;134,30370520743693;56,11622415030804;0,6834754605183896;0,5187829146160852;11029,703545141085;13152,006317592457;502,4222736495246;2,9196390931540104
4,666666666666667;578,1515875657313;137,23549873193576;57,09142950182878;0,6834754605183896;0,5187829146160852;11027,384661412629;13317,296095462918;503,7113665230539;2,9317935244988376
4,75;580,83165322536;140,17873342463892;58,07291707365095;0,6834754605183896;0,5187829146160852;11022,90222084489;13478,926372123768;504,9921787458141;2,9432346927031476
4,833333333333333;583,4411946921857;143,13270989110765;59,060486657745884;0,6834754605183896;0,5187829146160852;11016,322995018027;13636,889483052959;506,2645712376864;2,9539764664687302
4,916666666666667;585,9820678316714;146,09674248989057;60,05394136144168;0,6834754605183896;0,5187829146160852;11007,712120026952;13791,181358801283;507,5284311065374;2,964032598782926
5,0;588,4560796534377;149,07015920206945;61,05308763966546;0,6834754605183896;0,5187829146160852;10997,133133544521;13941,801321170853;508,78367067132365;2,973416712178887
5,083333333333333;590,8649896023319;152,05230148777005;62,057735320986154;0,6834754605183896;0,5187829146160852;10984,648011284204;14088,75188667212;510,0302264781234;2,9821422857006037
5,166666666666667;593,210510814042;155,04252413124357;63,06769762776595;0,6834754605183896;0,5187829146160852;10970,317202864047;14232,038577288658;511,2680583122495;2,9902226434735177
5,25;595,4943113365867;158,04019507602533;64,08279119072606;0,6834754605183896;0,5187829146160852;10954,199667069961;14371,669738539249;512,4971482093492;2,9976709447817704
5,333333333333333;597,718015318879;161,04469525157953;65,10283605822804;0,6834754605183896;0,5187829146160852;10936,352906514036;14507,656364792694;513,7174994681694;3,0045001755542025
5,416666666666667;599,8832041674364;164,0554183927429;66,12765570056708;0,6834754605183896;0,5187829146160852;10916,833001682488;14640,011931762792;514,9291356674306;3,0107231411633597
5,5;601,991417672238;167,07177085318702;67,15707700956699;0,6834754605183896;0,5187829146160852;10895,694644367337;14768,752236086339;516,1320996890508;3,016352460444129
5,583333333333333;604,0441551026489;170,09317141402886;68,19093029376;0,6834754605183896;0,5187829146160852;10872,991170476274;14893,895241867305;517,3264527497489;3,021400560841833
5,666666666666667;606,0428762742866;173,11905108863164;69,22904926942668;0,6834754605183896;0,5187829146160852;10848,7745922155;15015,46093405289;518,5122734428697;3,0258796746027645
5,75;607,9890025876496;176,14885292455548;70,27127104776318;0,6834754605183896;0,5187829146160852;10823,095629641375;15133,471178493506;519,6896567920926;3,0298018359238528
5,833333333333333;609,8839180392985;179,18203180353717;71,31743611843463;0,6834754605183896;0,5187829146160852;10796,003741577351;15247,949588526526;520,8587133185151;3,0331788789816905
5,916666666666667;611,728970206344;182,21805424030222;72,36738832976452;0,6834754605183896;0,5187829146160852;10767,547155894033;15358,921397914564;522,0195681224441;3,0360224367650512
6,0;613,5254712049641;185,25639818094098;73,42097486580111;0,6834754605183896;0,5187829146160852;10737,772899151045;15466,413339961286;523,1723599810819;3,0383439406387476
6,083333333333333;615,2746986236548;188,2965528015115;74,47804622049264;0,6834754605183896;0,5187829146160852;10706,726825600577;15570,45353262155;524,3172404631524;3,040154620570507
6,166666666666667;616,9778964318892;191,33801830746776;75,53845616919403;0,6834754605183896;0,5187829146160852;10674,453645553582;15671,071369418712;525,4543730613905;3,04146550595627
6,25;618,6362758648413;194,3803057344508;76,6020617377184;0,6834754605183896;0,5187829146160852;10640,996953110536;15768,297415978259;526,5839323436913;3,0422874269830227
6,333333333333333;620,2510162848129;197,42293675092262;77,66872316913775;0,6834754605183896;0,5187829146160852;10606,399253259764;15862,163311985194;527,7061031236171;3,0426310164718346
6,416666666666667;621,8232660199774;200,46544346306993;78,73830388852782;0,6834754605183896;0,5187829146160852;10570,701988347255;15952,70167837167;528,8210796508451;3,0425067121473193
6,5;623,354143181046;203,50736822235297;79,81067046584334;0,6834754605183896;0,5187829146160852;10533,945563922685;16039,946029540888;529,9290648220608;3,0419247592830225
6,583333333333333;624,8447364564352;206,54826343602858;80,88569257710081;0,6834754605183896;0,5187829146160852;10496,169373967325;16123,93069043453;531,0302694127047;3,0408952136756175
6,666666666666667;626,2961058865054;209,5876913809324;81,96324296403745;0,6834754605183896;0,5187829146160852;10457,411825510164;16204,690718251897;532,1249113299053;3,039427944903831
6,75;627,7092836174239;212,62522402076343;83,04319739240637;0,6834754605183896;0,5187829146160852;10417,710362639325;16282,26182863118;533,2132148868664;3,0375326398310394
6,833333333333333;629,0852746351858;215,66044282707685;84,12543460905962;0,6834754605183896;0,5187829146160852;10377,101489916513;16356,680326105916;534,2954100988956;3,0352188063134213
6,916666666666667;630,4250574803187;218,69293860415502;85,20983629796281;0,6834754605183896;0,5187829146160852;10335,620795202723;16427,983038652364;535,3717320012217;3,032495777078163
7,0;631,72958494378;221,72231131789397;86,29628703527696;0,6834754605183896;0,5187829146160852;10293,302971904093;16496,207256147212;536,4424199886746;3,029372713738951
7,083333333333333;632,999784744539;224,74816992881236;87,38467424363594;0,6834754605183896;0,5187829146160852;10250,18184064715;16561,39067255874;537,507717177266;3,025858610918401
7,166666666666667;634,2365601893308;227,7701322292618;88,4748881457401;0,6834754605183896;0,5187829146160852;10206,290370393168;16623,5713316984;538,5678697876579;3,0219623004494474
7,25;635,4407908150464;230,78782468489177;89,56682171737974;0,6834754605183896;0,5187829146160852;10161,660699001726;16682,787576364306;539,6231265504662;3,017692455629968
7,333333333333333;636,6133330142198;233,80088228039878;90,66037063999539;0,6834754605183896;0,5187829146160852;10116,324153253865;16739,078000712336;540,6737381333137;3,013057595507004
7,416666666666667;637,7550206440552;236,80894836956782;91,75543325287494;0,6834754605183896;0,5187829146160852;10070,311268345526;16792,48140569543;541,719956589505;3,008066089169024
7,5;638,866665619428;239,81167452959426;92,8519105050814;0,6834754605183896;0,5187829146160852;10023,651806862184;16843,036757416143;542,7620348281796;3,002726160026446
7,583333333333333;639,9490584902804;242,80872041965685;93,94970590719936;0,6834754605183896;0,5187829146160852;9976,374777245843;16890,783148242714;543,8002261057566;2,997045890062591
7,666666666666667;641,0029690038252;245,79975364369562;95,04872548298158;0,6834754605183896;0,5187829146160852;9928,508451765589;16935,759760543348;544,8347835384749;2,9910332240387696
7,75;642,029146651953;248,78444961733456;96,14887772097256;0,6834754605183896;0,5187829146160852;9880,08038400324;16978,00583289896;545,8659596358016;2,9846959736389373
7,833333333333333;643,0283212042367;251,76249143887534;97,25007352617968;0,6834754605183896;0,5187829146160852;9831,117425865463;17017,56062865903;546,8940058544637;2,97804182154078
7,916666666666667;644,0012032269094;254,73356976427687;98,35222617185802;0,6834754605183896;0,5187829146160852;9781,645744134034;17054,46340671058;547,9191721728449;2,9710783254015265
8,0;644,948484588186;257,69738268602504;99,45525125147;0,6834754605183896;0,5187829146160852;9731,690836565813;17088,753394335166;548,9417066854671;2,9638129217481533
8,083333333333334;645,8708389502879;260,6536356157879;100,55906663087603;0,6834754605183896;0,5187829146160852;9681,277547554026;17120,469762033474;549,9618552172676;2,956252929762847
8,166666666666666;646,7689222485191;263,60204117074375;101,66359240080838;0,6834754605183896;0,5187829146160852;9630,430083362498;17149,651600202433;550,979860957366;2,94840555495584
8,25;647,6433731577384;266,5423190634625;102,76875082967625;0,6834754605183896;0,5187829146160852;9579,172026944383;17176,33789755407;551,9959641120083;2,9402778927187776
8,333333333333334;648,4948135465537;269,4741959952154;103,87446631674572;0,6834754605183896;0,5187829146160852;9527,526352356897;17200,567521170593;553,0104015763587;2,931876931752878
8,416666666666666;649,3238489195664;272,3974055525824;104,980665345735;0,6834754605183896;0,5187829146160852;9475,515438783457;17222,379198094255;554,0234066248078;2,92320955736706
8,5;650,1310688479784;275,31168810722465;106,08727643886142;0,6834754605183896;0,5187829146160852;9423,1610841746;17241,811498355895;555,0352086194524;2,9142825546422126
8,583333333333334;650,9170473888669;278,21679071868317;107,19423011137359;0,6834754605183896;0,5187829146160852;9370,484518518844;17258,902819349772;556,0460327363976;2,905102611458537
8,666666666666666;651,6823434934272;281,112467040067;108,30145882659878;0,6834754605183896;0,5187829146160852;9317,506416754593;17273,691371467216;557,0560997095216;2,8956763213837933
8,75;652,427501404473;283,9984772264879;109,40889695153264;0,6834754605183896;0,5187829146160852;9264,246911334005;17286,215164905712;558,0656255913445;2,8860101864209424
8,833333333333334;653,1530510434759;286,8745878461024;110,51648071299557;0,6834754605183896;0,5187829146160852;9210,725604449626;17296,51199757422;559,0748215306281;2,8761106196144453
8,916666666666666;653,8595083874213;289,74057179361745;111,62414815437741;0,6834754605183896;0,5187829146160852;9156,961579934337;17304,619444019507;560,0838935663367;2,8659839475150704
9,0;654,5473758357468;292,59620820612116;112,73183909298965;0,6834754605183896;0,5187829146160852;9102,973414845097;17310,574845302504;561,0930424375792;2,855636412503703
9,083333333333334;655,2171425676252;295,44128238109636;113,83949507804195;0,6834754605183896;0,5187829146160852;9048,779190740643;17314,415299757085;562,1024634091534;2,8450741749751884
9,166666666666666;655,8692848898461;298,2755856964801;114,94705934925766;0,6834754605183896;0,5187829146160852;8994,39650466322;17316,177654567677;563,1123461123037;2,834303315383738
9,25;656,5042665755425;301,0989155326321;116,05447679614078;0,6834754605183896;0,5187829146160852;8939,84247983415;17315,898498105762;564,1228744003104;2,823329836151943
9,333333333333334;657,1225391940054;303,9110751960779;117,16169391790527;0,6834754605183896;0,5187829146160852;8885,13377607276;17313,614152968286;565,1342262185117;2,8121596634458315
9,416666666666666;657,724542431818;306,71187384489673;118,2686587840753;0,6834754605183896;0,5187829146160852;8830,286599948187;17309,360669665144;566,1465734883755;2,8007986488188257
9,5;658,3107044055405;309,5011264156245;119,3753209957638;0,6834754605183896;0,5187829146160852;8775,316714673032;17303,173820905202;567,1600820052154;2,789252570727803
9,583333333333334;658,8814419661669;312,2786535515493;120,48163164763488;0,6834754605183896;0,5187829146160852;8720,2394497479;17295,089096434156;568,1749113491642;2,7775271359247884
9,666666666666666;659,4371609955693;315,0442815322774;121,58754329055428;0,6834754605183896;0,5187829146160852;8665,06971036544;17285,14169838012;569,1912148089995;2,765627980728108
9,75;659,9782566951428;317,79784220445447;122,69300989493058;0,6834754605183896;0,5187829146160852;8609,821986582298;17273,366537065736;570,2091393184277;2,753560672177078
9,833333333333334;660,5051138668539;320,539172913529;123,79798681474895;0,6834754605183896;0,5187829146160852;8554,510362267209;17259,79822724836;571,2288254044241;2,7413307090745316
9,916666666666666;661,0181071868933;323,2681164364507;124,9024307522975;0,6834754605183896;0,5187829146160852;8499,148523833122;17244,471084752615;572,2504071472299;2,728943522921716
10,0;661,5176014721292;325,9845209152009;126,0062997235859;0,6834754605183896;0,5187829146160852;8443,749768761065;17227,419123461743;573,2740121516065;2,71640447875018
10,083333333333334;662,0039519395467;328,68823979105645;127,10955302445429;0,6834754605183896;0,5187829146160852;8388,327013923206;17208,67605263708;574,2997615289481;2,7037188758555346
10,166666666666666;662,4775044588623;331,3791317394944;128,21215119737013;0,6834754605183896;0,5187829146160852;8332,892803712257;17188,275274536718;575,3277698898527;2,6908919484379576
10,25;662,9385957984902;334,0570606056489;129,31405599890937;0,6834754605183896;0,5187829146160852;8277,459317984198;17166,24988230697;576,358145346753;2,6779288661545055
10,333333333333334;663,387553865036;336,72189534023727;130,41523036791784;0,6834754605183896;0,5187829146160852;8222,038379821031;17142,632658122213;577,3909895262121;2,6648347345883137
10,416666666666666;663,8246979364887;339,37350993587705;131,51563839434792;0,6834754605183896;0,5187829146160852;8166,641463119969;17117,456071550416;578,4263975904892;2,6516145956397885
10,5;664,2503388892766;342,01178336372203;132,615245288765;0,6834754605183896;0,5187829146160852;8111,279700015292;17090,752278123808;579,4644582679784;2,6382734278449935
10,583333333333334;664,6647794193473;344,6365995103484;133,71401735251746;0,6834754605183896;0,5187829146160852;8055,963888138864;17062,553118095708;580,5052538921364;2,624816146626344
10,666666666666666;665,0683142574313;347,24784711482914;134,8119219485636;0,6834754605183896;0,5187829146160852;8000,704497724972;17032,890115366234;581,5488604485037;2,6112476044807753
10,75;665,4612303786414;349,8454197059396;135,9089274729484;0,6834754605183896;0,5187829146160852;7945,511678565054;17001,79447656109;582,5953476294409;2,5975725911104757
10,833333333333334;665,8438072065546;352,42921553944086;137,00500332692243;0,6834754605183896;0,5187829146160852;7890,395266817545;16969,297090249307;583,6447788961937;2,583795833501243
10,916666666666666;666,2163168119266;354,9991375353943;138,1001198896951;0,6834754605183896;0,5187829146160852;7835,364791677845;16935,428526286778;584,6972115479113;2,569921995953424
11,0;666,5790241061744;357,5550932154647;139,19424849181357;0,6834754605183896;0,5187829146160852;7780,429481913307;16900,219035274204;585,7526967972428;2,555955680070372
11,083333333333334;666,9321870297699;360,0969946401739;140,28736138915937;0,6834754605183896;0,5187829146160852;7725,598272267743;16863,698548118835;586,8112798521446;2,5419014247091614
11,166666666666666;667,2760567356747;362,6247583460722;141,3794317375532;0,6834754605183896;0,5187829146160852;7670,879809739901;16825,89667569081;587,8730000035304;2,5277637058983164
11,25;667,6108777679486;365,13830528279925;142,4704335679591;0,6834754605183896;0,5187829146160852;7616,282459740063;16786,842708565702;588,9378907184081;2,5135469367270535
11,333333333333334;667,9368882356573;367,63756075000975;143,56034176227868;0,6834754605183896;0,5187829146160852;7561,814312128735;16746,565616846146;590,0059797381472;2,499255467210514
11,416666666666666;668,2543199822053;370,122454334145;144,64913202972588;0,6834754605183896;0,5187829146160852;7507,483187141189;16705,09405005581;591,0772891815296;2,4848935841352278
11,5;668,5633987502113;372,59291984503403;145,7367808837727;0,6834754605183896;0,5187829146160852;7453,296641201507;16662,45633710056;592,1518356522413;2,4704655108890083
11,583333333333334;668,8643443420464;375,04889525231323;146,823265619656;0,6834754605183896;0,5187829146160852;7399,261972629431;16618,680486291527;593,2296303504668;2,4559754072791837
11,666666666666666;669,1573707761469;377,4903226216563;147,90856429243584;0,6834754605183896;0,5187829146160852;7345,386227243328;16573,794185426294;594,3106791882624;2,4414273693430224
11,75;669,4426864392142;379,9171480508102;148,99265569559506;0,6834754605183896;0,5187829146160852;7291,676203862265;16527,824801924453;595,3949829083808;2,42682542915397
11,833333333333334;669,7204942344102;382,32932160543737;150,07551934017056;0,6834754605183896;0,5187829146160852;7238,138459710099;16480,799383014768;596,4825372062352;2,412173554627159
11,916666666666666;669,9909917256516;384,72679725476485;151,1571354344061;0,6834754605183896;0,5187829146160852;7184,779315724321;16432,744655971488;597,573332854692;2,397475649327499
12,0;670,2543712781094;387,10953280704825;152,23748486391648;0,6834754605183896;0,5187829146160852;7131,604861772169;16383,687028397768;598,6673558313975;2,3827355522833935
12,083333333333334;670,5108201950084;389,4774898448573;153,31654917235372;0,6834754605183896;0,5187829146160852;7078,620961776528;16333,652588554985;599,7645874483416;2,367957037809062
12,166666666666666;670,76052085083;391,8306336601954;154,3943105425644;0,6834754605183896;0,5187829146160852;7025,833258753776;16282,667105736367;600,8650044833751;2,3531438153381408
12,25;671,0036508210076;394,16893318946654;155,470751778229;0,6834754605183896;0,5187829146160852;6973,247179765864;16230,75603068467;601,9685793134101;2,3382995292711297
12,333333333333334;671,2403830082103;396,4923609483056;156,54585628597297;0,6834754605183896;0,5187829146160852;6920,867940788526;16177,944496052925;603,0752800490284;2,323427758839046
12,416666666666666;671,4708857653027;398,80089296629103;157,61960805793996;0,6834754605183896;0,5187829146160852;6868,700551497618;16124,257316908337;604,1850706702446;2,3085320179854403
12,5;671,6953230150701;401,0945087215598;158,69199165481712;0,6834754605183896;0,5187829146160852;6816,749819975292;16069,71899127907;605,2979111631735;2,293615755268753
12,583333333333334;671,9138543667927;403,37319107534665;159,76299218930316;0,6834754605183896;0,5187829146160852;6765,0203573377585;16014,353700744317;606,4137576573582;2,278682353786852
12,666666666666666;672,126635229752;405,636926206472;160,83259531000942;0,6834754605183896;0,5187829146160852;6713,516582286153;15958,185311067728;607,5325625635292;2,2637351311253475
12,75;672,3338169237504;407,88570354580315;161,9007871857844;0,6834754605183896;0,5187829146160852;6662,2427255819985;15901,237372874786;608,6542747115684;2,248777339331136
12,833333333333334;672,5355467867236;410,11951571071563;162,96755449045259;0,6834754605183896;0,5187829146160852;6611,202834448682;15843,533122374614;609,7788394884669;2,233812164912482
12,916666666666666;672,7319682795194;412,33835843958235;164,03288438795815;0,6834754605183896;0,5187829146160852;6560,400776900198;15785,095482126833;610,9061989760678;2,2188427288667207
13,0;672,9232210879213;414,5422305263189;165,0967645179043;0,6834754605183896;0,5187829146160852;6509,840245998425;15725,947061854138;612,0362920884018;2,203872086736556
13,083333333333334;673,1094412219862;416,73113375501464;166,1591829814795;0,6834754605183896;0,5187829146160852;6459,52476404006;15666,110159301285;613,1690547084215;2,18890322869575
13,166666666666666;673,2907611127678;418,90507283467946;167,22012832776133;0,6834754605183896;0,5187829146160852;6409,45768667429;15605,60676114125;614,304419823966;2,1739390796648355
13,25;673,467309706496;421,0640553341368;168,2795895403896;0,6834754605183896;0,5187829146160852;6359,642206952208;15544,458543929053;615,442317662776;2,158982499457348
13,333333333333334;673,6392125562776;423,20809161709377;169,33755602459954;0,6834754605183896;0,5187829146160852;6310,081359308981;15482,686875104351;616,5826758264062;2,1440362829569826
13,416666666666666;673,8065919113831;425,3371947774196;170,3940175946071;0,6834754605183896;0,5187829146160852;6260,7780234795955;15420,312814043007;617,7254194228788;2,1291031603258475
13,5;673,9695668041851;427,4513805746635;171,44896446133765;0,6834754605183896;0,5187829146160852;6211,734928349087;15357,35711315855;618,8704711979392;2,1141857972439397
13,583333333333334;674,1282531348089;429,5506673698433;172,5023872204899;0,6834754605183896;0,5187829146160852;6162,954655738039;15293,840219053938;620,017751664775;2,0992867951798315
13,666666666666666;674,2827637535545;431,63507606153576;173,5542768409271;0,6834754605183896;0,5187829146160852;6114,43964412414;15229,78227372426;621,1671792320755;2,0844086916924254
13,75;674,4332085411507;433,7046300222993;174,60462465338722;0,6834754605183896;0,5187829146160852;6066,192192300468;15165,20311581059;622,3186703303121;2,0695539607635296
13,833333333333334;674,5796944868976;435,7593550354602;175,6534223395048;0,6834754605183896;0,5187829146160852;6018,214462971287;15100,122281905547;623,4721395361323;2,0547250131609274
13,916666666666666;674,722325764752;437,7992792322917;176,70066192113634;0,6834754605183896;0,5187829146160852;5970,508486285934;15034,559007910784;624,6274996947635;2,039924196831503
14,0;674,8612038074107;439,82443302961565;177,74633574998194;0,6834754605183896;0,5187829146160852;5923,076163311506;14968,532230446524;625,7846620403332;2,0251537973239038
14,083333333333334;674,9964273784456;441,83484906785577;178,79043649749582;0,6834754605183896;0,5187829146160852;5875,919269444876;14902,06058831315;626,9435363140217;2,0104160382401055
14,166666666666666;675,128092642539;443,83056214957105;179,83295714507838;0,6834754605183896;0,5187829146160852;5829,039457764745;14835,162424005226;628,1040308799677;1,9957130817152733
14,25;675,2562932338715;445,81160917849616;180,87389097454283;0,6834754605183896;0,5187829146160852;5782,438262324197;14767,855785277343;629,266052838854;1,9810470289250932
14,333333333333334;675,3811203227106;447,778029099116;181,9132315588494;0,6834754605183896;0,5187829146160852;5736,117101384383;14700,158426761953;630,4295081391109;1,9664199206198305
14,416666666666666;675,5026626802463;449,72986283680024;182,95097275310022;0,6834754605183896;0,5187829146160852;5690,077280589864;14632,087811638834;631,5943016856813;1,951833737684218
14,5;675,6210067417218;451,66715323852253;183,98710868578843;0,6834754605183896;0,5187829146160852;5644,319996086152;14563,66111335571;632,7603374462929;1,9372904017222845
14,583333333333334;675,736236667901;453,5899450141887;185,02163375029482;0,6834754605183896;0,5187829146160852;5598,846337579981;14494,895217399706;633,9275185551969;1,9227917756661554
14,666666666666666;675,8484344049208;455,4982846785965;186,0545425966257;0,6834754605183896;0,5187829146160852;5553,657291342809;14425,806723118852;635,0957474143349;1,9083396644078323
14,75;675,9576797425666;457,39222049404947;187,08583012338573;0,6834754605183896;0,5187829146160852;5508,753743158107;14356,411945593263;636,2649257918993;1,8939358154529418
14,833333333333334;676,0640503710156;459,2718024136449;188,1154914699796;0,6834754605183896;0,5187829146160852;5464,136481212929;14286,726917555065;637,4349549182634;1,879581919595387
14,916666666666666;676,167621936086;461,1370820252567;189,14352200903664;0,6834754605183896;0,5187829146160852;5419,806198934268;14216,767391356247;638,6057355792605;1,8652796116118229
15,0;676,2684680930333;462,98811249623157;190,1699173390526;0,6834754605183896;0,5187829146160852;5375,763497770733;14146,548840983685;639,7771682067946;1,8510304709748817
15,083333333333334;676,36666055893;464,8249485188156;191,19467327724257;0,6834754605183896;0,5187829146160852;5332,008889920045;14076,086464120202;640,9491529667744;1,836836022584023
15,166666666666666;676,4622691636674;466,64764625632847;192,2177858525999;0,6834754605183896;0,5187829146160852;5288,542801002861;14005,395184250618;642,1215898443627;1,8226977375128892
15,25;676,5553618996157;468,45626329010054;193,23925129915528;0,6834754605183896;0,5187829146160852;5245,365572683474;13934,48965281187;643,294378726544;1,8086170337720757
15,333333333333334;676,646004969977;470,2508585671867;194,2590660494311;0,6834754605183896;0,5187829146160852;5202,477465237879;13863,38425138571;644,467419482007;1,7945952770861568
15,416666666666666;676,7342628358654;472,0314923488706;195,2772267280854;0,6834754605183896;0,5187829146160852;5159,878660069757;13792,093093933054;645,6406120383582;1,7806337816838764
15,5;676,8201982621491;473,79822615997097;196,29373014574068;0,6834754605183896;0,5187829146160852;5117,569262174869;13720,630029068381;646,8138564566691;1,7667338111003694
15,583333333333334;676,9038723620862;475,5511227389613;197,3085732929927;0,6834754605183896;0,5187829146160852;5075,549302554454;13649,00864237304;647,9870530033788;1,75289657899032
15,666666666666666;676,9853446407849;477,29024598891226;198,32175333459392;0,6834754605183896;0,5187829146160852;5033,818740578123;13577,242258746086;649,1601022195671;1,7391232499509708
15,75;677,0646730375212;479,0156609292661;199,3332676038076;0,6834754605183896;0,5187829146160852;4992,377466296815;13505,343944790917;650,3329049876196;1,7254149403538814
15,833333333333334;677,1419139669424;480,7274336484505;200,34311359692725;0,6834754605183896;0,5187829146160852;4951,225302706376;13433,32651123665;651,505362595312;1,711772719184399
15,916666666666666;677,2171223591865;482,4256312573383;201,35128896795752;0,6834754605183896;0,5187829146160852;4910,362007962297;13361,202515392328;652,6773767973389;1,6981976088877782
16,0;677,2903516989464;484,11032184355923;202,3577915234517;0,6834754605183896;0,5187829146160852;4869,787277546206;13288,9842636327;653,8488498743179;1,6846905862209454
16,083333333333332;677,3616540635052;485,78157442666816;203,362619217502;0,6834754605183896;0,5187829146160852;4829,5007463846805;13216,683813913898;655,0196846893025;1,6712525831089062
16,166666666666668;677,4310801597712;487,439458914173;204,36577014687782;0,6834754605183896;0,5187829146160852;4789,501990920925;13144,31297831735;656,1897847418378;1,6578844875048
16,25;677,4986793603387;489,08404605842566;205,36724254630892;0,6834754605183896;0,5187829146160852;4749,790531139956;13071,88332562046;657,3590542195963;1,6445871442526918
16,333333333333332;677,5644997385988;490,7154074143778;206,36703478390834;0,6834754605183896;0,5187829146160852;4710,3658325478245;12999,40618389237;658,5273980476329;1,6313613559521498
16,416666666666668;677,6285881029279;492,33361529820155;207,36514535673226;0,6834754605183896;0,5187829146160852;4671,227308105525;12926,892643113137;659,6947219352994;1,618207883823727
16,5;677,6909900299743;493,93874274677603;208,3615728864724;0,6834754605183896;0,5187829146160852;4632,374320118159;12854,353557814822;660,8609324208603;1,605127448574497
16,583333333333332;677,7517498970717;495,5308634780388;209,35631611527765;0,6834754605183896;0,5187829146160852;4593,806182079956;12781,799549742616;662,0259369138544;1,5921207312627774
16,666666666666668;677,810910913797;497,11005185220006;210,34937390170094;0,6834754605183896;0,5187829146160852;4555,522160475823;12709,24101053476;663,1896437352464;1,5791883741612909
16,75;677,8685151526996;498,67638283381797;211,34074521676854;0,6834754605183896;0,5187829146160852;4517,521476539923;12636,688104419125;664,3519621554137;1,5663309816179345
16,833333333333332;677,9246035792214;500,22993195473146;212,33042914016764;0,6834754605183896;0,5187829146160852;4479,803307972041;12564,15077092535;665,512802430017;1,553549120913475
16,916666666666668;677,9792160808294;501,7707752778469;213,31842485654943;0,6834754605183896;0,5187829146160852;4442,366790612249;12491,638727610507;666,6720758338001;1,5408433231154168
17,0;678,0323914953816;503,2989893617743;214,30473165194434;0,6834754605183896;0,5187829146160852;4405,211020074562;12419,161472797003;667,8296946923689;1,5282140839274039
17,083333333333332;678,084167638747;504,81465122630783;215,2893489102862;0,6834754605183896;0,5187829146160852;4368,335053340182;12346,728288320897;668,9855724119975;1,5156618645334858
17,166666666666668;678,1345813316984;506,31783831874446;216,27227611004238;0,6834754605183896;0,5187829146160852;4331,737910310979;12274,34824228926;670,1396235075122;1,5031870924366535
17,25;678,1836684260974;507,80862848103556;217,2535128209468;0,6834754605183896;0,5187829146160852;4295,418575323849;12202,030191844979;671,2917636282996;1,490790162291068
17,333333333333332;678,2314638303909;509,287099917763;218,23305870083323;0,6834754605183896;0,5187829146160852;4259,375998626545;12129,782785937414;672,4419095824937;1,4784714367274172
17,416666666666668;678,2780015344359;510,7533311649339;219,21091349256557;0,6834754605183896;0,5187829146160852;4223,609097815698;12057,614468097545;673,5899793593873;1,4662312471709071
17,5;678,3233146336723;512,2074010595853;220,18707702106292;0,6834754605183896;0,5187829146160852;4188,1167592375505;11985,533479216016;674,7358921501203;1,4540698946513808
17,583333333333332;678,3674353526578;513,6493887101905;221,16154919041628;0,6834754605183896;0,5187829146160852;4152,897839352176;11913,547860322826;675,8795683666947;1,441987650605137
17,666666666666668;678,4103950679852;515,0793734678584;222,13432998109462;0,6834754605183896;0,5187829146160852;4117,951166061684;11841,665455366963;677,020929659365;1,4299847576679852
17,75;678,4522243305956;516,4974348983176;223,10541944723764;0,6834754605183896;0,5187829146160852;4083,2755400031688;11769,893913994967;678,1598989324548;1,4180614304591868
17,833333333333332;678,4929528875055;517,9036527546734;224,07481771403272;0,6834754605183896;0,5187829146160852;4048,8697358069517;11698,240694326805;679,2964003586485;1,406217856355873
17,916666666666668;678,5326097029603;519,298106950931;225,04252497517385;0,6834754605183896;0,5187829146160852;4014,732503320801;11626,713065727887;680,4303593918057;1,3944541962576356
18,0;678,5712229790333;520,680877536272;226,00854149039998;0,6834754605183896;0,5187829146160852;3980,862568800731;11555,318111575893;681,5617027783512;1,3827705853409458
18,083333333333332;678,6088201756816;522,0520446700751;226,97286758311068;0,6834754605183896;0,5187829146160852;3947,2586360690343;11484,062732021232;682,6903585672824;1,3711671338031448
18,166666666666668;678,6454280302735;523,4116885976708;227,93550363805687;0,6834754605183896;0,5187829146160852;3913,9193876401605;11412,953646739863;683,8162561188465;1,3596439275957277
18,25;678,681072576604;524,7598896268175;228,89645009910433;0,6834754605183896;0,5187829146160852;3880,8434858150663;11341,997397677405;684,9393261119327;1,3482010291466933
18,333333333333332;678,7157791634083;526,0967281048893;229,85570746706816;0,6834754605183896;0,5187829146160852;3848,0295737446622;11271,200351783296;686,0595005502273;1,3368384780717395
18,416666666666668;678,7495724723883;527,4222843967634;230,81327629761594;0,6834754605183896;0,5187829146160852;3815,476276462977;11200,568703734041;687,1767127671725;1,32555629187414
18,5;678,7824765357656;528,7366388633965;231,76915719923775;0,6834754605183896;0,5187829146160852;3783,1822018906223;11130,108478644368;688,2908974297812;1,3143544666331008
18,583333333333332;678,8145147533719;530,039871841077;232,72335083128092;0,6834754605183896;0,5187829146160852;3751,145941809227;11059,82553476543;689,4019905413465;1,3032329776804912
18,666666666666668;678,8457099092898;531,3320636213429;233,67585790204794;0,6834754605183896;0,5187829146160852;3719,3660728073723;10989,725566168947;690,5099294430909;1,2921917802657983
18,75;678,876084188056;532,613294431552;234,62667916695543;0,6834754605183896;0,5187829146160852;3687,841157198673;10919,814105416406;691,6146528147992;1,2812308102092147
18,833333333333332;678,9056591904374;533,8836444160949;235,57581542675257;0,6834754605183896;0,5187829146160852;3656,5697439125984;10850,096526212483;692,7161006744752;1,2703499845427797
18,916666666666668;678,9344559487934;535,1431936182344;236,52326752579722;0,6834754605183896;0,5187829146160852;3625,550369358564;10780,57804604166;693,814214377064;1,259549202139488
19,0;678,962494942032;536,3920219625647;237,46903635038802;0,6834754605183896;0,5187829146160852;3594,781558263975;10711,263728787499;694,9089366122798;1,2488283443303536
19,083333333333332;678,9897961101748;537,6302092380741;238,41312282715083;0,6834754605183896;0,5187829146160852;3564,261824486681;10642,15848733342;696,0002114015804;1,2381872755093535
19,166666666666668;679,0163788685361;538,8578350818004;239,355527921478;0,6834754605183896;0,5187829146160852;3533,9896718025157;10573,267086144651;697,0879840943226;1,227625843726281
19,25;679,0422621215309;540,0749789630679;240,29625263601895;0,6834754605183896;0,5187829146160852;3503,9635946683916;10504,594143830222;698,1722013631404;1,2171438812674649
19,333333333333332;679,0674642761189;541,2817201682923;241,23529800922032;0,6834754605183896;0,5187829146160852;3474,182078961576;10436,144135684704;699,2528111985806;1,2067412052244042
19,416666666666668;679,0920032548943;542,4781377863426;242,1726651139146;0,6834754605183896;0,5187829146160852;3444,6436026956662;10367,92139620884;700,3297629030312;1,196417618050329
19,5;679,1158965088316;543,6643106944473;243,10835505595554;0,6834754605183896;0,5187829146160852;3415,3466367137926;10299,930121608473;701,4030070839792;1,1861729081047176
19,583333333333332;679,139161029696;544,8403175446332;244,04236897289903;0,6834754605183896;0,5187829146160852;3386,2896453596077;10232,17437227134;702,4724956466282;1,1760068501858514
19,666666666666668;679,1618133621271;546,0062367506846;244,97470803272822;0,6834754605183896;0,5187829146160852;3357,4710871265693;10164,658075221023;703,5381817859145;1,165919206051435
19,75;679,1838696154049;547,162146475612;245,90537343262142;0,6834754605183896;0,5187829146160852;3328,889415286062;10097,385026547763;704,6000199779469;1,1559097249273924
19,833333333333332;679,2053454749057;548,3081246196168;246,83436639776158;0,6834754605183896;0,5187829146160852;3300,543078494823;10030,358893815464;705,6579659709079;1,1459781440048862
19,916666666666668;679,2262562132566;549,4442488085425;247,7616881801862;0,6834754605183896;0,5187829146160852;3272,4305213822217;9963,58321844459;706,711976775442;1,1361241889256837
20,0;679,2466167011975;550,5705963827985;248,68734005767632;0,6834754605183896;0,5187829146160852;3244,5501851178533;9897,061418070483;707,7620106545625;1,1263475742559481
20,083333333333332;679,2664414181553;551,6872443867471;249,6113233326835;0,6834754605183896;0,5187829146160852;3216,900507959974;9830,79678887686;708,808027113104;1,116648003948594
20,166666666666668;679,2857444625421;552,7942695585414;250,53363933129376;0,6834754605183896;0,5187829146160852;3189,479925785204;9764,792507903901;709,8499868867513;1,1070251717942816
20,25;679,3045395617808;553,8917483204026;251,45428940222712;0,6834754605183896;0,5187829146160852;3162,286872600018;9699,051635330905;710,8878519306675;1,0974787618612167
20,333333333333332;679,3228400820669;554,9797567693265;252,373274915872;0,6834754605183896;0,5187829146160852;3135,319781034454;9633,577116732982;711,9215854077496;1,0880084489238595
20,416666666666668;679,3406590378755;556,0583706682072;253,29059726335316;0,6834754605183896;0,5187829146160852;3108,5770828185105;9568,371785311676;712,951151676536;1,0786138988806853
20,5;679,3580091012146;557,1276654373684;254,20625785563232;0,6834754605183896;0,5187829146160852;3082,057209241708;9503,43836409933;713,9765162787903;1,0692947691611554
20,583333333333332;679,3749026106382;558,1877161464904;255,12025812264042;0,6834754605183896;0,5187829146160852;3055,7585915961567;9438,779468136698;714,9976459267848;1,0600507091220022
20,666666666666668;679,3913515800206;559,2385975069234;256,03259951244064;0,6834754605183896;0,5187829146160852;3029,6796616036945;9374,397606624036;716,0145084903063;1,0508813604330285
20,75;679,4073677070996;560,280383864376;256,9432834904211;0,6834754605183896;0,5187829146160852;3003,8188518274296;9310,295185045281;717,027072983405;1,0417863574525532
20,833333333333332;679,4229623817965;561,3131491919686;257,85231153851663;0,6834754605183896;0,5187829146160852;2978,1745960680923;9246,474507265028;718,03530955091;1,0327653275926338
20,916666666666668;679,4381466943146;562,3369670836429;258,7596851544583;0,6834754605183896;0,5187829146160852;2952,7453297456987;9182,937777598709;719,0391894547286;1,0238178916742928
21,0;679,4529314430272;563,3519107479158;259,66540585105014;0,6834754605183896;0,5187829146160852;2927,5294902667924;9119,687102855238;720,0386850599505;1,0149436642728362
21,083333333333332;679,4673271421564;564,3580530019693;260,5694751554725;0,6834754605183896;0,5187829146160852;2902,525517377785;9056,72449435266;721,0337698207778;1,0061422540534901
21,166666666666668;679,4813440292504;565,3554662660669;261,47189460861057;0,6834754605183896;0,5187829146160852;2877,731853504676;8994,051869906305;722,0244182662929;0,9974132640974873
21,25;679,4949920724642;566,3442225582857;262,37266576440766;0,6834754605183896;0,5187829146160852;2853,146944079589;8931,67105578967;723,0106059860877;0,9887562922187846
21,333333333333332;679,508280977648;567,3243934895572;263,27179018924267;0,6834754605183896;0,5187829146160852;2828,769237854465;8869,583788667958;723,9923096157686;0,9801709312715875
21,416666666666668;679,5212201952501;568,296050259006;264,16926946133066;0,6834754605183896;0,5187829146160852;2804,5971872022706;8807,79171750424;724,9695068223521;0,9716567694488367
21,5;679,5338189270369;569,2592636495779;265,06510517014607;0,6834754605183896;0,5187829146160852;2780,6292484061005;8746,296405438343;725,9421762895665;0,96321339057185
21,583333333333332;679,5460861326376;570,2141040239492;265,95929891586746;0,6834754605183896;0,5187829146160852;2756,8638819364764;8685,099331638468;726,9102977030781;0,9548403743712747
21,666666666666668;679,5580305359156;571,1606413207087;266,85185230884383;0,6834754605183896;0,5187829146160852;2733,29955271721;8624,201893125568;727,8738517356494;0,9465372967595295
21,75;679,5696606311717;572,0989450508036;267,74276696908106;0,6834754605183896;0,5187829146160852;2709,9347303801724;8563,605406570703;728,8328200322499;0,9383037300949175
21,833333333333332;679,5809846891862;573,0290842942412;268,63204452574854;0,6834754605183896;0,5187829146160852;2686,7678895092013;8503,311110065126;729,7871851951259;0,9301392434375517
21,916666666666668;679,5920107630999;573,9511276970385;269,51968661670475;0,6834754605183896;0,5187829146160852;2663,7975098736233;8443,320164863737;730,7369307688464;0,9220434027973184
22,0;679,6027466941408;574,8651434684125;270,4056948880416;0,6834754605183896;0,5187829146160852;2641,022076651535;8383,633657101522;731,6820412253348;0,9140157713739956
22,083333333333332;679,6132001172016;575,7711993782023;271,2900709936468;0,6834754605183896;0,5187829146160852;2618,440080643208;8324,252599483229;732,6225019488977;0,9060559097897146
22,166666666666668;679,6233784662677;576,6693627545162;272,1728165947838;0,6834754605183896;0,5187829146160852;2596,0500184749835;8265,177932946783;733,5582992212605;0,8981633763139681
22,25;679,6332889797053;577,5597004815975;273,0539333596884;0,6834754605183896;0,5187829146160852;2573,8503927937873;8206,410528299988;734,4894202066235;0,8903377270812676
22,333333333333332;679,6429387054084;578,4422789978992;273,9334229631822;0,6834754605183896;0,5187829146160852;2551,8397124526955;8147,951187831195;735,4158529367431;0,8825785163016789
22,416666666666668;679,6523345058105;579,3171642943636;274,8112870863012;0,6834754605183896;0,5187829146160852;2530,01649268773;8089,80064689383;736,3375862960522;0,874885296464362
22,5;679,6614830627658;580,1844219128978;275,6875274159407;0,6834754605183896;0,5187829146160852;2508,3792552861723;8031,959575465015;737,2546100068245;0,8672576185342907
22,583333333333332;679,6703908823004;581,0441169450402;276,56214564451415;0,6834754605183896;0,5187829146160852;2486,9265287466988;7974,428579678603;738,1669146143934;0,8596950321423273
22,666666666666668;679,679064299239;581,896314030809;277,43514346962706;0,6834754605183896;0,5187829146160852;2465,6568484315044;7917,2082033325605;739,0744914724334;0,8521970857687807
22,75;679,6875094817104;582,7410773577296;278,3065225937645;0,6834754605183896;0,5187829146160852;2444,568756710751;7860,29892937122;739,97733272831;0,8447633269206416
22,833333333333332;679,6957324355335;583,5784706600323;279,17628472399207;0,6834754605183896;0,5187829146160852;2423,66080309952;7803,701181342332;740,8754313085049;0,8373933023026251
22,916666666666668;679,7037390084886;584,4085572180145;280,0444315716701;0,6834754605183896;0,5187829146160852;2402,9315443875303;7747,415324829358;741,7687809041267;0,8300865579821878
23,0;679,711534894476;585,2313998575631;280,91096485218037;0,6834754605183896;0,5187829146160852;2382,3795447618522;7691,441668859076;742,6573759565072;0,8228426395486684
23,083333333333332;679,7191256375656;586,0470609498299;281,77588628466486;0,6834754605183896;0,5187829146160852;2362,003375922822;7635,7804672848315;743,5412116428959;0,8156610922666989
23,166666666666668;679,726516635939;586,855602411054;282,6391975917767;0,6834754605183896;0,5187829146160852;2341,801617193394;7580,431920145615;744,4202838622523;0,808541461224039
23,25;679,7337131457288;587,6570857025279;283,50090049944197;0,6834754605183896;0,5187829146160852;2321,772855622126;7525,396175001216;745,2945892211469;0,8014832914739703
23,333333333333332;679,7407202847559;588,4515718307002;284,3609967366331;0,6834754605183896;0,5187829146160852;2301,915686080022;7470,673328243753;746,1641250197686;0,7944861281724083
23,416666666666668;679,7475430361706;589,2391213474101;285,21948803515255;0,6834754605183896;0,5187829146160852;2282,2287113513908;7416,26342638567;747,0288892380516;0,7875495167098449
23,5;679,7541862519943;590,0197943502484;286,0763761294269;0,6834754605183896;0,5187829146160852;2262,710542219011;7362,166467324848;747,888880521919;0,7806730028383086
23,583333333333332;679,7606546565718;590,7936504830418;286,9316627563109;0,6834754605183896;0,5187829146160852;2243,359797543647;7308,382401586441;748,7440981696482;0,7738561327934121
23,666666666666668;679,7669528499299;591,5607489364535;287,7853496549013;0,6834754605183896;0,5187829146160852;2224,175104338249;7254,911133542419;749,5945421183685;0,7670984534116824
23,75;679,7730853110494;592,3211484486967;288,6374385663597;0,6834754605183896;0,5187829146160852;2205,1550978369105;7201,752522608518;750,4402129306833;0,7603995122432604
23,833333333333332;679,7790564010498;593,0749073063569;289,48793123374446;0,6834754605183896;0,5187829146160852;2186,298421558817;7148,906384419192;751,2811117814281;0,7537588576601261
23,916666666666668;679,7848703662914;593,8220833453169;290,33682940185145;0,6834754605183896;0,5187829146160852;2167,6037273673246;7096,372491980702;752,1172404445656;0,7471760389599572
24,0;679,7905313413944;594,5627339517827;291,18413481706307;0,6834754605183896;0,5187829146160852;2149,069675524365;7044,150576802661;752,9486012802192;0,7406506064657559
24,083333333333332;679,7960433521796;595,2969160634041;292,0298492272052;0,6834754605183896;0,5187829146160852;2130,6949347402933;6992,240330008227;753,7751972218457;0,7341821116213555
24,166666666666668;679,8014103185315;596,024686170487;292,87397438141215;0,6834754605183896;0,5187829146160852;2112,478182219388;6940,641403423388;754,5970317635556;0,7277701070829337
24,25;679,8066360571855;596,7461003172937;293,7165120299992;0,6834754605183896;0,5187829146160852;2094,4181037011103;6889,353410645383;755,414108947575;0,7214141468066407
24,333333333333332;679,8117242844428;597,4612141034262;294,5574639243421;0,6834754605183896;0,5187829146160852;2076,5133934972964;6838,375928090782;756,2264333518574;0,7151137861324642
24,416666666666668;679,8166786188127;598,1700826852906;295,3968318167638;0,6834754605183896;0,5187829146160852;2058,762754525415;6787,708496023257;757,0340100778438;0,7088685818644286
24,5;679,8215025835862;598,8727607776378;296,2346174604279;0,6834754605183896;0,5187829146160852;2041,164898338053;6737,350619561581;757,8368447383712;0,7026780923472588
24,583333333333332;679,8261996093415;599,5693026551775;297,07082260923875;0,6834754605183896;0,5187829146160852;2023,718545148708;6687,301769667839;758,6349434457362;0,696541877539583
24,666666666666668;679,8307730363838;600,2597621542612;297,90544901774734;0,6834754605183896;0,5187829146160852;2006,4224238541015;6637,561384116407;759,4283127999079;0,6904594990838143
24,75;679,8352261171207;600,9440323540017;298,7384984410639;0,6834754605183896;0,5187829146160852;1989,2752720530639;6588,128868443791;760,3950744049208;0,6842701997405153
24,833333333333332;679,8395620183747;601,6226080720718;299,5699726347758;0,6834754605183896;0,5187829146160852;1972,279844077974;6539,015215557157;760,866354404814;0,6785757180700392
24,916666666666668;679,8437838236365;602,2955296094249;300,3998733548714;0,6834754605183896;0,5187829146160852;1955,4238486575741;6490,187754165715;761,3383828228011;0,6729215373531252
25,0;679,8478945352565;602,9628371569576;301,22820235766903;0,6834754605183896;0,5187829146160852;1938,7063553552907;6441,646546905124;761,8111399173406;0,6673075475327295
25,083333333333332;679,8518970765805;603,6245707917715;302,05496139975145;0,6834754605183896;0,5187829146160852;1922,1264344574734;6393,391614506845;762,2846058541129;0,6617336348138684
25,166666666666668;679,8557942940289;604,2807704735313;302,88015223790507;0,6834754605183896;0,5187829146160852;1905,6831571202251;6345,422936652328;762,7587607095347;0,6561996817598813
25,25;679,8595889591204;604,9314760409189;303,7037766290641;0,6834754605183896;0,5187829146160852;1889,375595512439;6297,740452818887;763,2335844742985;0,6507055673875691
25,333333333333332;679,8632837704438;605,5767272081802;304,5258363302595;0,6834754605183896;0,5187829146160852;1873,2028229550365;6250,344063116978;763,7090570569352;0,64525116726118
25,416666666666668;679,8668813555757;606,2165635617655;305,34633309857173;0,6834754605183896;0,5187829146160852;1857,1639140565908;6203,233629119204;764,1851582873971;0,639836353585285
25,5;679,870384272951;606,851024557062;306,16526869108884;0,6834754605183896;0,5187829146160852;1841,2579448452561;6156,408974680524;764,6618679206616;0,6344609952964904
25,583333333333332;679,8737950136804;607,4801495152161;306,9826448648676;0,6834754605183896;0,5187829146160852;1825,4839928972247;6109,869886750109;765,1391656403529;0,6291249581540398
25,666666666666668;679,8771160033232;608,1039776200454;307,7984633768993;0,6834754605183896;0,5187829146160852;1809,8411374616062;6063,6161161743175;765,6170310623806;0,6238281048292517
25,75;679,8803496036122;608,7225479150392;308,6127259840789;0,6834754605183896;0,5187829146160852;1794,328459581945;6017,647378491167;766,0954437385948;0,6185702949938396
25,833333333333332;679,8834981141327;609,3358993004463;309,4254344431782;0,6834754605183896;0,5187829146160852;1778,9450422143261;5971,96335471599;766,5743831604534;0,6133513854070848
25,916666666666668;679,8865637739583;609,9440705304481;310,23659051082205;0,6834754605183896;0,5187829146160852;1763,6899703421618;5926,563692118264;767,0538287627039;0,6081712300018637
26,0;679,8895487632428;610,5471002104176;311,0461959434684;0,6834754605183896;0,5187829146160852;1748,5623310877543;5881,448004989722;767,5337599270756;0,6030296799695479
26,083333333333332;679,8924552047711;611,1450267942614;311,8542524973909;0,6834754605183896;0,5187829146160852;1733,5612138206302;5836,615875403605;768,0141559859806;0,5979265838437609
26,166666666666668;679,8952851654685;611,7378885818445;312,6607619286654;0,6834754605183896;0,5187829146160852;1718,6857102627414;5792,066853964976;768,4949962262247;0,592861787582994
26,25;679,8980406578708;612,3257237164966;313,4657259931585;0,6834754605183896;0,5187829146160852;1703,9349145906017;5747,800460552281;768,9762598927235;0,5878351346520988
26,333333333333332;679,9007236415554;612,9085701825992;314,2691464465196;0,6834754605183896;0,5187829146160852;1689,3079235343548;5703,816185049865;769,457926192225;0,5828464661026309
26,416666666666668;679,9033360245348;613,4864658032512;315,07102504417514;0,6834754605183896;0,5187829146160852;1674,8038364739045;5660,113488071634;769,9399742970351;0,5778956206520708
26,5;679,9058796646137;614,0594482380131;315,8713635413258;0,6834754605183896;0,5187829146160852;1660,4217555320902;5616,691801675751;770,4223833487453;0,572982434761911
26,583333333333332;679,9083563707101;614,6275549807277;316,67016369294595;0,6834754605183896;0,5187829146160852;1646,1607856650148;5573,5505300703735;770,9051324619629;0,5681067427146133
26,666666666666668;679,9107679041414;615,1908233574171;317,4674272537851;0,6834754605183896;0,5187829146160852;1632,0200347495586;5530,689050310495;771,3882007280388;0,563268376689449
26,75;679,9131159798776;615,7492905242543;318,26315597837237;0,6834754605183896;0,5187829146160852;1617,9986136681066;5488,10671298571;771,8715672187943;0,5584671668372058
26,833333333333332;679,9154022677602;616,3029934656081;319,0573516210223;0,6834754605183896;0,5187829146160852;1604,095636390582;5445,802842899128;772,3552109902444;0,5537029413537836
26,916666666666668;679,9176283936906;616,8519689921608;319,8500159358431;0,6834754605183896;0,5187829146160852;1590,3102200538028;5403,776739737246;772,8391110863158;0,5489755265526707
27,0;679,9197959407852;617,3962537390971;320,64115067674663;0,6834754605183896;0,5187829146160852;1576,6414850382462;5362,027678730936;773,3232465425597;0,5442847469363125
27,083333333333332;679,9219064505022;617,9358841643635;321,4307575974604;0,6834754605183896;0,5187829146160852;1563,0885550422022;5320,554911307376;773,8075963898558;0,5396304252663622
27,166666666666668;679,9239614237376;618,4708965469964;322,21883845154093;0,6834754605183896;0,5187829146160852;1549,650557153467;5279,357665733189;774,292139658108;0,5350123826328426
27,25;679,9259623218923;619,0013269855186;323,0053949923892;0,6834754605183896;0,5187829146160852;1536,3266219185307;5238,435147748555;774,7768553799294;0,5304304385221982
27,333333333333332;679,9279105679112;619,5272113964029;323,79042897326735;0,6834754605183896;0,5187829146160852;1523,1158834093408;5197,786541192423;775,2617225943162;0,5258844108842525
27,416666666666668;679,9298075472963;620,048585512601;324,57394214731687;0,6834754605183896;0,5187829146160852;1510,0174792877083;5157,411008618881;775,7467203503069;0,5213741161980819
27,5;679,9316546090902;620,5654848821378;325,35593626757833;0,6834754605183896;0,5187829146160852;1497,0305508673819;5117,307691904675;776,2318277106293;0,5168993695368047
27,583333333333332;679,9334530668372;621,077944866769;326,13641308701216;0,6834754605183896;0,5187829146160852;1484,1542431738105;5077,475712847801;776,7170237553298;0,5124599846312836
27,666666666666668;679,9352041995162;621,5860006407017;326,9153743585209;0,6834754605183896;0,5187829146160852;1471,3877050017031;5037,914173757399;777,2022875853868;0,508055773932767
27,75;679,936909252451;622,0896871893761;327,6928218349726;0,6834754605183896;0,5187829146160852;1458,7300889703613;4998,622158034786;777,6875983263047;0,5036865486744532
27,833333333333332;679,9385694381955;622,5890393083082;328,4687572692251;0,6834754605183896;0,5187829146160852;1446,1805515768701;4959,598730745771;778,17293513169;0,49935211893199843
27,916666666666668;679,9401859373962;623,0840916019912;329,2431824141513;0,6834754605183896;0,5187829146160852;1433,738253247182;4920,842939184283;778,6582771868044;0,49505229368297127
28,0;679,9417598996317;623,5748784828564;330,0160990226659;0,6834754605183896;0,5187829146160852;1421,4023583851258;4882,3538134273;779,1436037120975;0,4907868808652568
28,083333333333332;679,9432924442306;624,0614341702908;330,78750884775235;0,6834754605183896;0,5187829146160852;1409,1720354193826;4844,130366881116;779,6288939667152;0,4865556874344178
28,166666666666668;679,9447846610667;624,5437926897108;331,5574136424909;0,6834754605183896;0,5187829146160852;1397,0464568484942;4806,1715968190965;780,1141272519841;0,48235851942002816
28,25;679,9462376113349;625,0219878716917;332,3258151600877;0,6834754605183896;0,5187829146160852;1385,0247992838972;4768,476484910772;780,5992829148703;0,47819518198096855
28,333333333333332;679,9476523283056;625,4960533511514;333,09271515390395;0,6834754605183896;0,5187829146160852;1373,1062434910796;4731,043997742562;781,0843403514104;0,47406547945971494
28,416666666666668;679,9490298180593;625,9660225665871;333,85811537748634;0,6834754605183896;0,5187829146160852;1361,289974428854;4693,873087329949;781,5692790101161;0,46996921543560555
28,5;679,9503710602024;626,4319287593642;334,6220175845977;0,6834754605183896;0,5187829146160852;1349,5751812868066;4656,962691621285;782,0540783953484;0,46590619277710604
28,583333333333332;679,9516770085636;626,8938049730573;335,3844235292484;0,6834754605183896;0,5187829146160852;1337,9610575209567;4620,311734993249;782,5387180706621;0,4618762136930789
28,666666666666668;679,9529485918722;627,3516840528404;336,14533496572807;0,6834754605183896;0,5187829146160852;1326,4468008876577;4583,919128737983;783,0231776621193;0,4578790797830601
28,75;679,9541867144189;627,8055986449269;336,9047536486378;0,6834754605183896;0,5187829146160852;1315,031613475796;4547,783771542026;783,5074368615708;0,4539145920865615
28,833333333333332;679,9553922566988;628,2555811960583;337,66268133292283;0,6834754605183896;0,5187829146160852;1303,7147017373002;4511,904549957068;783,9914754299032;0,4499825511313967
28,916666666666668;679,9565660760368;628,7016639530393;338,41911977390555;0,6834754605183896;0,5187829146160852;1292,4952765160128;4476,280338862506;784,4752732002532;0,4460827569810416
29,0;679,9577090071986;629,1438789623204;339,17407072731874;0,6834754605183896;0,5187829146160852;1281,3725530749366;4440,910001919968;784,9588100811857;0,4422150092810377
29,083333333333332;679,9588218629832;629,5822580696249;339,9275359493391;0,6834754605183896;0,5187829146160852;1270,345751121954;4405,792392019952;785,4420660598357;0,43837910730446317
29,166666666666668;679,9599054348018;630,0168329196214;340,679517196621;0,6834754605183896;0,5187829146160852;1259,4140948339573;4370,926351720326;785,9250212050143;0,4345748499964449
29,25;679,96096049324;630,4476349556392;341,4300162263306;0,6834754605183896;0,5187829146160852;1248,5768128795116;4336,310713677129;786,407655670275;0,43080203601775985
29,333333333333332;679,961987788606;630,8746954194266;342,1790347961797;0,6834754605183896;0,5187829146160852;1237,8331384400212;4301,944301067399;786,8899496969427;0,42706046378749973
29,416666666666668;679,9629880514643;631,2980453509515;342,92657466446;0,6834754605183896;0,5187829146160852;1227,1823092294853;4267,825928004443;787,3718836171024;0,42334993152484307
29,5;679,963961993155;631,7177155882414;343,6726375900776;0,6834754605183896;0,5187829146160852;1216,6235675128205;4233,954399945262;787,8534378565477;0,41967023728990865
29,583333333333332;679,9649103062999;632,1337367672651;344,417225332587;0,6834754605183896;0,5187829146160852;1206,156160122839;4200,32851409049;788,3345929376874;0,41602117902372904
29,666666666666668;679,9658336652951;632,5461393218524;345,1603396522256;0,6834754605183896;0,5187829146160852;1195,7793384758702;4166,947059776763;788,815329482411;0,4124025545873373
29,75;679,9667327267902;632,9549534836524;345,901982309948;0,6834754605183896;0,5187829146160852;1185,4923585860688;4133,808818861606;789,2956282149119;0,40881416179997776
29,833333333333332;679,9676081301558;633,3602092821288;346,64215506746007;0,6834754605183896;0,5187829146160852;1175,2944810784443;4100,912566100898;789,7754699644648;0,4052557984764516
29,916666666666668;679,9684604979377;633,7619365445925;347,38085968725346;0,6834754605183896;0,5187829146160852;1165,1849712006738;4068,257069519214;790,2548356681625;0,40172726246362506
30,0;679,9692904363003;634,1601648962685;348,11809793263933;0,6834754605183896;0,5187829146160852;1155,1630988336315;4035,8410907726006;790,733706373605;0,3982283516760647
30,083333333333332;679,9700985354568;634,5549237603993;348,85387156778233;0,6834754605183896;0,5187829146160852;1145,228138500795;4003,663385504519;791,2120632415447;0,3947588641308674
30,166666666666668;679,9708853700895;634,946242358381;349,5881823577345;0,6834754605183896;0,5187829146160852;1135,3793693764374;3971,722703694437;791,6898875484862;0,39131859798164287
30,25;679,9716514997584;635,3341497099327;350,32103206846875;0,6834754605183896;0,5187829146160852;1125,6160752927117;3940,0177899995315;792,1671606892387;0,38790735155169265
30,333333333333332;679,9723974692993;635,7186746332991;351,05242246691216;0,6834754605183896;0,5187829146160852;1115,9375447456428;3908,547384089494;792,6438641794205;0,3845249233663886
30,416666666666668;679,9731238092106;636,0998457454838;351,78235532097915;0,6834754605183896;0,5187829146160852;1106,3430709000045;3877,3102209743442;793,1199796579189;0,3811711121847438
30,5;679,9738310360315;636,477691462514;352,5108323996044;0,6834754605183896;0,5187829146160852;1096,8319515931712;3846,3050313255526;793,5954888892992;0,37784571703020675
30,583333333333332;679,9745196527085;636,8522399997347;353,2378554727754;0,6834754605183896;0,5187829146160852;1087,403489337936;3815,530541790407;794,0703737661674;0,3745485372206772
30,666666666666668;679,9751901489537;637,2235193721325;353,9634263115648;0,6834754605183896;0,5187829146160852;1078,0569913243453;3784,9854752998394;794,5446163114823;0,371279372397765
30,75;679,9758430015926;637,5915573946878;354,68754668816234;0,6834754605183896;0,5187829146160852;1068,7917694205312;3754,6685513695825;795,0181986808199;0,368038022555281
30,833333333333332;679,9764786749035;637,9563816827548;355,4102183759067;0,6834754605183896;0,5187829146160852;1059,6071401726192;3724,578486394934;795,491103164587;0,3648242880669935
30,916666666666668;679,9770976209477;638,3180196524685;356,1314431493165;0,6834754605183896;0,5187829146160852;1050,502424803719;3694,7139939391673;795,9633121901866;0,3616379697136505
31,0;679,9777002798905;638,6764985211778;356,85122278412155;0,6834754605183896;0,5187829146160852;1041,4769492119804;3665,073785015503;796,4348083241304;0,35847886870926676
31,083333333333332;679,9782870803149;639,0318453079045;357,5695590572932;0,6834754605183896;0,5187829146160852;1032,5300439678188;3635,6565683629938;796,9055742741036;0,3553467867267102
31,166666666666668;679,9788584395258;639,384086833827;358,28645374707475;0,6834754605183896;0,5187829146160852;1023,6610443102592;3606,4610507161656;797,3755928909773;0,3522415259225738
31,25;679,9794147638471;639,7332497227884;359,00190863301106;0,6834754605183896;0,5187829146160852;1014,8692901424681;3577,4859370686463;797,84484717077;0,34916288896135983
31,333333333333332;679,9799564489108;640,0793604018273;359,71592549597796;0,6834754605183896;0,5187829146160852;1006,1541260264676;3548,7299309307514;798,3133202565589;0,3461106790389741
31,416666666666668;679,9804838799381;640,4224451017329;360,42850611821126;0,6834754605183896;0,5187829146160852;997,5149011770867;3520,191734581245;798,7809954403385;0,3430846999055547
31,5;679,980997432013;640,7625298576205;361,139652283335;0,6834754605183896;0,5187829146160852;988,9509694551293;3491,8700493131755;799,247856164829;0,34008475588762727
31,583333333333332;679,98149747035;641,0996405095301;361,84936577638973;0,6834754605183896;0,5187829146160852;980,4616893598137;3463,763575674016;799,7138860252317;0,3371106519096111
31,666666666666668;679,9819843505528;641,4338027030448;362,5576483838599;0,6834754605183896;0,5187829146160852;972,0464240204961;3435,8710137001385;800,1790687709341;0,33416219351468196
31,75;679,9824584188679;641,7650418899298;363,264501893701;0,6834754605183896;0,5187829146160852;963,7045411877011;3408,1910631457035;800,6433883071625;0,3312391868850007
31,833333333333332;679,9829200124306;642,0933833287911;363,9699280953662;0,6834754605183896;0,5187829146160852;955,4354132234522;3380,7224237060036;801,1068286965819;0,32834143886131434
31,916666666666668;679,9833694595045;642,4188520857531;364,6739287798323;0,6834754605183896;0,5187829146160852;947,2384170909862;3353,4637952354296;801,5693741608466;0,325468756961949
32,0;679,9838070797155;642,7414730351543;365,3765057396255;0,6834754605183896;0,5187829146160852;939,1129343437854;3326,4138779600507;802,0310090820951;0,3226209494011926
32,083333333333336;679,9842331842785;643,0612708602614;366,07766076884633;0,6834754605183896;0,5187829146160852;931,0583511140294;3299,5713726849317;802,4917180043973;0,319797825107087
32,166666666666664;679,9846480762193;643,378270054;366,77739566319434;0,6834754605183896;0,5187829146160852;923,0740581004284;3272,9349809962882;802,9514856351468;0,31699919373863483
32,25;679,9850520505896;643,6924949197024;367,47571221999203;0,6834754605183896;0,5187829146160852;915,1594505554812;3246,5034054584758;803,4102968464026;0,3142248657024296
32,333333333333336;679,9854453946771;644,0039695718712;368,17261223820844;0,6834754605183896;0,5187829146160852;907,3139282721797;3220,275349806018;803,8681366761799;0,3114746521687245
32,416666666666664;679,9858283882096;644,312717936958;368,8680975184821;0,6834754605183896;0,5187829146160852;899,536895570148;3194,2495191305666;804,3249903296883;0,3087483650869374
32,5;679,9862013035543;644,6187637541586;369,5621698631434;0,6834754605183896;0,5187829146160852;891,8277612812886;3168,4246200631333;804,7808431805182;0,3060458172006227
32,583333333333336;679,9865644059112;644,9221305762205;370,25483107623654;0,6834754605183896;0,5187829146160852;884,1859387348904;3142,7993609513705;805,2356807717786;0,30336682206189297
32,666666666666664;679,9869179535017;645,2228417702659;370,9460829635408;0,6834754605183896;0,5187829146160852;876,6108457422661;3117,3724520322585;805,6894888171802;0,30071119404532537
32,75;679,9872621977522;645,5209205186272;371,63592733259134;0,6834754605183896;0,5187829146160852;869,1019045808957;3092,1426056000255;806,142253202071;0,2980787483613403
32,833333333333336;679,9875973834733;645,8163898196963;372,3243659926995;0,6834754605183896;0,5187829146160852;861,6585419781245;3067,1085361695505;806,5939599844187;0,29546930106907626
32,916666666666664;679,9879237490331;646,109272488785;373,01140075497216;0,6834754605183896;0,5187829146160852;854,2801890944247;3042,2689606353297;807,0445953957448;0,29288266908877075
33,0;679,988241526528;646,3995911589986;373,6970334323312;0,6834754605183896;0,5187829146160852;846,9662815062037;3017,622598425875;807,4941458420072;0,2903186702136389
33,083333333333336;679,9885509419462;646,6873682821199;374,38126583953164;0,6834754605183896;0,5187829146160852;839,7162591882335;2993,168171653905;807,9425979044338;0,28777712312128345
33,166666666666664;679,9888522153294;646,9726261295045;375,06409979317993;0,6834754605183896;0,5187829146160852;832,529566495657;2968,9044052621757;808,3899383403059;0,2852578473846257
33,25;679,9891455609294;647,2553867929869;375,7455371117511;0,6834754605183896;0,5187829146160852;825,4056521456221;2944,8300271650987;808,8361540836928;0,28276066348237205
33,333333333333336;679,9894311873597;647,5356721857959;376,4255796156055;0,6834754605183896;0,5187829146160852;818,3439691985626;2920,943768386358;809,281232246138;0,280285392809039
33,416666666666664;679,9897092977446;647,8135040434804;377,1042291270052;0,6834754605183896;0,5187829146160852;811,3439750390967;2897,244363192278;809,7251601172956;0,277831857684515
33,5;679,9899800898631;648,0889039248436;377,7814874701296;0,6834754605183896;0,5187829146160852;804,4051313566058;2873,7305492213445;810,1679251655202;0,27539988136319843
33,583333333333336;679,9902437562899;648,3618932128863;378,4573564710903;0,6834754605183896;0,5187829146160852;797,5269041254876;2850,401067609756;810,6095150384072;0,2729892880427039
33,666666666666664;679,9905004845323;648,6324931157585;379,13183795794583;0,6834754605183896;0,5187829146160852;790,70876358509;2827,25466311316;811,0499175632875;0,27059990287215047
33,75;679,9907504571632;648,9007246677186;379,8049337607154;0,6834754605183896;0,5187829146160852;783,9501842193442;2804,2900842245595;811,4891207476741;0,268231551960036
33,833333333333336;679,9909938519519;649,1666087301003;380,4766457113924;0,6834754605183896;0,5187829146160852;777,2506447361167;2781,5060832885474;811,9271127796621;0,2658840623817111
33,916666666666664;679,991230841989;649,4301659922868;381,1469756439568;0,6834754605183896;0,5187829146160852;770,6096280462901;2758,9014166119546;812,363882028284;0,26355726218646375
34,0;679,9914615958108;649,691416972691;381,81592539438776;0,6834754605183896;0,5187829146160852;764,0266212425558;2736,474844570757;812,7994170438177;0,2612509804042037
34,083333333333336;679,9916862775189;649,9503820197427;382,483496800675;0,6834754605183896;0,5187829146160852;757,5011155779976;2714,225131713672;813,2337065580498;0,25896504705178613
34,166666666666664;679,991905046896;650,2070813128817;383,14969170282984;0,6834754605183896;0,5187829146160852;751,032606444403;2692,1510468622173;813,6667394844955;0,25669929313895645
34,25;679,992118059521;650,4615348635556;383,81451194289565;0,6834754605183896;0,5187829146160852;744,6205933503592;2670,2513632073724;814,0985049185722;0,2544535506739317
34,333333333333336;679,9923254668782;650,7137625162242;384,4779593649578;0,6834754605183896;0,5187829146160852;738,2645798991348;2648,524858402996;814,528992137731;0,25222765266863384
34,416666666666664;679,9925274164665;650,9637839493678;385,140035815153;0,6834754605183896;0,5187829146160852;731,9640737663519;2626,97031465595;814,958190601545;0,2500214331435721
34,5;679,9927240519025;651,2116186765002;385,80074314167786;0,6834754605183896;0,5187829146160852;725,7185866774677;2605,5865188130833;815,3860899517535;0,24783472713239102
34,583333333333336;679,9929155130245;651,4572860471862;386,46008319479733;0,6834754605183896;0,5187829146160852;719,5276343850594;2584,3722624449974;815,8126800122659;0,24566737068607916
34,666666666666664;679,9931019359904;651,7008052480631;387,1180578268521;0,6834754605183896;0,5187829146160852;713,3907366459567;2563,32634192691;816,2379507891233;0,24351920087686696
34,75;679,9932834533757;651,942195303865;387,7746688922658;0,6834754605183896;0,5187829146160852;707,3074171981801;2542,4475585163523;816,6618924704184;0,24139005580179457
34,833333333333336;679,9934601942672;652,181475078451;388,4299182475514;0,6834754605183896;0,5187829146160852;701,2772037377687;2521,7347184281016;817,0844954261765;0,23927977458598637
34,916666666666664;679,9936322843544;652,4186632758366;389,08380775131735;0,6834754605183896;0,5187829146160852;695,299627895406;2501,186632906051;817,5057502081954;0,23718819738560643
35,0;679,9937998460199;652,6537784412271;389,7363392642727;0,6834754605183896;0,5187829146160852;689,3742252129442;2480,8021182923544;817,9256475498466;0,2351151653905281
35,083333333333336;679,9939629984258;652,8868389620538;390,38751464923223;0,6834754605183896;0,5187829146160852;683,5005351198191;2460,5799960938944;818,3441783658377;0,2330605208267248
35,166666666666664;679,9941218575984;653,1178630690122;391,0373357711205;0,6834754605183896;0,5187829146160852;677,6781009092986;2440,5190930458825;818,7613337519364;0,2310241069583633
35,25;679,9942765365108;653,3468688371019;391,6858044969759;0,6834754605183896;0,5187829146160852;671,9064697146564;2420,6182411728905;819,1771049846575;0,22900576808963238
35,333333333333336;679,9944271451636;653,5738741866681;392,3329226959535;0,6834754605183896;0,5187829146160852;666,1851924852243;2400,876277847282;819,5914835209135;0,22700534956630206
35,416666666666664;679,9945737906627;653,7988968844452;392,9786922393282;0,6834754605183896;0,5187829146160852;660,5138239623869;2381,292045845163;820,0044609976268;0,22502269777702888
35,5;679,9947165772952;654,0219545445996;393,6231150004965;0,6834754605183896;0,5187829146160852;654,8919226554375;2361,864393399736;820,4160292313093;0,2230576601543949
35,583333333333336;679,9948556066046;654,2430646297753;394,2661928549784;0,6834754605183896;0,5187829146160852;649,319050817391;2342,5921742522696;820,8261802176044;0,22111008517570535
35,666666666666664;679,9949909774618;654,4622444521389;394,9079276804183;0,6834754605183896;0,5187829146160852;643,7947744207321;2323,474247700786;821,2349061307963;0,21917982236355185
35,75;679,9951227861363;654,679511174425;395,54832135658586;0,6834754605183896;0,5187829146160852;638,3186631330744;2304,50947864625;821,6421993232843;0,21726672228612603
35,833333333333336;679,9952511263645;654,8948818109823;396,1873757653758;0,6834754605183896;0,5187829146160852;632,8902902927837;2285,6967376366238;822,0480523250251;0,21537063655731642
35,916666666666664;679,9953760894156;655,1083732288189;396,8250927908077;0,6834754605183896;0,5187829146160852;627,5092328845545;2267,0349009086813;822,4524578429418;0,21349141783658046
36,0;679,9954977641577;655,3200021486475;397,46147431902494;0,6834754605183896;0,5187829146160852;622,175071514917;2248,522850427507;822,855408760302;0,2116289198285879
36,083333333333336;679,9956162371201;655,5297851459302;398,09652223829346;0,6834754605183896;0,5187829146160852;616,887390387754;2230,159473924114;823,2568981360624;0,20978299728267424
36,166666666666664;679,9957315925552;655,7377386519223;398,7302384389996;0,6834754605183896;0,5187829146160852;611,6457772797474;2211,943664930766;823,6569192041867;0,20795350599206902
36,25;679,9958439124986;655,9438789547153;399,36262481364787;0,6834754605183896;0,5187829146160852;606,4498235158226;2193,8743228143703;824,0554653729298;0,20614030279293435
36,333333333333336;679,9959532768269;656,1482222002785;399,9936832568579;0,6834754605183896;0,5187829146160852;601,2991239445824;2175,9503528079263;824,4525302240953;0,20434324556321146
36,416666666666664;679,9960597633147;656,3507843934998;400,62341566536116;0,6834754605183896;0,5187829146160852;596,1932769137093;2158,1706660399095;824,8481075122627;0,20256219322126895
36,5;679,9961634476905;656,5515813992241;401,2518239379972;0,6834754605183896;0,5187829146160852;591,1318842453738;2140,5341795618842;825,2421911639883;0,20079700572437584
36,583333333333336;679,9962644036896;656,7506289432911;401,8789099757091;0,6834754605183896;0,5187829146160852;586,1145512116593;2123,039816374237;825,6347752769768;0,19904754406699715
36,666666666666664;679,9963627031073;656,94794261357;402,5046756815389;0,6834754605183896;0,5187829146160852;581,1408865099622;2105,686505450068;826,0258541192288;0,19731367027891006
36,75;679,9964584158494;657,1435378609932;403,1291229606223;0,6834754605183896;0,5187829146160852;576,2105022384304;2088,4731817573897;826,4154221281599;0,19559524742316023
36,833333333333336;679,9965516099824;657,337430000587;403,75225372018275;0,6834754605183896;0,5187829146160852;571,3230138714039;2071,39878627954;826,8034739096947;0,1938921395938497
36,916666666666664;679,9966423517816;657,5296342125008;404,37406986952567;0,6834754605183896;0,5187829146160852;566,4780402348839;2054,4622660339865;827,1900042373386;0,1922042119137712
37,0;679,9967307057784;657,7201655430327;404,9945733200315;0,6834754605183896;0,5187829146160852;561,6752034820195;2037,6625740894272;827,5750080512225;0,19053133053188534
37,083333333333336;679,996816734806;657,9090389056535;405,6137659851489;0,6834754605183896;0,5187829146160852;556,9141290686417;2020,998669581388;827,9584804571255;0,18887336262065704
37,166666666666664;679,9969005000441;658,0962690820267;406,2316497803872;0,6834754605183896;0,5187829146160852;552,1944457288129;2004,4695177261597;828,3404167254747;0,18723017637323883
37,25;679,9969820610629;658,2818707230272;406,8482266233085;0,6834754605183896;0,5187829146160852;547,5157854504374;1988,0740898333233;828,7208122903228;0,18560164100052562
37,333333333333336;679,9970614758645;658,4658583497552;407,4634984335193;0,6834754605183896;0,5187829146160852;542,8777834508935;1971,8113633167213;829,0996627483044;0,18398762672806668
37,416666666666664;679,9971388009251;658,6482463545481;408,07746713266187;0,6834754605183896;0,5187829146160852;538,2800781527322;1955,6803217040183;829,476963857571;0,18238800479285178
37,5;679,9972140912347;658,829049001988;408,6901346444051;0,6834754605183896;0,5187829146160852;533,7223111594255;1939,679954644894;829,852711536706;0,18080264743997448
37,583333333333336;679,9972874003363;659,0082804299071;409,3015028944347;0,6834754605183896;0,5187829146160852;529,2041272311678;1923,8092579178322;830,2269018636201;0,17923142791917013
37,666666666666664;679,9973587803638;659,1859546503883;409,91157381044366;0,6834754605183896;0,5187829146160852;524,725174260729;1908,0672334355618;830,5995310744279;0,17767422048123568
37,75;679,9974282820792;659,3620855507627;410,52034932212155;0,6834754605183896;0,5187829146160852;520,2851032493868;1892,4528892492588;830,9705955623056;0,1761309003743413
37,833333333333336;679,9974959549093;659,5366868946029;411,1278313611439;0,6834754605183896;0,5187829146160852;515,8835682829135;1876,9652395514415;831,3400918763316;0,17460134384022888
37,916666666666664;679,9975618469794;659,7097723227132;411,73402186116107;0,6834754605183896;0,5187829146160852;511,520226507659;1861,6033046777252;831,7080167203092;0,1730854281103133
38,0;679,9976260051491;659,8813553541148;412,33892275778686;0,6834754605183896;0,5187829146160852;507,19473810665363;1846,3661111072092;832,074366951574;0,17158303140166606
38,083333333333336;679,9976884750446;660,0514493870278;412,94253598858637;0,6834754605183896;0,5187829146160852;502,9067662758564;1831,252691461922;832,4391395797836;0,17009403291292263
38,166666666666664;679,9977493010916;660,2200676998478;413,544863493064;0,6834754605183896;0,5187829146160852;498,6559772004199;1816,2620845049414;832,8023317656942;0,16861831282007614
38,25;679,9978085265468;660,38722345212;414,1459072126507;0,6834754605183896;0,5187829146160852;494,4420400310946;1801,3933351376013;833,1639408199197;0,16715575227220003
38,333333333333336;679,9978661935286;660,552929685507;414,7456690906911;0,6834754605183896;0,5187829146160852;490,2646268606702;1786,6454943954607;833,5239642016795;0,16570623338706625
38,416666666666664;679,997922343047;660,7171993247537;415,3441510724301;0,6834754605183896;0,5187829146160852;486,1234127005389;1772,0176194433623;833,8823995175306;0,16426963924669338
38,5;679,9979770150327;660,8800451786465;415,94135510499945;0,6834754605183896;0,5187829146160852;482,0180754573329;1757,5087735694165;834,2392445200882;0,1628458538928081
38,583333333333336;679,9980302483663;661,0414799409687;416,5372831374033;0,6834754605183896;0,5187829146160852;477,9482959096555;1743,1180261780255;834,5944971067321;0,1614347623222317
38,666666666666664;679,9980820809045;661,2015161914509;417,13193712050423;0,6834754605183896;0,5187829146160852;473,91375768494015;1728,8444527820432;834,9481553183034;0,16003625048220194
38,75;679,9981325495082;661,3601663967165;417,7253190070086;0,6834754605183896;0,5187829146160852;469,9141472363408;1714,6871349938122;835,3002173377886;0,15865020526560514
38,833333333333336;679,9981816900686;661,5174429112227;418,31743075145135;0,6834754605183896;0,5187829146160852;465,9491538197926;1700,6451605155241;835,6506814889922;0,15727651450616273
38,916666666666664;679,9982295375319;661,6733579781962;418,9082743101809;0,6834754605183896;0,5187829146160852;462,0184694711469;1686,71762312863;835,999546235201;0,15591506697354518
39,0;679,9982761259249;661,8279237305646;419,4978516413434;0,6834754605183896;0,5187829146160852;458,12178898339084;1672,903622682341;836,346810177838;0,15456575236841916
39,083333333333336;679,9983214883795;661,9811521918821;420,0861647048669;0,6834754605183896;0,5187829146160852;454,25880988400706;1659,2022650814154;836,692472055106;0,15322846131744625
39,166666666666664;679,998365657155;662,1330552772503;420,67321546244517;0,6834754605183896;0,5187829146160852;450,429232412435;1645,6126622731508;837,0365307406242;0,15190308536822525
39,25;679,9984086636623;662,2836447942344;421,25900587752096;0,6834754605183896;0,5187829146160852;446,6327594976178;1632,1339322335152;837,3789852420559;0,1505895169841743
39,333333333333336;679,9984505384855;662,4329324437738;421,84353791526956;0,6834754605183896;0,5187829146160852;442,8690967356971;1618,7651989526576;837,7198346997286;0,14928764953937348
39,416666666666664;679,9984913114042;662,5809298210871;422,42681354258144;0,6834754605183896;0,5187829146160852;439,13795236779265;1605,5055924196292;838,0590783852472;0,147997377313354
39,5;679,998531011414;662,727648416573;423,0088347280449;0,6834754605183896;0,5187829146160852;435,43903725792745;1592,3542486064703;838,3967157001009;0,14671859548584873
39,583333333333336;679,9985696667478;662,8730996167044;423,5896034419287;0,6834754605183896;0,5187829146160852;431,7720648710264;1579,3103094515166;838,7327461742632;0,14545120013149052
39,666666666666664;679,9986073048956;663,0172947049189;424,1691216561638;0,6834754605183896;0,5187829146160852;428,13675125108546;1566,372922842225;839,0671694647871;0,1441950882144861
39,75;679,9986439526236;663,160244862502;424,7473913443254;0,6834754605183896;0,5187829146160852;424,53281499941795;1553,5412425972113;839,3999853543952;0,1429501575832388
39,833333333333336;679,9986796359941;663,301961169467;425,32441448161467;0,6834754605183896;0,5187829146160852;420,9599772530396;1540,814428447768;839,731193750064;0,14171630696494414
39,916666666666664;679,9987143803836;663,4424546054271;425,9001930448396;0,6834754605183896;0,5187829146160852;417,41796166317897;1528,1916460187988;840,0607946816053;0,14049343596015282
40,0;679,9987482105004;663,5817360504644;426,4747290123967;0,6834754605183896;0,5187829146160852;413,9064943739129;1515,6720668091914;840,388788300244;0,13928144503730427
40,083333333333336;679,998781150403;663,7198162859917;427,0480243642514;0,6834754605183896;0,5187829146160852;410,42530400089845;1503,2548681715589;840,7151748771901;0,13808023552722373
40,166666666666664;679,9988132235169;663,8567059956093;427,6200810819186;0,6834754605183896;0,5187829146160852;406,9741216102841;1490,9392332916266;841,0399548022117;0,1368897096176095
40,25;679,9988444526507;663,9924157659568;428,19090114844363;0,6834754605183896;0,5187829146160852;403,55268069768897;1478,7243511669465;841,3631285822024;0,13570977034748033
40,333333333333336;679,9988748600133;664,1269560875585;428,7604865483817;0,6834754605183896;0,5187829146160852;400,160717167347;1466,6094165852164;841,6846968397481;0,13454032160161022
40,416666666666664;679,9989044672288;664,2603373556634;429,32883926777833;0,6834754605183896;0,5187829146160852;396,7979693113705;1454,5936301021097;842,0046603116923;0,133381268104941
40,5;679,9989332953528;664,3925698710804;429,89596129414883;0,6834754605183896;0,5187829146160852;393,46417778913576;1442,6761980186652;842,3230198476991;0,1322325154169778
40,583333333333336;679,9989613648863;664,5236638410065;430,46185461645797;0,6834754605183896;0,5187829146160852;390,1590856068111;1430,8563323582553;842,6397764088172;0,1310939699261695
40,666666666666664;679,998988695791;664,6536293798508;431,0265212250991;0,6834754605183896;0,5187829146160852;386,88243809699543;1419,1332508430505;842,9549310660417;0,12996553884426781
40,75;679,9990153075033;664,7824765100515;431,5899631118734;0,6834754605183896;0,5187829146160852;383,63398289850466;1407,5061768702117;843,2684849988772;0,12884713020068359
40,833333333333336;679,9990412189486;664,9102151628883;432,1521822699687;0,6834754605183896;0,5187829146160852;380,41346993629475;1395,974339487656;843,5804394939;0,1277386528368302
40,916666666666664;679,9990664485535;665,0368551792888;432,7131806939384;0,6834754605183896;0,5187829146160852;377,22065140150676;1384,5369733694272;843,8907959433228;0,12664001640045472
41,0;679,9990910142602;665,1624063106287;433,27296037967983;0,6834754605183896;0,5187829146160852;374,05528173161997;1373,1933187906807;844,1995558435588;0,12555113133995707
41,083333333333336;679,9991149335389;665,2868782195275;433,8315233244127;0,6834754605183896;0,5187829146160852;370,9171175907869;1361,942621602435;844,5067207937884;0,12447190889871476
41,166666666666664;679,9991382233995;665,4102804806369;434,38887152665717;0,6834754605183896;0,5187829146160852;367,8059178502849;1350,7841332059932;844,8122924945268;0,12340226110940102
41,25;679,999160900405;665,5326225814251;434,9450069862121;0,6834754605183896;0,5187829146160852;364,7214435690671;1339,7171105269088;845,1162727461945;0,12234210078828683
41,333333333333336;679,999182980682;665,6539139229546;435,4999317041326;0,6834754605183896;0,5187829146160852;361,6634579744954;1328,7408159888457;845,4186634476898;0,12129134152955864
41,416666666666664;679,9992044799332;665,7741638206543;436,0536476827082;0,6834754605183896;0,5187829146160852;358,6317264431841;1317,8545174870767;845,7194665949648;0,12024989769962802
41,5;679,9992254134476;665,8933815050857;436,60615692543973;0,6834754605183896;0,5187829146160852;355,6260164819719;1307,057488361667;846,0186842796035;0,11921768443143875
41,583333333333336;679,9992457961123;666,0115761227045;437,1574614370174;0,6834754605183896;0,5187829146160852;352,64609770904656;1296,34900737051;846,3163186874036;0,11819461761878558
41,666666666666664;679,9992656424224;666,1287567366151;437,7075632232976;0,6834754605183896;0,5187829146160852;349,69174183519556;1285,72835866207;846,6123720969631;0,11718061391063193
41,75;679,9992849664918;666,2449323273205;438,25646429128017;0,6834754605183896;0,5187829146160852;346,7627226451839;1275,1948317478616;846,906846878269;0,11617559070542992
41,833333333333336;679,9993037820627;666,360111793466;438,80416664908535;0,6834754605183896;0,5187829146160852;343,8588159792829;1264,7477214748021;847,1997454912926;0,11517946614545381
41,916666666666664;679,9993221025161;666,4743039525771;439,3506723059306;0,6834754605183896;0,5187829146160852;340,9797997149184;1254,386327997273;847,491070484587;0,11419215911113412
42,0;679,9993399408803;666,5875175417925;439,89598327210734;0,6834754605183896;0,5187829146160852;338,125453748475;1244,109956749082;847,7808244938913;0,11321358921540761
42,083333333333336;679,9993573098415;666,6997612185905;440,4401015589577;0,6834754605183896;0,5187829146160852;335,29555997719456;1233,9179184151135;848,0690102407394;0,11224367679806539
42,166666666666664;679,9993742217514;666,8110435615107;440,9830291788506;0,6834754605183896;0,5187829146160852;332,489902281273;1223,809528902993;848,3556305310732;0,1112823429201291
42,25;679,999390688637;666,9213730708689;441,5247681451585;0,6834754605183896;0,5187829146160852;329,70826650601737;1213,784109314377;848,6406882538636;0,11032950935821796
42,333333333333336;679,999406722209;667,0307581694678;442,0653204722334;0,6834754605183896;0,5187829146160852;326,95044044420456;1203,8409859163173;848,9241863797345;0,10938509859894953
42,416666666666664;679,9994223338695;667,1392072033012;442,60468817538316;0,6834754605183896;0,5187829146160852;324,2162138185279;1193,9794901122957;849,2061279595962;0,10844903383333704
42,5;679,9994375347209;667,2467284422524;443,1428732708475;0,6834754605183896;0,5187829146160852;321,5053782642059;1184,1989584132648;849,4865161232818;0,10752123895121295
42,583333333333336;679,9994523355732;667,353330080788;443,6798777757738;0,6834754605183896;0,5187829146160852;318,81772731171054;1174,498732408507;849,7653540781927;0,10660163853566254
42,666666666666664;679,9994667469522;667,4590202386455;444,21570370819313;0,6834754605183896;0,5187829146160852;316,15305636962887;1164,8781587363862;850,0426451079499;0,10569015785747365
42,75;679,9994807791065;667,5638069615151;444,75035308699603;0,6834754605183896;0,5187829146160852;313,5111627076668;1155,3365890550026;850,3183925710524;0,10478672286960493
42,833333333333336;679,9994944420152;667,6676982217167;445,28382793190804;0,6834754605183896;0,5187829146160852;310,8918454397866;1145,8733800128257;850,5925998995426;0,10389126020167684
42,916666666666664;679,9995077453948;667,7707019188712;445,8161302634654;0,6834754605183896;0,5187829146160852;308,29490550746357;1136,4878932191045;850,8652705976796;0,10300369715447026
43,0;679,9995206987059;667,8728258805656;446,3472621029907;0,6834754605183896;0,5187829146160852;305,72014566309065;1127,1794952143446;851,1364082406192;0,10212396169445621
43,083333333333336;679,9995333111602;667,974077863014;446,87722547256806;0,6834754605183896;0,5187829146160852;303,1673704535052;1117,9475574406317;851,4060164731029;0,10125198244833844
43,166666666666664;679,9995455917274;668,0744655517117;447,4060223950186;0,6834754605183896;0,5187829146160852;300,6363862036551;1108,7914562119345;851,6740990081538;0,10038768869762019
43,25;679,9995575491405;668,1739965620849;447,9336548938761;0,6834754605183896;0,5187829146160852;298,1270010003925;1099,7105726843613;851,940659625781;0,09953101037319276
43,333333333333336;679,9995691919033;668,2726784401348;448,4601249933617;0,6834754605183896;0,5187829146160852;295,63902467639025;1090,704292826326;852,2057021716926;0,09868187804994222
43,416666666666664;679,9995805282956;668,3705186630762;448,9854347183596;0,6834754605183896;0,5187829146160852;293,1722687942141;1081,7720073887706;852,4692305560163;0,09784022294138697
43,5;679,9995915663792;668,4675246399705;449,5095860943919;0,6834754605183896;0,5187829146160852;290,7265466304864;1072,913111875243;852,7312487520306;0,09700597689432808
43,583333333333336;679,9996023140038;668,563703712354;450,0325811475939;0,6834754605183896;0,5187829146160852;288,30167316021686;1064,1270065120475;852,9917607949013;0,09617907238353292
43,666666666666664;679,9996127788128;668,6590631548605;450,55442190468887;0,6834754605183896;0,5187829146160852;285,8974650412449;1055,4130962183629;853,2507707804298;0,09535944250644046
43,75;679,9996229682482;668,7536101758384;451,0751103929635;0,6834754605183896;0,5187829146160852;283,5137405988064;1046,7707905763052;853,50828286381;0,09454702097788847
43,833333333333336;679,9996328895562;668,8473519179632;451,59464864024255;0,6834754605183896;0,5187829146160852;281,1503198102457;1038,1995038010712;853,7643012583931;0,09374174212487275
43,916666666666664;679,9996425497925;668,9402954588445;452,1130386748639;0,6834754605183896;0,5187829146160852;278,8070242898243;1029,6986547109466;854,0188302344625;0,09294354088132084
44,0;679,9996519558268;669,0324478116274;452,63028252565334;0,6834754605183896;0,5187829146160852;276,48367727369987;1021,2676666975287;854,2718741180188;0,09215235278290927
44,083333333333336;679,9996611143484;669,1238159255893;453,1463822218997;0,6834754605183896;0,5187829146160852;274,180103604985;1012,9059676957396;854,5234372895729;0,09136811396188861
44,166666666666664;679,9996700318703;669,2144066867312;453,66133979332955;0,6834754605183896;0,5187829146160852;271,8961297189793;1004,6129901540872;854,7735241829487;0,09059076114195545
44,25;679,9996787147345;669,3042269183643;454,1751572700819;0,6834754605183896;0,5187829146160852;269,6315836284782;996,3881710047285;855,0221392840978;0,08982023163313196
44,333333333333336;679,9996871691154;669,3932833816909;454,6878366826834;0,6834754605183896;0,5187829146160852;267,3862949092552;988,2309516337868;855,2692871299209;0,08905646332669363
44,416666666666664;679,9996954010257;669,4815827763811;455,19938006202267;0,6834754605183896;0,5187829146160852;265,1600946856121;980,1407778514715;855,5149723071015;0,08829939469010398
44,5;679,9997034163196;669,5691317411431;455,70978943932556;0,6834754605183896;0,5187829146160852;262,95281561611716;972,1170998624781;855,7591994509484;0,0875489647619999
44,583333333333336;679,9997112206969;669,6559368542903;456,2190668461295;0,6834754605183896;0,5187829146160852;260,7642918794113;964,1593722362601;856,0019732442482;0,08680511314718971
44,666666666666664;679,9997188197078;669,742004634302;456,7272143142587;0,6834754605183896;0,5187829146160852;258,5943591601648;956,2670538774257;856,2432984161288;0,08606778001168758
44,75;679,9997262187565;669,8273415403798;457,2342338757985;0,6834754605183896;0,5187829146160852;256,44285463514507;948,4396079961756;856,4831797409327;0,08533690607777583
44,833333333333336;679,9997334231048;669,911953972999;457,74012756307053;0,6834754605183896;0,5187829146160852;254,30961695941505;940,6765020788251;856,7216220371002;0,0846124326190997
44,916666666666664;679,999740437876;669,9958482744547;458,24489740860724;0,6834754605183896;0,5187829146160852;252,19448625264533;932,977207858365;856,9586301660635;0,08389430145578979
45,0;679,9997472680587;670,0790307294043;458,7485454451268;0,6834754605183896;0,5187829146160852;250,0973040855314;925,3412012850627;857,1942090311509;0,08318245494961186
45,083333333333336;679,9997539185104;670,1615075654034;459,25107370550785;0,6834754605183896;0,5187829146160852;248,0179134663615;917,7679624972114;857,4283635765017;0,08247683599915495
45,166666666666664;679,9997603939604;670,2432849534384;459,75248422276434;0,6834754605183896;0,5187829146160852;245,95615882767277;910,2569757918818;857,6610987859923;0,08177738803504284
45,25;679,9997666990138;670,3243690084536;460,2527790300203;0,6834754605183896;0,5187829146160852;243,91188601304918;902,8077295958423;857,89241968217;0,08108405501518451
45,333333333333336;679,9997728381544;670,4047657898736;460,7519601604847;0,6834754605183896;0,5187829146160852;241,88494226400508;895,4197164364195;858,1223313252021;0,08039678142004354
45,416666666666664;679,9997788157482;670,4844813021216;461,2500296474265;0,6834754605183896;0,5187829146160852;239,87517620701908;888,092432912602;858,3508388118313;0,07971551224795224
45,5;679,999784636046;670,563521495132;461,7469895241492;0,6834754605183896;0,5187829146160852;237,8824378406648;880,8253796661519;858,5779472743438;0,0790401930104501
45,583333333333336;679,9997903031871;670,6418922648596;462,2428418239661;0,6834754605183896;0,5187829146160852;235,9065785228495;873,6180613527972;858,8036618795484;0,07837076972765253
45,666666666666664;679,9997958212016;670,7195994537833;462,7375885801749;0,6834754605183896;0,5187829146160852;233,9474509581862;866,4699866135799;859,0279878277656;0,07770718892365701
45,75;679,9998011940137;670,7966488514053;463,2312318260329;0,6834754605183896;0,5187829146160852;232,0049091854571;859,3806680462196;859,2509303518278;0,0770493976219735
45,833333333333336;679,9998064254443;670,8730461947463;463,7237735947321;0,6834754605183896;0,5187829146160852;230,07880856521012;852,3496221767002;859,4724947160895;0,07639734334099682
45,916666666666664;679,9998115192136;670,9487971688358;464,215215919374;0,6834754605183896;0,5187829146160852;228,16900576744956;845,3763694308163;859,6926862154497;0,0757509740894997
46,0;679,9998164789442;671,023907407198;464,70556083294474;0,6834754605183896;0,5187829146160852;226,27535875944602;838,4604341059476;859,9115101743841;0,07511023836216692
46,083333333333336;679,9998213081633;671,0983824923331;465,1948103682904;0,6834754605183896;0,5187829146160852;224,39772679365717;831,6013443428807;860,1289719459885;0,07447508513515726
46,166666666666664;679,999826010305;671,1722279561949;465,682966558092;0,6834754605183896;0,5187829146160852;222,53597039575368;824,798632097746;860,3450769110326;0,0738454638616978
46,25;679,9998305887135;671,2454492806626;466,1700314348408;0,6834754605183896;0,5187829146160852;220,68995135275316;818,0518331141042;860,5598304770251;0,07322132446771251
46,333333333333336;679,9998350466445;671,31805189801;466,6560070308134;0,6834754605183896;0,5187829146160852;218,85953270127345;811,360486895128;860,7732380772894;0,0726026173474829
46,416666666666664;679,9998393872685;671,3900411913694;467,1408953780474;0,6834754605183896;0,5187829146160852;217,0445787158627;804,7241366758382;860,9853051700508;0,07198929335933393
46,5;679,9998436136722;671,4614224951907;467,6246985083164;0,6834754605183896;0,5187829146160852;215,24495489747721;798,1423293956028;861,196037237533;0,07138130382136547
46,583333333333336;679,9998477288611;671,5322010956979;468,10741845310565;0,6834754605183896;0,5187829146160852;213,46052796203594;791,6146156706549;861,4054397850666;0,07077860050720657
46,666666666666664;679,9998517357621;671,6023822313397;468,5890572435875;0,6834754605183896;0,5187829146160852;211,69116582908032;785,1405497667108;861,6135183402088;0,07018113564180053
46,75;679,9998556372244;671,671971093237;469,06961691059684;0,6834754605183896;0,5187829146160852;209,93673761056186;778,7196895718522;861,8202784518716;0,06958886189723365
46,833333333333336;679,9998594360227;671,7409728256255;469,5490994846068;0,6834754605183896;0,5187829146160852;208,19711359968665;772,3515965693234;862,0257256894645;0,06900173238857782
46,916666666666664;679,9998631348584;671,8093925262953;470,02750699570447;0,6834754605183896;0,5187829146160852;206,4721652599303;766,0358358107247;862,2298656420431;0,06841970066978939
47,0;679,999866736362;671,8772352470248;470,50484147356644;0,6834754605183896;0,5187829146160852;204,76176521407865;759,7719758890611;862,4327039174742;0,06784272072961499
47,083333333333336;679,9998702430948;671,9445059940124;470,98110494743474;0,6834754605183896;0,5187829146160852;203,06578723343023;753,5595889121505;862,6342461416056;0,0672707469875504
47,166666666666664;679,9998736575506;672,0112097283022;471,45629944609277;0,6834754605183896;0,5187829146160852;201,38410622706147;747,3982504760082;862,8344979574513;0,0667037342898172
47,25;679,9998769821574;672,0773513662076;471,93042699784104;0,6834754605183896;0,5187829146160852;199,7165982312083;741,2875396384563;863,0334650243843;0,06614163790537973
47,333333333333336;679,9998802192798;672,1429357797296;472,40348963047336;0,6834754605183896;0,5187829146160852;198,0631403987445;735,2270388928457;863,2311530173423;0,0655844135219917
47,416666666666664;679,9998833712197;672,2079677969718;472,87548937125285;0,6834754605183896;0,5187829146160852;196,42361098875654;729,2163341419106;863,4275676260415;0,06503201724227456
47,5;679,9998864402186;672,2724522025517;473,3464282468882;0,6834754605183896;0,5187829146160852;194,79788935619524;723,2550146717098;863,6227145542035;0,06448440557982285
47,583333333333336;679,9998894284593;672,336393738007;473,8163082835097;0,6834754605183896;0,5187829146160852;193,18585594167246;717,3426731258517;863,8165995187906;0,06394153545535454
47,666666666666664;679,9998923380665;672,3997971022;474,28513150664594;0,6834754605183896;0,5187829146160852;191,58739226130592;711,4789054797235;864,0092282492523;0,06340336419288051
47,75;679,9998951711095;672,4626669517158;474,75289994119976;0,6834754605183896;0,5187829146160852;190,00238089666368;705,6633110148423;864,2006064867832;0,06286984951590438
47,833333333333336;679,9998979296032;672,5250079012595;475,21961561142507;0,6834754605183896;0,5187829146160852;188,43070548484206;699,8954922935311;864,3907399835888;0,062340949543669796
47,916666666666664;679,9999006155092;672,586824524047;475,6852805409033;0,6834754605183896;0,5187829146160852;186,872250708592;694,1750551335583;864,5796345021646;0,06181662278742286
48,0;679,9999032307376;672,6481213521937;476,1498967525202;0,6834754605183896;0,5187829146160852;185,3269022865561;688,5016085829725;864,7672958145832;0,061296828146711266
48,083333333333336;679,9999057771483;672,7089028770994;476,61346626844227;0,6834754605183896;0,5187829146160852;183,79454696359687;682,8747648950899;864,9537297017926;0,06078152490571496
48,166666666666664;679,999908256552;672,769173549829;477,07599111009404;0,6834754605183896;0,5187829146160852;182,27507250122414;677,2941395036966;865,1389419529236;0,060270672729613325
48,25;679,9999106707121;672,82893778149;477,53747329813467;0,6834754605183896;0,5187829146160852;180,7683676680739;671,7593509981781;865,32293836461;0,05976423166096534
48,333333333333336;679,9999130213454;672,8881999436062;477,99791485243514;0,6834754605183896;0,5187829146160852;179,27432223055177;666,2700210991591;865,5057247403151;0,05926216211615137
48,416666666666664;679,9999153101235;672,946964368488;478,4573177920553;0,6834754605183896;0,5187829146160852;177,79282694347955;660,8257746338782;865,6873068896709;0,058764424881810814
48,5;679,9999175386741;673,0052353495994;478,915684135221;0,6834754605183896;0,5187829146160852;176,32377354088646;655,4262395120259;865,8676906278263;0,05827098111133644
48,583333333333336;679,9999197085821;673,0630171419208;479,3730158993017;0,6834754605183896;0,5187829146160852;174,8670547268688;650,0710467015632;866,0468817748056;0,057781792321386104
48,666666666666664;679,9999218213907;673,1203139623092;479,8293151007876;0,6834754605183896;0,5187829146160852;173,42256416653186;644,7598302047489;866,2248861548753;0,0572968203884288
48,75;679,9999238786021;673,1771299898545;480,28458375526725;0,6834754605183896;0,5187829146160852;171,99019647703722;639,4922270343418;866,4017095959234;0,056816027545324076
48,833333333333336;679,9999258816797;673,2334693662324;480,7388238774052;0,6834754605183896;0,5187829146160852;170,56984721868957;634,26787718979;866,5773579288459;0,05633937637791701
48,916666666666664;679,9999278320478;673,289336196054;481,1920374809196;0,6834754605183896;0,5187829146160852;169,16141288618292;629,0864236338779;866,7518369869435;0,05586682982168985
49,0;679,9999297310934;673,3447345472124;481,6442265785602;0,6834754605183896;0,5187829146160852;167,76479089984377;623,947512269166;866,9251526053292;0,05539835115841249
49,083333333333336;679,999931580167;673,3996684512252;482,0953931820862;0,6834754605183896;0,5187829146160852;166,37987959702514;618,850791914844;867,0973106203436;0,05493390401284565
49,166666666666664;679,9999333805836;673,4541419035747;482,54553930224404;0,6834754605183896;0,5187829146160852;165,006578223543;613,7959142835978;867,2683168689805;0,05447345234946127
49,25;679,9999351336236;673,5081588640439;482,99466694874593;0,6834754605183896;0,5187829146160852;163,64478692522084;608,7825339587067;867,438177188322;0,05401696046919966
49,333333333333336;679,9999368405337;673,5617232570502;483,44277813024786;0,6834754605183896;0,5187829146160852;162,29440673949114;603,8103083712234;867,6068974149819;0,053564393006249426
49,416666666666664;679,9999385025277;673,614838971975;483,889874854328;0,6834754605183896;0,5187829146160852;160,95533958708756;598,8788977773147;867,7744833845599;0,053115714924857754
49,5;679,9999401207876;673,6675098634912;484,33595912746523;0,6834754605183896;0,5187829146160852;159,62748826381699;593,9879652357897;867,9409409311038;0,05267089151617229
49,583333333333336;679,9999416964642;673,7197397518863;484,78103295501757;0,6834754605183896;0,5187829146160852;158,31075643241093;589,1371765857589;868,106275886581;0,052229888395110204
49,666666666666664;679,999943230678;673,7715324233835;485,225098341201;0,6834754605183896;0,5187829146160852;157,00504861444813;584,3262004243969;868,2704940803587;0,05179267149725222
49,75;679,9999447245202;673,8228916304593;485,6681572890682;0,6834754605183896;0,5187829146160852;155,71027018236236;579,554708084953;868,4336013386937;0,051359207075772094
49,833333333333336;679,9999461790532;673,8738210921576;486,11021180048743;0,6834754605183896;0,5187829146160852;154,42632735152415;574,8223736148146;868,595603484231;0,050929461698387406
49,916666666666664;679,999947595311;673,924324494402;486,5512638761217;0,6834754605183896;0,5187829146160852;153,15312717238783;570,128873753754;868,7565063355103;0,050503402244339864
50,0;679,9999489743011;673,9744054903034;486,99131551540773;0,6834754605183896;0,5187829146160852;151,89057752272674;565,4738879123254;868,9163157064816;0,05008099590140441
50,083333333333336;679,999950317004;674,0240677004664;487,43036871653527;0,6834754605183896;0,5187829146160852;150,63858709994236;560,8570981504394;869,0750374060309;0,04966221016292767
50,166666666666664;679,999951624375;674,0733147132913;487,8684254764266;0,6834754605183896;0,5187829146160852;149,3970654134415;556,2781891560325;869,2326772375116;0,04924701282488987
50,25;679,9999528973432;674,1221500852744;488,30548779071586;0,6834754605183896;0,5187829146160852;148,1659227770905;551,7368482239452;869,3892409982864;0,04883537198299818
50,333333333333336;679,9999541368144;674,1705773413041;488,74155765372876;0,6834754605183896;0,5187829146160852;146,9450703017202;547,232765234808;869,5447344792781;0,04842725602979599
50,416666666666664;679,9999553436697;674,218599974956;489,17663705846223;0,6834754605183896;0,5187829146160852;145,73441988775642;542,7656326343354;869,6991634645258;0,04802263365182081
50,5;679,9999565187676;674,2662214487827;489,61072799656444;0,6834754605183896;0,5187829146160852;144,5338842178444;538,3351454124411;869,852533730754;0,047621473826760616
50,583333333333336;679,9999576629436;674,3134451946034;490,04383245831457;0,6834754605183896;0,5187829146160852;143,34337674962114;533,9410010827875;870,0048510469442;0,04722374582066233
50,666666666666664;679,9999587770116;674,3602746137886;490,47595243260304;0,6834754605183896;0,5187829146160852;142,16281170850493;529,5828996623334;870,1561211739195;0,0468294191851522
50,75;679,9999598617636;674,4067130775434;490,9070899069116;0,6834754605183896;0,5187829146160852;140,99210408057274;525,2605436510074;870,3063498639343;0,046438463754682496
50,833333333333336;679,9999609179713;674,4527639271872;491,33724686729397;0,6834754605183896;0,5187829146160852;139,83116960550603;520,9736380116324;870,4555428602735;0,04605084964381107
50,916666666666664;679,9999619463855;674,4984304744318;491,76642529835584;0,6834754605183896;0,5187829146160852;138,67992476960183;516,7218901499033;870,6037058968582;0,045666547244500366
51,0;679,9999629477378;674,5437160016552;492,1946271832359;0,6834754605183896;0,5187829146160852;137,5382867988435;512,5050098945313;870,7508446978602;0,04528552722344267
51,083333333333336;679,9999639227403;674,5886237621746;492,62185450358635;0,6834754605183896;0,5187829146160852;136,40617365206538;508,32270947758815;870,8969649773243;0,04490776051941651
51,166666666666664;679,9999648720865;674,6331569805153;493,0481092395537;0,6834754605183896;0,5187829146160852;135,28350401414286;504,17470351490545;871,0420724387969;0,04453321834065927
51,25;679,9999657964511;674,6773188526776;493,4733933697598;0,6834754605183896;0,5187829146160852;134,17019728927926;500,0607089866582;871,1861727749639;0,044161872162269696
51,333333333333336;679,9999666964919;674,7211125464012;493,89770887128293;0,6834754605183896;0,5187829146160852;133,066173594338;495,98044521810414;871,3292716672939;0,04379369372363466
51,416666666666664;679,9999675728487;674,764541201427;494,32105771963904;0,6834754605183896;0,5187829146160852;131,97135375226878;491,93363386047935;871,4713747856915;0,043428655025883625
51,5;679,999968426145;674,8076079297564;494,7434418887631;0,6834754605183896;0,5187829146160852;130,88565928554203;487,91999887193606;871,6124877881557;0,04306672832935665
51,583333333333336;679,9999692569874;674,8503158159075;495,1648633509904;0,6834754605183896;0,5187829146160852;129,80901240971434;483,9392664987692;871,7526163204456;0,042707886151111596
51,666666666666664;679,9999700659666;674,8926679171699;495,5853240770384;0,6834754605183896;0,5187829146160852;128,74133602699658;479,991165256656;871,891766015755;0,04235210126244219
51,75;679,9999708536583;674,9346672638563;496,0048260359884;0,6834754605183896;0,5187829146160852;127,6825537199187;476,0754259120841;872,0299424943922;0,041999346686425895
51,833333333333336;679,9999716206224;674,9763168595518;496,42337119526724;0,6834754605183896;0,5187829146160852;126,63258974504856;472,19178146395893;872,167151363468;0,04164959569549741
51,916666666666664;679,9999723674044;675,0176196813609;496,8409615206294;0,6834754605183896;0,5187829146160852;125,59136902676471;468,3399671252837;872,3033982165889;0,041302821809040734
52,0;679,9999730945356;675,0585786801519;497,25759897613904;0,6834754605183896;0,5187829146160852;124,55881715108887;464,5197203049883;872,43868863356;0,04095899879100501
52,083333333333336;679,9999738025326;675,0991967807994;497,6732855241525;0,6834754605183896;0,5187829146160852;123,53486035959236;460,7307805899474;872,5730281800916;0,04061810064754811
52,166666666666664;679,9999744918994;675,1394768824241;498,0880231253003;0,6834754605183896;0,5187829146160852;122,51942554333084;456,9728897270377;872,7064224075141;0,04028010162469409
52,25;679,9999751631259;675,1794218586301;498,50181373846993;0,6834754605183896;0,5187829146160852;121,5124402368815;453,2457916054671;872,8388768524999;0,0399449762060258
52,333333333333336;679,9999758166897;675,2190345577405;498,9146593207883;0,6834754605183896;0,5187829146160852;120,51383261239437;449,5492322391007;872,9703970367898;0,039612699110387325
52,416666666666664;679,9999764530553;675,2583178030302;499,3265618276047;0,6834754605183896;0,5187829146160852;119,5235314737289;445,8829597490049;873,1009884669284;0,03928324528961636
52,5;679,9999770726755;675,2972743929565;499,73752321247343;0,6834754605183896;0,5187829146160852;118,54146625062754;442,24672434609454;873,2306566340031;0,03895658992629517
52,583333333333336;679,999977675991;675,3359071013881;500,1475454271371;0,6834754605183896;0,5187829146160852;117,56756699297455;438,6402783139555;873,3594070133926;0,038632708431528454
52,666666666666664;679,9999782634304;675,3742186778309;500,5566304215096;0,6834754605183896;0,5187829146160852;116,60176436507186;435,0633759917167;873,4872450645179;0,038311576442734314
52,75;679,9999788354121;675,4122118476523;500,9647801436595;0,6834754605183896;0,5187829146160852;115,64398963998883;431,51577375710474;873,6141762306025;0,037993169821461684
52,833333333333336;679,9999793923423;675,4498893123035;501,3719965397933;0,6834754605183896;0,5187829146160852;114,69417469399446;427,99723000970334;873,7402059384374;0,03767746465123607
52,916666666666664;679,9999799346174;675,4872537495389;501,77828155423936;0,6834754605183896;0,5187829146160852;113,75225200096963;424,5075051541303;873,8653395981516;0,03736443723540655
53,0;679,9999804626228;675,524307813634;502,1836371294311;0,6834754605183896;0,5187829146160852;112,81815462696159;421,04636158361507;873,9895826029896;0,03705406409503861
53,083333333333336;679,9999809767344;675,5610541356008;502,5880652058911;0,6834754605183896;0,5187829146160852;111,8918162247212;417,6135636634805;874,1129403290934;0,0367463219668074
53,166666666666664;679,9999814773173;675,5974953234017;502,99156772221505;0,6834754605183896;0,5187829146160852;110,97317102833983;414,2088777149187;874,2354181352915;0,03644118780092625
53,25;679,9999819647278;675,6336339621608;503,3941466150558;0,6834754605183896;0,5187829146160852;110,06215384788902;410,83207199870486;874,3570213628927;0,03613863875907906
53,333333333333336;679,9999824393125;675,6694726143733;503,79580381910733;0,6834754605183896;0,5187829146160852;109,15870006417379;407,482916699278;874,4777553354861;0,03583865221239392
53,416666666666664;679,9999829014088;675,7050138201126;504,19654126708963;0,6834754605183896;0,5187829146160852;108,26274562348033;404,16118390874243;874,5976253587456;0,03554120573941851
53,5;679,9999833513453;675,7402600972367;504,5963608897326;0,6834754605183896;0,5187829146160852;107,37422703240327;400,8666476110878;874,7166367202412;0,035246277124124
53,583333333333336;679,9999837894422;675,7752139415907;504,99526461576096;0,6834754605183896;0,5187829146160852;106,49308135271554;397,5990836665217;874,8347946892552;0,03495384435392708
53,666666666666664;679,999984216011;675,8098778272084;505,39325437187904;0,6834754605183896;0,5187829146160852;105,6192461962894;394,35826979591536;874,9521045166028;0,03466388561773107
53,75;679,9999846313548;675,8442542065125;505,79033208275547;0,6834754605183896;0,5187829146160852;104,75265972006298;391,14398556539703;875,0685714344588;0,03437637930398776
53,833333333333336;679,9999850357692;675,8783455105113;506,1864996710083;0,6834754605183896;0,5187829146160852;103,89326062105795;387,95601237101994;875,1842006561894;0,03409130399877513
53,916666666666664;679,9999854295418;675,9121541489952;506,58175905718997;0,6834754605183896;0,5187829146160852;103,04098813144833;384,7941334236244;875,2989973761887;0,03380863848389957
54,0;679,9999858129523;675,9456825107302;506,9761121597729;0,6834754605183896;0,5187829146160852;102,19578201366346;381,6581337337201;875,4129667697207;0,03352836173500872
54,083333333333336;679,999986186274;675,97893296365;507,3695608951346;0,6834754605183896;0,5187829146160852;101,35758255555345;378,5478000965907;875,5261139927654;0,033250452919731305
54,166666666666664;679,9999865497718;676,0119078550458;507,7621071775432;0,6834754605183896;0,5187829146160852;100,52633056560012;375,46292107747735;875,6384441818719;0,032974891395832304
54,25;679,9999869037044;676,0446095117552;508,15375291914336;0,6834754605183896;0,5187829146160852;99,70196736815069;372,4032869968021;875,7499624540123;0,0327016567093797
54,333333333333336;679,9999872483237;676,0770402403482;508,54450002994184;0,6834754605183896;0,5187829146160852;98,88443479873104;369,36868991567627;875,8606739064448;0,0324307285929429
54,416666666666664;679,9999875838745;676,109202327312;508,93435041779344;0,6834754605183896;0,5187829146160852;98,07367519938737;366,3589236213856;875,9705836165786;0,0321620869637984
54,5;679,9999879105956;676,1410980392342;509,3233059883872;0,6834754605183896;0,5187829146160852;97,26963141406202;363,3737836130343;876,0796966418434;0,03189571192215548
54,583333333333336;679,9999882287192;676,1727296229836;509,7113686452323;0,6834754605183896;0,5187829146160852;96,47224678403461;360,4130670873213;876,1880180195658;0,031631583749401976
54,666666666666664;679,9999885384716;676,20409930589;510,09854028964486;0,6834754605183896;0,5187829146160852;95,68146514338878;357,47657292439334;876,2955527668477;0,03136968290636374
54,75;679,9999888400731;676,2352092959217;510,4848228207338;0,6834754605183896;0,5187829146160852;94,8972308145386;354,5641016738762;876,4023058804495;0,03110999003158687
54,833333333333336;679,9999891337382;676,2660617818613;510,870218135388;0,6834754605183896;0,5187829146160852;94,1194886037863;351,67545554094943;876,5082823366788;0,030852485939631403
54,916666666666664;679,9999894196757;676,2966589334807;511,25472812826234;0,6834754605183896;0,5187829146160852;93,34818379692251;348,81043837256647;876,6134870912825;0,030597151619384286
55,0;679,999989698089;676,3270029017131;511,6383546917653;0,6834754605183896;0,5187829146160852;92,583262154875;345,9688556437843;876,7179250793436;0,030343968232389378
55,083333333333336;679,9999899691761;676,3570958188243;512,0210997160453;0,6834754605183896;0,5187829146160852;91,82466990939986;343,150514444209;876,82160121518;0,03009291711119452
55,166666666666664;679,9999902331298;676,386939798582;512,4029650889781;0,6834754605183896;0,5187829146160852;91,07235375879554;340,35522346452046;876,9245203922515;0,02984397975771159
55,25;679,9999904901376;676,4165369364237;512,7839526961541;0,6834754605183896;0,5187829146160852;90,32626086369362;337,5827929831632;877,0266874830667;0,0295971378415993
55,333333333333336;679,9999907403825;676,4458893096223;513,1640644208652;0,6834754605183896;0,5187829146160852;89,5863388428495;334,8330348530896;877,128107339096;0,029352373198655492
55,416666666666664;679,9999909840424;676,4749989774515;513,543302144093;0,6834754605183896;0,5187829146160852;88,85253576900425;332,10576248864265;877,2287847906885;0,029109667829229635
55,5;679,9999912212905;676,5038679813481;513,9216677444958;0,6834754605183896;0,5187829146160852;88,12480016477195;329,4007908525447;877,3287246469911;0,028869003896650265
55,583333333333336;679,9999914522957;676,5324983450738;514,2991630983969;0,6834754605183896;0,5187829146160852;87,40308099856122;326,71793644295514;877,4279316958742;0,028630363725665024
55,666666666666664;679,9999916772222;676,5608920748747;514,6757900797718;0,6834754605183896;0,5187829146160852;86,68732768054781;324,05701728067476;877,5264107038581;0,028393729800900002
55,75;679,9999918962299;676,58905115964;515,0515505602368;0,6834754605183896;0,5187829146160852;85,97749005868707;321,4178528964881;877,6241664160439;0,028159084765336857
55,833333333333336;679,9999921094744;676,6169775710588;515,4264464090368;0,6834754605183896;0,5187829146160852;85,27351841474626;318,80026431849706;877,7212035560494;0,027926411418795996
55,916666666666664;679,9999923171077;676,6446732637752;515,8004794930337;0,6834754605183896;0,5187829146160852;84,57536346039092;316,2040740596421;877,8175268259477;0,027695692716441893
56,0;679,9999925192773;676,6721401755425;516,1736516766945;0,6834754605183896;0,5187829146160852;83,88297633331376;313,6291061053734;877,9131409062073;0,02746691176730693
56,083333333333336;679,9999927161269;676,6993802273753;516,5459648220802;0,6834754605183896;0,5187829146160852;83,1963085933694;311,07518590123857;878,0080504556399;0,02724005183281504
56,166666666666664;679,9999929077966;676,7263953237007;516,9174207888343;0,6834754605183896;0,5187829146160852;82,51531221879134;308,5421403408219;878,1022601113466;0,027015096325340503
56,25;679,9999930944225;676,7531873525074;517,2880214341712;0,6834754605183896;0,5187829146160852;81,83993960239775;306,02979775354413;878,1957744886712;0,026792028806761316
56,333333333333336;679,9999932761377;676,7797581854945;517,6577686128657;0,6834754605183896;0,5187829146160852;81,1701435478767;303,5379878927472;878,2885981811545;0,026570832987042815
56,416666666666664;679,999993453071;676,8061096782174;518,0266641772413;0,6834754605183896;0,5187829146160852;80,50587726608;301,06654192379887;878,3807357604935;0,026351492722828083
56,5;679,9999936253486;676,8322436702334;518,39470997716;0,6834754605183896;0,5187829146160852;79,84709437134256;298,61529241220404;878,4721917765014;0,026133992016035543
56,583333333333336;679,9999937930927;676,8581619852459;518,7619078600112;0,6834754605183896;0,5187829146160852;79,19374887787853;296,1840733120503;878,562970757074;0,02591831501248966
56,666666666666664;679,9999939564229;676,8838664312465;519,128259670701;0,6834754605183896;0,5187829146160852;78,54579519616891;293,772719954298;878,653077208155;0,025704446000545084
56,75;679,999994115455;676,9093588006563;519,4937672516421;0,6834754605183896;0,5187829146160852;77,90318812941166;291,38106903534526;878,7425156137078;0,025492369409738737
56,833333333333336;679,9999942703025;676,9346408704657;519,8584324427428;0,6834754605183896;0,5187829146160852;77,265882869969;289,0089586055233;878,8312904356891;0,025282069809441518
56,916666666666664;679,9999944210751;676,9597144023733;520,2222570813973;0,6834754605183896;0,5187829146160852;76,63383499591987;286,6562280579394;878,9194061140236;0,025073531907545816
57,0;679,9999945678804;676,9845811429224;520,5852430024752;0,6834754605183896;0,5187829146160852;76,00700046754696;284,3227181170818;879,0068670665839;0,024866740549136537
57,083333333333336;679,9999947108225;677,0092428236376;520,9473920383119;0,6834754605183896;0,5187829146160852;75,38533562395173;282,00827082782826;879,0936776891732;0,024661680715203235
57,166666666666664;679,9999948500033;677,0337011611589;521,3087060186983;0,6834754605183896;0,5187829146160852;74,7687971796239;279,7127295443089;879,1798423555078;0,024458337521343472
57,25;679,9999949855215;677,0579578573754;521,6691867708712;0,6834754605183896;0,5187829146160852;74,15734222111041;277,4359389190542;879,2653654172054;0,024256696216496967
57,333333333333336;679,9999951174739;677,082014599557;522,0288361195036;0,6834754605183896;0,5187829146160852;73,55092820365314;275,1777448920498;879,3502512037751;0,024056742181675413
57,416666666666664;679,9999952459539;677,1058730604858;522,3876558866953;0,6834754605183896;0,5187829146160852;72,94951294792043;272,93799468007995;879,4345040226077;0,023858460928722906
57,5;679,999995371053;677,1295348985849;522,7456478919632;0,6834754605183896;0,5187829146160852;72,35305463670159;270,71653676591467;879,5181281589736;0,02366183809906714
57,583333333333336;679,9999954928603;677,1530017580474;523,1028139522326;0,6834754605183896;0,5187829146160852;71,76151181170383;268,5132208878651;879,601127876017;0,02346685946250714
57,666666666666664;679,9999956114623;677,1762752689633;523,4591558818273;0,6834754605183896;0,5187829146160852;71,17484337032352;266,3278980292158;879,6835074147572;0,023273510915994784
57,75;679,9999957269434;677,1993570474457;523,8146754924609;0,6834754605183896;0,5187829146160852;70,59300856247432;264,16042040780025;879,7652709940901;0,023081778482434083
57,833333333333336;679,9999958393856;677,2222486957552;524,1693745932279;0,6834754605183896;0,5187829146160852;70,01596698744379;262,01064146573736;879,8464228107931;0,0228916483094974
57,916666666666664;679,9999959488691;677,2449518024237;524,5232549905948;0,6834754605183896;0,5187829146160852;69,44367859076124;259,87841585910974;879,9269670395311;0,02270310666844238
58,0;679,9999960554716;677,2674679423766;524,8763184883915;0,6834754605183896;0,5187829146160852;68,87610366113677;257,76359944792233;880,0069078328652;0,02251613995295684
58,083333333333336;679,9999961592689;677,2897986770546;525,2285668878025;0,6834754605183896;0,5187829146160852;68,31320282737465;255,66604928594265;880,0862493212636;0,022330734677997528
58,166666666666664;679,9999962603348;677,3119455545333;525,5800019873585;0,6834754605183896;0,5187829146160852;67,7549370553578;253,5856236107723;880,1649956131162;0,022146877478653404
58,25;679,9999963587413;677,3339101096423;525,9306255829284;0,6834754605183896;0,5187829146160852;67,20126764503789;251,52218183389894;880,243150794748;0,021964555109011637
58,333333333333336;679,9999964545584;677,3556938640833;526,2804394677105;0,6834754605183896;0,5187829146160852;66,65215622747667;249,4755845309632;880,3207189304372;0,021783754441045564
58,416666666666664;679,999996547854;677,3772983265468;526,6294454322245;0,6834754605183896;0,5187829146160852;66,10756476187873;247,4456934319333;880,3977040624352;0,021604462463499167
58,5;679,9999966386946;677,3987249928276;526,977645264304;0,6834754605183896;0,5187829146160852;65,56745553268115;245,43237141147134;880,4741102109872;0,021426666280792296
58,583333333333336;679,9999967271449;677,4199753459395;527,3250407490879;0,6834754605183896;0,5187829146160852;65,03179114667432;243,4354824794222;880,5499413743551;0,021250353111939912
58,666666666666664;679,9999968132676;677,441050856229;527,6716336690129;0,6834754605183896;0,5187829146160852;64,50053453013425;241,45489177128954;880,6252015288428;0,021075510289474565
58,75;679,999996897124;677,4619529814875;528,0174258038061;0,6834754605183896;0,5187829146160852;63,97364892596329;239,49046553876425;880,699894628825;0,020902125258376487
58,833333333333336;679,9999969787739;677,4826831670625;528,3624189304769;0,6834754605183896;0,5187829146160852;63,45109789091339;237,5420711404851;880,7740246067731;0,020730185575028728
58,916666666666664;679,9999970582752;677,5032428459687;528,7066148233099;0,6834754605183896;0,5187829146160852;62,93284529278367;235,60957703273638;880,8475953732877;0,020559678906169367
59,0;679,9999971356845;677,5236334389965;529,0500152538575;0,6834754605183896;0,5187829146160852;62,418855307663534;233,69285276026133;880,9206108171301;0,02039059302785808
59,083333333333336;679,9999972110568;677,543856354821;529,3926219909326;0,6834754605183896;0,5187829146160852;61,90909241719851;231,7917689471685;880,9930748052576;0,020222915824453847
59,166666666666664;679,9999972844457;677,5639129901085;529,7344368006017;0,6834754605183896;0,5187829146160852;61,403521405895845;229,90619728793715;881,0649911828575;0,020056635287605408
59,25;679,9999973559035;677,5838047296238;530,0754614461772;0,6834754605183896;0,5187829146160852;60,90210735843016;228,03601053842974;881,1363637733857;0,019891739515245203
59,333333333333336;679,999997425481;677,6035329463344;530,4156976882115;0,6834754605183896;0,5187829146160852;60,40481565699167;226,1810825070231;881,2071963786051;0,01972821671059756
59,416666666666664;679,9999974932275;677,6230990015156;530,7551472844895;0,6834754605183896;0,5187829146160852;59,911611978662904;224,34128804586257;881,2774927786259;0,01956605518120023
59,5;679,9999975591913;677,6425042448535;531,0938119900219;0,6834754605183896;0,5187829146160852;59,42246229279817;222,51650304206294;881,3472567319475;0,019405243337925475
59,583333333333336;679,9999976234194;677,6617500145476;531,431693557039;0,6834754605183896;0,5187829146160852;58,93733285844576;220,70660440908486;881,4164919755035;0,019245769694019026
59,666666666666664;679,9999976859573;677,6808376374117;531,7687937349839;0,6834754605183896;0,5187829146160852;58,45619022179562;218,91147007817767;881,4852022247047;0,019087622864148317
59,75;679,9999977468497;677,6997684289752;532,1051142705063;0,6834754605183896;0,5187829146160852;57,979001213638526;217,1309789898553;881,553391173486;0,018930791563456607
59,833333333333336;679,9999978061396;677,7185436935818;532,4406569074562;0,6834754605183896;0,5187829146160852;57,505732946862054;215,3650110854712;881,6210624943546;0,018775264606629198
59,916666666666664;679,9999978638693;677,7371647244887;532,7754233868776;0,6834754605183896;0,5187829146160852;57,03635281394668;213,61344729881702;881,6882198384391;0,01862103090696409
60,0;679,9999979200801;677,7556328039642;533,1094154470026;0,6834754605183896;0,5187829146160852;56,5708284845158;211,87616954785997;881,7548668355396;0,01846807947545863
60,083333333333336;679,9999979748117;677,7739492033841;533,4426348232453;0,6834754605183896;0,5187829146160852;56,10912790289717;210,15306072654974;881,8210070941795;0,018316399419904376
60,166666666666664;679,9999980281029;677,7921151833281;533,7750832481961;0,6834754605183896;0,5187829146160852;55,65121928568999;208,44400469660573;881,8866442016579;0,018165979943983664
60,25;679,9999980799919;677,8101319936744;534,1067624516157;0,6834754605183896;0,5187829146160852;55,1970711193718;206,7488862794267;881,9517817241051;0,01801681034637989
60,333333333333336;679,9999981305155;677,8280008736944;534,4376741604299;0,6834754605183896;0,5187829146160852;54,74665215793664;205,0675912481594;882,0164232065365;0,017868880019903527
60,416666666666664;679,9999981797096;677,845723052145;534,7678200987234;0,6834754605183896;0,5187829146160852;54,299931420527514;203,40000631964136;882,0805721729106;0,017722178450611557
60,5;679,9999982276091;677,8632997473619;535,097201987735;0,6834754605183896;0,5187829146160852;53,856878189114354;201,74601914658874;882,1442321261851;0,01757669521694941
60,583333333333336;679,9999982742482;677,8807321673509;535,4258215458518;0,6834754605183896;0,5187829146160852;53,41746200618047;200,10551830975433;882,2074065483769;0,017432419988893895
60,666666666666664;679,9999983196602;677,8980215098779;535,753680488604;0,6834754605183896;0,5187829146160852;52,98165267243462;198,4783933101552;882,2700989006217;0,017289342527105084
60,75;679,999998363877;677,9151689625601;536,08078052866;0,6834754605183896;0,5187829146160852;52,549420244557155;196,86453456145264;882,3323126232344;0,01714745268209346
60,833333333333336;679,9999984069303;677,9321757029535;536,4071233758209;0,6834754605183896;0,5187829146160852;52,12073503292345;195,26383338221933;882,3940511357721;0,017006740393379998
60,916666666666664;679,9999984488509;677,9490428986421;536,7327107370162;0,6834754605183896;0,5187829146160852;51,69556759942111;193,67618198851486;882,4553178370953;0,016867195688686342
61,0;679,9999984896682;677,9657717073252;537,0575443162983;0,6834754605183896;0,5187829146160852;51,27388875521888;192,10147348632512;882,5161161054334;0,016728808683114493
61,083333333333336;679,9999985294114;677,9823632769035;537,3816258148379;0,6834754605183896;0,5187829146160852;50,8556695585753;190,53960186407144;882,576449298449;0,016591569578336313
61,166666666666664;679,9999985681088;677,9988187455652;537,7049569309197;0,6834754605183896;0,5187829146160852;50,44088131269859;188,99046198535808;882,6363207533037;0,016455468661805167
61,25;679,9999986057879;678,0151392418712;538,0275393599374;0,6834754605183896;0,5187829146160852;50,02949556358942;187,4539495816038;882,6957337867245;0,016320496305960604
61,333333333333336;679,9999986424756;678,0313258848387;538,3493747943892;0,6834754605183896;0,5187829146160852;49,6214840979178;185,929961244816;882,7546916950716;0,01618664296744734
61,416666666666664;679,9999986781978;678,047379784025;538,6704649238737;0,6834754605183896;0,5187829146160852;49,216818940922735;184,41839442039438;882,813197754406;0,01605389918633995
61,5;679,9999987129801;678,0633020396103;538,9908114350857;0,6834754605183896;0,5187829146160852;48,81547235432038;182,91914740001425;882,8712552205596;0,015922255585375744
61,583333333333336;679,999998746847;678,0790937424796;539,3104160118112;0,6834754605183896;0,5187829146160852;48,417416834243454;181,4321193145729;882,928867329205;0,015791702869196154
61,666666666666664;679,9999987798228;678,0947559743032;539,6292803349244;0,6834754605183896;0,5187829146160852;48,02262510918638;179,9572101271687;882,9860372959258;0,01566223182359281
61,75;679,9999988119308;678,110289807618;539,9474060823828;0,6834754605183896;0,5187829146160852;47,63107013799015;178,49432062617998;883,042768316288;0,015533833314765265
61,833333333333336;679,999998843194;678,1256963059066;540,2647949292239;0,6834754605183896;0,5187829146160852;47,24272510782157;177,04335241837342;883,099063565912;0,015406498288582229
61,916666666666664;679,9999988736345;678,1409765236764;540,5814485475606;0,6834754605183896;0,5187829146160852;46,857563432186566;175,60420792207205;883,154926200547;0,015280217769851289
62,0;679,999998903274;678,156131506538;540,8973686065785;0,6834754605183896;0,5187829146160852;46,47555874895204;174,17679036037984;883,2103593561421;0,01515498286159497
62,083333333333336;679,9999989321335;678,1711622912824;541,2125567725313;0,6834754605183896;0,5187829146160852;46,09668491839898;172,76100375448547;883,2653661489228;0,015030784744336275
62,166666666666664;679,9999989602336;678,1860699059578;541,5270147087377;0,6834754605183896;0,5187829146160852;45,72091602127841;171,35675291699593;883,3199496754637;0,014907614675388384
62,25;679,9999989875943;678,2008553699459;541,8407440755778;0,6834754605183896;0,5187829146160852;45,34822635689579;169,96394344533985;883,3741130127656;0,01478546398815286
62,333333333333336;679,999999014235;678,2155196940373;542,1537465304898;0,6834754605183896;0,5187829146160852;44,978590441209576;168,58248171524355;883,4278592183307;0,01466432409142568
62,416666666666664;679,9999990401747;678,230063880506;542,4660237279666;0,6834754605183896;0,5187829146160852;44,61198300494118;167,21227487419716;883,4811913302394;0,014544186468705153
62,5;679,9999990654318;678,2444889231836;542,7775773195524;0,6834754605183896;0,5187829146160852;44,24837899171621;165,85323083506975;883,5341123672272;0,014425042677513959
62,583333333333336;679,9999990900242;678,2587958075322;543,08840895384;0,6834754605183896;0,5187829146160852;43,887753556205666;164,5052582696981;883,5866253287629;0,014306884348721094
62,666666666666664;679,9999991139695;678,2729855107181;543,3985202764675;0,6834754605183896;0,5187829146160852;43,53008206229845;163,16826660257792;883,6387331951255;0,014189703185874765
62,75;679,9999991372848;678,2870590016826;543,7079129301152;0,6834754605183896;0,5187829146160852;43,175340081285185;161,84216600459166;883,6904389274843;0,014073490964540187
62,833333333333336;679,9999991599865;678,3010172412143;544,016588554503;0,6834754605183896;0,5187829146160852;42,82350339005632;160,5268673867893;883,7417454679776;0,01395823953164367
62,916666666666664;679,9999991820908;678,3148611820191;544,3245487863873;0,6834754605183896;0,5187829146160852;42,47454796930583;159,222282394169;883,7926557397919;0,013843940804818773
63,0;679,9999992036135;678,3285917687908;544,6317952595587;0,6834754605183896;0,5187829146160852;42,128450001794704;157,92832339968976;883,8431726472415;0,013730586771774026
63,083333333333336;679,9999992245698;678,3422099382805;544,9383296048388;0,6834754605183896;0,5187829146160852;41,78518587056601;156,64490349805865;883,8932990758501;0,013618169489643462
63,166666666666664;679,9999992449747;678,3557166193648;545,2441534500783;0,6834754605183896;0,5187829146160852;41,44473215723394;155,37193649984624;883,9430378924304;0,013506681084366335
63,25;679,9999992648426;678,3691127331149;545,5492684201541;0,6834754605183896;0,5187829146160852;41,10706564024724;154,1093369254327;883,9923919451663;0,013396113750054955
63,333333333333336;679,9999992841877;678,3823991928633;545,8536761369669;0,6834754605183896;0,5187829146160852;40,77216329319242;152,85701999913644;884,0413640636941;0,013286459748379362
63,416666666666664;679,9999993030237;678,3955769042713;546,157378219439;0,6834754605183896;0,5187829146160852;40,440002283108356;151,61490164337224;884,0899570591838;0,013177711407956226
63,5;679,9999993213642;678,408646765395;546,4603762835122;0,6834754605183896;0,5187829146160852;40,110559968812254;150,382898472813;884,1381737244214;0,013069861123740303
63,583333333333336;679,9999993392219;678,4216096667515;546,7626719421455;0,6834754605183896;0,5187829146160852;39,78381389922845;149,1609277886174;884,1860168338933;0,012962901356422018
63,666666666666664;679,9999993566098;678,4344664913833;547,064266805313;0,6834754605183896;0,5187829146160852;39,45974181175984;147,94890757273066;884,2334891438659;0,012856824631834447
63,75;679,9999993735402;678,4472181149237;547,3651624800018;0,6834754605183896;0,5187829146160852;39,138321630662176;146,7467564822647;884,2805933924716;0,012751623540367338
63,833333333333336;679,999999390025;678,45986540566;547,6653605702105;0,6834754605183896;0,5187829146160852;38,81953146541264;145,5543938437821;884,3273322997904;0,012647290736375522
63,916666666666664;679,999999406076;678,4724092245976;547,9648626769468;0,6834754605183896;0,5187829146160852;38,503349609123916;144,37173964779907;884,3737085679346;0,012543818937606838
64,0;679,9999994217047;678,4848504255223;548,2636703982264;0,6834754605183896;0,5187829146160852;38,189754536958276;143,19871454324812;884,4197248811321;0,01244120092462864
64,08333333333333;679,999999436922;678,4971898550625;548,5617853290705;0,6834754605183896;0,5187829146160852;37,87872490456152;142,03523983200736;884,4653839058103;0,012339429540261572
64,16666666666667;679,9999994517391;678,5094283527516;548,8592090615049;0,6834754605183896;0,5187829146160852;37,57023954648844;140,88123746342308;884,510688290681;0,012238497689013594
64,25;679,9999994661662;678,5215667510881;549,155943184558;0,6834754605183896;0,5187829146160852;37,2642774746879;139,73663002900105;884,5556406668244;0,012138398336530944
64,33333333333333;679,9999994802135;678,5336058755971;549,4519892842598;0,6834754605183896;0,5187829146160852;36,96081787695107;138,60134075700216;884,600243647774;0,012039124509041313
64,41666666666667;679,9999994938913;678,5455465448899;549,7473489436397;0,6834754605183896;0,5187829146160852;36,6598401154107;137,4752935071833;884,6444998296012;0,01194066929281171
64,5;679,9999995072093;678,5573895707236;550,0420237427262;0,6834754605183896;0,5187829146160852;36,36132372503482;136,35841276553862;884,6884117910008;0,011843025833607171
64,58333333333333;679,9999995201766;678,5691357580597;550,3360152585448;0,6834754605183896;0,5187829146160852;36,06524841214309;135,25062363909694;884,7319820933757;0,011746187336156148
64,66666666666667;679,9999995328028;678,5807859051233;550,6293250651172;0,6834754605183896;0,5187829146160852;35,771594052923206;134,1518518507291;884,7752132809219;0,011650147063617715
64,75;679,9999995450968;678,5923408034604;550,9219547334602;0,6834754605183896;0,5187829146160852;35,48034069198707;133,06202373409423;884,8181078807146;0,011554898337062242
64,83333333333333;679,9999995570672;678,6038012379953;551,2139058315846;0,6834754605183896;0,5187829146160852;35,19146854090991;131,98106622852032;884,8606684027932;0,01146043453494752
64,91666666666667;679,9999995687226;678,615167987088;551,5051799244942;0,6834754605183896;0,5187829146160852;34,904957976797846;130,90890687396356;884,9028973402467;0,011366749092603405
65,0;679,9999995800714;678,6264418225896;551,795778574185;0,6834754605183896;0,5187829146160852;34,62078954086678;129,84547380603112;884,9447971693003;0,011273835501722694
65,08333333333333;679,9999995911215;678,6376235098995;552,085703339644;0,6834754605183896;0,5187829146160852;34,338943937044064;128,79069575108323;884,9863703493995;0,01118168730986012
65,16666666666667;679,9999996018809;678,6487138080195;552,3749557768493;0,6834754605183896;0,5187829146160852;34,059402030550245;127,74450202122259;885,0276193232976;0,01109029811992332
65,25;679,999999612357;678,6597134696092;552,6635374387683;0,6834754605183896;0,5187829146160852;33,782144846534834;126,7068225095224;885,0685465171404;0,010999661589684961
65,33333333333333;679,9999996225577;678,6706232410405;552,9514498753579;0,6834754605183896;0,5187829146160852;33,507153568695;125,67758768516484;885,1091543405523;0,010909771431288625
65,41666666666667;679,9999996324897;678,6814438624513;553,2386946335635;0,6834754605183896;0,5187829146160852;33,2344095379284;124,6567285886789;885,1494451867225;0,010820621410764833
65,5;679,9999996421604;678,6921760677988;553,5252732573186;0,6834754605183896;0,5187829146160852;32,96389425096038;123,64417682713527;885,1894214324902;0,010732205347543447
65,58333333333333;679,9999996515768;678,7028205849127;553,8111872875447;0,6834754605183896;0,5187829146160852;32,69558935904229;122,63986456954305;885,2290854384315;0,010644517113985782
65,66666666666667;679,9999996607452;678,7133781355476;554,0964382621504;0,6834754605183896;0,5187829146160852;32,42947666660143;121,64372454210101;885,2684395489448;0,01055755063490438
65,75;679,9999996696724;678,7238494354347;554,3810277160313;0,6834754605183896;0,5187829146160852;32,165538129939364;120,65569002359759;885,3074860923364;0,010471299887097343
65,83333333333333;679,9999996783648;678,7342351943336;554,66495718107;0,6834754605183896;0,5187829146160852;31,903755855944382;119,67569484088064;885,3462273809065;0,010385758898889333
65,91666666666667;679,9999996868283;678,7445361160833;554,9482281861357;0,6834754605183896;0,5187829146160852;31,644112100781285;118,70367336421454;885,3846657110357;0,010300921749664259
66,0;679,9999996950693;678,7547528986527;555,2308422570839;0,6834754605183896;0,5187829146160852;31,386589268626608;117,73956050283591;885,4228033632698;0,010216782569415618
66,08333333333333;679,9999997030933;678,764886234191;555,5128009167568;0,6834754605183896;0,5187829146160852;31,131169910415224;116,78329170051276;885,4606426024058;0,01013333553829881
66,16666666666667;679,9999997109062;678,7749368090771;555,7941056849829;0,6834754605183896;0,5187829146160852;30,877836722558527;115,8348029310009;885,4981856775778;0,010050574886175312
66,25;679,9999997185134;678,7849053039693;556,0747580785775;0,6834754605183896;0,5187829146160852;30,62657254572798;114,89403069377188;885,535434822343;0,00996849489218087
66,33333333333333;679,9999997259205;678,7947923938535;556,3547596113423;0,6834754605183896;0,5187829146160852;30,377360363604566;113,96091200955567;885,5723922547663;0,009887089884279549
66,41666666666667;679,9999997331328;678,8045987480924;556,6341117940659;0,6834754605183896;0,5187829146160852;30,130183301673696;113,03538441610159;885,6090601775068;0,00980635423883667
66,5;679,9999997401552;678,8143250304726;556,9128161345242;0,6834754605183896;0,5187829146160852;29,88502462600877;112,11738596384681;885,6454407779017;0,009726282380185572
66,58333333333333;679,9999997469928;678,8239718992528;557,1908741374804;0,6834754605183896;0,5187829146160852;29,641867742066097;111,20685521166085;885,6815362280528;0,009646868780201089
66,66666666666667;679,9999997536505;678,8335400072107;557,4682873046854;0,6834754605183896;0,5187829146160852;29,400696193499698;110,30373122263981;885,7173486849116;0,009568107957878724
66,75;679,999999760133;678,8430300016896;557,7450571348785;0,6834754605183896;0,5187829146160852;29,16149366099603;109,40795355997011;885,7528802903632;0,009489994478920733
66,83333333333333;679,999999766445;678,852442524645;558,0211851237876;0,6834754605183896;0,5187829146160852;28,92424396108595;108,51946228271613;885,7881331713128;0,009412522955316194
66,91666666666667;679,9999997725907;678,86177821269;558,29667276413;0,6834754605183896;0,5187829146160852;28,688931044999322;107,63819794175349;885,823109439769;0,00933568804493484
67,0;679,9999997785749;678,8710376971411;558,5715215456125;0,6834754605183896;0,5187829146160852;28,455538997519625;106,76410157570236;885,8578111929295;0,00925948445112161
67,08333333333333;679,9999997844014;678,8802216040634;558,8457329549327;0,6834754605183896;0,5187829146160852;28,224052035844238;105,89711470687405;885,8922405132646;0,009183906922293313
67,16666666666667;679,9999997900749;678,8893305543149;559,1193084757793;0,6834754605183896;0,5187829146160852;27,994454508450417;105,03717933724069;885,9263994686024;0,009108950251537972
67,25;679,9999997955988;678,8983651635912;559,392249588833;0,6834754605183896;0,5187829146160852;27,766730893998215;104,18423794453086;885,9602901122128;0,009034609276226114
67,33333333333333;679,9999998009775;678,9073260424688;559,6645577717671;0,6834754605183896;0,5187829146160852;27,540865800190772;103,33823347817945;885,9939144828913;0,008960878877609841
67,41666666666667;679,9999998062146;678,9162137964493;559,9362344992488;0,6834754605183896;0,5187829146160852;27,316843962719872;102,49910935558215;886,027274605043;0,008887753980449383
67,5;679,999999811314;678,9250290260019;560,2072812429398;0,6834754605183896;0,5187829146160852;27,094650244134755;101,66680945803876;886,0603724887662;0,008815229552613735
67,58333333333333;679,999999816279;678,9337723266066;560,4776994714972;0,6834754605183896;0,5187829146160852;26,874269632801884;100,84127812707723;886,0932101299354;0,00874330060471434
67,66666666666667;679,9999998211135;678,9424442887963;560,7474906505748;0,6834754605183896;0,5187829146160852;26,65568724181071;100,02246016053934;886,1257895102855;0,008671962189719412
67,75;679,9999998258207;678,9510454981989;561,0166562428242;0,6834754605183896;0,5187829146160852;26,438888307930597;99,21030080886499;886,1581125974947;0,008601209402586045
67,83333333333333;679,9999998304042;678,9595765355788;561,2851977078956;0,6834754605183896;0,5187829146160852;26,223858190545002;98,4047457712905;886,1901813452671;0,008531037379885562
67,91666666666667;679,999999834867;678,9680379768782;561,5531165024391;0,6834754605183896;0,5187829146160852;26,010582370636826;97,605741192219;886,2219976934148;0,008461441299444792
68,0;679,9999998392124;678,9764303932582;561,8204140801064;0,6834754605183896;0,5187829146160852;25,799046449719754;96,81323365742203;886,2535635679423;0,00839241637997273
68,08333333333333;679,9999998434433;678,9847543511389;562,0870918915513;0,6834754605183896;0,5187829146160852;25,589236148854866;96,02717019050934;886,2848808811265;0,008323957880712064
68,16666666666667;679,999999847563;678,99301041224;562,3531513844315;0,6834754605183896;0,5187829146160852;25,381137307610402;95,24749824922307;886,315951531601;0,008256061101075384
68,25;679,9999998515743;679,0011991336203;562,6185940034101;0,6834754605183896;0,5187829146160852;25,174735883075527;94,4741657219143;886,3467774044354;0,008188721380298225
68,33333333333333;679,9999998554799;679,0093210677173;562,8834211901567;0,6834754605183896;0,5187829146160852;24,970017948851364;93,70712092392336;886,3773603712198;0,008121934097084522
68,41666666666667;679,999999859283;679,0173767623866;563,147634383349;0,6834754605183896;0,5187829146160852;24,766969694064755;92,94631259406287;886,4077022901436;0,008055694669261319
68,5;679,9999998629858;679,02536676094;563,4112350186745;0,6834754605183896;0,5187829146160852;24,565577422410456;92,19168989118027;886,4378050060781;0,007989998553441395
68,58333333333333;679,9999998665912;679,0332916021846;563,6742245288317;0,6834754605183896;0,5187829146160852;24,365827551145003;91,44320239057467;886,4676703506573;0,007924841244673228
68,66666666666667;679,9999998701018;679,0411518204608;563,9366043435323;0,6834754605183896;0,5187829146160852;24,16770661016585;90,70080008066523;886,4973001423579;0,007860218276114578
68,75;679,9999998735199;679,0489479456794;564,1983758895021;0,6834754605183896;0,5187829146160852;23,971201241025142;89,96443335949421;886,5266961865809;0,007796125218690814
68,83333333333333;679,9999998768482;679,0566805033602;564,4595405904834;0,6834754605183896;0,5187829146160852;23,77629819601168;89,23405303141855;886,5558602757296;0,007732557680771436
68,91666666666667;679,9999998800888;679,0643500146681;564,7200998672363;0,6834754605183896;0,5187829146160852;23,58298433719881;88,509610303689;886,5847941892926;0,007669511307837014
69,0;679,9999998832442;679,0719569964502;564,9800551375408;0,6834754605183896;0,5187829146160852;23,39124663551786;87,79105678313513;886,6134996939201;0,007606981782155765
69,08333333333333;679,9999998863166;679,0795019612727;565,2394078161986;0,6834754605183896;0,5187829146160852;23,201072169848658;87,07834447291332;886,6419785435056;0,007544964822466054
69,16666666666667;679,999999889308;679,0869854174564;565,498159315035;0,6834754605183896;0,5187829146160852;23,01244812609582;86,371425769162;886,6702324792647;0,007483456183652144
69,25;679,9999998922208;679,0944078691128;565,7563110429003;0,6834754605183896;0,5187829146160852;22,825361796290622;85,67025345781592;886,6982632298126;0,007422451656433078
69,33333333333333;679,9999998950569;679,1017698161799;566,0138644056726;0,6834754605183896;0,5187829146160852;22,639800577698566;84,97478071135397;886,7260725112446;0,0073619470670479
69,41666666666667;679,9999998978184;679,1090717544567;566,2708208062595;0,6834754605183896;0,5187829146160852;22,45575197192693;84,28496108563344;886,7536620272125;0,007301938276947308
69,5;679,9999999005073;679,1163141756392;566,5271816446;0,6834754605183896;0,5187829146160852;22,273203584040857;83,60074851669083;886,7810334690041;0,007242421182484068
69,58333333333333;679,9999999031253;679,1234975673539;566,7829483176666;0,6834754605183896;0,5187829146160852;22,09214312170218;82,92209731764225;886,80818851562;0,007183391714612302
69,66666666666667;679,9999999056746;679,1306224131924;567,0381222194679;0,6834754605183896;0,5187829146160852;21,912558394285497;82,24896217552406;886,8351288338519;0,007124845838581585
69,75;679,9999999081566;679,137689192746;567,2927047410502;0,6834754605183896;0,5187829146160852;21,734437312053956;81,5812981483058;886,861856078358;0,007066779553647405
69,83333333333333;679,9999999105734;679,1446983816388;567,5466972705001;0,6834754605183896;0,5187829146160852;21,557767885263956;80,91906066166467;886,8883718917418;0,007009188892760889
69,91666666666667;679,9999999129266;679,1516504515611;567,8001011929466;0,6834754605183896;0,5187829146160852;21,382538223363667;80,26220550613749;886,9146779046282;0,006952069922291221
70,0;679,9999999152178;679,1585458703028;568,0529178905634;0,6834754605183896;0,5187829146160852;21,20873653413753;79,6106888339846;886,9407757357386;0,006895418741725132
70,08333333333333;679,9999999174488;679,1653851017861;568,3051487425715;0,6834754605183896;0,5187829146160852;21,03635112287634;78,96446715623917;886,9666669919685;0,006839231483381228
70,16666666666667;679,9999999196211;679,1721686060982;568,5567951252413;0,6834754605183896;0,5187829146160852;20,86537039156724;78,3234973397665;886,992353268462;0,006783504312126816
70,25;679,9999999217363;679,1788968395233;568,8078584118949;0,6834754605183896;0,5187829146160852;20,69578283807232;77,68773660431333;887,0178361486876;0,0067282334250936965
70,33333333333333;679,9999999237957;679,1855702545747;569,0583399729092;0,6834754605183896;0,5187829146160852;20,527577055324286;77,05714251961015;887,043117204513;0,006673415051399159
70,41666666666667;679,9999999258009;679,1921893000266;569,3082411757175;0,6834754605183896;0,5187829146160852;20,36074173052498;76,43167300245699;887,0681979962803;0,006619045451866444
70,5;679,9999999277535;679,1987544209453;569,557563384813;0,6834754605183896;0,5187829146160852;20,195265644358074;75,81128631390514;887,0930800728802;0,006565120918753174
70,58333333333333;679,9999999296546;679,2052660587208;569,8063079617505;0,6834754605183896;0,5187829146160852;20,031137670204657;75,1959410564126;887,1177649718254;0,006511637775478551
70,66666666666667;679,9999999315056;679,2117246510971;570,0544762651496;0,6834754605183896;0,5187829146160852;19,86834677334457;74,5855961709694;887,1422542193259;0,006458592376347936
70,75;679,999999933308;679,2181306322034;570,302069650697;0,6834754605183896;0,5187829146160852;19,706882010211757;73,98021093439212;887,1665493303615;0,006405981106293075
70,83333333333333;679,999999935063;679,224484432584;570,5490894711496;0,6834754605183896;0,5187829146160852;19,546732527615518;73,3797449565189;887,1906518087546;0,0063538003806035605
70,91666666666667;679,9999999367717;679,2307864792286;570,7955370763366;0,6834754605183896;0,5187829146160852;19,38788756197596;72,78415817745416;887,2145631472443;0,006302046644663055
71,0;679,9999999384355;679,2370371956023;571,0414138131628;0,6834754605183896;0,5187829146160852;19,2303364385765;72,19341086484306;887,2382848275582;0,006250716373689074
71,08333333333333;679,9999999400555;679,2432370016747;571,286721025611;0,6834754605183896;0,5187829146160852;19,074068570830605;71,60746361124549;887,2618183204838;0,0061998060724809175
71,16666666666667;679,999999941633;679,2493863139499;571,5314600547451;0,6834754605183896;0,5187829146160852;18,919073459520064;71,02627733134757;887,2851650859425;0,00614931227515489
71,25;679,9999999431689;679,2554855454948;571,775632238713;0,6834754605183896;0,5187829146160852;18,765340692075938;70,44981325939187;887,3083265730589;0,00609923154489777
71,33333333333333;679,9999999446643;679,2615351059685;572,019238912749;0,6834754605183896;0,5187829146160852;18,612859941850957;69,87803294652477;887,3313042202337;0,006049560473714356
71,41666666666667;679,9999999461204;679,2675354016507;572,2622814091773;0,6834754605183896;0,5187829146160852;18,461620967394765;69,31089825817365;887,3540994552133;0,0060002956821776044
71,5;679,9999999475382;679,2734868354698;572,5047610574145;0,6834754605183896;0,5187829146160852;18,311613611743383;68,74837137147374;887,3767136951617;0,005951433819183452
71,58333333333333;679,9999999489187;679,2793898070315;572,7466791839731;0,6834754605183896;0,5187829146160852;18,16282780170866;68,19041477269501;887,3991483467299;0,005902971561705992
71,66666666666667;679,9999999502629;679,2852447126461;572,988037112464;0,6834754605183896;0,5187829146160852;18,0152535471791;67,63699125469876;887,421404806126;0,005854905614555778
71,75;679,9999999515717;679,2910519453562;573,2288361635996;0,6834754605183896;0,5187829146160852;17,868880940420695;67,0880639144275;887,4434844591849;0,005807232710140718
71,83333333333333;679,999999952846;679,2968118949644;573,4690776551972;0,6834754605183896;0,5187829146160852;17,72370015538627;66,54359615036151;887,4653886814374;0,005759949608225599
71,91666666666667;679,9999999540869;679,3025249480602;573,7087629021821;0,6834754605183896;0,5187829146160852;17,579701447039042;66,00355166009481;887,4871188381792;0,005713053095701055
72,0;679,999999955295;679,3081914880465;573,9478932165903;0,6834754605183896;0,5187829146160852;17,436875150667674;65,46789443784473;887,50867628454;0,005666539986347709
72,08333333333333;679,9999999564714;679,3138118951672;574,1864699075719;0,6834754605183896;0,5187829146160852;17,295211681212663;64,93658877198814;887,5300623655505;0,005620407120603239
72,16666666666667;679,9999999576168;679,3193865465325;574,4244942813947;0,6834754605183896;0,5187829146160852;17,154701532604122;64,4095992426836;887,551278416212;0,005574651365336372
72,25;679,9999999587321;679,3249158161461;574,6619676414466;0,6834754605183896;0,5187829146160852;17,015335277105237;63,88689071946716;887,5723257615622;0,0055292696136197625
72,33333333333333;679,9999999598181;679,3304000749306;574,8988912882397;0,6834754605183896;0,5187829146160852;16,877103564650042;63,368428358844824;887,593205716744;0,0054842587845025425
72,41666666666667;679,9999999608754;679,3358396907533;575,135266519413;0,6834754605183896;0,5187829146160852;16,739997122186878;62,854177601934616;887,6139195870717;0,005439615822786937
72,5;679,9999999619049;679,3412350284522;575,3710946297359;0,6834754605183896;0,5187829146160852;16,60400675305027;62,34410417214184;887,634468668098;0,00539533769880937
72,58333333333333;679,9999999629074;679,3465864498604;575,6063769111117;0,6834754605183896;0,5187829146160852;16,469123336318603;61,83817407285748;887,6548542456794;0,005351421408222445
72,66666666666667;679,9999999638835;679,3518943138322;575,8411146525808;0,6834754605183896;0,5187829146160852;16,335337826174623;61,33635358511355;887,6750775960431;0,005307863971774469
72,75;679,9999999648338;679,3571589762673;576,075309140324;0,6834754605183896;0,5187829146160852;16,202641251283012;60,83860926532791;887,6951399858517;0,005264662435096495
72,83333333333333;679,9999999657591;679,3623807901358;576,308961657666;0,6834754605183896;0,5187829146160852;16,071024714162263;60,344907943012565;887,7150426722694;0,005221813868486762
72,91666666666667;679,9999999666602;679,3675601055025;576,5420734850793;0,6834754605183896;0,5187829146160852;15,94047939058214;59,85521671858139;887,7347869030257;0,005179315366703936
73,0;679,9999999675375;679,3726972695513;576,7746459001867;0,6834754605183896;0,5187829146160852;15,810996528941246;59,3695029610949;887,7543739164812;0,005137164048754924
73,08333333333333;679,9999999683918;679,377792626609;577,0066801777657;0,6834754605183896;0,5187829146160852;15,682567449655949;58,88773430601495;887,773804941691;0,00509535705768442
73,16666666666667;679,9999999692235;679,3828465181693;577,2381775897516;0,6834754605183896;0,5187829146160852;15,555183544569218;58,409878653065434;887,793081198469;0,005053891560373276
73,25;679,9999999700334;679,3878592829167;577,4691394052411;0,6834754605183896;0,5187829146160852;15,428836276353763;57,93590416405651;887,812203897451;0,005012764747334255
73,33333333333333;679,9999999708219;679,3928312567492;577,699566890496;0,6834754605183896;0,5187829146160852;15,303517177918025;57,46577926071884;887,8311742401586;0,0049719738325088745
73,41666666666667;679,9999999715897;679,3977627728023;577,9294613089468;0,6834754605183896;0,5187829146160852;15,179217851817839;56,99947262255096;887,8499934190613;0,004931516053065801
73,5;679,9999999723374;679,4026541614714;578,1588239211958;0,6834754605183896;0,5187829146160852;15,055929969685167;56,53695318474295;887,8686626176393;0,004891388669205834
73,58333333333333;679,9999999730652;679,4075057504355;578,3876559850218;0,6834754605183896;0,5187829146160852;14,933645271648288;56,078190136070184;887,8871830104463;0,004851588963964494
73,66666666666667;679,999999973774;679,4123178646785;578,6159587553826;0,6834754605183896;0,5187829146160852;14,812355565743474;55,623152916730845;887,9055557631707;0,004812114243010403
73,75;679,9999999744641;679,4170908265129;578,8437334844197;0,6834754605183896;0,5187829146160852;14,692052727389182;55,171811216435124;887,9237820326964;0,004772961834465383
73,83333333333333;679,999999975136;679,4218249556016;579,070981421461;0,6834754605183896;0,5187829146160852;14,57272869878068;54,72413497219965;887,9418629671659;0,004734129088699152
73,91666666666667;679,9999999757903;679,4265205689798;579,2977038130258;0,6834754605183896;0,5187829146160852;14,454375488361393;54,2800943664102;887,9597997060395;0,004695613378147832
74,0;679,9999999764274;679,4311779810769;579,5239019028274;0,6834754605183896;0,5187829146160852;14,336985170263006;53,839659824778394;887,977593380157;0,00465741209712328
74,08333333333333;679,9999999770478;679,4357975037385;579,7495769317775;0,6834754605183896;0,5187829146160852;14,220549883762601;53,40280201436469;887,9952451117961;0,004619522661628334
74,16666666666667;679,9999999776517;679,4403794462477;579,9747301379897;0,6834754605183896;0,5187829146160852;14,10506183273128;52,969491841564846;888,0127560147344;0,004581942509169159
74,25;679,9999999782398;679,4449241153462;580,1993627567837;0,6834754605183896;0,5187829146160852;13,990513285099837;52,53970045013956;888,0301271943073;0,004544669098571928
74,33333333333333;679,9999999788124;679,449431815256;580,4234760206888;0,6834754605183896;0,5187829146160852;13,876896572338637;52,11339921933674;888,0473597474679;0,00450769990980699
74,41666666666667;679,9999999793698;679,4539028476999;580,6470711594478;0,6834754605183896;0,5187829146160852;13,764204088909082;51,69055976187802;888,0644547628459;0,004471032443802019
74,5;679,9999999799128;679,4583375119221;580,8701494000213;0,6834754605183896;0,5187829146160852;13,652428291749175;51,27115392206783;888,0814133208055;0,004434664222266062
74,58333333333333;679,9999999804413;679,4627361047096;581,092711966591;0,6834754605183896;0,5187829146160852;13,541561699767612;50,855153773965384;888,0982364935037;0,004398592787518637
74,66666666666667;679,9999999809561;679,4670989204119;581,3147600805639;0,6834754605183896;0,5187829146160852;13,431596893292408;50,44253161933143;888,1149253449489;0,004362815702300548
74,75;679,9999999814572;679,4714262509615;581,5362949605766;0,6834754605183896;0,5187829146160852;13,322526513604771;50,033259985972464;888,1314809310575;0,004327330549617836
74,83333333333333;679,9999999819452;679,4757183858941;581,7573178224986;0,6834754605183896;0,5187829146160852;13,214343262393413;49,62731162569743;888,1479042997113;0,004292134932554016
74,91666666666667;679,9999999824201;679,4799756123682;581,9778298794369;0,6834754605183896;0,5187829146160852;13,107039901277062;49,224659512589064;888,1641964908147;0,004257226474108634
75,0;679,9999999828829;679,4841982151852;582,1978323417393;0,6834754605183896;0,5187829146160852;13,000609251298556;48,82527684116591;888,1803585363504;0,004222602817026596
75,08333333333333;679,9999999833333;679,4883864768088;582,4173264169992;0,6834754605183896;0,5187829146160852;12,895044192441674;48,429137024580804;888,1963914604362;0,004188261623631706
75,16666666666667;679,9999999837718;679,4925406773845;582,6363133100594;0,6834754605183896;0,5187829146160852;12,790337663111018;48,036213692749826;888,2122962793812;0,0041542005756530975
75,25;679,9999999841988;679,4966610947586;582,8547942230158;0,6834754605183896;0,5187829146160852;12,686482659682952;47,64648069067985;888,22807400174;0,004120417374070259
75,33333333333333;679,9999999846145;679,5007480044975;583,0727703552218;0,6834754605183896;0,5187829146160852;12,583472236005377;47,25991207664392;888,2437256283696;0,004086909738944319
75,41666666666667;679,9999999850195;679,5048016799068;583,2902429032922;0,6834754605183896;0,5187829146160852;12,481299502925935;46,876482120472375;888,2592521524824;0,004053675409259354
75,5;679,9999999854136;679,5088223920495;583,5072130611078;0,6834754605183896;0,5187829146160852;12,379957627817362;46,49616530177784;888,2746545597024;0,004020712142759133
75,58333333333333;679,9999999857976;679,5128104097653;583,7236820198187;0,6834754605183896;0,5187829146160852;12,279439834102845;46,11893630823651;888,2899338281179;0,003988017715787863
75,66666666666667;679,9999999861712;679,5167659996885;583,9396509678494;0,6834754605183896;0,5187829146160852;12,179739400806966;45,744770033945535;888,3050909283368;0,003955589923138036
75,75;679,9999999865352;679,5206894262664;584,1551210909021;0,6834754605183896;0,5187829146160852;12,080849662069681;45,37364157762149;888,3201268235396;0,003923426577885048
75,83333333333333;679,9999999868895;679,5245809517776;584,3700935719613;0,6834754605183896;0,5187829146160852;11,982764006720004;45,0055262410539;888,3350424695316;0,003891525511243457
75,91666666666667;679,9999999872344;679,52844083635;584,5845695912982;0,6834754605183896;0,5187829146160852;11,885475877798513;44,64039952734338;888,3498388147975;0,003859884572405193
76,0;679,9999999875704;679,5322693379784;584,7985503264744;0,6834754605183896;0,5187829146160852;11,788978772111136;44,27823713927232;888,3645168005534;0,0038285016283890875
76,08333333333333;679,9999999878975;679,5360667125423;585,0120369523464;0,6834754605183896;0,5187829146160852;11,693266239799982;43,919014977708734;888,379077360798;0,00379737456389398
76,16666666666667;679,9999999882159;679,5398332138234;585,22503064107;0,6834754605183896;0,5187829146160852;11,598331883880064;43,56270913994044;888,3935214223659;0,0037665012811448763
76,25;679,9999999885259;679,5435690935232;585,4375325621041;0,6834754605183896;0,5187829146160852;11,504169359812977;43,209295918075554;888,4078499049789;0,003735879699746295
76,33333333333333;679,999999988828;679,5472746012797;585,6495438822155;0,6834754605183896;0,5187829146160852;11,4107723750692;42,85875179745957;888,4220637212973;0,003705507756536097
76,41666666666667;679,9999999891219;679,5509499846852;585,8610657654827;0,6834754605183896;0,5187829146160852;11,31813468870746;42,51105345511551;888,4361637769699;0,003675383405442207
76,5;679,9999999894081;679,5545954893025;586,0720993733007;0,6834754605183896;0,5187829146160852;11,226250110917135;42,16617775805837;888,4501509706868;0,003645504617328333
76,58333333333333;679,9999999896869;679,5582113586823;586,2826458643847;0,6834754605183896;0,5187829146160852;11,135112502640254;41,824101761930656;888,464026194227;0,003615869379867197
76,66666666666667;679,9999999899583;679,5617978343797;586,4927063947749;0,6834754605183896;0,5187829146160852;11,0447157751139;41,484802709290335;888,4777903325112;0,0035864756973847042
76,75;679,9999999902225;679,5653551559705;586,7022821178408;0,6834754605183896;0,5187829146160852;10,955053889463784;41,14825802814043;888,4914442636498;0,003557321590724245
76,83333333333333;679,9999999904798;679,5688835610675;586,9113741842853;0,6834754605183896;0,5187829146160852;10,866120856300654;40,814445330425535;888,5049888589929;0,003528405097109047
76,91666666666667;679,9999999907303;679,5723832853375;587,1199837421492;0,6834754605183896;0,5187829146160852;10,77791073530534;40,48334241052834;888,5184249831791;0,0034997242700038713
77,0;679,9999999909743;679,5758545625165;587,3281119368157;0,6834754605183896;0,5187829146160852;10,690417634819482;40,154927243736346;888,5317534941852;0,0034712771789751863
77,08333333333333;679,9999999912118;679,5792976244261;587,5357599110146;0,6834754605183896;0,5187829146160852;10,603635711444781;39,82917798480131;888,5449752433732;0,0034430619095583612
77,16666666666667;679,999999991443;679,5827127009892;587,7429288048266;0,6834754605183896;0,5187829146160852;10,517559169642254;39,50607296643243;888,5580910755401;0,0034150765631204625
77,25;679,9999999916681;679,5861000202459;587,9496197556883;0,6834754605183896;0,5187829146160852;10,432182261345702;39,185590697888905;888,5711018289644;0,0033873192567309115
77,33333333333333;679,9999999918874;679,5894598083689;588,1558338983958;0,6834754605183896;0,5187829146160852;10,347499285555273;38,86770986348971;888,5840083354547;0,003359788123025237
77,41666666666667;679,9999999921009;679,592792289679;588,3615723651097;0,6834754605183896;0,5187829146160852;10,263504587962302;38,552409321219386;888,5968114203966;0,003332481310077643
77,5;679,9999999923087;679,5960976866603;588,5668362853595;0,6834754605183896;0,5187829146160852;10,180192560548562;38,239668101260996;888,6095119027997;0,0033053969812669487
77,58333333333333;679,9999999925111;679,5993762199754;588,7716267860477;0,6834754605183896;0,5187829146160852;10,097557641211097;37,92946540461184;888,6221105953443;0,0032785333151500434
77,66666666666667;679,9999999927082;679,6026281084808;588,9759449914546;0,6834754605183896;0,5187829146160852;10,01559431339274;37,6217806017257;888,6346083044273;0,003251888505337638
77,75;679,9999999929;679,6058535692412;589,179792023243;0,6834754605183896;0,5187829146160852;9,934297105687051;37,31659323105572;888,6470058302095;0,003225460760361585
77,83333333333333;679,9999999930869;679,6090528175447;589,3831690004619;0,6834754605183896;0,5187829146160852;9,85366059147168;37,01388299769663;888,6593039666602;0,0031992483035510394
77,91666666666667;679,9999999932688;679,6122260669176;589,5860770395517;0,6834754605183896;0,5187829146160852;9,773679388555934;36,713629772093206;888,6715035016027;0,0031732493729141904
78,0;679,999999993446;679,6153735291387;589,7885172543486;0,6834754605183896;0,5187829146160852;9,69434815878003;36,4158135885699;888,683605216761;0,0031474622210045937
78,08333333333333;679,9999999936184;679,6184954142535;589,9904907560889;0,6834754605183896;0,5187829146160852;9,615661607682569;36,12041464409561;888,6956098878024;0,003121885114808314
78,16666666666667;679,9999999937863;679,6215919305891;590,1919986534136;0,6834754605183896;0,5187829146160852;9,537614484122514;35,82741329688617;888,7075182843843;0,0030965163356169675
78,25;679,9999999939498;679,6246632847681;590,3930420523732;0,6834754605183896;0,5187829146160852;9,460201579929617;35,53679006512273;888,7193311701967;0,003071354178910721
78,33333333333333;679,9999999941091;679,6277096817223;590,5936220564317;0,6834754605183896;0,5187829146160852;9,383417729543453;35,24852562562712;888,7310493030077;0,003046396954237663
78,41666666666667;679,999999994264;679,6307313247074;590,7937397664717;0,6834754605183896;0,5187829146160852;9,307257809669522;34,96260081258021;888,7426734347064;0,003021642985097363
78,5;679,999999994415;679,6337284153162;590,9933962807988;0,6834754605183896;0,5187829146160852;9,231716738915452;34,67899661617745;888,7542043113465;0,00299709060881888
78,58333333333333;679,999999994562;679,6367011534927;591,192592695146;0,6834754605183896;0,5187829146160852;9,156789477469829;34,397694181466434;888,7656426731895;0,0029727381764541923
78,66666666666667;679,9999999947051;679,6396497375454;591,3913301026784;0,6834754605183896;0,5187829146160852;9,082471026732719;34,11867480696264;888,776989254748;0,0029485840526532647
78,75;679,9999999948444;679,642574364161;591,5896095939978;0,6834754605183896;0,5187829146160852;9,008756428994502;33,8419199434672;888,7882447848273;0,002924626615556303
78,83333333333333;679,99999999498;679,6454752284177;591,7874322571474;0,6834754605183896;0,5187829146160852;8,935640767086284;33,567411192775324;888,7994099865688;0,002900864256676677
78,91666666666667;679,9999999951121;679,6483525237985;591,9847991776163;0,6834754605183896;0,5187829146160852;8,86311916405873;33,29513030651397;888,8104855774914;0,002877295380794689
79,0;679,9999999952408;679,6512064422044;592,181711438344;0,6834754605183896;0,5187829146160852;8,79118678284101;33,02505918484361;888,821472269533;0,0028539184058407985
79,08333333333333;679,999999995366;679,6540371739671;592,3781701197252;0,6834754605183896;0,5187829146160852;8,719838825911097;32,757179875272755;888,8323707690935;0,0028307317627873827
79,16666666666667;679,999999995488;679,6568449078627;592,5741762996142;0,6834754605183896;0,5187829146160852;8,64907053497177;32,49147457144249;888,8431817770733;0,0028077338955389327
79,25;679,9999999956067;679,6596298311235;592,7697310533301;0,6834754605183896;0,5187829146160852;8,578877190632284;32,227925611960835;888,8539059889175;0,0027849232608260998
79,33333333333333;679,9999999957223;679,6623921294516;592,9648354536608;0,6834754605183896;0,5187829146160852;8,509254112078679;31,966515479184043;888,8645440946539;0,0027622983280954348
79,41666666666667;679,9999999958349;679,665131987031;593,1594905708679;0,6834754605183896;0,5187829146160852;8,44019665676683;31,707226798070796;888,8750967789346;0,0027398575794057166
79,5;679,9999999959444;679,6678495865403;593,3536974726912;0,6834754605183896;0,5187829146160852;8,37170022009559;31,450042334999914;888,8855647210756;0,0027175995093205174
79,58333333333333;679,9999999960512;679,6705451091651;593,5474572243539;0,6834754605183896;0,5187829146160852;8,303760235102686;31,194944996614623;888,8959485950975;0,002695522624804191
79,66666666666667;679,9999999961551;679,6732187346103;593,7407708885665;0,6834754605183896;0,5187829146160852;8,236372172152073;30,941917828686652;888,9062490697639;0,0026736254451187177
79,75;679,9999999962563;679,6758706411119;593,9336395255322;0,6834754605183896;0,5187829146160852;8,1695315386213;30,69094401496047;888,9164668086219;0,002651906501719252
79,83333333333333;679,9999999963549;679,6785010054501;594,1260641929507;0,6834754605183896;0,5187829146160852;8,103233878608762;30,442006876060447;888,9266024700396;0,0026303643381554048
79,91666666666667;679,9999999964507;679,68111000296;594,3180459460241;0,6834754605183896;0,5187829146160852;8,037474772618225;30,19508986833841;888,9366567072467;0,002608997509966953
80,0;679,999999996544;679,6836978075446;594,5095858374603;0,6834754605183896;0,5187829146160852;7,972249837266077;29,950176582777488;888,9466301683715;0,0025878045845850305
80,08333333333333;679,999999996635;679,6862645916858;594,7006849174788;0,6834754605183896;0,5187829146160852;7,907554724985744;29,707250743905888;888,9565234964798;0,0025667841412338613
80,16666666666667;679,9999999967235;679,6888105264567;594,8913442338147;0,6834754605183896;0,5187829146160852;7,843385123729263;29,46629620868751;888,9663373296133;0,002545934770830768
80,25;679,9999999968097;679,6913357815325;595,0815648317235;0,6834754605183896;0,5187829146160852;7,779736756671696;29,227296965439027;888,9760723008267;0,00252525507588827
80,33333333333333;679,9999999968937;679,693840525203;595,2713477539861;0,6834754605183896;0,5187829146160852;7,716605381929753;28,990237132786728;888,9857290382245;0,0025047436704199104
80,41666666666667;679,9999999969755;679,6963249243828;595,4606940409133;0,6834754605183896;0,5187829146160852;7,653986792269052;28,755100958560433;888,9953081650001;0,002484399179841069
80,5;679,999999997055;679,6987891446237;595,6496047303505;0,6834754605183896;0,5187829146160852;7,591876814817056;28,52187281876357;889,0048102994708;0,0024642202408754446
80,58333333333333;679,9999999971326;679,7012333501251;595,8380808576825;0,6834754605183896;0,5187829146160852;7,530271310784542;28,290537216526687;889,0142360551163;0,002444205501461022
80,66666666666667;679,999999997208;679,7036577037458;596,0261234558383;0,6834754605183896;0,5187829146160852;7,46916617518707;28,061078781074247;889,023586040613;0,0024243536206570216
80,75;679,9999999972815;679,7060623670143;596,2137335552957;0,6834754605183896;0,5187829146160852;7,408557336555077;27,833482266654944;889,0328608598729;0,002404663268547631
80,83333333333333;679,999999997353;679,7084475001404;596,4009121840861;0,6834754605183896;0,5187829146160852;7,3484407566809296;27,60773255160784;889,0420611120769;0,002385133126157595
80,91666666666667;679,9999999974227;679,7108132620258;596,5876603677993;0,6834754605183896;0,5187829146160852;7,288812430314806;27,383814637226457;889,0511873917121;0,002365761885350566
81,0;679,9999999974905;679,7131598102745;596,773979129588;0,6834754605183896;0,5187829146160852;7,229668384923116;27,16171364687458;889,0602402886068;0,002346548248748972
81,08333333333333;679,9999999975565;679,7154873012041;596,959869490173;0,6834754605183896;0,5187829146160852;7,171004680398596;26,941414824913288;889,0692203879655;0,0023274909296377433
81,16666666666667;679,9999999976209;679,717795889856;597,1453324678472;0,6834754605183896;0,5187829146160852;7,112817408810201;26,722903535757126;889,0781282704044;0,0023085886518796296
81,25;679,9999999976834;679,7200857300058;597,3303690784812;0,6834754605183896;0,5187829146160852;7,055102694121729;26,50616526285414;889,0869645119857;0,0022898401498232385
81,33333333333333;679,9999999977443;679,7223569741741;597,5149803355278;0,6834754605183896;0,5187829146160852;6,997856691938864;26,291185607735414;889,0957296842521;0,002271244168217807
81,41666666666667;679,9999999978037;679,7246097736362;597,6991672500262;0,6834754605183896;0,5187829146160852;6,941075589256229;26,077950289081205;889,1044243542609;0,0022527994621291546
81,5;679,9999999978616;679,7268442784331;597,8829308306075;0,6834754605183896;0,5187829146160852;6,884755604187376;25,8664451417142;889,1130490846184;0,0022345047968495555
81,58333333333333;679,9999999979178;679,7290606373809;598,0662720834991;0,6834754605183896;0,5187829146160852;6,828892985711832;25,656656115675567;889,1216044335137;0,0022163589478144644
81,66666666666667;679,9999999979726;679,7312589980814;598,2491920125298;0,6834754605183896;0,5187829146160852;6,773484013422149;25,448569275274522;889,1300909547515;0,00219836070051749
81,75;679,9999999980259;679,7334395069319;598,4316916191336;0,6834754605183896;0,5187829146160852;6,718524997279474;25,24217079818093;889,1385091977858;0,002180508850428934
81,83333333333333;679,9999999980779;679,7356023091347;598,613771902356;0,6834754605183896;0,5187829146160852;6,664012277352072;25,037446974471568;889,1468597077534;0,0021628022029100487
81,91666666666667;679,9999999981285;679,7377475487078;598,7954338588575;0,6834754605183896;0,5187829146160852;6,609942223579424;24,83438420573596;889,1551430255059;0,0021452395731331488
82,0;679,9999999981777;679,7398753684938;598,9766784829187;0,6834754605183896;0,5187829146160852;6,556311235516432;24,632969004142527;889,1633596876434;0,002127819785997712
82,08333333333333;679,9999999982257;679,7419859101699;599,1575067664457;0,6834754605183896;0,5187829146160852;6,5031157420975205;24,43318799155766;889,1715102265455;0,002110541676051481
82,16666666666667;679,9999999982724;679,7440793142573;599,337919698974;0,6834754605183896;0,5187829146160852;6,450352201395049;24,235027898648287;889,1795951704044;0,002093404087410106
82,25;679,9999999983178;679,746155720131;599,5179182676737;0,6834754605183896;0,5187829146160852;6,398017100377729;24,038475563977784;889,1876150432561;0,00207640587367637
82,33333333333333;679,9999999983621;679,7482152660289;599,6975034573545;0,6834754605183896;0,5187829146160852;6,34610695466904;23,843517933135026;889,1955703650128;0,0020595458978617176
82,41666666666667;679,9999999984052;679,7502580890612;599,8766762504698;0,6834754605183896;0,5187829146160852;6,2946183083312235;23,650142057909783;889,2034616514939;0,002042823032312735
82,5;679,9999999984472;679,7522843252198;600,0554376271224;0,6834754605183896;0,5187829146160852;6,243547733600963;23,458335095309156;889,211289414457;0,002026236158623531
82,58333333333333;679,9999999984881;679,7542941093874;600,233724777786;0,6834754605183896;0,5187829146160852;6,192891830684744;23,26808430682572;889,2190541616301;0,002009784167569397
82,66666666666667;679,9999999985279;679,7562875753464;600,4116219228799;0,6834754605183896;0,5187829146160852;6,142647227517273;23,079377057503635;889,2267563967409;0,001993465959024209
82,75;679,9999999985665;679,7582648557883;600,5891298151396;0,6834754605183896;0,5187829146160852;6,092810579536945;22,892200815137226;889,2343966195476;0,00197728044188807
82,83333333333333;679,9999999986043;679,7602260823223;600,7662492064972;0,6834754605183896;0,5187829146160852;6,043378569455626;22,70654314939672;889,2419753258706;0,001961226534009626
82,91666666666667;679,999999998641;679,7621713854844;600,9429808480784;0,6834754605183896;0,5187829146160852;5,994347907048336;22,522391731053307;889,2494930076209;0,001945303162116561
83,0;679,9999999986767;679,7641008947461;601,1193254902005;0,6834754605183896;0,5187829146160852;5,945715328914503;22,339734331098274;889,2569501528307;0,0019295092617369618
83,08333333333333;679,9999999987116;679,7660147385233;601,2952838823692;0,6834754605183896;0,5187829146160852;5,8974775982648;22,158558819938243;889,2643472456836;0,0019138437771276538
83,16666666666667;679,9999999987455;679,7679130441845;601,4708567732761;0,6834754605183896;0,5187829146160852;5,849631504707986;21,978853166623576;889,271684766544;0,0018983056612048394
83,25;679,9999999987785;679,76979593806;601,6460449107963;0,6834754605183896;0,5187829146160852;5,80217386402353;21,80060543797411;889,2789631919851;0,001882893875466798
83,33333333333333;679,9999999988106;679,77166354545;601,8208490419858;0,6834754605183896;0,5187829146160852;5,7551015179626575;21,62380379787376;889,2861829948193;0,001867607389930076
83,41666666666667;679,999999998842;679,7735159906331;601,9952699130788;0,6834754605183896;0,5187829146160852;5,708411334015295;21,448436506373078;889,2933446441267;0,0018524451830502892
83,5;679,9999999988723;679,7753533968747;602,1693082694854;0,6834754605183896;0,5187829146160852;5,662100205222487;21,27449191902031;889,3004486052835;0,001837406241661644
83,58333333333333;679,999999998902;679,7771758864357;602,3429648557889;0,6834754605183896;0,5187829146160852;5,616165049940491;21,101958485967224;889,3074953399906;0,001822489560897835
83,66666666666667;679,999999998931;679,7789835805797;602,5162404157433;0,6834754605183896;0,5187829146160852;5,570602811658887;20,9308247513002;889,3144853063025;0,0018076941441320228
83,75;679,9999999989591;679,7807765995826;602,6891356922711;0,6834754605183896;0,5187829146160852;5,525410458781721;20,761079352215592;889,3214189586536;0,0017930190029037062
83,83333333333333;679,9999999989865;679,7825550627394;602,8616514274605;0,6834754605183896;0,5187829146160852;5,480584984411507;20,5927110182349;889,3282967478881;0,0017784631568485264
83,91666666666667;679,9999999990131;679,7843190883731;603,0337883625635;0,6834754605183896;0,5187829146160852;5,436123406175852;20,425708570555674;889,3351191212861;0,0017640256336402791
84,0;679,9999999990391;679,786068793842;603,2055472379928;0,6834754605183896;0,5187829146160852;5,392022766000082;20,260060921187186;889,341886522592;0,0017497054689145867
84,08333333333333;679,9999999990645;679,7878042955482;603,37692879332;0,6834754605183896;0,5187829146160852;5,348280129928185;20,095757072304647;889,3485993920407;0,0017355017062108042
84,16666666666667;679,999999999089;679,7895257089451;603,5479337672728;0,6834754605183896;0,5187829146160852;5,3048925879068065;19,93278611545443;889,3552581663857;0,0017214133969012735
84,25;679,999999999113;679,7912331485453;603,718562897733;0,6834754605183896;0,5187829146160852;5,261857253597668;19,771137230822188;889,3618632789254;0,0017074396001268356
84,33333333333333;679,9999999991363;679,792926727928;603,8888169217342;0,6834754605183896;0,5187829146160852;5,219171264192823;19,610799686577145;889,3684151595296;0,0016935793827377607
84,41666666666667;679,9999999991591;679,7946065597473;604,0586965754591;0,6834754605183896;0,5187829146160852;5,176831780207181;19,451762838093888;889,3749142346661;0,0016798318192247975
84,5;679,9999999991812;679,796272755739;604,2282025942374;0,6834754605183896;0,5187829146160852;5,134835985293762;19,29401612725357;889,3813609274274;0,0016661959916572254
84,58333333333333;679,9999999992028;679,7979254267286;604,3973357125436;0,6834754605183896;0,5187829146160852;5,09318108605612;19,137549081751818;889,3877556575558;0,0016526709896211892
84,66666666666667;679,9999999992237;679,7995646826388;604,5660966639949;0,6834754605183896;0,5187829146160852;5,05186431185507;18,982351314390012;889,3940988414702;0,0016392559101565435
84,75;679,9999999992442;679,8011906324965;604,7344861813488;0,6834754605183896;0,5187829146160852;5,010882914623949;18,828412522373235;889,4003908922912;0,0016259498576947605
84,83333333333333;679,999999999264;679,8028033844405;604,9025049965005;0,6834754605183896;0,5187829146160852;4,9702341686924;18,675722486667816;889,406632219867;0,0016127519440015086
84,91666666666667;679,9999999992833;679,8044030457286;605,0701538404816;0,6834754605183896;0,5187829146160852;4,929915370587423;18,524271071246268;889,4128232307982;0,0015996612881100274
85,0;679,9999999993023;679,8059897227448;605,2374334434569;0,6834754605183896;0,5187829146160852;4,889923838868526;18,374048222484568;889,4189643284634;0,0015866770162672413
85,08333333333333;679,9999999993206;679,8075635210067;605,4043445347231;0,6834754605183896;0,5187829146160852;4,850256913937301;18,22504396845017;889,425055913044;0,001573798261870706
85,16666666666667;679,9999999993385;679,8091245451722;605,5708878427064;0,6834754605183896;0,5187829146160852;4,810911957846997;18,077248418199925;889,4310983815492;0,0015610241654062515
85,25;679,999999999356;679,8106728990466;605,7370640949599;0,6834754605183896;0,5187829146160852;4,771886354157573;17,930651761220414;889,4370921278394;0,0015483538743984648
85,33333333333333;679,9999999993728;679,81220868559;605,9028740181624;0,6834754605183896;0,5187829146160852;4,733177507733899;17,785244266709338;889,4430375426523;0,001535786543346481
85,41666666666667;679,9999999993893;679,8137320069237;606,0683183381153;0,6834754605183896;0,5187829146160852;4,694782844569545;17,641016282883356;889,4489350136255;0,0015233213336633448
85,5;679,9999999994054;679,8152429643374;606,2333977797416;0,6834754605183896;0,5187829146160852;4,656699811638987;17,497958236458196;889,4547849253219;0,001510957413629078
85,58333333333333;679,9999999994211;679,8167416582957;606,3981130670829;0,6834754605183896;0,5187829146160852;4,618925876701496;17,35606063189688;889,4605876592525;0,0014986939583246722
85,66666666666667;679,9999999994363;679,8182281884452;606,5624649232981;0,6834754605183896;0,5187829146160852;4,581458528136295;17,21531405080703;889,4663435939008;0,001486530149578389
85,75;679,9999999994511;679,8197026536211;606,7264540706608;0,6834754605183896;0,5187829146160852;4,54429527477771;17,075709151331505;889,4720531047464;0,0014744651759116354
85,83333333333333;679,9999999994656;679,8211651518536;606,8900812305579;0,6834754605183896;0,5187829146160852;4,507433645750325;16,9372366675159;889,477716564287;0,001462498232483283
85,91666666666667;679,9999999994797;679,8226157803747;607,0533471234872;0,6834754605183896;0,5187829146160852;4,470871190298453;16,79988740869257;889,4833343420636;0,0014506285210347453
86,0;679,9999999994933;679,8240546356245;607,2162524690557;0,6834754605183896;0,5187829146160852;4,434605477624132;16,66365225887128;889,4889068046816;0,0014388552498361092
86,08333333333333;679,9999999995066;679,8254818132582;607,3787979859773;0,6834754605183896;0,5187829146160852;4,398634096719434;16,528522176103394;889,4944343158346;0,0014271776336300965
86,16666666666667;679,9999999995197;679,8268974081518;607,5409843920713;0,6834754605183896;0,5187829146160852;4,3629546562101496;16,394488191915563;889,4999172363271;0,0014155948935815604
86,25;679,9999999995323;679,8283015144091;607,7028124042606;0,6834754605183896;0,5187829146160852;4,327564784196625;16,261541410716955;889,5053559240963;0,0014041062572250015
86,33333333333333;679,9999999995446;679,8296942253675;607,8642827385692;0,6834754605183896;0,5187829146160852;4,292462128080388;16,129673009136923;889,5107507342352;0,0013927109584063947
86,41666666666667;679,9999999995566;679,8310756336047;608,0253961101208;0,6834754605183896;0,5187829146160852;4,257644354427725;15,998874235528257;889,5161020190139;0,0013814082372388425
86,5;679,9999999995682;679,8324458309447;608,1861532331371;0,6834754605183896;0,5187829146160852;4,2231091487991534;15,869136409328041;889,5214101279025;0,0013701973400462146
86,58333333333333;679,9999999995796;679,833804908464;608,3465548209356;0,6834754605183896;0,5187829146160852;4,188854215587412;15,74045092046156;889,526675407593;0,0013590775193103196
86,66666666666667;679,9999999995907;679,8351529564976;608,5066015859278;0,6834754605183896;0,5187829146160852;4,154877277889568;15,612809228852175;889,531898202019;0,0013480480336276535
86,75;679,9999999996014;679,8364900646452;608,6662942396179;0,6834754605183896;0,5187829146160852;4,121176077327959;15,486202863775553;889,5370788523798;0,0013371081476520564
86,83333333333333;679,999999999612;679,8378163217773;608,8256334926004;0,6834754605183896;0,5187829146160852;4,087748373905242;15,360623423290066;889,5422176971598;0,0013262571320449116
86,91666666666667;679,9999999996221;679,8391318160407;608,984620054559;0,6834754605183896;0,5187829146160852;4,054591945867969;15,236062573746675;889,5473150721514;0,0013154942634313622
87,0;679,9999999996321;679,840436634865;609,1432546342639;0,6834754605183896;0,5187829146160852;4,021704589536057;15,112512049156395;889,5523713104737;0,001304818824344509
87,08333333333333;679,9999999996418;679,8417308649682;609,3015379395715;0,6834754605183896;0,5187829146160852;3,9890841191777326;14,98996365071343;889,557386742596;0,001294230103183339
87,16666666666667;679,9999999996512;679,8430145923624;609,4594706774213;0,6834754605183896;0,5187829146160852;3,956728366839002;14,868409246165953;889,5623616963561;0,001283727394157184
87,25;679,9999999996604;679,8442879023596;609,617053553835;0,6834754605183896;0,5187829146160852;3,9246351822214365;14,747840769349176;889,5672964969823;0,0012733099972445528
87,33333333333333;679,9999999996693;679,8455508795778;609,7742872739149;0,6834754605183896;0,5187829146160852;3,8928024325201704;14,62825021961243;889,5721914671137;0,0012629772181420437
87,41666666666667;679,999999999678;679,846803607946;609,9311725418415;0,6834754605183896;0,5187829146160852;3,8612280022874756;14,509629661259495;889,57704692682;0,001252728368215914
87,5;679,9999999996865;679,8480461707104;610,0877100608728;0,6834754605183896;0,5187829146160852;3,829909793302022;14,391971223111472;889,581863193621;0,0012425627644624194
87,58333333333333;679,9999999996948;679,8492786504398;610,2439005333423;0,6834754605183896;0,5187829146160852;3,7988457244011897;14,275267097847761;889,5866405825085;0,0012324797294505044
87,66666666666667;679,9999999997028;679,8505011290312;610,3997446606571;0,6834754605183896;0,5187829146160852;3,768033731373066;14,159509541628534;889,5913794059641;0,0012224785912877865
87,75;679,9999999997106;679,8517136877148;610,5552431432969;0,6834754605183896;0,5187829146160852;3,7374717667916;14,044690873445663;889,5960799739798;0,0012125586835641528
87,83333333333333;679,9999999997182;679,8529164070601;610,7103966808121;0,6834754605183896;0,5187829146160852;3,7071577998943894;13,930803474705444;889,6007425940774;0,001202719345314091
87,91666666666667;679,9999999997256;679,8541093669811;610,8652059718221;0,6834754605183896;0,5187829146160852;3,6770898164519394;13,817839788715293;889,605367571327;0,0011929599209719011
88,0;679,9999999997328;679,8552926467414;611,0196717140142;0,6834754605183896;0,5187829146160852;3,647265818611345;13,705792320114154;889,6099552083676;0,0011832797603213397
88,08333333333333;679,9999999997399;679,8564663249599;611,1737946041419;0,6834754605183896;0,5187829146160852;3,617683824785445;13,594653634445288;889,6145058054253;0,0011736782184580891
88,16666666666667;679,9999999997467;679,8576304796156;611,3275753380233;0,6834754605183896;0,5187829146160852;3,588341869499345;13,484416357593298;889,6190196603326;0,0011641546557400765
88,25;679,9999999997534;679,8587851880534;611,4810146105398;0,6834754605183896;0,5187829146160852;3,5592380032767323;13,375073175363557;889,6234970685462;0,0011547084377502262
88,33333333333333;679,9999999997599;679,8599305269886;611,6341131156346;0,6834754605183896;0,5187829146160852;3,5303702925006064;13,26661683294902;889,627938323167;0,0011453389352498054
88,41666666666667;679,9999999997661;679,8610665725128;611,7868715463111;0,6834754605183896;0,5187829146160852;3,5017368192825415;13,159040134459987;889,6323437149576;0,0011360455241366568
88,5;679,9999999997723;679,8621934000981;611,9392905946318;0,6834754605183896;0,5187829146160852;3,473335681334788;13,05233594243066;889,6367135323615;0,001126827585402053
88,58333333333333;679,9999999997783;679,8633110846032;612,0913709517165;0,6834754605183896;0,5187829146160852;3,445164991853744;12,946497177388634;889,6410480615199;0,0011176845050926334
88,66666666666667;679,9999999997841;679,8644197002775;612,2431133077414;0,6834754605183896;0,5187829146160852;3,417222879377846;12,841516817331655;889,6453475862912;0,0011086156742642823
88,75;679,9999999997898;679,8655193207665;612,3945183519372;0,6834754605183896;0,5187829146160852;3,3895074876653553;12,73738789726068;889,6496123882686;0,0010996204889412195
88,83333333333333;679,9999999997954;679,8666100191165;612,5455867725882;0,6834754605183896;0,5187829146160852;3,362016975583515;12,634103508782488;889,6538427467968;0,0010906983500806175
88,91666666666667;679,9999999998008;679,86769186778;612,6963192570305;0,6834754605183896;0,5187829146160852;3,334749516972124;12,53165679957649;889,658038938991;0,0010818486635262266
89,0;679,9999999998059;679,86876493862;612,8467164916511;0,6834754605183896;0,5187829146160852;3,307703300521325;12,430040972957611;889,6622012397543;0,0010730708399695334
89,08333333333333;679,999999999811;679,8698293029149;612,9967791618866;0,6834754605183896;0,5187829146160852;3,2808765296493902;12,329249287415962;889,6663299217942;0,0010643642949093456
89,16666666666667;679,999999999816;679,8708850313635;613,1465079522214;0,6834754605183896;0,5187829146160852;3,2542674224032453;12,229275056242626;889,6704252556407;0,0010557284486188135
89,25;679,999999999821;679,8719321940896;613,2959035461871;0,6834754605183896;0,5187829146160852;3,2278742113135195;12,130111646983238;889,6744875096622;0,0010471627260976175
89,33333333333333;679,9999999998256;679,8729708606467;613,4449666263607;0,6834754605183896;0,5187829146160852;3,2016951432837004;12,031752481040595;889,6785169500847;0,001038666557036654
89,41666666666667;679,9999999998303;679,8740011000224;613,5936978743637;0,6834754605183896;0,5187829146160852;3,175728479473605;11,934191033214326;889,6825138410067;0,0010302393757780533
89,5;679,9999999998347;679,8750229806436;613,7420979708606;0,6834754605183896;0,5187829146160852;3,149972495197062;11,837420831349872;889,6864784444161;0,001021880621283632
89,58333333333333;679,999999999839;679,8760365703807;613,8901675955582;0,6834754605183896;0,5187829146160852;3,12442547977696;11,741435455772184;889,6904110202084;0,0010135897370857655
89,66666666666667;679,9999999998432;679,877041936552;614,0379074272035;0,6834754605183896;0,5187829146160852;3,099085736457141;11,646228538967815;889,6943118262018;0,001005366171259089
89,75;679,9999999998473;679,8780391459284;614,1853181435838;0,6834754605183896;0,5187829146160852;3,0739515822801877;11,551793765114665;889,698181118153;0,0009972093763794924
89,83333333333333;679,9999999998514;679,8790282647378;614,3324004215242;0,6834754605183896;0,5187829146160852;3,049021347973735;11,458124869684577;889,702019149775;0,0009891188094886712
89,91666666666667;679,9999999998554;679,8800093586699;614,4791549368873;0,6834754605183896;0,5187829146160852;3,0242933778396264;11,365215639006214;889,7058261727522;0,0009810939320561798
90,0;679,9999999998591;679,8809824928799;614,625582364572;0,6834754605183896;0,5187829146160852;2,999766029637385;11,273059909834537;889,7096024367571;0,0009731342099415479
90,08333333333333;679,9999999998628;679,8819477319933;614,7716833785121;0,6834754605183896;0,5187829146160852;2,9754376744818956;11,18165156897659;889,7133481894654;0,0009652391133612248
90,16666666666667;679,9999999998664;679,8829051401101;614,9174586516754;0,6834754605183896;0,5187829146160852;2,951306696738243;11,090984552884176;889,7170636765719;0,0009574081168530718
90,25;679,9999999998699;679,8838547808093;615,0629088560624;0,6834754605183896;0,5187829146160852;2,9273714939080264;11,001052847243207;889,7207491418064;0,0009496406992400623
90,33333333333333;679,9999999998734;679,8847967171529;615,2080346627058;0,6834754605183896;0,5187829146160852;2,903630476515673;10,9118504865465;889,7244048269495;0,0009419363435928594
90,41666666666667;679,9999999998766;679,88573101169;615,3528367416686;0,6834754605183896;0,5187829146160852;2,880082068011802;10,823371553722888;889,7280309718469;0,0009342945371974059
90,5;679,99999999988;679,8866577264615;615,4973157620439;0,6834754605183896;0,5187829146160852;2,8567247046652255;10,735610179743118;889,731627814426;0,000926714771520164
90,58333333333333;679,9999999998831;679,8875769230037;615,6414723919531;0,6834754605183896;0,5187829146160852;2,8335568354606266;10,648560543235709;889,7351955907098;0,0009191965421744325
90,66666666666667;679,9999999998862;679,8884886623526;615,7853072985458;0,6834754605183896;0,5187829146160852;2,8105769219848753;10,562216870056444;889,7387345348335;0,0009117393488827319
90,75;679,9999999998892;679,8893930050481;615,928821147998;0,6834754605183896;0,5187829146160852;2,78778343833892;10,476573432970442;889,7422448790571;0,0009043426954486232
90,83333333333333;679,9999999998921;679,8902900111378;616,0720146055114;0,6834754605183896;0,5187829146160852;2,765174871026943;10,39162455122828;889,7457268537822;0,0008970060897197568
90,91666666666667;679,999999999895;679,8911797401814;616,2148883353127;0,6834754605183896;0,5187829146160852;2,742749718856885;10,307364590195077;889,7491806875664;0,0008897290435553153
91,0;679,9999999998977;679,8920622512542;616,3574430006523;0,6834754605183896;0,5187829146160852;2,720506492838126;10,223787960972977;889,7526066071367;0,0008825110727928246
91,08333333333333;679,9999999999004;679,8929376029514;616,4996792638036;0,6834754605183896;0,5187829146160852;2,698443716087695;10,140889120040184;889,756004837405;0,0008753516972166777
91,16666666666667;679,999999999903;679,8938058533919;616,641597786062;0,6834754605183896;0,5187829146160852;2,676559923725108;10,058662568883351;889,7593756014829;0,0008682504405254408
91,25;679,9999999999055;679,8946670602222;616,783199227744;0,6834754605183896;0,5187829146160852;2,654853662778578;9,977102853603519;889,7627191206942;0,0008612068302981384
91,33333333333333;679,999999999908;679,8955212806202;616,9244842481863;0,6834754605183896;0,5187829146160852;2,6333234920826953;9,896204564581627;889,7660356145913;0,0008542203979640246
91,41666666666667;679,9999999999104;679,8963685712989;617,065453505745;0,6834754605183896;0,5187829146160852;2,6119679821960062;9,815962336134103;889,7693253009668;0,000847290678773045
91,5;679,9999999999128;679,8972089885107;617,2061076577947;0,6834754605183896;0,5187829146160852;2,590785715287325;9,736370846105538;889,772588395869;0,0008404172117598806
91,58333333333333;679,9999999999152;679,8980425880504;617,3464473607278;0,6834754605183896;0,5187829146160852;2,5697752850533107;9,6574248155607;889,7758251136157;0,0008335995397169049
91,66666666666667;679,9999999999173;679,8988694252596;617,4864732699533;0,6834754605183896;0,5187829146160852;2,5489352966189927;9,579119008400388;889,7790356668077;0,0008268372091607948
91,75;679,9999999999195;679,8996895550299;617,6261860398964;0,6834754605183896;0,5187829146160852;2,5282643664439775;9,501448231020323;889,782220266341;0,0008201297703024677
91,83333333333333;679,9999999999217;679,9005030318069;617,7655863239977;0,6834754605183896;0,5187829146160852;2,5077611222400265;9,42440733200649;889,7853791214229;0,0008134767770202859
91,91666666666667;679,9999999999237;679,9013099095937;617,904674774712;0,6834754605183896;0,5187829146160852;2,4874242028687377;9,347991201744358;889,7885124395832;0,0008068777868260398
92,0;679,9999999999256;679,9021102419546;618,0434520435081;0,6834754605183896;0,5187829146160852;2,4672522582505962;9,272194772077784;889,7916204266883;0,0008003323608351008
92,08333333333333;679,9999999999277;679,9029040820183;618,1819187808675;0,6834754605183896;0,5187829146160852;2,447243949276867;9,197013015991091;889,794703286955;0,0007938400637383531
92,16666666666667;679,9999999999296;679,903691482482;618,3200756362841;0,6834754605183896;0,5187829146160852;2,427397947735699;9,122440947314342;889,7977612229621;0,000787400463776684
92,25;679,9999999999314;679,9044724956148;618,4579232582632;0,6834754605183896;0,5187829146160852;2,4077129361899097;9,048473620289503;889,8007944356648;0,0007810131327026996
92,33333333333333;679,9999999999333;679,9052471732605;618,5954622943212;0,6834754605183896;0,5187829146160852;2,3881876079173026;8,97510612932208;889,8038031244068;0,0007746776457593562
92,41666666666667;679,999999999935;679,9060155668421;618,7326933909842;0,6834754605183896;0,5187829146160852;2,3688206668197154;8,90233360866651;889,8067874869331;0,0007683935816519503
92,5;679,9999999999367;679,9067777273647;618,8696171937879;0,6834754605183896;0,5187829146160852;2,349610827320703;8,830151232015515;889,8097477194033;0,0007621605225127894
92,58333333333333;679,9999999999384;679,9075337054186;619,006234347277;0,6834754605183896;0,5187829146160852;2,3305568143001665;8,758554212284855;889,8126840164031;0,0007559780538817139
92,66666666666667;679,99999999994;679,9082835511832;619,1425454950039;0,6834754605183896;0,5187829146160852;2,311657362994879;8,687537801212606;889,8155965709578;0,0007498457646716483
92,75;679,9999999999416;679,9090273144303;619,2785512795289;0,6834754605183896;0,5187829146160852;2,2929112189189027;8,617097289084308;889,818485574544;0,000743763247144102
92,83333333333333;679,9999999999432;679,9097650445271;619,4142523424188;0,6834754605183896;0,5187829146160852;2,2743171377811677;8,54722800442166;889,8213512171026;0,0007377300968819908
92,91666666666667;679,9999999999446;679,9104967904399;619,5496493242468;0,6834754605183896;0,5187829146160852;2,255873885400206;8,477925313641428;889,8241936870501;0,0007317459127602454
93,0;679,9999999999461;679,9112226007368;619,6847428645921;0,6834754605183896;0,5187829146160852;2,237580237618886;8,409184620764021;889,8270131712916;0,0007258102969198057
93,08333333333333;679,9999999999475;679,9119425235915;619,8195336020384;0,6834754605183896;0,5187829146160852;2,219434980233359;8,341001367135306;889,8298098552323;0,0007199228547434951
93,16666666666667;679,9999999999488;679,9126566067863;619,9540221741743;0,6834754605183896;0,5187829146160852;2,201436908899268;8,273371031075586;889,8325839227891;0,0007140831948253851
93,25;679,9999999999502;679,9133648977153;620,0882092175922;0,6834754605183896;0,5187829146160852;2,183584829063534;8,206289127624595;889,835335556403;0,0007082909289484505
93,33333333333333;679,9999999999515;679,9140674433874;620,2220953678881;0,6834754605183896;0,5187829146160852;2,165877555873408;8,139751208193777;889,8380649370511;0,0007025456720543628
93,41666666666667;679,9999999999528;679,9147642904296;620,3556812596606;0,6834754605183896;0,5187829146160852;2,148313914102573;8,073752860321232;889,8407722442569;0,0006968470422214493
93,5;679,9999999999541;679,9154554850902;620,488967526511;0,6834754605183896;0,5187829146160852;2,1308927380800924;8,0082897073571;889,8434576561033;0,0006911946606381071
93,58333333333333;679,9999999999552;679,9161410732418;620,6219548010424;0,6834754605183896;0,5187829146160852;2,113612871596615;7,943357408145653;889,8461213492429;0,0006855881515744494
93,66666666666667;679,9999999999565;679,9168211003841;620,7546437148591;0,6834754605183896;0,5187829146160852;2,096473167836166;7,878951656773603;889,8487634989108;0,0006800271423602125
93,75;679,9999999999576;679,9174956116475;620,8870348985665;0,6834754605183896;0,5187829146160852;2,079472489307932;7,815068182295244;889,8513842789343;0,0006745112633610899
93,83333333333333;679,9999999999586;679,9181646517955;621,0191289817706;0,6834754605183896;0,5187829146160852;2,062609707752472;7,751702748381409;889,8539838617451;0,0006690401479481328
93,91666666666667;679,9999999999598;679,918828265228;621,1509265930771;0,6834754605183896;0,5187829146160852;2,0458837040791877;7,688851153110846;889,85656241839;0,0006636134324789946
94,0;679,9999999999608;679,9194864959842;621,2824283600914;0,6834754605183896;0,5187829146160852;2,0292933682952707;7,626509228668855;889,8591201185419;0,0006582307562722781
94,08333333333333;679,9999999999619;679,9201393877457;621,4136349094183;0,6834754605183896;0,5187829146160852;2,012837599414752;7,564672841042616;889,8616571305109;0,0006528917615803032
94,16666666666667;679,9999999999628;679,9207869838393;621,5445468666611;0,6834754605183896;0,5187829146160852;1,9965153054045004;7,503337889792687;889,8641736212553;0,0006475960935695917
94,25;679,9999999999638;679,9214293272396;621,6751648564216;0,6834754605183896;0,5187829146160852;1,9803254030875905;7,442500307695348;889,8666697563922;0,0006423434002896453
94,33333333333333;679,9999999999649;679,9220664605723;621,8054895022995;0,6834754605183896;0,5187829146160852;1,9642668181063527;7,3821560606167616;889,8691457002076;0,0006371333326615989
94,41666666666667;679,9999999999657;679,9226984261168;621,9355214268921;0,6834754605183896;0,5187829146160852;1,9483384848143714;7,32230114709901;889,8716016156679;0,0006319655444423937
94,5;679,9999999999667;679,923325265809;622,0652612517941;0,6834754605183896;0,5187829146160852;1,9325393462224838;7,262931598154782;889,87403766443;0,0006268396922068584
94,58333333333333;679,9999999999675;679,9239470212443;622,194709597597;0,6834754605183896;0,5187829146160852;1,9168683539419362;7,2040434770752935;889,8764540068518;0,0006217554353305023
94,66666666666667;679,9999999999684;679,9245637336803;622,323867083889;0,6834754605183896;0,5187829146160852;1,901324468079224;7,145632878999777;889,8788508020018;0,0006167124359527681
94,75;679,9999999999692;679,9251754440393;622,4527343292544;0,6834754605183896;0,5187829146160852;1,8859066572019856;7,087695930822753;889,8812282076715;0,0006117103589681523
94,83333333333333;679,99999999997;679,9257821929112;622,5813119512736;0,6834754605183896;0,5187829146160852;1,8706138982480525;7,030228790833065;889,8835863803827;0,0006067488719951762
94,91666666666667;679,9999999999708;679,9263840205566;622,7096005665227;0,6834754605183896;0,5187829146160852;1,8554451764686064;6,973227648515177;889,8859254753996;0,0006018276453587417
95,0;679,9999999999716;679,9269809669087;622,837600790573;0,6834754605183896;0,5187829146160852;1,8403994853542827;6,916688724254443;889,8882456467388;0,0005969463520647835
95,08333333333333;679,9999999999723;679,9275730715765;622,965313237991;0,6834754605183896;0,5187829146160852;1,8254758265726423;6,860608269125157;889,8905470471781;0,0005921046677813444
95,16666666666667;679,999999999973;679,9281603738473;623,0927385223383;0,6834754605183896;0,5187829146160852;1,8106732098942757;6,8049825645891975;889,892829828267;0,0005873022708127825
95,25;679,9999999999737;679,9287429126894;623,2198772561709;0,6834754605183896;0,5187829146160852;1,7959906531444858;6,749807922340381;889,8950941403367;0,0005825388420856594
95,33333333333333;679,9999999999744;679,9293207267544;623,3467300510392;0,6834754605183896;0,5187829146160852;1,7814271821094962;6,69508068393024;889,8973401325096;0,0005778140651166315
95,41666666666667;679,9999999999751;679,9298938543805;623,4732975174879;0,6834754605183896;0,5187829146160852;1,7669818304995033;6,640797220648818;889,8995679527088;0,0005731276260016046
95,5;679,9999999999758;679,9304623335938;623,5995802650556;0,6834754605183896;0,5187829146160852;1,7526536398662529;6,586953933200114;889,901777747668;0,0005684792133877916
95,58333333333333;679,9999999999764;679,9310262021123;623,7255789022745;0,6834754605183896;0,5187829146160852;1,7384416595490393;6,533547251513327;889,9039696629407;0,0005638685184569698
95,66666666666667;679,999999999977;679,9315854973472;623,8512940366707;0,6834754605183896;0,5187829146160852;1,7243449466008087;6,4805736344547435;889,9061438429098;0,0005592952349006122
95,75;679,9999999999776;679,9321402564061;623,9767262747633;0,6834754605183896;0,5187829146160852;1,7103625657455268;6,428029569675401;889,9083004307965;0,0005547590589064078
95,83333333333333;679,9999999999783;679,9326905160952;624,1018762220654;0,6834754605183896;0,5187829146160852;1,696493589287229;6,375911573269989;889,9104395686703;0,0005502596891286234
95,91666666666667;679,9999999999789;679,933236312922;624,2267444830823;0,6834754605183896;0,5187829146160852;1,6827370970759148;6,324216189644383;889,9125613974577;0,0005457968266765676
96,0;679,9999999999793;679,9337776830971;624,3513316613129;0,6834754605183896;0,5187829146160852;1,6690921764222821;6,272939991201041;889,9146660569515;0,0005413701750871521
96,08333333333333;679,9999999999799;679,9343146625374;624,4756383592488;0,6834754605183896;0,5187829146160852;1,6555579220550953;6,222079578173421;889,9167536858198;0,0005369794403105219
96,16666666666667;679,9999999999804;679,9348472868681;624,5996651783743;0,6834754605183896;0,5187829146160852;1,6421334360614992;6,171631578414034;889,9188244216145;0,0005326243306913647
96,25;679,9999999999809;679,9353755914251;624,7234127191663;0,6834754605183896;0,5187829146160852;1,6288178278074383;6,121592647083151;889,9208784007815;0,0005283045569420953
96,33333333333333;679,9999999999815;679,9358996112572;624,8468815810943;0,6834754605183896;0,5187829146160852;1,6156102138950246;6,071959466489849;889,9229157586677;0,000524019832128946
96,41666666666667;679,9999999999819;679,9364193811289;624,9700723626203;0,6834754605183896;0,5187829146160852;1,6025097181056935;6,022728745899929;889,9249366295319;0,0005197698716548315
96,5;679,9999999999824;679,9369349355221;625,0929856611986;0,6834754605183896;0,5187829146160852;1,5895154713263082;5,973897221218004;889,9269411465514;0,0005155543932324796
96,58333333333333;679,9999999999828;679,937446308639;625,2156220732759;0,6834754605183896;0,5187829146160852;1,5766266115065264;5,925461654881522;889,9289294418326;0,000511373116874138
96,66666666666667;679,9999999999833;679,9379535344038;625,3379821942914;0,6834754605183896;0,5187829146160852;1,5638422835962729;5,877418835579283;889,9309016464175;0,00050722576486797
96,75;679,9999999999837;679,9384566464656;625,4600666186763;0,6834754605183896;0,5187829146160852;1,551161639486054;5,82976557804611;889,9328578902941;0,0005031120617598311
96,83333333333333;679,9999999999842;679,9389556781999;625,5818759398541;0,6834754605183896;0,5187829146160852;1,538583837952956;5,782498722870782;889,9347983024039;0,0004990317343363452
96,91666666666667;679,9999999999847;679,9394506627116;625,7034107502406;0,6834754605183896;0,5187829146160852;1,5261080446066444;5,7356151362741485;889,9367230106498;0,000494984511605947
97,0;679,999999999985;679,9399416328364;625,8246716412439;0,6834754605183896;0,5187829146160852;1,5137334318268358;5,689111709887251;889,9386321419057;0,000490970124779348
97,08333333333333;679,9999999999854;679,9404286211436;625,9456592032642;0,6834754605183896;0,5187829146160852;1,5014591787149811;5,642985360572496;889,9405258220236;0,0004869883072539077
97,16666666666667;679,9999999999858;679,9409116599383;626,0663740256941;0,6834754605183896;0,5187829146160852;1,4892844710459485;5,597233030221644;889,9424041758418;0,0004830387945964271
97,25;679,9999999999861;679,9413907812627;626,1868166969186;0,6834754605183896;0,5187829146160852;1,4772085011884428;5,551851685500815;889,9442673271947;0,00047912132452020053
97,33333333333333;679,9999999999865;679,9418660168996;626,3069878043148;0,6834754605183896;0,5187829146160852;1,4652304680851103;5,50683831771802;889,9461153989176;0,000475235636874493
97,41666666666667;679,9999999999869;679,9423373983732;626,4268879342522;0,6834754605183896;0,5187829146160852;1,4533495771729577;5,462189942574791;889,9479485128581;0,00047138147362204755
97,5;679,9999999999873;679,942804956952;626,5465176720932;0,6834754605183896;0,5187829146160852;1,441565040343562;5,417903599993975;889,9497667898823;0,0004675585788245014
97,58333333333333;679,9999999999875;679,9432687236507;626,6658776021922;0,6834754605183896;0,5187829146160852;1,4298760758805429;5,373976353884608;889,9515703498824;0,00046376669862196465
97,66666666666667;679,999999999988;679,9437287292319;626,7849683078965;0,6834754605183896;0,5187829146160852;1,4182819084197718;5,330405291999512;889,953359311785;0,00046000558122047137
97,75;679,9999999999882;679,9441850042087;626,9037903715463;0,6834754605183896;0,5187829146160852;1,4067817689010553;5,287187525749848;889,9551337935586;0,0004562749768759173
97,83333333333333;679,9999999999885;679,9446375788466;627,0223443744743;0,6834754605183896;0,5187829146160852;1,3953748944857125;5,244320189907065;889,9568939122219;0,00045257463786799965
97,91666666666667;679,9999999999887;679,9450864831651;627,1406308970063;0,6834754605183896;0,5187829146160852;1,3840605285480478;5,201800442553227;889,9586397838507;0,0004489043184961265
98,0;679,9999999999891;679,9455317469402;627,2586505184613;0,6834754605183896;0,5187829146160852;1,3728379205900865;5,159625464766407;889,9603715235862;0,0004452637750520386
98,08333333333333;679,9999999999894;679,9459733997061;627,3764038171514;0,6834754605183896;0,5187829146160852;1,3617063262216789;5,117792460564389;889,9620892456409;0,00044165276581449613
98,16666666666667;679,9999999999897;679,9464114707571;627,4938913703821;0,6834754605183896;0,5187829146160852;1,3506650070837622;5,076298656590063;889,9637930633079;0,00043807105102248507
98,25;679,99999999999;679,94684598915;627,6111137544525;0,6834754605183896;0,5187829146160852;1,3397132308142545;5,035141302008763;889,965483088967;0,00043451839286577995
98,33333333333333;679,9999999999902;679,9472769837055;627,7280715446553;0,6834754605183896;0,5187829146160852;1,3288502709997374;4,994317668293014;889,9671594340931;0,0004309945554668627
98,41666666666667;679,9999999999905;679,9477044830104;627,8447653152772;0,6834754605183896;0,5187829146160852;1,318075407118613;4,953825049060257;889,968822209262;0,000427499304865876
98,5;679,9999999999907;679,9481285154194;627,9611956395988;0,6834754605183896;0,5187829146160852;1,3073879245013131;4,913660759864219;889,9704715241593;0,00042403240900357913
98,58333333333333;679,999999999991;679,9485491090571;628,0773630898952;0,6834754605183896;0,5187829146160852;1,2967871142819831;4,873822138072381;889,9721074875857;0,0004205936377095946
98,66666666666667;679,9999999999912;679,9489662918198;628,193268237436;0,6834754605183896;0,5187829146160852;1,286272273347322;4,83430654262423;889,973730207466;0,00041718276268233536
98,75;679,9999999999915;679,9493800913773;628,3089116524851;0,6834754605183896;0,5187829146160852;1,2758427042854237;4,795111353868987;889,9753397908545;0,0004137995574743521
98,83333333333333;679,9999999999917;679,9497905351748;628,4242939043019;0,6834754605183896;0,5187829146160852;1,2654977153545133;4,756233973443078;889,9769363439427;0,0004104437974817471
98,91666666666667;679,9999999999918;679,9501976504347;628,5394155611405;0,6834754605183896;0,5187829146160852;1,2552366204232612;4,717671824044941;889,9785199720665;0,0004071152599246545
99,0;679,999999999992;679,9506014641585;628,6542771902507;0,6834754605183896;0,5187829146160852;1,2450587389281509;4,679422349262822;889,9800907797123;0,00040381372383249643
99,08333333333333;679,9999999999923;679,9510020031285;628,768879357878;0,6834754605183896;0,5187829146160852;1,2349633958393724;4,641483013472115;889,9816488705245;0,0004005389700345622
99,16666666666667;679,9999999999925;679,9513992939096;628,8832226292635;0,6834754605183896;0,5187829146160852;1,224949921595453;4,6038513015638065;889,983194347312;0,0003972907811369465
99,25;679,9999999999927;679,9517933628512;628,997307568645;0,6834754605183896;0,5187829146160852;1,2150176520719924;4,566524718851749;889,9847273120547;0,0003940689415140022
99,33333333333333;679,9999999999928;679,9521842360884;629,1111347392566;0,6834754605183896;0,5187829146160852;1,2051659285390315;4,5295007908938345;889,9862478659103;0,0003908732372931521
99,41666666666667;679,9999999999931;679,9525719395448;629,2247047033292;0,6834754605183896;0,5187829146160852;1,195394097609892;4,492777063309852;889,9877561092208;0,0003877034563388941
99,5;679,9999999999933;679,9529564989331;629,3380180220906;0,6834754605183896;0,5187829146160852;1,1857015112070712;4,456351101645714;889,9892521415192;0,0003845593882411313
99,58333333333333;679,9999999999934;679,9533379397574;629,4510752557666;0,6834754605183896;0,5187829146160852;1,1760875265053983;4,420220491171443;889,9907360615364;0,0003814408242974388
99,66666666666667;679,9999999999936;679,9537162873149;629,5638769635802;0,6834754605183896;0,5187829146160852;1,1665515059007703;4,384382836752019;889,9922079672061;0,0003783475575020421
99,75;679,9999999999937;679,9540915666975;629,6764237037529;0,6834754605183896;0,5187829146160852;1,1570928169675199;4,348835762708292;889,9936679556736;0,0003752793825333435
99,83333333333333;679,999999999994;679,9544638027932;629,7887160335043;0,6834754605183896;0,5187829146160852;1,147710832407256;4,313576912585167;889,9951161232993;0,00037223609573455024
99,91666666666667;679,9999999999941;679,9548330202882;629,9007545090531;0,6834754605183896;0,5187829146160852;1,1384049300204424;4,278603949091989;889,9965525656676;0,00036921749510758977
100,0;679,9999999999943;679,9551992436685;630,0125396856168;0,6834754605183896;0,5187829146160852;1,1291744926467118;4,243914553854181;889,9979773775915;0,0003662233802920308
100,08333333333333;679,9999999999944;679,9555624972211;630,1240721174128;0,6834754605183896;0,5187829146160852;1,1200189081449707;4,20950642732382;889,9993906531198;0,0003632535525575509
100,16666666666667;679,9999999999945;679,9559228050358;630,2353523576581;0,6834754605183896;0,5187829146160852;1,1109375693337142;4,1753772885975025;890,0007924855421;0,0003603078147873748
100,25;679,9999999999948;679,9562801910073;630,3463809585702;0,6834754605183896;0,5187829146160852;1,1019298739682881;4,141524875293812;890,0021829673956;0,00035738597146829377
100,33333333333333;679,9999999999949;679,9566346788359;630,4571584713672;0,6834754605183896;0,5187829146160852;1,092995224686888;4,1079469433579305;890,0035621904715;0,0003544878286735904
100,41666666666667;679,999999999995;679,95698629203;630,5676854462682;0,6834754605183896;0,5187829146160852;1,0841330289736106;4,074641266945736;890,00493024582;0,00035161319405254456
100,5;679,9999999999951;679,9573350539068;630,677962432494;0,6834754605183896;0,5187829146160852;1,0753426991243487;4,04160563826484;890,0062872237572;0,0003487618768171983
100,58333333333333;679,9999999999952;679,9576809875946;630,7879899782673;0,6834754605183896;0,5187829146160852;1,0666236522069994;4,0088378674553695;890,0076332138702;0,0003459336877314461
100,66666666666667;679,9999999999953;679,9580241160337;630,897768630813;0,6834754605183896;0,5187829146160852;1,0579753100159905;3,976335782378022;890,0089683050237;0,000343128439093415
100,75;679,9999999999955;679,9583644619785;631,0072989363588;0,6834754605183896;0,5187829146160852;1,0493970990410162;3,9440972285511466;890,0102925853652;0,0003403459447289757
100,83333333333333;679,9999999999956;679,9587020479985;631,116581440136;0,6834754605183896;0,5187829146160852;1,0408884504244043;3,9121200689454194;890,011606142331;0,0003375860199747709
100,91666666666667;679,9999999999958;679,9590368964801;631,2256166863792;0,6834754605183896;0,5187829146160852;1,0324487999270104;3,880402183877872;890,0129090626519;0,00033484848166859943
101,0;679,9999999999958;679,9593690296283;631,3344052183274;0,6834754605183896;0,5187829146160852;1,02407758789127;3,8489414708628695;890,0142014323587;0,00033213314813667304
101,08333333333333;679,999999999996;679,9596984694675;631,4429475782243;0,6834754605183896;0,5187829146160852;1,0157742591871965;3,817735844423345;890,0154833367886;0,00032943983917700214
101,16666666666667;679,999999999996;679,9600252378436;631,5512443073186;0,6834754605183896;0,5187829146160852;1,007538263212382;3,7867832360775546;890,0167548605897;0,00032676837605842877
101,25;679,9999999999961;679,9603493564251;631,6592959458646;0,6834754605183896;0,5187829146160852;0,9993690538095734;3,756081594037717;890,0180160877268;0,0003241185814944027
101,33333333333333;679,9999999999962;679,9606708467047;631,767103033123;0,6834754605183896;0,5187829146160852;0,9912660892752001;3,72562888323982;890,0192671014871;0,0003214902796455315
101,41666666666667;679,9999999999964;679,9609897300008;631,8746661073608;0,6834754605183896;0,5187829146160852;0,9832288322883187;3,6954230850621297;890,020507984486;0,000318883296095489
101,5;679,9999999999965;679,9613060274587;631,9819857058523;0,6834754605183896;0,5187829146160852;0,9752567498878761;3,6654621972688934;890,0217388186725;0,00031629745784556614
101,58333333333333;679,9999999999966;679,961619760052;632,0890623648794;0,6834754605183896;0,5187829146160852;0,9673493134442879;3,635744233891121;890,022959685333;0,000313732593304549
101,66666666666667;679,9999999999966;679,9619309485843;632,1958966197325;0,6834754605183896;0,5187829146160852;0,9595059986139631;3,6062672250477554;890,0241706650988;0,00031118853227336997
101,75;679,9999999999967;679,9622396136903;632,3024890047103;0,6834754605183896;0,5187829146160852;0,951726285308041;3,577029216826455;890,0253718379495;0,00030866510593479345
101,83333333333333;679,9999999999968;679,9625457758372;632,4088400531213;0,6834754605183896;0,5187829146160852;0,9440096576611268;3,5480282711875555;890,0265632832204;0,00030616214684468085
101,91666666666667;679,9999999999969;679,962849455326;632,5149502972833;0,6834754605183896;0,5187829146160852;0,9363556039915011;3,519262465795176;890,027745079605;0,00030367948891771155
102,0;679,999999999997;679,9631506722934;632,6208202685251;0,6834754605183896;0,5187829146160852;0,9287636167726987;3,4907298939178713;890,0289173051619;0,00030121696741861764
102,08333333333333;679,999999999997;679,9634494467124;632,726450497186;0,6834754605183896;0,5187829146160852;0,9212331925908757;3,4624286642696704;890,0300800373202;0,00029877441894838946
102,16666666666667;679,9999999999972;679,9637457983938;632,8318415126171;0,6834754605183896;0,5187829146160852;0,9137638321163877;3,4343569008974852;890,0312333528835;0,00029635168143461016
102,25;679,9999999999973;679,964039746988;632,9369938431817;0,6834754605183896;0,5187829146160852;0,9063550400838949;3,406512743111562;890,0323773280351;0,0002939485941253069
102,33333333333333;679,9999999999973;679,9643313119856;633,0419080162557;0,6834754605183896;0,5187829146160852;0,8990063252326763;3,3788943452636038;890,0335120383436;0,0002915649975697076
102,41666666666667;679,9999999999974;679,9646205127192;633,1465845582284;0,6834754605183896;0,5187829146160852;0,891717200292419;3,351499876687161;890,0346375587671;0,0002892007336131581
102,5;679,9999999999974;679,9649073683646;633,2510239945032;0,6834754605183896;0,5187829146160852;0,8844871819547961;3,324327521591659;890,0357539636586;0,0002868556453879122
102,58333333333333;679,9999999999975;679,9651918979418;633,3552268494979;0,6834754605183896;0,5187829146160852;0,8773157908194662;3,297375478873633;890,0368613267708;0,00028452957729653496
102,66666666666667;679,9999999999976;679,9654741203169;633,4591936466455;0,6834754605183896;0,5187829146160852;0,8702025513912304;3,270641962080302;890,0379597212607;0,00028222237500917795
102,75;679,9999999999976;679,9657540542023;633,5629249083952;0,6834754605183896;0,5187829146160852;0,863146992017505;3,2441251992009357;890,0390492196952;0,00027993388544504905
102,83333333333333;679,9999999999976;679,9660317181591;633,6664211562121;0,6834754605183896;0,5187829146160852;0,8561486448826372;3,2178234326238013;890,0401298940542;0,00027766395676904413
102,91666666666667;679,9999999999977;679,9663071305974;633,7696829105789;0,6834754605183896;0,5187829146160852;0,8492070459624301;3,191734918983831;890,0412018157372;0,00027541243837821757
103,0;679,9999999999978;679,9665803097784;633,8727106909959;0,6834754605183896;0,5187829146160852;0,84232173500709;3,1658579290864517;890,0422650555661;0,0002731791808953832
103,08333333333333;679,9999999999978;679,9668512738145;633,9755050159816;0,6834754605183896;0,5187829146160852;0,8354922554872246;3,140190747708888;890,043319683792;0,00027096403615184617
103,16666666666667;679,999999999998;679,9671200406717;634,0780664030742;0,6834754605183896;0,5187829146160852;0,8287181545824751;3,114731673563735;890,0443657700981;0,00026876685718410043
103,25;679,999999999998;679,96738662817;634,1803953688312;0,6834754605183896;0,5187829146160852;0,821998983155936;3,08947901918636;890,0454033836045;0,00026658749822436827
103,33333333333333;679,9999999999981;679,9676510539846;634,2824924288307;0,6834754605183896;0,5187829146160852;0,8153342957001541;3,0644311107527655;890,0464325928733;0,0002644258146844621
103,41666666666667;679,9999999999981;679,9679133356477;634,3843580976719;0,6834754605183896;0,5187829146160852;0,8087236503371287;3,039586288066341;890,0474534659128;0,00026228166315483975
103,5;679,9999999999981;679,9681734905491;634,4859928889759;0,6834754605183896;0,5187829146160852;0,8021666087586254;3,01494290432936;890,0484660701821;0,00026015490138492104
103,58333333333333;679,9999999999982;679,9684315359374;634,5873973153865;0,6834754605183896;0,5187829146160852;0,7956627362233348;2,990499326152915;890,0494704725955;0,00025804538828353
103,66666666666667;679,9999999999983;679,9686874889213;634,6885718885707;0,6834754605183896;0,5187829146160852;0,7892116015199235;2,9662539333946487;890,0504667395262;0,0002559529839052772
103,75;679,9999999999983;679,9689413664707;634,7895171192192;0,6834754605183896;0,5187829146160852;0,782812776924402;2,9422051190163514;890,051454936812;0,0002538775494379086
103,83333333333333;679,9999999999983;679,9691931854179;634,8902335170478;0,6834754605183896;0,5187829146160852;0,7764658381887557;2,918351289037599;890,0524351297581;0,0002518189471983319
103,91666666666667;679,9999999999984;679,9694429624585;634,9907215907975;0,6834754605183896;0,5187829146160852;0,7701703645096813;2,8946908624032885;890,0534073831425;0,00024977704062141944
104,0;679,9999999999984;679,9696907141528;635,0909818482356;0,6834754605183896;0,5187829146160852;0,7639259384973229;2,8712222708875985;890,05437176122;0,0002477516942512937
104,08333333333333;679,9999999999984;679,9699364569265;635,1910147961563;0,6834754605183896;0,5187829146160852;0,7577321461411657;2,8479439589549025;890,0553283277262;0,0002457427737294863
104,16666666666667;679,9999999999984;679,9701802070723;635,2908209403814;0,6834754605183896;0,5187829146160852;0,7515885767986674;2,824854383720028;890,0562771458815;0,00024375014579141831
104,25;679,9999999999985;679,9704219807505;635,3904007857612;0,6834754605183896;0,5187829146160852;0,7454948231526259;2,801952014782674;890,0572182783962;0,0002417736782521728
104,33333333333333;679,9999999999985;679,9706617939905;635,4897548361753;0,6834754605183896;0,5187829146160852;0,7394504811998104;2,779235334194297;890,058151787473;0,00023981324000342825
104,41666666666667;679,9999999999986;679,9708996626915;635,588883594533;0,6834754605183896;0,5187829146160852;0,7334551501998021;2,756702836262723;890,0590777348125;0,00023786870099662025
104,5;679,9999999999986;679,9711356026238;635,6877875627744;0,6834754605183896;0,5187829146160852;0,7275084326778369;2,7343530275521455;890,0599961816168;0,00023593993224310054
104,58333333333333;679,9999999999986;679,9713696294295;635,7864672418713;0,6834754605183896;0,5187829146160852;0,7216099343708038;2,7121844266976782;890,0609071885938;0,00023402680579778402
104,66666666666667;679,9999999999986;679,9716017586243;635,8849231318277;0,6834754605183896;0,5187829146160852;0,7157592642272448;2,6901955643921043;890,0618108159595;0,00023212919475821254
104,75;679,9999999999987;679,9718320055975;635,9831557316808;0,6834754605183896;0,5187829146160852;0,7099560343590383;2,6683849832136746;890,062707123445;0,00023024697324949245
104,83333333333333;679,9999999999987;679,972060385614;636,0811655395014;0,6834754605183896;0,5187829146160852;0,7041998600300303;2,6467512375764297;890,063596170298;0,00022838001642010248
104,91666666666667;679,9999999999989;679,9722869138144;636,1789530523955;0,6834754605183896;0,5187829146160852;0,6984903596190861;2,6252928935977375;890,064478015287;0,00022652820043031594
105,0;679,9999999999989;679,9725116052168;636,2765187665043;0,6834754605183896;0,5187829146160852;0,6928271546115639;2,6040085290585524;890,0653527167061;0,00022469140244887968
105,08333333333333;679,9999999999989;679,9727344747174;636,3738631770053;0,6834754605183896;0,5187829146160852;0,6872098695509976;2,582896733231209;890,0662203323781;0,00022286950063795424
105,16666666666667;679,9999999999989;679,9729555370916;636,4709867781135;0,6834754605183896;0,5187829146160852;0,6816381320362552;2,5619561068628656;890,0670809196585;0,00022106237415176144
105,25;679,9999999999989;679,9731748069947;636,5678900630816;0,6834754605183896;0,5187829146160852;0,6761115726817479;2,541185262023169;890,0679345354396;0,00021926990312346096
105,33333333333333;679,999999999999;679,9733922989634;636,6645735242013;0,6834754605183896;0,5187829146160852;0,6706298251032194;2,520582822057889;890,0687812361532;0,00021749196866099242
105,41666666666667;679,999999999999;679,9736080274163;636,7610376528039;0,6834754605183896;0,5187829146160852;0,6651925258893243;2,50014742148295;890,0696210777755;0,00021572845283788757
105,5;679,9999999999991;679,9738220066549;636,8572829392613;0,6834754605183896;0,5187829146160852;0,6597993145675218;2,4798777058486503;890,0704541158302;0,00021397923868166373
105,58333333333333;679,9999999999991;679,9740342508651;636,9533098729868;0,6834754605183896;0,5187829146160852;0,654449833604076;2,4597723317462874;890,0712804053918;0,00021224421017424755
105,66666666666667;679,9999999999991;679,9742447741173;637,0491189424359;0,6834754605183896;0,5187829146160852;0,6491437283500545;2,439829966596212;890,0721000010903;0,00021052325223382235
105,75;679,9999999999991;679,9744535903681;637,1447106351075;0,6834754605183896;0,5187829146160852;0,6438806470441705;2,4200492886743223;890,0729129571138;0,00020881625071680077
105,83333333333333;679,9999999999991;679,9746607134605;637,2400854375439;0,6834754605183896;0,5187829146160852;0,6386602407758346;2,40042898696304;890,0737193272123;0,0002071230924051237
105,91666666666667;679,9999999999991;679,9748661571255;637,335243835333;0,6834754605183896;0,5187829146160852;0,6334821634652599;2,380967761071829;890,0745191647014;0,00020544366499946124
106,0;679,9999999999992;679,9750699349826;637,4301863131079;0,6834754605183896;0,5187829146160852;0,6283460718407241;2,361664321164344;890,0753125224655;0,00020377785711267276
106,08333333333333;679,9999999999992;679,9752720605409;637,5249133545486;0,6834754605183896;0,5187829146160852;0,6232516254158327;2,342517387862388;890,0760994529618;0,0002021255582616861
106,16666666666667;679,9999999999992;679,9754725471997;637,6194254423826;0,6834754605183896;0,5187829146160852;0,6181984864582546;2,3235256921399423;890,0768800082235;0,00020048665885812015
106,25;679,9999999999992;679,9756714082499;637,7137230583859;0,6834754605183896;0,5187829146160852;0,6131863199868803;2,3046879752966736;890,0776542398627;0,00019886105020626104
106,33333333333333;679,9999999999993;679,9758686568745;637,8078066833837;0,6834754605183896;0,5187829146160852;0,6082147937320315;2,2860029888221565;890,0784221990745;0,00019724862449107297
106,41666666666667;679,9999999999993;679,9760643061493;637,9016767972515;0,6834754605183896;0,5187829146160852;0,6032835781212498;2,2674694943362637;890,0791839366402;0,00019564927477314298
106,5;679,9999999999993;679,9762583690442;637,9953338789161;0,6834754605183896;0,5187829146160852;0,5983923462508756;2,2490862634831936;890,0799395029305;0,00019406289497949907
106,58333333333333;679,9999999999993;679,9764508584241;638,0887784063564;0,6834754605183896;0,5187829146160852;0,5935407738775211;2,230852077904978;890,0806889479084;0,00019248937990120019
106,66666666666667;679,9999999999993;679,9766417870493;638,182010856604;0,6834754605183896;0,5187829146160852;0,5887285393811226;2,212765729092458;890,0814323211333;0,0001909286251806395
106,75;679,9999999999993;679,9768311675766;638,275031705745;0,6834754605183896;0,5187829146160852;0,5839553237507289;2,19482601833892;890,0821696717646;0,00018938052730739364
106,83333333333333;679,9999999999993;679,9770190125603;638,3678414289201;0,6834754605183896;0,5187829146160852;0,579220810567449;2,177031756677177;890,0829010485631;0,00018784498361275123
106,91666666666667;679,9999999999993;679,9772053344525;638,4604405003257;0,6834754605183896;0,5187829146160852;0,57452468597603;2,159381764763658;890,0836264998959;0,00018632189225985436
107,0;679,9999999999994;679,9773901456048;638,5528293932152;0,6834754605183896;0,5187829146160852;0,5698666386706464;2,1418748728419836;890,0843460737383;0,000184811152240227
107,08333333333333;679,9999999999994;679,9775734582681;638,6450085798997;0,6834754605183896;0,5187829146160852;0,5652463598664781;2,1245099206171214;890,0850598176789;0,00018331266336324003
107,16666666666667;679,9999999999994;679,9777552845944;638,736978531749;0,6834754605183896;0,5187829146160852;0,5606635432826579;2,1072857572024004;890,0857677789204;0,00018182632625131836
107,25;679,9999999999994;679,9779356366367;638,8287397191923;0,6834754605183896;0,5187829146160852;0,556117885125218;2,0902012410565893;890,0864700042847;0,0001803520423344698
107,33333333333333;679,9999999999994;679,9781145263506;638,9202926117199;0,6834754605183896;0,5187829146160852;0,551609084067195;2,0732552399044186;890,0871665402141;0,0001788897138434932
107,41666666666667;679,9999999999994;679,9782919655944;639,0116376778834;0,6834754605183896;0,5187829146160852;0,5471368412202082;2,0564466306272964;890,087857432776;0,00017743924380057382
107,5;679,9999999999994;679,9784679661304;639,102775385297;0,6834754605183896;0,5187829146160852;0,5427008601259331;2,0397742992401247;890,088542727665;0,00017600053601710334
107,58333333333333;679,9999999999994;679,9786425396255;639,1937062006386;0,6834754605183896;0,5187829146160852;0,5383008467248374;2,023237140772083;890,0892224702063;0,00017457349508340523
107,66666666666667;679,9999999999994;679,9788156976518;639,2844305896505;0,6834754605183896;0,5187829146160852;0,5339365093476545;2,006834059216953;890,0898967053586;0,00017315802636475
107,75;679,9999999999994;679,9789874516879;639,3749490171405;0,6834754605183896;0,5187829146160852;0,5296075586898041;1,9905639674735092;890,0905654777164;0,00017175403599553108
107,83333333333333;679,9999999999995;679,9791578131187;639,465261946983;0,6834754605183896;0,5187829146160852;0,5253137077886549;1,9744257872196753;890,0912288315147;0,00017036143086912063
107,91666666666667;679,9999999999995;679,9793267932373;639,55536984212;0,6834754605183896;0,5187829146160852;0,5210546720206821;1,9584184489323964;890,0918868106296;0,00016898011863901297
108,0;679,9999999999995;679,979494403245;639,6452731645619;0,6834754605183896;0,5187829146160852;0,5168301690559929;1,942540891695562;890,0925394585827;0,00016761000770261755
108,08333333333333;679,9999999999995;679,9796606542521;639,7349723753888;0,6834754605183896;0,5187829146160852;0,5126399188640107;1,9267920632430589;890,093186818544;0,00016625100720456305
108,16666666666667;679,9999999999995;679,9798255572791;639,8244679347513;0,6834754605183896;0,5187829146160852;0,5084836436850537;1,9111709198296156;890,0938289333338;0,00016490302702594194
108,25;679,9999999999995;679,9799891232569;639,9137603018715;0,6834754605183896;0,5187829146160852;0,5043610680104393;1,895676426167883;890,0944658454265;0,00016356597777864989
108,33333333333333;679,9999999999997;679,9801513630277;640,0028499350444;0,6834754605183896;0,5187829146160852;0,5002719185654314;1,8803075553688233;890,0950975969528;0,00016223977080014455
108,41666666666667;679,9999999999997;679,9803122873459;640,0917372916382;0,6834754605183896;0,5187829146160852;0,4962159242978714;1,8650632888887255;890,0957242297022;0,00016092431814904406
108,5;679,9999999999997;679,9804719068785;640,180422828096;0,6834754605183896;0,5187829146160852;0,4921928163440725;1,8499426164000496;890,0963457851267;0,0001596195325939847
108,58333333333333;679,9999999999997;679,9806302322061;640,2689069999366;0,6834754605183896;0,5187829146160852;0,48820232802881947;1,8349445358112983;890,0969623043427;0,00015832532761495972
108,66666666666667;679,9999999999997;679,9807872738235;640,3571902617555;0,6834754605183896;0,5187829146160852;0,4842441948397891;1,820068053144485;890,0975738281338;0,0001570416173932102
108,75;679,9999999999997;679,9809430421403;640,445273067226;0,6834754605183896;0,5187829146160852;0,48031815440481296;1,8053121824622786;890,0981803969547;0,00015576831680469484
108,83333333333333;679,9999999999997;679,9810975474818;640,5331558691004;0,6834754605183896;0,5187829146160852;0,47642394648335085;1,790675945844822;890,098782050932;0,0001545053414179151
108,91666666666667;679,9999999999997;679,9812508000892;640,6208391192105;0,6834754605183896;0,5187829146160852;0,47256131294659554;1,7761583732970054;890,0993788298674;0,00015325260748622491
109,0;679,9999999999997;679,9814028101212;640,7083232684694;0,6834754605183896;0,5187829146160852;0,4687299977604198;1,7617585026954814;890,099970773241;0,00015201003194304327
109,08333333333333;679,9999999999997;679,9815535876536;640,795608766872;0,6834754605183896;0,5187829146160852;0,464929746962639;1,7474753796992497;890,1005579202139;0,00015077753239419679
109,16666666666667;679,9999999999997;679,9817031426807;640,8826960634964;0,6834754605183896;0,5187829146160852;0,4611603086516425;1,7333080577165416;890,1011403096302;0,00014955502711487456
109,25;679,9999999999997;679,9818514851157;640,9695856065048;0,6834754605183896;0,5187829146160852;0,4574214329750248;1,7192555978452098;890,101717980019;0,0001483424350447771
109,33333333333333;679,9999999999997;679,9819986247915;641,0562778431446;0,6834754605183896;0,5187829146160852;0,4537128720983219;1,7053170687700678;890,1022909695989;0,00014713967577897574
109,41666666666667;679,9999999999997;679,982144571461;641,1427732197494;0,6834754605183896;0,5187829146160852;0,4500343802050111;1,6914915467529557;890,1028593162782;0,00014594666956722302
109,5;679,9999999999997;679,9822893347983;641,2290721817404;0,6834754605183896;0,5187829146160852;0,44638571346524714;1,677778115520143;890,1034230576597;0,0001447633373041347
109,58333333333333;679,9999999999997;679,9824329243988;641,3151751736272;0,6834754605183896;0,5187829146160852;0,4427666300330202;1,6641758662590191;890,1039822310405;0,0001435896005287586
109,66666666666667;679,9999999999997;679,9825753497803;641,4010826390087;0,6834754605183896;0,5187829146160852;0,43917689002057614;1,6506838974988727;890,1045368734169;0,00014242538141469313
109,75;679,9999999999998;679,982716620383;641,4867950205746;0,6834754605183896;0,5187829146160852;0,4356162554842058;1,6373013150910218;890,105087021486;0,00014127060276775287
109,83333333333333;679,9999999999998;679,9828567455711;641,5723127601066;0,6834754605183896;0,5187829146160852;0,43208449041856056;1,6240272321525175;890,1056327116473;0,00014012518802173225
109,91666666666667;679,9999999999998;679,9829957346324;641,6576362984787;0,6834754605183896;0,5187829146160852;0,42858136071686204;1,6108607689469239;890,1061739800064;0,00013898906122755672
110,0;679,9999999999998;679,9831335967795;641,7427660756592;0,6834754605183896;0,5187829146160852;0,42510663418511285;1,5978010529108106;890,1067108623763;0,00013786214705604542
110,08333333333333;679,9999999999998;679,9832703411503;641,8277025307115;0,6834754605183896;0,5187829146160852;0,42166008050799064;1,5848472185544056;890,1072433942804;0,00013674437078880445
110,16666666666667;679,9999999999998;679,9834059768086;641,9124461017949;0,6834754605183896;0,5187829146160852;0,41824147123747935;1,5719984073920485;890,1077716109547;0,00013563565831270106
110,25;679,9999999999998;679,9835405127448;641,9969972261662;0,6834754605183896;0,5187829146160852;0,41485057977865836;1,5592537679057648;890,1082955473502;0,00013453593611640173
110,33333333333333;679,9999999999998;679,983673957876;642,0813563401804;0,6834754605183896;0,5187829146160852;0,4114871813754917;1,5466124554823428;890,1088152381344;0,00013344513128510444
110,41666666666667;679,9999999999998;679,9838063210475;642,1655238792921;0,6834754605183896;0,5187829146160852;0,40815105309377486;1,5340736323537252;890,1093307176952;0,00013236317149530313
110,5;679,9999999999998;679,9839376110325;642,2495002780566;0,6834754605183896;0,5187829146160852;0,4048419738069242;1,5216364675506462;890,1098420201419;0,0001312899850106492
110,58333333333333;679,9999999999998;679,9840678365332;642,3332859701309;0,6834754605183896;0,5187829146160852;0,4015597241817659;1,509300136833087;890,1103491793076;0,00013022550067623304
110,66666666666667;679,9999999999998;679,9841970061811;642,4168813882748;0,6834754605183896;0,5187829146160852;0,39830408666432504;1,497063822647224;890,1108522287518;0,00012916964791467116
110,75;679,9999999999998;679,9843251285379;642,5002869643523;0,6834754605183896;0,5187829146160852;0,395074845465615;1,4849267140790663;890,1113512017625;0,000128122356721968
110,83333333333333;679,9999999999999;679,9844522120956;642,5835031293325;0,6834754605183896;0,5187829146160852;0,3918717865474264;1,4728880067816001;890,1118461313578;0,00012708355766157252
110,91666666666667;679,9999999999999;679,9845782652774;642,6665303132908;0,6834754605183896;0,5187829146160852;0,38869469760811626;1,4609469029350484;890,1123370502892;0,00012605318186069135
111,0;679,9999999999999;679,9847032964384;642,74936894541;0,6834754605183896;0,5187829146160852;0,38554336806271294;1,4491026111773266;890,1128239910427;0,00012503116100418403
111,08333333333333;679,9999999999999;679,9848273138657;642,8320194539816;0,6834754605183896;0,5187829146160852;0,38241758903723166;1,4373543465643037;890,1133069858419;0,00012401742733145777
111,16666666666667;679,9999999999999;679,9849503257793;642,9144822664068;0,6834754605183896;0,5187829146160852;0,3793171533544637;1,425701330533373;890,113786066649;0,00012301191363300716
111,25;679,9999999999999;679,9850723403325;642,9967578091978;0,6834754605183896;0,5187829146160852;0,3762418555140812;1,4141427908206623;890,1142612651681;0,00012201455324340684
111,33333333333333;679,9999999999999;679,9851933656125;643,0788465079787;0,6834754605183896;0,5187829146160852;0,3731914916841106;1,4026779614312286;890,1147326128463;0,00012102528003869025
111,41666666666667;679,9999999999999;679,985313409641;643,1607487874869;0,6834754605183896;0,5187829146160852;0,3701658596838797;1,391306082576137;890,1152001408766;0,00012004402843089031
111,5;679,9999999999999;679,9854324803744;643,2424650715743;0,6834754605183896;0,5187829146160852;0,367164758972649;1,3800264006194745;890,1156638801992;0,0001190707333636452
111,58333333333333;679,9999999999999;679,9855505857047;643,3239957832083;0,6834754605183896;0,5187829146160852;0,3641879906382428;1,368838168058481;890,1161238615039;0,00011810533031006071
111,66666666666667;679,9999999999999;679,98566773346;643,4053413444727;0,6834754605183896;0,5187829146160852;0,36123535737999646;1,3577406434308217;890,1165801152322;0,00011714775526522018
111,75;679,9999999999999;679,9857839314047;643,4865021765698;0,6834754605183896;0,5187829146160852;0,3583066634973875;1,3467330913013427;890,1170326715792;0,00011619794474449897
111,83333333333333;679,9999999999999;679,9858991872405;643,5674786998206;0,6834754605183896;0,5187829146160852;0,355401714878667;1,3358147821892128;890,1174815604954;0,0001152558357778161
111,91666666666667;679,9999999999999;679,9860135086064;643,6482713336663;0,6834754605183896;0,5187829146160852;0,35252031898380665;1,3249849925314974;890,1179268116895;0,00011432136590598152
112,0;679,9999999999999;679,9861269030796;643,7288804966697;0,6834754605183896;0,5187829146160852;0,34966228483597206;1,3142430046301712;890,1183684546288;0,00011339447317649623
112,08333333333333;679,9999999999999;679,9862393781757;643,8093066065162;0,6834754605183896;0,5187829146160852;0,34682742300731206;1,3035881066090669;890,1188065185428;0,00011247509613964199
112,16666666666667;679,9999999999999;679,9863509413495;643,8895500800149;0,6834754605183896;0,5187829146160852;0,3440155456047478;1,293019592367513;890,1192410324242;0,00011156317384434543
112,25;679,9999999999999;679,9864615999953;643,9696113331;0,6834754605183896;0,5187829146160852;0,341226466258604;1,2825367615141006;890,1196720250312;0,00011065864583288222
112,33333333333333;679,9999999999999;679,9865713614474;644,0494907808319;0,6834754605183896;0,5187829146160852;0,3384600001140825;1,2721389193600596;890,1200995248887;0,00010976145213983703
112,41666666666667;679,9999999999999;679,9866802329807;644,1291888373981;0,6834754605183896;0,5187829146160852;0,33571596381136715;1,2618253768331575;890,1205235602913;0,0001088715332848725
112,5;679,9999999999999;679,9867882218109;644,2087059161152;0,6834754605183896;0,5187829146160852;0,33299417547993926;1,251595450447893;890,1209441593044;0,0001079888302703036
112,58333333333333;679,9999999999999;679,9868953350955;644,288042429429;0,6834754605183896;0,5187829146160852;0,3302944547243669;1,241448462275693;890,1213613497657;0,00010711328457809084
112,66666666666667;679,9999999999999;679,9870015799337;644,3671987889167;0,6834754605183896;0,5187829146160852;0,32761662261009405;1,23138373986212;890,1217751592885;0,00010624483816322262
112,75;679,9999999999999;679,9871069633672;644,4461754052875;0,6834754605183896;0,5187829146160852;0,32496050165491397;1,2214006162235616;890,122185615262;0,00010538343345290167
112,83333333333333;679,9999999999999;679,9872114923805;644,524972688384;0,6834754605183896;0,5187829146160852;0,3223259158176006;1,2114984297809972;890,1225927448534;0,00010452901334124991
112,91666666666667;679,9999999999999;679,9873151739017;644,6035910471834;0,6834754605183896;0,5187829146160852;0,31971269048369777;1,2016765243235707;890,1229965750103;0,00010368152118585066
113,0;679,9999999999999;679,9874180148025;644,6820308897987;0,6834754605183896;0,5187829146160852;0,31712065245415033;1,19193424894898;890,1233971324624;0,00010284090080290504
113,08333333333333;679,9999999999999;679,987520021899;644,7602926234802;0,6834754605183896;0,5187829146160852;0,31454962993393565;1,182270958040296;890,1237944437225;0,000102007096464871
113,16666666666667;679,9999999999999;679,9876212019518;644,8383766546159;0,6834754605183896;0,5187829146160852;0,311999452523537;1,1726860112196;890,124188535089;0,00010118005289671639
113,25;679,9999999999999;679,9877215616671;644,9162833887337;0,6834754605183896;0,5187829146160852;0,3094699512018906;1,1631787732916856;890,1245794326477;0,00010035971527091373
113,33333333333333;679,9999999999999;679,9878211076963;644,9940132305022;0,6834754605183896;0,5187829146160852;0,30696095832070114;1,1537486142142541;890,1249671622728;9,954602920501578e-05
113,41666666666667;679,9999999999999;679,987919846637;645,0715665837316;0,6834754605183896;0,5187829146160852;0,30447230759023114;1,1443949090548626;890,1253517496294;9,873894075774704e-05
113,5;679,9999999999999;679,9880177850334;645,1489438513755;0,6834754605183896;0,5187829146160852;0,30200383407077425;1,1351170379511852;890,1257332201744;9,793839642570853e-05
113,58333333333333;679,9999999999999;679,9881149293766;645,2261454355317;0,6834754605183896;0,5187829146160852;0,29955537416128664;1,125914386071273;890,1261115991585;9,714434313988909e-05
113,66666666666667;679,9999999999999;679,9882112861048;645,3031717374438;0,6834754605183896;0,5187829146160852;0,297126765582334;1,116786343547321;890,126486911629;9,63567282599835e-05
113,75;679,9999999999999;679,9883068616044;645,3800231575019;0,6834754605183896;0,5187829146160852;0,2947178473760914;1,1077323054856039;890,1268591824289;9,557549957506427e-05
113,83333333333333;679,9999999999999;679,9884016622098;645,4567000952445;0,6834754605183896;0,5187829146160852;0,2923284598864484;1,0987516718737493;890,1272284362013;9,480060529590086e-05
113,91666666666667;679,9999999999999;679,9884956942038;645,5332029493592;0,6834754605183896;0,5187829146160852;0,28995844475332433;1,0898438475708032;890,1275946973894;9,403199405388979e-05
114,0;679,9999999999999;679,9885889638188;645,6095321176842;0,6834754605183896;0,5187829146160852;0,28760764490129986;1,081008242270802;890,1279579902381;9,326961489779207e-05
114,08333333333333;679,9999999999999;679,988681477236;645,6856879972096;0,6834754605183896;0,5187829146160852;0,28527590452824825;1,0722442704464752;890,1283183387965;9,251341728911646e-05
114,16666666666667;679,9999999999999;679,9887732405871;645,7616709840784;0,6834754605183896;0,5187829146160852;0,2829630690968088;1,063551351319439;890,1286757669185;9,1763351099502e-05
114,25;679,9999999999999;679,9888642599536;645,8374814735878;0,6834754605183896;0,5187829146160852;0,28066898532017603;1,0549289088171474;890,1290302982653;9,101936660681067e-05
114,33333333333333;679,9999999999999;679,9889545413681;645,9131198601906;0,6834754605183896;0,5187829146160852;0,27839350115641537;1,046376371546397;890,1293819563066;9,028141449292932e-05
114,41666666666667;679,9999999999999;679,989044090814;645,9885865374964;0,6834754605183896;0,5187829146160852;0,2761364657942522;1,0378931727270952;890,1297307643218;8,95494458382827e-05
114,5;679,9999999999999;679,9891329142262;646,0638818982729;0,6834754605183896;0,5187829146160852;0,2738977296473877;1,0294787501922604;890,1300767454021;8,882341212144122e-05
114,58333333333333;679,9999999999999;679,9892210174913;646,139006334447;0,6834754605183896;0,5187829146160852;0,27167714434312984;1,0211325463350354;890,1304199224513;8,810326521473042e-05
114,66666666666667;679,9999999999999;679,9893084064487;646,213960237106;0,6834754605183896;0,5187829146160852;0,26947456271386727;1,0128540080689477;890,1307603181875;8,738895738093704e-05
114,75;679,9999999999999;679,98939508689;646,2887439964991;0,6834754605183896;0,5187829146160852;0,267289838780016;1,0046425867815465;890,1310979551457;8,668044126898246e-05
114,83333333333333;679,9999999999999;679,9894810645599;646,3633580020385;0,6834754605183896;0,5187829146160852;0,2651228277471773;0,996497738304599;890,1314328556784;8,597766991169356e-05
114,91666666666667;679,9999999999999;679,9895663451566;646,4378026423007;0,6834754605183896;0,5187829146160852;0,2629733860004535;0,9884189229140887;890,1317650419559;8,528059672541069e-05
115,0;679,9999999999999;679,9896509343321;646,5120783050279;0,6834754605183896;0,5187829146160852;0,26084137108171035;0,9804056052143095;890,1320945359705;8,458917550053479e-05
115,08333333333333;679,9999999999999;679,9897348376925;646,586185377129;0,6834754605183896;0,5187829146160852;0,2587266416952616;0,9724572542007863;890,1324213595351;8,390336040619859e-05
115,16666666666667;679,9999999999999;679,9898180607985;646,660124244681;0,6834754605183896;0,5187829146160852;0,25662905768513156;0,9645733431278092;890,1327455342873;8,32231059796852e-05
115,25;679,9999999999999;679,9899006091656;646,7338952929304;0,6834754605183896;0,5187829146160852;0,25454848003505504;0,9567533495547969;890,1330670816883;8,254836712958373e-05
115,33333333333333;679,9999999999999;679,9899824882648;646,807498906294;0,6834754605183896;0,5187829146160852;0,25248477085710874;0,9489967552635056;890,1333860230261;8,187909912936821e-05
115,41666666666667;679,9999999999999;679,9900637035224;646,8809354683609;0,6834754605183896;0,5187829146160852;0,2504377933775004;0,941303046231536;890,1337023794165;8,12152576146195e-05
115,5;679,9999999999999;679,990144260321;646,9542053618932;0,6834754605183896;0,5187829146160852;0,24840741193656868;0,9336717126223982;890,1340161718035;8,055679858234444e-05
115,58333333333333;679,9999999999999;679,9902241639994;647,0273089688274;0,6834754605183896;0,5187829146160852;0,24639349197173033;0,9261022487192789;890,1343274209623;7,990367838529593e-05
115,66666666666667;679,9999999999999;679,9903034198531;647,1002466702756;0,6834754605183896;0,5187829146160852;0,24439590001179567;0,9185941529084836;890,1346361474995;7,925585373045336e-05
115,75;679,9999999999999;679,9903820331348;647,1730188465274;0,6834754605183896;0,5187829146160852;0,2424145036684422;0,9111469276430082;890,1349423718549;7,861328167595519e-05
115,83333333333333;680,0;679,9904600090545;647,2456258770501;0,6834754605183896;0,5187829146160852;0,24044917162768797;0,903760079416046;890,1352461143025;7,797591962870863e-05
115,91666666666667;680,0;679,9905373527798;647,3180681404908;0,6834754605183896;0,5187829146160852;0,23849977363852304;0,896433118714625;890,135547394953;7,734372534045173e-05
116,0;680,0;679,9906140694367;647,3903460146776;0,6834754605183896;0,5187829146160852;0,23656618050438283;0,8891655599864913;890,1358462337533;7,671665690491165e-05
116,08333333333333;680,0;679,9906901641094;647,4624598766204;0,6834754605183896;0,5187829146160852;0,2346482640831482;0,8819569216467322;890,1361426504889;7,609467275825281e-05
116,16666666666667;680,0;679,9907656418411;647,5344101025128;0,6834754605183896;0,5187829146160852;0,23274589726440809;0,8748067259784277;890,1364366647854;7,547773167075294e-05
116,25;680,0;679,9908405076338;647,6061970677328;0,6834754605183896;0,5187829146160852;0,2308589539723016;0,8677144991591428;890,1367282961095;7,486579274879907e-05
116,33333333333333;680,0;679,9909147664492;647,6778211468445;0,6834754605183896;0,5187829146160852;0,22898730915414944;0,8606797712079421;890,1370175637699;7,425881543049841e-05
116,41666666666667;680,0;679,9909884232087;647,7492827135994;0,6834754605183896;0,5187829146160852;0,22713083876908513;0,8537020759522728;890,137304486919;7,365675948264339e-05
116,5;680,0;679,9910614827937;647,8205821409375;0,6834754605183896;0,5187829146160852;0,22528941978237071;0,8467809509915369;890,1375890845543;7,305958499783839e-05
116,58333333333333;680,0;679,9911339500461;647,8917198009884;0,6834754605183896;0,5187829146160852;0,22346293015687024;0,8399159376805334;890,1378713755196;7,246725239278718e-05
116,66666666666667;680,0;679,9912058297685;647,9626960650731;0,6834754605183896;0,5187829146160852;0,22165124884736542;0,8331065810963411;890,1381513785052;7,187972240564547e-05
116,75;680,0;679,9912771267246;648,0335113037049;0,6834754605183896;0,5187829146160852;0,21985425578634477;0,8263524299952679;890,1384291120513;7,129695609211538e-05
116,83333333333333;680,0;679,9913478456394;648,104165886591;0,6834754605183896;0,5187829146160852;0,2180718318840036;0,8196530368095393;890,1387045945469;7,071891482521685e-05
116,91666666666667;680,0;679,9914179911997;648,1746601826333;0,6834754605183896;0,5187829146160852;0,21630385901403315;0,8130079575810653;890,1389778442323;7,01455602898024e-05
117,0;680,0;679,9914875680541;648,2449945599301;0,6834754605183896;0,5187829146160852;0,21455022000793633;0,8064167519614401;890,1392488792004;6,957685448216664e-05
117,08333333333333;680,0;679,9915565808138;648,3151693857775;0,6834754605183896;0,5187829146160852;0,2128107986465011;0,7998789831622688;890,1395177173974;6,901275970607735e-05
117,16666666666667;680,0;679,9916250340524;648,3851850266705;0,6834754605183896;0,5187829146160852;0,21108547965411617;0,7933942179518542;890,1397843766243;6,845323857215929e-05
117,25;680,0;679,9916929323064;648,455041848304;0,6834754605183896;0,5187829146160852;0,2093741486902445;0,7869620266022114;890,1400488745376;6,789825399369949e-05
117,33333333333333;680,0;679,9917602800756;648,5247402155746;0,6834754605183896;0,5187829146160852;0,2076766923408968;0,780581982869198;890,140311228651;6,734776918470918e-05
117,41666666666667;680,0;679,9918270818232;648,5942804925819;0,6834754605183896;0,5187829146160852;0,20599299811010496;0,7742536639593979;890,1405714563363;6,680174765708334e-05
117,5;680,0;679,9918933419764;648,6636630426292;0,6834754605183896;0,5187829146160852;0,2043229544199221;0,7679766505301205;890,1408295748242;6,626015322059782e-05
117,58333333333333;680,0;679,9919590649264;648,7328882282254;0,6834754605183896;0,5187829146160852;0,20266645059052735;0,7617505266165455;890,1410856012067;6,5722949976586e-05
117,66666666666667;680,0;679,9920242550287;648,8019564110863;0,6834754605183896;0,5187829146160852;0,20102337684022586;0,7555748796250993;890,141339552437;6,51901023174846e-05
117,75;680,0;679,9920889166036;648,8708679521354;0,6834754605183896;0,5187829146160852;0,19939362428260665;0,7494493003235201;890,1415914453305;6,466157492596068e-05
117,83333333333333;680,0;679,9921530539364;648,9396232115057;0,6834754605183896;0,5187829146160852;0,19777708490948953;0,74337338278456;890,141841296567;6,413733276991012e-05
117,91666666666667;680,0;679,9922166712774;649,0082225485409;0,6834754605183896;0,5187829146160852;0,19617365159092515;0,7373467243793619;890,1420891226908;6,36173411020039e-05
118,0;680,0;679,992279772843;649,0766663217963;0,6834754605183896;0,5187829146160852;0,19458321806382628;0,7313689257410312;890,1423349401124;6,310156545642832e-05
118,08333333333333;680,0;679,9923423628146;649,144954889041;0,6834754605183896;0,5187829146160852;0,1930056789262835;0,7254395907348317;890,1425787651098;6,258997164646414e-05
118,16666666666667;680,0;679,9924044453404;649,213088607258;0,6834754605183896;0,5187829146160852;0,19144092963472303;0,7195583264515613;890,1428206138281;6,208252576383914e-05
118,25;680,0;679,9924660245346;649,2810678326467;0,6834754605183896;0,5187829146160852;0,18988886648969583;0,7137247431545668;890,1430605022825;6,157919417414644e-05
118,33333333333333;680,0;679,9925271044781;649,3488929206236;0,6834754605183896;0,5187829146160852;0,18834938663587764;0,7079384542764318;890,143298446358;6,107994351661651e-05
118,41666666666667;680,0;679,9925876892188;649,4165642258233;0,6834754605183896;0,5187829146160852;0,1868223880478581;0,702199076379237;890,1435344618112;6,05847407004383e-05
118,5;680,0;679,9926477827717;649,4840821021006;0,6834754605183896;0,5187829146160852;0,18530776953014083;0,6965062291313787;890,1437685642712;6,0093552903177204e-05
118,58333333333333;680,0;679,9927073891192;649,5514469025313;0,6834754605183896;0,5187829146160852;0,18380543070861677;0,6908595352910112;890,1440007692399;5,9606347569063535e-05
118,66666666666667;680,0;679,9927665122117;649,6186589794136;0,6834754605183896;0,5187829146160852;0,18231527201919562;0,685258620669618;890,1442310920944;5,9123092405733005e-05
118,75;680,0;679,9928251559671;649,6857186842693;0,6834754605183896;0,5187829146160852;0,1808371947078058;0,6797031141088307;890,144459548087;5,8643755382644816e-05
118,83333333333333;680,0;679,9928833242718;649,7526263678456;0,6834754605183896;0,5187829146160852;0,1793711008218679;0,6741926474738057;890,1446861523459;5,816830473004731e-05
118,91666666666667;680,0;679,9929410209808;649,8193823801157;0,6834754605183896;0,5187829146160852;0,17791689320461046;0,6687268556134849;890,1449109198769;5,7696708935880254e-05
119,0;680,0;679,9929982499175;649,8859870702807;0,6834754605183896;0,5187829146160852;0,17647447548085893;0,6633053763142319;890,1451338655652;5,722893674164482e-05
119,08333333333333;680,0;679,9930550148746;649,9524407867707;0,6834754605183896;0,5187829146160852;0,17504375206272016;0,6579278503230146;890,1453550041742;5,6764957144368856e-05
119,16666666666667;680,0;679,993111319614;650,018743877246;0,6834754605183896;0,5187829146160852;0,1736246281353715;0,6525939212977294;890,1455743503484;5,63047393922512e-05
119,25;680,0;679,9931671678669;650,0848966885986;0,6834754605183896;0,5187829146160852;0,17221700965137643;0,6473032357674628;890,1457919186137;5,584825298156427e-05
119,33333333333333;680,0;679,9932225633346;650,1508995669535;0,6834754605183896;0,5187829146160852;0,17082080332784244;0,6420554431457369;890,1460077233779;5,539546765736112e-05
119,41666666666667;680,0;679,993277509688;650,2167528576698;0,6834754605183896;0,5187829146160852;0,1694359166350523;0,636850195667589;890,1462217789328;5,4946353408411035e-05
119,5;680,0;679,9933320105685;650,2824569053423;0,6834754605183896;0,5187829146160852;0,16806225779930628;0,6316871484193761;890,1464340994535;5,4500880469422445e-05
119,58333333333333;680,0;679,9933860695878;650,3480120538028;0,6834754605183896;0,5187829146160852;0,16669973578871122;0,6265659592659185;890,1466446990005;5,405901931510767e-05
119,66666666666667;680,0;679,9934396903285;650,4134186461213;0,6834754605183896;0,5187829146160852;0,1653482603046541;0,6214862888306308;890,1468535915213;5,3620740658246084e-05
119,75;680,0;679,9934928763439;650,4786770246071;0,6834754605183896;0,5187829146160852;0,16400774178748634;0,6164478005187025;890,1470607908492;5,318601545164947e-05
119,83333333333333;680,0;679,9935456311588;650,5437875308106;0,6834754605183896;0,5187829146160852;0,16267809140231293;0,611450160450866;890,1472663107058;5,2754814882678327e-05
119,91666666666667;680,0;679,9935979582691;650,6087505055244;0,6834754605183896;0,5187829146160852;0,16135922103046596;0,6064930374468376;890,1474701647023;5,232711037153058e-05
120,0;680,0;679,9936498611427;650,6735662887845;0,6834754605183896;0,5187829146160852;0,16005104327234676;0,6015761030220069;890,1476723663384;5,190287357120812e-05
