time_min;T_gas;T_hanger;T_cable;phi_hanger;phi_cable;qconv_hanger;qrad_hanger;cp_hanger;dT_hanger
0,0;19,999999999999964;20,0;20,0;0,7617968735214569;0,6802060063015218;0,0;0,0;0,0;0,0
0,08333333333333333;88,00267891889344;20,0;20,0;0,7617968735214569;0,6802060063015218;-8,881784197001252e-13;-1,7302159039668115e-13;439,80176;-1,4636974997230085e-16
0,16666666666666666;140,47216691122372;20,274639169753335;20,08601689807679;0,7617968735214569;0,6802060063015218;1700,0669729723359;291,1032638448498;439,80176;0,2746391697533359
0,25;181,54762559614076;20,780038713944176;20,243998095746363;0,7617968735214569;0,6802060063015218;3004,93819353676;660,8944068172938;439,9961047308344;0,5053995441908412
0,3333333333333333;214,24676380490655;21,480667631534878;20,462757035178612;0,7617968735214569;0,6802060063015218;4019,1896720549144;1066,830736683636;440,35313113446915;0,700628917590701
0,4166666666666667;240,7701762166891;22,347239821232726;20,733228284530142;0,7617968735214569;0,6802060063015218;4819,1524043342915;1478,538680042776;440,84676156043173;0,8665721896978477
0,5;262,7230778479285;23,35574602987744;21,04808785816456;0,7617968735214569;0,6802060063015218;5460,573409886409;1878,718675496762;441,4552074825211;1,0085062086447143
0,5833333333333334;281,27685530674063;24,48674924647521;21,401479693544402;0,7617968735214569;0,6802060063015218;5984,183295451276;2259,715123154044;442,1603956751276;1,1310032165977675
0,6666666666666666;297,2867700968886;25,724707356691994;21,78877228943768;0,7617968735214569;0,6802060063015218;6419,752651506636;2619,8050542864266;442,9475263197614;1,237958110216784
0,75;311,3777154288792;27,057308452198303;22,206334625944606;0,7617968735214569;0,6802060063015218;6789,051568504914;2960,4167478766444;443,8046158110771;1,3326010955063092
0,8333333333333334;324,0066976265547;28,474853105708924;22,651336234240162;0,7617968735214569;0,6802060063015218;7108,010174417022;3284,3536450617426;444,7220290053563;1,4175446535106222
0,9166666666666666;335,5083596559061;29,969711455882777;23,12157591003671;0,7617968735214569;0,6802060063015218;7388,296113021144;3594,7767926387537;445,69203542557295;1,4948583501738533
1,0;346,1281495600003;31,535866480904364;23,61533996438338;0,7617968735214569;0,6802060063015218;7638,466205000583;3894,68095961887;446,7084152970724;1,5661550250215868
1,0833333333333333;356,0464872675711;33,1685420177582;24,131288018187266;0,7617968735214569;0,6802060063015218;7864,807076977398;4186,664293539155;447,7661267434853;1,6326755368538326
1,1666666666666667;365,3963730239373;34,86390689972422;24,668362820120716;0,7617968735214569;0,6802060063015218;8071,948631245323;4472,859996284485;448,8610345814542;1,69536488196602
1,25;374,2762175314597;36,61884371349791;25,225720097010534;0,7617968735214569;0,6802060063015218;8263,311653105327;4754,950241872566;449,9896950423666;1,754936813773687
1,3333333333333333;382,75919072482066;38,43077041470138;25,802674601684924;0,7617968735214569;0,6802060063015218;8441,434345449044;5034,216711071431;451,14918820163615;1,8119267012034663
1,4166666666666667;390,90003408737726;40,29750409828873;26,398658978047287;0,7617968735214569;0,6802060063015218;8608,210507752981;5311,6030630383275;452,3369894928631;1,8667336835873476
1,5;398,7400249430552;42,21715779452226;27,013192614316097;0,7617968735214569;0,6802060063015218;8765,063249727214;5587,7768827916;453,55087237504733;1,9196536962335307
1,5833333333333333;406,3105942996655;44,18806280970425;27,645858194350183;0,7617968735214569;0,6802060063015218;8913,071678713322;5863,185478731152;454,78883535398745;1,9709050151819918
1,6666666666666667;413,6359636792835;46,20871064089579;28,296284134440306;0,7617968735214569;0,6802060063015218;9053,063287249031;6138,103563475844;456,04904777519045;2,0206478311915386
1,75;420,73506718312314;48,27770978391525;28,964131493003855;0,7617968735214569;0,6802060063015218;9185,681325959693;6412,6726988665505;457,32980993083794;2,0689991430194636
1,8333333333333333;427,6229527724214;50,393753811133855;29,649084264403154;0,7617968735214569;0,6802060063015218;9311,433934980196;6686,933232606415;458,6295239890188;2,1160440272186065
1,9166666666666667;434,3118040957869;52,555597939154424;30,350842224246488;0,7617968735214569;0,6802060063015218;9430,729974032189;6960,849767161553;459,9466730463272;2,1618441280205656
2,0;440,81168583328076;54,762041967567946;31,069115693021164;0,7617968735214569;0,6802060063015218;9543,905153915812;7234,331244346967;461,27980623786755;2,2064440284135247
2,0833333333333335;447,1310875792642;57,01191798168878;31,8036217385915;0,7617968735214569;0,6802060063015218;9651,241096642822;7507,2466459506595;462,627528334524;2,249876014120834
2,1666666666666665;453,27732092368217;59,3040816047634;32,55408145557267;0,7617968735214569;0,6802060063015218;9752,979239939386;7779,437178773654;463,9884926407128;2,292163623074615
2,25;459,2568095559629;61,63740588445519;33,32021804889113;0,7617968735214569;0,6802060063015218;9849,33098297297;8050,725670835173;465,3613962995408;2,3333242796917943
2,3333333333333335;465,0753014069429;64,01077712554519;34,1017555164464;0,7617968735214569;0,6802060063015218;9940,485091787692;8320,92377279841;466,744977335805;2,3733712410900027
2,4166666666666665;470,73802396923867;66,42309215257413;34,89841777681586;0,7617968735214569;0,6802060063015218;10026,613107034944;8589,837442465474;468,1380129365576;2,412315027028939
2,5;476,24979819895117;68,87325661574725;35,70992812637422;0,7617968735214569;0,6802060063015218;10107,873295416613;8857,271092351453;469,5393185967181;2,4501644631731305
2,5833333333333335;481,615122221369;71,36018405100714;36,53600893909691;0,7617968735214569;0,6802060063015218;10184,413539580097;9123,030700021194;470,94774785337853;2,4869274352598834
2,6666666666666665;486,8382330177183;73,88279547855433;37,37638154402085;0,7617968735214569;0,6802060063015218;10256,373454259046;9386,926116044837;472,36219240468193;2,5226114275471945
2,75;491,92315205103944;76,44001937920805;38,23076623162567;0,7617968735214569;0,6802060063015218;10323,8859384791;9648,772752744404;473,7815824633354;2,5572239006537276
2,8333333333333335;496,87371917257434;79,03079192935917;39,09888235261798;0,7617968735214569;0,6802060063015218;10387,078316795785;9908,392796068665;475,2048872353995;2,590772550151118
2,9166666666666665;501,6936179721578;81,65405740628697;39,98044848176642;0,7617968735214569;0,6802060063015218;10446,073181080379;10165,616050891402;476,6311154453677;2,623265476927797
3,0;506,38639487790584;84,30876869886193;40,8751826263094;0,7617968735214569;0,6802060063015218;10500,989014146771;10420,28050501925;478,0593158512409;2,6547112925749636
3,0833333333333335;510,9554736852297;86,99388787607504;41,78280246361485;0,7617968735214569;0,6802060063015218;10551,940654476099;10672,23267775811;479,4885777102524;2,6851191772131044
3,1666666666666665;515,404166739632;89,70838677887605;42,70302559664343;0,7617968735214569;0,6802060063015218;10599,039645228868;10921,32780383093;480,91803116852225;2,714498902801018
3,25;519,73568366582;92,45124761056178;43,63556981867517;0,7617968735214569;0,6802060063015218;10642,3944990189;11167,429891808333;482,34684755732013;2,742860831685731
3,3333333333333335;523,9531382938255;95,22146350825005;44,58015338094765;0,7617968735214569;0,6802060063015218;10682,110901381457;11410,411687245969;483,77423958557534;2,7702158976882774
3,4166666666666665;528,0595542566051;98,01803908342175;45,53649525850129;0,7617968735214569;0,6802060063015218;10718,291869639386;11650,154563820048;485,1994614234241;2,7965755751716994
3,5;532,0578696052143;100,83999092357172;46,50431541077083;0,7617968735214569;0,6802060063015218;10751,037879329584;11886,548360444136;486,6218086753515;2,8219518401499646
3,5833333333333335;535,950940694074;103,68634805002615;47,48333503440125;0,7617968735214569;0,6802060063015218;10780,446967041064;12119,491178271703;488,0406182442381;2,8463571264544396
3,6666666666666665;539,7415455206971;106,5561523292173;48,473276806478616;0,7617968735214569;0,6802060063015218;10806,614816101197;12348,889148352602;489,45526808958556;2,869804279191145
3,75;543,4323866545493;109,44845883635044;49,47386511690665;0,7617968735214569;0,6802060063015218;10829,634829786994;12574,656178302237;490,865176884584;2,8923065071331413
3,8333333333333335;547,0260938535251;112,36233617159935;50,48482628907155;0,7617968735214569;0,6802060063015218;10849,598195454972;12796,713684485718;492,2698035776287;2,913877335248918
3,9166666666666665;550,5252264401282;115,29686672983306;51,50588878825173;0,7617968735214569;0,6802060063015218;10866,593942048145;13014,990314789147;493,66864686450475;2,934530558233708
4,0;553,9322754902134;118,25114692549194;52,53678341746964;0,7617968735214569;0,6802060063015218;10880,70899275738;13229,421665944308;495,06124457782056;2,954280195658878
4,083333333333333;557,2496658731299;121,22428737465661;53,577243500667244;0,7617968735214569;0,6802060063015218;10892,028214118038;13439,949998515885;496,4471730004458;2,973140449164668
4,166666666666667;560,4797581718716;124,21541303663504;54,62700505322831;0,7617968735214569;0,6802060063015218;10900,63446246183;13646,523951993751;497,82604610973357;2,9911256619784354
4,25;563,6248505043958;127,22366331756753;55,685806939979706;0,7617968735214569;0,6802060063015218;10906,608628380915;13849,098261911116;499,19751475924147;3,0082502809324887
4,333333333333333;566,687180261817;130,24819213864208;56,753391020887186;0,7617968735214569;0,6802060063015218;10910,029679670706;14047,633480500373;500,56126580450194;3,024528821074566
4,416666666666667;569,6689257752196;133,288167971545;57,82950228472528;0,7617968735214569;0,6802060063015218;10910,974703079373;14242,095702074394;501,91702117919004;3,039975832902911
4,5;572,5722079199263;136,34277384375747;58,91388897104932;0,7617968735214569;0,6802060063015218;10909,518945091864;14432,456294063693;503,26453692777994;3,054605872212479
4,583333333333333;575,399091663942;139,41120731626256;60,00630268083417;0,7617968735214569;0,6802060063015218;10905,73585190422;14618,691634433826;504,6036022005058;3,068433472505088
4,666666666666667;578,1515875657313;142,4926804361542;61,10649847617116;0,7617968735214569;0,6802060063015218;10899,697108691988;14800,782856040756;505,9340382161408;3,081473119891622
4,75;580,83165322536;145,5864196665508;62,21423496943384;0,7617968735214569;0,6802060063015218;10891,47267823943;14978,715598346636;507,25569719780583;3,0937392303966007
4,833333333333333;583,4411946921857;148,69166579611394;63,32927440233625;0,7617968735214569;0,6802060063015218;10881,13083897023;15152,47976680797;508,5684612866999;3,10524612956313
4,916666666666667;585,9820678316714;151,80767383036172;64,45138271531562;0,7617968735214569;0,6802060063015218;10868,738222401793;15322,069300156463;509,8722414383397;3,1160080342477965
5,0;588,4560796534377;154,9337128668518;65,58032960767505;0,7617968735214569;0,6802060063015218;10854,359850032743;15487,48194571727;511,1669763055801;3,1260390364900843
5,083333333333333;590,8649896023319;158,06906595618995;66,71588858892272;0,7617968735214569;0,6802060063015218;10838,059169664646;15648,719042845993;512,4526311123929;3,1353530893381474
5,166666666666667;593,210510814042;161,213029950702;67,8578370217416;0,7617968735214569;0,6802060063015218;10819,89809115355;15805,785314512688;513,7291965220822;3,1439639945120668
5,25;595,4943113365867;164,36491534248842;69,0059561570197;0,7617968735214569;0,6802060063015218;10799,9370215835;15958,688667016677;514,9966875033388;3,1518853917863945
5,333333333333333;597,718015318879;167,52404609246406;70,16003116136415;0,7617968735214569;0,6802060063015218;10778,234899852458;16107,439997777888;516,2551421972571;3,1591307499756334
5,416666666666667;599,8832041674364;170,68975945187302;71,31985113751489;0,7617968735214569;0,6802060063015218;10754,849230660373;16252,053011119167;517,5046207881918;3,1657133594089655
5,5;601,991417672238;173,86140577765684;72,48520913806448;0,7617968735214569;0,6802060063015218;10729,836117889085;16392,544041926492;518,7452043810719;3,1716463257838337
5,583333333333333;604,0441551026489;177,03834834294864;73,65590217288035;0,7617968735214569;0,6802060063015218;10703,250297364528;16528,93188705202;519,9769938875717;3,176942565291799
5,666666666666667;606,0428762742866;180,2199631438628;74,83173121061509;0,7617968735214569;0,6802060063015218;10675,145168992507;16661,237644305354;521,2001089233063;3,181614800914164
5,75;607,9890025876496;183,405638703652;76,01250117467846;0,7617968735214569;0,6802060063015218;10645,572828260596;16789,484558863183;522,4146867180268;3,1856755597891997
5,833333333333333;609,8839180392985;186,59477587520928;77,19802093403287;0,7617968735214569;0,6802060063015218;10614,584097099938;16913,697876913637;523,6208810405817;3,189137171557281
5,916666666666667;611,728970206344;189,78678764280403;78,38810328916142;0,7617968735214569;0,6802060063015218;10582,22855410223;17033,904706341888;524,8188611402499;3,1920117675947535
6,0;613,5254712049641;192,98109892385597;79,5825649535451;0,7617968735214569;0,6802060063015218;10548,5545640885;17150,13388425442;526,0088107058625;3,1943112810519434
6,083333333333333;615,2746986236548;196,17714637147114;80,78122653097242;0,7617968735214569;0,6802060063015218;10513,609307027704;17262,415851132853;527,1909268439927;3,1960474476151735
6,166666666666667;616,9778964318892;199,37437817838833;81,98391248899199;0,7617968735214569;0,6802060063015218;10477,43880630459;17370,782531403544;528,3654190773337;3,197231806917175
6,25;618,6362758648413;202,57225388291292;83,19045112880568;0,7617968735214569;0,6802060063015218;10440,087956337522;17475,267220205267;529,5325083642613;3,197875704524592
6,333333333333333;620,2510162848129;205,77024417734847;84,40067455188664;0,7617968735214569;0,6802060063015218;10401,60054954821;17575,90447613525;530,6924261404455;3,1979902944355474
6,416666666666667;621,8232660199774;208,96783071937287;85,61441862359403;0,7617968735214569;0,6802060063015218;10362,01930268661;17672,73001975299;531,8454133832696;3,1975865420243834
6,5;623,354143181046;212,1645059467475;86,83152293404343;0,7617968735214569;0,6802060063015218;10321,385882515113;17765,78063762073;532,9917196996993;3,196675227374632
6,583333333333333;624,8447364564352;215,35977289569266;88,05183075647946;0,7617968735214569;0,6802060063015218;10279,74093085746;17855,09409166093;534,1316024381616;3,195266948945158
6,666666666666667;626,2961058865054;218,55314502321076;89,27518900338512;0,7617968735214569;0,6802060063015218;10237,124089018562;17940,709033612282;535,2653258248895;3,1933721275180993
6,75;627,7092836174239;221,7441460335915;90,50144818055017;0,7617968735214569;0,6802060063015218;10193,574021582368;18022,664924368353;536,3931601251198;3,191001010380744
6,833333333333333;629,0852746351858;224,93230970928846;91,73046233930934;0,7617968735214569;0,6802060063015218;10149,12843959581;18101,00195798607;537,5153808294492;3,1881636756969476
6,916666666666667;630,4250574803187;228,11717974631532;92,96208902715004;0,7617968735214569;0,6802060063015218;10103,824123147433;18175,76099015432;538,6322678655873;3,1848700370268417
7,0;631,72958494378;231,29830959427207;94,19618923687784;0,7617968735214569;0,6802060063015218;10057,696943350087;18246,98347091736;539,7441048356864;3,1811298479567482
7,083333333333333;632,999784744539;234,4752623010762;95,4326273545178;0,7617968735214569;0,6802060063015218;10010,781883737698;18314,711381451896;540,8511782793659;3,1769527068041317
7,166666666666667;634,2365601893308;237,64761036244147;96,67127110611919;0,7617968735214569;0,6802060063015218;9963,113061086571;18378,98717470128;541,9537769624982;3,172348061365263
7,25;635,4407908150464;240,81493557611734;97,91199150362125;0,7617968735214569;0,6802060063015218;9914,723745672234;18439,853719675462;543,0521911917809;3,167325213675859
7,333333333333333;636,6133330142198;243,97682890087495;99,15466278992825;0,7617968735214569;0,6802060063015218;9865,646380973227;18497,35424923045;544,1467121550661;3,1618933247576138
7,416666666666667;637,7550206440552;247,13289032020077;100,39916238333275;0,7617968735214569;0,6802060063015218;9815,912602833623;18551,5323111464;545,2376312873891;3,1560614193258325
7,5;638,866665619428;250,28272871063655;101,64537082141725;0,7617968735214569;0,6802060063015218;9765,55325809636;18602,43172232906;546,3252396625934;3,1498383904357627
7,583333333333333;639,9490584902804;253,4259617146839;102,89317170455595;0,7617968735214569;0,6802060063015218;9714,598422719786;18650,096525965244;547,4098274104208;3,143233004047344
7,666666666666667;641,0029690038252;256,56221561817404;104,14245163913041;0,7617968735214569;0,6802060063015218;9663,077419389912;18694,570951468027;548,4916831589013;3,136253903490121
7,75;642,029146651953;259,6911252319862;105,3931001805647;0,7617968735214569;0,6802060063015218;9611,01883464128;18735,89937705432;549,5710935018534;3,128909613812114
7,833333333333333;643,0283212042367;262,81233377798435;106,64500977627904;0,7617968735214569;0,6802060063015218;9558,450535499172;18774,126294802245;550,648342491272;3,1212085459981984
7,916666666666667;644,0012032269094;265,9254927790297;107,89807570865308;0,7617968735214569;0,6802060063015218;9505,399685656308;18809,296278042326;551,7237111543652;3,1131590010453287
8,0;644,948484588186;269,0302619529133;109,152196038084;0,7617968735214569;0,6802060063015218;9451,892761196992;18841,453950942145;552,7974770349742;3,104769173883618
8,083333333333334;645,8708389502879;272,1263091100471;110,40727154621759;0,7617968735214569;0,6802060063015218;9397,955565881819;18870,643960149813;553,8699137590885;3,0960471571338197
8,166666666666666;646,7689222485191;275,21331005474036;111,663205679425;0,7617968735214569;0,6802060063015218;9343,61324600602;18896,910948367728;554,9412906241529;3,087000944693249
8,25;647,6433731577384;278,29094848988393;112,9199044925918;0,7617968735214569;0,6802060063015218;9288,890304844468;18920,29952973335;556,0118722118426;3,0776384351435766
8,333333333333334;648,4948135465537;281,3589159248592;114,17727659328054;0,7617968735214569;0,6802060063015218;9233,810616696363;18940,854266890077;557,0819180239636;3,0679674349752952
8,416666666666666;649,3238489195664;284,416911586484;115,43523308632314;0,7617968735214569;0,6802060063015218;9178,397440542361;18958,6196496358;558,1516821411236;3,0579956616247546
8,5;650,1310688479784;287,46464233280506;116,6936875188942;0,7617968735214569;0,6802060063015218;9122,673433327062;18973,640075043524;559,2214129037998;3,047730746321055
8,583333333333334;650,9170473888669;290,501822569546;117,952555826112;0,7617968735214569;0,6802060063015218;9066,660662879334;18985,95982895258;560,2913526154186;3,0371802367409444
8,666666666666666;651,6823434934272;293,52817416901706;119,21175627720962;0,7617968735214569;0,6802060063015218;9010,380620483022;18995,623068734858;561,3617372670441;3,0263515994710857
8,75;652,427501404473;296,543426391295;120,47120942231422;0,7617968735214569;0,6802060063015218;8953,854233110253;19002,67380724556;562,4327962832637;3,015252222277905
8,833333333333334;653,1530510434759;299,54731580748114;121,73083803986928;0,7617968735214569;0,6802060063015218;8897,10187532945;19007,1558978727;563,5047522888475;3,0038894161861616
8,916666666666666;653,8595083874213;302,5395862248494;122,99056708473022;0,7617968735214569;0,6802060063015218;8840,143380899868;19009,113020604702;564,5778208957394;2,99227041736825
9,0;654,5473758357468;305,5199886136964;124,25032363696106;0,7617968735214569;0,6802060063015218;8782,998054064297;19008,588669039967;565,6522105099356;2,980402388846957
9,083333333333334;655,2171425676252;308,48828103571157;125,5100368513563;0,7617968735214569;0,6802060063015218;8725,684680551261;19005,62613826702;566,7281221577908;2,9682924220151463
9,166666666666666;655,8692848898461;311,44422857368806;126,76963790770934;0,7617968735214569;0,6802060063015218;8668,22153829784;19000,26851354804;567,805749331282;2,955947537976502
9,25;656,5042665755425;314,3876032624001;128,0290599618456;0,7617968735214569;0,6802060063015218;8610,62640790395;18992,558659743176;568,8852778517538;2,94337468871205
9,333333333333334;657,1225391940054;317,3181840204778;129,28823809743668;0,7617968735214569;0,6802060063015218;8552,91658282856;18982,539211416803;569,9668857516575;2,9305807580777157
9,416666666666666;657,724542431818;320,23575658311654;130,54710927860842;0,7617968735214569;0,6802060063015218;8495,10887933819;18970,252563571223;571,0507431737907;2,917572562638699
9,5;658,3107044055405;323,1401134354634;131,80561230335442;0,7617968735214569;0,6802060063015218;8437,219646217536;18955,740862956744;572,1370122875311;2,9043568523468566
9,583333333333334;658,8814419661669;326,0310537465311;133,0636877577638;0,7617968735214569;0,6802060063015218;8379,264774251928;18939,04599991107;573,2258472215611;2,890940311067687
9,666666666666666;659,4371609955693;328,90838330349493;134,32127797107015;0,7617968735214569;0,6802060063015218;8321,259705490895;18920,209600684317;574,3173940125627;2,8773295569638577
9,75;659,9782566951428;331,7719144462374;135,5783269715272;0,7617968735214569;0,6802060063015218;8263,21944230186;18899,273020209075;575,4117905693631;2,8635311427425036
9,833333333333334;660,5051138668539;334,6214660020112;136,83478044311434;0,7617968735214569;0,6802060063015218;8205,158556222636;18876,27733527875;576,509166652007;2,849551555773776
9,916666666666666;661,0181071868933;337,4568632200995;138,09058568307427;0,7617968735214569;0,6802060063015218;8147,091196621068;18851,26333809978;577,6096438652202;2,8353972180883296
10,0;661,5176014721292;340,27793770636106;139,34569156028277;0,7617968735214569;0,6802060063015218;8089,031099169845;18824,271530186543;578,7133356657366;2,8210744862615704
10,083333333333334;662,0039519395467;343,0845273575537;140,6000484744504;0,7617968735214569;0,6802060063015218;8030,991594144203;18795,34211657084;579,8203473829453;2,806589651192692
10,166666666666666;662,4775044588623;345,8764762953402;141,8536083161533;0,7617968735214569;0,6802060063015218;7972,985614549824;18764,515000299583;580,9307762523254;2,79194893778644
10,25;662,9385957984902;348,653634799886;143,10632442769042;0,7617968735214569;0,6802060063015218;7915,025704088053;18731,829777197738;582,044711461121;2,7771585045458083
10,333333333333334;663,387553865036;351,41585924296965;144,3581515647626;0,7617968735214569;0,6802060063015218;7857,124024965104;18697,325730875305;583,1622342057218;2,7622244430836784
10,416666666666666;663,8246979364887;354,16301202053114;145,60904585896836;0,7617968735214569;0,6802060063015218;7799,292365551659;18661,041827959296;584,2834177602043;2,747152777561502
10,5;664,2503388892766;356,89496148459415;146,8589647811102;0,7617968735214569;0,6802060063015218;7741,54214789894;18623,01671353409;585,4083275554947;2,731949464063024
10,583333333333334;664,6647794193473;359,6115818745051;148,1078671053047;0,7617968735214569;0,6802060063015218;7683,884435117061;18583,288706775045;586,5370212686166;2,7166203899109562
10,666666666666666;665,0683142574313;362,31275324743945;149,35571287388876;0,7617968735214569;0,6802060063015218;7626,329938621055;18541,895796762303;587,669548921485;2,7011713729343945
10,75;665,4612303786414;364,9983614081341;150,60246336311332;0,7617968735214569;0,6802060063015218;7568,889025249797;18498,87563846314;588,8059529887171;2,6856081606946134
10,833333333333334;665,8438072065546;367,6682978378108;151,8480810496165;0,7617968735214569;0,6802060063015218;7511,571724262683;18454,265548873133;589,9462685139289;2,6699364296767363
10,916666666666666;666,2163168119266;370,32245962226534;153,09252957766603;0,7617968735214569;0,6802060063015218;7454,387734218595;18408,102503307167;591,0905232339959;2,6541617844544945
11,0;666,5790241061744;372,96074937910055;154,33577372716152;0,7617968735214569;0,6802060063015218;7397,346429741532;18360,42313183351;592,2387377107573;2,6382897568352144
11,083333333333334;666,9321870297699;375,5830751840923;155,57777938238638;0,7617968735214569;0,6802060063015218;7340,456868176847;18311,263715844347;593,3909254696559;2,622325804991755
11,166666666666666;667,2760567356747;378,18935049668033;156,81851350149842;0,7617968735214569;0,6802060063015218;7283,72779614194;18260,66018475825;594,5470931448041;2,60627531258804
11,25;667,6108777679486;380,77949408458477;158,05794408674856;0,7617968735214569;0,6802060063015218;7227,16765597486;18208,64811285025;595,707240629981;2,590143587904442
11,333333333333334;667,9368882356573;383,35342994755376;159,2960401554163;0,7617968735214569;0,6802060063015218;7170,784592084096;18155,26271620655;596,871361235074;2,573935862969023
11,416666666666666;668,2543199822053;385,9110872402541;160,53277171145052;0,7617968735214569;0,6802060063015218;7114,5864572025885;18100,538849801433;598,0394418474799;2,5576572927003687
11,5;668,5633987502113;388,45240019432157;161,76810971780387;0,7617968735214569;0,6802060063015218;7058,5808185487795;18044,511004694876;599,2114630980004;2,5413129540674237
11,583333333333334;668,8643443420464;390,97730803959297;163,00202606944913;0,7617968735214569;0,6802060063015218;7002,774963897243;17987,213305349727;600,3873995307684;2,5249078452714153
11,666666666666666;669,1573707761469;393,4857549245477;164,23449356706553;0,7617968735214569;0,6802060063015218;6947,1759075613345;17928,679507068166;601,5672197767574;2,5084468849546795
11,75;669,4426864392142;395,9776898359885;165,46548589138288;0,7617968735214569;0,6802060063015218;6891,79039628998;17868,942993547225;602,750886730435;2,4919349114408127
11,833333333333334;669,7204942344102;398,4530665179988;166,6949775781717;0,7617968735214569;0,6802060063015218;6836,6249150806425;17808,036774554046;603,9383577291366;2,475376682010315
11,916666666666666;669,9909917256516;400,91184339021436;167,9229439938667;0,7617968735214569;0,6802060063015218;6781,685692910285;17745,99348372148;605,1295847347395;2,458776872215542
12,0;670,2543712781094;403,35398346545276;169,14936131181216;0,7617968735214569;0,6802060063015218;6726,978708385931;17682,84537646496;606,3245145172438;2,4421400752383957
12,083333333333334;670,5108201950084;405,77945426674677;170,37420648911612;0,7617968735214569;0,6802060063015218;6672,509695316416;17618,624328022328;607,5230888398619;2,425470801294021
12,166666666666666;670,76052085083;408,18822774383;171,59745724410206;0,7617968735214569;0,6802060063015218;6618,28414820654;17553,361831617287;608,7252446452495;2,4087734770832236
12,25;671,0036508210076;410,58028018912626;172,81909203434546;0,7617968735214569;0,6802060063015218;6564,307327674998;17487,088996748822;609,9309142425111;2,392052445296245
12,333333333333334;671,2403830082103;412,9555921532963;174,03909003528315;0,7617968735214569;0,6802060063015218;6510,5842657970325;17419,83654760759;611,1400254946325;2,3753119641700495
12,416666666666666;671,4708857653027;415,3141483603974;175,25743111938377;0,7617968735214569;0,6802060063015218;6457,11977137285;17351,634821621163;612,3525020060058;2,3585562071010577
12,5;671,6953230150701;417,6559376227123;176,47409583586702;0,7617968735214569;0,6802060063015218;6403,918435122632;17282,51376812968;613,5682633097285;2,34178926231493
12,583333333333334;671,9138543667927;419,9809527553071;177,6890653909602;0,7617968735214569;0,6802060063015218;6350,984634808945;17212,50294719354;614,7872250543668;2,325015132594758
12,666666666666666;672,126635229752;422,2891904903758;178,90232162867994;0,7617968735214569;0,6802060063015218;6298,322540287141;17141,63152853456;616,0092991898933;2,3082377350686794
12,75;672,3338169237504;424,58065139143355;180,113847012128;0,7617968735214569;0,6802060063015218;6245,936118484404;17069,92829061207;617,2343941525228;2,291460901057733
12,833333333333334;672,5355467867236;426,855339767418;181,32362460528904;0,7617968735214569;0,6802060063015218;6193,829138307921;16997,42161983516;618,4624150481778;2,274688375984453
12,916666666666666;672,7319682795194;429,1132635867605;182,5316380553196;0,7617968735214569;0,6802060063015218;6142,005175482639;16924,139509912337;619,6932638343405;2,257923819342515
13,0;672,9232210879213;431,354434391488;183,73787157531666;0,7617968735214569;0,6802060063015218;6090,467617318971;16850,109561339457;620,9268395000508;2,24117080472745
13,083333333333334;673,1094412219862;433,57886721141625;184,94230992755476;0,7617968735214569;0,6802060063015218;6039,219667410834;16775,358981026773;622,1630382438336;2,2244328199282672
13,166666666666666;673,2907611127678;435,78658047849586;186,14493840718106;0,7617968735214569;0,6802060063015218;5988,2643502642495;16699,914582065798;623,4017536493438;2,2077132670796136
13,25;673,467309706496;437,9775959413697;187,3457428263571;0,7617968735214569;0,6802060063015218;5937,604515856798;16623,802783636143;624,6428768585403;2,1910154628738385
13,333333333333334;673,6392125562776;440,151938580202;188,54470949883725;0,7617968735214569;0,6802060063015218;5887,242844128158;16547,049611052997;625,8862967422042;2,1743426388322735
13,416666666666666;673,8065919113831;442,3096365218367;189,7418252249727;0,7617968735214569;0,6802060063015218;5837,18184940189;16469,68069595471;627,131900067639;2,157697941634708
13,5;673,9695668041851;444,4507209553427;190,93707727713144;0,7617968735214569;0,6802060063015218;5787,42388473866;16391,72127663069;628,3795716633949;2,1410844335060224
13,583333333333334;674,1282531348089;446,5752260480014;192,13045338552365;0,7617968735214569;0,6802060063015218;5737,97114622106;16313,196198488908;629,6291945808806;2,1245050926586915
13,666666666666666;674,2827637535545;448,6831888617912;193,32194172442289;0,7617968735214569;0,6802060063015218;5688,825677170187;16234,12991466254;630,8806502527292;2,1079628137898156
13,75;674,4332085411507;450,77464927042234;194,511530898773;0,7617968735214569;0,6802060063015218;5639,9893722940815;16154,546486754674;632,1338186478083;2,0914604086311352
13,833333333333334;674,5796944868976;452,8496498769728;195,69920993117162;0,7617968735214569;0,6802060063015218;5591,46398176821;16074,469585720208;633,3885784227625;2,0750006065504616
13,916666666666666;674,722325764752;454,9082359321756;196,88496824922044;0,7617968735214569;0,6802060063015218;5543,251115248118;15993,922492883476;634,6448070700019;2,0585860552027793
14,0;674,8612038074107;456,95045525340487;198,06879567323338;0,7617968735214569;0,6802060063015218;5495,352245814409;15912,928101090214;635,9023810620514;2,042219321229242
14,083333333333334;674,9964273784456;458,9763581444071;199,2506824042935;0,7617968735214569;0,6802060063015218;5447,768713850145;15831,508915991919;637,1611759921884;2,025902891002178
14,166666666666666;675,128092642539;460,98599731582124;200,43061901264974;0,7617968735214569;0,6802060063015218;5400,501730850962;15749,687057461153;638,4210667113125;2,0096391714141895
14,25;675,2562932338715;462,97942780653057;201,60859642644488;0,7617968735214569;0,6802060063015218;5353,552383167943;15667,484261135225;639,6819274609927;1,9934304907093274
14,333333333333334;675,3811203227106;464,9567069058849;202,7846059207663;0,7617968735214569;0,6802060063015218;5306,921635683522;15584,921880086204;640,9436320026523;1,977279099354326
14,416666666666666;675,5026626802463;466,91789407683274;203,95863910701112;0,7617968735214569;0,6802060063015218;5260,610335420641;15502,020886614939;642,2060537428592;1,9611871709478248
14,5;675,6210067417218;468,8630508799982;205,1306879225576;0,7617968735214569;0,6802060063015218;5214,619215085339;15418,801874166258;643,469065854699;1,945156803165474
14,583333333333334;675,736236667901;470,792240898737;206,30074462073486;0,7617968735214569;0,6802060063015218;5168,94889654309;15335,28505936282;644,7325413952144;1,929190018738829
14,666666666666666;675,8484344049208;472,7055296652029;207,46880176108306;0,7617968735214569;0,6802060063015218;5123,599894229101;15251,490284154506;645,9963534189069;1,913288766465879
14,75;675,9576797425666;474,60298458745405;208,63485219989653;0,7617968735214569;0,6802060063015218;5078,572618492947;15167,437018080624;647,2603750872983;1,8974549222511319
14,833333333333334;676,0640503710156;476,4846748776271;209,79888908104232;0,7617968735214569;0,6802060063015218;5033,867378877814;15083,144360641563;648,5244797745602;1,881690290173105
14,916666666666666;676,167621936086;478,35067148120424;210,96090582704687;0,7617968735214569;0,6802060063015218;4989,484387334712;14998,631043776779;649,7885411692308;1,8659966035771243
15,0;676,2684680930333;480,20104700739563;212,12089613044378;0,7617968735214569;0,6802060063015218;4945,423761372043;14913,915434445767;651,0524333720317;1,8503755261913606
15,083333333333334;676,36666055893;482,03587566065966;213,27885394537543;0,7617968735214569;0,6802060063015218;4901,685527140942;14829,01553730858;652,316030989819;1,834828653264029
15,166666666666666;676,4622691636674;483,85523317337936;214,43477347944213;0,7617968735214569;0,6802060063015218;4858,269622456758;14743,94899750237;653,5792092256964;1,819357512719721
15,25;676,5553618996157;485,65919673971223;215,58864918579178;0,7617968735214569;0,6802060063015218;4815,1758997572015;14658,733103510436;654,8418439653325;1,8039635663328741
15,333333333333334;676,646004969977;487,4478449506287;216,7404757554436;0,7617968735214569;0,6802060063015218;4772,404128997588;14573,384790120213;656,103811859519;1,7886482109164314
15,416666666666666;676,7342628358654;489,22125773015244;217,8902481098398;0,7617968735214569;0,6802060063015218;4729,954000483707;14487,920641466399;657,3649904030235;1,7734127795237689
15,5;676,8201982621491;490,97951627281446;219,03796139361873;0,7617968735214569;0,6802060063015218;4687,825127642823;14402,356894155604;658,6252580097812;1,7582585426620125
15,583333333333334;676,9038723620862;492,7227029823294;220,18361096760384;0,7617968735214569;0,6802060063015218;4646,017049733367;14316,709440468756;659,8844940844875;1,743186709514943
15,666666666666666;676,9853446407849;494,45090141150314;221,32719240200208;0,7617968735214569;0,6802060063015218;4604,52923449392;14230,993831637681;661,1425790906453;1,7281984291737258
15,75;677,0646730375212;496,1641962033769;222,46870146980658;0,7617968735214569;0,6802060063015218;4563,361080732044;14145,225281191735;662,399394615129;1,7132947918737291
15,833333333333334;677,1419139669424;497,8626730336127;223,6081341403974;0,7617968735214569;0,6802060063015218;4522,511920853607;14059,418668371129;663,6548234293324;1,6984768302358055
15,916666666666666;677,2171223591865;499,5464185541231;224,74548657333546;0,7617968735214569;0,6802060063015218;4481,981023333244;13973,58854160293;664,908749546965;1,6837455205104201
16,0;677,2903516989464;501,2155203379462;225,88075511234382;0,7617968735214569;0,6802060063015218;4441,7675951265865;13887,74912203607;666,1610582785678;1,6691017838230964
16,083333333333332;677,3616540635052;502,87006682536594;227,01393627947155;0,7617968735214569;0,6802060063015218;4401,870784025006;13801,91430713179;667,4116362828181;1,6545464874197173
16,166666666666668;677,4310801597712;504,5101472712762;228,14502676943476;0,7617968735214569;0,6802060063015218;4362,2896809534805;13716,097674305527;668,6603716146989;1,640080445910237
16,25;677,4986793603387;506,1358516937857;229,2740234441301;0,7617968735214569;0,6802060063015218;4323,023322212376;13630,312484616843;669,9071537706046;1,6257044225094783
16,333333333333332;677,5644997385988;507,7472708240594;230,4009233273159;0,7617968735214569;0,6802060063015218;4284,070691663824;13544,571686503718;671,1518737304623;1,6114191302737202
16,416666666666668;677,6285881029279;509,3444960573912;231,525723599456;0,7617968735214569;0,6802060063015218;4245,430722863484;13458,88791955754;672,3944239969416;1,5972252333318357
16,5;677,6909900299743;510,92761940550105;232,6484215927222;0,7617968735214569;0,6802060063015218;4207,102301138417;13373,273518335469;673,6346986318347;1,583123348109841
16,583333333333332;677,7517498970717;512,4967334500487;233,76901478615025;0,7617968735214569;0,6802060063015218;4169,08426561183;13287,740516206351;674,8725932896818;1,5691140445477072
16,666666666666668;677,810910913797;514,0519312973562;234,8875008009456;0,7617968735214569;0,6802060063015218;4131,375411175574;13202,300649227387;676,1080052487225;1,5551978473074664
16,75;677,8685151526996;515,5933065343278;236,00387739593438;0,7617968735214569;0,6802060063015218;4093,97449041102;13116,965360047405;677,3408334392511;1,5413752369715343
16,833333333333332;677,9246035792214;517,1209531855582;237,11814246315564;0,7617968735214569;0,6802060063015218;4056,880215459296;13031,745801834288;678,5709784694567;1,5276466512304245
16,916666666666668;677,9792160808294;518,6349656716171;238,23029402359057;0,7617968735214569;0,6802060063015218;4020,091259841581;12946,652842222755;679,7983426488223;1,5140124860589244
17,0;678,0323914953816;520,1354387684971;239,34033022302532;0,7617968735214569;0,6802060063015218;3983,606260230306;12861,697067279616;681,0228300091703;1,5004730968799447
17,083333333333332;678,084167638747;521,6224675682124;240,44824932804303;0,7617968735214569;0,6802060063015218;3947,423818172112;12776,88878548349;682,244346323422;1,4870287997153153
17,166666666666668;678,1345813316984;523,0961474405352;241,55404972214177;0,7617968735214569;0,6802060063015218;3911,5425017633643;12692,238031715842;683,4627991221573;1,473679872322797
17,25;678,1836684260974;524,5565739958539;242,65772990197465;0,7617968735214569;0,6802060063015218;3875,96084727908;12607,754571260659;684,6780977080493;1,460426555318701
17,333333333333332;678,2314638303909;526,0038430491394;243,75928847370852;0,7617968735214569;0,6802060063015218;3840,6773607560863;12523,447903809738;685,8901531682473;1,4472690532855006
17,416666666666668;678,2780015344359;527,4380505850033;244,85872414949816;0,7617968735214569;0,6802060063015218;3805,690519531288;12439,327267471106;687,0988783847878;1,4342075358639224
17,5;678,3233146336723;528,8592927238324;245,95603574407204;0,7617968735214569;0,6802060063015218;3770,9987737358147;12355,401642777615;688,3041880431072;1,4212421388289953
17,583333333333332;678,3674353526578;530,267665688982;247,0512221714271;0,7617968735214569;0,6802060063015218;3736,6005477459994;12271,679756693584;689,505998638728;1,408372965149656
17,666666666666668;678,4103950679852;531,6632657750134;248,14428244162897;0,7617968735214569;0,6802060063015218;3702,494241591896;12188,170086616528;690,7042284821925;1,395600086031471
17,75;678,4522243305956;533,0461893169556;249,23521565771466;0,7617968735214569;0,6802060063015218;3668,6782323242937;12104,880864372044;691,8987977023162;1,382923541942155
17,833333333333332;678,4929528875055;534,4165326605752;250,32402101269474;0,7617968735214569;0,6802060063015218;3635,1508753410003;12021,82008019926;693,0896282478286;1,3703433436195613
17,916666666666668;678,5326097029603;535,7743921336371;251,41069778665226;0,7617968735214569;0,6802060063015218;3601,910505673257;11938,995486724829;694,2766438874726;1,3578594730618778
18,0;678,5712229790333;537,1198640181369;252,4952453439353;0,7617968735214569;0,6802060063015218;3568,9554392330792;11856,41460292316;695,4597702086281;1,3454718844997888
18,083333333333332;678,6088201756816;538,4530445234874;253,57766313044064;0,7617968735214569;0,6802060063015218;3536,2839740224103;11774,084718061093;696,6389346145288;1,3331805053504238
18,166666666666668;678,6454280302735;539,7740297606404;254,65795067098583;0,7617968735214569;0,6802060063015218;3503,8943913048543;11692,012895624837;697,8140663201325;1,3209852371529214
18,25;678,681072576604;541,0829157171258;255,73610756676695;0,7617968735214569;0,6802060063015218;3471,784956740828;11610,205977227497;698,9850963467122;1,30888595648549
18,333333333333332;678,7157791634083;542,3797982329897;256,8121334928997;0,7617968735214569;0,6802060063015218;3439,9539214869546;11528,670586495298;700,1519575152274;1,2968825158638722
18,416666666666668;678,7495724723883;543,6647729776109;257,8860281960412;0,7617968735214569;0,6802060063015218;3408,399523260465;11447,413132930837;701,3145844385383;1,2849747446211406
18,5;678,7824765357656;544,9379354273798;258,95779149209034;0,7617968735214569;0,6802060063015218;3377,119987369434;11366,4398157518;702,4729135125167;1,2731624497688108
18,583333333333332;678,8145147533719;546,199380844219;260,02742326396395;0,7617968735214569;0,6802060063015218;3346,1135277096446;11285,75662770357;703,6268829061178;1,261445416839246
18,666666666666668;678,8457099092898;547,4492042549284;261,094923459447;0,7617968735214569;0,6802060063015218;3315,3783477288216;11205,369358844293;704,7764325504634;1,249823410709382
18,75;678,876084188056;548,6875004313342;262,16029208911436;0,7617968735214569;0,6802060063015218;3284,912641359034;11125,28360030098;705,9215041269899;1,2382961764058167
18,833333333333332;678,9056591904374;549,9143638712255;263,2235292243219;0,7617968735214569;0,6802060063015218;3254,7145939180436;11045,504747995472;707,062041054721;1,2268634398913232
18,916666666666668;678,9344559487934;551,1298887800584;264,2846349952652;0,7617968735214569;0,6802060063015218;3224,782382980297;10966,038006338871;708,1979884767067;1,2155249088328812
19,0;678,962494942032;552,3341690534097;265,3436095891035;0,7617968735214569;0,6802060063015218;3195,1141792183735;10886,888391893519;709,3292932456839;1,2042802733513374
19,083333333333332;678,9897961101748;553,5272982601625;266,4004532481469;0,7617968735214569;0,6802060063015218;3165,708147215557;10808,060737001164;710,4559039090054;1,1931292067528048
19,166666666666668;679,0163788685361;554,7093696264045;267,45516626810553;0,7617968735214569;0,6802060063015218;3136,5624462503065;10729,559693376616;711,577770692885;1,1820713662419646
19,25;679,0422621215309;555,8804760200219;268,5077489963978;0,7617968735214569;0,6802060063015218;3107,6752310532897;10651,389735665653;712,6948454859988;1,171106393617412
19,333333333333332;679,0674642761189;557,0407099359711;269,55820183051685;0,7617968735214569;0,6802060063015218;3079,0446525377265;10573,5551649666;713,807081822493;1,1602339159492379
19,416666666666668;679,0920032548943;558,1901634822101;270,6065252164527;0,7617968735214569;0,6802060063015218;3050,6688585036954;10496,060112314526;714,9144348644352;1,1494535462390179
19,5;679,1158965088316;559,3289283662725;271,6527196471695;0,7617968735214569;0,6802060063015218;3022,5459943171045;10418,908542127474;716,016861383751;1,13876488406242
19,583333333333332;679,139161029696;560,4570958824671;272,6967856611343;0,7617968735214569;0,6802060063015218;2994,6742035639772;10342,104255613975;717,114319743687;1,1281675161946412
19,666666666666668;679,1618133621271;561,574756899686;273,7387238408983;0,7617968735214569;0,6802060063015218;2967,0516286807215;10265,65089414119;718,2067698798348;1,1176610172188852
19,75;679,1838696154049;562,6820018498041;274,77853481172633;0,7617968735214569;0,6802060063015218;2939,6764115610267;10189,551942563248;719,2941732807542;1,1072449501181363
19,833333333333332;679,2053454749057;563,7789207166546;275,8162192402753;0,7617968735214569;0,6802060063015218;2912,546694140019;10113,81073250914;720,3764929682305;1,0969188668504446
19,916666666666668;679,2262562132566;564,8656030255626;276,85177783331847;0,7617968735214569;0,6802060063015218;2885,6606189562767;10038,430445629685;721,4536934771993;1,0866823089079838
20,0;679,2466167011975;565,9421378334227;277,88521133651534;0,7617968735214569;0,6802060063015218;2859,016329692352;9963,414116803302;722,5257408353696;1,076534807860136
20,083333333333332;679,2664414181553;567,0086137193036;278,91652053322485;0,7617968735214569;0,6802060063015218;2832,611971694368;9888,76463730014;723,5926025425792;1,0664758858808638
20,166666666666668;679,2857444625421;568,0651187755643;279,94570624336103;0,7617968735214569;0,6802060063015218;2806,4456924712913;9814,48475790424;724,6542475499107;1,0565050562606306
20,25;679,3045395617808;569,1117405994675;280,97276932228954;0,7617968735214569;0,6802060063015218;2780,515642174444;9740,577091993515;725,7106462385937;1,0466218239031522
20,333333333333332;679,3228400820669;570,1485662852747;281,99771065976415;0,7617968735214569;0,6802060063015218;2754,8199740578325;9667,044118577316;726,7617703987266;1,0368256858072367
20,416666666666668;679,3406590378755;571,1756824168086;283,0205311789014;0,7617968735214569;0,6802060063015218;2729,3568449198065;9593,888185291324;727,8075932078402;1,0271161315339996
20,5;679,3580091012146;572,1931750604684;284,0412318351928;0,7617968735214569;0,6802060063015218;2704,1244155266722;9521,111511349865;728,8480892093265;1,0174926436597516
20,583333333333332;679,3749026106382;573,2011297586832;285,0598136155527;0,7617968735214569;0,6802060063015218;2679,1208510186552;9448,716190455152;729,883234290762;1,0079546982147911
20,666666666666668;679,3913515800206;574,1996315237917;286,0762775374016;0,7617968735214569;0,6802060063015218;2654,344321298873;9376,704193663869;730,9130056621423;0,9985017651084521
20,75;679,4073677070996;575,1887648323324;287,0906246477828;0,7617968735214569;0,6802060063015218;2629,7930014057215;9305,07737221071;731,9373818340559;0,9891333085406366
20,833333333333332;679,4229623817965;576,1686136197325;288,1028560225121;0,7617968735214569;0,6802060063015218;2605,465071869182;9233,83746028892;732,956342595812;0,979848787400132
20,916666666666668;679,4381466943146;577,1392612753825;289,1129727653591;0,7617968735214569;0,6802060063015218;2581,358719051602;9162,9860777882;733,969868993546;0,9706476556500262
21,0;679,4529314430272;578,100790638083;290,1209760072588;0,7617968735214569;0,6802060063015218;2557,4721354733015;9092,52473298951;734,9779433083214;0,9615293627004465
21,083333333333332;679,4673271421564;579,053283991852;291,12686690555364;0,7617968735214569;0,6802060063015218;2533,803520123604;9022,454825217446;735,9805490342419;0,9524933537689783
21,166666666666668;679,4813440292504;579,996823062081;292,1306466432637;0,7617968735214569;0,6802060063015218;2510,3510787576083;8952,777647449859;736,9776708565978;0,943539070228974
21,25;679,4949920724642;580,9314890120271;293,13231642838457;0,7617968735214569;0,6802060063015218;2487,1130241792343;8883,49438888511;737,9692946300547;0,9346659499460841
21,333333333333332;679,508280977648;581,8573624396304;294,1318774932126;0,7617968735214569;0,6802060063015218;2464,0875765109286;8814,606137467114;738,9554073569068;0,9258734276032667
21,416666666666668;679,5212201952501;582,7745233746449;295,1293310936956;0,7617968735214569;0,6802060063015218;2441,2729634504417;8746,113882368272;739,9359971654043;0,917160935014548
21,5;679,5338189270369;583,6830512760728;296,12467850880915;0,7617968735214569;0,6802060063015218;2418,6674205151294;8678,018516430693;740,9110532881718;0,9085279014278286
21,583333333333332;679,5460861326376;584,5830250298898;297,11792103995685;0,7617968735214569;0,6802060063015218;2396,269191274104;8610,320838565733;741,8805660407269;0,8999737538169796
21,666666666666668;679,5580305359156;585,4745229470533;298,1090600103943;0,7617968735214569;0,6802060063015218;2374,0765275686954;8543,021556112342;742,8445268001165;0,891497917163521
21,75;679,5696606311717;586,3576227617814;299,0980967646754;0,7617968735214569;0,6802060063015218;2352,087689721557;8476,12128715438;743,8029279836769;0,8830998147281348
21,833333333333332;679,5809846891862;587,2324016300937;300,08503266812136;0,7617968735214569;0,6802060063015218;2330,300946734758;8409,62056279705;744,7557630279304;0,8747788683122647
21,916666666666668;679,5920107630999;588,0989361286038;301,0698691063101;0,7617968735214569;0,6802060063015218;2308,7145764773113;8343,519829403247;745,7030263676309;0,8665344985100942
22,0;679,6027466941408;588,9573022535549;302,0526074845864;0,7617968735214569;0,6802060063015218;2287,326865862403;8277,81945078964;746,6447134149629;0,8583661249511282
22,083333333333332;679,6132001172016;589,8075754200885;303,03324922759236;0,7617968735214569;0,6802060063015218;2266,1361110146486;8212,519710382967;747,5808205389085;0,8502731665336186
22,166666666666668;679,6233784662677;590,6498304617376;304,0117957788161;0,7617968735214569;0,6802060063015218;2245,1406174278277;8147,620813337276;748,5113450447852;0,8422550416491377
22,25;679,6332889797053;591,484141630136;304,9882486001596;0,7617968735214569;0,6802060063015218;2224,3387001132533;8083,1228886118815;749,4362851539652;0,8343111683984713
22,333333333333332;679,6429387054084;592,3105825949351;305,962609171524;0,7617968735214569;0,6802060063015218;2203,7286837392317;8019,025991010921;750,3556399837847;0,8264409647991215
22,416666666666668;679,6523345058105;593,1292264439197;306,9348789904123;0,7617968735214569;0,6802060063015218;2183,3089027618316;7955,33010318467;751,269409527644;0,8186438489846387
22,5;679,6614830627658;593,9401456833157;307,9050595715487;0,7617968735214569;0,6802060063015218;2163,0777015472686;7892,0351375930095;752,1775946353127;0,8109192393959985
22,583333333333332;679,6703908823004;594,7434122382809;308,87315244651364;0,7617968735214569;0,6802060063015218;2143,033434486253;7829,140938431625;753,0801969934379;0,8032665549652809
22,666666666666668;679,679064299239;595,5390974535728;309,83915916339464;0,7617968735214569;0,6802060063015218;2123,1744661004855;7766,647283521146;753,9772191062652;0,7956852152918429
22,75;679,6875094817104;596,327272094384;310,8030812864519;0,7617968735214569;0,6802060063015218;2103,499171141655;7704,553886159832;754,8686642765758;0,788174640811227
22,833333333333332;679,6957324355335;597,1080063473411;311,76492039579824;0,7617968735214569;0,6802060063015218;2084,0059346831595;7642,8603969401365;755,7545365868441;0,7807342529570014
22,916666666666668;679,7037390084886;597,8813698216568;312,72467808709297;0,7617968735214569;0,6802060063015218;2064,6931522048108;7581,566405529623;756,6348408806192;0,7733634743157526
23,0;679,711534894476;598,6474315504322;313,68235597124914;0,7617968735214569;0,6802060063015218;2045,5592296707948;7520,671442416697;757,5095827441348;0,7660617287754313
23,083333333333332;679,7191256375656;599,4062599920994;314,63795567415343;0,7617968735214569;0,6802060063015218;2026,6025836010954;7460,174980621563;758,3787684881497;0,758828441667249
23,166666666666668;679,726516635939;600,1579230320008;315,59147883639884;0,7617968735214569;0,6802060063015218;2007,8216411366554;7400,076437372941;759,242405130022;0,751663039901333
23,25;679,7337131457288;600,90226781057;316,54292711302895;0,7617968735214569;0,6802060063015218;1989,2148400984552;7340,375175750816;760,3253343681007;0,7443447785692969
23,333333333333332;679,7407202847559;601,6399153425859;317,4923021732937;0,7617968735214569;0,6802060063015218;1970,7861333789679;7281,088288534434;760,8374549480873;0,7376475320158775
23,416666666666668;679,7475430361706;602,370916120752;318,43960570041656;0,7617968735214569;0,6802060063015218;1952,5201235542481;7222,170291590991;761,3504834839736;0,7310007781660043
23,5;679,7541862519943;603,0953205153756;319,384839391372;0,7617968735214569;0,6802060063015218;1934,4156728854641;7163,621463618434;761,8643944802858;0,7244043946237014
23,583333333333332;679,7606546565718;603,8131787681435;320,3280049566732;0,7617968735214569;0,6802060063015218;1916,4716434154657;7105,442015087117;762,3791623068338;0,7178582527678716
23,666666666666668;679,7669528499299;604,5245409860595;321,26910412017;0,7617968735214569;0,6802060063015218;1898,686897210706;7047,632089698203;762,894761204115;0,7113622179159664
23,75;679,7730853110494;605,2294571355452;322,2081386188558;0,7617968735214569;0,6802060063015218;1881,0602965967605;6990,191765827707;763,4111652887594;0,7049161494857272
23,833333333333332;679,7790564010498;605,9279770367002;323,1451102026837;0,7617968735214569;0,6802060063015218;1863,5907043876045;6933,12105795636;763,9283485590153;0,6985199011550184
23,916666666666668;679,7848703662914;606,6201503577199;324,0800206343919;0,7617968735214569;0,6802060063015218;1846,2769841087406;6876,4199180849355;764,4462849002699;0,6921733210197256
24,0;679,7905313413944;607,3060266094697;325,01287168933646;0,7617968735214569;0,6802060063015218;1829,118000214288;6820,088237134979;764,964948090607;0,6858762517497187
24,083333333333332;679,7960433521796;607,9856551402125;325,94366515533324;0,7617968735214569;0,6802060063015218;1812,1126182981186;6764,125846334657;765,4843118063934;0,6796285307428608
24,166666666666668;679,8014103185315;608,6590851304896;326,8724028325066;0,7617968735214569;0,6802060063015218;1795,2597052991764;6708,532518589754;766,0043496278957;0,6734299902770694
24,25;679,8066360571855;609,32636558815;327,79908653314624;0,7617968735214569;0,6802060063015218;1778,5581297010453;6653,307969839463;766,5250350449235;0,6672804576604036
24,333333333333332;679,8117242844428;609,9875453435292;328,72371808157055;0,7617968735214569;0,6802060063015218;1762,0067617258883;6598,451860397066;767,0463414624946;0,6611797553791906
24,416666666666668;679,8166786188127;610,6426730447733;329,64629931399736;0,7617968735214569;0,6802060063015218;1745,6044735228402;6543,963796275124;767,5682422065232;0,6551277012441649
24,5;679,8215025835862;611,291797153308;330,56683207842065;0,7617968735214569;0,6802060063015218;1729,3501393509841;6489,843330495365;768,0907105295241;0,6491241085346388
24,583333333333332;679,8261996093415;611,9349659394487;331,48531823449383;0,7617968735214569;0,6802060063015218;1713,242635756953;6436,089964382876;768,6137196163338;0,6431687861406766
24,666666666666668;679,8307730363838;612,5722274781521;332,4017596534189;0,7617968735214569;0,6802060063015218;1697,2808417473202;6382,7031488447465;769,1372425898438;0,6372615387032909
24,75;679,8352261171207;613,2036296449047;333,31615821784135;0,7617968735214569;0,6802060063015218;1681,4636389557932;6329,68228563282;769,661252516744;0,6314021667526323
24,833333333333332;679,8395620183747;613,8292201117489;334,2285158217505;0,7617968735214569;0,6802060063015218;1665,789911805399;6277,026728590839;770,1857224132732;0,6255904668442092
24,916666666666668;679,8437838236365;614,449046343442;335,13883437038487;0,7617968735214569;0,6802060063015218;1650,2585476656463;6224,735784885451;770,7106252509752;0,6198262316930868
25,0;679,8478945352565;615,0631555937481;336,047115780143;0,7617968735214569;0,6802060063015218;1634,8684370048632;6172,808716221484;771,235933962456;0,6141092503061176
25,083333333333332;679,8518970765805;615,6715949018602;336,9533619784984;0,7617968735214569;0,6802060063015218;1619,61847353771;6121,244740041103;771,7616214471403;0,6084393081121637
25,166666666666668;679,8557942940289;616,2744110889505;337,8575749039195;0,7617968735214569;0,6802060063015218;1604,507554368007;6070,04303070693;772,2876605770258;0,6028161870903292
25,25;679,8595889591204;616,8716507548467;338,7597565057937;0,7617968735214569;0,6802060063015218;1589,53458012696;6019,202720669141;772,8140242024309;0,5972396658962092
25,333333333333332;679,8632837704438;617,4633602748328;339,6599087443555;0,7617968735214569;0,6802060063015218;1574,6984551068435;5968,722901616397;773,3406851577336;0,5917095199861452
25,416666666666668;679,8668813555757;618,0495857965723;340,5580335906186;0,7617968735214569;0,6802060063015218;1559,998087390275;5918,602625610734;773,8676162670998;0,586225521739506
25,5;679,870384272951;618,6303732371513;341,45413302631175;0,7617968735214569;0,6802060063015218;1545,4323889750867;5868,84090620617;774,3947903501983;0,5807874405789754
25,583333333333332;679,8737950136804;619,2057682802401;342,3482090438179;0,7617968735214569;0,6802060063015218;1531,0002758949936;5819,436719551379;774,9221802278986;0,5753950430888851
25,666666666666668;679,8771160033232;619,7758163733716;343,240263646117;0,7617968735214569;0,6802060063015218;1516,7006683360057;5770,389005476017;775,4497587279508;0,5700480931315608
25,75;679,8803496036122;620,3405627253334;344,13029884673153;0,7617968735214569;0,6802060063015218;1502,5324907487884;5721,696668561093;775,9774986906442;0,5647463519617217
25,833333333333332;679,8834981141327;620,9000523036723;345,01831666967564;0,7617968735214569;0,6802060063015218;1488,4946719569712;5673,35857919315;776,505372974442;0,559489578338917
25,916666666666668;679,8865637739583;621,4543298323103;345,9043191494064;0,7617968735214569;0,6802060063015218;1474,5861452615118;5625,3735746023685;777,03335446159;0,5542775286380163
26,0;679,8895487632428;622,0034397892681;346,7883083307782;0,7617968735214569;0,6802060063015218;1460,8058485411989;5577,740459884612;777,5614160636968;0,5491099569577611
26,083333333333332;679,8924552047711;622,5474264044955;347,6702862689996;0,7617968735214569;0,6802060063015218;1447,1527243493683;5530,45800900753;778,0895307272833;0,5439866152273907
26,166666666666668;679,8952851654685;623,0863336578068;348,5502550295922;0,7617968735214569;0,6802060063015218;1433,6257200068899;5483,5249658005505;778,6176714392989;0,5389072533113376
26,25;679,8980406578708;623,6202052769188;349,4282166883524;0,7617968735214569;0,6802060063015218;1420,2237876915433;5436,940044929129;779,145811232602;0,5338716191120253
26,333333333333332;679,9007236415554;624,1490847355896;350,3041733313143;0,7617968735214569;0,6802060063015218;1406,945884523799;5390,701932852961;779,6739231914032;0,5288794586707518
26,416666666666668;679,9033360245348;624,6730152518562;351,1781270547156;0,7617968735214569;0,6802060063015218;1393,7909726491455;5344,809288768548;780,2019804566683;0,5239305162666985
26,5;679,9058796646137;625,1920397863703;352,0500799649645;0,7617968735214569;0,6802060063015218;1380,7580193169656;5299,260745535882;780,7299562314788;0,5190245345140472
26,583333333333332;679,9083563707101;625,7062010408275;352,9200341786086;0,7617968735214569;0,6802060063015218;1367,8459969560863;5254,054910589551;781,257823786349;0,5141612544572401
26,666666666666668;679,9107679041414;626,2155414564919;353,7879918223055;0,7617968735214569;0,6802060063015218;1355,0538832470636;5209,190366834301;781,7855564644958;0,5093404156643908
26,75;679,9131159798776;626,7201032128107;354,6539550327948;0,7617968735214569;0,6802060063015218;1342,3806611912369;5164,665673524964;782,3131276870607;0,5045617563188423
26,833333333333332;679,9154022677602;627,2199282261197;355,51792595687107;0,7617968735214569;0,6802060063015218;1329,8253191766719;5120,479367131099;782,8405109582814;0,4998250133089122
26,916666666666668;679,9176283936906;627,7150581484356;356,3799067513587;0,7617968735214569;0,6802060063015218;1317,386851041013;5076,629962186195;783,3676798706101;0,4951299223158134
27,0;679,9197959407852;628,2055343663353;357,2398995830875;0,7617968735214569;0,6802060063015218;1305,0642561313766;5033,115952121824;783,8946081097794;0,4904762178997933
27,083333333333332;679,9219064505022;628,6913979999198;358,09790662886934;0,7617968735214569;0,6802060063015218;1292,8565393612473;4989,935810086418;784,4212694598095;0,48586363358446705
27,166666666666668;679,9239614237376;629,1726899018591;358,95393007547585;0,7617968735214569;0,6802060063015218;1280,7627112645605;4947,087989749253;784,9476378079601;0,4812919019394023
27,25;679,9259623218923;629,6494506565201;359,80797211961703;0,7617968735214569;0,6802060063015218;1268,7817880469624;4904,570926089435;785,4736871496203;0,4767607546609451
27,333333333333332;679,9279105679112;630,1217205791714;360,66003496792035;0,7617968735214569;0,6802060063015218;1256,9127916343036;4862,383036170017;785,9993915931393;0,47226992265129947
27,416666666666668;679,9298075472963;630,5895397152674;361,51012083691097;0,7617968735214569;0,6802060063015218;1245,1547497184947;4820,522719897576;786,5247253645913;0,4678191360959023
27,5;679,9316546090902;631,0529478398065;362,3582319529921;0,7617968735214569;0,6802060063015218;1233,506695800722;4778,988360767161;787,0496628124786;0,46340812453908536
27,583333333333332;679,9334530668372;631,5119844567646;363,20437055242627;0,7617968735214569;0,6802060063015218;1221,9676692320918;4737,778326592746;787,5741784123662;0,4590366169580461
27,666666666666668;679,9352041995162;631,9666887985998;364,04853888131663;0,7617968735214569;0,6802060063015218;1210,5367152518143;4696,890970223483;788,0982467714504;0,4547043418351577
27,75;679,936909252451;632,4170998258284;364,8907391955892;0,7617968735214569;0,6802060063015218;1199,2128850229108;4656,3246302457;788,6218426330564;0,45041102722861887
27,833333333333332;679,9385694381955;632,8632562266698;365,73097376097485;0,7617968735214569;0,6802060063015218;1187,995235665565;4616,077631670862;789,1449408810673;0,4461564008414708
27,916666666666668;679,9401859373962;633,3051964167588;366,56924485299186;0,7617968735214569;0,6802060063015218;1176,8828302881416;4576,148286609649;789,6675165442797;0,4419401900889982
28,0;679,9417598996317;633,7429585389233;367,40555475692855;0,7617968735214569;0,6802060063015218;1165,8747380159355;4536,534894932223;790,1895448006865;0,4377621221645281
28,083333333333332;679,9432924442306;634,176580463027;368,2399057678261;0,7617968735214569;0,6802060063015218;1154,970034017711;4497,235744914865;790,7110009816859;0,4336219241036485
28,166666666666668;679,9447846610667;634,6060997858739;369,07230019046125;0,7617968735214569;0,6802060063015218;1144,1677995300893;4458,249113873136;791,2318605762142;0,4295193228468664
28,25;679,9462376113349;635,0315538311746;369,9027403393292;0,7617968735214569;0,6802060063015218;1133,4671218798208;4419,573268781688;791,752099234802;0,42545404530071995
28,333333333333332;679,9476523283056;635,452979649572;370,7312285386264;0,7617968735214569;0,6802060063015218;1122,867094504008;4381,206466880811;792,2716927735526;0,42142581839736337
28,416666666666668;679,9490298180593;635,8704140187245;371,55776712223314;0,7617968735214569;0,6802060063015218;1112,3668169683413;4343,146956270039;792,7906171780419;0,4174343691526526
28,5;679,9503710602024;636,2838934434473;372,3823584336962;0,7617968735214569;0,6802060063015218;1101,9653949833696;4305,392976488725;793,3088486071392;0,4134794247227355
28,583333333333332;679,9516770085636;636,6934541559065;373,205004826211;0,7617968735214569;0,6802060063015218;1091,6619404188793;4267,942759083918;793,8263633967455;0,4095607124591785
28,666666666666668;679,9529485918722;637,0991321158691;374,0257086626038;0,7617968735214569;0,6802060063015218;1081,4555713164282;4230,794528165665;794,3431380634527;0,4056779599626468
28,75;679,9541867144189;637,5009630110043;374,84447231531345;0,7617968735214569;0,6802060063015218;1071,3454119000771;4193,946500949804;794,8591493081188;0,4018308951351521
28,833333333333332;679,9553922566988;637,8989822572352;375,66129816637294;0,7617968735214569;0,6802060063015218;1061,3305925853665;4157,396888288506;795,3743740193618;0,3980192462308927
28,916666666666668;679,9565660760368;638,2932249991409;376,4761886073905;0,7617968735214569;0,6802060063015218;1051,4102499865912;4121,143895188648;795,8887892769678;0,39424274190570396
29,0;679,9577090071986;638,683726110406;377,2891460395301;0,7617968735214569;0,6802060063015218;1041,5835269223976;4085,1857213181484;796,4023723552183;0,39050111126513015
29,083333333333332;679,9588218629832;639,0705201943172;378,10017287349217;0,7617968735214569;0,6802060063015218;1031,8495724198128;4049,52056150067;796,9151007261289;0,38679408391116726
29,166666666666668;679,9599054348018;639,4536415843048;378,90927152949297;0,7617968735214569;0,6802060063015218;1022,2075417166508;4014,1466061984;797,4269520626058;0,3831213899876498
29,25;679,96096049324;639,8331243445292;379,71644443724426;0,7617968735214569;0,6802060063015218;1012,6565962624255;3979,062041983515;797,937904241515;0,3794827602243443
29,333333333333332;679,961987788606;640,2090022705089;380,5216940359319;0,7617968735214569;0,6802060063015218;1003,19590371777;3944,2650519981544;798,4479353466661;0,37587792597974123
29,416666666666668;679,9629880514643;640,5813088897914;381,3250227741942;0,7617968735214569;0,6802060063015218;993,8246379524287;3909,753816403361;798,9570236717091;0,3723066192825872
29,5;679,963961993155;640,9500774626636;382,12643311009975;0,7617968735214569;0,6802060063015218;984,541979041822;3875,526512816771;799,4651477229456;0,3687685728721482
29,583333333333332;679,9649103062999;641,3153409829008;382,92592751112414;0,7617968735214569;0,6802060063015218;975,3471132622849;3841,5813167396527;799,9722862220519;0,3652635202372596
29,666666666666668;679,9658336652951;641,677132178555;383,7235084541268;0,7617968735214569;0,6802060063015218;966,239233084977;3807,9164019731024;800,4784181087149;0,36179119565415474
29,75;679,9667327267902;642,0354835127781;384,5191784253265;0,7617968735214569;0,6802060063015218;957,2175371685034;3774,5299410237058;800,9835225431824;0,35835133422309995
29,833333333333332;679,9676081301558;642,3904271846819;385,3129399202769;0,7617968735214569;0,6802060063015218;948,281230350301;3741,4201054987784;801,4875789087238;0,35494367190385806
29,916666666666668;679,9684604979377;642,7419951302319;386,1047954438406;0,7617968735214569;0,6802060063015218;939,4295236368464;3708,585066491532;801,9905668140051;0,3515679455500107
30,0;679,9692904363003;643,090219023174;386,89474751016326;0,7617968735214569;0,6802060063015218;930,6616341926457;3676,0229949558466;802,4924660953761;0,34822389294212047
30,083333333333332;679,9700985354568;643,4351302759937;387,6827986426465;0,7617968735214569;0,6802060063015218;921,9767853281581;3643,7320620715022;802,9932568190699;0,3449112528198123
30,166666666666668;679,9708853700895;643,7767600409064;388,4689513739202;0,7617968735214569;0,6802060063015218;913,3742064865771;3611,7104395993247;803,4929192833151;0,3416297649127318
30,25;679,9716514997584;644,1151392108769;389,25320824581433;0,7617968735214569;0,6802060063015218;904,8531332295767;3579,956300226927;803,991434020362;0,3383791699704454
30,333333333333332;679,9723974692993;644,4502984206682;390,0355718093295;0,7617968735214569;0,6802060063015218;896,4128072220376;3548,4678179049374;804,4887817984211;0,3351592097912793
30,416666666666668;679,9731238092106;644,7822680479184;390,8160446246072;0,7617968735214569;0,6802060063015218;888,0524762157762;3517,243168173974;804,9849436235141;0,3319696272501246
30,5;679,9738310360315;645,1110782142435;391,59462926089907;0,7617968735214569;0,6802060063015218;879,7713940323064;3486,2805284823844;805,4799007412414;0,32881016632521565
30,583333333333332;679,9745196527085;645,4367587863675;392,3713282965355;0,7617968735214569;0,6802060063015218;871,568820544698;3455,5780784951344;805,9736346384605;0,32568057212392076
30,666666666666668;679,9751901489537;645,7593393772751;393,1461443188933;0,7617968735214569;0,6802060063015218;863,4440216585261;3425,1340003937885;806,4661270448803;0,32258059090754604
30,75;679,9758430015926;646,0788493473902;393,91907992436245;0,7617968735214569;0,6802060063015218;855,3962692919669;3394,946479167856;806,9573599345705;0,3195099701151808
30,833333333333332;679,9764786749035;646,3953178057768;394,69013771831266;0,7617968735214569;0,6802060063015218;847,4248413550583;3365,013702897589;807,4473155273852;0,31646845838659765
30,916666666666668;679,9770976209477;646,708773611361;395,45932031505816;0,7617968735214569;0,6802060063015218;839,5290217281683;3335,333863028463;807,935976290303;0,3134558055842336
31,0;679,9777002798905;647,0192453741753;396,22663033782266;0,7617968735214569;0,6802060063015218;831,7081002396662;3305,9051546373457;808,423324938683;0,31047176281425465
31,083333333333332;679,9782870803149;647,3267614566221;396,9920704187027;0,7617968735214569;0,6802060063015218;823,9613726428814;3276,7257766906914;808,9093444374378;0,3075160824467435
31,166666666666668;679,9788584395258;647,6313499747571;397,7556431986308;0,7617968735214569;0,6802060063015218;816,2881405923201;3247,793932294729;809,3940180021239;0,30458851813500754
31,25;679,9794147638471;647,9330387995911;398,5173513273372;0,7617968735214569;0,6802060063015218;808,687711619217;3219,107828937983;809,8773290999491;0,30168882483404563
31,333333333333332;679,9799564489108;648,2318555584093;399,2771974633113;0,7617968735214569;0,6802060063015218;801,159399106399;3190,6656787260313;810,3592614507014;0,2988167588181669
31,416666666666668;679,9804838799381;648,5278276361071;400,03518427376196;0,7617968735214569;0,6802060063015218;793,702522262538;3162,4656986088908;810,8397990275937;0,2959720776978041
31,5;679,980997432013;648,8209821765425;400,7913144345771;0,7617968735214569;0,6802060063015218;786,3164060957757;3134,506110600977;811,3189260580315;0,2931545404355185
31,583333333333332;679,98149747035;649,1113460839038;401,5455906302824;0,7617968735214569;0,6802060063015218;779,0003813867628;3106,7851419938793;811,7966270242997;0,29036390736122386
31,666666666666668;679,9819843505528;649,3989460240904;402,2980155539993;0,7617968735214569;0,6802060063015218;771,7537846611549;3079,3010255621216;812,2728866641726;0,28759994018664925
31,75;679,9824584188679;649,6838084261094;403,04859190740206;0,7617968735214569;0,6802060063015218;764,5759581615607;3052,05199976196;812,7476899714444;0,28486240201904883
31,833333333333332;679,9829200124306;649,9659594834836;403,7973224006741;0,7617968735214569;0,6802060063015218;757,466249818961;3025,0363089233647;813,2210221963858;0,28215105737417556
31,916666666666668;679,9833694595045;650,2454251556721;404,5442097524634;0,7617968735214569;0,6802060063015218;750,4240132236731;2998,2522034354197;813,6928688461215;0,2794656721885476
32,0;679,9838070797155;650,5222311695031;405,2892566898372;0,7617968735214569;0,6802060063015218;743,4486075958091;2971,6979399251495;814,163215684936;0,27680601383100606
32,083333333333336;679,9842331842785;650,7964030206167;406,0324659482359;0,7617968735214569;0,6802060063015218;736,5393977553083;2945,3717814299557;814,6320487345031;0,2741718511135912
32,166666666666664;679,9846480762193;651,0679659749185;406,773840271426;0,7617968735214569;0,6802060063015218;729,6957540915457;2919,2719975638843;815,0993542740438;0,2715629543017566
32,25;679,9850520505896;651,3369450700424;407,5133824114527;0,7617968735214569;0,6802060063015218;722,9170525325202;2893,396864677643;815,5651188404113;0,26897909512391904
32,333333333333336;679,9854453946771;651,6033651168227;408,2510951285909;0,7617968735214569;0,6802060063015218;716,2026745136814;2867,7446660127453;816,0293292281054;0,2664200467803839
32,416666666666664;679,9858283882096;651,8672507007743;408,98698119129637;0,7617968735214569;0,6802060063015218;709,5520069463589;2842,313691849671;816,4919724892166;0,26388558395163614
32,5;679,9862013035543;652,1286261835803;409,7210433761553;0,7617968735214569;0,6802060063015218;702,9644421858819;2817,102239650393;816,9530359333007;0,26137548280603545
32,583333333333336;679,9865644059112;652,3875157045873;410,4532844678338;0,7617968735214569;0,6802060063015218;696,4393779993486;2792,108614195213;817,4125071271872;0,2588895210069132
32,666666666666664;679,9869179535017;652,6439431823063;411,18370725902594;0,7617968735214569;0,6802060063015218;689,9762175330977;2767,3311277141256;817,8703738947179;0,25642747771909347
32,75;679,9872621977522;652,8979323159211;411,91231455040173;0,7617968735214569;0,6802060063015218;683,5743692798843;2742,7681000127795;818,326624316422;0,2539891336148494
32,833333333333336;679,9875973834733;653,1495065868005;412,63910915055385;0,7617968735214569;0,6802060063015218;677,2332470457769;2718,417858593195;818,7812467291257;0,25157427087931167
32,916666666666664;679,9879237490331;653,3986892600159;413,3640938759438;0,7617968735214569;0,6802060063015218;670,952269916819;2694,278738769357;819,2342297254972;0,24918267321534435
33,0;679,988241526528;653,6455033858638;414,0872715508475;0,7617968735214569;0,6802060063015218;664,7308622254315;2670,349083777764;819,6855621535308;0,24681412584789744
33,083333333333336;679,9885509419462;653,8899718013917;414,8086450072998;0,7617968735214569;0,6802060063015218;658,5684535166052;2646,6272448830723;820,1352331159678;0,24446841552785362
33,166666666666664;679,9888522153294;654,132117131927;415,52821708503865;0,7617968735214569;0,6802060063015218;652,4644785138634;2623,111581478878;820,5832319696585;0,2421453305353742
33,25;679,9891455609294;654,3719617926098;416,2459906314484;0,7617968735214569;0,6802060063015218;646,418377085061;2599,8004611838974;821,0295483248644;0,2398446606827739
33,333333333333336;679,9894311873597;654,6095279899267;416,96196850150244;0,7617968735214569;0,6802060063015218;640,4295942079898;2576,6922599335394;821,4741720445023;0,2375661973169234
33,416666666666664;679,9897092977446;654,8448377232479;417,67615355770505;0,7617968735214569;0,6802060063015218;634,4975799358252;2553,785362066972;821,9170932433312;0,23530973332119606
33,5;679,9899800898631;655,0779127863649;418,3885486700328;0,7617968735214569;0,6802060063015218;628,6217893624183;2531,0781604098374;822,3583022870848;0,2330750631169716
33,583333333333336;679,9902437562899;655,3087747690296;419,0991567158751;0,7617968735214569;0,6802060063015218;622,8016825874562;2508,5690563526837;822,7977897915484;0,23086198266470934
33,666666666666664;679,9905004845323;655,5374450584942;419,8079805799743;0,7617968735214569;0,6802060063015218;617,036724681509;2486,2564599252937;823,2355466215822;0,2286702894646085
33,75;679,9907504571632;655,763944841051;420,515023154365;0,7617968735214569;0,6802060063015218;611,3263856509519;2464,138789866868;823,6715638900938;0,2264997825568542
33,833333333333336;679,9909938519519;655,9882951035726;421,22028733831263;0,7617968735214569;0,6802060063015218;605,6701404028047;2442,214473692311;824,1058329569585;0,22435026252147575
33,916666666666664;679,991230841989;656,2105166350503;421,9237760382518;0,7617968735214569;0,6802060063015218;600,0674687094829;2420,4819477546353;824,5383454278901;0,22222153147782017
34,0;679,9914615958108;656,430630028134;422,6254921677236;0,7617968735214569;0,6802060063015218;594,5178551734671;2398,939657303541;824,9690931532638;0,22011339308364963
34,083333333333336;679,9916862775189;656,648655680668;423,3254386473128;0,7617968735214569;0,6802060063015218;589,0207891919204;2377,5860565403677;825,3980682268909;0,2180256525338823
34,166666666666664;679,991905046896;656,864613797227;424,0236184045839;0,7617968735214569;0,6802060063015218;583,5757649212724;2356,419608669534;825,8252629847476;0,21595811655899091
34,25;679,992118059521;657,07852439065;424,720034374017;0,7617968735214569;0,6802060063015218;578,1822812417261;2335,4387859463063;826,2506700036589;0,21391059342304555
34,333333333333336;679,9923254668782;657,2904072835715;425,41468949694325;0,7617968735214569;0,6802060063015218;572,8398417217733;2314,642069721348;826,6742820999386;0,21188289292144508
34,416666666666664;679,9925274164665;657,5002821099498;426,10758672147927;0,7617968735214569;0,6802060063015218;567,5479545826676;2294,0279504818072;827,0960923279872;0,20987482637831809
34,5;679,9927240519025;657,7081683165934;426,79872900246147;0,7617968735214569;0,6802060063015218;562,306132662917;2273,5949278893395;827,5160939788468;0,20788620664362983
34,583333333333336;679,9929155130245;657,9140851646833;427,48811930137964;0,7617968735214569;0,6802060063015218;557,1138933827285;2253,3415108147365;827,9342805787185;0,20591684808996946
34,666666666666664;679,9931019359904;658,1180517312924;428,17576058631016;0,7617968735214569;0,6802060063015218;551,9707587085293;2233,266217369809;828,3506458874378;0,20396656660907703
34,75;679,9932834533757;658,3200869109005;428,8616558318486;0,7617968735214569;0,6802060063015218;546,8762551174478;2213,367574936002;828,7651838969146;0,20203517960806675
34,833333333333336;679,9934601942672;658,5202094169059;429,54580801904194;0,7617968735214569;0,6802060063015218;541,829913561881;2193,644120190373;829,1778888295339;0,20012250600540415
34,916666666666664;679,9936322843544;658,7184377831325;430,22822013532016;0,7617968735214569;0,6802060063015218;536,8312694340318;2174,0943991284794;829,5887551365242;0,19822836622659865
35,0;679,9937998460199;658,9147903653321;430,9088951744277;0,7617968735214569;0,6802060063015218;531,8798625305476;2154,7169670847234;829,9977774962886;0,19635258219966378
35,083333333333336;679,9939629984258;659,1092853426825;431,5878361363542;0,7617968735214569;0,6802060063015218;526,9752370171943;2135,510388750004;830,4049508127046;0,19449497735033255
35,166666666666664;679,9941218575984;659,3019407192795;432,2650460272649;0,7617968735214569;0,6802060063015218;522,1169413935826;2116,4732381866925;830,8102702133907;0,192655376597032
35,25;679,9942765365108;659,4927743256252;432,9405278594304;0,7617968735214569;0,6802060063015218;517,3045284579729;2097,6040988411673;831,2137310479427;0,19083360634563934
35,333333333333336;679,9944271451636;659,6818038201092;433,6142846511567;0,7617968735214569;0,6802060063015218;512,5375552721408;2078,901563553842;831,61532888614;0,18902949448401637
35,416666666666664;679,9945737906627;659,8690466904856;434,286319426714;0,7617968735214569;0,6802060063015218;507,8155831263615;2060,3642345669136;832,0150595161233;0,18724287037634452
35,5;679,9947165772952;660,0545202553428;434,95663521626557;0,7617968735214569;0,6802060063015218;503,1381775044281;2041,9907235296719;832,412918942545;0,1854735648572459
35,583333333333336;679,9948556066046;660,2382416655686;435,62523505579634;0,7617968735214569;0,6802060063015218;498,5049080488096;2023,7796515016441;832,8089033846921;0,1837214102257205
35,666666666666664;679,9949909774618;660,4202279058075;436,29212198704096;0,7617968735214569;0,6802060063015218;493,91534852589984;2005,7296489536286;833,2030092745854;0,18198624023890125
35,75;679,9951227861363;660,600495795913;436,95729905741143;0,7617968735214569;0,6802060063015218;489,3690767913597;1987,839355766454;833,5952332550523;0,18026789010561897
35,833333333333336;679,9952511263645;660,7790619923928;437,6207693199247;0,7617968735214569;0,6802060063015218;484,8656747555822;1970,107421227813;833,9855721777795;0,17856619647980557
35,916666666666664;679,9953760894156;660,9559429898466;438,28253583312966;0,7617968735214569;0,6802060063015218;480,4047283492906;1952,5325040271525;834,3740231013401;0,17688099745373792
36,0;679,9954977641577;661,1311551223977;438,942601661034;0,7617968735214569;0,6802060063015218;475,98582748922524;1935,1132722484558;834,7605832892017;0,17521213255110926
36,083333333333336;679,9956162371201;661,3047145651176;439,6009698730308;0,7617968735214569;0,6802060063015218;471,6085660440001;1917,8484033613788;835,145250207714;0,17355944271996931
36,166666666666664;679,9957315925552;661,4766373354431;440,25764354382466;0,7617968735214569;0,6802060063015218;467,2725418000624;1900,7365842104348;835,5280215240773;0,17192277032550848
36,25;679,9958439124986;661,6469392945859;440,91262575335776;0,7617968735214569;0,6802060063015218;462,97735642780253;1883,7765110024643;835,9088951042934;0,1703019591427082
36,333333333333336;679,9959532768269;661,8156361489348;441,5659195867356;0,7617968735214569;0,6802060063015218;458,72261544781736;1866,9668892924858;836,2878690110983;0,1686968543488676
36,416666666666664;679,9960597633147;661,9827434514508;442,21752813415264;0,7617968735214569;0,6802060063015218;454,5079281973017;1850,3064339677912;836,6649415018802;0,16710730251599512
36,5;679,9961634476905;662,1482766030539;442,86745449081724;0,7617968735214569;0,6802060063015218;450,33290779659865;1833,7938692305274;837,0401110265817;0,16553315160308785
36,583333333333336;679,9962644036896;662,3122508540022;443,515701756877;0,7617968735214569;0,6802060063015218;446,1971711159151;1817,4279285787463;837,4133762255885;0,1639742509482991
36,666666666666664;679,9963627031073;662,4746813052632;444,16227303734354;0,7617968735214569;0,6802060063015218;442,1003387421848;1801,207354785959;837,7847359276044;0,16243045126099728
36,75;679,9964584158494;662,6355829098769;444,8071714420172;0,7617968735214569;0,6802060063015218;438,0420349461019;1785,130899879277;838,154189147514;0,16090160461372555
36,833333333333336;679,9965516099824;662,794970474311;445,45040008541145;0,7617968735214569;0,6802060063015218;434,0218876493111;1769,1973251161073;838,5217350842349;0,15938756443405983
36,916666666666664;679,9966423517816;662,9528586598074;446,09196208667726;0,7617968735214569;0,6802060063015218;430,0395283917851;1753,4054009596423;838,8873731185583;0,157888185496388
37,0;679,9967307057784;663,1092619837209;446,73186056952727;0,7617968735214569;0,6802060063015218;426,09459229935567;1737,753907052908;839,2511028109818;0,15640332391359005
37,083333333333336;679,996816734806;663,2641948208495;447,3700986621598;0,7617968735214569;0,6802060063015218;422,186718051438;1722,2416321917306;839,6129238995313;0,15493283712865172
37,166666666666664;679,9969005000441;663,4176714047558;448,00667949718286;0,7617968735214569;0,6802060063015218;418,31554784891125;1706,8673742963242;839,9728362975776;0,15347658390618765
37,25;679,9969820610629;663,5697058290797;448,6416062115377;0,7617968735214569;0,6802060063015218;414,4807273822096;1691,629940381908;840,3308400916444;0,15203442432390912
37,333333333333336;679,9970614758645;663,7203120488437;449,2748819464226;0,7617968735214569;0,6802060063015218;410,6819057995807;1676,52814652812;840,68693553921;0,1506062197640185
37,416666666666664;679,9971388009251;663,8695038817482;449,9065098472166;0,7617968735214569;0,6802060063015218;406,9187356755208;1661,5608178473221;841,0411230665057;0,14919183290453783
37,5;679,9972140912347;664,0172950094587;450,53649306340276;0,7617968735214569;0,6802060063015218;403,19087297942247;1646,7267884519813;841,3934032663077;0,14779112771059055
37,583333333333336;679,9972874003363;664,1636989788843;451,16483474849156;0,7617968735214569;0,6802060063015218;399,497977044399;1632,024901420999;841,743776895726;0,1464039694256245
37,666666666666664;679,9973587803638;664,3087292034469;451,79153805994446;0,7617968735214569;0,6802060063015218;395,8397105362991;1617,4540087650776;842,0922448739908;0,14503022456258513
37,75;679,9974282820792;664,4523989643419;452,41660615909694;0,7617968735214569;0,6802060063015218;392,2157394229231;1603,0129713912042;842,4388082802361;0,14366976089504693
37,833333333333336;679,9974959549093;664,5947214117903;453,04004221108204;0,7617968735214569;0,6802060063015218;388,6257329434329;1588,700659066264;842,7834683512823;0,14232244744830466
37,916666666666664;679,9975618469794;664,7357095662807;453,6618493847532;0,7617968735214569;0,6802060063015218;385,06936357797485;1574,5159503798325;843,1262264794178;0,14098815449042948
38,0;679,9976260051491;664,875376319804;454,28203085260793;0,7617968735214569;0,6802060063015218;381,54630701746726;1560,45773270607;843,4670842101806;0,13966675352328353
38,083333333333336;679,9976884750446;665,0137344370775;454,9005897907105;0,7617968735214569;0,6802060063015218;378,05624213362705;1546,5249021649593;843,8060432401414;0,13835811727351532
38,166666666666664;679,9977493010916;665,150796556761;455,51752937861556;0,7617968735214569;0,6802060063015218;374,5988509491781;1532,7163635827455;844,1431054146863;0,1370621196835236
38,25;679,9978085265468;665,2865751926633;456,1328527992911;0,7617968735214569;0,6802060063015218;371,17381860826697;1519,0310304516731;844,478272725804;0,13577863590239878
38,333333333333336;679,9978661935286;665,4210827349402;456,74656323904156;0,7617968735214569;0,6802060063015218;367,7808333470864;1505,467824889069;844,8115473098734;0,13450754227684664
38,416666666666664;679,997922343047;665,5543314512823;457,3586638874316;0,7617968735214569;0,6802060063015218;364,4195864647088;1492,025677595807;845,1429314454556;0,13324871634209792
38,5;679,9979770150327;665,6863334880951;457,9691579372087;0,7617968735214569;0,6802060063015218;361,0897722941161;1478,7035278140775;845,4724275510898;0,1320020368127983
38,583333333333336;679,9980302483663;665,817100871669;458,578048584227;0,7617968735214569;0,6802060063015218;357,7910881734397;1465,5003232846507;845,8000381830936;0,13076738357389348
38,666666666666664;679,9980820809045;665,9466455093406;459,1853390273705;0,7617968735214569;0,6802060063015218;354,5232344174309;1452,4150202036035;846,1257660333688;0,12954463767151056
38,75;679,9981325495082;666,0749791906444;459,7910324684765;0,7617968735214569;0,6802060063015218;351,28591428909886;1439,446583178427;846,4496139272114;0,12833368130382503
38,833333333333336;679,9981816900686;666,2021135884563;460,39513211225926;0,7617968735214569;0,6802060063015218;348,0788339715957;1426,5939851836933;846,7715848211304;0,12713439781193311
38,916666666666664;679,9982295375319;666,328060260127;460,99764116623356;0,7617968735214569;0,6802060063015218;344,9017025403066;1413,8562075163143;847,0916818006712;0,1259466716707296
39,0;679,9982761259249;666,4528306486068;461,5985628406384;0,7617968735214569;0,6802060063015218;341,7542319351213;1401,2322397501894;847,4099080782468;0,12477038847977498
39,083333333333336;679,9983214883795;666,5764360835609;462,197900348361;0,7617968735214569;0,6802060063015218;338,6361369329535;1388,7210796905906;847,7262669909779;0,12360543495418318
39,166666666666664;679,998365657155;666,6988877824764;462,7956569048604;0,7617968735214569;0,6802060063015218;335,5471351204642;1376,3217333281086;848,04076199854;0,12245169891551404
39,25;679,9984086636623;666,8201968517591;463,39183572809185;0,7617968735214569;0,6802060063015218;332,4869468669647;1364,0332147921142;848,35339668102;0,12130906928266626
39,333333333333336;679,9984505384855;666,9403742878219;463,986440038431;0,7617968735214569;0,6802060063015218;329,4552952975806;1351,8545463040512;848,6641747367817;0,12017743606279999
39,416666666666664;679,9984913114042;667,0594309781642;464,579473058598;0,7617968735214569;0,6802060063015218;326,45190626658973;1339,784758130257;848,9730999803414;0,11905669034226164
39,5;679,998531011414;667,1773777024417;465,17093801358226;0,7617968735214569;0,6802060063015218;323,4765083310009;1327,8228885345968;849,2801763402535;0,1179467242775366
39,583333333333336;679,9985696667478;667,2942251335279;465,7608381305668;0,7617968735214569;0,6802060063015218;320,52883272430677;1315,9679837306282;849,5854078570071;0,11684743108620503
39,666666666666664;679,9986073048956;667,4099838385658;466,34917663885335;0,7617968735214569;0,6802060063015218;317,60861333049775;1304,2190978337478;849,8887986809322;0,11575870503794057
39,75;679,9986439526236;667,5246642800114;466,93595676978714;0,7617968735214569;0,6802060063015218;314,71558665824375;1292,5752928128757;850,1903530701195;0,11468044144551273
39,833333333333336;679,9986796359941;667,6382768166673;467,5211817566821;0,7617968735214569;0,6802060063015218;311,8494918153061;1281,035638442019;850,4900753883503;0,11361253665582366
39,916666666666664;679,9987143803836;667,7508317047083;468,1048548347463;0,7617968735214569;0,6802060063015218;309,01007048317126;1269,5992122516282;850,787970103039;0,1125548880409714
40,0;679,9987482105004;667,8623390986976;468,6869792410073;0,7617968735214569;0,6802060063015218;306,1970668918832;1258,2650994797812;851,0840417831882;0,1115073939893426
40,083333333333336;679,998781150403;667,9728090525944;469,2675582142381;0,7617968735214569;0,6802060063015218;303,41022779506943;1247,0323930230684;851,3782950973571;0,11046995389672373
40,166666666666664;679,9988132235169;668,0822515207518;469,8465949948829;0,7617968735214569;0,6802060063015218;300,6493024452169;1235,9001933875095;851,6707348116424;0,10944246815746025
40,25;679,9988444526507;668,1906763589075;470,42409282498335;0,7617968735214569;0,6802060063015218;297,914042569127;1224,8676086392245;851,9613657876731;0,10842483815563857
40,333333333333336;679,9988748600133;668,2980933251638;471,00005494810506;0,7617968735214569;0,6802060063015218;295,20420234358085;1213,9337543549507;852,2501929806194;0,10741696625629994
40,416666666666664;679,9989044672288;668,4045120809604;471,57448460926406;0,7617968735214569;0,6802060063015218;292,5195383712378;1203,0977535725917;852,5372214372147;0,10641875579670125
40,5;679,9989332953528;668,509942192038;472,14738505485366;0,7617968735214569;0,6802060063015218;289,8598096567099;1192,3587367415296;852,8224562937935;0,10543011107760021
40,583333333333336;679,9989613648863;668,6143931293926;472,7187595325716;0,7617968735214569;0,6802060063015218;287,2247775828697;1181,7158416729842;853,1059027743429;0,10445093735458917
40,666666666666664;679,998988695791;668,7178742702221;473,2886112913475;0,7617968735214569;0,6802060063015218;284,61420588734256;1171,1682134901664;853,3875661885695;0,10348114082945613
40,75;679,9990153075033;668,8203948988637;473,8569435812702;0,7617968735214569;0,6802060063015218;282,0278606392236;1160,7150045785645;853,667451929981;0,10252062864160069
40,833333333333336;679,9990412189486;668,9219642077231;474,42375965351584;0,7617968735214569;0,6802060063015218;279,4655102159908;1150,3553745360564;853,9455654739844;0,10156930885948054
40,916666666666664;679,9990664485535;669,0225912981953;474,98906276027606;0,7617968735214569;0,6802060063015218;276,92692528063674;1140,0884901231036;854,2219123759982;0,10062709047210897
41,0;679,9990910142602;669,1222851815759;475,5528561546862;0,7617968735214569;0,6802060063015218;274,4118787589571;1129,9135252127787;854,4964982695822;0,09969388338058154
41,083333333333336;679,9991149335389;669,2210547799656;476,1151430907541;0,7617968735214569;0,6802060063015218;271,9201458171085;1119,8296607410005;854,7693288645821;0,098769598389666
41,166666666666664;679,9991382233995;669,318908927165;476,67592682328905;0,7617968735214569;0,6802060063015218;269,45150383933196;1109,8360846567077;855,0404099452908;0,09785414719943003
41,25;679,999160900405;669,4158563695619;477,23521060783116;0,7617968735214569;0,6802060063015218;267,0057324058632;1099,9319918719364;855,3097473686262;0,09694744239690511
41,333333333333336;679,999182980682;669,5119057670097;477,7929977005808;0,7617968735214569;0,6802060063015218;264,58261327107664;1090,116584212134;855,5773470623262;0,09604939744781414
41,416666666666664;679,9992044799332;669,607065693698;478,34929135832857;0,7617968735214569;0,6802060063015218;262,18193034180786;1080,3890703664144;855,8432150231597;0,09515992668833752
41,5;679,9992254134476;669,7013446390149;478,90409483838533;0,7617968735214569;0,6802060063015218;259,8034696558784;1070,7486658378593;856,1073573151539;0,09427894531692757
41,583333333333336;679,9992457961123;669,7947510084011;479,4574113985128;0,7617968735214569;0,6802060063015218;257,4470193608164;1061,1945928939472;856,369780067841;0,09340636938617582
41,666666666666664;679,9992656424224;669,8872931241958;480,0092442968544;0,7617968735214569;0,6802060063015218;255,11236969277888;1051,7260805170374;856,6304894745199;0,0925421157947293
41,75;679,9992849664918;669,9789792264751;480,5595967918662;0,7617968735214569;0,6802060063015218;252,79931295566485;1042,3423643549484;856,8894917905359;0,09168610227925715
41,833333333333336;679,9993037820627;670,0698174738816;481,1084721422488;0,7617968735214569;0,6802060063015218;250,50764350041845;1033,0426866715973;857,1467933315788;0,09083824740646577
41,916666666666664;679,9993221025161;670,1598159444468;481,65587360687846;0,7617968735214569;0,6802060063015218;248,2371577045285;1023,826296297793;857,4024004719975;0,08999847056516909
42,0;679,9993399408803;670,2489826364052;482,2018044447398;0,7617968735214569;0,6802060063015218;245,98765395173245;1014,6924485821628;857,6563196431318;0,0891666919584133
42,083333333333336;679,9993573098415;670,3373254690009;482,74626791485804;0,7617968735214569;0,6802060063015218;243,75893261187684;1005,6404053420899;857,9085573316642;0,088342832595644
42,166666666666664;679,9993742217514;670,4248522832859;483,28926727623167;0,7617968735214569;0,6802060063015218;241,55079602101353;996,6694348149425;858,1591200779869;0,08752681428494093
42,25;679,999390688637;670,5115708429112;483,8308057877659;0,7617968735214569;0,6802060063015218;239,36304846163807;987,7788116092955;858,4080144745886;0,08671855962529286
42,333333333333336;679,999406722209;670,5974888349101;484,37088670820594;0,7617968735214569;0,6802060063015218;237,195496143147;978,9678166563704;858,6552471644586;0,08591799199893367
42,416666666666664;679,9994223338695;670,6826138704738;484,90951329607105;0,7617968735214569;0,6802060063015218;235,04794718247126;970,2357371616474;858,9008248395082;0,08512503556373342
42,5;679,9994375347209;670,7669534857195;485,4466888095885;0,7617968735214569;0,6802060063015218;232,9202115848915;961,5818665565758;859,1447542390118;0,08433961524563961
42,583333333333336;679,9994523355732;670,8505151424506;485,98241650662857;0,7617968735214569;0,6802060063015218;230,81210122503535;953,0055044504701;859,3870421480652;0,08356165673117442
42,666666666666664;679,9994667469522;670,9333062289106;486,51669964463906;0,7617968735214569;0,6802060063015218;228,72342982806515;944,5059565826177;859,6276953960612;0,08279108645999085
42,75;679,9994807791065;671,0153340605281;487,04954148058096;0,7617968735214569;0,6802060063015218;226,6540129510389;936,0825347744867;859,8667208551856;0,0820278316174778
42,833333333333336;679,9994944420152;671,0966058806555;487,58094527086394;0,7617968735214569;0,6802060063015218;224,6036679644618;927,7345568822357;860,1041254389288;0,08127182012743028
42,916666666666664;679,9995077453948;671,1771288613003;488,1109142712826;0,7617968735214569;0,6802060063015218;222,572214033994;919,4613467492454;860,3399161006181;0,08052298064476185
43,0;679,9995206987059;671,2569101038486;488,6394517369528;0,7617968735214569;0,6802060063015218;220,55947210236297;911,2622341589987;860,5740998319666;0,07978124254828585
43,083333333333336;679,9995333111602;671,3359566397821;489,1665609222487;0,7617968735214569;0,6802060063015218;218,56526487143242;903,1365547880804;860,8066836616404;0,079046535933546
43,166666666666664;679,9995455917274;671,4142754313879;489,6922450807397;0,7617968735214569;0,6802060063015218;216,58941678445274;895,0836501593744;861,0376746538452;0,07831879160570304
43,25;679,9995575491405;671,4918733724603;490,21650746512836;0,7617968735214569;0,6802060063015218;214,63175400848797;887,1028675955297;861,2670799069297;0,07759794107248225
43,333333333333336;679,9995691919033;671,5687572889975;490,73935132718816;0,7617968735214569;0,6802060063015218;212,69210441700466;879,1935601725551;861,4949065520082;0,07688391653717074
43,416666666666664;679,9995805282956;671,6449339398891;491,2607799177022;0,7617968735214569;0,6802060063015218;210,7702975726454;871,3550866736954;861,7211617516012;0,07617665089167681
43,5;679,9995915663792;671,7204100175987;491,7807964864018;0,7617968735214569;0,6802060063015218;208,86616471016168;863,5868115435243;861,9458526982933;0,07547607770964494
43,583333333333336;679,9996023140038;671,7951921488384;492,29940428190577;0,7617968735214569;0,6802060063015218;206,97953871951142;855,8881048421749;862,1689866134103;0,07478213123962042
43,666666666666664;679,9996127788128;671,8692868952367;492,8166065516601;0,7617968735214569;0,6802060063015218;205,11025412913568;848,258342199924;862,3905707457147;0,07409474639828083
43,75;679,9996229682482;671,9427007540004;493,33240654187773;0,7617968735214569;0,6802060063015218;203,258147089403;840,6969047719494;862,6106123701163;0,07341385876371978
43,833333333333336;679,9996328895562;672,0154401585692;493,8468074974794;0,7617968735214569;0,6802060063015218;201,42305535619585;833,2031791932881;862,8291187864056;0,07273940456878308
43,916666666666664;679,9996425497925;672,0875114792636;494,35981266203413;0,7617968735214569;0,6802060063015218;199,60481827467618;825,7765575340359;863,0460973180004;0,07207132069446301
44,0;679,9996519558268;672,158921023927;494,8714252777006;0,7617968735214569;0,6802060063015218;197,80327676322145;818,4164372548998;863,2615553107134;0,07140954466335718
44,083333333333336;679,9996611143484;672,2296750385601;495,3816485851688;0,7617968735214569;0,6802060063015218;196,0182732974971;811,1222211628118;863,4755001315363;0,07075401463316935
44,166666666666664;679,9996700318703;672,2997797079504;495,8904858236022;0,7617968735214569;0,6802060063015218;194,2496518947081;803,8933173669379;863,6879391674418;0,07010466939027833
44,25;679,9996787147345;672,3692411562937;496,39794023058;0,7617968735214569;0,6802060063015218;192,49725809799827;796,7291392348502;863,8988798242032;0,06946144834335616
44,333333333333336;679,9996871691154;672,4380654478108;496,9040150420403;0,7617968735214569;0,6802060063015218;190,7609389610201;789,6291053490261;864,108329525232;0,06882429151704865
44,416666666666664;679,9996954010257;672,5062585873565;497,40871349222334;0,7617968735214569;0,6802060063015218;189,04054303261546;782,5926394634231;864,3162957104329;0,06819313954569625
44,5;679,9997034163196;672,5738265210236;497,9120388136152;0,7617968735214569;0,6802060063015218;187,33592034173228;775,6191704606315;864,5227858350747;0,06756793366713894
44,583333333333336;679,9997112206969;672,6407751367402;498,413994236892;0,7617968735214569;0,6802060063015218;185,64692238239786;768,7081323088807;864,7278073686823;0,06694861571654155
44,666666666666664;679,9997188197078;672,7071102648605;498,9145829908646;0,7617968735214569;0,6802060063015218;183,97340209891695;761,8589640196388;864,9313677939406;0,06633512812030332
44,75;679,9997262187565;672,7728376787505;499,41380830242343;0,7617968735214569;0,6802060063015218;182,31521387118335;755,071109605294;865,1334746056208;0,06572741389000715
44,833333333333336;679,9997334231048;672,837963095367;499,9116733964842;0,7617968735214569;0,6802060063015218;180,6722135001479;748,3440180371422;865,3341353095205;0,06512541661642787
44,916666666666664;679,999740437876;672,9024921758305;500,40818149593355;0,7617968735214569;0,6802060063015218;179,04425819344567;741,6771432036696;865,5333574214214;0,06452908046359812
45,0;679,9997472680587;672,9664305259935;500,9033358215754;0,7617968735214569;0,6802060063015218;177,4312065511367;735,0699438689915;865,7311484660646;0,06393835016291893
45,083333333333336;679,9997539185104;673,0297836970008;501,39713959207785;0,7617968735214569;0,6802060063015218;175,83291855163168;728,5218836316947;865,9275159761423;0,06335317100733709
45,166666666666664;679,9997603939604;673,0925571858463;501,8895960239201;0,7617968735214569;0,6802060063015218;174,2492555377396;722,0324308838675;866,1224674913047;0,06277348884556981
45,25;679,9997666990138;673,1547564359226;502,38070833134026;0,7617968735214569;0,6802060063015218;172,68008020285208;715,6010587703933;866,3160105571867;0,06219925007638213
45,333333333333336;679,9997728381544;673,2163868375656;502,87047972628324;0,7617968735214569;0,6802060063015218;171,12525657727815;709,2272451485213;866,5081527244472;0,06163040164291963
45,416666666666664;679,9997788157482;673,2774537285926;503,3589134183493;0,7617968735214569;0,6802060063015218;169,5846500147212;702,9104725477191;866,698901547828;0,061066891027095255
45,5;679,999784636046;673,3379623948366;503,84601261474285;0,7617968735214569;0,6802060063015218;168,05812717888955;696,6502281298074;866,8882645852257;0,060508666244029945
45,583333333333336;679,9997903031871;673,3979180706732;504,33178052022186;0,7617968735214569;0,6802060063015218;166,54555603023482;690,446003649281;867,076249396783;0,05995567583653933
45,666666666666664;679,9997958212016;673,4573259395429;504,81622033704764;0,7617968735214569;0,6802060063015218;165,04680581284674;684,2972954140246;867,2628635439937;0,0594078688696833
45,75;679,9998011940137;673,5161911344683;505,2993352649349;0,7617968735214569;0,6802060063015218;163,56174704146724;678,2036042461966;867,4481145888228;0,058865194925359354
45,833333333333336;679,9998064254443;673,5745187385652;505,7811285010025;0,7617968735214569;0,6802060063015218;162,09025148863532;672,164435443433;867,6320100928453;0,058327604096951084
45,916666666666664;679,9998115192136;673,6323137855492;506,26160323972454;0,7617968735214569;0,6802060063015218;160,63219217197684;666,1792987402965;867,8145576163979;0,05779504698402754
46,0;679,9998164789442;673,6895812602363;506,74076267288166;0,7617968735214569;0,6802060063015218;159,1874433416109;660,2477082699961;867,9957647177473;0,057267474687092645
46,083333333333336;679,9998213081633;673,7463260990387;507,2186099895132;0,7617968735214569;0,6802060063015218;157,75588046769826;654,369182526431;868,1756389522736;0,056744838802390216
46,166666666666664;679,999826010305;673,8025531904555;507,69514837586945;0,7617968735214569;0,6802060063015218;156,33738022811485;648,5432443264417;868,3541878716678;0,05622709141675514
46,25;679,9998305887135;673,858267375558;508,17038101536446;0,7617968735214569;0,6802060063015218;154,93182049623897;642,769420772323;868,5314190231461;0,05571418510251304
46,333333333333336;679,9998350466445;673,9134734484704;508,6443110885292;0,7617968735214569;0,6802060063015218;153,5390803288891;637,0472432147092;868,7073399486783;0,05520607291243888
46,416666666666664;679,9998393872685;673,9681761568452;509,11694177296545;0,7617968735214569;0,6802060063015218;152,1590399543527;631,3762472155599;868,8819581842305;0,05470270837475113
46,5;679,9998436136722;674,0223802023334;509,5882762432997;0,7617968735214569;0,6802060063015218;150,79158076058263;625,7559725116181;869,0552812590226;0,05420404548817229
46,583333333333336;679,9998477288611;674,0760902410503;510,0583176711376;0,7617968735214569;0,6802060063015218;149,43658528347044;620,1859629779669;869,2273166948014;0,053710038717023435
46,666666666666664;679,9998517357621;674,1293108840367;510,5270692250194;0,7617968735214569;0,6802060063015218;148,0939371952701;614,6657665919274;869,3980720051256;0,0532206429863744
46,75;679,9998556372244;674,182046697714;510,99453407037464;0,7617968735214569;0,6802060063015218;146,76352129313557;609,194935397265;869,5675546946682;0,05273581367724471
46,833333333333336;679,9998594360227;674,2343022043358;511,4607153694787;0,7617968735214569;0,6802060063015218;145,4452234877607;603,7730254685488;869,7357722585293;0,05225550662184323
46,916666666666664;679,9998631348584;674,2860818824347;511,9256162814085;0,7617968735214569;0,6802060063015218;144,13893079217246;598,3995968759376;869,9027321815661;0,05177967809886906
47,0;679,999866736362;674,3373901672635;512,3892399619996;0,7617968735214569;0,6802060063015218;142,84453131059252;593,0742136500517;870,0684419377353;0,051308284828843635
47,083333333333336;679,9998702430948;674,388231451233;512,851589563803;0,7617968735214569;0,6802060063015218;141,5619142274636;587,7964437472982;870,2329089894478;0,050841283969506386
47,166666666666664;679,9998736575506;674,4386100843442;513,312668236043;0,7617968735214569;0,6802060063015218;140,29096979654696;582,5658590152931;870,3961407869396;0,05037863311124202
47,25;679,9998769821574;674,4885303746167;513,7724791245749;0,7617968735214569;0,6802060063015218;139,03158933015902;577,3820351586585;870,5581447676536;0,04992029027256376
47,333333333333336;679,9998802192798;674,5379965885123;514,2310253718438;0,7617968735214569;0,6802060063015218;137,78366518851612;572,2445517050537;870,7189283556362;0,04946621389563975
47,416666666666664;679,9998833712197;674,5870129513542;514,6883101168428;0,7617968735214569;0,6802060063015218;136,5470907691872;567,1529919714753;870,8784989609455;0,04901636284186546
47,5;679,9998864402186;674,6355836477417;515,1443364950729;0,7617968735214569;0,6802060063015218;135,32176049663747;562,1069430307488;871,0368639790743;0,04857069638747478
47,583333333333336;679,9998894284593;674,6837128219609;515,5991076385027;0,7617968735214569;0,6802060063015218;134,10756981192264;557,1059956784337;871,1940307903839;0,04812917421920957
47,666666666666664;679,9998923380665;674,7314045783909;516,0526266755279;0,7617968735214569;0,6802060063015218;132,90441516246005;552,1497443998777;871,3500067595509;0,047691756430023616
47,75;679,9998951711095;674,7786629819057;516,5048967309324;0,7617968735214569;0,6802060063015218;131,71219399189056;547,2377873374711;871,504799235028;0,04725840351482542
47,833333333333336;679,9998979296032;674,825492058272;516,9559209258491;0,7617968735214569;0,6802060063015218;130,53080473009686;542,3697262583581;871,6584155485157;0,046829076366282175
47,916666666666664;679,9999006155092;674,8718957945426;517,4057023777214;0,7617968735214569;0,6802060063015218;129,3601467832815;537,5451665222273;871,8108630144457;0,0464037362706514
48,0;679,9999032307376;674,9178781394463;517,8542442002646;0,7617968735214569;0,6802060063015218;128,20012052416416;532,7637170494428;871,9621489294777;0,04598234490366261
48,083333333333336;679,9999057771483;674,9634430037728;518,3015495034288;0,7617968735214569;0,6802060063015218;127,05062728228143;528,0249902893892;872,1122805720074;0,045564864326438734
48,166666666666664;679,999908256552;675,0085942607543;518,747621393361;0,7617968735214569;0,6802060063015218;125,91156933438867;523,3286021891445;872,2612652016858;0,045151256981464945
48,25;679,9999106707121;675,0533357464429;519,1924629723683;0,7617968735214569;0,6802060063015218;124,7828498949417;518,6741721622427;872,409110058951;0,04474148568858654
48,333333333333336;679,9999130213454;675,097671260084;519,6360773388815;0,7617968735214569;0,6802060063015218;123,66437310672893;514,0613230579818;872,5558223645706;0,044335513641072424
48,416666666666664;679,9999153101235;675,1416045644856;520,078467587419;0,7617968735214569;0,6802060063015218;122,55604403153484;509,48968113062847;872,7014093191959;0,043933304401690465
48,5;679,9999175386741;675,1851393863845;520,519636808551;0,7617968735214569;0,6802060063015218;121,45776864094557;504,95887600914034;872,8458781029273;0,043534821898845326
48,583333333333336;679,9999197085821;675,2282794168073;520,9595880888642;0,7617968735214569;0,6802060063015218;120,36945380723978;500,4685406670089;872,9892358748903;0,043140030422747194
48,666666666666664;679,9999218213907;675,2710283114288;521,3983245109271;0,7617968735214569;0,6802060063015218;119,29100729437039;496,01831139242444;873,1314897728215;0,04274889462162558
48,75;679,9999238786021;675,3133896909268;521,8358491532554;0,7617968735214569;0,6802060063015218;118,22233774904589;491,60782775861776;873,2726469126687;0,04236137949797821
48,833333333333336;679,9999258816797;675,3553671413316;522,2721650902779;0,7617968735214569;0,6802060063015218;117,16335469188266;487,23673259442717;873,4127143881968;0,041977450404856564
48,916666666666664;679,9999278320478;675,3969642143738;522,7072753923032;0,7617968735214569;0,6802060063015218;116,11396850870221;482,90467195529345;873,5516992706082;0,041597073042206854
49,0;679,9999297310934;675,4381844278271;523,1411831254862;0,7617968735214569;0,6802060063015218;115,0740904418484;478,61129509421465;873,6896086081707;0,04122021345322515
49,083333333333336;679,999931580167;675,4790312658479;523,573891351795;0,7617968735214569;0,6802060063015218;114,04363258165802;474,35625443319117;873,8264494258572;0,04084683802077252
49,166666666666664;679,9999333805836;675,5195081793117;524,0054031289792;0,7617968735214569;0,6802060063015218;113,02250785797696;470,1392055347565;873,9622287249949;0,04047691346381431
49,25;679,9999351336236;675,5596185861457;524,435721510537;0,7617968735214569;0,6802060063015218;112,0106300317957;465,9598070738283;874,0969534829244;0,04011040683390501
49,333333333333336;679,9999368405337;675,5993658716574;524,8648495456841;0,7617968735214569;0,6802060063015218;111,00791368694729;461,81772080975213;874,2306306526677;0,039747285511705484
49,416666666666664;679,9999385025277;675,6387533888609;525,2927902793227;0,7617968735214569;0,6802060063015218;110,01427422190773;457,71261155860293;874,3632671626078;0,03938751720353982
49,5;679,9999401207876;675,6777844587989;525,7195467520099;0,7617968735214569;0,6802060063015218;109,02962784167016;453,64414716567893;874,4948699161757;0,03903106993798496
49,583333333333336;679,9999416964642;675,7164623708614;526,1451219999278;0,7617968735214569;0,6802060063015218;108,05389154971863;449,6119984783276;874,6254457915477;0,0386779120625045
49,666666666666664;679,999943230678;675,7547903831015;526,5695190548535;0,7617968735214569;0,6802060063015218;107,08698314006995;445,6158393188601;874,7550016413516;0,03832801224010736
49,75;679,9999447245202;675,7927717225476;526,992740944129;0,7617968735214569;0,6802060063015218;106,12882118941229;441,65534645784953;874,8835442923818;0,03798133944605363
49,833333333333336;679,9999461790532;675,8304095855123;527,4147906906323;0,7617968735214569;0,6802060063015218;105,1793250493148;437,7301995875291;875,0110805453247;0,037637862964585794
49,916666666666664;679,999947595311;675,8677071378979;527,8356713127484;0,7617968735214569;0,6802060063015218;104,23841483852243;433,84008129548937;875,1376171744903;0,037297552385700275
50,0;679,9999489743011;675,9046675154999;528,2553858243408;0,7617968735214569;0,6802060063015218;103,3060114353276;429,98467703855937;875,2631609275543;0,03696037760195015
50,083333333333336;679,999950317004;675,9412938243051;528,6739372347232;0,7617968735214569;0,6802060063015218;102,3820364700299;426,16367511695057;875,3877185253093;0,03662630880528536
50,166666666666664;679,999951624375;675,9775891407891;529,0913285486321;0,7617968735214569;0,6802060063015218;101,46641231747253;422,37676664862204;875,5112966614216;0,036295316483926636
50,25;679,9999528973432;676,0135565122083;529,5075627661992;0,7617968735214569;0,6802060063015218;100,559062089647;418,6236455438336;875,6339020021999;0,03596737141926974
50,333333333333336;679,9999541368144;676,0491989568911;529,9226428829244;0,7617968735214569;0,6802060063015218;99,65990962837168;414,9040084798839;875,7555411863686;0,0356424446828204
50,416666666666664;679,9999553436697;676,0845194645243;530,3365718896492;0,7617968735214569;0,6802060063015218;98,76887949808122;411,21755487623585;875,8762208248522;0,035320507633176144
50,5;679,9999565187676;676,1195209964374;530,7493527725309;0,7617968735214569;0,6802060063015218;97,88589697863586;407,5639868696016;875,9959475005649;0,035001531913018975
50,583333333333336;679,9999576629436;676,1542064858835;531,1609885130158;0,7617968735214569;0,6802060063015218;97,01088805825577;403,9430092894886;876,1147277682101;0,034685489446160726
50,666666666666664;679,9999587770116;676,1885788383181;531,5714820878147;0,7617968735214569;0,6802060063015218;96,14377942650378;400,35432963382374;876,2325681540856;0,034372352434609184
50,75;679,9999598617636;676,2226409316738;531,9808364688772;0,7617968735214569;0,6802060063015218;95,28449846733622;396,79765804476875;876,3494751558987;0,034062093355663826
50,833333333333336;679,9999609179713;676,2563956166329;532,389054623367;0,7617968735214569;0,6802060063015218;94,43297325224478;393,27270728484984;876,4654552425866;0,033754684959051325
50,916666666666664;679,9999619463855;676,2898457168969;532,7961395136375;0,7617968735214569;0,6802060063015218;93,58913253346088;389,77919271325345;876,5805148541434;0,03345010026408837
51,0;679,9999629477378;676,3229940294538;533,202094097208;0,7617968735214569;0,6802060063015218;92,75290573721406;386,3168322622247;876,6946604014583;0,03314831255686652
51,083333333333336;679,9999639227403;676,3558433248412;533,6069213267399;0,7617968735214569;0,6802060063015218;91,92422295710116;382,8853464138912;876,8078982661559;0,03284929538748539
51,166666666666664;679,9999648720865;676,3883963474085;534,0106241500131;0,7617968735214569;0,6802060063015218;91,1030149474783;379,4844581770719;876,9202348004465;0,032553022567297384
51,25;679,9999657964511;676,4206558155747;534,4132055099034;0,7617968735214569;0,6802060063015218;90,28921311694944;376,11389306441333;877,0316763269822;0,032259468166192566
51,333333333333336;679,9999666964919;676,4526244220847;534,8146683443596;0,7617968735214569;0,6802060063015218;89,482749521909;372,7733790696756;877,1422291387196;0,03196860650990833
51,416666666666664;679,9999675728487;676,484304834262;535,2150155863816;0,7617968735214569;0,6802060063015218;88,68355686018106;369,46264664531907;877,2518994987893;0,03168041217737712
51,5;679,999968426145;676,5156996942601;535,6142501639982;0,7617968735214569;0,6802060063015218;87,8915684646671;366,1814286800809;877,3606936403712;0,03139485999808442
51,583333333333336;679,9999692569874;676,5468116193096;536,0123750002456;0,7617968735214569;0,6802060063015218;87,10671829712169;362,92946047699445;877,4686177665778;0,031111925049476463
51,666666666666664;679,9999700659666;676,577643201964;536,4093930131461;0,7617968735214569;0,6802060063015218;86,32894094194512;359,7064797314088;877,5756780503423;0,03083158265437921
51,75;679,9999708536583;676,6081970103425;536,8053071156875;0,7617968735214569;0,6802060063015218;85,55817160006711;356,5122265092957;877,6818806343122;0,030553808378453545
51,833333333333336;679,9999716206224;676,6384755883702;537,200120215802;0,7617968735214569;0,6802060063015218;84,7943460828958;353,34644322578214;877,7872316307504;0,030278578027680324
51,916666666666664;679,9999723674044;676,668481456016;537,593835216347;0,7617968735214569;0,6802060063015218;84,03740080630655;350,20887462377493;877,8917371214418;0,030005867645864256
52,0;679,9999730945356;676,6982171095282;537,9864550150838;0,7617968735214569;0,6802060063015218;83,28727278471035;347,0992677528476;877,9954031576049;0,029735653512170994
52,083333333333336;679,9999738025326;676,7276850216668;538,3779825046596;0,7617968735214569;0,6802060063015218;82,54389962518474;344,01737194828195;878,0982357598103;0,02946791213868857
52,166666666666664;679,9999744918994;676,7568876419349;538,7684205725872;0,7617968735214569;0,6802060063015218;81,80721952164447;340,9629388102837;878,2002409179041;0,029202620268012944
52,25;679,9999751631259;676,7858273968058;539,1577721012266;0,7617968735214569;0,6802060063015218;81,07717124911176;337,93572218348874;878,3014245909363;0,028939754870869715
52,333333333333336;679,9999758166897;676,8145066899496;539,5460399677663;0,7617968735214569;0,6802060063015218;80,35369415800346;334,9354781364818;878,4017927070951;0,028679293143746745
52,416666666666664;679,9999764530553;676,8429279024562;539,9332270442054;0,7617968735214569;0,6802060063015218;79,63672816850362;331,9619649416349;878,501351163647;0,028421212506563768
52,5;679,9999770726755;676,8710933930565;540,3193361973351;0,7617968735214569;0,6802060063015218;78,92621376497857;329,01494305506117;878,6001058268807;0,028165490600361637
52,583333333333336;679,999977675991;676,8990054983416;540,7043702887219;0,7617968735214569;0,6802060063015218;78,2220919904745;326,0941750968008;878,6980625320581;0,02791210528502187
52,666666666666664;679,9999782634304;676,9266665329786;541,0883321746895;0,7617968735214569;0,6802060063015218;77,5243044412349;323,199425831103;878,7952270833676;0,027661034637002823
52,75;679,9999788354121;676,9540787899257;541,4712247063028;0,7617968735214569;0,6802060063015218;76,8327932612948;320,3304621469184;878,891605253885;0,027412256947104
52,833333333333336;679,9999793923423;676,981244540644;541,8530507293503;0,7617968735214569;0,6802060063015218;76,14750113716013;317,48705303869787;878,9872027855369;0,027165750718265668
52,916666666666664;679,9999799346174;677,0081660353073;542,2338130843287;0,7617968735214569;0,6802060063015218;75,46837129245887;314,66896958706195;879,0820253890706;0,02692149466336576
53,0;679,9999804626228;677,0348455030104;542,6135146064263;0,7617968735214569;0,6802060063015218;74,79534748275114;311,8759849399911;879,1760787440279;0,02667946770307171
53,083333333333336;679,9999809767344;677,0612851519741;542,9921581255074;0,7617968735214569;0,6802060063015218;74,12837399031105;309,10787429393054;879,2693684987221;0,026439648963692393
53,166666666666664;679,9999814773173;677,0874871697491;543,3697464660972;0,7617968735214569;0,6802060063015218;73,4673956190079;306,3644148752204;879,3619002702219;0,026202017775067067
53,25;679,9999819647278;677,1134537234176;543,7462824473665;0,7617968735214569;0,6802060063015218;72,81235768920453;303,64538592152934;879,4536796443381;0,025966553668463517
53,333333333333336;679,9999824393125;677,1391869597921;544,1217688831168;0,7617968735214569;0,6802060063015218;72,16320603275506;300,95056866367554;879,5447121756141;0,02573323637451733
53,416666666666664;679,9999829014088;677,1646890056134;544,4962085817663;0,7617968735214569;0,6802060063015218;71,51988698800835;298,2797463074185;879,6350033873224;0,025502045821176933
53,5;679,9999833513453;677,189961967745;544,8696043463349;0,7617968735214569;0,6802060063015218;70,88234739488541;295,6327040155093;879,7245587714627;0,025272962131679007
53,583333333333336;679,9999837894422;677,2150079333676;545,2419589744312;0,7617968735214569;0,6802060063015218;70,25053459000787;293,0092288898917;879,8133837887663;0,025045965622544988
53,666666666666664;679,999984216011;677,2398289701691;545,6132752582386;0,7617968735214569;0,6802060063015218;69,6243964018663;290,40910995403624;879,9014838687028;0,02482103680159667
53,75;679,9999846313548;677,2644271265351;545,9835559845013;0,7617968735214569;0,6802060063015218;69,00388114604539;287,8321381354745;879,9888644094916;0,0245981563659965
53,833333333333336;679,9999850357692;677,2888044317355;546,3528039345126;0,7617968735214569;0,6802060063015218;68,38893762049167;285,2781062484353;880,075530778117;0,02437730520030479
53,916666666666664;679,9999854295418;677,31296289611;546,721021884101;0,7617968735214569;0,6802060063015218;67,77951510084392;282,746808976733;880,1614883103457;0,024158464374565463
54,0;679,9999858129523;677,3369045112523;547,0882126036182;0,7617968735214569;0,6802060063015218;67,17556333579466;280,23804285669985;880,2467423107491;0,023941615142403675
54,083333333333336;679,999986186274;677,3606312501914;547,4543788579272;0,7617968735214569;0,6802060063015218;66,57703254250009;277,7516062603356;880,3312980527301;0,023726738939148322
54,166666666666664;679,9999865497718;677,3841450675715;547,8195234063899;0,7617968735214569;0,6802060063015218;65,98387340206386;275,2872993786609;880,4151607785502;0,02351381737998029
54,25;679,9999869037044;677,4074478998295;548,1836490028559;0,7617968735214569;0,6802060063015218;65,39603705500951;272,84492420500726;880,4983356993639;0,023302832258081847
54,333333333333336;679,9999872483237;677,4305416653724;548,5467583956508;0,7617968735214569;0,6802060063015218;64,81347509687225;270,42428451880954;880,5808279952516;0,023093765542835393
54,416666666666664;679,9999875838745;677,4534282647504;548,9088543275657;0,7617968735214569;0,6802060063015218;64,23613957378222;268,02518586921724;880,662642815261;0,022886599378015116
54,5;679,9999879105956;677,4761095808304;549,2699395358455;0,7617968735214569;0,6802060063015218;63,663982978101785;265,6474355590123;880,7437852774474;0,02268131608000985
54,583333333333336;679,9999882287192;677,4985874789666;549,6300167521795;0,7617968735214569;0,6802060063015218;63,09695824412813;263,2908426286707;880,8242604689191;0,022477898136066224
54,666666666666664;679,9999885384716;677,5208638071691;549,9890887026901;0,7617968735214569;0,6802060063015218;62,53501874381584;260,95521784051294;880,9040734458857;0,02227632820254534
54,75;679,9999888400731;677,5429403962723;550,3471581079234;0,7617968735214569;0,6802060063015218;61,97811828256192;258,6403736630683;880,9832292337079;0,022076589103204314
54,833333333333336;679,9999891337382;677,5648190600998;550,7042276828395;0,7617968735214569;0,6802060063015218;61,42621109501931;256,34612425552416;881,0617328269522;0,02187866382749136
54,916666666666664;679,9999894196757;677,5865015956286;551,0603001368027;0,7617968735214569;0,6802060063015218;60,87925184095866;254,07228545233397;881,1395891894466;0,021682535528860875
55,0;679,999989698089;677,6079897831518;551,4153781735723;0,7617968735214569;0,6802060063015218;60,33719560117561;251,8186747479951;881,2168032543404;0,021488187523108913
55,083333333333336;679,9999899691761;677,6292853864385;551,7694644912942;0,7617968735214569;0,6802060063015218;59,799997873432176;249,58511128188925;881,2933799241656;0,02129560328672079
55,166666666666664;679,9999902331298;677,6503901528937;552,1225617824913;0,7617968735214569;0,6802060063015218;59,26761456844076;247,37141582336318;881,3693240709008;0,021104766455243694
55,25;679,9999904901376;677,6713058137153;552,4746727340557;0,7617968735214569;0,6802060063015218;58,74000200590217;245,17741075687897;881,4446405360387;0,020915660821673017
55,333333333333336;679,9999907403825;677,6920340840502;552,8258000272405;0,7617968735214569;0,6802060063015218;58,21711691055782;243,00292006730143;881,5193341306551;0,020728270334854443
55,416666666666664;679,9999909840424;677,7125766631481;553,1759463376511;0,7617968735214569;0,6802060063015218;57,698916408307355;240,84776932533651;881,5934096354811;0,020542579097906084
55,5;679,9999912212905;677,7329352345147;553,5251143352386;0,7617968735214569;0,6802060063015218;57,18535802235749;238,71178567314698;881,6668718009757;0,020358571366660107
55,583333333333336;679,9999914522957;677,7531114660628;553,8733066842916;0,7617968735214569;0,6802060063015218;56,67639966939646;236,5947978099755;881,7397253474038;0,020176231548111538
55,666666666666664;679,9999916772222;677,7731070102617;554,2205260434288;0,7617968735214569;0,6802060063015218;56,17199965582245;234,49663597802234;881,8119749649138;0,01999554419889339
55,75;679,9999918962299;677,7929235042855;554,5667750655925;0,7617968735214569;0,6802060063015218;55,67211667401182;232,4171319484118;881,8836253136175;0,019816494023765403
55,833333333333336;679,9999921094744;677,8125625701596;554,912056398042;0,7617968735214569;0,6802060063015218;55,17670979861009;230,3561190072618;881,9546810236744;0,019639065874116277
55,916666666666664;679,9999923171077;677,832025814906;555,2563726823461;0,7617968735214569;0,6802060063015218;54,685738482871216;228,31343194189017;882,0251466953753;0,019463244746483324
56,0;679,9999925192773;677,8513148306871;555,5997265543778;0,7617968735214569;0,6802060063015218;54,199162555042335;226,28890702722393;882,0950268992291;0,019289015781093884
56,083333333333336;679,9999927161269;677,8704311949475;555,9421206443077;0,7617968735214569;0,6802060063015218;53,716942214754226;224,28238201216055;882,1643261760518;0,019116364260408386
56,166666666666664;679,9999929077966;677,8893764705552;556,2835575765986;0,7617968735214569;0,6802060063015218;53,23903802948564;222,2936961062652;882,2330490370568;0,01894527560769609
56,25;679,9999930944225;677,9081522059408;556,6240399699992;0,7617968735214569;0,6802060063015218;52,76541093103333;220,32268996640136;882,3011999639475;0,018775735385611093
56,333333333333336;679,9999932761377;677,9267599352356;556,9635704375395;0,7617968735214569;0,6802060063015218;52,29602221204175;218,36920568362743;882,3687834090103;0,018607729294795084
56,416666666666664;679,999993453071;677,9452011784081;557,3021515865249;0,7617968735214569;0,6802060063015218;51,830833522552666;216,4330867701559;882,4358037952118;0,018441243172490043
56,5;679,9999936253486;677,9634774413993;557,6397860185319;0,7617968735214569;0,6802060063015218;51,36980686657466;214,5141781463275;882,5022655162954;0,018276262991157578
56,583333333333336;679,9999937930927;677,9815902162564;557,976476329403;0,7617968735214569;0,6802060063015218;50,91290459873221;212,61232612795408;882,568172936881;0,01811277485713326
56,666666666666664;679,9999939564229;677,9995409812657;558,3122251092421;0,7617968735214569;0,6802060063015218;50,46008942090623;210,72737841354018;882,6335303925646;0,017950765009276094
56,75;679,999994115455;678,0173312010834;558,6470349424106;0,7617968735214569;0,6802060063015218;50,01132437893148;208,85918407175518;882,6983421900206;0,017790219817643196
56,833333333333336;679,9999942703025;678,0349623268655;558,9809084075227;0,7617968735214569;0,6802060063015218;49,566572859291114;207,00759352887619;882,7626126071075;0,017631125782166166
56,916666666666664;679,9999944210751;678,0524357963969;559,3138480774423;0,7617968735214569;0,6802060063015218;49,12579858592494;205,1724585566404;882,8263458929695;0,017473469531367396
57,0;679,9999945678804;678,069753034218;559,6458565192786;0,7617968735214569;0,6802060063015218;48,688965616955215;203,35363225979145;882,8895462681456;0,017317237821053478
57,083333333333336;679,9999947108225;678,0869154517511;559,9769362943829;0,7617968735214569;0,6802060063015218;48,25603834156027;201,55096906416057;882,9522179246762;0,01716241753305932
57,166666666666664;679,9999948500033;678,1039244474251;560,3070899583456;0,7617968735214569;0,6802060063015218;47,82698147678559;199,76432470451547;883,0143650262122;0,01700899567397572
57,25;679,9999949855215;678,1207814067991;560,6363200609927;0,7617968735214569;0,6802060063015218;47,40176006445438;197,9935562127598;883,0759917081255;0,016856959373911552
57,333333333333336;679,9999951174739;678,1374877026843;560,9646291463833;0,7617968735214569;0,6802060063015218;46,98033946806106;196,23852190608469;883,1371020776203;0,01670629588525503
57,416666666666664;679,9999952459539;678,1540446952658;561,2920197528067;0,7617968735214569;0,6802060063015218;46,56268536973869;194,49908137536738;883,1977002138453;0,01655699258146067
57,5;679,999995371053;678,1704537322216;561,6184944127798;0,7617968735214569;0,6802060063015218;46,14876376720076;192,77509547346315;883,2577901680094;0,01640903695583057
57,583333333333336;679,9999954928603;678,1867161488419;561,9440556530452;0,7617968735214569;0,6802060063015218;45,73854097078538;191,0664263039288;883,3173759634931;0,01626241662033585
57,666666666666664;679,9999956114623;678,2028332681464;562,268705994569;0,7617968735214569;0,6802060063015218;45,33198360045958;189,37293720949535;883,3764615959681;0,01611711930442149
57,75;679,9999957269434;678,2188064010003;562,5924479525386;0,7617968735214569;0,6802060063015218;44,929058582897596;187,69449276090594;883,4350510335116;0,01597313285384468
57,833333333333336;679,9999958393856;678,2346368462298;562,9152840363613;0,7617968735214569;0,6802060063015218;44,529733148579;186,03095874575033;883,4931482167253;0,015830445229517542
57,916666666666664;679,9999959488691;678,2503258907361;563,2372167496627;0,7617968735214569;0,6802060063015218;44,13397482889536;184,382202157384;883,5507570588534;0,015689044506359533
58,0;679,9999960554716;678,2658748096082;563,5582485902853;0,7617968735214569;0,6802060063015218;43,74175145332515;182,74809118404312;883,6078814459024;0,015548918872171082
58,083333333333336;679,9999961592689;678,2812848662347;563,8783820502874;0,7617968735214569;0,6802060063015218;43,35303114658302;181,12849519791135;883,6645252367632;0,0154100566265053
58,166666666666664;679,9999962603348;678,2965573124143;564,1976196159421;0,7617968735214569;0,6802060063015218;42,96778232585439;179,52328474444883;883,7206922633304;0,015272446179566686
58,25;679,9999963587413;678,3116933884654;564,5159637677365;0,7617968735214569;0,6802060063015218;42,585973698012936;177,93233153168427;883,7763863306251;0,015136076051109063
58,333333333333336;679,9999964545584;678,3266943233348;564,833416980371;0,7617968735214569;0,6802060063015218;42,20757425689783;176,35550841973202;883,831611216918;0,015000934869356074
58,416666666666664;679,999996547854;678,3415613347047;565,1499817227591;0,7617968735214569;0,6802060063015218;41,8325532805909;174,7926894102909;883,8863706738528;0,014867011369923364
58,5;679,9999966386946;678,3562956290995;565,4656604580268;0,7617968735214569;0,6802060063015218;41,46088032873365;173,24374963625004;883,9406684265703;0,014734294394753671
58,583333333333336;679,9999967271449;678,3708984019905;565,7804556435127;0,7617968735214569;0,6802060063015218;41,09252523987834;171,70856535151597;883,9945081738338;0,014602772891072322
58,666666666666664;679,9999968132676;678,3853708379008;566,0943697307679;0,7617968735214569;0,6802060063015218;40,727458128858984;170,18701392080314;884,0478935881541;0,014472435910344354
58,75;679,999996897124;678,3997141105081;566,4074051655564;0,7617968735214569;0,6802060063015218;40,36564938416802;168,6789738095127;884,1008283159161;0,01434327260724083
58,833333333333336;679,9999969787739;678,4139293827467;566,7195643878555;0,7617968735214569;0,6802060063015218;40,007069665398376;167,18432457383304;884,1533159775056;0,014215272238627535
58,916666666666664;679,9999970582752;678,4280178069092;567,0308498318561;0,7617968735214569;0,6802060063015218;39,6516899006798;165,7029468507773;884,2053601674354;0,014088424162551657
59,0;679,9999971356845;678,4419805247464;567,3412639259639;0,7617968735214569;0,6802060063015218;39,29948128414935;164,23472234842407;884,2569644544744;0,01396271783724732
59,083333333333336;679,9999972110568;678,4558186675666;567,6508090927996;0,7617968735214569;0,6802060063015218;38,95041527345029;162,77953383619135;884,3081323817752;0,013838142820147939
59,166666666666664;679,9999972844457;678,4695333563335;567,9594877492007;0,7617968735214569;0,6802060063015218;38,60446358725369;161,33726513521006;884,3588674670028;0,013714688766909485
59,25;679,9999973559035;678,4831257017639;568,267302306222;0,7617968735214569;0,6802060063015218;38,26159820280566;159,90780110882662;884,409173202463;0,013592345430446871
59,333333333333336;679,999997425481;678,4965968044239;568,5742551691374;0,7617968735214569;0,6802060063015218;37,92179135348874;158,4910276530985;884,4590530552332;0,01347110265997323
59,416666666666664;679,9999974932275;678,509947754824;568,8803487374414;0,7617968735214569;0,6802060063015218;37,58501552642599;157,08683168749255;884,5085104672914;0,013350950400058468
59,5;679,9999975591913;678,5231796335137;569,1855854048505;0,7617968735214569;0,6802060063015218;37,251243460087835;155,6951011455684;884,5575488556462;0,013231878689689381
59,583333333333336;679,9999976234194;678,536293511175;569,4899675593052;0,7617968735214569;0,6802060063015218;36,92044814194162;154,31572496582103;884,6061716124673;0,013113877661345873
59,666666666666664;679,9999976859573;678,549290448715;569,7934975829719;0,7617968735214569;0,6802060063015218;36,59260280610965;152,9485930825672;884,6543821052169;0,01299693754008313
59,75;679,9999977468497;678,5621714973577;570,0961778522449;0,7617968735214569;0,6802060063015218;36,26768093105568;151,59359641692078;884,7021836767797;0,01288104864262404
59,833333333333336;679,9999978061396;678,5749376987342;570,3980107377488;0,7617968735214569;0,6802060063015218;35,94565623729977;150,25062686786;884,7495796455954;0,012766201376462128
59,916666666666664;679,9999978638693;678,5875900849732;570,6989986043409;0,7617968735214569;0,6802060063015218;35,626502685136074;148,9195773033617;884,7965733057893;0,012652386238971426
60,0;679,9999979200801;678,6001296787897;570,9991438111135;0,7617968735214569;0,6802060063015218;35,31019447240453;147,60034155164934;884,8431679273033;0,012539593816530033
60,083333333333336;679,9999979748117;678,6125574935734;571,298448711397;0,7617968735214569;0,6802060063015218;34,996706032259794;146,29281439250795;884,8893667560296;0,012427814783650116
60,166666666666664;679,9999980281029;678,6248745334755;571,596915652762;0,7617968735214569;0,6802060063015218;34,68601203095716;144,9968915486137;884,9351730139413;0,012317039902112246
60,25;679,9999980799919;678,6370817934956;571,8945469770233;0,7617968735214569;0,6802060063015218;34,37808736568684;143,71246967705147;884,9805898992244;0,012207260020117903
60,333333333333336;679,9999981305155;678,649180259567;572,1913450202419;0,7617968735214569;0,6802060063015218;34,07290716240823;142,43944636085146;885,0256205864112;0,012098466071445334
60,416666666666664;679,9999981797096;678,6611709086416;572,4873121127288;0,7617968735214569;0,6802060063015218;33,77044677371259;141,17772010060256;885,0702682265114;0,011990649074614593
60,5;679,9999982276091;678,6730547087736;572,7824505790483;0,7617968735214569;0,6802060063015218;33,47068177669996;139,92719030612915;885,1145359471458;0,011883800132059837
60,583333333333336;679,9999982742482;678,6848326192029;573,0767627380213;0,7617968735214569;0,6802060063015218;33,1735879708873;138,68775728831875;885,1584268526769;0,011777910429316031
60,666666666666664;679,9999983196602;678,6965055904371;573,3702509027293;0,7617968735214569;0,6802060063015218;32,8791413761337;137,4593222509242;885,2019440243427;0,011672971234206958
60,75;679,999998363877;678,7080745643332;573,6629173805173;0,7617968735214569;0,6802060063015218;32,58731823057701;136,2417872825021;885,2450905203891;0,011568973896045163
60,833333333333336;679,9999984069303;678,719540474178;573,9547644729988;0,7617968735214569;0,6802060063015218;32,29809498859595;135,03505534841045;885,2878693762018;0,01146590984483959
60,916666666666664;679,9999984488509;678,7309042447685;574,2457944760588;0,7617968735214569;0,6802060063015218;32,011448318809244;133,83903028289868;885,3302836044387;0,011363770590513812
61,0;679,9999984896682;678,7421667924906;574,5360096798585;0,7617968735214569;0,6802060063015218;31,72735510206053;132,65361678124546;885,3723361951636;0,011262547722128338
61,083333333333336;679,9999985294114;678,7533290253976;574,8254123688391;0,7617968735214569;0,6802060063015218;31,44579242944019;131,4787203919187;885,4140301159769;0,01116223290710875
61,166666666666664;679,9999985681088;678,7643918432882;575,1140048217267;0,7617968735214569;0,6802060063015218;31,166737600344163;130,31424750895724;885,4553683121478;0,011062817890493194
61,25;679,9999986057879;678,7753561377824;575,401789311536;0,7617968735214569;0,6802060063015218;30,890168120515682;129,16010536425617;885,496353706749;0,010964294494173807
61,333333333333336;679,9999986424756;678,7862227923986;575,6887681055758;0,7617968735214569;0,6802060063015218;30,616061700138175;128,01620202005554;885,536989200785;0,010866654616157266
61,416666666666664;679,9999986781978;678,7969926826285;575,974943465453;0,7617968735214569;0,6802060063015218;30,344396251925332;126,88244636138828;885,5772776733266;0,010769890229823898
61,5;679,9999987129801;678,8076666760116;576,2603176470774;0,7617968735214569;0,6802060063015218;30,0751498892339;125,75874808864623;885,6172219816426;0,010673993383198082
61,583333333333336;679,999998746847;678,8182456322099;576,5448929006673;0,7617968735214569;0,6802060063015218;29,808300924210585;124,64501771026809;885,6568249613299;0,010578956198230897
61,666666666666664;679,9999987798228;678,82873040308;576,8286714707536;0,7617968735214569;0,6802060063015218;29,543827865927597;123,54116653537184;885,6960894264465;0,010484770870079721
61,75;679,9999988119308;678,8391218327464;577,111655596186;0,7617968735214569;0,6802060063015218;29,281709418569335;122,44710666657556;885,7350181696421;0,010391429666405758
61,833333333333336;679,999998843194;678,8494207576731;577,3938475101371;0,7617968735214569;0,6802060063015218;29,02192447961056;121,36275099282189;885,7736139622889;0,010298924926672724
61,916666666666664;679,9999988736345;678,8596280067345;577,6752494401087;0,7617968735214569;0,6802060063015218;28,76445213802299;120,28801318225037;885,8118795546138;0,010207249061452218
62,0;679,999998903274;678,8697444012862;577,9558636079367;0,7617968735214569;0,6802060063015218;28,509271672498926;119,22280767521025;885,8498176758269;0,010116394551741341
62,083333333333336;679,9999989321335;678,8797707552345;578,2356922297972;0,7617968735214569;0,6802060063015218;28,256362549694813;118,1670496772473;885,8874310342542;0,010026353948281275
62,166666666666664;679,9999989602336;678,8897078751054;578,5147375162115;0,7617968735214569;0,6802060063015218;28,005704422474764;117,12065515219768;885,9247223174664;0,009937119870884647
62,25;679,9999989875943;678,8995565601132;578,7930016720525;0,7617968735214569;0,6802060063015218;27,75727712820526;116,08354081540374;885,9616941924085;0,009848685007776067
62,333333333333336;679,999999014235;678,9093176022282;579,0704868965499;0,7617968735214569;0,6802060063015218;27,51106068702711;115,0556241268705;885,9983493055311;0,009761042114928401
62,416666666666664;679,9999990401747;678,9189917862436;579,347195383297;0,7617968735214569;0,6802060063015218;27,26703530017005;114,03682328456648;886,034690282918;0,009674184015413223
62,5;679,9999990654318;678,9285798898424;579,6231293202562;0,7617968735214569;0,6802060063015218;27,02518134827585;113,02705721777578;886,0707197304163;0,00958810359875658
62,583333333333336;679,9999990900242;678,9380826836626;579,8982908897652;0,7617968735214569;0,6802060063015218;26,785479389735656;112,02624558050586;886,1064402337644;0,009502793820300915
62,666666666666664;679,9999991139695;678,9475009313632;580,1726822685436;0,7617968735214569;0,6802060063015218;26,54791015903868;111,03430874490985;886,1418543587216;0,00941824770056994
62,75;679,9999991372848;678,9568353896879;580,4463056276986;0,7617968735214569;0,6802060063015218;26,31245456515785;110,05116779487517;886,1769646511954;0,00933445832464874
62,833333333333336;679,9999991599865;678,9660868085294;580,7191631327323;0,7617968735214569;0,6802060063015218;26,079093689924093;109,07674451956395;886,2117736373694;0,009251418841560962
62,916666666666664;679,9999991820908;678,9752559309931;580,9912569435476;0,7617968735214569;0,6802060063015218;25,847808786426185;108,11096140703853;886,2462838238306;0,009169122463654812
63,0;679,9999992036135;678,984343493459;581,2625892144549;0,7617968735214569;0,6802060063015218;25,61858127744472;107,15374163803449;886,2804976976963;0,00908756246600265
63,083333333333336;679,9999992245698;678,9933502256448;581,5331620941793;0,7617968735214569;0,6802060063015218;25,391392753860487;106,20500907962669;886,3144177267422;0,009006732185792659
63,166666666666664;679,9999992449747;679,0022768506666;581,8029777258666;0,7617968735214569;0,6802060063015218;25,166224973125395;105,26468827912414;886,3480463595272;0,008926625021741625
63,25;679,9999992648426;679,0111240851;582,0720382470911;0,7617968735214569;0,6802060063015218;24,94305985770211;104,33270445786893;886,38138602552;0,008847234433500117
63,333333333333336;679,9999992841877;679,0198926390411;582,3403457898617;0,7617968735214569;0,6802060063015218;24,721879493563392;103,40898350523807;886,414439135224;0,008768553941076729
63,416666666666664;679,9999993030237;679,0285832161654;582,6079024806295;0,7617968735214569;0,6802060063015218;24,50266612866301;102,49345197254955;886,4472080803046;0,008690577124254922
63,5;679,9999993213642;679,0371965137874;582,874710440295;0,7617968735214569;0,6802060063015218;24,285402171457804;101,58603706716015;886,479695233711;0,008613297622027557
63,583333333333336;679,9999993392219;679,0457332229195;583,1407717842148;0,7617968735214569;0,6802060063015218;24,070070189418402;100,68666664654121;886,5119029498028;0,00853670913203018
63,666666666666664;679,9999993566098;679,0541940283294;583,4060886222096;0,7617968735214569;0,6802060063015218;23,856652907559805;99,79526921237283;886,5438335644732;0,008460805409977956
63,75;679,9999993735402;679,0625796085985;583,6706630585708;0,7617968735214569;0,6802060063015218;23,64513320700894;98,91177390484842;886,5754893952724;0,00838558026912055
63,833333333333336;679,999999390025;679,0708906361782;583,9344971920685;0,7617968735214569;0,6802060063015218;23,435494123540934;98,03611049682799;886,6068727415307;0,008311027579685524
63,916666666666664;679,999999406076;679,0791277774465;584,1975931159591;0,7617968735214569;0,6802060063015218;23,22771884616941;97,16820938816493;886,6379858844819;0,008237141268338233
64,0;679,9999994217047;679,0872916927641;584,4599529179924;0,7617968735214569;0,6802060063015218;23,021790715736756;96,30800160011384;886,6688310873841;0,008163915317648297
64,08333333333333;679,999999436922;679,0953830365296;584,7215786804197;0,7617968735214569;0,6802060063015218;22,81769322351579;95,45541876969429;886,6994105956429;0,008091343765554725
64,16666666666667;679,9999994517391;679,1034024572344;584,9824724800015;0,7617968735214569;0,6802060063015218;22,6154100098114;94,61039314412083;886,7297266369319;0,008019420704836524
64,25;679,9999994661662;679,111350597517;585,2426363880153;0,7617968735214569;0,6802060063015218;22,414924862616203;93,77285757539556;886,7597814213136;0,007948140282599051
64,33333333333333;679,9999994802135;679,1192280942167;585,5020724702632;0,7617968735214569;0,6802060063015218;22,216221716229256;92,9427455147972;886,7895771413596;0,007877496699751642
64,41666666666667;679,9999994938913;679,1270355784272;585,7607827870804;0,7617968735214569;0,6802060063015218;22,019284649920223;92,11999100750315;886,8191159722712;0,00780748421049832
64,5;679,9999995072093;679,1347736755491;586,0187693933428;0,7617968735214569;0,6802060063015218;21,82409788660209;91,30452868728169;886,848400071998;0,007738097121834802
64,58333333333333;679,9999995201766;679,1424430053422;586,2760343384755;0,7617968735214569;0,6802060063015218;21,630645791503866;90,49629377116563;886,8774315813571;0,007669329793045029
64,66666666666667;679,9999995328028;679,1500441819774;586,5325796664604;0,7617968735214569;0,6802060063015218;21,43891287086035;89,69522205419617;886,9062126241517;0,007601176635204559
64,75;679,9999995450968;679,1575778140881;586,7884074158451;0,7617968735214569;0,6802060063015218;21,248883770635985;88,90124990428852;886,9347453072883;0,007533632110695428
64,83333333333333;679,9999995570672;679,1650445048208;587,0435196197508;0,7617968735214569;0,6802060063015218;21,06054327521747;88,11431425699789;886,9630317208959;0,007466690732712845
64,91666666666667;679,9999995687226;679,1724448518856;587,2979183058807;0,7617968735214569;0,6802060063015218;20,873876306160355;87,33435261047008;886,9910739384404;0,007400347064789058
65,0;679,9999995800714;679,1797794476059;587,5516054965284;0,7617968735214569;0,6802060063015218;20,68886792092428;86,56130302036605;887,0188740168435;0,007334595720315407
65,08333333333333;679,9999995911215;679,187048878968;587,8045832085867;0,7617968735214569;0,6802060063015218;20,50550331163663;85,79510409489016;887,0464339965961;0,007269431362074199
65,16666666666667;679,9999996018809;679,1942537276698;588,0568534535557;0,7617968735214569;0,6802060063015218;20,323767803839132;85,03569498974791;887,073755901876;0,007204848701765345
65,25;679,999999612357;679,2013945701693;588,3084182375518;0,7617968735214569;0,6802060063015218;20,143646855277098;84,28301540328113;887,1008417406618;0,007140842499548813
65,33333333333333;679,9999996225577;679,2084719777329;588,5592795613161;0,7617968735214569;0,6802060063015218;19,965126054691495;83,53700557159567;887,1276935048465;0,007077407563587474
65,41666666666667;679,9999996324897;679,2154865164824;588,8094394202232;0,7617968735214569;0,6802060063015218;19,788191120619558;82,79760626373711;887,1543131703522;0,007014538749594551
65,5;679,9999996421604;679,2224387474428;589,05889980429;0,7617968735214569;0,6802060063015218;19,612827900181173;82,06475877681477;887,1807026972435;0,006952230960377263
65,58333333333333;679,9999996515768;679,2293292265882;589,3076626981847;0,7617968735214569;0,6802060063015218;19,439022367942016;81,33840493139515;887,2068640298396;0,00689047914540484
65,66666666666667;679,9999996607452;679,2361585048886;589,5557300812353;0,7617968735214569;0,6802060063015218;19,266760624714152;80,61848706669616;887,2327990968275;0,006829278300359319
65,75;679,9999996696724;679,2429271283553;589,803103927439;0,7617968735214569;0,6802060063015218;19,096028896413486;79,90494803596576;887,2585098113718;0,006768623466703532
65,83333333333333;679,9999996783648;679,2496356380866;590,0497862054708;0,7617968735214569;0,6802060063015218;18,926813532928577;79,19773120192713;887,2839980712274;0,006708509731255056
65,91666666666667;679,9999996868283;679,2562845703123;590,2957788786928;0,7617968735214569;0,6802060063015218;18,759101006955348;78,49678043206511;887,3092657588506;0,006648932225747629
66,0;679,9999996950693;679,2628744564388;590,5410839051632;0,7617968735214569;0,6802060063015218;18,592877912900008;77,80204009420791;887,3343147415069;0,006589886126418092
66,08333333333333;679,9999997030933;679,2694058230924;590,7857032376455;0,7617968735214569;0,6802060063015218;18,42813096576208;77,1134550520387;887,3591468713826;0,006531366653587761
66,16666666666667;679,9999997109062;679,2758791921636;591,0296388236178;0,7617968735214569;0,6802060063015218;18,26484700002311;76,43097066055186;887,3837639856924;0,0064733690712410604
66,25;679,9999997185134;679,2822950808503;591,2728926052818;0,7617968735214569;0,6802060063015218;18,103012968563803;75,75453276174908;887,4081679067891;0,00641588868662307
66,33333333333333;679,9999997259205;679,2886540017001;591,5154665195721;0,7617968735214569;0,6802060063015218;17,94261594157831;75,08408768019156;887,4323604422699;0,006358920849827675
66,41666666666667;679,9999997331328;679,2949564626535;591,757362498166;0,7617968735214569;0,6802060063015218;17,783643105508418;74,41958221873308;887,4563433850844;0,006302460953399996
66,5;679,9999997401552;679,3012029670855;591,9985824674923;0,7617968735214569;0,6802060063015218;17,626081761980572;73,76096365420882;887,4801185136419;0,006246504431936585
66,58333333333333;679,9999997469928;679,3073940138472;592,239128348741;0,7617968735214569;0,6802060063015218;17,46991932674291;73,10817973311661;887,5036875919163;0,006191046761685662
66,66666666666667;679,9999997536505;679,3135300973074;592,479002057873;0,7617968735214569;0,6802060063015218;17,315143328639238;72,4611786675088;887,5270523695528;0,0061360834601648356
66,75;679,999999760133;679,3196117073932;592,718205505629;0,7617968735214569;0,6802060063015218;17,161741408577313;71,81990913076963;887,5502145819723;0,006081610085771165
66,83333333333333;679,999999766445;679,3256393296306;592,9567405975398;0,7617968735214569;0,6802060063015218;17,00970131849715;71,1843202534737;887,5731759504756;0,00602762223739729
66,91666666666667;679,9999997725907;679,3316134451846;593,1946092339354;0,7617968735214569;0,6802060063015218;16,859010920359196;70,5543616192741;887,5959381823484;0,005974115554051482
67,0;679,9999997785749;679,3375345308991;593,4318133099546;0,7617968735214569;0,6802060063015218;16,70965818515242;69,9299832608865;887,6185029709638;0,005921085714486147
67,08333333333333;679,9999997844014;679,343403059336;593,6683547155553;0,7617968735214569;0,6802060063015218;16,561631191893866;69,31113565603621;887,6408719958848;0,005868528436823713
67,16666666666667;679,9999997900749;679,3492194988141;593,9042353355236;0,7617968735214569;0,6802060063015218;16,414918126636735;68,69776972343863;887,6630469229674;0,005816439478185888
67,25;679,9999997955988;679,3549843134484;594,1394570494837;0,7617968735214569;0,6802060063015218;16,26950728151826;68,08983681893456;887,6850294044614;0,005764814634336726
67,33333333333333;679,9999998009775;679,3606979631877;594,3740217319076;0,7617968735214569;0,6802060063015218;16,125387053759255;67,48728873143739;887,7068210791119;0,005713649739310003
67,41666666666667;679,9999998062146;679,3663609038528;594,6079312521257;0,7617968735214569;0,6802060063015218;15,982545944746107;66,89007767921983;887,7284235722599;0,0056629406650659285
67,5;679,999999811314;679,3719735871739;594,8411874743355;0,7617968735214569;0,6802060063015218;15,840972559047373;66,29815630589424;887,749838495942;0,005612683321122903
67,58333333333333;679,999999816279;679,3775364608281;595,0737922576121;0,7617968735214569;0,6802060063015218;15,700655603501446;65,71147767674;887,7710674489896;0,0055628736542183204
67,66666666666667;679,9999998211135;679,383049968476;595,3057474559185;0,7617968735214569;0,6802060063015218;15,561583886272956;65,1299952748573;887,7921120171277;0,005513507647955824
67,75;679,9999998258207;679,3885145497985;595,5370549181149;0,7617968735214569;0,6802060063015218;15,423746315937592;64,553662997465;887,8129737730737;0,0054645813224647975
67,83333333333333;679,9999998304042;679,3939306405325;595,767716487969;0,7617968735214569;0,6802060063015218;15,28713190055555;63,98243515210977;887,8336542766347;0,0054160907340534345
67,91666666666667;679,999999834867;679,3992986725074;595,9977340041661;0,7617968735214569;0,6802060063015218;15,151729746793308;63,41626645311903;887,8541550748037;0,00536803197488224
68,0;679,9999998392124;679,40461907368;596,2271093003191;0,7617968735214569;0,6802060063015218;15,017529058991386;62,8551120178211;887,8744777018579;0,005320401172618327
68,08333333333333;679,9999998434433;679,4098922681701;596,4558442049786;0,7617968735214569;0,6802060063015218;14,88451913830886;62,29892736303134;887,8946236794535;0,005273194490113552
68,16666666666667;679,999999847563;679,4151186762952;596,683940541643;0,7617968735214569;0,6802060063015218;14,752689381830919;61,74766840146066;887,9145945167204;0,005226408125075251
68,25;679,9999998515743;679,4202987146049;596,9114001287688;0,7617968735214569;0,6802060063015218;14,622029281696314;61,20129143815356;887,9343917103589;0,0051800383097407275
68,33333333333333;679,9999998554799;679,4254327959154;597,1382247797807;0,7617968735214569;0,6802060063015218;14,492528424236184;60,65975316697053;887,9540167447323;0,005134081310555963
68,41666666666667;679,999999859283;679,4305213293433;597,3644163030816;0,7617968735214569;0,6802060063015218;14,364176489112879;60,123010667107266;887,9734710919611;0,005088533427857229
68,5;679,9999998629858;679,4355647203388;597,5899765020632;0,7617968735214569;0,6802060063015218;14,236963248492884;59,59102139970994;887,9927562120165;0,005043390995561961
68,58333333333333;679,9999998665912;679,4405633707196;597,8149071751162;0,7617968735214569;0,6802060063015218;14,110878566174279;59,06374320432801;888,0118735528122;0,004998650380845823
68,66666666666667;679,9999998701018;679,4455176787035;598,0392101156403;0,7617968735214569;0,6802060063015218;13,985912396790923;58,54113429567713;888,0308245502971;0,004954307983846548
68,75;679,9999998735199;679,4504280389408;598,262887112055;0,7617968735214569;0,6802060063015218;13,862054784956968;58,023153260154686;888,0496106285465;0,004910360237347179
68,83333333333333;679,9999998768482;679,4552948425472;598,4859399478094;0,7617968735214569;0,6802060063015218;13,73929586447673;57,50975905261008;888,0682331998519;0,004866803606481529
68,91666666666667;679,9999998800888;679,4601184771357;598,708370401393;0,7617968735214569;0,6802060063015218;13,617625857523308;57,00091099300795;888,0866936648129;0,00482363458843055
69,0;679,9999998832442;679,4648993268478;598,9301802463461;0,7617968735214569;0,6802060063015218;13,497035073828556;56,49656876311723;888,1049934124263;0,004780849712121565
69,08333333333333;679,9999998863166;679,4696377723857;599,15137125127;0,7617968735214569;0,6802060063015218;13,377513909910022;55,996692403377395;888,1231338201749;0,004738445537942499
69,16666666666667;679,999999889308;679,4743341910431;599,3719451798372;0,7617968735214569;0,6802060063015218;13,25905284827229;55,501242309613325;888,1411162541161;0,004696418657444332
69,25;679,9999998922208;679,4789889567362;599,5919037908026;0,7617968735214569;0,6802060063015218;13,141642456622549;55,01017922985726;888,1589420689709;0,004654765693052173
69,33333333333333;679,9999998950569;679,483602440034;599,8112488380132;0,7617968735214569;0,6802060063015218;13,025273387114567;54,523464261255654;888,17661260821;0,004613483297784393
69,41666666666667;679,9999998978184;679,4881750081889;600,0299820704191;0,7617968735214569;0,6802060063015218;12,909936375572784;54,041058846905855;888,1941292041416;0,004572568154965924
69,5;679,9999999005073;679,4927070251669;600,2480238614593;0,7617968735214569;0,6802060063015218;12,795622240736293;53,56292477276296;888,2114931779973;0,004532016977948024
69,58333333333333;679,9999999031253;679,4971988516767;600,4654864277268;0,7617968735214569;0,6802060063015218;12,68232188351135;53,08902416459092;888,2287058400188;0,004491826509831939
69,66666666666667;679,9999999056746;679,5016508451998;600,6823711028795;0,7617968735214569;0,6802060063015218;12,570026286215352;52,61931948488046;888,2457684895423;0,004451993523190034
69,75;679,9999999081566;679,5060633600197;600,8986792190736;0,7617968735214569;0,6802060063015218;12,458726511869145;52,15377352996262;888,2626824150832;0,0044125148198038665
69,83333333333333;679,9999999105734;679,5104367472501;601,1144121069545;0,7617968735214569;0,6802060063015218;12,348413703423944;51,69234942681595;888,2794488944207;0,004373387230377168
69,91666666666667;679,9999999129266;679,5147713548644;601,3295710956485;0,7617968735214569;0,6802060063015218;12,23907908308206;51,23501063034242;888,2960691946815;0,004334607614287524
70,0;679,9999999152178;679,5190675277237;601,5441575127538;0,7617968735214569;0,6802060063015218;12,130713951555094;50,78172092029641;888,3125445724219;0,004296172859310378
70,08333333333333;679,9999999174488;679,523325607605;601,7581726843325;0,7617968735214569;0,6802060063015218;12,02330968735339;50,33244439839458;888,3288762737116;0,004258079881357786
70,16666666666667;679,9999999196211;679,5275459332292;601,9716179349019;0,7617968735214569;0,6802060063015218;11,916857746095388;49,88714548548475;888,3450655342147;0,0042203256242228475
70,25;679,9999999217363;679,5317288402886;602,1844945874261;0,7617968735214569;0,6802060063015218;11,811349659797088;49,4457889186521;888,3611135792723;0,004182907059318739
70,33333333333333;679,9999999237957;679,5358746614739;602,3968039633077;0,7617968735214569;0,6802060063015218;11,706777036192761;49,00833974842491;888,3770216239822;0,004145821185426969
70,41666666666667;679,9999999258009;679,5399837265023;602,6085473823796;0,7617968735214569;0,6802060063015218;11,60313155804431;48,5747633359583;888,3927908732791;0,004109065028443592
70,5;679,9999999277535;679,5440563621435;602,819726162897;0,7617968735214569;0,6802060063015218;11,50040498246483;48,145025350258486;888,4084225220159;0,004072635641129417
70,58333333333333;679,9999999296546;679,5480928922464;603,0303416215291;0,7617968735214569;0,6802060063015218;11,398589140250692;47,71909176546238;888,4239177550425;0,00403653010286482
70,66666666666667;679,9999999315056;679,5520936377658;603,240395073351;0,7617968735214569;0,6802060063015218;11,29767593520512;47,296928858054535;888,4392777472831;0,004000745519399959
70,75;679,999999933308;679,5560589167884;603,449887831836;0,7617968735214569;0,6802060063015218;11,197657343495848;46,878503204231656;888,4545036638159;0,003965279022617608
70,83333333333333;679,999999935063;679,5599890445587;603,6588212088476;0,7617968735214569;0,6802060063015218;11,098525412990057;46,463781677196984;888,4695966599506;0,003930127770289902
70,91666666666667;679,9999999367717;679,5638843335046;603,8671965146315;0,7617968735214569;0,6802060063015218;11,000272262606359;46,05273144450272;888,4845578813055;0,003895288945839749
71,0;679,9999999384355;679,5677450932627;604,0750150578082;0,7617968735214569;0,6802060063015218;10,902890081678152;45,64531996541454;888,4993884638836;0,0038607597581047652
71,08333333333333;679,9999999400555;679,5715716307038;604,2822781453651;0,7617968735214569;0,6802060063015218;10,806371129319814;45,24151498835364;888,5140895341497;0,003826537441106908
71,16666666666667;679,999999941633;679,5753642499576;604,4889870826489;0,7617968735214569;0,6802060063015218;10,710707733792901;44,841284548268675;888,528662209105;0,003792619253817549
71,25;679,9999999431689;679,5791232524375;604,6951431733581;0,7617968735214569;0,6802060063015218;10,61589229188371;44,44459696409254;888,5431075963629;0,0037590024799293324
71,33333333333333;679,9999999446643;679,5828489368652;604,9007477195355;0,7617968735214569;0,6802060063015218;10,521917268283687;44,051420836206596;888,5574267942236;0,0037256844276289443
71,41666666666667;679,9999999461204;679,5865415992945;605,1058020215606;0,7617968735214569;0,6802060063015218;10,428775194978357;43,661725043930694;888,5716208917477;0,0036926624293724362
71,5;679,9999999475382;679,5902015331361;605,3103073781427;0,7617968735214569;0,6802060063015218;10,33645867064763;43,275478743061186;888,5856909688292;0,0036599338416648066
71,58333333333333;679,9999999489187;679,5938290291809;605,5142650863133;0,7617968735214569;0,6802060063015218;10,244960360051891;42,892651363360955;888,5996380962706;0,0036274960448355337
71,66666666666667;679,9999999502629;679,5974243756237;605,7176764414189;0,7617968735214569;0,6802060063015218;10,15427299344367;42,51321260612698;888,6134633358531;0,0035953464428213487
71,75;679,9999999515717;679,6009878580867;605,9205427371138;0,7617968735214569;0,6802060063015218;10,06438936597931;42,137132441794776;888,6271677404102;0,0035634824629517214
71,83333333333333;679,999999952846;679,6045197596424;606,1228652653534;0,7617968735214569;0,6802060063015218;9,975302337124958;41,764381107480126;888,6407523538979;0,0035319015557298684
71,91666666666667;679,9999999540869;679,608020360837;606,3246453163867;0,7617968735214569;0,6802060063015218;9,887004830090973;41,39492910468317;888,654218211467;0,0035006011946269676
72,0;679,999999955295;679,6114899397129;606,5258841787497;0,7617968735214569;0,6802060063015218;9,799489831246433;41,028747196855974;888,6675663395333;0,003469578875865882
72,08333333333333;679,9999999564714;679,6149287718312;606,7265831392584;0,7617968735214569;0,6802060063015218;9,712750389553548;40,66580640710295;888,6807977558465;0,0034388321182155014
72,16666666666667;679,9999999576168;679,618337130294;606,9267434830019;0,7617968735214569;0,6802060063015218;9,62677961600491;40,30607801585175;888,6939134695613;0,0034083584627834238
72,25;679,9999999587321;679,6217152857668;607,1263664933359;0,7617968735214569;0,6802060063015218;9,541570683069267;39,949533558583255;888,706914481305;0,0033781554728134406
72,33333333333333;679,9999999598181;679,6250635065003;607,3254534518757;0,7617968735214569;0,6802060063015218;9,45711682413446;39,59614482353194;888,7198017832472;0,0033482207334809724
72,41666666666667;679,9999999608754;679,6283820583519;607,5240056384897;0,7617968735214569;0,6802060063015218;9,37341133294467;39,2458838494085;888,7325763591679;0,003318551851689805
72,5;679,9999999619049;679,6316712048078;607,7220243312933;0,7617968735214569;0,6802060063015218;9,29044756308599;38,898722923229464;888,745239184523;0,0032891464558796016
72,58333333333333;679,9999999629074;679,6349312070037;607,9195108066414;0,7617968735214569;0,6802060063015218;9,208218927426515;38,55463457805819;888,757791226515;0,003260002195824404
72,66666666666667;679,9999999638835;679,6381623237461;608,1164663391231;0,7617968735214569;0,6802060063015218;9,126718897593378;38,2135915908493;888,7702334441557;0,0032311167424409057
72,75;679,9999999648338;679,6413648115337;608,3128922015547;0,7617968735214569;0,6802060063015218;9,045941003435587;37,8755669802081;888,782566788335;0,003202487787590087
72,83333333333333;679,9999999657591;679,6445389245775;608,5087896649735;0,7617968735214569;0,6802060063015218;8,965878832503904;37,54053400429408;888,7947922018855;0,0031741130438900115
72,91666666666667;679,9999999666602;679,6476849148221;608,7041599986316;0,7617968735214569;0,6802060063015218;8,886526029539255;37,208466158687415;888,8069106196481;0,003145990244526831
73,0;679,9999999675375;679,6508030319652;608,8990044699897;0,7617968735214569;0,6802060063015218;8,80787629595261;36,8793371742518;888,8189229685361;0,0031181171430651133
73,08333333333333;679,9999999683918;679,6538935234785;609,0933243447113;0,7617968735214569;0,6802060063015218;8,729923389307714;36,55312101501575;888,8308301676;0,00309049151325976
73,16666666666667;679,9999999692235;679,6569566346274;609,2871208866562;0,7617968735214569;0,6802060063015218;8,652661122832228;36,229791876160924;888,8426331280907;0,0030631111488773214
73,25;679,9999999700334;679,6599926084908;609,4803953578748;0,7617968735214569;0,6802060063015218;8,576083364903297;35,90932418188498;888,8543327535234;0,0030359738635071434
73,33333333333333;679,9999999708219;679,6630016859812;609,6731490186022;0,7617968735214569;0,6802060063015218;8,500184038564385;35,59169258343422;888,86592993974;0,0030090774903863745
73,41666666666667;679,9999999715897;679,6659841058633;609,8653831272522;0,7617968735214569;0,6802060063015218;8,42495712101936;35,27687195701433;888,877425574972;0,0029824198822152362
73,5;679,9999999723374;679,6689401047744;610,0570989404118;0,7617968735214569;0,6802060063015218;8,350396643157865;34,96483740182313;888,8888205399018;0,0029559989109828933
73,58333333333333;679,9999999730652;679,6718699172421;610,248297712835;0,7617968735214569;0,6802060063015218;8,276496689074975;34,6555642380831;888,9001157077246;0,002929812467793051
73,66666666666667;679,999999973774;679,6747737757048;610,4389806974376;0,7617968735214569;0,6802060063015218;8,203251395576672;34,34902800501501;888,9113119442084;0,0029038584626846936
73,75;679,9999999744641;679,6776519105292;610,6291491452915;0,7617968735214569;0,6802060063015218;8,130654951730776;34,045204458959105;888,9224101077564;0,0028781348244661218
73,83333333333333;679,999999975136;679,6805045500298;610,8188043056191;0,7617968735214569;0,6802060063015218;8,058701598372409;33,74406957135977;888,9334110494656;0,002852639500536699
73,91666666666667;679,9999999757903;679,6833319204866;611,0079474257876;0,7617968735214569;0,6802060063015218;7,98738562765493;33,4455995269089;888,9443156131874;0,002827370456722654
74,0;679,9999999764274;679,6861342461636;611,1965797513041;0,7617968735214569;0,6802060063015218;7,9167013825923505;33,1497707216523;888,9551246355858;0,0028023256771099016
74,08333333333333;679,9999999770478;679,6889117493275;611,3847025258098;0,7617968735214569;0,6802060063015218;7,846643256593211;32,85655976107406;888,9658389461965;0,002777503163874892
74,16666666666667;679,9999999776517;679,6916646502647;611,5723169910749;0,7617968735214569;0,6802060063015218;7,77720569300584;32,56594345823618;888,9764593674867;0,0027529009371201297
74,25;679,9999999782398;679,6943931672994;611,7594243869936;0,7617968735214569;0,6802060063015218;7,708383184674972;32,277898831910875;888,9869867149109;0,002728517034710084
74,33333333333333;679,9999999788124;679,6970975168115;611,9460259515783;0,7617968735214569;0,6802060063015218;7,640170273509739;31,992403104834672;888,9974217969693;0,002704349512116292
74,41666666666667;679,9999999793698;679,6997779132537;612,1321229209552;0,7617968735214569;0,6802060063015218;7,572561550023238;31,709433701803786;889,0077654152653;0,0026803964422498125
74,5;679,9999999799128;679,702434569169;612,3177165293588;0,7617968735214569;0,6802060063015218;7,505551652903364;31,42896824788392;889,0180183645614;0,002656655915303721
74,58333333333333;679,9999999804413;679,7050676952076;612,502808009127;0,7617968735214569;0,6802060063015218;7,43913526859501;31,15098456671236;889,0281814328359;0,0026331260386027963
74,66666666666667;679,9999999809561;679,7076775001441;612,6873985906963;0,7617968735214569;0,6802060063015218;7,373307130842477;30,875460678578566;889,0382554013381;0,002609804936435469
74,75;679,9999999814572;679,710264190894;612,8714895025969;0,7617968735214569;0,6802060063015218;7,308062020300099;30,602374798855468;889,0482410446442;0,0025866907499144764
74,83333333333333;679,9999999819452;679,7128279725308;613,0550819714479;0,7617968735214569;0,6802060063015218;7,243394764080335;30,33170533609852;889,0581391307119;0,002563781636810664
74,91666666666667;679,9999999824201;679,7153690483023;613,2381772219522;0,7617968735214569;0,6802060063015218;7,17930023535871;30,06343089043267;889,067950420935;0,0025410757714104232
75,0;679,9999999828829;679,7178876196466;613,4207764768927;0,7617968735214569;0,6802060063015218;7,115773352947485;29,79753025179541;889,0776756701978;0,002518571344361272
75,08333333333333;679,9999999833333;679,7203838862091;613,6028809571264;0,7617968735214569;0,6802060063015218;7,052809080906286;29,533982398312663;889,0873156269282;0,002496266562529115
75,16666666666667;679,9999999837718;679,722858045858;613,7844918815812;0,7617968735214569;0,6802060063015218;6,990402428104403;29,272766494504882;889,0968710331517;0,002474159648840717
75,25;679,9999999841988;679,7253102947001;613,96561046725;0,7617968735214569;0,6802060063015218;6,928548447845628;29,01386188973311;889,1063426245439;0,0024522488421469093
75,33333333333333;679,9999999846145;679,7277408270971;614,1462379291877;0,7617968735214569;0,6802060063015218;6,867242237467508;28,75724811654535;889,1157311304826;0,0024305323970773432
75,41666666666667;679,9999999850195;679,730149835681;614,3263754805055;0,7617968735214569;0,6802060063015218;6,806478937934912;28,50290488899709;889,1250372741006;0,002409008583893177
75,5;679,9999999854136;679,7325375113694;614,5060243323672;0,7617968735214569;0,6802060063015218;6,7462537334620265;28,25081210107889;889,1342617723369;0,002387675688349103
75,58333333333333;679,9999999857976;679,734904043381;614,6851856939852;0,7617968735214569;0,6802060063015218;6,686561851105921;28,000949825055372;889,1434053359885;0,0023665320115474676
75,66666666666667;679,9999999861712;679,7372496192507;614,8638607726156;0,7617968735214569;0,6802060063015218;6,627398560414122;27,753298309996158;889,1524686697603;0,002345575869809269
75,75;679,9999999865352;679,7395744248453;615,0420507735544;0,7617968735214569;0,6802060063015218;6,568759173012495;27,507837980070565;889,1614524723162;0,002324805594525038
75,83333333333333;679,9999999868895;679,7418786443773;615,2197569001332;0,7617968735214569;0,6802060063015218;6,510639042247135;27,264549433074848;889,1703574363303;0,0023042195320253553
75,91666666666667;679,9999999872344;679,7441624604207;615,3969803537157;0,7617968735214569;0,6802060063015218;6,453033562806354;27,023413438870843;889,1791842485343;0,0022838160434440545
76,0;679,9999999875704;679,7464260539253;615,5737223336928;0,7617968735214569;0,6802060063015218;6,395938170342674;26,78441093780618;889,1879335897693;0,0022635935045802343
76,08333333333333;679,9999999878975;679,7486696042312;615,7499840374795;0,7617968735214569;0,6802060063015218;6,339348341126083;26,547523039304256;889,1966061350322;0,002243550305774078
76,16666666666667;679,9999999882159;679,7508932890829;615,9257666605106;0,7617968735214569;0,6802060063015218;6,283259591657497;26,31273102024384;889,2052025535269;0,00222368485176567
76,25;679,9999999885259;679,7530972846445;616,1010713962368;0,7617968735214569;0,6802060063015218;6,227667478324861;26,080016323556453;889,2137235087101;0,002203995561571662
76,33333333333333;679,999999988828;679,7552817655128;616,275899436121;0,7617968735214569;0,6802060063015218;6,172567597036505;25,84936055669084;889,2221696583414;0,0021844808683513955
76,41666666666667;679,9999999891219;679,7574469047321;616,4502519696349;0,7617968735214569;0,6802060063015218;6,117955582880086;25,62074549021404;889,2305416545289;0,0021651392192841537
76,5;679,9999999894081;679,7595928738075;616,6241301842549;0,7617968735214569;0,6802060063015218;6,0638271097445795;25,394153056242672;889,2388401437777;0,00214596907543239
76,58333333333333;679,9999999896869;679,7617198427191;616,7975352654587;0,7617968735214569;0,6802060063015218;6,010177890016166;25,16956534718423;889,2470657670351;0,0021269689116312153
76,66666666666667;679,9999999899583;679,7638279799355;616,9704683967216;0,7617968735214569;0,6802060063015218;5,957003674194539;24,946964614153615;889,2552191597385;0,0021081372163503634
76,75;679,9999999902225;679,7659174524271;617,1429307595133;0,7617968735214569;0,6802060063015218;5,904300250568895;24,72633326562587;889,2633009518609;0,0020894724915764195
76,83333333333333;679,9999999904798;679,7679884256797;617,3149235332942;0,7617968735214569;0,6802060063015218;5,8520634448854025;24,507653866059375;889,2713117679552;0,002070973252692514
76,91666666666667;679,9999999907303;679,770041063708;617,486447895512;0,7617968735214569;0,6802060063015218;5,800289120000457;24,290909134471093;889,2792522272019;0,0020526380283538413
77,0;679,9999999909743;679,7720755290684;617,6575050215986;0,7617968735214569;0,6802060063015218;5,748973175556671;24,07608194308191;889,2871229434523;0,0020344653603695736
77,08333333333333;679,9999999912118;679,7740919828719;617,8280960849663;0,7617968735214569;0,6802060063015218;5,6981115476475;23,863155315932463;889,2949245252735;0,0020164538035820595
77,16666666666667;679,999999991443;679,7760905847977;617,9982222570053;0,7617968735214569;0,6802060063015218;5,647700208496076;23,652112427558034;889,3026575759927;0,001998601925751068
77,25;679,9999999916681;679,7780714931051;618,1678847070799;0,7617968735214569;0,6802060063015218;5,5977351661340435;23,442936601648668;889,3103226937413;0,0019809083074371005
77,33333333333333;679,9999999918874;679,7800348646471;618,3370846025257;0,7617968735214569;0,6802060063015218;5,548212464074709;23,2356113097056;889,3179204714982;0,0019633715418841133
77,41666666666667;679,9999999921009;679,781980854882;618,5058231086464;0,7617968735214569;0,6802060063015218;5,499128181008928;23,0301201697752;889,3254514971323;0,0019459902349091447
77,5;679,9999999923087;679,7839096178868;618,6741013887107;0,7617968735214569;0,6802060063015218;5,450478430472572;22,826446945064795;889,3329163534469;0,0019287630047820008
77,58333333333333;679,9999999925111;679,7858213063689;618,8419206039497;0,7617968735214569;0,6802060063015218;5,402259360548101;22,62457554273199;889,3403156182203;0,0019116884821191568
77,66666666666667;679,9999999927082;679,7877160716787;619,0092819135534;0,7617968735214569;0,6802060063015218;5,354467153554765;22,424490012566924;889,34764986425;0,0018947653097696432
77,75;679,9999999929;679,7895940638214;619,1761864746684;0,7617968735214569;0,6802060063015218;5,30709802573881;22,22617454572992;889,3549196593933;0,0018779921427047577
77,83333333333333;679,9999999930869;679,7914554314693;619,3426354423947;0,7617968735214569;0,6802060063015218;5,260148226966521;22,029613473470643;889,3621255666087;0,001861367647906772
77,91666666666667;679,9999999932688;679,7933003219736;619,508629969783;0,7617968735214569;0,6802060063015218;5,213614040440007;21,83479126596172;889,3692681439983;0,0018448905042670392
78,0;679,999999993446;679,7951288813761;619,6741712078323;0,7617968735214569;0,6802060063015218;5,167491782381717;21,64169253097362;889,3763479448462;0,0018285594024712087
78,08333333333333;679,9999999936184;679,796941254421;619,8392603054866;0,7617968735214569;0,6802060063015218;5,121777801747385;21,450302012697186;889,3833655176624;0,0018123730448964843
78,16666666666667;679,9999999937863;679,7987375845664;620,0038984096332;0,7617968735214569;0,6802060063015218;5,076468479936125;21,26060459054032;889,39032140622;0,0017963301455069926
78,25;679,9999999939498;679,8005180139962;620,168086665099;0,7617968735214569;0,6802060063015218;5,031560230497689;21,07258527790623;889,3972161495965;0,0017804294297477372
78,33333333333333;679,9999999941091;679,8022826836307;620,3318262146493;0,7617968735214569;0,6802060063015218;4,987049498839724;20,886229220990124;889,404050282214;0,0017646696344398671
78,41666666666667;679,999999994264;679,8040317331383;620,4951181989838;0,7617968735214569;0,6802060063015218;4,942932761960606;20,70152169766447;889,4108243338767;0,0017490495076837767
78,5;679,999999994415;679,8057653009471;620,6579637567357;0,7617968735214569;0,6802060063015218;4,899206528142486;20,518448116194513;889,4175388298108;0,0017335678087479589
78,58333333333333;679,999999994562;679,8074835242551;620,8203640244684;0,7617968735214569;0,6802060063015218;4,8558673366983385;20,33699401423057;889,4241942907036;0,0017182233079804682
78,66666666666667;679,9999999947051;679,8091865390418;620,9823201366734;0,7617968735214569;0,6802060063015218;4,8129117576735325;20,15714505751615;889,430791232741;0,0017030147866979456
78,75;679,9999999948444;679,8108744800788;621,1438332257679;0,7617968735214569;0,6802060063015218;4,770336391584351;19,97888703883968;889,4373301676457;0,0016879410370938205
78,83333333333333;679,99999999498;679,812547480941;621,3049044220932;0,7617968735214569;0,6802060063015218;4,728137869139459;19,802205876860704;889,443811602715;0,0016730008621368368
78,91666666666667;679,9999999951121;679,8142056740165;621,4655348539115;0,7617968735214569;0,6802060063015218;4,6863128509755825;19,627087615028408;889,450236040859;0,0016581930754768785
79,0;679,9999999952408;679,8158491905178;621,6257256474049;0,7617968735214569;0,6802060063015218;4,644858027390342;19,453518420455808;889,4566039806356;0,0016435165013476364
79,08333333333333;679,999999995366;679,8174781604923;621,7854779266723;0,7617968735214569;0,6802060063015218;4,60377011807509;19,281484582830878;889,4629159162891;0,0016289699744718178
79,16666666666667;679,999999995488;679,8190927128323;621,9447928137281;0,7617968735214569;0,6802060063015218;4,563045871842064;19,110972513261217;889,4691723377871;0,0016145523399614878
79,25;679,9999999956067;679,8206929752856;622,1036714284999;0,7617968735214569;0,6802060063015218;4,522682066391326;18,941968743321755;889,4753737308547;0,0016002624532350093
79,33333333333333;679,9999999957223;679,8222790744655;622,2621148888265;0,7617968735214569;0,6802060063015218;4,482675508026546;18,774459923877263;889,4815205770119;0,0015860991799151742
79,41666666666667;679,9999999958349;679,8238511358613;622,4201243104563;0,7617968735214569;0,6802060063015218;4,443023031419102;18,60843282408945;889,4876133536088;0,001572061395743258
79,5;679,9999999959444;679,8254092838478;622,5777008070453;0,7617968735214569;0,6802060063015218;4,403721499338076;18,443874330309637;889,4936525338613;0,0015581479864829823
79,58333333333333;679,9999999960512;679,8269536416956;622,7348454901551;0,7617968735214569;0,6802060063015218;4,364767802417191;18,28077144510427;889,4996385868853;0,0015443578478360953
79,66666666666667;679,9999999961551;679,828484331581;622,8915594692514;0,7617968735214569;0,6802060063015218;4,326158858890494;18,119111286151302;889,5055719777329;0,0015306898853470483
79,75;679,9999999962563;679,8300014745953;623,0478438517024;0,7617968735214569;0,6802060063015218;4,287891614353612;17,958881085265716;889,5114531674255;0,0015171430143182626
79,83333333333333;679,9999999963549;679,831505190755;623,2036997427767;0,7617968735214569;0,6802060063015218;4,249963041525007;17,800068187391858;889,5172826129883;0,0015037161597231674
79,91666666666667;679,9999999964507;679,8329955990112;623,3591282456423;0,7617968735214569;0,6802060063015218;4,212370139995869;17,642660049577298;889,523060767485;0,0014904082561172343
80,0;679,999999996544;679,8344728172588;623,5141304613644;0,7617968735214569;0,6802060063015218;4,17510993598853;17,4866442399467;889,5287880800505;0,001477218247549637
80,08333333333333;679,999999996635;679,8359369623463;623,6687074889043;0,7617968735214569;0,6802060063015218;4,138179482131932;17,33200843681226;889,5344649959251;0,0014641450874854076
80,16666666666667;679,9999999967235;679,837388150085;623,8228604251176;0,7617968735214569;0,6802060063015218;4,101575857217199;17,178740427599585;889,5400919564868;0,0014511877387136983
80,25;679,9999999968097;679,8388264952582;623,9765903647533;0,7617968735214569;0,6802060063015218;4,0652961659645825;17,02682810793968;889,5456693992843;0,0014383451732681658
80,33333333333333;679,9999999968937;679,8402521116305;624,1298984004518;0,7617968735214569;0,6802060063015218;4,0293375387875585;16,876259480646496;889,5511977580709;0,0014256163723393959
80,41666666666667;679,9999999969755;679,8416651119568;624,282785622744;0,7617968735214569;0,6802060063015218;3,9936971315796654;16,727022654838464;889,5566774628348;0,0014130003261987308
80,5;679,999999997055;679,8430656079909;624,4352531200495;0,7617968735214569;0,6802060063015218;3,9583721254672355;16,579105844923404;889,5621089398329;0,0014004960341104777
80,58333333333333;679,9999999971326;679,8444537104951;624,5873019786761;0,7617968735214569;0,6802060063015218;3,923359726604758;16,432497369753282;889,5674926116205;0,0013881025042586472
80,66666666666667;679,999999997208;679,8458295292488;624,7389332828178;0,7617968735214569;0,6802060063015218;3,888657165936138;16,28718565160545;889,5728288970854;0,0013758187536595512
80,75;679,9999999972815;679,8471931730569;624,890148114554;0,7617968735214569;0,6802060063015218;3,8542616989786893;16,14315921530416;889,5781182114771;0,0013636438080855571
80,83333333333333;679,999999997353;679,8485447497588;625,0409475538484;0,7617968735214569;0,6802060063015218;3,820170605615658;16,000406687356822;889,5833609664387;0,00135157670199045
80,91666666666667;679,9999999974227;679,8498843662372;625,1913326785477;0,7617968735214569;0,6802060063015218;3,7863811898546373;15,85891679494636;889,5885575700374;0,00133961647842269
81,0;679,9999999974905;679,8512121284261;625,341304564381;0,7617968735214569;0,6802060063015218;3,7528907796371413;15,718678365137597;889,5937084267956;0,0013277621889567761
81,08333333333333;679,9999999975565;679,8525281413198;625,4908642849581;0,7617968735214569;0,6802060063015218;3,7196967266083902;15,579680323924944;889,5988139377201;0,0013160128936111056
81,16666666666667;679,9999999976209;679,8538325089805;625,6400129117692;0,7617968735214569;0,6802060063015218;3,6867964059183578;15,441911695401906;889,6038745003334;0,0013043676607762972
81,25;679,9999999976834;679,8551253345477;625,7887515141836;0,7617968735214569;0,6802060063015218;3,6541872160086086;15,305361600875203;889,6088905087016;0,001292825567138797
81,33333333333333;679,9999999977443;679,8564067202452;625,9370811594488;0,7617968735214569;0,6802060063015218;3,621866578393451;15,17001925795676;889,6138623534662;0,0012813856976026093
81,41666666666667;679,9999999978037;679,8576767673904;626,08500291269;0,7617968735214569;0,6802060063015218;3,5898319374780385;15,035873979807022;889,6187904218712;0,0012700471452238963
81,5;679,9999999978616;679,8589355764016;626,232517836909;0,7617968735214569;0,6802060063015218;3,558080760330995;14,90291517418264;889,623675097794;0,001258809011129158
81,58333333333333;679,9999999979178;679,8601832468061;626,3796269929833;0,7617968735214569;0,6802060063015218;3,5266105364996747;14,771132342679795;889,6285167617729;0,0012476704044496864
81,66666666666667;679,9999999979726;679,8614198772483;626,5263314396659;0,7617968735214569;0,6802060063015218;3,495418777794157;14,64051507982249;889,6333157910362;0,0012366304422433382
81,75;679,9999999980259;679,8626455654977;626,6726322335842;0,7617968735214569;0,6802060063015218;3,4645030181081893;14,511053072328014;889,6380725595301;0,0012256882494309361
81,83333333333333;679,9999999980779;679,8638604084564;626,8185304292394;0,7617968735214569;0,6802060063015218;3,4338608132060244;14,382736098221066;889,6427874379473;0,0012148429587200422
81,91666666666667;679,9999999981285;679,8650645021669;626,9640270790062;0,7617968735214569;0,6802060063015218;3,4034897405376796;14,255554026054936;889,6474607937547;0,0012040937105379974
82,0;679,9999999981777;679,8662579418199;627,1091232331318;0,7617968735214569;0,6802060063015218;3,3733873990399843;14,129496814092072;889,6520929912209;0,0011934396529612408
82,08333333333333;679,9999999982257;679,8674408217615;627,2538199397356;0,7617968735214569;0,6802060063015218;3,343551408946155;14,004554509506791;889,6566843914438;0,0011828799416467464
82,16666666666667;679,9999999982724;679,8686132355014;627,398118244809;0,7617968735214569;0,6802060063015218;3,3139794116038956;13,880717247639682;889,6612353523774;0,0011724137397675855
82,25;679,9999999983178;679,8697752757193;627,5420191922142;0,7617968735214569;0,6802060063015218;3,284669069276447;13,757975251144943;889,6657462288589;0,0011620402179400454
82,33333333333333;679,9999999983621;679,8709270342736;627,6855238236847;0,7617968735214569;0,6802060063015218;3,255618064960686;13,63631882926324;889,6702173726354;0,0011517585541604947
82,41666666666667;679,9999999984052;679,8720686022073;627,8286331788242;0,7617968735214569;0,6802060063015218;3,2268241022137545;13,515738377087168;889,6746491323908;0,0011415679337423426
82,5;679,9999999984472;679,8732000697565;627,9713482951068;0,7617968735214569;0,6802060063015218;3,198284904948423;13,396224374693832;889,6790418537709;0,0011314675492418286
82,58333333333333;679,9999999984881;679,8743215263569;628,1136702078765;0,7617968735214569;0,6802060063015218;3,1699982172654018;13,27776738648045;889,6833958794116;0,0011214566004001919
82,66666666666667;679,9999999985279;679,875433060651;628,2555999503466;0,7617968735214569;0,6802060063015218;3,141961803279969;13,160358060411362;889,6877115489622;0,0011115342940794352
82,75;679,9999999985665;679,8765347604951;628,3971385535999;0,7617968735214569;0,6802060063015218;3,1141734469230187;13,043987127205984;889,6919891991132;0,0011016998441923335
82,83333333333333;679,9999999986043;679,8776267129667;628,5382870465888;0,7617968735214569;0,6802060063015218;3,0866309517847412;12,928645399685468;889,6962291636203;0,0010919524716461921
82,91666666666667;679,999999998641;679,878709004371;628,6790464561344;0,7617968735214569;0,6802060063015218;3,059332140938409;12,814323772041876;889,7004317733299;0,0010822914042799834
83,0;679,9999999986767;679,8797817202478;628,8194178069269;0,7617968735214569;0,6802060063015218;3,0322748567499502;12,701013219029806;889,7045973562048;0,001072715876795243
83,08333333333333;679,9999999987116;679,8808449453785;628,9594021215255;0,7617968735214569;0,6802060063015218;3,005456960721631;12,58870479533891;889,7087262373482;0,0010632251307016458
83,16666666666667;679,9999999987455;679,8818987637927;629,099000420358;0,7617968735214569;0,6802060063015218;2,9788763333272072;12,477389634899962;889,712818739028;0,0010538184142574862
83,25;679,9999999987785;679,8829432587751;629,2382137217214;0,7617968735214569;0,6802060063015218;2,9525308738186595;12,367058950061734;889,7168751807022;0,0010444949823994274
83,33333333333333;679,9999999988106;679,8839785128717;629,3770430417813;0,7617968735214569;0,6802060063015218;2,9264185000869247;12,257704031029945;889,7208958790427;0,001035254096693822
83,41666666666667;679,999999998842;679,885004607897;629,5154893945726;0,7617968735214569;0,6802060063015218;2,9005371484714715;12,149316245077358;889,724881147959;0,0010260950252689546
83,5;679,9999999988723;679,8860216249398;629,653553791999;0,7617968735214569;0,6802060063015218;2,874884773623876;12,041887035960588;889,728831298622;0,0010170170427650767
83,58333333333333;679,999999998902;679,88702964437;629,7912372438336;0,7617968735214569;0,6802060063015218;2,8494593483145536;11,93540792312281;889,7327466394873;0,001008019430265987
83,66666666666667;679,999999998931;679,8880287458453;629,9285407577188;0,7617968735214569;0,6802060063015218;2,8242588632991783;11,8298705011401;889,7366274763199;0,0009991014752513037
83,75;679,9999999989591;679,8890190083168;630,0654653391667;0,7617968735214569;0,6802060063015218;2,7992813271424666;11,725266438986889;889,7404741122153;0,0009902624715335162
83,83333333333333;679,9999999989865;679,8900005100361;630,2020119915594;0,7617968735214569;0,6802060063015218;2,7745247660561745;11,621587479349424;889,7442868476243;0,0009815017191992935
83,91666666666667;679,9999999990131;679,8909733285607;630,3381817161488;0,7617968735214569;0,6802060063015218;2,749987223759831;11,5188254380684;889,7480659803749;0,0009728185245611623
84,0;679,9999999990391;679,8919375407608;630,4739755120576;0,7617968735214569;0,6802060063015218;2,725666761310208;11,416972203400741;889,751811805695;0,0009642122000947407
84,08333333333333;679,9999999990645;679,8928932228251;630,6093943762789;0,7617968735214569;0,6802060063015218;2,7015614569592117;11,31601973544378;889,7555246162345;0,0009556820643889959
84,16666666666667;679,999999999089;679,8938404502672;630,7444393036776;0,7617968735214569;0,6802060063015218;2,6776694059833517;11,215960065437633;889,7592047020887;0,0009472274420862708
84,25;679,999999999113;679,8947792979311;630,8791112869897;0,7617968735214569;0,6802060063015218;2,6539887205444757;11,11678529515248;889,7628523508193;0,0009388476638302492
84,33333333333333;679,9999999991363;679,8957098399974;631,0134113168232;0,7617968735214569;0,6802060063015218;2,63051752954766;11,018487596320126;889,7664678474761;0,000930542066216757
84,41666666666667;679,9999999991591;679,8966321499892;631,147340381659;0,7617968735214569;0,6802060063015218;2,6072539784735227;10,92105920993638;889,7700514746193;0,0009223099917340261
84,5;679,9999999991812;679,8975463007779;631,2808994678508;0,7617968735214569;0,6802060063015218;2,584196229247482;10,824492445692618;889,7736035123405;0,0009141507887142998
84,58333333333333;679,9999999992028;679,8984523645892;631,4140895596258;0,7617968735214569;0,6802060063015218;2,561342460083438;10,728779681355679;889,7771242382845;0,0009060638112801809
84,66666666666667;679,9999999992237;679,8993504130085;631,5469116390857;0,7617968735214569;0,6802060063015218;2,538690865341664;10,63391336215513;889,78061392767;0,0008980484192924672
84,75;679,9999999992442;679,9002405169869;631,6793666862065;0,7617968735214569;0,6802060063015218;2,516239655381014;10,53988600016686;889,784072853311;0,000890103978297361
84,83333333333333;679,999999999264;679,9011227468463;631,81145567884;0,7617968735214569;0,6802060063015218;2,493987056433866;10,446690173811074;889,787501285637;0,0008822298594830396
84,91666666666667;679,9999999992833;679,901997172286;631,9431795927139;0,7617968735214569;0,6802060063015218;2,4719313104412777;10,354318527143603;889,7908994927134;0,0008744254396194347
85,0;679,9999999993023;679,902863862387;632,0745394014326;0,7617968735214569;0,6802060063015218;2,450070674933613;10,262763769364986;889,7942677402632;0,0008666901010159707
85,08333333333333;679,9999999993206;679,9037228856184;632,2055360764781;0,7617968735214569;0,6802060063015218;2,4284034228827522;10,17201867420035;889,7976062916861;0,0008590232314685688
85,16666666666667;679,9999999993385;679,9045743098427;632,3361705872106;0,7617968735214569;0,6802060063015218;2,406927842554296;10,082076079308848;889,8009154080786;0,0008514242242086781
85,25;679,999999999356;679,9054182023206;632,4664439008695;0,7617968735214569;0,6802060063015218;2,3856422373938813;9,992928885770574;889,804195348255;0,0008438924778599225
85,33333333333333;679,9999999993728;679,906254629717;632,5963569825739;0,7617968735214569;0,6802060063015218;2,3645449258850704;9,904570057521832;889,8074463687655;0,0008364273963893056
85,41666666666667;679,9999999993893;679,907083658106;632,7259107953237;0,7617968735214569;0,6802060063015218;2,3436342413958755;9,816992620701797;889,8106687239169;0,0008290283890516039
85,5;679,9999999994054;679,9079053529764;632,8551063000004;0,7617968735214569;0,6802060063015218;2,322908532082124;9,730189663264959;889,8138626657918;0,0008216948703557712
85,58333333333333;679,9999999994211;679,9087197792364;632,9839444553683;0,7617968735214569;0,6802060063015218;2,3023661607254553;9,644154334279799;889,8170284442682;0,0008144262600055017
85,66666666666667;679,9999999994363;679,9095270012193;633,1124262180746;0,7617968735214569;0,6802060063015218;2,282005504616791;9,558879843467402;889,8201663070372;0,0008072219828592655
85,75;679,9999999994511;679,9103270826882;633,2405525426515;0,7617968735214569;0,6802060063015218;2,2618249554255954;9,474359460651476;889,8232764996235;0,0008000814688833408
85,83333333333333;679,9999999994656;679,9111200868414;633,3683243815163;0,7617968735214569;0,6802060063015218;2,2418229190719785;9,390586515204687;889,8263592654034;0,0007930041531048029
85,91666666666667;679,9999999994797;679,911906076317;633,495742684973;0,7617968735214569;0,6802060063015218;2,2219978156044817;9,3075543955725;889,8294148456237;0,0007859894755701921
86,0;679,9999999994933;679,9126851131983;633,6228084012131;0,7617968735214569;0,6802060063015218;2,202348079066496;9,22525654868999;889,8324434794197;0,0007790368812961189
86,08333333333333;679,9999999995066;679,9134572590185;633,7495224763164;0,7617968735214569;0,6802060063015218;2,1828721573740495;9,143686479476136;889,8354454038339;0,0007721458202259393
86,16666666666667;679,9999999995197;679,9142225747657;633,8758858542529;0,7617968735214569;0,6802060063015218;2,1635685122021187;9,06283775037615;889,8384208538334;0,0007653157471902918
86,25;679,9999999995323;679,9149811208875;634,0018994768832;0,7617968735214569;0,6802060063015218;2,144435618848206;8,982703980770872;889,84137006233;0,000758546121857031
86,33333333333333;679,9999999995446;679,9157329572962;634,1275642839598;0,7617968735214569;0,6802060063015218;2,1254719661186527;8,903278846515395;889,8442932601948;0,0007518364086915352
86,41666666666667;679,9999999995566;679,9164781433731;634,2528812131288;0,7617968735214569;0,6802060063015218;2,106676056209267;8,824556079440752;889,8471906762786;0,0007451860769141096
86,5;679,9999999995682;679,9172167379735;634,3778511999307;0,7617968735214569;0,6802060063015218;2,0880464045887948;8,746529466855623;889,8500625374279;0,0007385946004575993
86,58333333333333;679,9999999995796;679,9179487994314;634,5024751778013;0,7617968735214569;0,6802060063015218;2,0695815398681816;8,669192851022189;889,8529090685032;0,000732061457922276
86,66666666666667;679,9999999995907;679,9186743855639;634,626754078074;0,7617968735214569;0,6802060063015218;2,051280003703937;8,592540128724272;889,8557304923957;0,0007255861325393522
86,75;679,9999999996014;679,9193935536761;634,7506888299799;0,7617968735214569;0,6802060063015218;2,0331403506702372;8,516565250772722;889,8585270300435;0,0007191681121280919
86,83333333333333;679,999999999612;679,9201063605651;634,8742803606502;0,7617968735214569;0,6802060063015218;2,0151611481338705;8,441262221451751;889,8612989004513;0,0007128068890490982
86,91666666666667;679,9999999996221;679,9208128625253;634,9975295951169;0,7617968735214569;0,6802060063015218;1,997340976171813;8,36662509817197;889,8640463207038;0,0007065019601746071
87,0;679,9999999996321;679,9215131153521;635,1204374563143;0,7617968735214569;0,6802060063015218;1,9796784274205947;8,292647990872412;889,8667695059846;0,0007002528268370269
87,08333333333333;679,9999999996418;679,9222071743469;635,2430048650806;0,7617968735214569;0,6802060063015218;1,9621721069995601;8,219325061673587;889,8694686695923;0,0006940589947996329
87,16666666666667;679,9999999996512;679,9228950943211;635,3652327401591;0,7617968735214569;0,6802060063015218;1,9448206323716022;8,14665052430903;889,8721440229558;0,0006879199742079132
87,25;679,9999999996604;679,9235769296007;635,4871219981997;0,7617968735214569;0,6802060063015218;1,9276226332522128;8,074618643741433;889,8747957756524;0,0006818352795567912
87,33333333333333;679,9999999996693;679,9242527340303;635,6086735537607;0,7617968735214569;0,6802060063015218;1,910576751492954;8,003223735675416;889,8774241354222;0,000675804429649072
87,41666666666667;679,999999999678;679,9249225609778;635,7298883193099;0,7617968735214569;0,6802060063015218;1,8936816409734547;7,932460166110899;889,8800293081845;0,0006698269475572406
87,5;679,9999999996865;679,9255864633384;635,8507672052264;0,7617968735214569;0,6802060063015218;1,876935967504778;7,862322350933386;889,8826114980541;0,0006639023605885603
87,58333333333333;679,9999999996948;679,9262444935387;635,9713111198018;0,7617968735214569;0,6802060063015218;1,860338408701523;7,792804755386136;889,8851709073568;0,0006580302002399943
87,66666666666667;679,9999999997028;679,9268967035408;636,0915209692425;0,7617968735214569;0,6802060063015218;1,843887653902243;7,723901893741648;889,8877077366451;0,000652210002170016
87,75;679,9999999997106;679,9275431448469;636,2113976576704;0,7617968735214569;0,6802060063015218;1,8275824040500765;7,6556083287886025;889,8902221847125;0,0006464413061551315
87,83333333333333;679,9999999997182;679,928183868503;636,3309420871253;0,7617968735214569;0,6802060063015218;1,811421371590427;7,587918671418446;889,8927144486098;0,0006407236560543656
87,91666666666667;679,9999999997256;679,9288189251027;636,450155157566;0,7617968735214569;0,6802060063015218;1,7954032803800146;7,520827580241522;889,8951847236609;0,0006350565997765407
88,0;679,9999999997328;679,9294483647919;636,5690377668723;0,7617968735214569;0,6802060063015218;1,7795268655703467;7,454329761103527;889,8976332034763;0,0006294396892390274
88,08333333333333;679,9999999997399;679,9300722372723;636,6875908108466;0,7617968735214569;0,6802060063015218;1,7637908735224528;7,388419966720093;889,9000600799685;0,0006238724803366813
88,16666666666667;679,9999999997467;679,9306905918052;636,8058151832158;0,7617968735214569;0,6802060063015218;1,7481940616903557;7,323092996196939;889,9024655433677;0,0006183545329008558
88,25;679,9999999997534;679,9313034772158;636,9237117756328;0,7617968735214569;0,6802060063015218;1,7327351985386485;7,258343694693978;889,9048497822351;0,0006128854106705592
88,33333333333333;679,9999999997599;679,9319109418971;637,0412814776782;0,7617968735214569;0,6802060063015218;1,7174130634401763;7,194166952982383;889,9072129834782;0,0006074646812549638
88,41666666666667;679,9999999997661;679,9325130338132;637,1585251768626;0,7617968735214569;0,6802060063015218;1,7022264465708759;7,130557707020108;889,909555332365;0,000602091916096986
88,5;679,9999999997723;679,9331098005036;637,2754437586277;0,7617968735214569;0,6802060063015218;1,6871741488245107;7,067510937579081;889,9118770125383;0,0005967666904417497
88,58333333333333;679,9999999997783;679,9337012890869;637,3920381063489;0,7617968735214569;0,6802060063015218;1,672254981716037;7,005021669857641;889,9141782060299;0,0005914885833032743
88,66666666666667;679,9999999997841;679,9342875462644;637,5083091013363;0,7617968735214569;0,6802060063015218;1,6574677672849703;6,943084973070816;889,9164590932739;0,0005862571774296596
88,75;679,9999999997898;679,9348686183237;637,6242576228376;0,7617968735214569;0,6802060063015218;1,6428113379930664;6,881695960018467;889,9187198531226;0,0005810720592663767
88,83333333333333;679,9999999997954;679,9354445511426;637,7398845480391;0,7617968735214569;0,6802060063015218;1,6282845366532683;6,8208497868084494;889,9209606628575;0,0005759328189322652
88,91666666666667;679,9999999998008;679,9360153901928;637,855190752068;0,7617968735214569;0,6802060063015218;1,6138862163188605;6,7605416523546245;889,9231816982051;0,0005708390501774737
89,0;679,9999999998059;679,9365811805432;637,9701771079946;0,7617968735214569;0,6802060063015218;1,5996152402010466;6,700766798081562;889,9253831333497;0,0005657903503574321
89,08333333333333;679,999999999811;679,9371419668636;638,0848444868336;0,7617968735214569;0,6802060063015218;1,5854704815694731;6,641520507463158;889,9275651409469;0,0005607863203943472
89,16666666666667;679,999999999816;679,9376977934284;638,1991937575469;0,7617968735214569;0,6802060063015218;1,5714508236868596;6,582798105790085;889,9297278921367;0,0005558265647566241
89,25;679,999999999821;679,9382487041198;638,3132257870451;0,7617968735214569;0,6802060063015218;1,5575551596924697;6,5245949596456585;889,9318715565571;0,0005509106914149305
89,33333333333333;679,9999999998256;679,9387947424316;638,4269414401895;0,7617968735214569;0,6802060063015218;1,5437823925282146;6,466906476632692;889,933996302357;0,0005460383118182797
89,41666666666667;679,9999999998303;679,9393359514725;638,5403415797942;0,7617968735214569;0,6802060063015218;1,5301314348505457;6,409728104971162;889,9361022962084;0,0005412090408603456
89,5;679,9999999998347;679,9398723739694;638,6534270666286;0,7617968735214569;0,6802060063015218;1,5166012089451897;6,353055333177081;889,9381897033219;0,0005364224968515065
89,58333333333333;679,999999999839;679,9404040522709;638,766198759419;0,7617968735214569;0,6802060063015218;1,5031906466333567;6,29688368964171;889,9402586874558;0,0005316783014835259
89,66666666666667;679,9999999998432;679,9409310283506;638,8786575148506;0,7617968735214569;0,6802060063015218;1,4898986892035282;6,241208742358415;889,9423094109311;0,0005269760798060393
89,75;679,9999999998473;679,9414533438108;638,9908041875702;0,7617968735214569;0,6802060063015218;1,4767242873148234;6,186026098520332;889,9443420346435;0,0005223154601923048
89,83333333333333;679,9999999998514;679,9419710398852;639,102639630188;0,7617968735214569;0,6802060063015218;1,463666400911734;6,131331404169713;889,9463567180761;0,0005176960743092545
89,91666666666667;679,9999999998554;679,9424841574423;639,2141646932798;0,7617968735214569;0,6802060063015218;1,4507239991559118;6,07712034389156;889,9483536193111;0,0005131175570917323
90,0;679,9999999998591;679,942992736989;639,325380225389;0,7617968735214569;0,6802060063015218;1,4378960603266933;6,023388640426058;889,9503328950426;0,0005085795467090693
90,08333333333333;679,9999999998628;679,9434968186736;639,4362870730293;0,7617968735214569;0,6802060063015218;1,425181571752887;5,97013205436221;889,9522947005878;0,0005040816845393294
90,16666666666667;679,9999999998664;679,9439964422887;639,5468860806864;0,7617968735214569;0,6802060063015218;1,4125795297303512;5,917346383801946;889,9542391899005;0,0004996236151405766
90,25;679,9999999998699;679,944491647275;639,6571780908205;0,7617968735214569;0,6802060063015218;1,400088939442412;5,865027464031613;889,9561665155818;0,0004952049862228451
90,33333333333333;679,9999999998734;679,9449824727236;639,7671639438687;0,7617968735214569;0,6802060063015218;1,3877088148745997;5,813171167152858;889,9580768288924;0,0004908254486169559
90,41666666666667;679,9999999998766;679,9454689573798;639,8768444782469;0,7617968735214569;0,6802060063015218;1,3754381787435932;5,7617734018021105;889,9599702797641;0,00048648465625034657
90,5;679,99999999988;679,9459511396459;639,9862205303524;0,7617968735214569;0,6802060063015218;1,363276062420482;5,710830112818373;889,9618470168109;0,00048218226611899246
90,58333333333333;679,9999999998831;679,9464290575842;640,0952929345663;0,7617968735214569;0,6802060063015218;1,3512215058511856;5,6603372809220955;889,9637071873422;0,0004779179382598939
90,66666666666667;679,9999999998862;679,9469027489199;640,2040625232553;0,7617968735214569;0,6802060063015218;1,33927355747403;5,610290922342375;889,9655509373724;0,0004736913357198514
90,75;679,9999999998892;679,9473722510445;640,3125301267747;0,7617968735214569;0,6802060063015218;1,3274312741572203;5,560687088602864;889,9673784116333;0,0004695021245364177
90,83333333333333;679,9999999998921;679,9478376010183;640,4206965734705;0,7617968735214569;0,6802060063015218;1,3156937211164177;5,511521866134211;889,9691897535841;0,00046534997370567375
90,91666666666667;679,999999999895;679,9482988355734;640,5285626896817;0,7617968735214569;0,6802060063015218;1,3040599718465273;5,462791376008286;889,970985105424;0,00046123455515927747
91,0;679,9999999998977;679,9487559911171;640,6361292997426;0,7617968735214569;0,6802060063015218;1,2925291080392753;5,41449177359492;889,9727646081019;0,0004571555437352654
91,08333333333333;679,9999999999004;679,9492091037342;640,7433972259856;0,7617968735214569;0,6802060063015218;1,2811002195149968;5,366619248270297;889,9745284013286;0,00045311261715334767
91,16666666666667;679,999999999903;679,9496582091903;640,8503672887434;0,7617968735214569;0,6802060063015218;1,2697724041544234;5,319170023140122;889,9762766235865;0,0004491054559912129
91,25;679,9999999999055;679,950103342934;640,9570403063516;0,7617968735214569;0,6802060063015218;1,258544767819103;5,272140354696346;889,9780094121412;0,00044513374365553213
91,33333333333333;679,999999999908;679,9505445401003;641,0634170951507;0,7617968735214569;0,6802060063015218;1,247416424288872;5,2255265325587885;889,9797269030513;0,0004411971663599161
91,41666666666667;679,9999999999104;679,9509818355134;641,1694984694892;0,7617968735214569;0,6802060063015218;1,236386495193642;5,179324879205682;889,9814292311789;0,000437295413101732
91,5;679,9999999999128;679,951415263689;641,2752852417259;0,7617968735214569;0,6802060063015218;1,2254541099252947;5,1335317495713415;889,9831165302018;0,00043342817562850975
91,58333333333333;679,9999999999152;679,9518448588374;641,3807782222322;0,7617968735214569;0,6802060063015218;1,214618405595047;5,088143530916975;889,9847889326213;0,0004295951484260705
91,66666666666667;679,9999999999173;679,9522706548661;641,4859782193947;0,7617968735214569;0,6802060063015218;1,2038785269453456;5,043156642413586;889,9864465697744;0,00042579602868393146
91,75;679,9999999999195;679,9526926853823;641,5908860396181;0,7617968735214569;0,6802060063015218;1,1932336262816534;4,998567534883593;889,9880895718438;0,00042203051627289054
91,83333333333333;679,9999999999217;679,9531109836961;641,6955024873274;0,7617968735214569;0,6802060063015218;1,182682863429818;4,954372690612585;889,9897180678662;0,0004182983137291368
91,91666666666667;679,9999999999237;679,9535255828223;641,7998283649705;0,7617968735214569;0,6802060063015218;1,1722254056394377;4,910568622969132;889,991332185745;0,0004145991262215986
92,0;679,9999999999256;679,9539365154839;641,9038644730209;0,7617968735214569;0,6802060063015218;1,1618604275355437;4,867151876157482;889,9929320522576;0,00041093266153164725
92,08333333333333;679,9999999999277;679,9543438141139;642,0076116099804;0,7617968735214569;0,6802060063015218;1,1515871110447051;4,8241190249518;889,9945177930679;0,0004072986300298009
92,16666666666667;679,9999999999296;679,9547475108586;642,1110705723813;0,7617968735214569;0,6802060063015218;1,1414046453438687;4,781466674463624;889,9960895327335;0,0004036967446562445
92,25;679,9999999999314;679,9551476375796;642,2142421547898;0,7617968735214569;0,6802060063015218;1,1313122267750941;4,739191459780137;889,9976473947169;0,0004001267208902234
92,33333333333333;679,9999999999333;679,9555442258563;642,3171271498078;0,7617968735214569;0,6802060063015218;1,1213090587972374;4,697290045772228;889,9991915013948;0,00039658827673352907
92,41666666666667;679,999999999935;679,955937306989;642,4197263480761;0,7617968735214569;0,6802060063015218;1,1113943519234226;4,655759126839806;890,0007219740672;0,0003930811326887436
92,5;679,9999999999367;679,9563269120007;642,522040538277;0,7617968735214569;0,6802060063015218;1,1015673236499879;4,614595426590666;890,0022389329674;0,00038960501173237593
92,58333333333333;679,9999999999384;679,95671307164;642,6240705071368;0,7617968735214569;0,6802060063015218;1,091827198399642;4,5737956976301035;890,0037424972714;0,0003861596392965158
92,66666666666667;679,99999999994;679,9570958163832;642,7258170394288;0,7617968735214569;0,6802060063015218;1,0821732074589363;4,5333567212766885;890,0052327851064;0,0003827447432450727
92,75;679,9999999999416;679,9574751764371;642,8272809179756;0,7617968735214569;0,6802060063015218;1,0726045889185798;4,493275307329733;890,00670991356;0,0003793600538537324
92,83333333333333;679,9999999999432;679,9578511817409;642,9284629236523;0,7617968735214569;0,6802060063015218;1,0631205876109107;4,45354829379983;890,0081739986908;0,0003760053037872044
92,91666666666667;679,9999999999446;679,958223861969;643,0293638353892;0,7617968735214569;0,6802060063015218;1,0537204550558954;4,414172546683705;890,0096251555351;0,00037268022808007524
93,0;679,9999999999461;679,9585932465332;643,129984430174;0,7617968735214569;0,6802060063015218;1,0444034493900745;4,3751449596689165;890,0110634981179;0,00036938456411171746
93,08333333333333;679,9999999999475;679,9589593645848;643,2303254830553;0,7617968735214569;0,6802060063015218;1,0351688353239297;4,336462453956685;890,0124891394605;0,00036611805159119233
93,16666666666667;679,9999999999488;679,9593222450172;643,3303877671449;0,7617968735214569;0,6802060063015218;1,0260158840679878;4,298121977944459;890,0139021915898;0,00036288043253046126
93,25;679,9999999999502;679,9596819164684;643,4301720536208;0,7617968735214569;0,6802060063015218;1,016943873290188;4,26012050705612;890,0153027655467;0,0003596714512297941
93,33333333333333;679,9999999999515;679,9600384073227;643,52967911173;0,7617968735214569;0,6802060063015218;1,0079520870448277;4,222455043450385;890,0166909713956;0,00035649085425294003
93,41666666666667;679,9999999999528;679,9603917457131;643,6289097087913;0,7617968735214569;0,6802060063015218;0,9990398157185609;4,185122615780879;890,0180669182321;0,0003533383904069855
93,5;679,9999999999541;679,9607419595238;643,7278646101981;0,7617968735214569;0,6802060063015218;0,9902063559934504;4,1481202790484994;890,0194307141908;0,0003502138107296653
93,58333333333333;679,9999999999552;679,9610890763923;643,8265445794214;0,7617968735214569;0,6802060063015218;0,9814510107560181;4,111445114221218;890,0207824664557;0,00034711686845714486
93,66666666666667;679,9999999999565;679,9614331237113;643,9249503780122;0,7617968735214569;0,6802060063015218;0,9727730890716657;4,075094228127048;890,022122281267;0,00034404731901487826
93,75;679,9999999999576;679,9617741286313;644,0230827656052;0,7617968735214569;0,6802060063015218;0,9641719061278309;4,03906475322888;890,0234502639296;0,00034100491999828573
93,83333333333333;679,9999999999586;679,9621121180625;644,1209424999207;0,7617968735214569;0,6802060063015218;0,955646783157249;4,003353847266443;890,0247665188215;0,0003379894311430198
93,91666666666667;679,9999999999598;679,9624471186768;644,2185303367685;0,7617968735214569;0,6802060063015218;0,9471970474038471;3,9679586931603392;890,0260711494028;0,0003350006143160016
94,0;679,9999999999608;679,9627791569103;644,3158470300499;0,7617968735214569;0,6802060063015218;0,9388220320744267;3,9328764987721145;890,0273642582217;0,0003320382334956795
94,08333333333333;679,9999999999619;679,963108258965;644,4128933317612;0,7617968735214569;0,6802060063015218;0,9305210762619254;3,8981044966163565;890,0286459469244;0,0003291020547470801
94,16666666666667;679,9999999999628;679,9634344508112;644,5096699919964;0,7617968735214569;0,6802060063015218;0,9222935249226794;3,8636399437314997;890,0299163162615;0,0003261918462113605
94,25;679,9999999999638;679,9637577581892;644,60617775895;0,7617968735214569;0,6802060063015218;0,9141387287911584;3,82948012135132;890,0311754660977;0,00032330737807751537
94,33333333333333;679,9999999999649;679,9640782066118;644,7024173789206;0,7617968735214569;0,6802060063015218;0,906056044365755;3,7956223348274176;890,0324234954177;0,00032044842257603507
94,41666666666667;679,9999999999657;679,9643958213658;644,798389596313;0,7617968735214569;0,6802060063015218;0,8980448338263614;3,7620639132933267;890,0336605023351;0,00031761475395030656
94,5;679,9999999999667;679,9647106275143;644,8940951536416;0,7617968735214569;0,6802060063015218;0,890104464997421;3,7288022095168674;890,0348865840994;0,00031480614844394506
94,58333333333333;679,9999999999675;679,9650226498985;644,9895347915335;0,7617968735214569;0,6802060063015218;0,882234311310981;3,695834599726667;890,0361018371037;0,0003120223842863671
94,66666666666667;679,9999999999684;679,9653319131402;645,0847092487312;0,7617968735214569;0,6802060063015218;0,8744337517242684;3,663158483283646;890,0373063568925;0,0003092632416646987
94,75;679,9999999999692;679,9656384416429;645,1796192620958;0,7617968735214569;0,6802060063015218;0,8667021707054801;3,6307712826145795;890,0385002381689;0,0003065285027181961
94,83333333333333;679,99999999997;679,9659422595944;645,27426556661;0,7617968735214569;0,6802060063015218;0,8590389581570435;3,598670442883586;890,0396835748024;0,00030381795151054457
94,91666666666667;679,9999999999708;679,9662433909684;645,3686488953808;0,7617968735214569;0,6802060063015218;0,8514435093900374;3,5668534319146152;890,0408564598351;0,00030113137402275347
95,0;679,9999999999716;679,9665418595265;645,4627699796433;0,7617968735214569;0,6802060063015218;0,8439152250588222;3,53531773987401;890,0420189854908;0,00029846855812698644
95,08333333333333;679,9999999999723;679,9668376888201;645,5566295487628;0,7617968735214569;0,6802060063015218;0,8364535111269333;3,504060879170845;890,0431712431796;0,0002958292935773689
95,16666666666667;679,999999999973;679,967130902192;645,6502283302384;0,7617968735214569;0,6802060063015218;0,8290577788045539;3,473080384161639;890,0443133235082;0,00029321337198552427
95,25;679,9999999999737;679,9674215227789;645,743567049706;0,7617968735214569;0,6802060063015218;0,8217274445257772;3,442373811080221;890,0454453162839;0,00029062058681417153
95,33333333333333;679,9999999999744;679,9677095735123;645,8366464309414;0,7617968735214569;0,6802060063015218;0,814461929871868;3,4119387376981485;890,0465673105241;0,00028805073334867707
95,41666666666667;679,9999999999751;679,9679950771209;645,9294671958631;0,7617968735214569;0,6802060063015218;0,80726066155421;3,3817727632693386;890,0476793944614;0,00028550360869204777
95,5;679,9999999999758;679,9682780561327;646,0220300645358;0,7617968735214569;0,6802060063015218;0,8001230713546192;3,3518735082569266;890,048781655551;0,0002829790117421771
95,58333333333333;679,9999999999764;679,9685585328759;646,1143357551731;0,7617968735214569;0,6802060063015218;0,7930485960770284;3,3222386141634725;890,0498741804788;0,00028047674317691003
95,66666666666667;679,999999999977;679,9688365294813;646,2063849841409;0,7617968735214569;0,6802060063015218;0,7860366775105376;3,292865743357479;890,0509570551661;0,0002779966054396344
95,75;679,9999999999776;679,9691120678841;646,2981784659602;0,7617968735214569;0,6802060063015218;0,7790867623924669;3,2637525789146733;890,0520303647772;0,000275538402725878
95,83333333333333;679,9999999999783;679,969385169825;646,3897169133106;0,7617968735214569;0,6802060063015218;0,7721983023373014;3,234896824322715;890,0530941937274;0,0002731019409582751
95,91666666666667;679,9999999999789;679,9696558568528;646,4810010370333;0,7617968735214569;0,6802060063015218;0,7653707538310073;3,2062962034775078;890,0541486256867;0,00027068702778586365
96,0;679,9999999999793;679,9699241503254;646,5720315461339;0,7617968735214569;0,6802060063015218;0,7586035781514511;3,1779484603177752;890,0551937435891;0,0002682934725536927
96,08333333333333;679,9999999999799;679,9701900714117;646,662809147786;0,7617968735214569;0,6802060063015218;0,7518962413485042;3,1498513587733865;890,0562296296379;0,00026592108629788254
96,16666666666667;679,9999999999804;679,9704536410934;646,7533345473342;0,7617968735214569;0,6802060063015218;0,7452482142042527;3,1220026825734184;890,0572563653113;0,00026356968172977106
96,25;679,9999999999809;679,9707148801666;646,8436084482972;0,7617968735214569;0,6802060063015218;0,7386589721761538;3,0944002350283766;890,0582740313703;0,0002612390732171365
96,33333333333333;679,9999999999815;679,9709738092433;646,933631552371;0,7617968735214569;0,6802060063015218;0,7321279953572457;3,0670418388382585;890,0592827078641;0,00025892907676834567
96,41666666666667;679,9999999999819;679,9712304487533;647,0234045594319;0,7617968735214569;0,6802060063015218;0,7256547684534098;3,0399253360371863;890,0602824741364;0,0002566395100269733
96,5;679,9999999999824;679,9714848189456;647,1129281675402;0,7617968735214569;0,6802060063015218;0,719238780715159;3,013048587657514;890,0612734088322;0,00025437019224420343
96,58333333333333;679,9999999999828;679,9717369398899;647,2022030729427;0,7617968735214569;0,6802060063015218;0,7128795259205845;2,986409473718755;890,0622555899032;0,00025212094427685695
96,66666666666667;679,9999999999833;679,9719868314784;647,2912299700764;0,7617968735214569;0,6802060063015218;0,7065765023241966;2,9600058929470543;890,0632290946143;0,0002498915885647312
96,75;679,9999999999837;679,9722345134275;647,3800095515716;0,7617968735214569;0,6802060063015218;0,7003292126228189;2,9338357626902956;890,0641939995487;0,0002476819491224361
96,83333333333333;679,9999999999842;679,972480005279;647,4685425082549;0,7617968735214569;0,6802060063015218;0,6941371639072713;2,907897018674484;890,065150380616;0,00024549185151944407
96,91666666666667;679,9999999999847;679,9727233264018;647,5568295291528;0,7617968735214569;0,6802060063015218;0,6879998676311061;2,882187614904087;890,0660983130562;0,00024332112287111602
97,0;679,999999999985;679,9729644959937;647,6448713014944;0,7617968735214569;0,6802060063015218;0,6819168395708175;2,8567055234664043;890,067037871446;0,00024116959182260506
97,08333333333333;679,9999999999854;679,9732035330823;647,7326685107153;0,7617968735214569;0,6802060063015218;0,6758875997832092;2,8314487343876156;890,0679691297053;0,00023903708853609024
97,16666666666667;679,9999999999858;679,973440456527;647,82022184046;0,7617968735214569;0,6802060063015218;0,6699116725798149;2,806415255485132;890,0688921611019;0,0002369234446789212
97,25;679,9999999999861;679,9736752850204;647,9075319725861;0,7617968735214569;0,6802060063015218;0,6639885864700545;2,7816031121682787;890,0698070382582;0,00023482849340611127
97,33333333333333;679,9999999999865;679,9739080370897;647,9945995871666;0,7617968735214569;0,6802060063015218;0,6581178741441818;2,7570103473423226;890,0707138331562;0,0002327520693525872
97,41666666666667;679,9999999999869;679,9741387310983;648,081425362494;0,7617968735214569;0,6802060063015218;0,6522990724192823;2,7326350211870083;890,0716126171438;0,00023069400861436832
97,5;679,9999999999873;679,974367385247;648,1680099750829;0,7617968735214569;0,6802060063015218;0,6465317222165368;2,7084752110753487;890,0725034609399;0,00022865414874143663
97,58333333333333;679,9999999999875;679,9745940175757;648,2543540996736;0,7617968735214569;0,6802060063015218;0,6408153685072193;2,6845290113226326;890,0733864346399;0,0002266323287169052
97,66666666666667;679,999999999988;679,9748186459647;648,3404584092353;0,7617968735214569;0,6802060063015218;0,6351495602956447;2,6607945331384375;890,0742616077215;0,00022462838895254136
97,75;679,9999999999882;679,9750412881359;648,4263235749696;0,7617968735214569;0,6802060063015218;0,6295338505822201;2,6372699044568395;890,07512904905;0,00022264217127463337
97,83333333333333;679,9999999999885;679,9752619616548;648,5119502663133;0,7617968735214569;0,6802060063015218;0,6239677963066015;2,613953269714943;890,0759888268828;0,00022067351890497986
97,91666666666667;679,9999999999887;679,9754806839313;648,597339150942;0,7617968735214569;0,6802060063015218;0,6184509583420095;2,5908427898085904;890,076841008877;0,00021872227645744152
98,0;679,9999999999891;679,9756974722212;648,6824908947737;0,7617968735214569;0,6802060063015218;0,6129829014355437;2,5679366418561274;890,0776856620917;0,0002167882899177328
98,08333333333333;679,9999999999894;679,9759123436279;648,767406161971;0,7617968735214569;0,6802060063015218;0,607563194196814;2,545233019143038;890,0785228529954;0,00021487140663883263
98,16666666666667;679,9999999999897;679,9761253151032;648,8520856149461;0,7617968735214569;0,6802060063015218;0,6021914090382552;2,522730130885711;890,0793526474715;0,00021297147532077702
98,25;679,99999999999;679,9763364034492;648,9365299143625;0,7617968735214569;0,6802060063015218;0,5968671221609156;2,500426202161308;890,080175110821;0,0002110883460048724
98,33333333333333;679,9999999999902;679,9765456253192;649,0207397191392;0,7617968735214569;0,6802060063015218;0,5915899135203517;2,4783194737527396;890,0809903077698;0,00020922187006076667
98,41666666666667;679,9999999999905;679,9767529972194;649,1047156864538;0,7617968735214569;0,6802060063015218;0,5863593667754685;2,456408201971487;890,0817983024735;0,00020737190017085014
98,5;679,9999999999907;679,9769585355097;649,1884584717459;0,7617968735214569;0,6802060063015218;0,5811750692771511;2,434690658561634;890,0825991585219;0,00020553829032290331
98,58333333333333;679,999999999991;679,9771622564054;649,2719687287201;0,7617968735214569;0,6802060063015218;0,5760366120256322;2,413165130570679;890,0833929389435;0,00020372089579835016
98,66666666666667;679,9999999999912;679,9773641759787;649,35524710935;0,7617968735214569;0,6802060063015218;0,5709435896392279;2,391829920179743;890,0841797062117;0,0002019195731585202
98,75;679,9999999999915;679,9775643101589;649,4382942638807;0,7617968735214569;0,6802060063015218;0,5658956003145477;2,3706833445522304;890,0849595222487;0,00020013418023158707
98,83333333333333;679,9999999999917;679,977762674735;649,5211108408329;0,7617968735214569;0,6802060063015218;0,5608922458151255;2,349723735793231;890,0857324484305;0,00019836457610899287
98,91666666666667;679,9999999999918;679,9779592853562;649,6036974870057;0,7617968735214569;0,6802060063015218;0,5559331314174187;2,3289494407206655;890,0864985455922;0,00019661062112613658
99,0;679,999999999992;679,978154157533;649,6860548474801;0,7617968735214569;0,6802060063015218;0,5510178658909126;2,3083588207619385;890,0872578740325;0,00019487217685394163
99,08333333333333;679,9999999999923;679,9783473066391;649,7681835656228;0,7617968735214569;0,6802060063015218;0,5461460614753832;2,2879502518874952;890,0880104935176;0,00019314910609274555
99,16666666666667;679,9999999999925;679,9785387479119;649,8500842830889;0,7617968735214569;0,6802060063015218;0,5413173338297383;2,2677221243782806;890,0887564632874;0,0001914412728529327
99,25;679,9999999999927;679,9787284964542;649,9317576398255;0,7617968735214569;0,6802060063015218;0,5365313020149642;2,2476728427629915;890,0894958420593;0,00018974854234946422
99,33333333333333;679,9999999999928;679,9789165672352;650,0132042740751;0,7617968735214569;0,6802060063015218;0,531787588462862;2,2278008256888864;890,0902286880325;0,00018807078099091209
99,41666666666667;679,9999999999931;679,9791029750916;650,0944248223791;0,7617968735214569;0,6802060063015218;0,5270858189419414;2,2081045057593767;890,0909550588932;0,00018640785636603525
99,5;679,9999999999933;679,9792877347288;650,1754199195809;0,7617968735214569;0,6802060063015218;0,5224256225375257;2,1885823294823483;890,091675011819;0,00018475963723887213
99,58333333333333;679,9999999999934;679,9794708607224;650,2561901988296;0,7617968735214569;0,6802060063015218;0,5178066316119612;2,169232757078227;890,0923886034826;0,00018312599353291866
99,66666666666667;679,9999999999936;679,9796523675187;650,336736291583;0,7617968735214569;0,6802060063015218;0,5132284817761956;2,150054262369241;890,0930958900572;0,0001815067963216155
99,75;679,9999999999937;679,9798322694365;650,4170588276112;0,7617968735214569;0,6802060063015218;0,5086908118727251;2,131045332720365;890,0937969272205;0,0001799019178231326
99,83333333333333;679,999999999994;679,9800105806679;650,4971584350001;0,7617968735214569;0,6802060063015218;0,5041932639301194;2,112204468821544;890,094491770159;0,00017831123138240036
99,91666666666667;679,9999999999941;679,9801873152794;650,5770357401545;0,7617968735214569;0,6802060063015218;0,49973548315165317;2,093530184661853;890,0951804735727;0,00017673461146854632
100,0;679,9999999999943;679,980362487213;650,6566913678017;0,7617968735214569;0,6802060063015218;0,49531711786698907;2,075021007333869;890,0958630916789;0,00017517193365824315
100,08333333333333;679,9999999999944;679,9805361102876;650,7361259409948;0,7617968735214569;0,6802060063015218;0,49093781953217785;2,0566754769967606;890,0965396782165;0,00017362307463316665
100,16666666666667;679,9999999999945;679,9807081981997;650,8153400811162;0,7617968735214569;0,6802060063015218;0,48659724266997273;2,0384921466732746;890,0972102864506;0,00017208791216206644
100,25;679,9999999999948;679,9808787645248;650,8943344078809;0,7617968735214569;0,6802060063015218;0,4822950448698293;2,020469582220206;890,0978749691765;0,0001705663250987279
100,33333333333333;679,9999999999949;679,9810478227182;650,9731095393398;0,7617968735214569;0,6802060063015218;0,47803088674811534;2,0026063621586094;890,0985337787238;0,000169058193367664
100,41666666666667;679,999999999995;679,9812153861162;651,0516660918834;0,7617968735214569;0,6802060063015218;0,4738044319168466;1,9849010775704439;890,0991867669602;0,00016756339795491644
100,5;679,9999999999951;679,9813814679371;651,1300046802448;0,7617968735214569;0,6802060063015218;0,4696153469694764;1,9673523320099882;890,099833985296;0,00016608182090102546
100,58333333333333;679,9999999999952;679,9815460812824;651,2081259175037;0,7617968735214569;0,6802060063015218;0,4654633014496312;1,9499587413967974;890,1004754846876;0,00016461334529158062
100,66666666666667;679,9999999999953;679,9817092391377;651,286030415089;0,7617968735214569;0,6802060063015218;0,4613479678198473;1,932718933853293;890,1011113156425;0,00016315785524399795
100,75;679,9999999999955;679,9818709543736;651,3637187827832;0,7617968735214569;0,6802060063015218;0,45726902144167525;1,9156315496641614;890,101741528222;0,00016171523590337455
100,83333333333333;679,9999999999956;679,982031239747;651,4411916287247;0,7617968735214569;0,6802060063015218;0,4532261405472582;1,8986952411176345;890,1023661720461;0,0001602853734297117
100,91666666666667;679,9999999999958;679,982190107902;651,5184495594123;0,7617968735214569;0,6802060063015218;0,44921900621375244;1,881908672427976;890,1029852962971;0,00015886815499086736
101,0;679,9999999999958;679,9823475713708;651,5954931797078;0,7617968735214569;0,6802060063015218;0,44524730234343224;1,86527051962844;890,1035989497232;0,000157463468753883
101,08333333333333;679,999999999996;679,9825036425747;651,6723230928399;0,7617968735214569;0,6802060063015218;0,44131071562389934;1,8487794704236242;890,1042071806422;0,00015607120387218875
101,16666666666667;679,999999999996;679,9826583338252;651,7489399004072;0,7617968735214569;0,6802060063015218;0,43740893553376736;1,8324342242005445;890,1048100369458;0,00015469125048672426
101,25;679,9999999999961;679,9828116573249;651,8253442023822;0,7617968735214569;0,6802060063015218;0,4335416542716075;1,8162334917407266;890,1054075661036;0,00015332349970145436
101,33333333333333;679,9999999999962;679,9829636251685;651,9015365971143;0,7617968735214569;0,6802060063015218;0,42970856678152813;1,8001759953272485;890,1059998151659;0,0001519678435923873
101,41666666666667;679,9999999999964;679,9831142493437;651,9775176813332;0,7617968735214569;0,6802060063015218;0,4259093706934891;1,7842604684679062;890,106586830768;0,00015062417518462082
101,5;679,9999999999965;679,9832635417321;652,0532880501526;0,7617968735214569;0,6802060063015218;0,4221437663176175;1,7684856559247435;890,1071686591331;0,00014929238845394773
101,58333333333333;679,9999999999966;679,9834115141103;652,1288482970733;0,7617968735214569;0,6802060063015218;0,4184114566101016;1,7528503135147293;890,1077453460775;0,0001479723783109279
101,66666666666667;679,9999999999966;679,9835581781509;652,204199013987;0,7617968735214569;0,6802060063015218;0,4147121471561377;1,7373532080876124;890,1083169370127;0,00014666404059819862
101,75;679,9999999999967;679,983703545423;652,2793407911795;0,7617968735214569;0,6802060063015218;0,41104554614150857;1,7219931173561291;890,1088834769496;0,0001453672720769473
101,83333333333333;679,9999999999968;679,9838476273935;652,3542742173341;0,7617968735214569;0,6802060063015218;0,4074113643412147;1,7067688298996946;890,1094450105021;0,00014408197042637015
101,91666666666667;679,9999999999969;679,9839904354277;652,4289998795352;0,7617968735214569;0,6802060063015218;0,40380931508252615;1,6916791449761548;890,1100015818898;0,00014280803422830717
102,0;679,999999999997;679,9841319807906;652,5035183632715;0,7617968735214569;0,6802060063015218;0,4002391142307715;1,6767228724664198;890,1105532349422;0,0001415453629624827
102,08333333333333;679,999999999997;679,9842722746477;652,5778302524398;0,7617968735214569;0,6802060063015218;0,3967004801609164;1,661898832774804;890,1111000131027;0,00014029385699775924
102,16666666666667;679,9999999999972;679,9844113280652;652,6519361293479;0,7617968735214569;0,6802060063015218;0,393193133734826;1,6472058567109096;890,111641959431;0,0001390534175825215
102,25;679,9999999999973;679,984549152012;652,7258365747185;0,7617968735214569;0,6802060063015218;0,3897167982984229;1,6326427854859349;890,1121791166063;0,00013782394684421436
102,33333333333333;679,9999999999973;679,9846857573598;652,7995321676926;0,7617968735214569;0,6802060063015218;0,3862711996305279;1,6182084705022808;890,1127115269315;0,00013660534777150163
102,41666666666667;679,9999999999974;679,984821154884;652,8730234858327;0,7617968735214569;0,6802060063015218;0,382856065937176;1,6039017733240215;890,1132392323364;0,00013539752421185008
102,5;679,9999999999974;679,9849553552649;652,9463111051264;0,7617968735214569;0,6802060063015218;0,37947112783456305;1,5897215656141557;890,1137622743806;0,0001342003808660751
102,58333333333333;679,9999999999975;679,9850883690882;653,0193955999896;0,7617968735214569;0,6802060063015218;0,37611611831209757;1,5756667289721964;890,1142806942568;0,00013301382327473915
102,66666666666667;679,9999999999976;679,9852202068461;653,0922775432705;0,7617968735214569;0,6802060063015218;0,3727907727324009;1,56173615493048;890,114794532794;0,00013183775781788472
102,75;679,9999999999976;679,9853508789378;653,1649575062522;0,7617968735214569;0,6802060063015218;0,36949482878867457;1,547928744791757;890,1153038304612;0,00013067209170104576
102,83333333333333;679,9999999999976;679,9854803956707;653,2374360586571;0,7617968735214569;0,6802060063015218;0,3662280264961737;1,5342434095701334;890,1158086273699;0,00012951673295062718
102,91666666666667;679,9999999999977;679,9856087672612;653,3097137686493;0,7617968735214569;0,6802060063015218;0,3629901081723119;1,5206790699320134;890,1163089632778;0,00012837159040850966
103,0;679,9999999999978;679,9857360038349;653,381791202839;0,7617968735214569;0,6802060063015218;0,35978081841392395;1,507234656085365;890,1168048775918;0,00012723657372293935
103,08333333333333;679,9999999999978;679,9858621154282;653,4536689262856;0,7617968735214569;0,6802060063015218;0,35659990407452824;1,493909107691133;890,1172964093703;0,00012611159334092732
103,16666666666667;679,999999999998;679,9859871119887;653,5253475025005;0,7617968735214569;0,6802060063015218;0,3534471142415896;1,4807013737598878;890,1177835973277;0,00012499656049964273
103,25;679,999999999998;679,986111003376;653,5968274934515;0,7617968735214569;0,6802060063015218;0,3503222002308348;1,4676104126407514;890,1182664798368;0,0001238913872252574
103,33333333333333;679,9999999999981;679,9862337993623;653,6681094595659;0,7617968735214569;0,6802060063015218;0,34722491554930457;1,4546351918589884;890,118745094931;0,0001227959863193465
103,41666666666667;679,9999999999981;679,9863555096337;653,7391939597336;0,7617968735214569;0,6802060063015218;0,34415501589535324;1,4417746881123146;890,119219480308;0,00012171027135862394
103,5;679,9999999999981;679,9864761437904;653,8100815513109;0,7617968735214569;0,6802060063015218;0,34111225911033216;1,4290278870715765;890,1196896733335;0,00012063415667805304
103,58333333333333;679,9999999999982;679,9865957113477;653,8807727901238;0,7617968735214569;0,6802060063015218;0,3380964051928004;1,4163937834508815;890,1201557110428;0,00011956755737658205
103,66666666666667;679,9999999999983;679,986714221737;653,9512682304717;0,7617968735214569;0,6802060063015218;0,33510721626157647;1,4038713808414993;890,1206176301441;0,00011851038930329404
103,75;679,9999999999983;679,986831684306;654,0215684251302;0,7617968735214569;0,6802060063015218;0,3321444565330012;1,3914596916085082;890,1210754670219;0,00011746256904880193
103,83333333333333;679,9999999999983;679,98694810832;654,0916739253554;0,7617968735214569;0,6802060063015218;0,32920789230672654;1,3791577368612673;890,1215292577399;0,00011642401394225562
103,91666666666667;679,9999999999984;679,9870635029621;654,1615852808866;0,7617968735214569;0,6802060063015218;0,3262972919571894;1,3669645463795934;890,1219790380429;0,00011539464204571846
104,0;679,9999999999984;679,9871778773343;654,2313030399499;0,7617968735214569;0,6802060063015218;0,32341242590803176;1,3548791585325568;890,12242484336;0,00011437437214687838
104,08333333333333;679,9999999999984;679,987291240458;654,300827749262;0,7617968735214569;0,6802060063015218;0,3205530666036793;1,3429006201603646;890,122866708808;0,0001133631237490501
104,16666666666667;679,9999999999984;679,9874036012751;654,3701599540332;0,7617968735214569;0,6802060063015218;0,3177189885093412;1,3310279865485233;890,1233046691932;0,00011236081706940331
104,25;679,9999999999985;679,9875149686482;654,439300197971;0,7617968735214569;0,6802060063015218;0,3149099680825884;1,3192603213466334;890,1237387590152;0,00011136737303148068
104,33333333333333;679,9999999999985;679,9876253513614;654,5082490232835;0,7617968735214569;0,6802060063015218;0,3121257837591429;1,3075966964724208;890,1241690124685;0,00011038271325767864
104,41666666666667;679,9999999999986;679,9877347581215;654,577006970683;0,7617968735214569;0,6802060063015218;0,30936621592729807;1,2960361920305317;890,1245954634462;0,00010940676006195942
104,5;679,9999999999986;679,9878431975579;654,6455745793892;0,7617968735214569;0,6802060063015218;0,30663104692791876;1,2845778963051502;890,1250181455418;0,00010843943644933782
104,58333333333333;679,9999999999986;679,987950678224;654,7139523871326;0,7617968735214569;0,6802060063015218;0,303920061017493;1,2732209055902062;890,1254370920523;0,00010748066610178173
104,66666666666667;679,9999999999986;679,9880572085974;654,7821409301581;0,7617968735214569;0,6802060063015218;0,30123304436528997;1,261964324204141;890,1258523359809;0,00010653037337901476
104,75;679,9999999999987;679,9881627970807;654,8501407432284;0,7617968735214569;0,6802060063015218;0,29856978503062237;1,250807264375481;890,1262639100394;0,00010558848330915895
104,83333333333333;679,9999999999987;679,9882674520022;654,9179523596273;0,7617968735214569;0,6802060063015218;0,295930072951478;1,2397488462022361;890,1266718466504;0,00010465492158518337
104,91666666666667;679,9999999999989;679,9883711816168;654,9855763111632;0,7617968735214569;0,6802060063015218;0,29331369991325573;1,2287881975153283;890,1270761779507;0,00010372961455345687
105,0;679,9999999999989;679,988473994106;655,0530131281724;0,7617968735214569;0,6802060063015218;0,29072045955160775;1,217924453904428;890,1274769357935;0,00010281248921569313
105,08333333333333;679,9999999999989;679,9885758975793;655,1202633395228;0,7617968735214569;0,6802060063015218;0,2881501473211756;1,20715675856662;890,1278741517503;0,00010190347321649792
105,16666666666667;679,9999999999989;679,9886769000741;655,187327472617;0,7617968735214569;0,6802060063015218;0,28560256048990595;1,1964842622990197;890,1282678571141;0,00010100249484246932
105,25;679,9999999999989;679,9887770095571;655,2542060533958;0,7617968735214569;0,6802060063015218;0,2830774981191553;1,1859061234101864;890,1286580829012;0,00010010948301479607
105,33333333333333;679,999999999999;679,9888762339244;655,3208996063419;0,7617968735214569;0,6802060063015218;0,28057476104379475;1,1754215076352272;890,1290448598545;9,92243672821076e-05
105,41666666666667;679,999999999999;679,9889745810023;655,3874086544827;0,7617968735214569;0,6802060063015218;0,2780941518636837;1,165029588102578;890,1294282184456;9,83470778176205e-05
105,5;679,9999999999991;679,9890720585477;655,4537337193943;0,7617968735214569;0,6802060063015218;0,27563547491809004;1,1547295452269588;890,1298081888765;9,747754541009206e-05
105,58333333333333;679,9999999999991;679,9891686742491;655,5198753212048;0,7617968735214569;0,6802060063015218;0,27319853628569035;1,1445205667019935;890,1301848010826;9,66157014633092e-05
105,66666666666667;679,9999999999991;679,989264435727;655,5858339785973;0,7617968735214569;0,6802060063015218;0,27078314375046375;1,1344018473673276;890,1305580847353;9,576147798470018e-05
105,75;679,9999999999991;679,9893593505346;655,6516102088135;0,7617968735214569;0,6802060063015218;0,2683891068016919;1,1243725892086298;890,130928069244;9,491480758532695e-05
105,83333333333333;679,9999999999991;679,9894534261581;655,7172045276576;0,7617968735214569;0,6802060063015218;0,26601623661122176;1,1144320012505478;890,1312947837584;9,407562347103288e-05
105,91666666666667;679,9999999999991;679,9895466700175;655,7826174494988;0,7617968735214569;0,6802060063015218;0,2636643460249388;1,1045792995382533;890,1316582571703;9,324385944059645e-05
106,0;679,9999999999992;679,9896390894673;655,8478494872755;0,7617968735214569;0,6802060063015218;0,26133324954003;1,094813707023018;890,132018518117;9,241944987637623e-05
106,08333333333333;679,9999999999992;679,989730691797;655,9129011524983;0,7617968735214569;0,6802060063015218;0,259022763296457;1,085134453543756;890,1323755949826;9,160232974246472e-05
106,16666666666667;679,9999999999992;679,9898214842316;655,9777729552533;0,7617968735214569;0,6802060063015218;0,25673270505421897;1,0755407757273652;890,1327295159006;9,079243457633996e-05
106,25;679,9999999999992;679,9899114739321;656,0424654042057;0,7617968735214569;0,6802060063015218;0,25446289419051027;1,066031916962888;890,1330803087561;8,998970048690375e-05
106,33333333333333;679,9999999999993;679,9900006679962;656,1069790066032;0,7617968735214569;0,6802060063015218;0,2522131516769832;1,0566071273313813;890,1334280011883;8,919406414814604e-05
106,41666666666667;679,9999999999993;679,990089073459;656,1713142682792;0,7617968735214569;0,6802060063015218;0,24998330007690583;1,0472656635653126;890,1337726205916;8,840546279617716e-05
106,5;679,9999999999993;679,9901766972932;656,2354716936562;0,7617968735214569;0,6802060063015218;0,24777316350821366;1,0380067889156805;890,1341141941188;8,762383421764764e-05
106,58333333333333;679,9999999999993;679,99026354641;656,2994517857496;0,7617968735214569;0,6802060063015218;0,24558256765203623;1,0288297731889258;890,1344527486833;8,684911675283794e-05
106,66666666666667;679,9999999999993;679,9903496276593;656,3632550461704;0,7617968735214569;0,6802060063015218;0,24341133973280193;1,0197338926435793;890,1347883109604;8,60812492872531e-05
106,75;679,9999999999993;679,9904349478305;656,4268819751289;0,7617968735214569;0,6802060063015218;0,24125930850118493;1,0107184299312044;890,1351209073898;8,532017124642937e-05
106,83333333333333;679,9999999999993;679,9905195136531;656,4903330714384;0,7617968735214569;0,6802060063015218;0,23912630421989434;1,001782674044721;890,135450564178;8,456582259143778e-05
106,91666666666667;679,9999999999993;679,9906033317969;656,5536088325177;0,7617968735214569;0,6802060063015218;0,2370121586551477;0,9929259202667305;890,1357773072998;8,381814381477545e-05
107,0;679,9999999999994;679,9906864088729;656,6167097543956;0,7617968735214569;0,6802060063015218;0,23491670505961793;0,9841474701067653;890,1361011625008;8,307707593492112e-05
107,08333333333333;679,9999999999994;679,9907687514334;656,6796363317133;0,7617968735214569;0,6802060063015218;0,23283977816390689;0,9754466312680694;890,1364221552991;8,234256049348411e-05
107,16666666666667;679,9999999999994;679,990850365973;656,7423890577281;0,7617968735214569;0,6802060063015218;0,23078121415096575;0,9668227175368649;890,1367403109875;8,161453954590903e-05
107,25;679,9999999999994;679,9909312589286;656,804968424317;0,7617968735214569;0,6802060063015218;0,2287408506617794;0,958275048804498;890,1370556546356;8,089295566336666e-05
107,33333333333333;679,9999999999994;679,9910114366805;656,8673749219797;0,7617968735214569;0,6802060063015218;0,22671852676978688;0,9498029509567059;890,137368211091;8,017775192345891e-05
107,41666666666667;679,9999999999994;679,9910909055525;656,929609039842;0,7617968735214569;0,6802060063015218;0,22471408297235484;0,9414057558514695;890,1376780049823;7,946887190812273e-05
107,5;679,9999999999994;679,9911696718121;656,9916712656594;0,7617968735214569;0,6802060063015218;0,2227273611737246;0,9330828012378088;890,137985060721;7,876625969692869e-05
107,58333333333333;679,9999999999994;679,991247741672;657,0535620858201;0,7617968735214569;0,6802060063015218;0,2207582046821699;0,9248334307410186;890,1382894025019;7,806985986587585e-05
107,66666666666667;679,9999999999994;679,9913251212895;657,1152819853486;0,7617968735214569;0,6802060063015218;0,21880645818441735;0,9166569937666988;890,1385910543074;7,737961747910289e-05
107,75;679,9999999999994;679,9914018167676;657,1768314479089;0,7617968735214569;0,6802060063015218;0,21687196774848871;0,9085528454970636;890,1388900399069;7,669547808882554e-05
107,83333333333333;679,9999999999995;679,9914778341554;657,2382109558079;0,7617968735214569;0,6802060063015218;0,21495458079527907;0,9005203467949718;890,1391863828608;7,6017387726854e-05
107,91666666666667;679,9999999999995;679,9915531794483;657,2994209899988;0,7617968735214569;0,6802060063015218;0,21305414610424123;0,892558864192854;890,1394801065208;7,534529290422108e-05
108,0;679,9999999999995;679,9916278585889;657,3604620300841;0,7617968735214569;0,6802060063015218;0,21117051378212182;0,8846677698041251;890,1397712340324;7,467914060300955e-05
108,08333333333333;679,9999999999995;679,9917018774672;657,4213345543195;0,7617968735214569;0,6802060063015218;0,20930353526580348;0,8768464412973465;890,1400597883373;7,401887827478014e-05
108,16666666666667;679,9999999999995;679,991775241921;657,4820390396164;0,7617968735214569;0,6802060063015218;0,207453063308094;0,8690942618630058;890,1403457921738;7,336445383733464e-05
108,25;679,9999999999995;679,9918479577367;657,5425759615462;0,7617968735214569;0,6802060063015218;0,20561895196351543;0,8614106201396948;890,1406292680792;7,271581566871192e-05
108,33333333333333;679,9999999999997;679,9919200306493;657,6029457943428;0,7617968735214569;0,6802060063015218;0,20380105657125114;0,8537949101476687;890,1409102383932;7,207291260149329e-05
108,41666666666667;679,9999999999997;679,9919914663433;657,6631490109062;0,7617968735214569;0,6802060063015218;0,2019992337579879;0,8462465312962285;890,1411887252566;7,143569392349513e-05
108,5;679,9999999999997;679,9920622704526;657,7231860828059;0,7617968735214569;0,6802060063015218;0,2002133414094942;0,8387648882766782;890,1414647506151;7,080410936853255e-05
108,58333333333333;679,9999999999997;679,9921324485617;657,7830574802842;0,7617968735214569;0,6802060063015218;0,19844323867630465;0,8313493910660161;890,1417383362208;7,017810911705421e-05
108,66666666666667;679,9999999999997;679,9922020062055;657,8427636722594;0,7617968735214569;0,6802060063015218;0,19668878594814032;0,823999454842039;890,1420095036337;6,95576437886092e-05
108,75;679,9999999999997;679,99227094887;657,9023051263289;0,7617968735214569;0,6802060063015218;0,19494984485390887;0,8167144999722682;890,1422782742229;6,89426644410885e-05
108,83333333333333;679,9999999999997;679,9923392819926;657,961682308773;0,7617968735214569;0,6802060063015218;0,19322627824180927;0,8094939519216723;890,1425446691696;6,833312256307621e-05
108,91666666666667;679,9999999999997;679,9924070109627;658,0208956845578;0,7617968735214569;0,6802060063015218;0,19151795017648965;0,8023372412637395;890,1428087094671;6,772897007440667e-05
109,0;679,9999999999997;679,992474141122;658,0799457173384;0,7617968735214569;0,6802060063015218;0,18982472592483646;0,7952438035992738;890,143070415923;6,713015931965815e-05
109,08333333333333;679,9999999999997;679,9925406777651;658,1388328694627;0,7617968735214569;0,6802060063015218;0,1881464719417636;0,7882130795084097;890,1433298091622;6,653664306391031e-05
109,16666666666667;679,9999999999997;679,9926066261396;658,1975576019739;0,7617968735214569;0,6802060063015218;0,18648305586452807;0,7812445145173919;890,1435869096267;6,594837449008926e-05
109,25;679,9999999999997;679,9926719914469;658,2561203746147;0,7617968735214569;0,6802060063015218;0,18483434650136132;0,774337559065356;890,1438417375781;6,536530719592516e-05
109,33333333333333;679,9999999999997;679,9927367788421;658,3145216458297;0,7617968735214569;0,6802060063015218;0,18320021382010054;0,7674916684452696;890,1440943130989;6,478739518914905e-05
109,41666666666667;679,9999999999997;679,9928009934349;658,3727618727692;0,7617968735214569;0,6802060063015218;0,18158052893966214;0,7607063027707127;890,1443446560942;6,42145928846444e-05
109,5;679,9999999999997;679,99286464029;658,4308415112922;0,7617968735214569;0,6802060063015218;0,1799751641186731;0,7539809269315839;890,1445927862932;6,364685510065022e-05
109,58333333333333;679,9999999999997;679,9929277244271;658,48876101597;0,7617968735214569;0,6802060063015218;0,17838399274126004;0,7473150105313513;890,1448387232513;6,308413705351294e-05
109,66666666666667;679,9999999999997;679,9929902508214;658,5465208400889;0,7617968735214569;0,6802060063015218;0,17680688931420718;0,740708027872288;890,1450824863507;6,252639435648314e-05
109,75;679,9999999999998;679,9930522244044;658,604121435654;0,7617968735214569;0,6802060063015218;0,17524372945558753;0,7341594579185609;890,1453240948025;6,197358301642202e-05
109,83333333333333;679,9999999999998;679,9931136500638;658,6615632533919;0,7617968735214569;0,6802060063015218;0,17369438988339425;0,7276687842297902;890,1455635676481;6,142565942849548e-05
109,91666666666667;679,9999999999998;679,9931745326442;658,7188467427547;0,7617968735214569;0,6802060063015218;0,17215874839848766;0,7212354949167562;890,1458009237606;6,08825803719905e-05
110,0;679,9999999999998;679,9932348769472;658,7759723519225;0,7617968735214569;0,6802060063015218;0,17063668389027953;0,7148590826377079;890,1460361818465;6,0344303010447514e-05
110,08333333333333;679,9999999999998;679,9932946877321;658,8329405278068;0,7617968735214569;0,6802060063015218;0,16912807631399573;0,7085390445171582;890,1462693604475;5,981078488457395e-05
110,16666666666667;679,9999999999998;679,993353969716;658,8897517160541;0,7617968735214569;0,6802060063015218;0,16763280669067626;0,7022748821532665;890,1465004779404;5,9281983912744346e-05
110,25;679,9999999999998;679,9934127275744;658,9464063610486;0,7617968735214569;0,6802060063015218;0,16615075709296434;0,6960661015403243;890,1467295525405;5,875785838474633e-05
110,33333333333333;679,9999999999998;679,9934709659414;659,0029049059159;0,7617968735214569;0,6802060063015218;0,16468181063373777;0,6899122130244627;890,1469566023017;5,823836695798458e-05
110,41666666666667;679,9999999999998;679,99352868941;659,0592477925259;0,7617968735214569;0,6802060063015218;0,16322585146042456;0,6838127312999602;890,1471816451187;5,772346865683883e-05
110,5;679,9999999999998;679,9935859025329;659,1154354614961;0,7617968735214569;0,6802060063015218;0,1617827647436343;0,6777671753391123;890,1474046987286;5,721312286710705e-05
110,58333333333333;679,9999999999998;679,9936426098222;659,1714683521949;0,7617968735214569;0,6802060063015218;0,1603524366714737;0,6717750683700838;890,1476257807108;5,6707289334106e-05
110,66666666666667;679,9999999999998;679,9936988157503;659,2273469027446;0,7617968735214569;0,6802060063015218;0,15893475443817806;0,6658359378473805;890,1478449084899;5,620592815988141e-05
110,75;679,9999999999998;679,9937545247501;659,2830715500247;0,7617968735214569;0,6802060063015218;0,15752960623558465;0,6599493153964818;890,1480620993364;5,570899979885104e-05
110,83333333333333;679,9999999999999;679,9938097412152;659,3386427296753;0,7617968735214569;0,6802060063015218;0,15613688124176406;0,6541147367806209;890,1482773703685;5,521646505476336e-05
110,91666666666667;679,9999999999999;679,9938644695002;659,3940608760997;0,7617968735214569;0,6802060063015218;0,15475646961817802;0,6483317418675645;890,1484907385534;5,472828507823746e-05
111,0;679,9999999999999;679,9939187139215;659,4493264224685;0,7617968735214569;0,6802060063015218;0,15338826249262638;0,6425998745927014;890,1487022207074;5,424442136308287e-05
111,08333333333333;679,9999999999999;679,9939724787573;659,5044398007218;0,7617968735214569;0,6802060063015218;0,15203215195924713;0,6369186829258228;890,1489118334994;5,376483574403319e-05
111,16666666666667;679,9999999999999;679,9940257682478;659,5594014415731;0,7617968735214569;0,6802060063015218;0,1506880310643055;0,6312877188268281;890,1491195934503;5,3289490392756694e-05
111,25;679,9999999999999;679,9940785865956;659,6142117745119;0,7617968735214569;0,6802060063015218;0,14935579380335184;0,6257065382383433;890,1493255169354;5,281834781715705e-05
111,33333333333333;679,9999999999999;679,9941309379665;659,6688712278075;0,7617968735214569;0,6802060063015218;0,14803533510701072;0,6201747010082069;890,1495296201848;5,235137085512022e-05
111,41666666666667;679,9999999999999;679,9941828264891;659,7233802285117;0,7617968735214569;0,6802060063015218;0,14672655083529662;0,6146917708894701;890,1497319192856;5,188852267412467e-05
111,5;679,9999999999999;679,9942342562559;659,777739202462;0,7617968735214569;0,6802060063015218;0,1454293377690874;0,6092573154850298;890,1499324301828;5,1429766766884895e-05
111,58333333333333;679,9999999999999;679,9942852313229;659,831948574285;0,7617968735214569;0,6802060063015218;0,14414359359875561;0,6038709062107174;890,1501311686807;5,097506694805897e-05
111,66666666666667;679,9999999999999;679,9943357557103;659,8860087673991;0,7617968735214569;0,6802060063015218;0,14286921692416854;0,5985321182916077;890,1503281504436;5,052438735399485e-05
111,75;679,9999999999999;679,9943858334027;659,939920204018;0,7617968735214569;0,6802060063015218;0,14160610724047729;0,5932405306992693;890,1505233909973;5,0077692437483445e-05
111,83333333333333;679,9999999999999;679,9944354683497;659,993683305154;0,7617968735214569;0,6802060063015218;0,1403541649295903;0,5879957261259277;890,1507169057309;4,9634946965414727e-05
111,91666666666667;679,9999999999999;679,9944846644657;660,0472984906207;0,7617968735214569;0,6802060063015218;0,139113291254489;0,5827972909475528;890,1509087098973;4,919611601587274e-05
112,0;679,9999999999999;679,9945334256307;660,1007661790363;0,7617968735214569;0,6802060063015218;0,13788338835354352;0,5776448152127867;890,1510988186145;4,876116497699159e-05
112,08333333333333;679,9999999999999;679,9945817556903;660,1540867878267;0,7617968735214569;0,6802060063015218;0,13666435922914388;0,5725378925912668;890,1512872468671;4,833005954265707e-05
112,16666666666667;679,9999999999999;679,994629658456;660,2072607332288;0,7617968735214569;0,6802060063015218;0,1354561077391736;0,5674761203256419;890,1514740095076;4,7902765708653536e-05
112,25;679,9999999999999;679,9946771377058;660,2602884302934;0,7617968735214569;0,6802060063015218;0,13425853859700965;0,5624590992537188;890,1516591212563;4,747924977417128e-05
112,33333333333333;679,9999999999999;679,9947241971842;660,3131702928882;0,7617968735214569;0,6802060063015218;0,13307155735162723;0,5574864337014197;890,1518425967047;4,7059478333153934e-05
112,41666666666667;679,9999999999999;679,9947708406024;660,3659067337014;0,7617968735214569;0,6802060063015218;0,1318950703932842;0,5525577315344576;890,1520244503142;4,664341827820576e-05
112,5;679,9999999999999;679,9948170716392;660,4184981642443;0,7617968735214569;0,6802060063015218;0,1307289849364679;0,5476726040586762;890,1522046964194;4,62310367926358e-05
112,58333333333333;679,9999999999999;679,9948628939405;660,4709449948544;0,7617968735214569;0,6802060063015218;0,12957320901705316;0,542830666023741;890,1523833492275;4,58223013505141e-05
112,66666666666667;679,9999999999999;679,9949083111203;660,523247634699;0,7617968735214569;0,6802060063015218;0,12842765148377566;0,5380315355825367;890,1525604228208;4,541717971332181e-05
112,75;679,9999999999999;679,9949533267602;660,5754064917777;0,7617968735214569;0,6802060063015218;0,12729222198970547;0,5332748342653294;890,1527359311569;4,5015639927607597e-05
112,83333333333333;679,9999999999999;679,9949979444106;660,6274219729257;0,7617968735214569;0,6802060063015218;0,12616683099224701;0,5285601869613112;890,1529098880698;4,461765032372824e-05
112,91666666666667;679,9999999999999;679,9950421675901;660,6792944838171;0,7617968735214569;0,6802060063015218;0,12505138973324392;0,5238872218521599;890,1530823072717;4,4223179509963324e-05
113,0;679,9999999999999;679,9950859997865;660,7310244289675;0,7617968735214569;0,6802060063015218;0,12394581024466333;0,5192555704231114;890,1532532023532;4,3832196373655614e-05
113,08333333333333;679,9999999999999;679,9951294444566;660,7826122117375;0,7617968735214569;0,6802060063015218;0,12285000533438506;0,514664867418668;890,1534225867854;4,3444670077222454e-05
113,16666666666667;679,9999999999999;679,9951725050266;660,8340582343354;0,7617968735214569;0,6802060063015218;0,1217638885833594;0,5101147508130677;890,1535904739195;4,306057005594818e-05
113,25;679,9999999999999;679,9952151848927;660,8853628978206;0,7617968735214569;0,6802060063015218;0,12068737433139631;0,5056048617696824;890,15375687699;4,267986601424712e-05
113,33333333333333;679,9999999999999;679,9952574874206;660,9365266021066;0,7617968735214569;0,6802060063015218;0,11962037768000755;0,501134844626254;890,1539218091132;4,2302527924849604e-05
113,41666666666667;679,9999999999999;679,9952994159466;660,9875497459634;0,7617968735214569;0,6802060063015218;0,118562814481038;0,4967043468764377;890,1540852832902;4,192852602676795e-05
113,5;679,9999999999999;679,9953409737775;661,0384327270216;0,7617968735214569;0,6802060063015218;0,11751460133098135;0,49231301913289144;890,1542473124068;4,15578308223922e-05
113,58333333333333;679,9999999999999;679,9953821641906;661,0891759417746;0,7617968735214569;0,6802060063015218;0,11647565555961137;0,4879605150755999;890,1544079092355;4,119041307319233e-05
113,66666666666667;679,9999999999999;679,9954229904343;661,1397797855819;0,7617968735214569;0,6802060063015218;0,11544589523282411;0,4836464914666389;890,1545670864356;4,082624380091662e-05
113,75;679,9999999999999;679,9954634557287;661,1902446526724;0,7617968735214569;0,6802060063015218;0,11442523913842706;0,4793706080985;890,1547248565543;4,046529428310034e-05
113,83333333333333;679,9999999999999;679,9955035632647;661,2405709361468;0,7617968735214569;0,6802060063015218;0,11341360678045476;0,47513252776086984;890,1548812320285;4,0107536050412935e-05
113,91666666666667;679,9999999999999;679,9955433162056;661,2907590279812;0,7617968735214569;0,6802060063015218;0,11241091837916883;0,4709319162369394;890,1550362251849;3,975294088640532e-05
114,0;679,9999999999999;679,9955827176865;661,3408093190296;0,7617968735214569;0,6802060063015218;0,11141709485684714;0,46676844225911035;890,155189848241;3,940148082352145e-05
114,08333333333333;679,9999999999999;679,9956217708146;661,3907221990276;0,7617968735214569;0,6802060063015218;0,11043205783494159;0,4626417774905393;890,1553421133069;3,90531281416457e-05
114,16666666666667;679,9999999999999;679,99566047867;661,4404980565944;0,7617968735214569;0,6802060063015218;0,10945572963123595;0,4585515965029913;890,1554930323853;3,8707855366398575e-05
114,25;679,9999999999999;679,9956988443053;661,4901372792368;0,7617968735214569;0,6802060063015218;0,10848803324847722;0,4544975767436194;890,1556426173726;3,836563526609688e-05
114,33333333333333;679,9999999999999;679,9957368707461;661,5396402533516;0,7617968735214569;0,6802060063015218;0,10752889236584906;0,4504793984869802;890,1557908800611;3,8026440847901375e-05
114,41666666666667;679,9999999999999;679,9957745609914;661,5890073642288;0,7617968735214569;0,6802060063015218;0,10657823134465616;0,446496744871945;890,1559378321379;3,76902453607183e-05
114,5;679,9999999999999;679,9958119180137;661,6382389960542;0,7617968735214569;0,6802060063015218;0,10563597521127122;0,4425493018204951;890,1560834851869;3,735702228850215e-05
114,58333333333333;679,9999999999999;679,995848944759;661,6873355319128;0,7617968735214569;0,6802060063015218;0,10470204965429275;0,4386367580303396;890,1562278506901;3,702674534955774e-05
114,66666666666667;679,9999999999999;679,9958856441475;661,7362973537918;0,7617968735214569;0,6802060063015218;0,10377638102170295;0,4347588049527683;890,1563709400277;3,6699388494836136e-05
114,75;679,9999999999999;679,9959220190734;661,785124842583;0,7617968735214569;0,6802060063015218;0,10285889630949896;0,4309151367668142;890,1565127644799;3,637492590539792e-05
114,83333333333333;679,9999999999999;679,9959580724054;661,8338183780863;0,7617968735214569;0,6802060063015218;0,10194952316169292;0,4271054503534155;890,1566533352265;3,605333199065135e-05
114,91666666666667;679,9999999999999;679,9959938069868;661,8823783390128;0,7617968735214569;0,6802060063015218;0,10104818986178543;0,4233294452843421;890,1567926633486;3,5734581387015543e-05
115,0;679,9999999999999;679,9960292256358;661,9308051029868;0,7617968735214569;0,6802060063015218;0,1001548253270812;0,419586823777902;890,1569307598298;3,54186489545135e-05
115,08333333333333;679,9999999999999;679,9960643311456;661,9790990465498;0,7617968735214569;0,6802060063015218;0,09926935910300472;0,41587729068786844;890,1570676355564;3,510550977562915e-05
115,16666666666667;679,9999999999999;679,9960991262848;662,0272605451628;0,7617968735214569;0,6802060063015218;0,09839172135741592;0,4122005534702591;890,1572033013185;3,479513915265493e-05
115,25;679,9999999999999;679,9961336137974;662,0752899732094;0,7617968735214569;0,6802060063015218;0,097521842877768;0,4085563221796452;890,1573377678108;3,448751260724567e-05
115,33333333333333;679,9999999999999;679,9961677964033;662,1231877039986;0,7617968735214569;0,6802060063015218;0,0966596550625809;0,4049443094359316;890,1574710456334;3,4182605877572565e-05
115,41666666666667;679,9999999999999;679,9962016767981;662,1709541097682;0,7617968735214569;0,6802060063015218;0,09580508991575698;0,40136423038375413;890,1576031452929;3,388039491516793e-05
115,5;679,9999999999999;679,996235257654;662,2185895616869;0,7617968735214569;0,6802060063015218;0,09495808004373885;0,39781580269986194;890,157734077203;3,358085588523357e-05
115,58333333333333;679,9999999999999;679,9962685416192;662,266094429858;0,7617968735214569;0,6802060063015218;0,09411855864698282;0,39429874654513275;890,1578638516858;3,328396516278879e-05
115,66666666666667;679,9999999999999;679,9963015313185;662,3134690833216;0,7617968735214569;0,6802060063015218;0,09328645951711678;0,39081278456457297;890,1579924789714;3,2989699332475717e-05
115,75;679,9999999999999;679,9963342293537;662,360713890058;0,7617968735214569;0,6802060063015218;0,092461717034098;0,3873576418577887;890,1581199691999;3,2698035186352466e-05
115,83333333333333;680,0;679,9963666383034;662,4078292169906;0,7617968735214569;0,6802060063015218;0,09164426615484444;0,38393304594576544;890,1582463324219;3,24089497208535e-05
115,91666666666667;680,0;679,9963987607235;662,4548154299883;0,7617968735214569;0,6802060063015218;0,09083404241607695;0,38053872677455935;890,1583715785987;3,2122420137234093e-05
116,0;680,0;679,9964305991474;662,5016728938688;0,7617968735214569;0,6802060063015218;0,09003098191158188;0,37717441663409246;890,1584957176046;3,1838423834486004e-05
116,08333333333333;680,0;679,9964621560858;662,548401972401;0,7617968735214569;0,6802060063015218;0,08923502131494843;0,37383985023566607;890,1586187592256;3,1556938416168456e-05
116,16666666666667;680,0;679,9964934340276;662,595003028309;0,7617968735214569;0,6802060063015218;0,08844609785398916;0,3705347646086096;890,1587407131615;3,127794168162106e-05
116,25;680,0;679,9965244354391;662,6414764232732;0,7617968735214569;0,6802060063015218;0,08766414931073996;0,36725889910766263;890,1588615890264;3,100141162646601e-05
116,33333333333333;680,0;679,9965551627656;662,6878225179347;0,7617968735214569;0,6802060063015218;0,08688911402146005;0,3640119954129748;890,1589813963493;3,072732644260727e-05
116,41666666666667;680,0;679,9965856184301;662,7340416718974;0,7617968735214569;0,6802060063015218;0,08612093085957895;0,3607937974525924;890,1591001445759;3,0455664511785352e-05
116,5;680,0;679,9966158048345;662,7801342437311;0,7617968735214569;0,6802060063015218;0,08535953924706519;0,35760405144675156;890,1592178430668;3,0186404409369747e-05
116,58333333333333;680,0;679,9966457243594;662,8261005909741;0,7617968735214569;0,6802060063015218;0,08460487913737325;0,35444250584882064;890,1593345011014;2,9919524899171392e-05
116,66666666666667;680,0;679,9966753793643;662,871941070136;0,7617968735214569;0,6802060063015218;0,08385689101544358;0,3513089113416087;890,1594501278762;2,965500493319037e-05
116,75;680,0;679,996704772188;662,917656036701;0,7617968735214569;0,6802060063015218;0,08311551589201827;0,34820302079676324;890,159564732507;2,939282364846088e-05
116,83333333333333;680,0;679,9967339051483;662,9632458451302;0,7617968735214569;0,6802060063015218;0,08238069530079883;0,34512458928953493;890,1596783240284;2,9132960367862974e-05
116,91666666666667;680,0;679,9967627805429;663,0087108488647;0,7617968735214569;0,6802060063015218;0,08165237129276193;0,3420733740618659;890,1597909113956;2,887539459721904e-05
117,0;680,0;679,9967914006489;663,0540514003281;0,7617968735214569;0,6802060063015218;0,08093048642763279;0,3390491344744055;890,1599025034848;2,8620106021442074e-05
117,08333333333333;680,0;679,9968197677234;663,0992678509299;0,7617968735214569;0,6802060063015218;0,08021498377672742;0,33605163204711247;890,1600131090931;2,8367074507495586e-05
117,16666666666667;680,0;679,9968478840035;663,1443605510675;0,7617968735214569;0,6802060063015218;0,0795058069144261;0,3330806303965058;890,1601227369406;2,811628009953568e-05
117,25;680,0;679,9968757517065;663,1893298501298;0,7617968735214569;0,6802060063015218;0,07880289991248901;0,33013589522459147;890,1602313956696;2,786770301776842e-05
117,33333333333333;680,0;679,9969033730301;663,2341760964991;0,7617968735214569;0,6802060063015218;0,07810620733721407;0,32721719431148;890,1603390938469;2,762132365775239e-05
117,41666666666667;680,0;679,9969307501527;663,2788996375549;0,7617968735214569;0,6802060063015218;0,07741567424659479;0,32432429748216657;890,1604458399627;2,7377122587940544e-05
117,5;680,0;679,9969578852333;663,3235008196757;0,7617968735214569;0,6802060063015218;0,07673124618179372;0,32145697660283956;890,1605516424329;2,7135080548846927e-05
117,58333333333333;680,0;679,9969847804118;663,3679799882423;0,7617968735214569;0,6802060063015218;0,07605286916714249;0,3186150055550429;890,1606565095987;2,68951784512853e-05
117,66666666666667;680,0;679,9970114378092;663,4123374876406;0,7617968735214569;0,6802060063015218;0,07538048970445743;0,31579816022091156;890,1607604497274;2,665739737497504e-05
117,75;680,0;679,9970378595277;663,4565736612641;0,7617968735214569;0,6802060063015218;0,07471405477019744;0,31300621847209803;890,1608634710133;2,6421718567592167e-05
117,83333333333333;680,0;679,9970640476512;663,5006888515168;0,7617968735214569;0,6802060063015218;0,07405351180693742;0,31023896012917007;890,1609655815784;2,618812344142084e-05
117,91666666666667;680,0;679,9970900042448;663,5446833998158;0,7617968735214569;0,6802060063015218;0,07339880872052618;0,3074961669616105;890,1610667894731;2,5956593573159015e-05
118,0;680,0;679,9971157313555;663,5885576465943;0,7617968735214569;0,6802060063015218;0,07274989388008635;0,30477762267305286;890,1611671026767;2,572711070291179e-05
118,08333333333333;680,0;679,9971412310123;663,632311931304;0,7617968735214569;0,6802060063015218;0,0721067161123301;0,3020831128828259;890,1612665290972;2,5499656732545754e-05
118,16666666666667;680,0;679,997166505226;663,6759465924182;0,7617968735214569;0,6802060063015218;0,07146922469303263;0,2994124250964243;890,1613650765737;2,5274213723095068e-05
118,25;680,0;679,99719155599;663,7194619674341;0,7617968735214569;0,6802060063015218;0,07083736934987428;0,2967653487128909;890,1614627528752;2,505076389545767e-05
118,33333333333333;680,0;679,9972163852796;663,7628583928758;0,7617968735214569;0,6802060063015218;0,07021110025107191;0,2941416749694501;890,1615595657026;2,4829289625846983e-05
118,41666666666667;680,0;679,9972409950531;663,8061362042971;0,7617968735214569;0,6802060063015218;0,06959036801106322;0,29154119697472775;890,1616555226884;2,4609773448442535e-05
118,5;680,0;679,9972653872511;663,8492957362838;0,7617968735214569;0,6802060063015218;0,06897512367345371;0,288963709646002;890,1617506313981;2,439219804995123e-05
118,58333333333333;680,0;679,9972895637974;663,8923373224567;0,7617968735214569;0,6802060063015218;0,06836531872238538;0,28640900973504135;890,1618448993297;2,4176546272142366e-05
118,66666666666667;680,0;679,9973135265985;663,9352612954743;0,7617968735214569;0,6802060063015218;0,06776090506548371;0,28387689576535535;890,1619383339154;2,3962801106408815e-05
118,75;680,0;679,9973372775443;663,9780679870355;0,7617968735214569;0,6802060063015218;0,06716183503669981;0,28136716805434137;890,1620309425216;2,3750945695469523e-05
118,83333333333333;680,0;679,9973608185076;664,0207577278819;0,7617968735214569;0,6802060063015218;0,06656806139346827;0,2788796286911379;890,1621227324496;2,354096333166607e-05
118,91666666666667;680,0;679,997384151345;664,063330847801;0,7617968735214569;0,6802060063015218;0,0659795373110228;0,2764140815107866;890,1622137109357;2,3332837454814096e-05
119,0;680,0;679,9974072778967;664,1057876756286;0,7617968735214569;0,6802060063015218;0,06539621637386972;0,27397033207208565;890,1623038851533;2,3126551650112524e-05
119,08333333333333;680,0;679,9974301999864;664,1481285392514;0,7617968735214569;0,6802060063015218;0,06481805258147233;0,2715481876649717;890,1623932622115;2,2922089649033567e-05
119,16666666666667;680,0;679,9974529194218;664,1903537656098;0,7617968735214569;0,6802060063015218;0,06424500033972436;0,26914745727730016;890,1624818491568;2,2719435326477408e-05
119,25;680,0;679,9974754379945;664,2324636807004;0,7617968735214569;0,6802060063015218;0,06367701445526563;0,26676795158746264;890,1625696529737;2,2518572699881286e-05
119,33333333333333;680,0;679,9974977574803;664,2744586095791;0,7617968735214569;0,6802060063015218;0,06311405013832427;0,26440948296069594;890,1626566805842;2,231948592916124e-05
119,41666666666667;680,0;679,9975198796396;664,316338876363;0,7617968735214569;0,6802060063015218;0,06255606299134797;0,2620718653974061;890,16274293885;2,2122159312415364e-05
119,5;680,0;679,9975418062169;664,3581048042334;0,7617968735214569;0,6802060063015218;0,06200300900900402;0,25975491455162447;890,1628284345718;2,1926577287181176e-05
119,58333333333333;680,0;679,9975635389413;664,3997567154388;0,7617968735214569;0,6802060063015218;0,06145484457817929;0,25745844771255144;890,1629131744901;2,173272442917742e-05
119,66666666666667;680,0;679,9975850795267;664,4412949312967;0,7617968735214569;0,6802060063015218;0,060911526466611576;0,2551822837713368;890,1629971652865;2,1540585449265144e-05
119,75;680,0;679,9976064296719;664,482719772197;0,7617968735214569;0,6802060063015218;0,06037301183141608;0,2529262432432264;890,1630804135821;2,1350145195537607e-05
119,83333333333333;680,0;679,9976275910606;664,5240315576042;0,7617968735214569;0,6802060063015218;0,0598392582020324;0,250690148212195;890,1631629259409;2,1161388648384657e-05
119,91666666666667;680,0;679,9976485653615;664,56523060606;0,7617968735214569;0,6802060063015218;0,059310223485908864;0,24847382233832882;890,1632447088682;2,097430092138284e-05
120,0;680,0;679,9976693542287;664,6063172351861;0,7617968735214569;0,6802060063015218;0,05878586596281821;0,2462770908430609;890,1633257688121;2,0788867259901492e-05
