time_min;T_gas;T_hanger;T_cable;phi_hanger;phi_cable;qconv_hanger;qrad_hanger;cp_hanger;dT_hanger
0,0;19,999999999999964;20,0;20,0;0,5650490075788875;0,3918718759365971;0,0;0,0;0,0;0,0
0,08333333333333333;88,00267891889344;20,0;20,0;0,5650490075788875;0,3918718759365971;-8,881784197001252e-13;-1,2833562507474876e-13;439,80176;-1,402062807777939e-16
0,16666666666666666;140,47216691122372;20,26426933096608;20,081181487158407;0,5650490075788875;0,3918718759365971;1700,0669729723359;215,92056367749646;439,80176;0,26426933096608024
0,25;181,54762559614076;20,746183548111127;20,228183544916824;0,5650490075788875;0,3918718759365971;3005,1974395064412;490,2299352964419;439,98877091630055;0,4819142171450467
0,3333333333333333;214,24676380490655;21,40902000404032;20,429224983119276;0,5650490075788875;0,3918718759365971;4020,0360512007405;791,3794553146681;440,32923981965064;0,6628364559291923
0,4166666666666667;240,7701762166891;22,223409941399463;20,67515535038213;0,5650490075788875;0,3918718759365971;4820,943595021656;1096,8435729249388;440,7963517771042;0,8143899373591443
0,5;262,7230778479285;23,165892149543108;20,958856127005927;0,5650490075788875;0,3918718759365971;5463,669156882241;1393,7919498961635;441,3684048165789;0,9424822081436431
0,5833333333333334;281,27685530674063;24,217855252307306;21,27480552713816;0,5650490075788875;0,3918718759365971;5988,929642459634;1676,5462537302774;442,0278810936923;1,0519631027641967
0,6666666666666666;297,2867700968886;25,364643211429073;21,61873566145844;0,5650490075788875;0,3918718759365971;6426,475001360834;1943,828057216631;442,7607420997375;1,1467879591217656
0,75;311,3777154288792;26,59477557632283;21,987355620217308;0,5650490075788875;0,3918718759365971;6798,053172136487;2196,696235750555;443,5558097143952;1,2301323648937599
0,8333333333333334;324,0066976265547;27,89927991940065;22,378128495522212;0,5650490075788875;0,3918718759365971;7119,573496313908;2437,2298235423127;444,40421301049787;1,3045043430778192
0,9166666666666666;335,5083596559061;29,27113638988922;22,78909411273701;0,5650490075788875;0,3918718759365971;7402,68544267885;2667,773366125231;445,2989078074879;1,3718564704885718
1,0;346,1281495600003;30,7048275741743;23,218730079356988;0,5650490075788875;0,3918718759365971;7655,93058165042;2890,5483717418347;446,2342738743097;1,4336911842850788
1,0833333333333333;356,0464872675711;32,19598140638382;23,665844230566208;0,5650490075788875;0,3918718759365971;7885,583049645649;3107,4824517198294;447,205787408217;1,4911538322095255
1,1666666666666667;365,3963730239373;33,741092547313194;24,129492232216094;0,5650490075788875;0,3918718759365971;8096,262646529681;3320,1586180857657;448,2097610917075;1,5451111409293736
1,25;374,2762175314597;35,337307727866516;24,608914971300337;0,5650490075788875;0,3918718759365971;8291,382011915603;3529,825576540657;449,24314159996646;1,596215180553322
1,3333333333333333;382,75919072482066;36,982261975727795;25,10349128618643;0,5650490075788875;0,3918718759365971;8473,47274508983;3737,4351792152333;450,3033541187429;1,6449542478612773
1,4166666666666667;390,90003408737726;38,67395461071237;25,612702458030697;0,5650490075788875;0,3918718759365971;8644,423218727321;3943,688734197755;451,3881843031904;1,6916926349845731
1,5;398,7400249430552;40,41065592464716;26,136105645015455;0,5650490075788875;0,3918718759365971;8805,651986916622;4149,082930001829;452,49568948156167;1,7367013139347895
1,5833333333333333;406,3105942996655;42,19083731341758;26,67331407421558;0,5650490075788875;0,3918718759365971;8958,234225460199;4353,951202267813;453,6241323785457;1,78018138877042
1,6666666666666667;413,6359636792835;44,01311920716899;27,223982316098088;0,5650490075788875;0,3918718759365971;9102,993924656199;4558,499083598562;454,7719319954289;1,8222818937514096
1,75;420,73506718312314;45,876232435272435;27,78779536844831;0,5650490075788875;0,3918718759365971;9240,571111802863;4762,833447671777;455,93762745412926;1,8631132281034415
1,8333333333333333;427,6229527724214;47,77898968979238;28,36446058785669;0,5650490075788875;0,3918718759365971;9371,470868696268;4966,986186705438;457,1198515722235;1,9027572545199503
1,9166666666666667;434,3118040957869;49,72026455370506;28,953701745379547;0,5650490075788875;0,3918718759365971;9496,099077065724;5170,933093659261;458,3173117012815;1,941274863912674
2,0;440,81168583328076;51,69897617912546;29,555254664138594;0,5650490075788875;0,3918718759365971;9614,788488552045;5374,608752360698;459,5287759588063;1,9787116254204031
2,0833333333333335;447,1310875792642;53,714078173931185;30,16886403339691;0,5650490075788875;0,3918718759365971;9727,817741353883;5577,918177192305;460,7530634450225;2,0151019948057285
2,1666666666666665;453,27732092368217;55,764550614431975;30,794281096459557;0,5650490075788875;0,3918718759365971;9835,425235133325;5780,745846149523;461,98903738762607;2,0504724405007937
2,25;459,2568095559629;57,849394373230986;31,43126198677826;0,5650490075788875;0,3918718759365971;9937,819257731255;5982,962666083266;463,23560042434707;2,084843758799009
2,3333333333333335;465,0753014069429;59,96762715587923;32,079566544219205;0,5650490075788875;0,3918718759365971;10035,185379568296;6184,431310565909;464,4916914343397;2,1182327826482403
2,4166666666666665;470,73802396923867;62,11828079349604;32,7389574864179;0,5650490075788875;0,3918718759365971;10127,691856276593;6385,010284664444;465,75628348055585;2,150653637616813
2,5;476,24979819895117;64,30039945365857;33,40919984216501;0,5650490075788875;0,3918718759365971;10215,493579393566;6584,5569983667965;467,02838253849535;2,1821186601625318
2,5833333333333335;481,615122221369;66,51303851805163;34,0900605776084;0,5650490075788875;0,3918718759365971;10298,734968632314;6782,930070852704;468,30702677139277;2,21263906439306
2,6666666666666665;486,8382330177183;68,75526393982268;34,781308363798246;0,5650490075788875;0,3918718759365971;10377,552092582933;6979,991039736755;469,5912861750898;2,242225421771058
2,75;491,92315205103944;71,0261519417481;35,48271344729876;0,5650490075788875;0,3918718759365971;10452,074226947392;7175,605611092208;470,8802624629566;2,270888001925409
2,8333333333333335;496,87371917257434;73,32478895228262;36,19404759540495;0,5650490075788875;0,3918718759365971;10522,425002732283;7369,644555788721;472,1730890963084;2,298637010534524
2,9166666666666665;501,6936179721578;75,65027170341104;36,9150840948025;0,5650490075788875;0,3918718759365971;10588,723255507293;7561,984333920752;473,4689313918644;2,3254827511284177
3,0;506,38639487790584;78,00170743425305;37,645597787937966;0,5650490075788875;0,3918718759365971;10651,08365671867;7752,507510561579;474,76698665720374;2,351435730842007
3,0833333333333335;510,9554736852297;80,37821415931597;38,38536513540696;0,5650490075788875;0,3918718759365971;10709,61718609132;7941,103011667126;476,0664843195785;2,3765067250629177
3,1666666666666665;515,404166739632;82,77892097143331;39,13416429567525;0,5650490075788875;0,3918718759365971;10764,431488147844;8127,666257791061;477,36668602413164;2,400706812117332
3,25;519,73568366582;85,20296835773411;39,891775215688554;0,5650490075788875;0,3918718759365971;10815,631144204968;8312,099204649265;478,66688568548193;2,4240473863008063
3,3333333333333335;523,9531382938255;87,64950851317738;40,657979727597294;0,5650490075788875;0,3918718759365971;10863,317882702147;8494,310312923268;479,9664094824779;2,44654015544327
3,4166666666666665;528,0595542566051;90,11770564079349;41,43256164806983;0,5650490075788875;0,3918718759365971;10907,590744516205;8674,21446457487;481,2646157902299;2,4681971276161105
3,5;532,0578696052143;92,60673623120151;42,21530687759982;0,5650490075788875;0,3918718759365971;10948,54621539529;8851,732839008693;482,56089504667625;2,489030590408023
3,5833333333333335;535,950940694074;95,11578931651516;43,006003497911315;0,5650490075788875;0,3918718759365971;10986,278334350318;9026,792759395705;483,85466955323454;2,509053085313647
3,6666666666666665;539,7415455206971;97,6440666956339;43,80444186608843;0,5650490075788875;0,3918718759365971;11020,878784438972;9199,327517145512;485,14539321073624;2,528277379118732
3,75;543,4323866545493;100,1907831293056;44,61041470445017;0,5650490075788875;0,3918718759365971;11052,436970626579;9369,276180729134;486,4325511930137;2,5467164336717034
3,8333333333333335;547,0260938535251;102,75516650436693;45,4237171854869;0,5650490075788875;0,3918718759365971;11081,040088131092;9536,58339367768;487,71565956131644;2,5643833750613267
3,9166666666666665;550,5252264401282;105,33645796730976;46,24414701139891;0,5650490075788875;0,3918718759365971;11106,773183728956;9701,199165522099;488,99426482327357;2,5812914629428287
4,0;553,9322754902134;107,93391202785637;47,07150448794659;0,5650490075788875;0,3918718759365971;11129,719211820462;9863,07865861951;490,26794344045817;2,5974540605466054
4,083333333333333;557,2496658731299;110,54679663360368;47,90559259245025;0,5650490075788875;0,3918718759365971;11149,959086558927;10022,1819731762;491,53630128879416;2,612884605747317
4,166666666666667;560,4797581718716;113,17439321705739;48,74621703587484;0,5650490075788875;0,3918718759365971;11167,571730988155;10178,47393228332;492,79897307612265;2,6275965834537116
4,25;563,6248505043958;115,81599671654851;49,59318631900928;0,5650490075788875;0,3918718759365971;11182,634123870355;10331,92386839455;494,05562172123206;2,641603499491122
4,333333333333333;566,687180261817;118,47091557263084;50,44631178280604;0,5650490075788875;0,3918718759365971;11195,221344696181;10482,505412372071;495,30593769858723;2,6549188560823382
4,416666666666667;569,6689257752196;121,13847170161351;51,30540765298986;0,5650490075788875;0,3918718759365971;11205,406617229655;10630,196285986829;496,5496383528719;2,667556128982669
4,5;572,5722079199263;123,81800044790131;52,17029107907625;0,5650490075788875;0,3918718759365971;11213,261351840152;10774,97809856862;497,7864671873118;2,6795287462877946
4,583333333333333;575,399091663942;126,50885051680655;53,040782167965205;0,5650490075788875;0,3918718759365971;11218,855186800625;10916,836148348713;499,01619312957195;2,690850068905234
4,666666666666667;578,1515875657313;129,21038388946627;53,91670401229297;0,5650490075788875;0,3918718759365971;11222,256028678388;11055,75922891446;500,2386097788311;2,701533372659738
4,75;580,83165322536;131,92197572145412;54,79788271373803;0,5650490075788875;0,3918718759365971;11223,530091906629;11191,739441094984;501,4535346374424;2,7115918319878394
4,833333333333333;583,4411946921857;134,6430142266202;55,68414740148639;0,5650490075788875;0,3918718759365971;11222,741937597646;11324,772010515479;502,6608083303844;2,721038505166096
4,916666666666667;585,9820678316714;137,3729005476302;56,575330246067104;0,5650490075788875;0,3918718759365971;11219,954511639138;11454,85511098958;503,8602938154997;2,7298863210099777
5,0;588,4560796534377;140,11104861460547;57,47126646877257;0,5650490075788875;0,3918718759365971;11215,229182101031;11581,989693863528;505,05187558732246;2,738148066975278
5,083333333333333;590,8649896023319;142,85688499319636;58,3717943468795;0,5650490075788875;0,3918718759365971;11208,625775970804;11706,179323378867;506,2354588770873;2,7458363785908912
5,166666666666667;593,210510814042;145,6098487233465;59,27675521488611;0,5650490075788875;0,3918718759365971;11200,202615228389;11827,43001808123;507,4109688513232;2,7529637301501344
5,25;595,4943113365867;148,36939114993382;60,18599346197977;0,5650490075788875;0,3918718759365971;11190,016552267387;11945,750098269864;508,5783498112458;2,7595424265873336
5,333333333333333;597,718015318879;151,13497574640064;61,099356525946476;0,5650490075788875;0,3918718759365971;11178,123004666324;12061,150039454466;509,7375643949757;2,765584596466819
5,416666666666667;599,8832041674364;153,90607793241324;62,0166948837302;0,5650490075788875;0,3918718759365971;11164,57598931196;12173,642331762754;510,8885927844413;2,7711021860126026
5,5;601,991417672238;156,6821848865218;62,937862038845765;0,5650490075788875;0,3918718759365971;11149,428155875577;12283,241345221895;512,0314319186537;2,7761069541085797
5,583333333333333;604,0441551026489;159,46279535472297;63,86271450584409;0,5650490075788875;0,3918718759365971;11132,730819642904;12389,963200820708;513,1660947148848;2,7806104682011643
5,666666666666667;606,0428762742866;162,2474194557615;64,7911117920235;0,5650490075788875;0,3918718759365971;11114,533993698149;12493,82564724507;514,29260929913;2,7846241010385357
5,75;607,9890025876496;165,0355784839447;65,72291637657496;0,5650490075788875;0,3918718759365971;11094,88642046313;12594,847943167762;515,4110182470935;2,7881590281832134
5,833333333333333;609,8839180392985;167,82680471018196;66,65799368734308;0,5650490075788875;0,3918718759365971;11073,83560259262;12693,050744963773;516,5213778368033;2,7912262262372662
5,916666666666667;611,728970206344;170,62064118190426;67,59621207537889;0,5650490075788875;0,3918718759365971;11051,427833227914;12788,4559997148;517,6237573138379;2,7938364717222908
6,0;613,5254712049641;173,41664152246324;68,53744278745361;0,5650490075788875;0,3918718759365971;11027,708225610993;12881,086843359984;518,7182381700302;2,796000340558971
6,083333333333333;615,2746986236548;176,2143697305572;69,48155993669658;0,5650490075788875;0,3918718759365971;11002,720742062522;12970,967503845026;519,804913436399;2,7977282080939463
6,166666666666667;616,9778964318892;179,01339998018156;70,42844047151377;0,5650490075788875;0,3918718759365971;10976,508222327438;13058,123209118336;520,8838869909729;2,7990302496243595
6,25;618,6362758648413;181,81331642155493;71,37796414293685;0,5650490075788875;0,3918718759365971;10949,112411292692;13142,58009982;521,9552728820557;2,7999164413733566
6,333333333333333;620,2510162848129;184,61371298342726;72,3300134705465;0,5650490075788875;0,3918718759365971;10920,57398608216;13224,36514650762;523,0191946674172;2,8003965618723323
6,416666666666667;621,8232660199774;187,4141931771358;73,28447370710678;0,5650490075788875;0,3918718759365971;10890,93258253464;13303,506071262576;524,0757847697963;2,80048019370851
6,5;623,354143181046;190,21436990273463;74,24123280204135;0,5650490075788875;0,3918718759365971;10860,22682107104;13380,031273519511;525,1251838490386;2,8001767255988357
6,583333333333333;624,8447364564352;193,0138652574884;75,20018136387598;0,5650490075788875;0,3918718759365971;10828,494331957783;13453,969759963036;526,1675401911207;2,799495354753751
6,666666666666667;626,2961058865054;195,81231034698507;76,16121262176551;0,5650490075788875;0,3918718759365971;10795,77177997367;13525,351078336196;527,2030091142495;2,798445089496688
6,75;627,7092836174239;198,60934509909254;77,12422238621745;0,5650490075788875;0,3918718759365971;10762,094888488007;13594,205255007093;528,2317523921711;2,7970347521074648
6,833333333333333;629,0852746351858;201,40461808095245;78,08910900911856;0,5650490075788875;0,3918718759365971;10727,498462958285;13660,562736142085;529,2539376947678;2,795272981859917
6,916666666666667;630,4250574803187;204,19778631917862;79,05577334316483;0,5650490075788875;0,3918718759365971;10692,016413855834;13724,454332336129;530,2697380459806;2,7931682382261718
7,0;631,72958494378;206,9885151234006;80,02411870078998;0,5650490075788875;0,3918718759365971;10655,681779028504;13785,91116655379;531,2793312990447;2,7907288042219633
7,083333333333333;632,999784744539;209,77647791326987;80,9940508126819;0,5650490075788875;0,3918718759365971;10618,526745509484;13844,96462523731;532,2828996289957;2,7879627898692814
7,166666666666667;634,2365601893308;212,5613560490243;81,96547778597132;0,5650490075788875;0,3918718759365971;10580,582670781729;13901,646312441284;533,2806290423587;2,784878135754427
7,25;635,4407908150464;215,34283866568555;82,938310062172;0,5650490075788875;0,3918718759365971;10541,880103507663;13955,988006856971;534,2727089039138;2,781482616661228
7,333333333333333;636,6133330142198;218,12062251094636;83,91246037494682;0,5650490075788875;0,3918718759365971;10502,44880373402;14008,02162159275;535,2593314803916;2,777783845260804
7,416666666666667;637,7550206440552;220,89441178678712;84,8878437077693;0,5650490075788875;0,3918718759365971;10462,317762581837;14057,77916658092;536,240691500936;2,773789275840764
7,5;638,866665619428;223,66391799484526;85,86437725154578;0,5650490075788875;0,3918718759365971;10421,515221431702;14105,29271348483;537,2169857341468;2,7695062080581394
7,583333333333333;639,9490584902804;226,42885978554702;86,84198036225894;0,5650490075788875;0,3918718759365971;10380,068690614567;14150,594362984215;538,1884125814926;2,7649417907017475
7,666666666666667;641,0029690038252;229,18896281099788;87,82057451868951;0,5650490075788875;0,3918718759365971;10338,004967618335;14193,716214320197;539,1551716868721;2,7601030254508734
7,75;642,029146651953;231,94395958161633;88,80008328026852;0,5650490075788875;0,3918718759365971;10295,350154820684;14234,690336985925;540,1174635620835;2,7549967706184337
7,833333333333333;643,0283212042367;234,6935893264842;89,78043224510921;0,5650490075788875;0,3918718759365971;10252,129676758417;14273,548744452037;541,0754892279481;2,7496297448678466
7,916666666666667;644,0012032269094;237,43759785737808;90,76154900826366;0,5650490075788875;0,3918718759365971;10208,368296943812;14310,323369820615;542,0294498708288;2,744008530893888
8,0;644,948484588186;240,17573743643692;91,74336312024595;0,5650490075788875;0,3918718759365971;10164,090134238284;14345,046043304894;542,9795465142656;2,738139579058836
8,083333333333334;645,8708389502879;242,90776664741298;92,72580604586042;0,5650490075788875;0,3918718759365971;10119,318678793728;14377,748471435929;543,9259797054511;2,732029210976066
8,166666666666666;646,7689222485191;245,63345027044718;93,70881112337015;0,5650490075788875;0,3918718759365971;10074,076807571872;14408,46221790133;544,8689492162536;2,725683623034206
8,25;647,6433731577384;248,35255916030283;94,69231352403823;0,5650490075788875;0,3918718759365971;10028,386799451797;14437,21868592473;545,8086537584999;2,7191088898556397
8,333333333333334;648,4948135465537;251,0648701279869;95,67625021207121;0,5650490075788875;0,3918718759365971;9982,27034993589;14464,049102098741;546,7452907132141;2,71231096768407
8,416666666666666;649,3238489195664;253,77016582568325;96,66055990499179;0,5650490075788875;0,3918718759365971;9935,74858546417;14488,984501587202;547,6790558735171;2,7052956976963562
8,5;650,1310688479784;256,46823463491796;97,64518303446475;0,5650490075788875;0,3918718759365971;9888,84207734708;14512,055714616841;548,6101432008754;2,6980688092346847
8,583333333333334;650,9170473888669;259,15887055787357;98,63006170759849;0,5650490075788875;0,3918718759365971;9841,570855326512;14533,293354181258;549,538744594401;2,6906359229556
8,666666666666666;651,6823434934272;261,84187311176663;99,61513966874143;0,5650490075788875;0,3918718759365971;9793,954420774833;14552,727804884003;550,4650496728905;2,683002553893057
8,75;652,427501404473;264,5170472261998;100,60036226179123;0,5650490075788875;0,3918718759365971;9746,011759541514;14570,389212850632;551,3892455692961;2,675174114433175
8,833333333333334;653,1530510434759;267,18420314339863;101,58567639303196;0,5650490075788875;0,3918718759365971;9697,76135445683;14586,307476642985;552,3115167373243;2,667155917198842
8,916666666666666;653,8595083874213;269,8431563212414;102,57103049451321;0,5650490075788875;0,3918718759365971;9649,22119750193;14600,512239111888;553,2320447698517;2,658953177842776
9,0;654,5473758357468;272,4937273389895;103,55637448798284;0,5650490075788875;0,3918718759365971;9600,4088016545;14613,0328801278;554,1510082288538;2,6505710177481046
9,083333333333334;655,2171425676252;275,13574180562534;104,5416597493836;0,5650490075788875;0,3918718759365971;9551,341212418933;14623,898510131556;555,0685824865419;2,6420144666358314
9,166666666666666;655,8692848898461;277,7690302707044;105,52683907392233;0,5650490075788875;0,3918718759365971;9502,035019049996;14633,13796445051;555,9849395774041;2,6332884650790134
9,25;656,5042665755425;280,3934281376281;106,51186664171877;0,5650490075788875;0,3918718759365971;9452,506365478543;14640,779798328022;556,9002480608499;2,624397866923722
9,333333333333334;657,1225391940054;283,0087755792453;107,49669798403995;0,5650490075788875;0,3918718759365971;9402,770960947859;14646,85228261674;557,8146728941607;2,6153474416171734
9,416666666666666;657,724542431818;285,6149174556891;108,48128995012466;0,5650490075788875;0,3918718759365971;9352,844090369003;14651,383400089226;558,7283753154458;2,606141876443786
9,5;658,3107044055405;288,2117032343591;109,46560067460122;0,5650490075788875;0,3918718759365971;9302,740624403223;14654,400842321194;559,641512736314;2,596785778669988
9,583333333333334;658,8814419661669;290,79898691195814;110,44958954550091;0,5650490075788875;0,3918718759365971;9252,475029279534;14655,932007105752;560,5542386439681;2,5872836775990287
9,666666666666666;659,4371609955693;293,37662693849524;111,4332171728682;0,5650490075788875;0,3918718759365971;9202,06137635522;14656,003996358937;561,4667025124314;2,577640026537124
9,75;659,9782566951428;295,94448614316775;112,41644535796802;0,5650490075788875;0,3918718759365971;9151,513351426853;14654,643614479026;562,3790497226249;2,5678592046724993
9,833333333333334;660,5051138668539;298,5024316620368;113,39923706308943;0,5650490075788875;0,3918718759365971;9100,844263799376;14651,87736712455;563,29142149101;2,5579455188690683
9,916666666666666;661,0181071868933;301,0503348674135;114,38155638194422;0,5650490075788875;0,3918718759365971;9050,067055120426;14647,731460377645;564,2039548065189;2,5479032053766373
10,0;661,5176014721292;303,5880712988731;115,36336851065816;0,5650490075788875;0,3918718759365971;8999,194307986996;14642,23180026139;565,1167823754948;2,5377364314596282
10,083333333333334;662,0039519395467;306,1155205958196;116,34463971935205;0,5650490075788875;0,3918718759365971;8948,238254331402;14635,403992581949;566,0300325743738;2,5274492969464912
10,166666666666666;662,4775044588623;308,63256643152164;117,32533732430893;0,5650490075788875;0,3918718759365971;8897,210783593178;14627,273343067618;566,9438294098334;2,5170458357020262
10,25;662,9385957984902;311,1390964485466;118,3054296607234;0,5650490075788875;0,3918718759365971;8846,123450683517;14617,864857779043;567,8582924861478;2,5065300170249514
10,333333333333334;663,387553865036;313,63500219551975;119,28488605602818;0,5650490075788875;0,3918718759365971;8794,98748374859;14607,203243766338;568,7735369794837;2,495905746973144
10,416666666666666;663,8246979364887;316,12017906513876;120,26367680379286;0,5650490075788875;0,3918718759365971;8743,813791737906;14595,312909950253;569,68967361888;2,485176869619001
10,5;664,2503388892766;318,5945262333762;121,24177313818915;0,5650490075788875;0,3918718759365971;8692,61297178375;14582,21796820624;570,6068086736573;2,4743471682374687
10,583333333333334;664,6647794193473;321,0579465998055;122,21914720901661;0,5650490075788875;0,3918718759365971;8641,39531639751;14567,942234631662;571,5250439470025;2,4634203664293053
10,666666666666666;665,0683142574313;323,51034672898766;123,1957720572825;0,5650490075788875;0,3918718759365971;8590,170820488544;14552,509230977546;572,4444767754859;2,4524001291821635
10,75;665,4612303786414;325,9516367928598;124,17162159132889;0,5650490075788875;0,3918718759365971;8538,949188211092;14535,942186227734;573,3652000342626;2,4412900638721253
10,833333333333334;665,8438072065546;328,3817305140681;125,14667056350018;0,5650490075788875;0,3918718759365971;8487,73983964454;14518,264038309613;574,2873021477208;2,430093721208325
10,916666666666666;666,2163168119266;330,8005451101914;126,1208945473436;0,5650490075788875;0,3918718759365971;8436,551917312163;14499,497435921268;575,21086710534;2,4188145961232714
11,0;666,5790241061744;333,208001238803;127,09426991533529;0,5650490075788875;0,3918718759365971;8385,39429254338;14479,664740461723;576,1359744825264;2,407456128611531
11,083333333333334;666,9321870297699;335,6040229433223;128,06677381712424;0,5650490075788875;0,3918718759365971;8334,275571684286;14458,78802805124;577,062699466198;2,3960217045193506
11,166666666666666;667,2760567356747;337,9885375996102;129,03838415828608;0,5650490075788875;0,3918718759365971;8283,20410216119;14436,889091630224;577,9911128848928;2,384514656287858
11,25;667,6108777679486;340,36147586326257;130,0090795795789;0,5650490075788875;0,3918718759365971;8232,187978401613;14413,989443125773;578,921281243184;2,3729382636523644
11,333333333333334;667,9368882356573;342,7227716175629;130,97883943669285;0,5650490075788875;0,3918718759365971;8181,235047617151;14390,110315676053;579,8532667601794;2,3612957543003468
11,416666666666666;668,2543199822053;345,07236192205346;131,94764378048518;0,5650490075788875;0,3918718759365971;8130,35291545236;14365,272665903343;580,7871274118983;2,349590304490573
11,5;668,5633987502113;347,4101869616893;132,91547333769248;0,5650490075788875;0,3918718759365971;8079,548951503795;14339,497176227535;581,722916977314;2,3378250396358493
11,583333333333334;668,8643443420464;349,7361899965411;133,88230949211183;0,5650490075788875;0,3918718759365971;8028,830294713049;14312,804257212381;582,6606850878588;2,326003034851786
11,666666666666666;669,1573707761469;352,050317312015;134,84813426624217;0,5650490075788875;0,3918718759365971;7978,203858637632;14285,214049937678;583,6004772801921;2,3141273154739275
11,75;669,4426864392142;354,35251816956054;135,81293030337756;0,5650490075788875;0,3918718759365971;7927,6763366032965;14256,746428391087;584,5423350520335;2,3022008575455555
11,833333333333334;669,7204942344102;356,64274475783895;136,7766808501439;0,5650490075788875;0,3918718759365971;7877,2542067413415;14227,4210018739;585,4862959208727;2,2902265882783897
11,916666666666666;669,9909917256516;358,9209521443273;137,73936973947045;0,5650490075788875;0,3918718759365971;7826,943736914282;14197,257117415827;586,432393485365;2,278207386488371
12,0;670,2543712781094;361,1870982273359;138,70098137398796;0,5650490075788875;0,3918718759365971;7776,750989533108;14166,273862193904;587,3806574892318;2,266146083008614
12,083333333333334;670,5108201950084;363,4411436884175;139,66150070984446;0,5650490075788875;0,3918718759365971;7726,681826269336;14134,490065951857;588,3311138874881;2,254045461081588
12,166666666666666;670,76052085083;365,68305194515;140,62091324093097;0,5650490075788875;0,3918718759365971;7676,741912664771;14101,924303415866;589,283784914819;2,2419082567324673
12,25;671,0036508210076;367,9127891042756;141,5792049835082;0,5650490075788875;0,3918718759365971;7626,936722641999;14068,594896703944;590,2386891559385;2,229737159125583
12,333333333333334;671,2403830082103;370,13032391518135;142,53636246122613;0,5650490075788875;0,3918718759365971;7577,271542918299;14034,519917725765;591,1958416177644;2,217534810905742
12,416666666666666;671,4708857653027;372,33562772370755;143,49237269052838;0,5650490075788875;0,3918718759365971;7527,7514773257235;13999,717190570742;592,1552538032482;2,205303808526205
12,5;671,6953230150701;374,5286744262725;144,44722316643282;0,5650490075788875;0,3918718759365971;7478,381451039879;13964,204293882063;593,1169337867011;2,1930467025649674
12,583333333333334;671,9138543667927;376,70944042430347;145,40090184868066;0,5650490075788875;0,3918718759365971;7429,16621471994;13927,998563215091;594,080886290467;2,1807659980309424
12,666666666666666;672,126635229752;378,877904578965;146,3533971482459;0,5650490075788875;0,3918718759365971;7380,110348562232;13891,11709337837;595,0471127627937;2,168464154661555
12,75;672,3338169237504;381,0340481661782;147,30469791419708;0,5650490075788875;0,3918718759365971;7331,218266269674;13853,576740756185;596,0156114567585;2,156143587213185
12,833333333333334;672,5355467867236;383,17785483192404;148,2547934209036;0,5650490075788875;0,3918718759365971;7282,494218939306;13815,394125611496;596,9863775101087;2,143806665745823
12,916666666666666;672,7319682795194;385,30931054782724;149,203673355579;0,5650490075788875;0,3918718759365971;7233,942298869988;13776,585634368601;597,9594030258859;2,1314557159032224
13,0;672,9232210879213;387,42840356701697;150,15132780615323;0,5650490075788875;0,3918718759365971;7185,566443292303;13737,167421874758;598,9346771536993;2,1190930191897497
13,083333333333334;673,1094412219862;389,53512438026206;151,09774724946678;0,5650490075788875;0,3918718759365971;7137,370438022609;13697,155413640501;599,9121861715291;2,1067208132450674
13,166666666666666;673,2907611127678;391,62946567237975;152,0429225397789;0,5650490075788875;0,3918718759365971;7089,357921043104;13656,565308058238;600,8919135679321;2,09434129211771
13,25;673,467309706496;393,7114222789183;152,98684489758287;0,5650490075788875;0,3918718759365971;7041,5323860097005;13615,412578599053;601,8738401245382;2,081956606538534
13,333333333333334;673,6392125562776;395,7809911431132;153,92950589872092;0,5650490075788875;0,3918718759365971;6993,897185689444;13573,712475987822;602,8579439987238;2,069568864194961
13,416666666666666;673,8065919113831;397,83817127312005;154,8708974637919;0,5650490075788875;0,3918718759365971;6946,455535329109;13531,4800303566;603,8442008063556;2,0571801300068415
13,5;673,9695668041851;399,8829636995248;155,81101184784458;0,5650490075788875;0,3918718759365971;6899,210515956575;13488,730053376605;604,8325837044979;2,044792426404743
13,583333333333334;674,1282531348089;401,9153714331361;156,74984163034995;0,5650490075788875;0,3918718759365971;6852,165077616508;13445,477140369021;605,8230634739905;2,032407733611324
13,666666666666666;674,2827637535545;403,93539942306256;157,68737970544544;0,5650490075788875;0,3918718759365971;6805,32204254182;13401,735672395142;606,8156086017972;2,0200279899264877
13,75;674,4332085411507;405,94305451507944;158,62361927244493;0,5650490075788875;0,3918718759365971;6758,684108262298;13357,519818326113;607,8101853630362;2,007655092016848
13,833333333333334;674,5796944868976;407,9383454102895;159,5585538266077;0,5650490075788875;0,3918718759365971;6712,253850651783;13312,843536892931;608,8067579026081;1,9952908952100512
13,916666666666666;674,722325764752;409,9212826240839;160,49217715016013;0,5650490075788875;0,3918718759365971;6666,0337269152005;13267,720578717175;609,8052883163359;1,9829372137944024
14,0;674,8612038074107;411,8918784454081;161,42448330356387;0,5650490075788875;0,3918718759365971;6620,026078516702;13222,164488323118;610,8057367315414;1,9705958213242067
14,083333333333334;674,9964273784456;413,85014689633925;162,35546661702435;0,5650490075788875;0,3918718759365971;6574,233134050064;13176,18860613158;611,8080613869838;1,9582684509311334
14,166666666666666;675,128092642539;415,7961036919812;163,28512168223367;0,5650490075788875;0,3918718759365971;6528,657012052658;13129,806070436678;612,8122187120887;1,9459567956419699
14,25;675,2562932338715;417,72976620068414;164,21344334434207;0,5650490075788875;0,3918718759365971;6483,299723763943;13083,029819365502;613,8181634054041;1,9336625087029156
14,333333333333334;675,3811203227106;419,6511534045948;165,140426694152;0,5650490075788875;0,3918718759365971;6438,1631758296835;13035,872592821817;614,8258485122182;1,9213872039106887
14,416666666666666;675,5026626802463;421,5602858605454;166,06606706052952;0,5650490075788875;0,3918718759365971;6393,249172952894;12988,346934414292;615,8352255012823;1,9091324559505476
14,5;675,6210067417218;423,4571856612867;166,99036000302692;0,5650490075788875;0,3918718759365971;6348,559420492524;12940,465193369873;616,8462443405837;1,8968998007413456
14,583333333333334;675,736236667901;425,3418763970744;167,91330130471198;0,5650490075788875;0,3918718759365971;6304,095527010877;12892,239526433119;617,8588535721159;1,8846907357876967
14,666666666666666;675,8484344049208;427,21438311761364;168,8348869651979;0,5650490075788875;0,3918718759365971;6259,859006770666;12843,681899751853;618,8730003856008;1,8725067205392354
14,75;675,9576797425666;429,0747322943707;169,75511319386902;0,5650490075788875;0,3918718759365971;6215,851282182679;12794,804090750105;619,8886306911152;1,860349176757013
14,833333333333334;676,0640503710156;430,92295178325764;170,6739764032972;0,5650490075788875;0,3918718759365971;6172,073686204898;12745,617689988718;620,9056891905843;1,8482194888869408
14,916666666666666;676,167621936086;432,75907078769785;171,59147320284399;0,5650490075788875;0,3918718759365971;6128,527464693949;12696,134103014256;621,9241194481009;1,8361190044402258
15,0;676,2684680930333;434,5831198220785;172,50760039244386;0,5650490075788875;0,3918718759365971;6085,213778709704;12646,364552196874;622,9438639590386;1,8240490343806703
15,083333333333334;676,36666055893;436,3951306755972;173,42235495656337;0,5650490075788875;0,3918718759365971;6042,1337067738705;12596,320078557601;623,9648642179257;1,812010853518727
15,166666666666666;676,4622691636674;438,1951363765093;174,33573405833212;0,5650490075788875;0,3918718759365971;5999,288247083319;12546,011543585573;624,9870607850519;1,800005700912108
15,25;676,5553618996157;439,98317115678213;175,24773503384074;0,5650490075788875;0,3918718759365971;5956,678319678953;12495,44963104577;626,0103933517823;1,7880347802728083
15,333333333333334;676,646004969977;441,75927041716244;176,15835538660153;0,5650490075788875;0,3918718759365971;5914,30476857084;12444,644848777672;627,0348008045564;1,7760992603802894
15,416666666666666;676,7342628358654;443,52347069266307;177,0675927821676;0,5650490075788875;0,3918718759365971;5872,168363820363;12393,607530485278;628,0602212875493;1,7642002755006394
15,5;676,8201982621491;445,2758096184745;177,97544504290596;0,5650490075788875;0,3918718759365971;5830,269803580058;12342,347837518926;629,0865922639828;1,7523389258114266
15,583333333333334;676,9038723620862;447,0163258963065;178,88191014292101;0,5650490075788875;0,3918718759365971;5788,609716091865;12290,87576064924;630,1138505760662;1,74051627783201
15,666666666666666;676,9853446407849;448,7450592611655;179,78698620312383;0,5650490075788875;0,3918718759365971;5747,188661644492;12239,201121833643;631,1419325035573;1,7287333648590302
15,75;677,0646730375212;450,4620504485723;180,69067148644385;0,5650490075788875;0,3918718759365971;5706,0071344904845;12187,333575975665;632,1707738209327;1,7169911874067754
15,833333333333334;677,1419139669424;452,16734116222443;181,5929643931788;0,5650490075788875;0,3918718759365971;5665,065564723722;12135,282612677365;633,2003098531599;1,7052907136521451
15,916666666666666;677,2171223591865;453,8609740421083;182,49386345647932;0,5650490075788875;0,3918718759365971;5624,364320117949;12083,057557985176;634,230475530064;1,693632879883891
16,0;677,2903516989464;455,5429926330641;183,39336733796472;0,5650490075788875;0,3918718759365971;5583,903707926956;12030,667576129317;635,2612054392885;1,6820185909558252
16,083333333333332;677,3616540635052;457,21344135380775;184,29147482346602;0,5650490075788875;0,3918718759365971;5543,683976647058;11978,121671257088;636,2924338778435;1,670448720743672
16,166666666666668;677,4310801597712;458,872365466413;185,18818481889326;0,5650490075788875;0,3918718759365971;5503,705317742435;11925,428689160071;637,3240949022475;1,658924112605237
16,25;677,4986793603387;460,51981104625656;186,08349634622337;0,5650490075788875;0,3918718759365971;5463,967867333956;11872,59731899557;638,3561223772599;1,6474455798435657
16,333333333333332;677,5644997385988;462,1558249524293;186,97740853960548;0,5650490075788875;0,3918718759365971;5424,4717078520525;11819,636095002228;639,3884500232099;1,6360139061727543
16,416666666666668;677,6285881029279;463,7804547986154;187,86992064158036;0,5650490075788875;0,3918718759365971;5385,216869654237;11766,553398210055;640,4210114619278;1,6246298461860804
16,5;677,6909900299743;465,3937489244415;188,7610319994112;0,5650490075788875;0,3918718759365971;5346,203332607813;11713,357458144876;641,4537402612837;1,6132941258261249
16,583333333333332;677,7517498970717;466,99575636729804;189,65074206152207;0,5650490075788875;0,3918718759365971;5307,4310276383185;11660,05635452719;642,4865699783442;1,6020074428565354
16,666666666666668;677,810910913797;468,58652683463316;190,53905037404184;0,5650490075788875;0,3918718759365971;5268,8998382443415;11606,658018965707;643,5194342011537;1,5907704673351368
16,75;677,8685151526996;470,16611067672113;191,42595657745002;0,5650490075788875;0,3918718759365971;5230,609601979096;11553,170236645119;644,552266589155;1,5795838420879964
16,833333333333332;677,9246035792214;471,73455885990535;192,31146040332226;0,5650490075788875;0,3918718759365971;5192,560111899462;11499,600648008633;645,585000912258;1,5684481831841957
16,916666666666668;677,9792160808294;473,2919229403163;193,19556167117227;0,5650490075788875;0,3918718759365971;5154,751117982902;11445,956750434756;646,617571088573;1,5573640804109177
17,0;678,0323914953816;474,83825503806486;194,07826028538793;0,5650490075788875;0,3918718759365971;5117,182328512827;11392,245899908597;647,6499112208182;1,5463320977485888
17,083333333333332;678,084167638747;476,3736078119106;194,9595562322586;0,5650490075788875;0,3918718759365971;5079,853411432919;11338,47531268741;648,6819556314243;1,5353527738457198
17,166666666666668;678,1345813316984;477,89803443440377;195,83944957709153;0,5650490075788875;0,3918718759365971;5042,76399567091;11284,652066960392;649,7136388963435;1,5244266224931706
17,25;678,1836684260974;479,4115885675013;196,7179404614145;0,5650490075788875;0,3918718759365971;5005,913672432366;11230,78310450268;650,7448958775877;1,5135541330975413
17,333333333333332;678,2314638303909;480,9143243386547;197,59502910026248;0,5650490075788875;0,3918718759365971;4969,301996464901;11176,875232323235;651,7756617545095;1,502735771153371
17,416666666666668;678,2780015344359;482,4062963173686;198,47071577954597;0,5650490075788875;0,3918718759365971;4932,928487293405;11122,935124306776;652,8058720538462;1,4919719787139045
17,5;678,3233146336723;483,88755949222866;199,3450008534987;0,5650490075788875;0,3918718759365971;4896,792630426684;11068,96932284924;653,8354626785447;1,4812631748601006
17,583333333333332;678,3674353526578;485,35816924839634;200,21788474220264;0,5650490075788875;0,3918718759365971;4860,8938785360915;11014,9842404871;654,8643699353901;1,4706097561676739
17,666666666666668;678,4103950679852;486,8181813455682;201,08936792918774;0,5650490075788875;0,3918718759365971;4825,231652606537;10960,98616151983;655,8925305614548;1,4600120971718535
17,75;678,4522243305956;488,2676518963978;201,95945095910486;0,5650490075788875;0,3918718759365971;4789,805343060425;10906,981243625878;656,9198817493925;1,449470550829658
17,833333333333332;678,4929528875055;489,7066373453772;202,82813443546934;0,5650490075788875;0,3918718759365971;4754,614310854946;10852,975519471545;657,9463611715939;1,4389854489794165
17,916666666666668;678,5326097029603;491,1351944481745;203,6954190184736;0,5650490075788875;0,3918718759365971;4719,657888553206;10798,974898312867;658,9719070032324;1,428557102797319
18,0;678,5712229790333;492,55338025142527;204,56130542286655;0,5650490075788875;0,3918718759365971;4684,935381369643;10744,985167590146;659,9964579442151;1,418185803250766
18,083333333333332;678,6088201756816;493,9612520729736;205,42579441589822;0,5650490075788875;0,3918718759365971;4650,446068190202;10691,011994515033;661,0199532400653;1,4078718215483197
18,166666666666668;678,6454280302735;495,3588674825596;206,28888681532737;0,5650490075788875;0,3918718759365971;4616,189202567699;10637,060927649878;662,0423327017588;1,3976154095860325
18,25;678,681072576604;496,7462842829496;207,1505834874907;0,5650490075788875;0,3918718759365971;4582,164013692846;10583,137398479263;663,0635367245357;1,387416800389985
18,333333333333332;678,7157791634083;498,1235604915044;208,01088534543172;0,5650490075788875;0,3918718759365971;4548,3697073413605;10529,246722973374;664,0835063057095;1,3772762085548296
18,416666666666668;678,7495724723883;499,49075432218257;208,86979334708747;0,5650490075788875;0,3918718759365971;4514,8054667975985;10475,394103143124;665,1021830615013;1,3671938306781786
18,5;678,7824765357656;500,84792416797325;209,72730849353186;0,5650490075788875;0,3918718759365971;4481,470453755143;10421,584628586728;666,119509242915;1,3571698457906636
18,583333333333332;678,8145147533719;502,19512858375475;210,58343182727353;0,5650490075788875;0,3918718759365971;4448,363809194808;10367,823278027621;667,1354277506844;1,3472044157815224
18,666666666666668;678,8457099092898;503,53242626957433;211,43816443060695;0,5650490075788875;0,3918718759365971;4415,484654240428;10314,114920843427;668,1498821493075;1,3372976858195609
18,75;678,876084188056;504,85987605434366;212,29150742401526;0,5650490075788875;0,3918718759365971;4382,832090992886;10260,464318585795;669,1628166801981;1,327449784769346
18,833333333333332;678,9056591904374;506,17753687994616;213,1434619646233;0,5650490075788875;0,3918718759365971;4350,405203342808;10206,87612649095;670,1741762739728;1,3176608256025293
18,916666666666668;678,9344559487934;507,4854677857503;213,9940292446993;0,5650490075788875;0,3918718759365971;4318,203057762281;10153,354894980657;671,1839065618988;1,3079309058041413
19,0;678,962494942032;508,7837278935241;214,84321049020414;0,5650490075788875;0,3918718759365971;4286,224704076077;10099,90507115355;672,1919538865257;1,2982601077737959
19,083333333333332;678,9897961101748;510,07237639274575;215,69100695938639;0,5650490075788875;0,3918718759365971;4254,469176212698;10046,531000266423;673,1982653115194;1,2886484992216614
19,166666666666668;679,0163788685361;511,3514725263049;216,5374199414222;0,5650490075788875;0,3918718759365971;4222,935492935726;9993,236927205537;674,2027886307299;1,2790961335591364
19,25;679,0422621215309;512,6210755765891;217,38245075509857;0,5650490075788875;0,3918718759365971;4191,62265855578;9940,026997947476;675,2054723765034;1,2696030502841227
19,333333333333332;679,0674642761189;513,8812448519499;218,2261007475388;0,5650490075788875;0,3918718759365971;4160,529663623546;9886,905261009688;676,2062658272714;1,2601692753608456
19,416666666666668;679,0920032548943;515,132039673544;219,06837129296878;0,5650490075788875;0,3918718759365971;4129,655485604227;9833,875668890209;677,2051190144334;1,250794821594126
19,5;679,1158965088316;516,3735193625421;219,9092637915232;0,5650490075788875;0,3918718759365971;4098,999089533757;9780,94207949664;678,2019827285544;1,2414796889980655
19,583333333333332;679,139161029696;517,6057432277012;220,7487796680902;0,5650490075788875;0,3918718759365971;4068,559428657238;9728,108257564098;679,1968085249014;1,232223865159081
19,666666666666668;679,1618133621271;518,8287705532944;221,58692037119377;0,5650490075788875;0,3918718759365971;4038,33544504987;9675,377876061946;680,1895487283389;1,223027325593244
19,75;679,1838696154049;520,0426605873922;222,42368737191225;0,5650490075788875;0,3918718759365971;4008,326070220818;9622,754517589294;681,1801564376016;1,213890034097892
19,833333333333332;679,2053454749057;521,2474725304897;223,2590821628325;0,5650490075788875;0,3918718759365971;3978,530225700317;9570,241675758936;682,1685855289718;1,20481194309747
19,916666666666668;679,2262562132566;522,4432655244733;224,09310625703816;0,5650490075788875;0,3918718759365971;3948,946823610399;9517,842756569686;683,1547906593719;1,1957929939835887
20,0;679,2466167011975;523,6300986419226;224,92576118713131;0,5650490075788875;0,3918718759365971;3919,5747672195835;9465,561079766956;684,1387272689012;1,186833117449265
20,083333333333332;679,2664414181553;524,80803087574;225,75704850428664;0,5650490075788875;0,3918718759365971;3890,412951481872;9413,399880191446;685,1203515828308;1,1779322338173501
20,166666666666668;679,2857444625421;525,9771211291031;226,5869697773368;0,5650490075788875;0,3918718759365971;3861,4602635603833;9361,362309115793;686,0996206130785;1,1690902533631204
20,25;679,3045395617808;527,1374282057342;227,4155265918884;0,5650490075788875;0,3918718759365971;3832,715583335974;9309,451435569083;687,0764921591804;1,1603070766310424
20,333333333333332;679,3228400820669;528,2890108004799;228,2427205494676;0,5650490075788875;0,3918718759365971;3804,1777839011643;9257,67024764912;688,0509248087817;1,151582594745706
20,416666666666668;679,3406590378755;529,4319274901968;229,06855326669438;0,5650490075788875;0,3918718759365971;3775,8457320396756;9206,021653822283;689,0228779376589;1,1429166897169387
20,5;679,3580091012146;530,566236724936;229,8930263744848;0,5650490075788875;0,3918718759365971;3747,7182886919677;9154,508484211045;689,9923117092983;1,1343092347391235
20,583333333333332;679,3749026106382;531,6919968194206;230,71614151728022;0,5650490075788875;0,3918718759365971;3719,794309406967;9103,133491868752;690,9591870740419;1,1257600944847095
20,666666666666668;679,3913515800206;532,8092659448126;231,53790035230293;0,5650490075788875;0,3918718759365971;3692,072644780438;9051,899354041932;691,9234657678221;1,1172691253919784
20,75;679,4073677070996;533,9181021207597;232,35830454883717;0,5650490075788875;0,3918718759365971;3664,5521408801983;9000,808673419833;692,8851103104998;1,1088361759470635
20,833333333333332;679,4229623817965;535,01856320772;233,17735578753496;0,5650490075788875;0,3918718759365971;3637,231639658498;8949,863979371086;693,8440840038229;1,100461086960256
20,916666666666668;679,4381466943146;536,1107068995567;233,995055759746;0,5650490075788875;0,3918718759365971;3610,1099793519124;8899,067729167667;694,8003509290218;1,0921436918366512
21,0;679,4529314430272;537,1945907163979;234,81140616687074;0,5650490075788875;0,3918718759365971;3583,185994868947;8848,422309195781;695,7538759440563;1,0838838168411424
21,083333333333332;679,4673271421564;538,2702719977557;235,62640871973613;0,5650490075788875;0,3918718759365971;3556,458518165732;8797,930036153915;696,7046246805307;1,075681281357839
21,166666666666668;679,4813440292504;539,3378078958996;236,44006513799349;0,5650490075788875;0,3918718759365971;3529,926378610017;8747,59315823781;697,6525635402886;1,0675358981439251
21,25;679,4949920724642;540,3972553694775;237,25237714953732;0,5650490075788875;0,3918718759365971;3503,5884033337707;8697,413856312354;698,5976596917086;1,0594474735780133
21,333333333333332;679,508280977648;541,4486711773806;238,0633464899451;0,5650490075788875;0,3918718759365971;3477,443417574668;8647,394245070473;699,539881065707;1,0514158079030578
21,416666666666668;679,5212201952501;542,4921118728445;238,8729749019369;0,5650490075788875;0,3918718759365971;3451,490245006687;8597,536374178831;700,4791963514674;1,043440695463858
21,5;679,5338189270369;543,5276337977837;239,68126413485464;0,5650490075788875;0,3918718759365971;3425,72770806014;8547,842229410442;701,4155749919066;1,0355219249392253
21,583333333333332;679,5460861326376;544,5552930773525;240,48821594415992;0,5650490075788875;0,3918718759365971;3400,154628231331;8498,313733764122;702,3489871788936;1,0276592795688624
21,666666666666668;679,5580305359156;545,5751456147275;241,29383209095042;0,5650490075788875;0,3918718759365971;3374,769826382126;8448,952748570755;703,279403848232;1,0198525373750094
21,75;679,5696606311717;546,5872470861065;242,09811434149395;0,5650490075788875;0,3918718759365971;3349,572123029702;8399,761074586504;704,2067966744164;1,01210147137894
21,833333333333332;679,5809846891862;547,5916529359188;242,90106446677964;0,5650490075788875;0,3918718759365971;3324,560338626631;8350,74045307264;705,13113806518;1,0044058498123303
21,916666666666668;679,5920107630999;548,5884183722424;243,7026842420858;0,5650490075788875;0,3918718759365971;3299,7332938316845;8301,892566862532;706,0524011558407;0,9967654363236216
22,0;679,6027466941408;549,5775983624218;244,5029754465642;0,5650490075788875;0,3918718759365971;3275,0898097714385;8253,219041415272;706,9705598034577;0,9891799901793881
22,083333333333332;679,6132001172016;550,5592476288825;245,30193986283962;0,5650490075788875;0,3918718759365971;3250,6287082929757;8204,721445856178;707,885588580812;0,9816492664608004
22,166666666666668;679,6233784662677;551,5334206451378;246,09957927662504;0,5650490075788875;0,3918718759365971;3226,348812207976;8156,401294004421;708,7974627702172;0,9741730162552803
22,25;679,6332889797053;552,5001716319811;246,8958954763513;0,5650490075788875;0,3918718759365971;3202,2489455282484;8108,260045387306;709,7061583571767;0,9667509868433505
22,333333333333332;679,6429387054084;553,4595545538618;247,69089025281124;0,5650490075788875;0,3918718759365971;3178,327933693106;8060,299106241743;710,6116520238915;0,9593829218808241
22,416666666666668;679,6523345058105;554,4116231154381;248,48456539881747;0,5650490075788875;0,3918718759365971;3154,584603788663;8012,519830502619;711,5139211426306;0,9520685615763522
22,5;679,6614830627658;555,3564307583026;249,27692270887383;0,5650490075788875;0,3918718759365971;3131,017784759308;7964,9235207782185;712,412943768976;0,9448076428644216
22,583333333333332;679,6703908823004;556,2940306578765;250,0679639788597;0,5650490075788875;0,3918718759365971;3107,6263076115793;7917,511429312807;713,3086986349474;0,9375998995738787
22,666666666666668;679,679064299239;557,2244757204686;250,85769100572702;0,5650490075788875;0,3918718759365971;3084,4090056105956;7870,284758936292;714,2011651420157;0,9304450625920466
22,75;679,6875094817104;558,1478185804931;251,64610558720952;0,5650490075788875;0,3918718759365971;3061,3647144692604;7823,24466400113;715,0903233540186;0,9233428600245033
22,833333333333332;679,6957324355335;559,0641115978437;252,43320952154377;0,5650490075788875;0,3918718759365971;3038,4922725304336;7776,3922513064645;715,9761539899782;0,9162930173506082
22,916666666666668;679,7037390084886;559,9734068554186;253,21900460720175;0,5650490075788875;0,3918718759365971;3015,790520942244;7729,728581009615;716,8586384168382;0,9092952575748412
23,0;679,711534894476;560,8757561567926;254,00349264263454;0,5650490075788875;0,3918718759365971;2993,2583038267494;7683,254667524964;717,7377586421187;0,9023493013740327
23,083333333333332;679,7191256375656;561,7712110240332;254,78667542602676;0,5650490075788875;0,3918718759365971;2970,894468442086;7636,971480410274;718,6134973065051;0,895454867240552
23,166666666666668;679,726516635939;562,6598226956547;255,5685547550615;0,5650490075788875;0,3918718759365971;2948,697865338312;7590,8799452405765;719,485837676369;0,8886116716215404
23,25;679,7337131457288;563,541642124709;256,3491324266954;0,5650490075788875;0,3918718759365971;2926,667348507107;7544,980944469633;720,3547636362368;0,881819429054248
23,333333333333332;679,7407202847559;564,4167199770066;257,1284102369433;0,5650490075788875;0,3918718759365971;2904,801775525493;7499,275318279125;721,2202596812064;0,8750778522975591
23,416666666666668;679,7475430361706;565,2851066294663;257,90638998067277;0,5650490075788875;0,3918718759365971;2883,100007693733;7453,7638654155535;722,0823109093193;0,8683866524597726
23,5;679,7541862519943;566,146852168589;258,6830734514075;0,5650490075788875;0,3918718759365971;2861,5609101676055;7408,447344015143;722,9409030138995;0,8617455391227217
23,583333333333332;679,7606546565718;567,0020063890513;259,4584624411396;0,5650490075788875;0,3918718759365971;2840,1833520851314;7363,326472416457;723,796022275855;0,8551542204622804
23,666666666666668;679,7669528499299;567,8506187924166;260,2325587401507;0,5650490075788875;0,3918718759365971;2818,966206688012;7318,401929961288;724,6476555559583;0,8486124033653653
23,75;679,7730853110494;568,6927385859601;261,0053641368413;0,5650490075788875;0,3918718759365971;2797,9083514378317;7273,674357783512;725,4957902871042;0,8421197935434701
23,833333333333332;679,7790564010498;569,528414681603;261,7768804175682;0,5650490075788875;0,3918718759365971;2777,008668127232;7229,144359586237;726,3404144665519;0,8356760956428262
23,916666666666668;679,7848703662914;570,3576956949543;262,5471093664895;0,5650490075788875;0,3918718759365971;2756,266042986172;7184,812502407259;727,1815166481583;0,8292810133512495
24,0;679,7905313413944;571,180629944456;263,3160527654176;0,5650490075788875;0,3918718759365971;2735,6793667834295;7140,6793173729275;728,0190859346045;0,8229342495017483
24,083333333333332;679,7960433521796;571,9972654506289;264,0837123936793;0,5650490075788875;0,3918718759365971;2715,2475349234605;7096,745300440526;728,8531119696213;0,8166355061729571
24,166666666666668;679,8014103185315;572,8076499354154;264,85009002798273;0,5650490075788875;0,3918718759365971;2694,9694475387673;7053,010913129282;729,6835849302198;0,8103844847864675
24,25;679,8066360571855;573,6118308216165;265,6151874422915;0,5650490075788875;0,3918718759365971;2674,8440095779015;7009,476583240085;730,5104955189277;0,8041808862011255
24,333333333333332;679,8117242844428;574,4098552324209;266,3790064077053;0,5650490075788875;0,3918718759365971;2654,870130889225;6966,142705564069;731,3338349560372;0,7980244108043623
24,416666666666668;679,8166786188127;575,2017699910215;267,14154869234693;0,5650490075788875;0,3918718759365971;2635,046726300547;6923,009642580065;732,1535949718703;0,791914758600617
24,5;679,8215025835862;575,9876216203185;267,9028160612555;0,5650490075788875;0,3918718759365971;2615,3727156947807;6880,077725141178;732,9697677990607;0,7858516292969318
24,583333333333332;679,8261996093415;576,7674563427042;268,6628102762856;0,5650490075788875;0,3918718759365971;2595,8470240816923;6837,347253150425;733,7823461648607;0,7798347223857647
24,666666666666668;679,8307730363838;577,5413200799294;269,4215330960122;0,5650490075788875;0,3918718759365971;2576,468581665932;6794,818496225732;734,5913232834714;0,7738637372251084
24,75;679,8352261171207;578,3092584530453;270,17898627564136;0,5650490075788875;0,3918718759365971;2557,23632391136;6752,491694354188;735,3966928484047;0,7679383731159477
24,833333333333332;679,8395620183747;579,0713167824225;270,9351715669262;0,5650490075788875;0,3918718759365971;2538,149191601883;6710,367058535919;736,1984490248751;0,7620583293771511
24,916666666666668;679,8437838236365;579,8275400878404;271,6900907180879;0,5650490075788875;0,3918718759365971;2519,206130898806;6668,444771417404;736,9965864422279;0,7562233054178251
25,0;679,8478945352565;580,5779730886476;272,44374547374207;0,5650490075788875;0,3918718759365971;2500,4060933949036;6626,72498791465;737,7911001864038;0,7504330008072212
25,083333333333332;679,8518970765805;581,3226602039898;273,1961375748298;0,5650490075788875;0,3918718759365971;2481,748036165223;6585,207835826086;738,5819857924453;0,7446871153422311
25,166666666666668;679,8557942940289;582,0616455531024;273,9472687585535;0,5650490075788875;0,3918718759365971;2463,2309218147666;6543,893416435408;739,3692392370444;0,738985349112539
25,25;679,8595889591204;582,7949729556659;274,6971407583173;0,5650490075788875;0,3918718759365971;2444,853718523163;6502,78180510454;740,1528569311357;0,7333274025634962
25,333333333333332;679,8632837704438;583,5226859322227;275,4457553036716;0,5650490075788875;0,3918718759365971;2426,615400086362;6461,873051856677;740,9328357125363;0,727712976556755
25,416666666666668;679,8668813555757;584,2448277046514;276,19311412026224;0,5650490075788875;0,3918718759365971;2408,514945955528;6421,167181949699;741,7091728386365;0,7221417724287397
25,5;679,870384272951;584,9614411966984;276,9392189297833;0,5650490075788875;0,3918718759365971;2390,5513412731098;6380,664196439838;742,4818659791393;0,716613492046982
25,583333333333332;679,8737950136804;585,6725690345628;277,68407144993427;0,5650490075788875;0,3918718759365971;2372,7235769063154;6340,364072736057;743,2509132088543;0,7111278378644128
25,666666666666668;679,8771160033232;586,3782535475344;278,42767339438075;0,5650490075788875;0,3918718759365971;2355,0306494779393;6300,266765144864;744,0163130005459;0,705684512971619
25,75;679,8803496036122;587,0785367686816;279,170026472719;0,5650490075788875;0,3918718759365971;2337,4715613947187;6260,372205406;744,7780642178386;0,7002832211471546
25,833333333333332;679,8834981141327;587,7734604355876;279,9111323904436;0,5650490075788875;0,3918718759365971;2320,045320873265;6220,680303218955;745,5361661081786;0,6949236669059362
25,916666666666668;679,8865637739583;588,4630659911334;280,65099284891926;0,5650490075788875;0,3918718759365971;2302,750941963629;6181,190946760392;746,290618295855;0,6896055555457736
26,0;679,8895487632428;589,1473945843254;281,3896095453552;0,5650490075788875;0,3918718759365971;2285,5874445706236;6141,904003192751;747,0414207750832;0,6843285931920948
26,083333333333332;679,8924552047711;589,8264870711663;282,126984172783;0,5650490075788875;0,3918718759365971;2268,553854472935;6102,819319164001;747,7885739031482;0,679092486840904
26,166666666666668;679,8952851654685;590,5003840155663;282,8631184200375;0,5650490075788875;0,3918718759365971;2251,649203340119;6063,936721298723;748,5320783936104;0,6738969444000228
26,25;679,8980406578708;591,169125690295;283,5980139717405;0,5650490075788875;0,3918718759365971;2234,872528747556;6025,256016680655;749,271935309577;0,6687416747286662
26,333333333333332;679,9007236415554;591,8327520779704;284,3316725082875;0,5650490075788875;0,3918718759365971;2218,2228741893937;5986,776993326717;750,0081460570377;0,6636263876753811
26,416666666666668;679,9033360245348;592,4913028720848;285,06409570583696;0,5650490075788875;0,3918718759365971;2201,6992890896236;5948,499420652795;750,7407123782654;0,6585507941144201
26,5;679,9058796646137;593,1448174780654;285,79528523630216;0,5650490075788875;0,3918718759365971;2185,3008288112505;5910,423049931182;751,4696363452834;0,6535146059805612
26,583333333333332;679,9083563707101;593,7933350143678;286,52524276734573;0,5650490075788875;0,3918718759365971;2169,026554663708;5872,54761473997;752,1949203534016;0,6485175363024409
26,666666666666668;679,9107679041414;594,4368943136022;287,25396996237646;0,5650490075788875;0,3918718759365971;2152,8755339085565;5834,872831404485;752,9165671148185;0,6435592992344357
26,75;679,9131159798776;595,0755339236894;287,9814684805485;0,5650490075788875;0,3918718759365971;2136,846839763479;5797,398399430687;753,634579652293;0,6386396100871194
26,833333333333332;679,9154022677602;595,7092921090457;288,7077399767626;0,5650490075788875;0,3918718759365971;2120,939551404706;5760,124001930964;754,3489612928847;0,6337581853563625
26,916666666666668;679,9176283936906;596,3382068517968;289,4327861016699;0,5650490075788875;0,3918718759365971;2105,152753967863;5723,049306042087;755,0597156617644;0,6289147427510793
27,0;679,9197959407852;596,9623158530165;290,1566085016773;0,5650490075788875;0,3918718759365971;2089,4855385473447;5686,17396333576;755,7668466760931;0,6241090012196974
27,083333333333332;679,9219064505022;597,5816565339919;290,87920881895514;0,5650490075788875;0,3918718759365971;2073,9370021942163;5649,497610221559;756,4703585389732;0,6193406809753489
27,166666666666668;679,9239614237376;598,1962660375118;291,6005886914465;0,5650490075788875;0,3918718759365971;2058,5062479127573;5613,019868342659;757,1702557334683;0,6146095035198558
27,25;679,9259623218923;598,8061812291783;292,32074975287844;0,5650490075788875;0,3918718759365971;2043,1923846556458;5576,740344964251;757,8665430166952;0,6099151916665164
27,333333333333332;679,9279105679112;599,41143869874;293,0396936327752;0,5650490075788875;0,3918718759365971;2027,9945273178498;5540,65863335482;758,5592254139866;0,605257469561744
27,416666666666668;679,9298075472963;600,0120747614455;293,7574219564725;0,5650490075788875;0,3918718759365971;2012,9117967292814;5504,774313160413;759,2483082131249;0,6006360627055833
27,5;679,9316546090902;600,6078966447236;294,473936345134;0,5650490075788875;0,3918718759365971;1997,9433196462678;5469,086950772018;760,2256358846041;0,5958218832781158
27,583333333333332;679,9334530668372;601,1993848617699;295,18923841576895;0,5650490075788875;0,3918718759365971;1983,093949109164;5433,609793149417;760,6342597753139;0,591488217046294
27,666666666666668;679,9352041995162;601,7865667811367;295,90332978125133;0,5650490075788875;0,3918718759365971;1968,3517051266817;5398,31579491704;761,0434322744977;0,5871819193667825
27,75;679,936909252451;602,3694696894518;296,61621205034044;0,5650490075788875;0,3918718759365971;1953,7159354594878;5363,204894628416;761,4531406539677;0,5829029083150306
27,833333333333332;679,9385694381955;602,9481207898747;297,3278868277028;0,5650490075788875;0,3918718759365971;1939,18598907498;5328,27701259695;761,8633721347974;0,5786511004228773
27,916666666666668;679,9401859373962;603,5225472005915;298,0383557139353;0,5650490075788875;0,3918718759365971;1924,7612162080202;5293,532051232312;762,2741138890068;0,5744264107167545
28,0;679,9417598996317;604,092775953347;298,74762030558946;0,5650490075788875;0,3918718759365971;1910,4409684201187;5258,969895373585;762,6853530412586;0,5702287527554494
28,083333333333332;679,9432924442306;604,6588339920144;299,4556821951971;0,5650490075788875;0,3918718759365971;1896,224598657119;5224,59041261933;763,097076670562;0,5660580386674414
28,166666666666668;679,9447846610667;605,2207481712022;300,1625429712966;0,5650490075788875;0,3918718759365971;1882,111461305405;5190,393453654477;763,5092718119873;0,5619141791878072
28,25;679,9462376113349;605,7785452548969;300,86820421846096;0,5650490075788875;0,3918718759365971;1868,100912246612;5156,37885257397;763,9219254583875;0,5577970836946863
28,333333333333332;679,9476523283056;606,3322519151423;301,5726675173259;0,5650490075788875;0,3918718759365971;1854,1923089109503;5122,546427203353;764,335024562128;0,5537066602453317
28,416666666666668;679,9490298180593;606,881894730754;302,2759344446197;0,5650490075788875;0,3918718759365971;1840,3850103290836;5088,895979416095;764,748556036824;0,5496428156117223
28,5;679,9503710602024;607,4275001860698;302,97800657319345;0,5650490075788875;0,3918718759365971;1826,678377182634;5055,427295447744;765,1625067590847;0,5456054553157521
28,583333333333332;679,9516770085636;607,9690946697337;303,67888547205246;0,5650490075788875;0,3918718759365971;1813,0717718533162;5022,1401462069;765,5768635702636;0,5415944836639911
28,666666666666668;679,9529485918722;608,5067044735158;304,37857270638796;0,5650490075788875;0,3918718759365971;1799,564558470746;4989,034287583016;765,9916132782137;0,5376098037820277
28,75;679,9541867144189;609,0403557911642;305,0770698376101;0,5650490075788875;0,3918718759365971;1786,1561029589097;4956,109460750957;766,40674265905;0,5336513176483803
28,833333333333332;679,9553922566988;609,5700747172922;305,77437842338145;0,5650490075788875;0,3918718759365971;1772,8457730813689;4923,365392472444;766,8222384589144;0,5297189261279966
28,916666666666668;679,9565660760368;610,0958872462975;306,470500017651;0,5650490075788875;0,3918718759365971;1759,6329384851656;4890,801795394214;767,2380873957468;0,5258125290053234
29,0;679,9577090071986;610,6178192713145;307,1654361706888;0,5650490075788875;0,3918718759365971;1746,5169707434825;4858,418368343016;767,6542761610582;0,5219320250169593
29,083333333333332;679,9588218629832;611,1358965831984;307,85918842912156;0,5650490075788875;0,3918718759365971;1733,4972433971018;4826,214796617476;768,0707914217082;0,5180773118838999
29,166666666666668;679,9599054348018;611,6501448695417;308,55175833596826;0,5650490075788875;0,3918718759365971;1720,573131994621;4794,190752276671;768,4876198216842;0,5142482863433536
29,25;679,96096049324;612,1605897137218;309,24314743067663;0,5650490075788875;0,3918718759365971;1707,7440141315037;4762,345894425582;768,9047479838835;0,5104448441801512
29,333333333333332;679,961987788606;612,6672565939796;309,93335724916;0,5650490075788875;0,3918718759365971;1695,0092694879545;4730,679869497288;769,3221625118961;0,5066668802577378
29,416666666666668;679,9629880514643;613,1701708825283;310,6223893238344;0,5650490075788875;0,3918718759365971;1682,3682798656619;4699,192311532072;769,7398499917895;0,5029142885487602
29,5;679,963961993155;613,6693578446935;311,3102451836565;0,5650490075788875;0,3918718759365971;1669,8204292234009;4667,882842453239;770,1577969938933;0,49918696216523745
29,583333333333332;679,9649103062999;614,1648426380818;311,9969263541613;0,5650490075788875;0,3918718759365971;1657,3651037115355;4636,751072339815;770,5759900745841;0,4954847933883273
29,666666666666668;679,9658336652951;614,6566503117796;312,68243435750094;0,5650490075788875;0,3918718759365971;1645,0016917054513;4605,7965996960875;770,9944157780703;0,4918076736976889
29,75;679,9667327267902;615,1448058055801;313,36677071248295;0,5650490075788875;0,3918718759365971;1632,7295838378886;4575,019011717906;771,413060638175;0,48815549380043455
29,833333333333332;679,9676081301558;615,6293339492397;314,0499369346095;0,5650490075788875;0,3918718759365971;1620,5481730302522;4544,417884555861;771,831911180118;0,48452814365968316
29,916666666666668;679,9684604979377;616,1102594617624;314,7319345361165;0,5650490075788875;0,3918718759365971;1608,4568545229017;4513,99278357538;772,2509539222959;0,48092551252271964
30,0;679,9692904363003;616,5876069507111;315,4127650260131;0,5650490075788875;0,3918718759365971;1596,4550259043817;4483,743263613475;772,6701753780598;0,4773474889487362
30,083333333333332;679,9700985354568;617,0614009115474;316,0924299101214;0,5650490075788875;0,3918718759365971;1584,5420871397296;4453,668869232618;773,0895620574885;0,47379396083620395
30,166666666666668;679,9708853700895;617,5316657269972;316,770930691116;0,5650490075788875;0,3918718759365971;1572,7174405977366;4423,769134971203;773,5091004691607;0,4702648154498225
30,25;679,9716514997584;617,9984256664443;317,4482688685643;0,5650490075788875;0,3918718759365971;1560,9804910773078;4394,043585591114;773,928777121921;0,4667599394470979
30,333333333333332;679,9723974692993;618,4617048853488;318,1244459389664;0,5650490075788875;0,3918718759365971;1549,3306458328534;4364,491736322048;774,3485785266425;0,46327921890451984
30,416666666666668;679,9731238092106;618,9215274246922;318,79946339579527;0,5650490075788875;0,3918718759365971;1537,7673145987615;4335,113093102789;774,7684911979844;0,4598225393433525
30,5;679,9738310360315;619,3779172104472;319,47332272953724;0,5650490075788875;0,3918718759365971;1526,2899096129615;4305,907152819335;775,1885016561432;0,45638978575503714
30,583333333333332;679,9745196527085;619,8308980530734;320,1460254277321;0,5650490075788875;0,3918718759365971;1514,8978456396067;4276,873403539996;775,6085964285994;0,45298084262621424
30,666666666666668;679,9751901489537;620,2804936470368;320,8175729750137;0,5650490075788875;0,3918718759365971;1503,5905399908784;4248,011324747408;776,0287620518568;0,44959559396336235
30,75;679,9758430015926;620,7267275703539;321,4879668531501;0,5650490075788875;0,3918718759365971;1492,3674125479238;4219,320387567462;776,4489850731753;0,4462339233170555
30,833333333333332;679,9764786749035;621,1696232841597;322,1572085410843;0,5650490075788875;0,3918718759365971;1481,2278857809674;4190,800054995195;776,8692520522959;0,4428957138058447
30,916666666666668;679,9770976209477;621,6092041322995;322,82529951497423;0,5650490075788875;0,3918718759365971;1470,1713847685965;4162,449782117722;777,2895495631586;0,43958084813977
31,0;679,9777002798905;622,045493340943;323,4922412482336;0,5650490075788875;0,3918718759365971;1459,1973372162045;4134,269016333972;777,7098641956118;0,43628920864348497
31,083333333333332;679,9782870803149;622,4785140182221;324,15803521157176;0,5650490075788875;0,3918718759365971;1448,3051734736875;4106,257197571628;778,1301825571127;0,43302067727903
31,166666666666668;679,9788584395258;622,9082891538903;324,82268287303424;0,5650490075788875;0,3918718759365971;1437,49432655232;4078,4137585009203;778,5504912744188;0,4297751356682235
31,25;679,9794147638471;623,334841619005;325,48618569804273;0,5650490075788875;0,3918718759365971;1426,7642321408857;4050,7381247455146;778,9707769952704;0,42655246511469513
31,333333333333332;679,9799564489108;623,7581941656306;326,1485451494353;0,5650490075788875;0,3918718759365971;1416,1143286210518;4023,229715090444;779,3910263900616;0,42335254662555605
31,416666666666668;679,9804838799381;624,1783694265633;326,8097626875061;0,5650490075788875;0,3918718759365971;1405,5440570820053;3995,8879416870527;779,8112261535031;0,4201752609327053
31,5;679,980997432013;624,5953899150771;327,4698397700456;0,5650490075788875;0,3918718759365971;1395,0528613343693;3968,7122102550593;780,2313630062717;0,4170204885137845
31,583333333333332;679,98149747035;625,0092780246899;328,12877785237987;0,5650490075788875;0,3918718759365971;1384,6401879233981;3941,7019202816564;780,651423696651;0,4138881096127704
31,666666666666668;679,9819843505528;625,4200560289502;328,7865783874103;0,5650490075788875;0,3918718759365971;1374,3054861415003;3914,8564652177733;781,0713950021587;0,410778004260223
31,75;679,9824584188679;625,8277460812434;329,4432428256531;0,5650490075788875;0,3918718759365971;1364,048208040066;3888,1752326714354;781,4912637311623;0,4076900522931811
31,833333333333332;679,9829200124306;626,2323702146181;330,0987726152782;0,5650490075788875;0,3918718759365971;1353,8678084406115;3861,657604598242;781,9110167244835;0,40462413337470726
31,916666666666668;679,9833694595045;626,6339503416311;330,75316920214857;0,5650490075788875;0,3918718759365971;1343,763744945312;3835,3029574890634;782,3306408569874;0,4015801270130986
32,0;679,9838070797155;627,0325082542118;331,4064340298588;0,5650490075788875;0,3918718759365971;1333,7354779468342;3809,1106625548377;782,7501230391621;0,39855791258074286
32,083333333333336;679,9842331842785;627,4280656235445;332,05856853977394;0,5650490075788875;0,3918718759365971;1323,7824706375904;3783,0800859086294;783,1694502186808;0,3955573693326489
32,166666666666664;679,9846480762193;627,8206439999691;332,7095741710677;0,5650490075788875;0,3918718759365971;1313,9041890183507;3757,210588744892;783,5886093819533;0,3925783764246353
32,25;679,9850520505896;628,2102648129003;333,35945236076054;0,5650490075788875;0,3918718759365971;1304,1001019062548;3731,501527515946;784,0075875556611;0,38962081293118705
32,333333333333336;679,9854453946771;628,5969493707632;334,008204543758;0,5650490075788875;0,3918718759365971;1294,3696809422336;3705,9522541057236;784,4263718082793;0,38668455786298217
32,416666666666664;679,9858283882096;628,9807188609474;334,6558321528879;0,5650490075788875;0,3918718759365971;1284,7124005978458;3680,5621160007863;784,8449492515829;0,38376949018409184
32,5;679,9862013035543;629,3615943497763;335,30233661893817;0,5650490075788875;0,3918718759365971;1275,1277381815555;3655,330456458665;785,263307042138;0,38087548882885774
32,583333333333336;679,9865644059112;629,7395967824947;335,9477193706937;0,5650490075788875;0,3918718759365971;1265,6151738444491;3630,2566146734744;785,6814323827775;0,3780024327184465
32,666666666666664;679,9869179535017;630,1147469832717;336,59198183497335;0,5650490075788875;0,3918718759365971;1256,174190585412;3605,3399259389384;786,0993125240607;0,3751502007770904
32,75;679,9872621977522;630,4870656552198;337,2351254366668;0,5650490075788875;0,3918718759365971;1246,8042742557486;3580,5797218086473;786,5169347657178;0,37231867194800095
32,833333333333336;679,9875973834733;630,8565733804288;337,8771515987706;0,5650490075788875;0,3918718759365971;1237,5049135633105;3555,9753302538247;786,9342864580763;0,36950772520898456
32,916666666666664;679,9879237490331;631,2232906200165;338,51806174242415;0,5650490075788875;0,3918718759365971;1228,275600076111;3531,526075818474;787,3513550034717;0,366717239587745
33,0;679,988241526528;631,5872377141934;339,1578572869459;0,5650490075788875;0,3918718759365971;1219,115828225415;3507,231279771883;787,768127857641;0,36394709417687365
33,083333333333336;679,9885509419462;631,948434882342;339,79653964986835;0,5650490075788875;0,3918718759365971;1210,0250953083646;3483,0902602586525;788,1845925310993;0,36119716814854386
33,166666666666664;679,9888522153294;632,3069022231109;340,43411024697343;0,5650490075788875;0,3918718759365971;1201,0029014901052;3459,1023324461275;788,6007365904977;0,3584673407688986
33,25;679,9891455609294;632,6626597145231;341,0705704923273;0,5650490075788875;0,3918718759365971;1192,0487498054626;3435,266808669382;789,0165476599648;0,3557574914121483
33,333333333333336;679,9894311873597;633,0157272140975;341,7059217983148;0,5650490075788875;0,3918718759365971;1183,1621461601571;3411,582998573701;789,4320134224295;0,3530674995743709
33,416666666666664;679,9897092977446;633,3661244589846;342,3401655756737;0,5650490075788875;0,3918718759365971;1174,3425993315554;3388,0502092545817;789,8471216209247;0,35039724488702056
33,5;679,9899800898631;633,7138710661147;342,9733032335286;0,5650490075788875;0,3918718759365971;1165,5896209690013;3364,667745395297;790,2618600598746;0,34774660713014877
33,583333333333336;679,9902437562899;634,0589865323601;343,60533617942434;0,5650490075788875;0,3918718759365971;1156,90272559371;3341,4349094020663;790,6762166063613;0,34511546624534206
33,666666666666664;679,9905004845323;634,4014902347085;344,2362658193594;0,5650490075788875;0,3918718759365971;1148,2814305982458;3318,351001536821;791,0901791913731;0,3425037023483778
33,75;679,9907504571632;634,7414014304501;344,86609355781854;0,5650490075788875;0,3918718759365971;1139,7252562455947;3295,4153200476103;791,5037358110343;0,3399111957416012
33,833333333333336;679,9909938519519;635,0787392573761;345,4948207978055;0,5650490075788875;0,3918718759365971;1131,233725667829;3272,6271612966307;791,9168745278147;0,3373378269260261
33,916666666666664;679,991230841989;635,4135227339893;346,12244894087513;0,5650490075788875;0,3918718759365971;1122,8063648643938;3249,9858198859974;792,3295834717204;0,33478347661316693
34,0;679,9914615958108;635,7457707597259;346,74897938716515;0,5650490075788875;0,3918718759365971;1114,442702699992;3227,490588781115;792,7418508414644;0,33224802573659357
34,083333333333336;679,9916862775189;636,0755021151891;347,37441353542766;0,5650490075788875;0,3918718759365971;1106,142270902123;3205,140759431886;793,1536649056175;0,3297313554632304
34,166666666666664;679,991905046896;636,4027354623935;347,99875278306035;0,5650490075788875;0,3918718759365971;1097,9046040582432;3182,9356218916178;793,5650140037393;0,3272333472043873
34,25;679,992118059521;636,72748934502;348,62199852613713;0,5650490075788875;0,3918718759365971;1089,7292396125636;3160,8744649336577;793,9758865474894;0,3247538826265268
34,333333333333336;679,9923254668782;637,0497821886818;349,2441521594386;0,5650490075788875;0,3918718759365971;1081,6157178625247;3138,9565761659223;794,3862710217171;0,3222928436617837
34,416666666666664;679,9925274164665;637,3696323012;349,86521507648223;0,5650490075788875;0,3918718759365971;1073,5635819549116;3117,181242143157;794,7961559855323;0,3198501125182225
34,5;679,9927240519025;637,6870578728899;350,48518866955175;0,5650490075788875;0,3918718759365971;1065,5723778816623;3095,5477484771354;795,2055300733542;0,3174255716898536
34,583333333333336;679,9929155130245;638,0020769768563;351,1040743297267;0,5650490075788875;0,3918718759365971;1057,6416544753158;3074,055379944582;795,6143819959414;0,31501910396638727
34,666666666666664;679,9931019359904;638,3147075692991;351,7218734469114;0,5650490075788875;0,3918718759365971;1049,7709634042053;3052,703420593183;796,0227005413982;0,31263059244276387
34,75;679,9932834533757;638,6249674898276;352,3385874098634;0,5650490075788875;0,3918718759365971;1041,959859167281;3031,491153845318;796,430474576164;0,31025992052842144
34,833333333333336;679,9934601942672;638,9328744617839;352,95421760622185;0,5650490075788875;0,3918718759365971;1034,2078990887046;3010,4178625999166;796,8376930459777;0,3079069719563466
34,916666666666664;679,9936322843544;639,2384460925757;353,5687654225352;0,5650490075788875;0,3918718759365971;1026,5146433120833;2989,482829332108;797,2443449768243;0,3055716307918693
35,0;679,9937998460199;639,5416998740169;354,1822322442888;0,5650490075788875;0,3918718759365971;1018,8796547944662;2968,685336190951;797,6504194758584;0,30325378144123866
35,083333333333336;679,9939629984258;639,8426531826768;354,79461945593204;0,5650490075788875;0,3918718759365971;1011,3024993000749;2948,0246650952427;798,0559057323069;0,30095330865997383
35,166666666666664;679,9941218575984;640,1413232802378;355,405928440905;0,5650490075788875;0,3918718759365971;1003,782745393724;2927,500097827206;798,4607930183516;0,2986700975609747
35,25;679,9942765365108;640,4377273138601;356,0161605816648;0,5650490075788875;0,3918718759365971;996,3199644340165;2907,1109161243603;798,8650706899891;0,29640403362242146
35,333333333333336;679,9944271451636;640,7318823165556;356,6253172597118;0,5650490075788875;0,3918718759365971;988,9137305662672;2886,8564017694252;799,2687281878698;0,29415500269544964
35,416666666666664;679,9945737906627;641,0238052075672;357,233399855615;0,5650490075788875;0,3918718759365971;981,5636207152011;2866,7358366783687;799,6717550381157;0,29192289101161234
35,5;679,9947165772952;641,3135127927574;357,8404097490376;0,5650490075788875;0,3918718759365971;974,2692145773873;2846,748502986553;800,0741408531176;0,2897075851901245
35,583333333333336;679,9948556066046;641,6010217650023;358,44634831876135;0,5650490075788875;0,3918718759365971;967,0300946134461;2826,8936831330184;800,4758753323085;0,2875089722448958
35,666666666666664;679,9949909774618;641,8863487045937;359,05121694271173;0,5650490075788875;0,3918718759365971;959,8458460400565;2807,170659943055;800,8769482629186;0,285326939591366
35,75;679,9951227861363;642,1695100796469;359,6550169979817;0,5650490075788875;0,3918718759365971;952,7160568217028;2787,5787167088233;801,2773495207067;0,2831613750531214
35,833333333333336;679,9952511263645;642,4505222465152;360,2577498608555;0,5650490075788875;0,3918718759365971;945,6403176622359;2768,1171372683207;801,6770690706711;0,28101216686831937
35,916666666666664;679,9953760894156;642,7294014502112;360,85941690683205;0,5650490075788875;0,3918718759365971;938,6182219962308;2748,785206082589;802,0760969677389;0,2788792036959161
36,0;679,9954977641577;643,0061638248329;361,4600195106483;0,5650490075788875;0,3918718759365971;931,6493659801097;2729,5822083110697;802,4744233574338;0,2767623746216839
36,083333333333336;679,9956162371201;643,280825393997;362,05955904630144;0,5650490075788875;0,3918718759365971;924,7333484831188;2710,5074298854547;802,8720384765231;0,2746615691640567
36,166666666666664;679,9957315925552;643,5534020712768;362,6580368870715;0,5650490075788875;0,3918718759365971;917,8697710780767;2691,560157581701;803,2689326536422;0,27257667727976975
36,25;679,9958439124986;643,8239096606461;363,2554544055432;0,5650490075788875;0,3918718759365971;911,0582380319613;2672,7396790904495;803,6650963098991;0,27050758936931835
36,333333333333336;679,9959532768269;644,0923638569284;363,85181297362766;0,5650490075788875;0,3918718759365971;904,2983562963116;2654,045283085814;804,0605199594571;0,2684541962822332
36,416666666666664;679,9960597633147;644,3587802462506;364,4471139625833;0,5650490075788875;0,3918718759365971;897,589735497462;2635,4762592925345;804,4551942100959;0,26641638932217226
36,5;679,9961634476905;644,6231743065024;365,0413587430369;0,5650490075788875;0,3918718759365971;890,9319879266036;2617,031898551547;804,8491097637523;0,26439406025183415
36,583333333333336;679,9962644036896;644,8855614078001;365,63454868500406;0,5650490075788875;0,3918718759365971;884,3247285297025;2598,7114928840288;805,2422574170392;0,26238710129770093
36,666666666666664;679,9963627031073;645,1459568129546;366,2266851579094;0,5650490075788875;0,3918718759365971;877,7675748972371;2580,5143355538216;805,6346280617447;0,2603954051545997
36,75;679,9964584158494;645,4043756779447;366,8177695306061;0,5650490075788875;0,3918718759365971;871,2601472538154;2562,4397211284295;806,0262126853081;0,25841886499010425
36,833333333333336;679,9965516099824;645,6608330523934;367,40780317139547;0,5650490075788875;0,3918718759365971;864,8020684476165;2544,486945538388;806,4170023712779;0,25645737444875716
36,916666666666664;679,9966423517816;645,9153438800496;367,99678744804606;0,5650490075788875;0,3918718759365971;858,392963939724;2526,655306135323;806,8069882997468;0,25451082765614214
37,0;679,9967307057784;646,1679229992724;368,5847237278121;0,5650490075788875;0,3918718759365971;852,0324617933;2508,9441017483923;807,1961617477668;0,2525791192227817
37,083333333333336;679,996816734806;646,4185851435203;369,1716133774521;0,5650490075788875;0,3918718759365971;845,720192662651;2491,3526327394197;807,5845140897443;0,2506621442478858
37,166666666666664;679,9969005000441;646,6673449418432;369,7574577632467;0,5650490075788875;0,3918718759365971;839,4557897821414;2473,8802010565046;807,972036797814;0,2487597983229343
37,25;679,9969820610629;646,9142169193783;370,3422582510163;0,5650490075788875;0,3918718759365971;833,2388889550231;2456,5261102863565;808,3587214421925;0,246871977535117
37,333333333333336;679,9970614758645;647,1592154978489;370,92601620613846;0,5650490075788875;0,3918718759365971;827,0691285421151;2439,2896657051547;808,7445596915129;0,24499857847061246
37,416666666666664;679,9971388009251;647,4023549960666;371,50873299356476;0,5650490075788875;0,3918718759365971;820,9461494503898;2422,1701743281074;809,1295433131372;0,24313949821772307
37,5;679,9972140912347;647,6436496304365;372,0904099778374;0,5650490075788875;0,3918718759365971;814,869595121462;2405,166944957714;809,5136641734507;0,24129463436986778
37,583333333333336;679,9972874003363;647,8831135154649;372,6710485231055;0,5650490075788875;0,3918718759365971;808,8391115199556;2388,2792882306626;809,8969142381354;0,23946388502842547
37,666666666666664;679,9973587803638;648,1207606642703;373,25064999314105;0,5650490075788875;0,3918718759365971;802,8543471217858;2371,5065166634627;810,2792855724244;0,23764714880544058
37,75;679,9974282820792;648,3566049890965;373,82921575135435;0,5650490075788875;0,3918718759365971;796,9149529023383;2354,847944696801;810,6607703413363;0,2358443248261887
37,833333333333336;679,9974959549093;648,590660301828;374,40674716080946;0,5650490075788875;0,3918718759365971;791,020582324569;2338,3028887386786;811,0413608098905;0,23405531273161004
37,916666666666664;679,9975618469794;648,8229403145086;374,9832455842389;0,5650490075788875;0,3918718759365971;785,1708913270301;2321,870667206342;811,4210493433029;0,23228001268061188
38,0;679,9976260051491;649,0534586398609;375,55871238405837;0,5650490075788875;0,3918718759365971;779,3655383117681;2305,5506005668763;811,7998284071633;0,23051832535222655
38,083333333333336;679,9976884750446;649,2822287918085;376,13314892238105;0,5650490075788875;0,3918718759365971;773,6041841322049;2289,342011376797;812,1776905675927;0,22877015194766062
38,166666666666664;679,9977493010916;649,5092641860007;376,70655656103133;0,5650490075788875;0,3918718759365971;767,8864920809019;2273,2442243203423;812,5546284913828;0,22703539419220414
38,25;679,9978085265468;649,7345781403377;377,2789366615586;0,5650490075788875;0,3918718759365971;762,2121278772738;2257,25656624666;812,9306349461168;0,2253139543370217
38,333333333333336;679,9978661935286;649,9581838754985;377,85029058525043;0,5650490075788875;0,3918718759365971;756,5807596552276;2241,378366205866;813,3057028002715;0,22360573516082188
38,416666666666664;679,997922343047;650,1800945154699;378,42061969314557;0,5650490075788875;0,3918718759365971;750,9920579507508;2225,6089554840123;813,6798250233009;0,2219106399714101
38,5;679,9979770150327;650,400323088077;378,98992534604656;0,5650490075788875;0,3918718759365971;745,4456956894262;2209,947667636903;814,0529946857022;0,2202285726071194
38,583333333333336;679,9980302483663;650,6188825255151;379,5582089045321;0,5650490075788875;0,3918718759365971;739,9413481738918;2194,393838522896;814,4252049590646;0,21855943743813172
38,666666666666664;679,9980820809045;650,8357856648828;380,12547172896893;0,5650490075788875;0,3918718759365971;734,4786930712786;2178,9468063346576;814,7964491160983;0,2169031393676906
38,75;679,9981325495082;651,051045248716;380,69171517952384;0,5650490075788875;0,3918718759365971;729,057410400543;2163,605911629805;815,1667205306488;0,21525958383319316
38,833333333333336;679,9981816900686;651,2646739255232;381,25694061617475;0,5650490075788875;0,3918718759365971;723,6771825198048;2148,370497360594;815,5360126776912;0,2136286768071847
38,916666666666664;679,9982295375319;651,4766842503215;381,82114939872184;0,5650490075788875;0,3918718759365971;718,3376941136345;2133,23990890265;815,9043191333092;0,21201032479825
39,0;679,9982761259249;651,6870886851732;382,38434288679855;0,5650490075788875;0,3918718759365971;713,0386321802604;2118,213494082559;816,2716335746566;0,21040443485178678
39,083333333333336;679,9983214883795;651,8958995997239;382,9465224398819;0,5650490075788875;0,3918718759365971;707,7796860187931;2103,290603204659;816,6379497799019;0,20881091455069503
39,166666666666664;679,998365657155;652,1031292717398;383,5076894173027;0,5650490075788875;0,3918718759365971;702,5605472163903;2088,4705890768228;817,003261628157;0,20722967201596101
39,25;679,9984086636623;652,308789887647;384,06784517825537;0,5650490075788875;0,3918718759365971;697,380909635379;2073,75280703524;817,3675630993891;0,20566061590713827
39,333333333333336;679,9984505384855;652,5128935430697;384,6269910818078;0,5650490075788875;0,3918718759365971;692,2404694003831;2059,136614968423;817,7308482743164;0,2041036554227473
39,416666666666664;679,9984913114042;652,7154522433702;385,1851284869103;0,5650490075788875;0,3918718759365971;687,1389248853944;2044,6213733401796;818,0931113342876;0,20255870030056983
39,5;679,998531011414;652,9164779041881;385,74225875240495;0,5650490075788875;0,3918718759365971;682,0759767008497;2030,206445211828;818,4543465611479;0,20102566081786394
39,583333333333336;679,9985696667478;653,1159823519796;386,29838323703416;0,5650490075788875;0,3918718759365971;677,0513276806469;2015,891196263387;818,8145483370863;0,1995044477914755
39,666666666666664;679,9986073048956;653,3139773245575;386,8535032994492;0,5650490075788875;0,3918718759365971;672,0646828692054;2001,6749948141387;819,1737111444703;0,19799497257788473
39,75;679,9986439526236;653,5104744716307;387,4076202982183;0,5650490075788875;0,3918718759365971;667,1157495084515;1987,5572118421333;819,5318295656641;0,196497147073146
39,833333333333336;679,9986796359941;653,7054853553434;387,9607355918347;0,5650490075788875;0,3918718759365971;662,2042370248238;1973,5372210030105;819,8888982828324;0,19501088371275782
39,916666666666664;679,9987143803836;653,8990214508149;388,5128505387241;0,5650490075788875;0,3918718759365971;657,3298570162677;1959,614398647992;820,2449120777302;0,19353609547144976
40,0;679,9987482105004;654,0910941466777;389,063966497252;0,5650490075788875;0,3918718759365971;652,4923232392183;1945,7881238410857;820,5998658314777;0,19207269586288966
40,083333333333336;679,998781150403;654,281714745617;389,61408482573114;0,5650490075788875;0,3918718759365971;647,6913515955658;1932,057778375478;820,9537545243203;0,19062059893931046
40,166666666666664;679,9988132235169;654,470894464908;390,1632068824279;0,5650490075788875;0,3918718759365971;642,9266601196503;1918,4227467892474;821,3065732353768;0,1891797192910692
40,25;679,9988444526507;654,6586444369542;390,71133402556904;0,5650490075788875;0,3918718759365971;638,1979689652212;1904,8824163802738;821,658317142372;0,18774997204612517
40,333333333333336;679,9988748600133;654,8449757098236;391,258467613348;0,5650490075788875;0,3918718759365971;633,5050003924124;1891,4361772204159;822,0089815213563;0,186331272869448
40,416666666666664;679,9989044672288;655,029899247786;391,80460900393086;0,5650490075788875;0,3918718759365971;628,8474787547415;1878,083422169065;822,3585617464129;0,18492353796236277
40,5;679,9989332953528;655,2134259318478;392,3497595554623;0,5650490075788875;0,3918718759365971;624,2251304860702;1864,823546885853;822,7070532893508;0,18352668406181316
40,583333333333336;679,9989613648863;655,3955665602874;392,89392062607095;0,5650490075788875;0,3918718759365971;619,637684087624;1851,655949842847;823,0544517193863;0,1821406284395744
40,666666666666664;679,998988695791;655,5763318491888;393,4370935738748;0,5650490075788875;0,3918718759365971;615,0848701149727;1838,5800323359003;823,4007527028109;0,18076528890138477
40,75;679,9990153075033;655,7557324329748;393,97927975698605;0,5650490075788875;0,3918718759365971;610,5664211650549;1825,5951984954588;823,7459520026474;0,179400583786025
40,833333333333336;679,9990412189486;655,9337788649392;394,5204805335161;0,5650490075788875;0,3918718759365971;606,082071863213;1812,7008552967263;824,0900454782941;0,17804643196433514
40,916666666666664;679,9990664485535;656,1104816177774;395,06069726158;0,5650490075788875;0,3918718759365971;601,6315588502351;1799,8964125691316;824,4330290851568;0,17670275283816672
41,0;679,9990910142602;656,2858510841166;395,5999312993008;0,5650490075788875;0,3918718759365971;597,2146207694038;1787,1812830052052;824,7748988742692;0,1753694663392769
41,083333333333336;679,9991149335389;656,4598975770448;396,13818400481364;0,5650490075788875;0,3918718759365971;592,8309982535893;1774,5548821688828;825,1156509919019;0,17404649292817054
41,166666666666664;679,9991382233995;656,6326313306377;396,6754567362694;0,5650490075788875;0,3918718759365971;588,4804339123519;1762,0166285031962;825,4552816791614;0,1727337535928838
41,25;679,999160900405;656,8040625004853;397,2117508518386;0,5650490075788875;0,3918718759365971;584,1626723190473;1749,5659433373335;825,7937872715762;0,1714311698477092
41,333333333333336;679,999182980682;656,9742011642172;397,7470677097145;0,5650490075788875;0,3918718759365971;579,8774599979907;1737,2022508932373;826,1311641986733;0,17013866373187864
41,416666666666664;679,9992044799332;657,1430573220254;398,2814086681165;0,5650490075788875;0,3918718759365971;575,6245454116197;1724,924978291563;826,467408983545;0,16885615780818666
41,5;679,9992254134476;657,3106408971869;398,8147750852929;0,5650490075788875;0,3918718759365971;571,403678947695;1712,733555557124;826,8025182424036;0,16758357516156772
41,583333333333336;679,9992457961123;657,4769617365845;399,34716831952375;0,5650490075788875;0,3918718759365971;567,2146129065169;1700,6274156237725;827,1364886841282;0,16632083939762182
41,666666666666664;679,9992656424224;657,6420296112256;399,878589729123;0,5650490075788875;0,3918718759365971;563,0571014881951;1688,6059943388523;827,4693171098;0,1650678746411019
41,75;679,9992849664918;657,8058542167599;400,40904067244134;0,5650490075788875;0,3918718759365971;558,9309007799216;1676,668730467009;827,8010004122293;0,16382460553434378
41,833333333333336;679,9993037820627;657,9684451739956;400,93852250786773;0,5650490075788875;0,3918718759365971;554,8357687432969;1664,8150656936377;828,1315355754723;0,16259095723566386
41,916666666666664;679,9993221025161;658,1298120294133;401,46703659383155;0,5650490075788875;0,3918718759365971;550,7714652016773;1653,0444446277322;828,4609196743396;0,16136685541770432
42,0;679,9993399408803;658,289964255679;401,99458428880416;0,5650490075788875;0,3918718759365971;546,7377518275697;1641,3563148043636;828,789149873895;0,16015222626574618
42,083333333333336;679,9993573098415;658,448911252155;402,5211669513003;0,5650490075788875;0,3918718759365971;542,734392130032;1629,7501266865522;829,1162234289468;0,15894699647596897
42,166666666666664;679,9993742217514;658,6066623454086;403,0467859398795;0,5650490075788875;0,3918718759365971;538,7611514421621;1618,2253336668778;829,44213768353;0,15775109325368952
42,25;679,999390688637;658,7632267897202;403,57144261314687;0,5650490075788875;0,3918718759365971;534,8177969085697;1606,78139206846;829,7668900703796;0,15656444431154573
42,333333333333336;679,999406722209;658,9186137675879;404,09513832975415;0,5650490075788875;0,3918718759365971;530,9040974729214;1595,417761145615;830,0904781103982;0,15538697786765351
42,416666666666664;679,9994223338695;659,0728323902316;404,6178744484002;0,5650490075788875;0,3918718759365971;527,0198238655269;1584,1339030840934;830,4128994121127;0,15421862264372968
42,5;679,9994375347209;659,2258916980948;405,1396523278316;0,5650490075788875;0,3918718759365971;523,1647485909463;1572,9292830008235;830,7341516711264;0,15305930786317296
42,583333333333336;679,9994523355732;659,3778006613438;405,6604733268428;0,5650490075788875;0,3918718759365971;519,3386459156528;1561,8033689433364;831,0542326695627;0,15190896324911898
42,666666666666664;679,9994667469522;659,5285681803663;406,1803388042763;0,5650490075788875;0,3918718759365971;515,5412918557346;1550,7556318887307;831,3731402755011;0,15076751902245827
42,75;679,9994807791065;659,6782030862661;406,6992501190224;0,5650490075788875;0,3918718759365971;511,77246416464754;1539,7855457423168;831,6908724424075;0,14963490589982933
42,833333333333336;679,9994944420152;659,8267141413577;407,2172086300191;0,5650490075788875;0,3918718759365971;508,03194232101134;1528,8925873358523;832,0074272085561;0,14851105509157855
42,916666666666664;679,9995077453948;659,9741100396574;407,73421569625157;0,5650490075788875;0,3918718759365971;504,3195075164391;1518,0762364253949;832,3228026964481;0,14739589829968985
43,0;679,9995206987059;660,120399407373;408,25027267675136;0,5650490075788875;0,3918718759365971;500,63494264343547;1507,3359756888376;832,6369971122199;0,14628936771569132
43,083333333333336;679,9995333111602;660,2655908033915;408,76538093059577;0,5650490075788875;0,3918718759365971;496,9780322833202;1496,6712907230708;832,9500087450491;0,1451913960185317
43,166666666666664;679,9995455917274;660,4096927197639;409,2795418169068;0,5650490075788875;0,3918718759365971;493,3485626942172;1486,0816700408059;833,2618359665526;0,14410191637243258
43,25;679,9995575491405;660,5527135821886;409,79275669484997;0,5650490075788875;0,3918718759365971;489,7463217990861;1475,5666050670927;833,5724772301796;0,1430208624247177
43,333333333333336;679,9995691919033;660,6946617504923;410,3050269236331;0,5650490075788875;0,3918718759365971;486,1710991737965;1465,1255901354698;833,8819310705996;0,14194816830361473
43,416666666666664;679,9995805282956;660,8355455191083;410,81635386250457;0,5650490075788875;0,3918718759365971;482,62268603527616;1454,7581224838668;834,1901961030848;0,14088376861604085
43,5;679,9995915663792;660,9753731175537;411,326738870752;0,5650490075788875;0,3918718759365971;479,10087522968183;1444,463702250141;834,4972710228866;0,1398275984453606
43,583333333333336;679,9996023140038;661,1141527109028;411,83618330770025;0,5650490075788875;0,3918718759365971;475,6054612206384;1434,2418324673306;834,8031546046102;0,13877959334912485
43,666666666666664;679,9996127788128;661,2518924002595;412,34468853270937;0,5650490075788875;0,3918718759365971;472,1362400775263;1424,0920190586403;835,1078457015814;0,13773968935679157
43,75;679,9996229682482;661,388600223227;412,85225590517274;0,5650490075788875;0,3918718759365971;468,69300946383134;1414,0137708321458;835,4113432452107;0,13670782296742826
43,833333333333336;679,9996328895562;661,5242841543743;413,3588867845146;0,5650490075788875;0,3918718759365971;465,27556862553183;1404,006599475188;835,7136462443534;0,13568393114739238
43,916666666666664;679,9996425497925;661,6589521057023;413,86458253018765;0,5650490075788875;0,3918718759365971;461,88371837954776;1394,0700195485142;836,0147537846642;0,13466795132799664
44,0;679,9996519558268;661,7926119271054;414,36934450167047;0,5650490075788875;0,3918718759365971;458,5172611022557;1384,2035484802193;836,3146650279499;0,13365982140316232
44,083333333333336;679,9996611143484;661,9252714068325;414,87317405846494;0,5650490075788875;0,3918718759365971;455,17600071803486;1374,406706559318;836,613379211517;0,1326594797270476
44,166666666666664;679,9996700318703;662,0569382719442;415,3760725600932;0,5650490075788875;0,3918718759365971;451,85974268789835;1364,6790169291926;836,9108956475167;0,13166686511167117
44,25;679,9996787147345;662,1876201887687;415,87804136609475;0,5650490075788875;0,3918718759365971;448,56829399815297;1355,0200055807156;837,2072137222859;0,13068191682451435
44,333333333333336;679,9996871691154;662,3173247633548;416,3790818360233;0,5650490075788875;0,3918718759365971;445,3014631491442;1345,429201345219;837,5023328956864;0,12970457458611723
44,416666666666664;679,9996954010257;662,4460595419224;416,8791953294435;0,5650490075788875;0,3918718759365971;442,05906014401535;1335,9061358871138;837,7962527004396;0,1287347785676503
44,5;679,9997034163196;662,5738320113109;417,37838320592743;0,5650490075788875;0,3918718759365971;438,84089647758344;1326,4503436964553;838,0889727414599;0,1277724693884906
44,583333333333336;679,9997112206969;662,7006495994247;417,87664682505124;0,5650490075788875;0,3918718759365971;435,64678512521766;1317,0613620811664;838,3804926951847;0,12681758811377317
44,666666666666664;679,9997188197078;662,8265196756765;418,37398754639133;0,5650490075788875;0,3918718759365971;432,4765405318061;1307,7387311591053;838,6708123089021;0,12587007625193844
44,75;679,9997262187565;662,9514495514288;418,8704067295206;0,5650490075788875;0,3918718759365971;429,32997860078217;1298,4819938499566;838,9599314000767;0,12492987575227128
44,833333333333336;679,9997334231048;663,0754464804312;419,36590573400457;0,5650490075788875;0,3918718759365971;426,2069166831907;1289,2906958668802;839,2478498556735;0,12399692900242618
44,916666666666664;679,999740437876;663,1985176592572;419,86048591939726;0,5650490075788875;0,3918718759365971;423,1071735668394;1280,1643857080362;839,5345676314793;0,12307117882595082
45,0;679,9997472680587;663,320670227737;420,35414864523705;0,5650490075788875;0,3918718759365971;420,0305694654702;1271,1026146478137;839,8200847514231;0,1221525684797909
45,083333333333336;679,9997539185104;663,4419112693888;420,84689527104246;0,5650490075788875;0,3918718759365971;416,9769260080443;1262,10493672805;840,1044013068945;0,12124104165180323
45,166666666666664;679,9997603939604;663,5622478118471;421,33872715630764;0,5650490075788875;0,3918718759365971;413,9460662280385;1253,1709087489257;840,387517456061;0,1203365424582485
45,25;679,9997666990138;663,6816868272884;421,82964566049793;0,5650490075788875;0,3918718759365971;410,9378145528325;1244,3000902598162;840,6694334231835;0,11943901544128879
45,333333333333336;679,9997728381544;663,8002352328549;422,3196521430452;0,5650490075788875;0,3918718759365971;407,9519967931333;1235,4920435498723;840,9501494979318;0,11854840556647006
45,416666666666664;679,9997788157482;663,9178998910751;422,808747963343;0,5650490075788875;0,3918718759365971;404,9884401324874;1226,7463336385538;841,2296660346982;0,11766465822020981
45,5;679,999784636046;664,0346876102824;423,29693448074215;0,5650490075788875;0,3918718759365971;402,04697311682764;1218,0625282659394;841,5079834519108;0,11678771920727321
45,583333333333336;679,9997903031871;664,1506051450307;423,7842130545451;0,5650490075788875;0,3918718759365971;399,1274256440903;1209,4401978829183;841,7851022313466;0,1159175347482481
45,666666666666664;679,9997958212016;664,2656591965077;424,2705850440014;0,5650490075788875;0,3918718759365971;396,2296289539097;1200,8789156412722;842,0610229174423;0,11505405147702061
45,75;679,9998011940137;664,379856412946;424,7560518083024;0,5650490075788875;0,3918718759365971;393,3534156173465;1192,3782573835829;842,3357461166072;0,11419721643824272
45,833333333333336;679,9998064254443;664,4932033900308;425,24061470657597;0,5650490075788875;0,3918718759365971;390,4986195266929;1183,937801633021;842,6092724965342;0,11334697708480024
45,916666666666664;679,9998115192136;664,605706671306;425,72427509788105;0,5650490075788875;0,3918718759365971;387,6650758853373;1175,5571295830202;842,8816027855121;0,11250328127527935
46,0;679,9998164789442;664,7173727485775;426,20703434120236;0,5650490075788875;0,3918718759365971;384,8526211976889;1167,23582508684;843,1527377717362;0,11166607727143302
46,083333333333336;679,9998213081633;664,8282080623131;426,6888937954447;0,5650490075788875;0,3918718759365971;382,0610932591677;1158,973474647;843,4226783026209;0,1108353137356458
46,166666666666664;679,999826010305;664,9382190020416;427,1698548194275;0,5650490075788875;0,3918718759365971;379,29033114625383;1150,7696674046124;843,691425284111;0,11001093972839925
46,25;679,9998305887135;665,0474119067474;427,64991877187884;0,5650490075788875;0,3918718759365971;376,54017520658556;1142,6239951285738;843,958979679996;0,1091929047057341
46,333333333333336;679,9998350466445;665,1557930652641;428,1290870114299;0,5650490075788875;0,3918718759365971;373,8104670491538;1134,5360522047602;844,2253425112214;0,10838115851672336
46,416666666666664;679,9998393872685;665,263368716665;428,6073608966087;0,5650490075788875;0,3918718759365971;371,1010495345107;1126,5054356249623;844,4905148552036;0,1075756514009316
46,5;679,9998436136722;665,3701450506509;429,0847417858346;0,5650490075788875;0,3918718759365971;368,41176676508667;1118,5317449758893;844,7544978451449;0,10677633398589084
46,583333333333336;679,9998477288611;665,4761282079354;429,5612310374117;0,5650490075788875;0,3918718759365971;365,7424640755323;1110,6145824279727;845,017292669349;0,10598315728456781
46,666666666666664;679,9998517357621;665,5813242806282;430,03683000952304;0,5650490075788875;0,3918718759365971;363,09298802314345;1102,7535527241305;845,2789005705381;0,10519607269283854
46,75;679,9998556372244;665,6857393126152;430,5115400602243;0,5650490075788875;0,3918718759365971;360,46318637834815;1094,948263168479;845,5393228451705;0,10441503198696804
46,833333333333336;679,9998594360227;665,7893792999363;430,9853625474374;0,5650490075788875;0,3918718759365971;357,8529081152311;1087,198323614859;845,7985608427605;0,10363998732108363
46,916666666666664;679,9998631348584;665,892250191161;431,458298828944;0,5650490075788875;0,3918718759365971;355,2620034021601;1079,5033464554465;846,0566159651987;0,10287089122466578
47,0;679,999866736362;665,994357887761;431,9303502623794;0,5650490075788875;0,3918718759365971;352,6903235924351;1071,862946609152;846,3134896660748;0,10210769660003072
47,083333333333336;679,9998702430948;666,0957082444809;432,4015182052257;0,5650490075788875;0,3918718759365971;350,137721215026;1064,2767415100398;846,569183450001;0,10135035671982459
47,166666666666664;679,9998736575506;666,1963070697054;432,8718040148053;0,5650490075788875;0,3918718759365971;347,6040499653493;1056,7443510956232;846,8236988719385;0,10059882522451709
47,25;679,9998769821574;666,2961601258253;433,34120904827427;0,5650490075788875;0,3918718759365971;345,08916469612814;1049,2653977951647;847,0770375365241;0,09985305611990575
47,333333333333336;679,9998802192798;666,3952731295999;433,80973466261537;0,5650490075788875;0,3918718759365971;342,5929214083027;1041,8395065178631;847,3292010974001;0,09911300377462089
47,416666666666664;679,9998833712197;666,4936517525175;434,2773822146316;0,5650490075788875;0,3918718759365971;340,1151772419979;1034,466304641024;847,5801912565462;0,09837862291763823
47,5;679,9998864402186;666,5913016211533;434,7441530609391;0,5650490075788875;0,3918718759365971;337,65579046755363;1027,1454219981345;847,8300097636122;0,09764986863579471
47,583333333333336;679,9998894284593;666,6882283175246;435,2100485579602;0,5650490075788875;0,3918718759365971;335,21462047663135;1019,8764908669747;848,0786584152551;0,09692669637131704
47,666666666666664;679,9998923380665;666,784437379444;435,6750700619166;0,5650490075788875;0,3918718759365971;332,7915277733666;1012,65914595761;848,3261390544752;0,09620906191935061
47,75;679,9998951711095;666,8799343008694;436,1392189288221;0,5650490075788875;0,3918718759365971;330,38637396556396;1005,4930244003117;848,5724535699593;0,0954969214254913
47,833333333333336;679,9998979296032;666,9747245322527;436,6024965144758;0,5650490075788875;0,3918718759365971;327,99902175600266;998,3777657335818;848,8176038954214;0,09479023138333853
47,916666666666664;679,9999006155092;667,0688134808847;437,0649041744544;0,5650490075788875;0,3918718759365971;325,6293349337625;991,3130118920134;849,0615920089494;0,09408894863204292
48,0;679,9999032307376;667,1622065112385;437,5264432641056;0,5650490075788875;0,3918718759365971;323,2771783656119;984,2984071941374;849,3044199323535;0,09339303035386316
48,083333333333336;679,9999057771483;667,2549089453103;437,9871151385404;0,5650490075788875;0,3918718759365971;320,9424179874759;977,3335983302726;849,5460897305163;0,09270243407173455
48,166666666666664;679,999908256552;667,3469260629571;438,4469211526259;0,5650490075788875;0,3918718759365971;318,624920795952;970,4182343503716;849,7866035107476;0,09201711764684582
48,25;679,9999106707121;667,4382631022333;438,90586266097813;0,5650490075788875;0,3918718759365971;316,324554839872;963,551966651712;850,0259634221399;0,09133703927621457
48,333333333333336;679,9999130213454;667,5289252597237;439,3639410179542;0,5650490075788875;0,3918718759365971;314,0411892119687;956,7344489667983;850,2641716549289;0,09066215749029025
48,416666666666664;679,9999153101235;667,6189176908742;439,8211575776451;0,5650490075788875;0,3918718759365971;311,7746940405425;949,9653373509668;850,5012304398555;0,08999243115054216
48,5;679,9999175386741;667,7082455103213;440,2775136938684;0,5650490075788875;0,3918718759365971;309,5249404812307;943,2442901701952;850,737142047532;0,08932781944707502
48,583333333333336;679,9999197085821;667,7969137922175;440,7330107201601;0,5650490075788875;0,3918718759365971;307,29180070882194;936,5709680887924;850,9719087878102;0,08866828189624523
48,666666666666664;679,9999218213907;667,8849275705559;441,18765000976765;0,5650490075788875;0,3918718759365971;305,0751479091133;929,9450340570514;851,2055330091548;0,08801377833828336
48,75;679,9999238786021;667,9722918394908;441,6414329156419;0,5650490075788875;0,3918718759365971;302,87485627086994;923,3661532990195;851,4380170980176;0,08736426893493812
48,833333333333336;679,9999258816797;668,0590115536579;442,09436079042956;0,5650490075788875;0,3918718759365971;300,6908009777817;916,8339933000733;851,6693634782158;0,08671971416711262
48,916666666666664;679,9999278320478;668,1450916284905;442,5464349864656;0,5650490075788875;0,3918718759365971;298,52285820054476;910,3482237946926;851,8995746103158;0,08608007483252925
49,0;679,9999297310934;668,2305369405339;442,99765685576523;0,5650490075788875;0,3918718759365971;296,3709050889321;903,9085167540245;852,1286529910172;0,08544531204338522
49,083333333333336;679,999931580167;668,3153523277579;443,4480277500163;0,5650490075788875;0,3918718759365971;294,23481976398875;897,5145463736345;852,3566011525428;0,0848153872240362
49,166666666666664;679,9999333805836;668,3995425898665;443,8975490205715;0,5650490075788875;0,3918718759365971;292,11448131022735;891,1659890610936;852,5834216620307;0,08419026210867452
49,25;679,9999351336236;668,4831124886056;444,3462220184403;0,5650490075788875;0,3918718759365971;290,0097697679257;884,8625234236982;852,8091171209311;0,08356989873903023
49,333333333333336;679,9999368405337;668,5660667480677;444,7940480942813;0,5650490075788875;0,3918718759365971;287,92056612545025;878,60383025611;853,0336901644058;0,08295425946207438
49,416666666666664;679,9999385025277;668,6484100549955;445,2410285983943;0,5650490075788875;0,3918718759365971;285,8467523116502;872,3895925280212;853,2571434607323;0,08234330692773562
49,5;679,9999401207876;668,7301470590821;445,6871648807119;0,5650490075788875;0,3918718759365971;283,78821118830615;866,2194953718456;853,4794797107106;0,08173700408662816
49,583333333333336;679,9999416964642;668,8112823732699;446,13245829079233;0,5650490075788875;0,3918718759365971;281,74482654263784;860,0932260704064;853,7007016470752;0,08113531418779069
49,666666666666664;679,999943230678;668,8918205740464;446,5769101778107;0,5650490075788875;0,3918718759365971;279,7164830798579;854,0104740446083;853,9208120339098;0,08053820077643291
49,75;679,9999447245202;668,9717662017381;447,0205218905514;0,5650490075788875;0,3918718759365971;277,70306641579054;847,9709308411656;854,1398136660664;0,0799456276916977
49,833333333333336;679,9999461790532;669,0511237608025;447,4632947773999;0,5650490075788875;0,3918718759365971;275,7044630695532;841,9742901203322;854,3577093685885;0,07935755906443348
49,916666666666664;679,999947595311;669,1298977201175;447,90523018633473;0,5650490075788875;0,3918718759365971;273,72056045626607;836,020247643611;854,5745019961378;0,07877395931497394
50,0;679,9999489743011;669,2080925132684;448,34632946491934;0,5650490075788875;0,3918718759365971;271,75124687983896;830,1085012614914;854,7901944324248;0,07819479315093114
50,083333333333336;679,999950317004;669,2857125388334;448,786593960294;0,5650490075788875;0,3918718759365971;269,79641152581735;824,238750901271;855,0047895896446;0,07762002556500547
50,166666666666664;679,999951624375;669,3627621606662;449,22602501916776;0,5650490075788875;0,3918718759365971;267,8559444542657;818,4106985547993;855,2182904079154;0,07704962183279869
50,25;679,9999528973432;669,4392457081768;449,6646239878101;0,5650490075788875;0,3918718759365971;265,92973659271877;812,6240482663313;855,4306998547219;0,07648354751064627
50,333333333333336;679,9999541368144;669,5151674766103;450,10239221204296;0,5650490075788875;0,3918718759365971;264,0176797291588;806,8785061202581;855,6420209243624;0,07592176843344876
50,416666666666664;679,9999553436697;669,5905317273227;450,53933103723244;0,5650490075788875;0,3918718759365971;262,11966650510305;801,1737802291001;855,8522566374007;0,0753642507125365
50,5;679,9999565187676;669,6653426880563;450,97544180828066;0,5650490075788875;0,3918718759365971;260,23559040867497;795,5095807212456;856,0614100401216;0,07481096073352075
50,583333333333336;679,9999576629436;669,7396045532105;451,4107258696176;0,5650490075788875;0,3918718759365971;258,3653457677826;789,885619728947;856,2694842039908;0,07426186515417779
50,666666666666664;679,9999587770116;669,8133214841129;451,8451845651926;0,5650490075788875;0,3918718759365971;256,508827743329;784,301611376223;856,4764822251191;0,07371693090233429
50,75;679,9999598617636;669,8864976092866;452,27881923846655;0,5650490075788875;0,3918718759365971;254,66593232246737;778,7572717667931;856,6824072237307;0,07317612517376487
50,833333333333336;679,9999609179713;669,9591370247167;452,71163123240336;0,5650490075788875;0,3918718759365971;252,83655631192516;773,2523189720938;856,8872623436362;0,0726394154301066
50,916666666666664;679,9999619463855;670,0312437941135;453,1436218894617;0,5650490075788875;0,3918718759365971;251,02059733136457;767,7864730192703;857,0910507517099;0,07210676939678046
51,0;679,9999629477378;670,1028219491744;453,5747925515869;0,5650490075788875;0,3918718759365971;249,2179538068001;762,3594558792072;857,2937756373707;0,07157815506092623
51,083333333333336;679,9999639227403;670,1738754898438;454,00514456020255;0,5650490075788875;0,3918718759365971;247,42852496408432;756,9709914546764;857,4954402120679;0,0710535406693566
51,166666666666664;679,9999648720865;670,2444083845703;454,4346792562023;0,5650490075788875;0,3918718759365971;245,6522108224135;751,620805568367;857,6960477087719;0,07053289472651063
51,25;679,9999657964511;670,3144245705628;454,86339797994145;0,5650490075788875;0,3918718759365971;243,88891218790434;746,3086259510746;857,8956013814675;0,07001618599243002
51,333333333333336;679,9999666964919;670,3839279540435;455,2913020712289;0,5650490075788875;0,3918718759365971;242,13853064720752;741,0341822298409;858,0941045046546;0,06950338348074041
51,416666666666664;679,9999675728487;670,4529224105002;455,71839286931873;0,5650490075788875;0,3918718759365971;240,40096856120954;735,7972059162493;858,2915603728499;0,06899445645665662
51,5;679,999968426145;670,5214117849351;456,14467171290175;0,5650490075788875;0,3918718759365971;238,67612905871454;730,5974303945706;858,4879723000947;0,06848937443498183
51,583333333333336;679,9999692569874;670,5893998921133;456,5701399400975;0,5650490075788875;0,3918718759365971;236,9639160302455;725,4345909101297;858,683343619469;0,06798810717813711
51,666666666666664;679,9999700659666;670,6568905168075;456,9947988884457;0,5650490075788875;0,3918718759365971;235,26423412185125;720,308424557604;858,8776776826057;0,06749062469419287
51,75;679,9999708536583;670,7238874140425;457,41864989489824;0,5650490075788875;0,3918718759365971;233,57698872897856;715,2186702693714;859,0709778592127;0,06699689723491466
51,833333333333336;679,9999716206224;670,7903943093363;457,8416942958106;0,5650490075788875;0,3918718759365971;231,9020859903958;710,1650688039622;859,2632475365988;0,06650689529382585
51,916666666666664;679,9999723674044;670,8564148989406;458,2639334269338;0,5650490075788875;0,3918718759365971;230,23943278215313;705,1473627344612;859,4544901192025;0,06602058960427595
52,0;679,9999730945356;670,9219528500781;458,68536862340596;0,5650490075788875;0,3918718759365971;228,58893671159706;700,165296437018;859,6447090281279;0,06553795113752624
52,083333333333336;679,9999738025326;670,9870118011789;459,106001219744;0,5650490075788875;0,3918718759365971;226,95050611143586;695,2186160793633;859,8339077006827;0,06505895110084567
52,166666666666664;679,9999744918994;671,0515953621145;459,52583254983546;0,5650490075788875;0,3918718759365971;225,32405003384213;690,3070696093741;860,0220895899213;0,06458356093561912
52,25;679,9999751631259;671,11570711443;459,9448639469303;0,5650490075788875;0,3918718759365971;223,70947824462064;685,4304067437248;860,2092581641937;0,06411175231547203
52,333333333333336;679,9999758166897;671,1793506115745;460,36309674363247;0,5650490075788875;0,3918718759365971;222,1067012173961;680,5883789564842;860,395416906697;0,06364349714439908
52,416666666666664;679,9999764530553;671,2425293791293;460,78053227189173;0,5650490075788875;0,3918718759365971;220,5156301278805;675,7807394678772;860,5805693150322;0,063178767554916
52,5;679,9999770726755;671,3052469150356;461,19717186299533;0,5650490075788875;0,3918718759365971;218,936176848149;671,0072432329821;860,7647189007657;0,06271753590621343
52,583333333333336;679,999977675991;671,3675066898179;461,61301684755995;0,5650490075788875;0,3918718759365971;217,3682539409981;666,2676469305616;860,9478691889956;0,06225977478233196
52,666666666666664;679,9999782634304;671,4293121468082;462,0280685555233;0,5650490075788875;0,3918718759365971;215,81177465432688;661,5617089518854;861,1300237179203;0,06180545699034448
52,75;679,9999788354121;671,4906667023668;462,44232831613596;0,5650490075788875;0,3918718759365971;214,2666529155548;656,8891893895725;861,3111860384151;0,06135455555854805
52,833333333333336;679,9999793923423;671,5515737461014;462,8557974579531;0,5650490075788875;0,3918718759365971;212,73280332613353;652,2498500266191;861,49135971361;0,06090704373468169
52,916666666666664;679,9999799346174;671,6120366410855;463,26847730882645;0,5650490075788875;0,3918718759365971;211,2101411560218;647,6434543252544;861,6705483184737;0,060462894984135235
53,0;679,9999804626228;671,6720587240737;463,680369195896;0,5650490075788875;0,3918718759365971;209,69858233829655;643,0697674160785;861,8487554394017;0,060022082988193545
53,083333333333336;679,9999809767344;671,731643305716;464,09147444558175;0,5650490075788875;0,3918718759365971;208,19804346372734;638,5285560870487;862,0259846738086;0,05958458164227325
53,166666666666664;679,9999814773173;671,7907936707702;464,5017943835758;0,5650490075788875;0,3918718759365971;206,7084417754586;634,0195887726733;862,2022396297251;0,05915036505418768
53,25;679,9999819647278;671,8495130783126;464,911330334834;0,5650490075788875;0,3918718759365971;205,22969516367766;629,5426355431034;862,3775239253989;0,05871940754240922
53,333333333333336;679,9999824393125;671,907804761947;465,3200836235678;0,5650490075788875;0,3918718759365971;203,76172216037958;625,0974680934212;862,5518411889014;0,05829168363435811
53,416666666666664;679,9999829014088;671,9656719300117;465,72805557323636;0,5650490075788875;0,3918718759365971;202,30444193413746;620,6838597328787;862,7251950577368;0,057867168064693955
53,5;679,9999833513453;672,0231177657853;466,1352475065382;0,5650490075788875;0,3918718759365971;200,8577742849269;616,3015853742132;862,8975891784569;0,057445835773622105
53,583333333333336;679,9999837894422;672,0801454276905;466,54166074540325;0,5650490075788875;0,3918718759365971;199,42163963900157;611,9504215230269;863,0690272062801;0,057027661905213745
53,666666666666664;679,999984216011;672,1367580494962;466,9472966109849;0,5650490075788875;0,3918718759365971;197,9959590437943;607,6301462672018;863,2395128047151;0,056612621805736
53,75;679,9999846313548;672,1929587405182;467,35215642365176;0,5650490075788875;0,3918718759365971;196,58065416286945;603,3405392663631;863,4090496451875;0,05620069102199464
53,833333333333336;679,9999850357692;672,2487505858179;467,7562415029797;0,5650490075788875;0,3918718759365971;195,17564727091496;599,0813817413948;863,5776414066725;0,05579184529968875
53,916666666666664;679,9999854295418;672,3041366463997;468,159553167744;0,5650490075788875;0,3918718759365971;193,7808612487828;594,8524564640533;863,745291775331;0,055386060581781325
54,0;679,9999858129523;672,3591199594066;468,562092735911;0,5650490075788875;0,3918718759365971;192,39621957855206;590,6535477465274;863,9120044441497;0,05498331300687319
54,083333333333336;679,999986186274;672,4137035383142;468,9638615246306;0,5650490075788875;0,3918718759365971;191,02164633864334;586,4844414311473;864,077783112587;0,05458357890759638
54,166666666666664;679,9999865497718;672,4678903731232;469,36486085022807;0,5650490075788875;0,3918718759365971;189,6570661989955;582,3449248801586;864,2426314862206;0,054186834809022054
54,25;679,9999869037044;672,5216834305502;469,76509202819614;0,5650490075788875;0,3918718759365971;188,30240441621697;578,2347869653679;864,4065532764027;0,05379305742706286
54,333333333333336;679,9999872483237;672,5750856542171;470,1645563731871;0,5650490075788875;0,3918718759365971;186,9575868288564;574,1538180581058;864,5695521999162;0,05340222366691157
54,416666666666664;679,9999875838745;672,6280999648386;470,563255199005;0,5650490075788875;0,3918718759365971;185,62253985266466;570,1018100190587;864,7316319786373;0,05301431062147495
54,5;679,9999879105956;672,6807292604084;470,9611898185979;0,5650490075788875;0,3918718759365971;184,29719047589685;566,0785561881881;864,8927963392016;0,052629295569822133
54,583333333333336;679,9999882287192;672,7329764163841;471,3583615440497;0,5650490075788875;0,3918718759365971;182,9814662546795;562,083851374757;865,0530490126732;0,05224715597565034
54,666666666666664;679,9999885384716;672,7848442858698;471,7547716865728;0,5650490075788875;0,3918718759365971;181,67529530837783;558,1174918473143;865,2123937342212;0,05186786948575267
54,75;679,9999888400731;672,8363356997983;472,1504215564998;0,5650490075788875;0,3918718759365971;180,37860631504543;554,179275323853;865,3708342427963;0,05149141392850943
54,833333333333336;679,9999891337382;672,8874534671106;472,54531246327633;0,5650490075788875;0,3918718759365971;179,09132850687115;550,2690009619121;865,5283742808144;0,05111776731238016
54,916666666666664;679,9999894196757;672,938200374935;472,93944571545296;0,5650490075788875;0,3918718759365971;177,8133916656884;546,3864693487873;865,6850175938439;0,050746907824413025
55,0;679,999989698089;672,9885791887638;473,3328226206776;0,5650490075788875;0,3918718759365971;176,54472611851588;542,5314824917914;865,8407679302956;0,05037881382876492
55,083333333333336;679,9999899691761;673,038592652629;473,7254444856878;0,5650490075788875;0,3918718759365971;175,28526273313219;538,703843808555;865,9956290411177;0,05001346386523183
55,166666666666664;679,9999902331298;673,0882434892767;474,11731261630314;0,5650490075788875;0,3918718759365971;174,03493291367909;534,9033581173671;866,1496046794956;0,04965083664778904
55,25;679,9999904901376;673,1375344003399;474,5084283174177;0,5650490075788875;0,3918718759365971;172,79366859632717;531,1298316276117;866,3026986005547;0,049290911063147494
55,333333333333336;679,9999907403825;673,1864680665092;474,8987928929924;0,5650490075788875;0,3918718759365971;171,56140224494436;527,3830719302132;866,4549145610667;0,04893366616931582
55,416666666666664;679,9999909840424;673,2350471477033;475,28840764604735;0,5650490075788875;0,3918718759365971;170,3380668468327;523,662887988185;866,6062563191613;0,0485790811941794
55,5;679,9999912212905;673,2832742832373;475,6772738786546;0,5650490075788875;0,3918718759365971;169,12359590847643;519,969090127171;866,7567276340405;0,04822713553408459
55,583333333333336;679,9999914522957;673,3311520919898;476,06539289193034;0,5650490075788875;0,3918718759365971;167,9179234513299;516,3014900260727;866,9063322656987;0,04787780875243654
55,666666666666664;679,9999916772222;673,3786831725681;476,4527659860277;0,5650490075788875;0,3918718759365971;166,7209840076481;512,6599007077314;867,0550739746441;0,04753108057830867
55,75;679,9999918962299;673,4258701034731;476,83939446012914;0,5650490075788875;0,3918718759365971;165,53271261635132;509,0441365296727;867,2029565216261;0,04718693090506378
55,833333333333336;679,9999921094744;673,4727154432621;477,2252796124391;0,5650490075788875;0,3918718759365971;164,3530448189182;505,45401317488125;867,3499836673651;0,04684533978898396
55,916666666666664;679,9999923171077;673,51922173071;477,6104227401767;0,5650490075788875;0,3918718759365971;163,1819166553072;501,8893476426146;867,4961591722883;0,04650628744790976
56,0;679,9999925192773;673,56539148497;477,99482513956826;0,5650490075788875;0,3918718759365971;162,01926465994347;498,3499582393549;867,641486796266;0,046169754259898575
56,083333333333336;679,9999927161269;673,6112272057318;478,3784881058402;0,5650490075788875;0,3918718759365971;160,865025857683;494,83566456966753;867,7859702983552;0,04583572076187925
56,166666666666664;679,9999929077966;673,6567313733801;478,7614129332115;0,5650490075788875;0,3918718759365971;159,719137759879;491,34628752729714;867,9296134365434;0,045504167648335356
56,25;679,9999930944225;673,7019064491501;479,1436009148868;0,5650490075788875;0,3918718759365971;158,5815383604114;487,88164928611434;868,0724199675001;0,045175075769979665
56,333333333333336;679,9999932761377;673,7467548752826;479,52505334304885;0,5650490075788875;0,3918718759365971;157,45216613181015;484,44157329130206;868,2143936463283;0,04484842613245675
56,416666666666664;679,999993453071;673,7912790751776;479,9057715088516;0,5650490075788875;0,3918718759365971;156,33096002137847;481,02588425049083;868,3555382263221;0,04452419989504632
56,5;679,9999936253486;673,835481453547;480,2857567024129;0,5650490075788875;0,3918718759365971;155,21785944733608;477,6344081249099;868,4958574587267;0,04420237836937367
56,583333333333336;679,9999937930927;673,8793643965652;480,6650102128075;0,5650490075788875;0,3918718759365971;154,11280429503904;474,2669721207386;868,635355092503;0,04388294301814368
56,666666666666664;679,9999939564229;673,922930272019;481,0435333280598;0,5650490075788875;0,3918718759365971;153,01573491318834;470,9234046803562;868,7740348740945;0,043565875453871576
56,75;679,999994115455;673,9661814294567;481,42132733513716;0,5650490075788875;0,3918718759365971;151,9265921100981;467,603535473756;868,9119005471988;0,043251157437633504
56,833333333333336;679,9999942703025;674,0091202003346;481,7983935199426;0,5650490075788875;0,3918718759365971;150,8453171499582;464,30719538987745;869,048955852543;0,0429387708778153
56,916666666666664;679,9999944210751;674,0517488981635;482,1747331673078;0,5650490075788875;0,3918718759365971;149,77185174919896;461,03421652821476;869,1852045276611;0,04262869782889204
57,0;679,9999945678804;674,0940698186537;482,5503475609865;0,5650490075788875;0,3918718759365971;148,70613807279085;457,78443219020363;869,3206503066759;0,0423209204901918
57,083333333333336;679,9999947108225;674,1360852398584;482,92523798364726;0,5650490075788875;0,3918718759365971;147,6481187306689;454,5576768709064;869,4552969200844;0,04201542120469313
57,166666666666664;679,9999948500033;674,1777974223162;483,29940571686683;0,5650490075788875;0,3918718759365971;146,59773677410328;451,3537862505441;869,5891480945471;0,04171218245781213
57,25;679,9999949855215;674,2192086091924;483,67285204112324;0,5650490075788875;0,3918718759365971;145,55493569217788;448,172597186261;869,7222075526786;0,041411186876217684
57,333333333333336;679,9999951174739;674,260321026419;484,045578235789;0,5650490075788875;0,3918718759365971;144,51965940822902;445,0139477037907;869,8544790128444;0,04111241722664093
57,416666666666664;679,9999952459539;674,3011368828337;484,41758557912436;0,5650490075788875;0,3918718759365971;143,49185227637236;441,87767698929446;869,9859661889591;0,040815856414706995
57,5;679,999995371053;674,3416583703174;484,7888753482707;0,5650490075788875;0,3918718759365971;142,47145907800416;438,7636253811262;870,1166727902884;0,04052148748376392
57,583333333333336;679,9999954928603;674,3818876639311;485,1594488192438;0,5650490075788875;0,3918718759365971;141,4584250183907;435,6716343618049;870,2466025212544;0,040229293613736096
57,666666666666664;679,9999956114623;674,4218269220511;485,529307266927;0,5650490075788875;0,3918718759365971;140,45269572322923;432,60154654987235;870,3757590812452;0,03993925811997175
57,75;679,9999957269434;674,4614782865032;485,89845196506496;0,5650490075788875;0,3918718759365971;139,45421723528;429,5532056919317;870,5041461644254;0,03965136445211184
57,833333333333336;679,9999958393856;674,5008438826961;486,26688418625696;0,5650490075788875;0,3918718759365971;138,46293601100683;426,5264566546691;870,6317674595523;0,03936559619296237
57,916666666666664;679,9999959488691;674,5399258197535;486,6346052019502;0,5650490075788875;0,3918718759365971;137,47879891723755;423,52114541692;870,7586266497939;0,039081937057374824
58,0;679,9999960554716;674,5787261906447;487,0016162824336;0,5650490075788875;0,3918718759365971;136,50175322788982;420,53711906186027;870,88472741255;0,03880037089114395
58,083333333333336;679,9999961592689;674,6172470723146;487,3679186968312;0,5650490075788875;0,3918718759365971;135,53174662067136;417,5742257691491;871,0100734192771;0,03852088166990396
58,166666666666664;679,9999962603348;674,6554905258126;487,7335137130959;0,5650490075788875;0,3918718759365971;134,56872717385693;414,6323148072;871,1346683353157;0,0382434534980429
58,25;679,9999963587413;674,6934585964202;488,0984025980027;0,5650490075788875;0,3918718759365971;133,61264336305396;411,711236525438;871,2585158197218;0,0379680706076188
58,333333333333336;679,9999964545584;674,7311533137776;488,46258661714285;0,5650490075788875;0,3918718759365971;132,66344405802784;408,8108423466888;871,3816195250997;0,03769471735729303
58,416666666666664;679,999996547854;674,7685766920088;488,82606703491746;0,5650490075788875;0,3918718759365971;131,72107851952148;405,93098475950717;871,5039830974404;0,03742337823126254
58,5;679,9999966386946;674,805730729847;489,18884511453103;0,5650490075788875;0,3918718759365971;130,78549639613186;403,07151731065903;871,6256101759582;0,0371540378382105
58,583333333333336;679,9999967271449;674,8426174107573;489,5509221179854;0,5650490075788875;0,3918718759365971;129,85664772118923;400,2322945975896;871,7465043929375;0,03688668091025954
58,666666666666664;679,9999968132676;674,8792387030592;489,91229930607363;0,5650490075788875;0,3918718759365971;128,93448290969047;397,41317226100375;871,8666693735747;0,03662129230194033
58,75;679,999996897124;674,9155965600484;490,27297793837374;0,5650490075788875;0,3918718759365971;128,01895275520963;394,6140069773648;871,9861087358297;0,03635785698915619
58,833333333333336;679,9999969787739;674,9516929201166;490,6329592732427;0,5650490075788875;0,3918718759365971;127,11000842689089;391,8346564516141;872,1048260902753;0,036096360068172476
58,916666666666664;679,9999970582752;674,9875297068712;490,9922445678105;0,5650490075788875;0,3918718759365971;126,20760146643306;389,0749794098175;872,2228250399525;0,03583678675460358
59,0;679,9999971356845;675,0231088292536;491,3508350779738;0,5650490075788875;0,3918718759365971;125,3116837850996;386,3348355918829;872,3401091802269;0,03557912238241009
59,083333333333336;679,9999972110568;675,0584321816565;491,70873205839035;0,5650490075788875;0,3918718759365971;124,42220766077128;383,61408574437576;872,4566820986489;0,035323352402909194
59,166666666666664;679,9999972844457;675,0935016440403;492,065936762473;0,5650490075788875;0,3918718759365971;123,53912573500736;380,912591613308;872,5725473748166;0,035069462383787005
59,25;679,9999973559035;675,1283190820484;492,4224504423834;0,5650490075788875;0,3918718759365971;122,66239101013525;378,23021593703334;872,687708580241;0,03481743800812375
59,333333333333336;679,999997425481;675,1628863471218;492,77827434902684;0,5650490075788875;0,3918718759365971;121,79195684637705;375,56682243918067;872,8021692782127;0,03456726507342733
59,416666666666664;679,9999974932275;675,1972052766125;493,1334097320458;0,5650490075788875;0,3918718759365971;120,92777695897894;372,9222758215963;872,915933023675;0,034318929490670995
59,5;679,9999975591913;675,2312776938959;493,4878578398146;0,5650490075788875;0,3918718759365971;120,06980541537473;370,29644175735956;873,0290033630957;0,034072417283341636
59,583333333333336;679,9999976234194;675,2651054084824;493,8416199194336;0,5650490075788875;0,3918718759365971;119,2179966323863;367,6891868838807;873,1413838343431;0,033827714586499684
59,666666666666664;679,9999976859573;675,2986902161283;494,1946972167234;0,5650490075788875;0,3918718759365971;118,37230537342407;365,1003787959772;873,2530779665647;0,03358480764584047
59,75;679,9999977468497;675,332033898945;494,54709097621935;0,5650490075788875;0,3918718759365971;117,53268674572439;362,52988603903964;873,3640892800685;0,0333436828167677
59,833333333333336;679,9999978061396;675,3651382255085;494,89880244116586;0,5650490075788875;0,3918718759365971;116,6990961976154;359,9775781022453;873,4744212862067;0,03310432656347513
59,916666666666664;679,9999978638693;675,3980049509665;495,24983285351084;0,5650490075788875;0,3918718759365971;115,87148951577717;357,44332541176766;873,5840774872622;0,032866725458030675
60,0;679,9999979200801;675,430635817146;495,60018345390023;0,5650490075788875;0,3918718759365971;115,04982282257004;354,9269993241077;873,6930613763361;0,03263086617947686
60,083333333333336;679,9999979748117;675,463032552659;495,94985548167256;0,5650490075788875;0,3918718759365971;114,23405257335162;352,4284721194378;873,80137643724;0,03239673551293413
60,166666666666664;679,9999980281029;675,4951968730077;496,29885017485344;0,5650490075788875;0,3918718759365971;113,42413555381654;349,9476169949352;873,9090261443887;0,03216432034870822
60,25;679,9999980799919;675,527130480689;496,64716877015024;0,5650490075788875;0,3918718759365971;112,62002887738163;347,48430805826604;874,016013962696;0,031933607681413866
60,333333333333336;679,9999981305155;675,5588350652981;496,99481250294673;0,5650490075788875;0,3918718759365971;111,82168998257112;345,03842032102847;874,1223433474743;0,03170458460909871
60,416666666666664;679,9999981797096;675,5903123036305;497,3417826072978;0,5650490075788875;0,3918718759365971;111,02907663043311;342,60982969227723;874,2280177443342;0,03147723833237785
60,5;679,9999982276091;675,6215638597841;497,68808031592397;0,5650490075788875;0,3918718759365971;110,24214690197596;340,1984129720847;874,3330405890872;0,03125155615357521
60,583333333333336;679,9999982742482;675,65259138526;498,0337068602066;0,5650490075788875;0,3918718759365971;109,4608591956245;337,80404784515605;874,4374153076517;0,031027525475872696
60,666666666666664;679,9999983196602;675,6833965190625;498,37866347018246;0,5650490075788875;0,3918718759365971;108,68517222470473;335,4266128744639;874,5411453159597;0,030805133802465783
60,75;679,999998363877;675,7139808877982;498,7229513745384;0,5650490075788875;0,3918718759365971;107,91504501494273;333,06598749496493;874,6442340198673;0,030584368735728163
60,833333333333336;679,9999984069303;675,7443461057746;499,06657180060665;0,5650490075788875;0,3918718759365971;107,15043690196921;330,7220520072893;874,7466848150667;0,030365217976377874
60,916666666666664;679,9999984488509;675,7744937750973;499,40952597435955;0,5650490075788875;0,3918718759365971;106,3913075288923;328,39468757158585;874,8485010869997;0,03014766932266161
61,0;679,9999984896682;675,8044254857668;499,75181512040456;0,5650490075788875;0,3918718759365971;105,63761684383906;326,0837762013129;874,9496862107743;0,02993171066953575
61,083333333333336;679,9999985294114;675,8341428157747;500,0934404619793;0,5650490075788875;0,3918718759365971;104,88932509753397;323,78920075706714;875,0502435510834;0,02971733000785522
61,166666666666664;679,9999985681088;675,8636473311983;500,43440322094665;0,5650490075788875;0,3918718759365971;104,1463928409172;321,5108449405575;875,1501764621254;0,02950451542357785
61,25;679,9999986057879;675,8929405862953;500,77470461778984;0,5650490075788875;0,3918718759365971;103,40878092276284;319,2485932885219;875,249488287526;0,029293255096967254
61,333333333333336;679,9999986424756;675,9220241235971;501,1143458716076;0,5650490075788875;0,3918718759365971;102,67645048731708;317,0023311667286;875,3481823602638;0,029083537301805677
61,416666666666664;679,9999986781978;675,9508994740017;501,4533282001094;0,5650490075788875;0,3918718759365971;101,94936297196193;314,7719447639831;875,4462620025975;0,02887535040461133
61,5;679,9999987129801;675,9795681568656;501,79165281961065;0,5650490075788875;0,3918718759365971;101,2274801049017;312,55732108624176;875,5437305259925;0,028668682863867423
61,583333333333336;679,999998746847;676,0080316800949;502,129320945028;0,5650490075788875;0,3918718759365971;100,51076390286084;310,35834795070645;875,6405912310544;0,02846352322925299
61,666666666666664;679,9999987798228;676,0362915402358;502,4663337898747;0,5650490075788875;0,3918718759365971;99,79917666880453;308,17491397999555;875,7368474074594;0,028259860140883098
61,75;679,9999988119308;676,0643492225644;502,80269256625587;0,5650490075788875;0,3918718759365971;99,0926809896763;306,0069085963098;875,8325023338907;0,028057682328552328
61,833333333333336;679,999998843194;676,0922062011754;503,13839848486407;0,5650490075788875;0,3918718759365971;98,39123973416122;303,8542220157101;875,9275592779738;0,027856978610990166
61,916666666666664;679,9999988736345;676,1198639390705;503,47345275497463;0,5650490075788875;0,3918718759365971;97,69481605046622;301,7167452423955;876,0220214962151;0,027657737895119966
62,0;679,999998903274;676,1473238882458;503,80785658444114;0,5650490075788875;0,3918718759365971;97,0033733641003;299,5943700629812;876,115892233943;0,027459949175320245
62,083333333333336;679,9999989321335;676,1745874897784;504,14161117969104;0,5650490075788875;0,3918718759365971;96,31687537570599;297,4869890409024;876,2091747252492;0,027263601532700635
62,166666666666664;679,9999989602336;676,2016561739129;504,47471774572114;0,5650490075788875;0,3918718759365971;95,63528605887655;295,39449551077973;876,3018721929334;0,02706868413437639
62,25;679,9999989875943;676,2285313601456;504,8071774860934;0,5650490075788875;0,3918718759365971;94,95856965801863;293,31678357287814;876,3939878484482;0,026875186232754884
62,333333333333336;679,999999014235;676,2552144573103;505,13899160293033;0,5650490075788875;0,3918718759365971;94,28669068621787;291,2537480875927;876,4855248918466;0,026683097164826374
62,416666666666664;679,9999990401747;676,2817068636618;505,47016129691093;0,5650490075788875;0,3918718759365971;93,61961392311571;289,2052846699292;876,5764865117324;0,026492406351457398
62,5;679,9999990654318;676,3080099669585;505,80068776726625;0,5650490075788875;0,3918718759365971;92,95730441282046;287,1712896840834;876,6668758852106;0,02630310329669559
62,583333333333336;679,9999990900242;676,3341251445455;506,13057221177536;0,5650490075788875;0,3918718759365971;92,2997274618325;285,15166023804437;876,7566961778389;0,02611517758707939
62,666666666666664;679,9999991139695;676,3600537634364;506,45981582676103;0,5650490075788875;0,3918718759365971;91,64684863696664;283,14629417818514;876,8459505435841;0,025928618890948663
62,75;679,9999991372848;676,3857971803942;506,7884198070857;0,5650490075788875;0,3918718759365971;90,99863376332564;281,15509008398095;876,9346421247765;0,02574341695777
62,833333333333336;679,9999991599865;676,4113567420117;507,1163853461473;0,5650490075788875;0,3918718759365971;90,35504892226527;279,1779472626952;877,0227740520686;0,0255595616174612
62,916666666666664;679,9999991820908;676,4367337847914;507,4437136358752;0,5650490075788875;0,3918718759365971;89,71606044937062;277,21476574408484;877,1103494443934;0,02537704277972
63,0;679,9999992036135;676,4619296352248;507,77040586672643;0,5650490075788875;0,3918718759365971;89,08163493248651;275,26544627526374;877,1973714089261;0,02519585043336948
63,083333333333336;679,9999992245698;676,4869456098705;508,09646322768134;0,5650490075788875;0,3918718759365971;88,4517392097166;273,32989031543536;877,2838430410459;0,025015974645694425
63,166666666666664;679,9999992449747;676,5117830154323;508,42188690623993;0,5650490075788875;0,3918718759365971;87,8263403674822;271,4080000308305;877,3697674243003;0,02483740556179784
63,25;679,9999992648426;676,5364431488363;508,746678088418;0,5650490075788875;0,3918718759365971;87,20540573855828;269,4996782895301;877,4551476303703;0,024660133403950114
63,333333333333336;679,9999992841877;676,5609272973072;509,07083795874314;0,5650490075788875;0,3918718759365971;86,5889029001579;267,6048286564219;877,5399867190378;0,024484148470952576
63,416666666666664;679,9999993030237;676,5852367384447;509,39436770025105;0,5650490075788875;0,3918718759365971;85,97679967201088;265,7233553881687;877,6242877381537;0,024309441137503596
63,5;679,9999993213642;676,6093727402982;509,7172684944817;0,5650490075788875;0,3918718759365971;85,3690641144766;263,85516342821165;877,7080537236077;0,024136001853571214
63,583333333333336;679,9999993392219;676,633336561442;510,03954152147566;0,5650490075788875;0,3918718759365971;84,76566452664827;262,0001584017764;877,7912876993003;0,023963821143767387
63,666666666666664;679,9999993566098;676,6571294510487;510,36118795977046;0,5650490075788875;0,3918718759365971;84,16656944449699;260,1582466109751;877,8739926771146;0,023792889606733498
63,75;679,9999993735402;676,6807526489632;510,68220898639686;0,5650490075788875;0,3918718759365971;83,5717476390272;258,3293350299196;877,9561716568917;0,02362319791452921
63,833333333333336;679,999999390025;676,7042073857752;511,0026057768753;0,5650490075788875;0,3918718759365971;82,98116811442355;256,5133312998287;878,0378276264046;0,023454736812022252
63,916666666666664;679,999999406076;676,7274948828915;511,3223795052125;0,5650490075788875;0,3918718759365971;82,39480010624334;254,71014372421786;878,1189635613368;0,02328749711628878
64,0;679,9999994217047;676,7506163526075;511,6415313438975;0,5650490075788875;0,3918718759365971;81,81261307961165;252,91968126413013;878,1995824252596;0,023121469716018646
64,08333333333333;679,999999436922;676,7735729981785;511,96006246389874;0,5650490075788875;0,3918718759365971;81,23457672743086;251,14185353336651;878,2796871696115;0,022956645570923376
64,16666666666667;679,9999994517391;676,7963660138896;512,2779740346602;0,5650490075788875;0,3918718759365971;80,66066096859004;249,3765707937306;878,3592807336802;0,022793015711146825
64,25;679,9999994661662;676,8189965851263;512,5952672240984;0,5650490075788875;0,3918718759365971;80,0908359462369;247,62374395042607;878,4383660445831;0,022630571236692577
64,33333333333333;679,9999994802135;676,8414658884432;512,9119431985985;0,5650490075788875;0,3918718759365971;79,52507202599577;245,88328454730689;878,5169460172517;0,022469303316839044
64,41666666666667;679,9999994938913;676,8637750916328;513,2280031230114;0,5650490075788875;0,3918718759365971;78,96333979425947;244,1551047623267;878,5950235544163;0,022309203189575178
64,5;679,9999995072093;676,8859253537938;513,5434481606504;0,5650490075788875;0,3918718759365971;78,40561005646407;242,43911740292026;878,6726015465917;0,022150262161031938
64,58333333333333;679,9999995201766;676,9079178253987;513,8582794732881;0,5650490075788875;0,3918718759365971;77,85185383538646;240,73523590146144;878,7496828720639;0,021992471604922386
64,66666666666667;679,9999995328028;676,9297536483607;514,1724982211528;0,5650490075788875;0,3918718759365971;77,30204236944758;239,04337431071835;878,8262703968783;0,021835822961983498
64,75;679,9999995450968;676,9514339561001;514,4861055629256;0,5650490075788875;0,3918718759365971;76,75614711105254;237,36344729940438;878,9023669748303;0,021680307739428806
64,83333333333333;679,9999995570672;676,9729598736105;514,7991026557372;0,5650490075788875;0,3918718759365971;76,21413972491666;235,69537014769637;878,9779754474542;0,021525917510399468
64,91666666666667;679,9999995687226;676,994332517524;515,1114906551652;0,5650490075788875;0,3918718759365971;75,67599208641695;234,03905874279943;879,0530986440164;0,021372643913421724
65,0;679,9999995800714;677,0155529961759;515,4232707152304;0,5650490075788875;0,3918718759365971;75,14167627996642;232,3944295745799;879,1277393815064;0,021220478651872456
65,08333333333333;679,9999995911215;677,0366224096693;515,7344439883943;0,5650490075788875;0,3918718759365971;74,61116459738832;230,76139973120155;879,201900464633;0,021069413493446248
65,16666666666667;679,9999996018809;677,057541849939;516,045011625556;0,5650490075788875;0,3918718759365971;74,0844295363047;229,13988689477756;879,275584685817;0,02091944026962623
65,25;679,999999612357;677,0783124008141;516,3549747760491;0,5650490075788875;0,3918718759365971;73,56144379854754;227,5298093370889;879,3487948251883;0,020770550875162507
65,33333333333333;679,9999996225577;677,0989351380816;516,6643345876391;0,5650490075788875;0,3918718759365971;73,04218028857292;225,93108591530753;879,4215336505836;0,020622737267552628
65,41666666666667;679,9999996324897;677,1194111295482;516,9730922065206;0,5650490075788875;0,3918718759365971;72,52661211190059;224,34363606777777;879,4938039175436;0,020475991466529286
65,5;679,9999996421604;677,1397414351018;517,2812487773141;0,5650490075788875;0,3918718759365971;72,0147125735366;222,76737980975858;879,565608369312;0,020330305553545647
65,58333333333333;679,9999996515768;677,159927106773;517,5888054430634;0,5650490075788875;0,3918718759365971;71,50645517646694;221,20223772934997;879,636949736836;0,020185671671279697
65,66666666666667;679,9999996607452;677,1799691887961;517,8957633452331;0,5650490075788875;0,3918718759365971;71,00181362009437;219,64813098324106;879,707830738767;0,0200420820231238
65,75;679,9999996696724;677,1998687176688;518,2021236237058;0,5650490075788875;0,3918718759365971;70,50076179872633;218,10498129263613;879,7782540814638;0,019899528872691422
65,83333333333333;679,9999996783648;677,2196267222121;518,5078874167791;0,5650490075788875;0,3918718759365971;70,00327380009139;216,57271093920818;879,8482224589939;0,019758004543329207
65,91666666666667;679,9999996868283;677,2392442236297;518,8130558611635;0,5650490075788875;0,3918718759365971;69,50932390381865;215,05124276097584;879,9177385531384;0,01961750141762247
66,0;679,9999996950693;677,2587222355667;519,1176300919797;0,5650490075788875;0,3918718759365971;69,01888657996551;213,54050014830324;879,9868050333971;0,01947801193691396
66,08333333333333;679,9999997030933;677,2780617641675;519,4216112427556;0,5650490075788875;0,3918718759365971;68,5319364875653;212,04040703995486;880,0554245569928;0,019339528600829076
66,16666666666667;679,9999997109062;677,2972638081343;519,7250004454245;0,5650490075788875;0,3918718759365971;68,04844847314371;210,55088791902446;880,1235997688793;0,019202043966791576
66,25;679,9999997185134;677,3163293587838;520,0277988303219;0,5650490075788875;0,3918718759365971;67,56839756929764;209,0718678090993;880,1913333017482;0,019065550649561155
66,33333333333333;679,9999997259205;677,3352594001046;520,3300075261839;0,5650490075788875;0,3918718759365971;67,09175899324009;207,60327227026843;880,2586277760377;0,01893004132075915
66,41666666666667;679,9999997331328;677,354054908813;520,631627660144;0,5650490075788875;0,3918718759365971;66,61850814539605;206,145027395287;880,3254857999414;0,01879550870840992
66,5;679,9999997401552;677,3727168544095;520,9326603577313;0,5650490075788875;0,3918718759365971;66,14862060799283;204,69705980573502;880,3919099694177;0,018661945596482606
66,58333333333333;679,9999997469928;677,3912461992339;521,2331067428678;0,5650490075788875;0,3918718759365971;65,68207214364179;203,25929664811602;880,4579028682017;0,018529344824429462
66,66666666666667;679,9999997536505;677,4096438985207;521,5329679378666;0,5650490075788875;0,3918718759365971;65,21883869397129;201,8316655901391;880,5234670678159;0,018397699286741582
66,75;679,999999760133;677,4279109004532;521,8322450634291;0,5650490075788875;0,3918718759365971;64,75889637824537;200,414094816916;880,5886051275834;0,018267001932498972
66,83333333333333;679,999999766445;677,4460481462181;522,1309392386432;0,5650490075788875;0,3918718759365971;64,30222149199665;199,00651302721863;880,6533195946395;0,01813724576492708
66,91666666666667;679,9999997725907;677,464056570059;522,4290515809809;0,5650490075788875;0,3918718759365971;63,84879050567065;197,60884942974454;880,7176130039473;0,018008423840955676
67,0;679,9999997785749;677,4819370993298;522,7265832062961;0,5650490075788875;0,3918718759365971;63,3985800632928;196,2210337394729;880,7814878783113;0,017880529270786864
67,08333333333333;679,9999997844014;677,4996906545473;523,023535228823;0,5650490075788875;0,3918718759365971;62,951566981126916;194,8429961739658;880,8449467283925;0,01775355521745983
67,16666666666667;679,9999997900749;677,5173181494437;523,3199087611733;0,5650490075788875;0,3918718759365971;62,50772824635362;193,4746674497213;880,9079920527257;0,01762749489642166
67,25;679,9999997955988;677,5348204910188;523,6157049143349;0,5650490075788875;0,3918718759365971;62,06704101577998;192,11597877864176;880,9706263377341;0,017502341575109447
67,33333333333333;679,9999998009775;677,5521985795913;523,910924797669;0,5650490075788875;0,3918718759365971;61,62948261450083;190,76686186430769;881,032852057749;0,01737808857251674
67,41666666666667;679,9999998062146;677,56945330885;524,2055695189094;0,5650490075788875;0,3918718759365971;61,19503053465678;189,42724889860176;881,0946716750262;0,01725472925879186
67,5;679,999999811314;677,5865855659048;524,4996401841594;0,5650490075788875;0,3918718759365971;60,76366243411542;188,09707255800762;881,1560876397655;0,017132257054809714
67,58333333333333;679,999999816279;677,6035962313366;524,7931378978903;0,5650490075788875;0,3918718759365971;60,33535613522929;186,77626600022293;881,2171023901295;0,01701066543177151
67,66666666666667;679,9999998211135;677,6204861792475;525,08606376294;0,5650490075788875;0,3918718759365971;59,91008962355977;185,4647628606085;881,2777183522651;0,016889947910791937
67,75;679,9999998258207;677,6372562773099;525,3784188805104;0,5650490075788875;0,3918718759365971;59,48784104665208;184,16249724880433;881,3379379403216;0,016770098062502493
67,83333333333333;679,9999998304042;677,6539073868165;525,6702043501662;0,5650490075788875;0,3918718759365971;59,06858871277052;182,86940374522248;881,3977635564735;0,016651109506644484
67,91666666666667;679,999999834867;677,6704403627282;525,961421269833;0,5650490075788875;0,3918718759365971;58,6523110896934;181,58541739770413;881,4571975909427;0,01653297591167859
68,0;679,9999998392124;677,6868560537225;526,2520707357954;0,5650490075788875;0,3918718759365971;58,23898680347099;180,31047371807543;881,5162424220202;0,016415690994385862
68,08333333333333;679,9999998434433;677,703155302242;526,5421538426957;0,5650490075788875;0,3918718759365971;57,828594637246056;179,0445086788703;881,5749004160889;0,016299248519485582
68,16666666666667;679,999999847563;677,7193389445412;526,8316716835317;0,5650490075788875;0,3918718759365971;57,42111353003452;177,78745870994928;881,6331739276472;0,01618364229924415
68,25;679,9999998515743;677,7354078107343;527,1206253496555;0,5650490075788875;0,3918718759365971;57,01652257554599;176,53926069520855;881,6910652993341;0,016068866193093917
68,33333333333333;679,9999998554799;677,7513627248416;527,4090159307718;0,5650490075788875;0,3918718759365971;56,614801021001426;175,2998519692946;881,7485768619522;0,01595491410725325
68,41666666666667;679,999999859283;677,767204504836;527,6968445149365;0,5650490075788875;0,3918718759365971;56,21592826595929;174,06917031433255;881,8057109344936;0,01584177999434894
68,5;679,9999998629858;677,782933962689;527,9841121885548;0,5650490075788875;0,3918718759365971;55,81988386117587;172,84715395675573;881,8624698241658;0,015729457853048988
68,58333333333333;679,9999998665912;677,7985519044166;528,2708200363802;0,5650490075788875;0,3918718759365971;55,42664750742006;171,6337415639819;881,918855826417;0,015617941727682595
68,66666666666667;679,9999998701018;677,8140591301245;528,5569691415125;0,5650490075788875;0,3918718759365971;55,03619905436494;170,42887224133875;881,9748712249644;0,015507225707883468
68,75;679,9999998735199;677,8294564340528;528,8425605853969;0,5650490075788875;0,3918718759365971;54,64851849943102;169,2324855288278;882,0305182918195;0,015397303928219672
68,83333333333333;679,9999998768482;677,8447446046206;529,1275954478224;0,5650490075788875;0,3918718759365971;54,263585986677754;168,04452139801685;882,0857992873164;0,015288170567836469
68,91666666666667;679,9999998800888;677,8599244244707;529,4120748069205;0,5650490075788875;0,3918718759365971;53,88138180568944;166,8649202489217;882,1407164601399;0,01517981985009897
69,0;679,9999998832442;677,8749966705129;529,6959997391635;0,5650490075788875;0,3918718759365971;53,50188639045257;165,69362290687408;882,1952720473543;0,015072246042234092
69,08333333333333;679,9999998863166;677,889962113968;529,979371319364;0,5650490075788875;0,3918718759365971;53,12508031828145;164,53057061951267;882,2494682744315;0,014965443454985185
69,16666666666667;679,999999889308;677,9048215204102;530,2621906206728;0,5650490075788875;0,3918718759365971;52,750944308715475;163,37570505367313;882,3033073552814;0,014859406442258593
69,25;679,9999998922208;677,919575649811;530,5444587145782;0,5650490075788875;0,3918718759365971;52,37945922244478;162,22896829239264;882,3567914922808;0,014754129400780937
69,33333333333333;679,9999998950569;677,9342252565808;530,8261766709047;0,5650490075788875;0,3918718759365971;52,01060606024441;161,09030283190404;882,4099228763038;0,014649606769757037
69,41666666666667;679,9999998978184;677,9487710896113;531,1073455578118;0,5650490075788875;0,3918718759365971;51,64436596190285;159,95965157863773;882,462703686753;0,014545833030528827
69,5;679,9999999005073;677,9632138923175;531,3879664417926;0,5650490075788875;0,3918718759365971;51,28072020517607;158,83695784626488;882,5151360915896;0,014442802706239719
69,58333333333333;679,9999999031253;677,9775544026791;531,6680403876735;0,5650490075788875;0,3918718759365971;50,91965020474447;157,72216535277894;882,5672222473652;0,01434051036150252
69,66666666666667;679,9999999056746;677,9917933532811;531,9475684586121;0,5650490075788875;0,3918718759365971;50,56113751115561;156,61521821751404;882,6189642992543;0,014238950602062874
69,75;679,9999999081566;678,0059314713556;532,2265517160968;0,5650490075788875;0,3918718759365971;50,20516380983793;155,51606095835527;882,6703643810845;0,014138118074481591
69,83333333333333;679,9999999105734;678,0199694788214;532,5049912199457;0,5650490075788875;0,3918718759365971;49,85171092002645;154,4246384887215;882,7214246153707;0,014038007465795978
69,91666666666667;679,9999999129266;678,0339080923246;532,7828880283056;0,5650490075788875;0,3918718759365971;49,50076079379926;153,34089611484683;882,7721471133475;0,013938613503210117
70,0;679,9999999152178;678,0477480232784;533,060243197651;0,5650490075788875;0,3918718759365971;49,15229551504865;152,26477953287286;882,8225339750014;0,013839930953768448
70,08333333333333;679,9999999174488;678,0614899779024;533,3370577827831;0,5650490075788875;0,3918718759365971;48,806297298486356;151,1962348260398;882,8725872891052;0,01374195462403914
70,16666666666667;679,9999999196211;678,0751346572622;533,613332836829;0,5650490075788875;0,3918718759365971;48,46274848866017;150,13520846189934;882,9223091332524;0,013644679359800531
70,25;679,9999999217363;678,0886827573079;533,8890694112412;0,5650490075788875;0,3918718759365971;48,12163155897338;149,0816472895549;882,9717015738892;0,013548100045730378
70,33333333333333;679,9999999237957;678,102134968913;534,164268555796;0,5650490075788875;0,3918718759365971;47,782929110709915;148,03549853689364;883,0207666663507;0,013452211605095613
70,41666666666667;679,9999999258009;678,1154919779125;534,4389313185934;0,5650490075788875;0,3918718759365971;47,44662387206802;146,99670980784603;883,0695064548954;0,013357008999445287
70,5;679,9999999277535;678,1287544651408;534,7130587460559;0,5650490075788875;0,3918718759365971;47,11269869721093;145,96522907970544;883,1179229727395;0,013262487228309555
70,58333333333333;679,9999999296546;678,1419231064697;534,9866518829282;0,5650490075788875;0,3918718759365971;46,78113656531764;144,94100470043404;883,1660182420919;0,01316864132889835
70,66666666666667;679,9999999315056;678,1549985728454;535,2597117722758;0,5650490075788875;0,3918718759365971;46,4519205796222;143,92398538592784;883,213794274191;0,013075466375797177
70,75;679,999999933308;678,1679815303261;535,5322394554848;0,5650490075788875;0,3918718759365971;46,12503396650425;142,9141202174376;883,2612530693393;0,012982957480677819
70,83333333333333;679,999999935063;678,1808726401181;535,8042359722616;0,5650490075788875;0,3918718759365971;45,800460074548255;141,91135863891319;883,3083966169403;0,012891109792002241
70,91666666666667;679,9999999367717;678,1936725586128;536,0757023606315;0,5650490075788875;0,3918718759365971;45,478182373622644;140,91565045435868;883,3552268955343;0,012799918494729336
71,0;679,9999999384355;678,2063819374227;536,3466396569382;0,5650490075788875;0,3918718759365971;45,15818445397315;139,92694582526727;883,4017458728346;0,012709378810028713
71,08333333333333;679,9999999400555;678,2190014234177;536,6170488958442;0,5650490075788875;0,3918718759365971;44,840450025319;138,9451952680584;883,4479555057649;0,012619485994995489
71,16666666666667;679,999999941633;678,2315316587601;536,8869311103288;0,5650490075788875;0,3918718759365971;44,524962915946276;137,9703496514688;883,4938577404962;0,012530235342362351
71,25;679,9999999431689;678,2439732809403;537,1562873316885;0,5650490075788875;0,3918718759365971;44,21170707182114;137,00236019405554;883,5394545124841;0,012441622180221306
71,33333333333333;679,9999999446643;678,256326922812;537,4251185895367;0,5650490075788875;0,3918718759365971;43,90066655571445;136,0411784616772;883,5847477465046;0,01235364187174534
71,41666666666667;679,9999999461204;678,2685932126269;537,6934259118026;0,5650490075788875;0,3918718759365971;43,591825546306495;135,08675636495315;883,6297393566948;0,012266289814907736
71,5;679,9999999475382;678,2807727740691;537,9612103247308;0,5650490075788875;0,3918718759365971;43,285168337337154;134,13904615682696;883,6744312465876;0,012179561442212385
71,58333333333333;679,9999999489187;678,2928662262894;538,2284728528816;0,5650490075788875;0,3918718759365971;42,98067933672769;133,19800043007768;883,7188253091518;0,01209345222041905
71,66666666666667;679,9999999502629;678,3048741839398;538,4952145191298;0,5650490075788875;0,3918718759365971;42,67834306573093;132,26357211486123;883,7629234268295;0,012007957650273298
71,75;679,9999999515717;678,316797257206;538,761436344665;0,5650490075788875;0,3918718759365971;42,37814415807861;131,33571447629566;883,8067274715748;0,01192307326623978
71,83333333333333;679,999999952846;678,3286360518422;539,0271393489905;0,5650490075788875;0,3918718759365971;42,08006735914296;130,41438111205196;883,8502393048909;0,011838794636237509
71,91666666666667;679,9999999540869;678,3403911692036;539,292324549924;0,5650490075788875;0,3918718759365971;41,784097525095376;129,49952594994733;883,8934607778712;0,011755117361375559
72,0;679,999999955295;678,3520632062792;539,5569929635966;0,5650490075788875;0,3918718759365971;41,490219622082236;128,59110324559074;883,9363937312365;0,011672037075694188
72,08333333333333;679,9999999564714;678,3636527557252;539,8211456044527;0,5650490075788875;0,3918718759365971;41,19841872539496;127,68906757999567;883,979039995374;0,011589549445903818
72,16666666666667;679,9999999576168;678,3751604058963;540,0847834852498;0,5650490075788875;0,3918718759365971;40,90868001865431;126,79337385723899;884,021401390378;0,011507650171128684
72,25;679,9999999587321;678,3865867408789;540,3479076170585;0,5650490075788875;0,3918718759365971;40,62098879301175;125,90397730218062;884,0634797260866;0,011426334982656397
72,33333333333333;679,9999999598181;678,3979323405226;540,610519009262;0,5650490075788875;0,3918718759365971;40,335330446330886;125,02083345810064;884,1052768021237;0,011345599643680962
72,41666666666667;679,9999999608754;678,4091977804717;540,8726186695562;0,5650490075788875;0,3918718759365971;40,05169048238599;124,14389818441319;884,1467944079377;0,011265439949052792
72,5;679,9999999619049;678,4203836321967;541,1342076039497;0,5650490075788875;0,3918718759365971;39,77005451009177;123,2731276544298;884,1880343228397;0,011185851725034762
72,58333333333333;679,9999999629074;678,4314904630257;541,395286816763;0,5650490075788875;0,3918718759365971;39,49040824270469;122,4084783530923;884,2289983160458;0,01110683082905471
72,66666666666667;679,9999999638835;678,4425188361752;541,6558573106296;0,5650490075788875;0,3918718759365971;39,21273749704142;121,54990707469784;884,2696881467152;0,011028373149459099
72,75;679,9999999648338;678,4534693107804;541,9159200864947;0,5650490075788875;0,3918718759365971;38,93702819270857;120,69737092069482;884,3101055639909;0,010950474605272806
72,83333333333333;679,9999999657591;678,4643424419264;542,1754761436162;0,5650490075788875;0,3918718759365971;38,663266351335324;119,85082729747077;884,35025230704;0,01087313114595902
72,91666666666667;679,9999999666602;678,4751387806776;542,4345264795639;0,5650490075788875;0,3918718759365971;38,39143809581742;119,01023391417036;884,3901301050938;0,010796338751182515
73,0;679,9999999675375;678,4858588741082;542,6930720902203;0,5650490075788875;0,3918718759365971;38,12152964956397;118,17554878053514;884,4297406774872;0,010720093430575046
73,08333333333333;679,9999999683918;678,4965032653317;542,9511139697801;0,5650490075788875;0,3918718759365971;37,853527335732906;117,34673020468325;884,4690857337005;0,010644391223496322
73,16666666666667;679,9999999692235;678,5070724935306;543,2086531107502;0,5650490075788875;0,3918718759365971;37,58741757650057;116,5237367910095;884,508166973399;0,010569228198806055
73,25;679,9999999700334;678,5175670939852;543,4656905039506;0,5650490075788875;0,3918718759365971;37,323186892322724;115,70652743805255;884,5469860864744;0,010494600454633594
73,33333333333333;679,9999999708219;678,5279875981034;543,7222271385133;0,5650490075788875;0,3918718759365971;37,06082190120412;114,89506133638135;884,5855447530839;0,010420504118149966
73,41666666666667;679,9999999715897;678,5383345334487;543,9782640018835;0,5650490075788875;0,3918718759365971;36,80030931796239;114,08929796647334;884,6238446436927;0,010346935345339347
73,5;679,9999999723374;678,5486084237696;544,2338020798195;0,5650490075788875;0,3918718759365971;36,541635953523155;113,28919709666103;884,6618874191131;0,010273890320777858
73,58333333333333;679,9999999730652;678,558809789027;544,4888423563924;0,5650490075788875;0,3918718759365971;36,284788714195315;112,49471878105675;884,6996747305474;0,010201365257409892
73,66666666666667;679,999999973774;678,5689391454233;544,7433858139868;0,5650490075788875;0,3918718759365971;36,02975460095479;111,7058233574692;884,7372082196262;0,01012935639632493
73,75;679,9999999744641;678,5789970054299;544,9974334333011;0,5650490075788875;0,3918718759365971;35,77652070876809;110,92247144543488;884,7744895184508;0,010057860006545363
73,83333333333333;679,999999975136;678,5889838778147;545,2509861933474;0,5650490075788875;0,3918718759365971;35,5250742258562;110,14462394410455;884,8115202496349;0,009986872384800685
73,91666666666667;679,9999999757903;678,59890026767;545,5040450714522;0,5650490075788875;0,3918718759365971;35,275402433032355;109,37224203030758;884,8483020263441;0,009916389855319407
74,0;679,9999999764274;678,6087466764396;545,7566110432562;0,5650490075788875;0,3918718759365971;35,02749270300569;108,60528715653957;884,8848364523369;0,00984640876961374
74,08333333333333;679,9999999770478;678,6185236019459;546,0086850827149;0,5650490075788875;0,3918718759365971;34,78133249969346;107,84372104896661;884,9211251220074;0,009776925506266397
74,16666666666667;679,9999999776517;678,6282315384166;546,2602681620992;0,5650490075788875;0,3918718759365971;34,53690937754743;107,08750570547583;884,957169620425;0,009707936470721991
74,25;679,9999999782398;678,6378709765116;546,5113612519955;0,5650490075788875;0,3918718759365971;34,29421098087744;106,33660339369054;884,9929715233758;0,009639438095076147
74,33333333333333;679,9999999788124;678,6474424033495;546,7619653213059;0,5650490075788875;0,3918718759365971;34,05322504320338;105,59097664910573;885,028532397404;0,00957142683787522
74,41666666666667;679,9999999793698;678,6569463025334;547,012081337249;0,5650490075788875;0,3918718759365971;33,81393938657311;104,85058827311138;885,063853799853;0,009503899183906374
74,5;679,9999999799128;678,6663831541773;547,2617102653602;0,5650490075788875;0,3918718759365971;33,576341920911545;104,11540133107327;885,0989372789061;0,009436851643994115
74,58333333333333;679,9999999804413;678,6757534349321;547,510853069492;0,5650490075788875;0,3918718759365971;33,34042064338689;103,38537915051772;885,1337843736285;0,009370280754805475
74,66666666666667;679,9999999809561;678,6850576180107;547,7595107118146;0,5650490075788875;0,3918718759365971;33,106163637731356;102,66048531913036;885,1683966140079;0,009304183078639715
74,75;679,9999999814572;678,694296173214;548,0076841528168;0,5650490075788875;0,3918718759365971;32,87355907363576;101,940683683012;885,2027755209956;0,009238555203241076
74,83333333333333;679,9999999819452;678,7034695669555;548,2553743513055;0,5650490075788875;0,3918718759365971;32,64259520608164;101,22593834472119;885,2369226065489;0,009173393741592959
74,91666666666667;679,9999999824201;678,7125782622873;548,5025822644072;0,5650490075788875;0,3918718759365971;32,413260374741526;100,51621366152469;885,2708393736694;0,009108695331731432
75,0;679,9999999828829;678,7216227189238;548,7493088475684;0,5650490075788875;0,3918718759365971;32,18554300332244;99,81147424350293;885,304527316448;0,00904445663654517
75,08333333333333;679,9999999833333;678,7306033932673;548,9955550545557;0,5650490075788875;0,3918718759365971;31,959431598977517;99,11168495180048;885,3379879201028;0,008980674343590438
75,16666666666667;679,9999999837718;678,7395207384322;549,2413218374569;0,5650490075788875;0,3918718759365971;31,734914751649512;98,41681089674255;885,3712226610223;0,008917345164892483
75,25;679,9999999841988;678,748375204269;549,4866101466814;0,5650490075788875;0,3918718759365971;31,51198113348812;97,72681743611545;885,404233006806;0,008854465836763617
75,33333333333333;679,9999999846145;678,7571672373886;549,7314209309608;0,5650490075788875;0,3918718759365971;31,29061949824461;97,04167017339539;885,4370204163039;0,008792033119616504
75,41666666666667;679,9999999850195;678,7658972811863;549,9757551373497;0,5650490075788875;0,3918718759365971;31,07081868064938;96,36133495594962;885,4695863396602;0,008730043797774693
75,5;679,9999999854136;678,7745657758657;550,2196137112263;0,5650490075788875;0,3918718759365971;30,852567595829328;95,68577787331165;885,501932218353;0,008668494679291315
75,58333333333333;679,9999999857976;678,7831731584614;550,4629975962931;0,5650490075788875;0,3918718759365971;30,635855238699605;95,01496525540985;885,5340594852353;0,008607382595763106
75,66666666666667;679,9999999861712;678,7917198628636;550,7059077345777;0,5650490075788875;0,3918718759365971;30,420670683403728;94,34886367093846;885,5659695645755;0,008546704402157856
75,75;679,9999999865352;678,8002063198402;550,9483450664335;0,5650490075788875;0,3918718759365971;30,20700308269113;93,68743992551502;885,5976638720997;0,00848645697662321
75,83333333333333;679,9999999868895;678,8086329570605;551,1903105305402;0,5650490075788875;0,3918718759365971;29,994841667374317;93,03066106011437;885,6291438150313;0,008426637220320192
75,91666666666667;679,9999999872344;678,8170001991177;551,431805063905;0,5650490075788875;0,3918718759365971;29,784175745726316;92,37849434929171;885,6604107921327;0,00836724205723848
76,0;679,9999999875704;678,8253084675517;551,6728296018632;0,5650490075788875;0,3918718759365971;29,574994702917934;91,73090729952635;885,6914661937459;0,008308268434022993
76,08333333333333;679,9999999878975;678,8335581808716;551,913385078079;0,5650490075788875;0,3918718759365971;29,367288000466374;91,08786764761446;885,7223114018328;0,008249713319804881
76,16666666666667;679,9999999882159;678,8417497545776;552,1534724245463;0,5650490075788875;0,3918718759365971;29,161045175646905;90,44934335894708;885,752947790017;0,008191573706022425
76,25;679,9999999885259;678,8498836011838;552,3930925715895;0,5650490075788875;0,3918718759365971;28,956255840958534;89,81530262593584;885,7833767236223;0,008133846606256044
76,33333333333333;679,999999988828;678,8579601302399;552,6322464478646;0,5650490075788875;0,3918718759365971;28,75290968355273;89,18571386633741;885,8135995597165;0,008076529056054086
76,41666666666667;679,9999999891219;678,8659797483527;552,87093498036;0,5650490075788875;0,3918718759365971;28,55099646470194;88,56054572168745;885,8436176471494;0,008019618112769175
76,5;679,9999999894081;678,8739428592081;553,109159094397;0,5650490075788875;0,3918718759365971;28,350506019228305;87,93976705563328;885,873432326594;0,007963110855385123
76,58333333333333;679,9999999896869;678,8818498635925;553,3469197136316;0,5650490075788875;0,3918718759365971;28,15142825500061;87,32334695245001;885,9030449305868;0,007907004384361368
76,66666666666667;679,9999999899583;678,8897011594139;553,5842177600543;0,5650490075788875;0,3918718759365971;27,95375315236015;86,71125471535123;885,9324567835693;0,007851295821458739
76,75;679,9999999902225;678,8974971417235;553,8210541539922;0,5650490075788875;0,3918718759365971;27,75747076360915;86,10345986498054;885,9616692019262;0,007795982309582164
76,83333333333333;679,9999999904798;678,9052382027362;554,0574298141091;0,5650490075788875;0,3918718759365971;27,562571212473586;85,49993213784822;885,9906834940283;0,007741061012618092
76,91666666666667;679,9999999907303;678,9129247318515;554,2933456574068;0,5650490075788875;0,3918718759365971;27,369044693588762;84,9006414847953;886,0195009602699;0,007686529115275659
77,0;679,9999999909743;678,9205571156745;554,5288025992263;0,5650490075788875;0,3918718759365971;27,17688147197066;84,30555806944945;886,0481228931103;0,007632383822926535
77,08333333333333;679,9999999912118;678,9281357380358;554,7638015532485;0,5650490075788875;0,3918718759365971;26,98607188249582;83,71465226669724;886,0765505771142;0,007578622361446724
77,16666666666667;679,999999991443;678,9356609800129;554,9983434314954;0,5650490075788875;0,3918718759365971;26,796606329398287;83,12789466118933;886,1047852889903;0,007525241977062063
77,25;679,9999999916681;678,9431332199491;555,2324291443313;0,5650490075788875;0,3918718759365971;26,60847528575232;82,54525604582093;886,1328282976331;0,007472239936191263
77,33333333333333;679,9999999918874;678,9505528334744;555,4660596004633;0,5650490075788875;0,3918718759365971;26,421669292975025;81,96670742026983;886,1606808641601;0,007419613525294517
77,41666666666667;679,9999999921009;678,9579201935251;555,6992357069432;0,5650490075788875;0,3918718759365971;26,23617896032613;81,39221998951798;886,1883442419537;0,007367360050721022
77,5;679,9999999923087;678,9652356703637;555,9319583691681;0,5650490075788875;0,3918718759365971;26,051994964396386;80,82176516234017;886,2158196766998;0,007315476838553684
77,58333333333333;679,9999999925111;678,9724996315981;556,1642284908814;0,5650490075788875;0,3918718759365971;25,869108048627254;80,25531454988314;886,2431084064276;0,007263961234462411
77,66666666666667;679,9999999927082;678,9797124422016;556,3960469741745;0,5650490075788875;0,3918718759365971;25,687509022824884;79,69283996424464;886,2702116615483;0,0072128106035572286
77,75;679,9999999929;678,9868744645319;556,6274147194873;0,5650490075788875;0,3918718759365971;25,507188762665578;79,13431341699223;886,2971306648952;0,007162022330236908
77,83333333333333;679,9999999930869;678,99398605835;556,8583326256098;0,5650490075788875;0,3918718759365971;25,3281382092041;78,57970711772599;886,3238666317635;0,007111593818041016
77,91666666666667;679,9999999932688;679,0010475808394;557,088801589683;0,5650490075788875;0,3918718759365971;25,150348368424602;78,02899347274784;886,3504207699478;0,0070615224895124095
78,0;679,999999993446;679,0080593866255;557,3188225072005;0,5650490075788875;0,3918718759365971;24,973810310734734;77,4821450835613;886,3767942797821;0,00701180578604444
78,08333333333333;679,9999999936184;679,0150218277932;557,5483962720092;0,5650490075788875;0,3918718759365971;24,798515170510882;76,9391347455327;886,4029883541791;0,006962441167742919
78,16666666666667;679,9999999937863;679,0219352539066;557,777523776311;0,5650490075788875;0,3918718759365971;24,624454145629215;76,39993544649475;886,4290041786679;0,006913426113283394
78,25;679,9999999939498;679,0288000120263;558,0062059106635;0,5650490075788875;0,3918718759365971;24,451618496993888;75,86452036535314;886,4548429314345;0,006864758119768616
78,33333333333333;679,9999999941091;679,0356164467289;558,234443563982;0,5650490075788875;0,3918718759365971;24,27999954808797;75,33286287077236;886,480505783358;0,006816434702593225
78,41666666666667;679,999999994264;679,0423849001243;558,4622376235401;0,5650490075788875;0,3918718759365971;24,1095886845045;74,80493651976286;886,5059938980521;0,006768453395300475
78,5;679,999999994415;679,0491057118737;558,6895889749711;0,5650490075788875;0,3918718759365971;23,94037735349457;74,28071505635064;886,531308431901;0,006720811749446032
78,58333333333333;679,999999994562;679,0557792192081;558,9164985022696;0,5650490075788875;0,3918718759365971;23,772357063532468;73,76017241029854;886,5564505340986;0,00667350733446661
78,66666666666667;679,9999999947051;679,0624057569457;559,1429670877927;0,5650490075788875;0,3918718759365971;23,60551938384674;73,24328269570456;886,5814213466872;0,0066265377375380845
78,75;679,9999999948444;679,0689856575092;559,3689956122612;0,5650490075788875;0,3918718759365971;23,43985594398532;72,73002020971505;886,6062220045956;0,006579900563443984
78,83333333333333;679,99999999498;679,0755192509437;559,5945849547609;0,5650490075788875;0,3918718759365971;23,27535843338069;72,22035943122972;886,6308536356757;0,0065335934344436224
78,91666666666667;679,9999999951121;679,0820068649338;559,8197359927442;0,5650490075788875;0,3918718759365971;23,112018600909323;71,7142750196176;886,6553173607427;0,006487613990140755
79,0;679,9999999952408;679,0884488248211;560,0444496020312;0,5650490075788875;0,3918718759365971;22,949828254459703;71,21174181339467;886,6796142936104;0,006441959887350396
79,08333333333333;679,999999995366;679,094845453621;560,2687266568115;0,5650490075788875;0,3918718759365971;22,788779260494607;70,7127348289617;886,7037455411308;0,0063966287999695426
79,16666666666667;679,999999995488;679,1011970720399;560,4925680296449;0,5650490075788875;0,3918718759365971;22,62886354362479;70,21722925931753;886,7277122032312;0,006351618418847174
79,25;679,9999999956067;679,1075039984916;560,7159745914635;0,5650490075788875;0,3918718759365971;22,470073086202547;69,72520047285438;886,7515153729511;0,006306926451661405
79,33333333333333;679,9999999957223;679,1137665491143;560,9389472115726;0,5650490075788875;0,3918718759365971;22,312399927878346;69,23662401204643;886,7751561364792;0,006262550622786984
79,41666666666667;679,9999999958349;679,1199850377875;561,1614867576526;0,5650490075788875;0,3918718759365971;22,15583616520007;68,75147559224794;886,7986355731916;0,006218488673173361
79,5;679,9999999959444;679,1261597761477;561,3835940957601;0,5650490075788875;0,3918718759365971;22,00037395118386;68,26973110043107;886,8219547556894;0,006174738360216865
79,58333333333333;679,9999999960512;679,1322910736053;561,6052700903296;0,5650490075788875;0,3918718759365971;21,84600549491904;67,79136659399771;886,8451147498331;0,006131297457640464
79,66666666666667;679,9999999961551;679,1383792373607;561,8265156041745;0,5650490075788875;0,3918718759365971;21,69272306114749;67,31635829953376;886,8681166147823;0,006088163755367956
79,75;679,9999999962563;679,1444245724201;562,0473314984893;0,5650490075788875;0,3918718759365971;21,540518969860045;66,84468261160171;886,8909614030309;0,006045335059402152
79,83333333333333;679,9999999963549;679,1504273816118;562,2677186328505;0,5650490075788875;0,3918718759365971;21,389385595904287;66,37631609158805;886,9136501604439;0,006002809191707735
79,91666666666667;679,9999999964507;679,1563879656019;562,4876778652184;0,5650490075788875;0,3918718759365971;21,239315368575262;65,9112354664658;886,936183926294;0,005960583990087298
80,0;679,999999996544;679,1623066229099;562,7072100519387;0,5650490075788875;0,3918718759365971;21,090300771220427;65,44941762762811;886,9585637332978;0,005918657308063374
80,08333333333333;679,999999996635;679,1681836499247;562,9263160477436;0,5650490075788875;0,3918718759365971;20,942334340853108;64,99083962973296;886,9807906076524;0,00587702701476197
80,16666666666667;679,9999999967235;679,1740193409195;563,1449967057539;0,5650490075788875;0,3918718759365971;20,795408667757442;64,53547868952592;887,0028655690716;0,005835690994794158
80,25;679,9999999968097;679,1798139880676;563,3632528774801;0,5650490075788875;0,3918718759365971;20,64951639510184;64,0833121846929;887,0247896308207;0,005794647148140466
80,33333333333333;679,9999999968937;679,1855678814577;563,5810854128243;0,5650490075788875;0,3918718759365971;20,504650218552456;63,634317652696694;887,0465637997538;0,005753893390034296
80,41666666666667;679,9999999969755;679,1912813091086;563,7984951600815;0,5650490075788875;0,3918718759365971;20,360802885900853;63,188472789673554;887,068189076349;0,005713427650850559
80,5;679,999999997055;679,1969545569846;564,0154829659415;0,5650490075788875;0,3918718759365971;20,217967196671793;62,74575544925868;887,0896664547432;0,00567324787598826
80,58333333333333;679,9999999971326;679,2025879090103;564,2320496754901;0,5650490075788875;0,3918718759365971;20,07613600176228;62,30614364151301;887,1109969227684;0,0056333520257622624
80,66666666666667;679,999999997208;679,2081816470856;564,4481961322111;0,5650490075788875;0,3918718759365971;19,93530220305786;61,869615531781534;887,1321814619876;0,005593738075288962
80,75;679,9999999972815;679,2137360510999;564,6639231779877;0,5650490075788875;0,3918718759365971;19,795458753060302;61,43614943956256;887,1532210477287;0,005554404014373639
80,83333333333333;679,999999997353;679,2192513989473;564,8792316531043;0,5650490075788875;0,3918718759365971;19,656598654540858;61,005723837494756;887,1741166491202;0,005515347847407736
80,91666666666667;679,9999999974227;679,2247279665406;565,0941223962479;0,5650490075788875;0,3918718759365971;19,518714960142347;60,57831735015245;887,1948692291264;0,005476567593249666
81,0;679,9999999974905;679,2301660278257;565,30859624451;0,5650490075788875;0,3918718759365971;19,381800772052316;60,15390875307102;887,2154797445814;0,0054380612851263445
81,08333333333333;679,9999999975565;679,2355658547963;565,5226540333882;0,5650490075788875;0,3918718759365971;19,24584924161934;59,732476971613394;887,2359491462244;0,0053998269705201035
81,16666666666667;679,9999999976209;679,2409277175074;565,7362965967877;0,5650490075788875;0,3918718759365971;19,11085356900628;59,314001079907804;887,2562783787344;0,005361862711063122
81,25;679,9999999976834;679,2462518840898;565,9495247670234;0,5650490075788875;0,3918718759365971;18,97680700283786;58,89846029981832;887,2764683807638;0,005324166582433861
81,33333333333333;679,9999999977443;679,2515386207641;566,1623393748209;0,5650490075788875;0,3918718759365971;18,843702839839693;58,485833999847024;887,2965200849736;0,005286736674248345
81,41666666666667;679,9999999978037;679,2567881918541;566,3747412493192;0,5650490075788875;0,3918718759365971;18,71153442450577;58,07610169415113;887,3164344180669;0,005249571089961376
81,5;679,9999999978616;679,2620008598009;566,5867312180715;0,5650490075788875;0,3918718759365971;18,580295148740333;57,6692430414615;887,336212300823;0,00521266794675938
81,58333333333333;679,9999999979178;679,2671768851764;566,7983101070472;0,5650490075788875;0,3918718759365971;18,449978451516813;57,265237844066945;887,3558546481316;0,005176025375459051
81,66666666666667;679,9999999979726;679,2723165266967;567,0094787406341;0,5650490075788875;0,3918718759365971;18,320577818536776;56,86406604678754;887,3753623690261;0,005139641520405338
81,75;679,9999999980259;679,2774200412362;567,2202379416395;0,5650490075788875;0,3918718759365971;18,192086781897387;56,46570773598352;887,3947363667173;0,0051035145393725865
81,83333333333333;679,9999999980779;679,2824876838396;567,4305885312924;0,5650490075788875;0,3918718759365971;18,064498919744665;56,07014313851765;887,4139775386276;0,005067642603461632
81,91666666666667;679,9999999981285;679,2875197077366;567,6405313292449;0,5650490075788875;0,3918718759365971;17,937807855958;55,677352620796974;887,4330867764223;0,005032023897004583
82,0;679,9999999981777;679,292516364354;567,8500671535744;0,5650490075788875;0,3918718759365971;17,812007259797724;55,28731668773245;887,4520649660458;0,004996656617461559
82,08333333333333;679,9999999982257;679,2974779033293;568,0591968207849;0,5650490075788875;0,3918718759365971;17,68709084559248;54,900015981794404;887,4709129877515;0,004961538975326836
82,16666666666667;679,9999999982724;679,3024045725233;568,2679211458094;0,5650490075788875;0,3918718759365971;17,563052372409516;54,5154312820187;887,4896317161372;0,004926669194030543
82,25;679,9999999983178;679,3072966180331;568,476240942011;0,5650490075788875;0,3918718759365971;17,439885643727848;54,133543503023844;887,5082220201764;0,00489204550984142
82,33333333333333;679,9999999983621;679,3121542842049;568,6841570211853;0,5650490075788875;0,3918718759365971;17,31758450711709;53,75433369406644;887,5266847632513;0,0048576661717727
82,41666666666667;679,9999999984052;679,3169778136464;568,891670193562;0,5650490075788875;0,3918718759365971;17,196142853930496;53,37778303810487;887,545020803186;0,004823529441489615
82,5;679,9999999984472;679,3217674472396;569,0987812678068;0,5650490075788875;0,3918718759365971;17,07555461896959;53,00387285078081;887,5632309922775;0,004789633593209458
82,58333333333333;679,9999999984881;679,3265234241533;569,3054910510227;0,5650490075788875;0,3918718759365971;16,955813780188578;52,632584579559534;887,5813161773283;0,004755976913615315
82,66666666666667;679,9999999985279;679,331245981855;569,511800348753;0,5650490075788875;0,3918718759365971;16,836914358370336;52,26389980273064;887,5992771996802;0,004722557701758419
82,75;679,9999999985665;679,335935356124;569,717709964982;0,5650490075788875;0,3918718759365971;16,718850416822306;51,89780022851278;887,617114895243;0,004689374268969082
82,83333333333333;679,9999999986043;679,3405917810627;569,9232207021373;0,5650490075788875;0,3918718759365971;16,60161606106385;51,53426769409811;887,6348300945302;0,004656424938762985
82,91666666666667;679,999999998641;679,3452154891095;570,1283333610921;0,5650490075788875;0,3918718759365971;16,485205438539197;51,173284164809104;887,6524236226867;0,004623708046757055
83,0;679,9999999986767;679,3498067110501;570,3330487411663;0,5650490075788875;0,3918718759365971;16,369612738287742;50,81483173308277;887,6698962995235;0,004591221940570668
83,08333333333333;679,9999999987116;679,3543656760298;570,537367640129;0,5650490075788875;0,3918718759365971;16,254832190665525;50,45889261764935;887,6872489395471;0,004558964979743775
83,16666666666667;679,9999999987455;679,3588926115655;570,7412908542001;0,5650490075788875;0,3918718759365971;16,14085806704395;50,10544916263424;887,7044823519916;0,004526935535648298
83,25;679,9999999987785;679,3633877435568;570,9448191780523;0,5650490075788875;0,3918718759365971;16,0276846795;49,75448383659163;887,7215973408496;0,004495131991394383
83,33333333333333;679,9999999988106;679,3678512962986;571,1479534048129;0,5650490075788875;0,3918718759365971;15,91530638054337;49,405979231729624;887,7385947049029;0,004463552741752344
83,41666666666667;679,999999998842;679,3722834924916;571,350694326066;0,5650490075788875;0,3918718759365971;15,803717562801012;49,059918062916445;887,7554752377545;0,004432196193056828
83,5;679,9999999988723;679,3766845532548;571,5530427318539;0,5650490075788875;0,3918718759365971;15,692912658758473;48,71628316693026;887,7722397278574;0,004401060763131605
83,58333333333333;679,999999998902;679,381054698136;571,7549994106798;0,5650490075788875;0,3918718759365971;15,582886140438745;48,37505750148452;887,7888889585462;0,004370144881194825
83,66666666666667;679,999999998931;679,3853941451238;571,9565651495091;0,5650490075788875;0,3918718759365971;15,473632519149305;48,036224144464086;887,805423708068;0,004339446987783426
83,75;679,9999999989591;679,3897031106584;572,1577407337713;0,5650490075788875;0,3918718759365971;15,365146345180847;47,6997662930163;887,821844749611;0,004308965534664425
83,83333333333333;679,9999999989865;679,3939818096432;572,3585269473629;0,5650490075788875;0,3918718759365971;15,25742220751738;47,36566726267762;887,8381528513369;0,004278698984749484
83,91666666666667;679,9999999990131;679,3982304554552;572,5589245726479;0,5650490075788875;0,3918718759365971;15,150454733583274;47,03391048662067;887,854348776409;0,004248645812020319
84,0;679,9999999990391;679,4024492599566;572,7589343904613;0,5650490075788875;0,3918718759365971;15,044238588947678;46,70447951474533;887,8704332830226;0,004218804501440623
84,08333333333333;679,9999999990645;679,4066384335055;572,9585571801097;0,5650490075788875;0,3918718759365971;14,938768477063036;46,377358012901176;887,8864071244349;0,004189173548879375
84,16666666666667;679,999999999089;679,4107981849664;573,1577937193742;0,5650490075788875;0,3918718759365971;14,834039138975186;46,05252976202782;887,9022710489944;0,004159751461026667
84,25;679,999999999113;679,4149287217217;573,3566447845122;0,5650490075788875;0,3918718759365971;14,730045353064725;45,729978657333504;887,9180258001702;0,004130536755314372
84,33333333333333;679,9999999991363;679,4190302496816;573,5551111502592;0,5650490075788875;0,3918718759365971;14,626781934782684;45,40968870754228;887,933672116582;0,004101527959841174
84,41666666666667;679,9999999991591;679,4231029732948;573,7531935898309;0,5650490075788875;0,3918718759365971;14,524243736369158;45,0916440340206;887,9492107320282;0,0040727236132882885
84,5;679,9999999991812;679,4271470955597;573,9508928749252;0,5650490075788875;0,3918718759365971;14,42242564660603;44,775828870029855;887,9646423755153;0,004044122264846168
84,58333333333333;679,9999999992028;679,4311628180338;574,1482097757244;0,5650490075788875;0,3918718759365971;14,321322590538443;44,462227559899624;887,9799677712871;0,004015722474133755
84,66666666666667;679,9999999992237;679,435150340845;574,3451450608968;0,5650490075788875;0,3918718759365971;14,22092952922469;44,1508245582583;887,9951876388528;0,003987522811123647
84,75;679,9999999992442;679,439109862701;574,5416994975993;0,5650490075788875;0,3918718759365971;14,121241459469047;43,841604429233655;888,0103026930163;0,0039595218560641325
84,83333333333333;679,999999999264;679,4430415809004;574,737873851479;0,5650490075788875;0,3918718759365971;14,022253413580188;43,53455184572457;888,0253136439037;0,003931718199407896
84,91666666666667;679,9999999992833;679,4469456913421;574,9336688866752;0,5650490075788875;0,3918718759365971;13,923960459089813;43,2296515885441;888,0402211969931;0,0039041104417292887
85,0;679,9999999993023;679,4508223885357;575,1290853658218;0,5650490075788875;0,3918718759365971;13,826357698530956;42,926888545754196;888,0550260531408;0,003876697193658842
85,08333333333333;679,9999999993206;679,4546718656115;575,3241240500492;0,5650490075788875;0,3918718759365971;13,729440269165138;42,62624771183612;888,0697289086111;0,0038494770758031233
85,16666666666667;679,9999999993385;679,4584943143302;575,5187856989864;0,5650490075788875;0,3918718759365971;13,633203342726574;42,32771418692935;888,0843304551036;0,0038224487186705085
85,25;679,999999999356;679,4622899250928;575,7130710707629;0,5650490075788875;0,3918718759365971;13,537642125206162;42,0312731761608;888,0988313797799;0,0037956107626059108
85,33333333333333;679,9999999993728;679,4660588869506;575,9069809220107;0,5650490075788875;0,3918718759365971;13,442751856578639;41,73690998883716;888,1132323652928;0,003768961857712328
85,41666666666667;679,9999999993893;679,4698013876143;576,1005160078668;0,5650490075788875;0,3918718759365971;13,34852781055531;41,44461003767831;888,1275340898131;0,0037425006637770266
85,5;679,9999999994054;679,4735176134645;576,2936770819749;0,5650490075788875;0,3918718759365971;13,254965294373733;41,15435883820132;888,1417372270564;0,0037162258502105856
85,58333333333333;679,9999999994211;679,4772077495605;576,4864648964877;0,5650490075788875;0,3918718759365971;13,162059648522018;40,86614200786895;888,1558424463116;0,003690136095965457
85,66666666666667;679,9999999994363;679,48087197965;576,678880202069;0,5650490075788875;0,3918718759365971;13,069806246514304;40,579945265418935;888,1698504124666;0,003664230089470429
85,75;679,9999999994511;679,4845104861786;576,8709237478954;0,5650490075788875;0,3918718759365971;12,978200494657699;40,29575443016031;888,1837617860363;0,003638506528562321
85,83333333333333;679,9999999994656;679,488123450299;577,062596281659;0,5650490075788875;0,3918718759365971;12,887237831813536;40,01355542123697;888,1975772231883;0,003612964120415115
85,91666666666667;679,9999999994797;679,4917110518804;577,253898549569;0,5650490075788875;0,3918718759365971;12,796913729164316;39,73333425694869;888,2112973757708;0,0035876015814734407
86,0;679,9999999994933;679,4952734695178;577,4448312963543;0,5650490075788875;0,3918718759365971;12,707223689980651;39,455077054006395;888,2249228913381;0,0035624176373816583
86,08333333333333;679,9999999995066;679,4988108805406;577,6353952652652;0,5650490075788875;0,3918718759365971;12,618163249388203;39,17877002686693;888,2384544131776;0,0035374110229184014
86,16666666666667;679,9999999995197;679,5023234610226;577,8255911980756;0,5650490075788875;0,3918718759365971;12,529727974148841;38,90439948704307;888,251892580336;0,003512580481930475
86,25;679,9999999995323;679,5058113857898;578,0154198350853;0,5650490075788875;0,3918718759365971;12,441913462427578;38,63195184240542;888,265238027645;0,003487924767265277
86,33333333333333;679,9999999995446;679,5092748284305;578,204881915122;0,5650490075788875;0,3918718759365971;12,354715343562361;38,36141359648423;888,2784913857473;0,0034634426407034653
86,41666666666667;679,9999999995566;679,5127139613035;578,3939781755435;0,5650490075788875;0,3918718759365971;12,268129277850903;38,09277134782604;888,2916532811234;0,0034391328728965893
86,5;679,9999999995682;679,5161289555467;578,5827093522397;0,5650490075788875;0,3918718759365971;12,182150956328996;37,82601178931468;888,304724336116;0,0034149942433017574
86,58333333333333;679,9999999995796;679,5195199810869;578,7710761796352;0,5650490075788875;0,3918718759365971;12,096776100537454;37,56112170747038;888,3177051689559;0,0033910255401140943
86,66666666666667;679,9999999995907;679,522887206647;578,9590793906906;0,5650490075788875;0,3918718759365971;12,012000462317474;37,29808798183103;888,3305963937887;0,003367225560206783
86,75;679,9999999996014;679,5262307997561;579,1467197169055;0,5650490075788875;0,3918718759365971;11,92781982359179;37,03689758428418;888,3433986206982;0,0033435931090668495
86,83333333333333;679,999999999612;679,5295509267569;579,3339978883204;0,5650490075788875;0,3918718759365971;11,844229996131617;36,777537578355144;888,3561124557331;0,0033201270007270104
86,91666666666667;679,9999999996221;679,5328477528146;579,5209146335184;0,5650490075788875;0,3918718759365971;11,76122682137759;36,51999511867317;888,3687385009309;0,0032968260577134296
87,0;679,9999999996321;679,5361214419256;579,707470679628;0,5650490075788875;0,3918718759365971;11,678806170186817;36,264257450196624;888,3812773543442;0,0032736891109720187
87,08333333333333;679,9999999996418;679,5393721569254;579,8936667523251;0,5650490075788875;0,3918718759365971;11,596963942662342;36,01031190770374;888,3937296100638;0,0032507149998185457
87,16666666666667;679,9999999996512;679,5426000594973;580,0795035758348;0,5650490075788875;0,3918718759365971;11,51569606790872;35,758145915039734;888,4060958582445;0,0032279025718671196
87,25;679,9999999996604;679,5458053101803;580,2649818729342;0,5650490075788875;0,3918718759365971;11,434998503847282;35,507746984561024;888,4183766851296;0,003205250682976245
87,33333333333333;679,9999999996693;679,5489880683775;580,4501023649541;0,5650490075788875;0,3918718759365971;11,354867237002964;35,25910271649458;888,4305726730747;0,003182758197187201
87,41666666666667;679,999999999678;679,5521484923642;580,6348657717813;0,5650490075788875;0,3918718759365971;11,275298282293988;35,01220079828357;888,4426844005726;0,0031604239866617097
87,5;679,9999999996865;679,5552867392958;580,8192728118609;0,5650490075788875;0,3918718759365971;11,196287682847128;34,76702900404528;888,4547124422763;0,0031382469316290794
87,58333333333333;679,9999999996948;679,558402965216;581,0033242021984;0,5650490075788875;0,3918718759365971;11,117831509767484;34,52357519384832;888,4666573690249;0,003116225920317939
87,66666666666667;679,9999999997028;679,5614973250649;581,187020658362;0,5650490075788875;0,3918718759365971;11,039925861967959;34,28182731322258;888,4785197478658;0,0030943598489079826
87,75;679,9999999997106;679,5645699726864;581,3703628944845;0,5650490075788875;0,3918718759365971;10,962566865947565;34,04177339245282;888,4903001420791;0,0030726476214635043
87,83333333333333;679,9999999997182;679,5676210608362;581,5533516232659;0,5650490075788875;0,3918718759365971;10,885750675603845;33,8034015460421;888,5019991112014;0,003051088149880885
87,91666666666667;679,9999999997256;679,5706507411901;581,7359875559755;0,5650490075788875;0,3918718759365971;10,809473472048126;33,566699972125896;888,5136172110482;0,003029680353832963
88,0;679,9999999997328;679,5736591643508;581,9182714024539;0,5650490075788875;0,3918718759365971;10,733731463386675;33,3316569518177;888,5251549937393;0,003008423160706429
88,08333333333333;679,9999999997399;679,5766464798564;582,1002038711154;0,5650490075788875;0,3918718759365971;10,658520884550171;33,0982608486834;888,5366130077199;0,002987315505551364
88,16666666666667;679,9999999997467;679,5796128361875;582,2817856689501;0,5650490075788875;0,3918718759365971;10,58383799708622;32,86650010811706;888,5479917977849;0,0029663563310215603
88,25;679,9999999997534;679,5825583807748;582,4630175015262;0,5650490075788875;0,3918718759365971;10,509679088980306;32,636363256790595;888,5592919051016;0,0029455445873218604
88,33333333333333;679,9999999997599;679,585483260007;582,6439000729924;0,5650490075788875;0,3918718759365971;10,436040474465358;32,40783890208431;888,5705138672324;0,002924879232153469
88,41666666666667;679,9999999997661;679,5883876192377;582,8244340860798;0,5650490075788875;0,3918718759365971;10,362918493822804;32,18091573146815;888,581658218158;0,002904359230655344
88,5;679,9999999997723;679,591271602793;583,0046202421041;0,5650490075788875;0,3918718759365971;10,290309513212037;31,95558251198975;888,5927254882997;0,002883983555354862
88,58333333333333;679,9999999997783;679,5941353539791;583,1844592409684;0,5650490075788875;0,3918718759365971;10,218209924482835;31,731828089702187;888,6037162045412;0,002863751186113247
88,66666666666667;679,9999999997841;679,5969790150892;583,3639517811646;0,5650490075788875;0,3918718759365971;10,146616144979248;31,509641389067173;888,6146308902528;0,0028436611100687657
88,75;679,9999999997898;679,5998027274109;583,5430985597764;0,5650490075788875;0,3918718759365971;10,075524617371912;31,289011412448527;888,6254700653113;0,002823712321588082
88,83333333333333;679,9999999997954;679,6026066312331;583,7219002724809;0,5650490075788875;0,3918718759365971;10,004931809473305;31,06992723954273;888,6362342461239;0,0028039038222121677
88,91666666666667;679,9999999998008;679,6053908658537;583,9003576135514;0,5650490075788875;0,3918718759365971;9,934834214055854;30,852378026825857;888,6469239456493;0,0027842346206035816
89,0;679,9999999998059;679,6081555695862;584,0784712758592;0,5650490075788875;0,3918718759365971;9,865228348678556;30,636353007030696;888,6575396734194;0,002764703732496409
89,08333333333333;679,999999999811;679,6109008797669;584,2562419508763;0,5650490075788875;0,3918718759365971;9,796110755493714;30,42184148855259;888,6680819355624;0,002745310180640028
89,16666666666667;679,999999999816;679,6136269327616;584,4336703286772;0,5650490075788875;0,3918718759365971;9,727478001104828;30,208832855019633;888,6785512348231;0,002726052994757613
89,25;679,999999999821;679,6163338639731;584,6107570979412;0,5650490075788875;0,3918718759365971;9,659326676361957;29,997316564673902;888,6889480705839;0,00270693121148751
89,33333333333333;679,9999999998256;679,6190218078474;584,7875029459551;0,5650490075788875;0,3918718759365971;9,591653396196875;29,787282149851283;888,6992729388885;0,0026879438743340855
89,41666666666667;679,9999999998303;679,621690897881;584,9639085586149;0,5650490075788875;0,3918718759365971;9,524454799455384;29,57871921649413;888,7095263324602;0,002669090033620667
89,5;679,9999999998347;679,6243412666274;585,1399746204285;0,5650490075788875;0,3918718759365971;9,457727548732464;29,3716174436256;888,7197087407255;0,002650368746440084
89,58333333333333;679,999999999839;679,6269730457041;585,3157018145174;0,5650490075788875;0,3918718759365971;9,391468330181851;29,165966582793885;888,7298206498342;0,0026317790766014443
89,66666666666667;679,9999999998432;679,6295863657987;585,4910908226199;0,5650490075788875;0,3918718759365971;9,325673853373928;28,961756457614985;888,7398625426795;0,00261332009458697
89,75;679,9999999998473;679,6321813566761;585,6661423250922;0,5650490075788875;0,3918718759365971;9,260340851113824;28,758976963227887;888,7498348989197;0,0025949908775001656
89,83333333333333;679,9999999998514;679,6347581471852;585,8408570009117;0,5650490075788875;0,3918718759365971;9,195466079279413;28,55761806580996;888,7597381949989;0,0025767905090194887
89,91666666666667;679,9999999998554;679,6373168652646;586,0152355276784;0,5650490075788875;0,3918718759365971;9,131046316656466;28,357669802056783;888,7695729041674;0,002558718079349424
90,0;679,9999999998591;679,6398576379497;586,189278581618;0,5650490075788875;0,3918718759365971;9,067078364770964;28,159122278681107;888,779339496502;0,0025407726851727095
90,08333333333333;679,9999999998628;679,6423805913794;586,3629868375837;0,5650490075788875;0,3918718759365971;9,00355904773562;27,961965671947432;888,7890384389258;0,0025229534296059846
90,16666666666667;679,9999999998664;679,6448858508015;586,5363609690581;0,5650490075788875;0,3918718759365971;8,940485212085036;27,766190227151828;888,7986701952296;0,002505259422150959
90,25;679,9999999998699;679,6473735405801;586,7094016481565;0,5650490075788875;0,3918718759365971;8,87785372662222;27,57178625817839;888,8082352260909;0,0024876897786516162
90,33333333333333;679,9999999998734;679,6498437842014;586,882109545628;0,5650490075788875;0,3918718759365971;8,815661482245218;27,378744146948943;888,8177339890942;0,002470243621242801
90,41666666666667;679,9999999998766;679,6522967042797;587,0544853308589;0,5650490075788875;0,3918718759365971;8,753905391799321;27,187054342984997;888,8271669387517;0,0024529200783082405
90,5;679,99999999988;679,6547324225642;587,2265296718741;0,5650490075788875;0,3918718759365971;8,692582389923587;26,996707362928618;888,8365345265214;0,0024357182844354113
90,58333333333333;679,9999999998831;679,6571510599446;587,3982432353398;0,5650490075788875;0,3918718759365971;8,631689432894518;26,807693790079735;888,8458372008278;0,002418637380371347
90,66666666666667;679,9999999998862;679,6595527364575;587,5696266865658;0,5650490075788875;0,3918718759365971;8,571223498464065;26,620004273881435;888,8550754070811;0,0024016765129745423
90,75;679,9999999998892;679,6619375712927;587,7406806895075;0,5650490075788875;0,3918718759365971;8,511181585717509;26,43362952950107;888,8642495876968;0,0023848348351747906
90,83333333333333;679,9999999998921;679,6643056827986;587,9114059067684;0,5650490075788875;0,3918718759365971;8,451560714911466;26,24856033733471;888,8733601821151;0,002368111505926437
90,91666666666667;679,999999999895;679,6666571884888;588,0818029996026;0,5650490075788875;0,3918718759365971;8,392357927337457;26,064787542585528;888,8824076268193;0,0023515056901684673
91,0;679,9999999998977;679,6689922050475;588,2518726279166;0,5650490075788875;0,3918718759365971;8,333570285154224;25,882302054749072;888,8913923553555;0,0023350165587761288
91,08333333333333;679,9999999999004;679,671310848336;588,4216154502717;0,5650490075788875;0,3918718759365971;8,275194871254143;25,70109484720808;888,9003147983515;0,002318643288522376
91,16666666666667;679,999999999903;679,6736132333981;588,5910321238867;0,5650490075788875;0,3918718759365971;8,217228789109754;25,52115695677252;888,9091753835356;0,00230238506203425
91,25;679,9999999999055;679,6758994744658;588,7601233046399;0,5650490075788875;0,3918718759365971;8,159669162623118;25,342479483200467;888,9179745357557;0,0022862410677481682
91,33333333333333;679,999999999908;679,6781696849657;588,9288896470712;0,5650490075788875;0,3918718759365971;8,10251313599224;25,165053588806607;888,9267126769962;0,002270210499872382
91,41666666666667;679,9999999999104;679,680423977524;589,0973318043846;0,5650490075788875;0,3918718759365971;8,04575787355759;24,988870497985832;888,9353902263991;0,0022542925583423005
91,5;679,9999999999128;679,6826624639727;589,2654504284505;0,5650490075788875;0,3918718759365971;7,989400559659998;24,813921496772476;888,9440076002801;0,0022384864487790604
91,58333333333333;679,9999999999152;679,6848852553552;589,4332461698082;0,5650490075788875;0,3918718759365971;7,93343839850138;24,6401979324351;888,9525652121487;0,002222791382450718
91,66666666666667;679,9999999999173;679,6870924619315;589,6007196776676;0,5650490075788875;0,3918718759365971;7,877868613999794;24,467691213005583;888,9610634727252;0,002207206576228614
91,75;679,9999999999195;679,689284193184;589,7678715999122;0,5650490075788875;0,3918718759365971;7,82268844964733;24,296392806865732;888,969502789959;0,0021917312525478704
91,83333333333333;679,9999999999217;679,6914605578233;589,9347025831007;0,5650490075788875;0,3918718759365971;7,767895168387895;24,126294242363954;888,9778835690469;0,002176364639371315
91,91666666666667;679,9999999999237;679,6936216637935;590,10121327247;0,5650490075788875;0,3918718759365971;7,713486052458052;23,95738710733343;888,9862062124504;0,0021611059701441937
92,0;679,9999999999256;679,6957676182773;590,2674043119368;0,5650490075788875;0,3918718759365971;7,659458403256281;23,789663048681426;888,9944711199142;0,002145954483755693
92,08333333333333;679,9999999999277;679,6978985277018;590,4332763441007;0,5650490075788875;0,3918718759365971;7,605809541209396;23,62311377200051;889,0026786884837;0,002130909424501786
92,16666666666667;679,9999999999296;679,7000144977438;590,5988300102456;0,5650490075788875;0,3918718759365971;7,552536805647492;23,457731041160645;889,0108293125214;0,0021159700420473786
92,25;679,9999999999314;679,7021156333352;590,7640659503426;0,5650490075788875;0,3918718759365971;7,499637554644778;23,29350667784373;889,0189233837259;0,00210113559138222
92,33333333333333;679,9999999999333;679,704202038668;590,9289848030521;0,5650490075788875;0,3918718759365971;7,447109164905896;23,13043256118222;889,0269612911485;0,002086405332787036
92,41666666666667;679,999999999935;679,7062738171998;591,0935872057264;0,5650490075788875;0,3918718759365971;7,394949031632336;22,968500627359415;889,0349434212104;0,002071778531795718
92,5;679,9999999999367;679,7083310716589;591,2578737944114;0,5650490075788875;0,3918718759365971;7,343154568380328;22,807702869168637;889,04287015772;0,002057254459154134
92,58333333333333;679,9999999999384;679,7103739040497;591,4218452038492;0,5650490075788875;0,3918718759365971;7,291723206944312;22,648031335654608;889,0507418818901;0,0020428323907863235
92,66666666666667;679,99999999994;679,7124024156574;591,5855020674808;0,5650490075788875;0,3918718759365971;7,240652397217673;22,48947813169181;889,058558972354;0,002028511607754856
92,75;679,9999999999416;679,7144167070536;591,7488450174477;0,5650490075788875;0,3918718759365971;7,189939607064844;22,332035417592973;889,0663218051834;0,0020142913962240376
92,83333333333333;679,9999999999432;679,716416878101;591,9118746845947;0,5650490075788875;0,3918718759365971;7,1395823221990895;22,175695408731265;889,0740307539047;0,0020001710474244643
92,91666666666667;679,9999999999446;679,7184030279586;592,0745916984721;0,5650490075788875;0,3918718759365971;7,089578046054612;22,02045037515151;889,0816861895152;0,0019861498576164574
93,0;679,9999999999461;679,7203752550867;592,2369966873376;0,5650490075788875;0,3918718759365971;7,039924299650124;21,86629264114856;889,0892884805005;0,0019722271280506877
93,08333333333333;679,9999999999475;679,7223336572516;592,3990902781594;0,5650490075788875;0,3918718759365971;6,990618621486533;21,713214584957953;889,0968379928496;0,0019584021649388162
93,16666666666667;679,9999999999488;679,7242783315311;592,5608730966176;0,5650490075788875;0,3918718759365971;6,941658567396303;21,561208638293166;889,1043350900729;0,00194467427941038
93,25;679,9999999999502;679,7262093743186;592,7223457671072;0,5650490075788875;0,3918718759365971;6,893041710443981;21,410267286039026;889,1117801332173;0,0019310427874838503
93,33333333333333;679,9999999999515;679,7281268813286;592,88350891274;0,5650490075788875;0,3918718759365971;6,844765640789774;21,260383065832798;889,119173480882;0,001917507010027511
93,41666666666667;679,9999999999528;679,7300309476013;593,0443631553472;0,5650490075788875;0,3918718759365971;6,7968279655701735;21,111548567711015;889,1265154892357;0,0019040662727260191
93,5;679,9999999999541;679,7319216675074;593,2049091154814;0,5650490075788875;0,3918718759365971;6,749226308787115;20,9637564337426;889,1338065120317;0,0018907199060466129
93,58333333333333;679,9999999999552;679,7337991347526;593,3651474124191;0,5650490075788875;0,3918718759365971;6,701958311165868;20,81699935762094;889,1410469006248;0,0018774672452004121
93,66666666666667;679,9999999999565;679,7356634423828;593,5250786641628;0,5650490075788875;0,3918718759365971;6,655021630064084;20,67127008437367;889,1482370039848;0,0018643076301152605
93,75;679,9999999999576;679,7375146827882;593,6847034874437;0,5650490075788875;0,3918718759365971;6,608413939341062;20,526561409960216;889,1553771687147;0,0018512404053981958
93,83333333333333;679,9999999999586;679,7393529477084;593,8440224977234;0,5650490075788875;0,3918718759365971;6,562132929235531;20,382866180893977;889,1624677390645;0,001838264920300218
93,91666666666667;679,9999999999598;679,7411783282371;594,0030363091967;0,5650490075788875;0,3918718759365971;6,516176306254806;20,240177293916513;889,1695090569474;0,0018253805286853816
94,0;679,9999999999608;679,7429909148261;594,1617455347938;0,5650490075788875;0,3918718759365971;6,470541793066786;20,09848769564985;889,1765014619555;0,0018125865889986137
94,08333333333333;679,9999999999619;679,7447907972903;594,3201507861824;0,5650490075788875;0,3918718759365971;6,425227128366373;19,957790382199498;889,1834452913743;0,0017998824642284366
94,16666666666667;679,9999999999628;679,7465780648122;594,4782526737702;0,5650490075788875;0,3918718759365971;6,3802300667902045;19,818078398886133;889,1903408801976;0,001787267521881779
94,25;679,9999999999638;679,7483528059461;594,636051806707;0,5650490075788875;0,3918718759365971;6,3355483787660205;19,679344839780175;889,197188561144;0,0017747411339408988
94,33333333333333;679,9999999999649;679,7501151086229;594,7935487928872;0,5650490075788875;0,3918718759365971;6,2911798504444505;19,541582847499186;889,2039886646705;0,0017623026768438684
94,41666666666667;679,9999999999657;679,7518650601544;594,9507442389521;0,5650490075788875;0,3918718759365971;6,247122283548379;19,40478561274792;889,2107415189885;0,0017499515314418998
94,5;679,9999999999667;679,7536027472373;595,1076387502919;0,5650490075788875;0,3918718759365971;6,203373495281994;19,26894637403084;889,2174474500773;0,0017376870829725222
94,58333333333333;679,9999999999675;679,7553282559584;595,2642329310485;0,5650490075788875;0,3918718759365971;6,1599313182341575;19,134058417364656;889,2241067816998;0,0017255087210323818
94,66666666666667;679,9999999999684;679,7570416717979;595,4205273841171;0,5650490075788875;0,3918718759365971;6,116793600227766;19,00011507580468;889,2307198354173;0,0017134158395336744
94,75;679,9999999999692;679,7587430796345;595,5765227111492;0,5650490075788875;0,3918718759365971;6,073958204262908;18,86710972927781;889,2372869306027;0,001701407836687911
94,83333333333333;679,99999999997;679,7604325637495;595,7322195125544;0,5650490075788875;0,3918718759365971;6,031423008366232;18,73503580412533;889,243808384457;0,001689484114963494
94,91666666666667;679,9999999999708;679,7621102078306;595,8876183875029;0,5650490075788875;0,3918718759365971;5,989185905511363;18,603886772848277;889,2502845120218;0,0016776440810619807
95,0;679,9999999999716;679,7637760949765;596,0427199339279;0,5650490075788875;0,3918718759365971;5,947244803505214;18,473656153756995;889,2567156261941;0,0016658871458854966
95,08333333333333;679,9999999999723;679,765430307701;596,1975247485275;0,5650490075788875;0,3918718759365971;5,905597624877146;18,344337510648096;889,2631020377411;0,001654212724506219
95,16666666666667;679,999999999973;679,7670729279371;596,3520334267674;0,5650490075788875;0,3918718759365971;5,86424230678233;18,21592445248684;889,2694440553132;0,0016426202361372198
95,25;679,9999999999737;679,7687040370412;596,5062465628831;0,5650490075788875;0,3918718759365971;5,823176800899432;18,088410633106005;889,2757419854595;0,0016311091041040534
95,33333333333333;679,9999999999744;679,770323715797;596,660164749882;0,5650490075788875;0,3918718759365971;5,782399073314082;17,961789750841735;889,2819961326402;0,0016196787558110898
95,41666666666667;679,9999999999751;679,7719320444197;596,8137885795458;0,5650490075788875;0,3918718759365971;5,74190710443645;17,83605554828714;889,2882067992412;0,001608328622718223
95,5;679,9999999999758;679,77352910256;596,9671186424326;0,5650490075788875;0,3918718759365971;5,701698888884721;17,71120181192269;889,294374285588;0,0015970581403068522
95,58333333333333;679,9999999999764;679,7751149693081;597,1201555278798;0,5650490075788875;0,3918718759365971;5,661772435394141;17,587222371850658;889,3004988899586;0,0015858667480547265
95,66666666666667;679,999999999977;679,7766897231975;597,2728998240055;0,5650490075788875;0,3918718759365971;5,622125766706176;17,464111101447397;889,3065809085978;0,0015747538894038333
95,75;679,9999999999776;679,7782534422092;597,4253521177117;0,5650490075788875;0,3918718759365971;5,582756919488929;17,34186191711968;889,31262063573;0,0015637190117375316
95,83333333333333;679,9999999999783;679,7798062037756;597,5775129946855;0,5650490075788875;0,3918718759365971;5,543663944209243;17,220468777904987;889,3186183635739;0,0015527615663437566
95,91666666666667;679,9999999999789;679,781348084784;597,7293830394026;0,5650490075788875;0,3918718759365971;5,50484490506733;17,099925685282575;889,3245743823543;0,0015418810083968782
96,0;679,9999999999793;679,7828791615809;597,8809628351286;0,5650490075788875;0,3918718759365971;5,466297879871718;16,98022668278747;889,330488980316;0,0015310767969220558
96,08333333333333;679,9999999999799;679,7843995099757;598,0322529639217;0,5650490075788875;0,3918718759365971;5,428020959959667;16,861365855755828;889,336362443737;0,0015203483947716701
96,16666666666667;679,9999999999804;679,7859092052444;598,183254006635;0,5650490075788875;0,3918718759365971;5,390012250103382;16,743337331045684;889,3421950569419;0,0015096952685991108
96,25;679,9999999999809;679,7874083221332;598,3339665429188;0,5650490075788875;0,3918718759365971;5,352269868402004;16,62613527670294;889,3479871023137;0,0014991168888278791
96,33333333333333;679,9999999999815;679,7888969348628;598,4843911512226;0,5650490075788875;0,3918718759365971;5,314791946193509;16,50975390168484;889,3537388603079;0,0014886127296259719
96,41666666666667;679,9999999999819;679,7903751171317;598,6345284087973;0,5650490075788875;0,3918718759365971;5,277576627966596;16,394187455605355;889,3594506094652;0,001478182268881775
96,5;679,9999999999824;679,7918429421198;598,7843788916983;0,5650490075788875;0,3918718759365971;5,24062207125553;16,279430228387476;889,3651226264237;0,0014678249881724518
96,58333333333333;679,9999999999828;679,7933004824926;598,9339431747868;0,5650490075788875;0,3918718759365971;5,2039264465634005;16,16547655005241;889,3707551859316;0,0014575403727436196
96,66666666666667;679,9999999999833;679,794747810404;599,0832218317324;0,5650490075788875;0,3918718759365971;5,167487937256965;16,052320790374598;889,3763485608603;0,0014473279114779452
96,75;679,9999999999837;679,7961849975009;599,2322154350157;0,5650490075788875;0,3918718759365971;5,131304739481379;15,939957358638063;889,3819030222169;0,0014371870968720173
96,83333333333333;679,9999999999842;679,7976121149259;599,38092455593;0,5650490075788875;0,3918718759365971;5,095375062072094;15,828380703348934;889,3874188391555;0,0014271174250100507
96,91666666666667;679,9999999999847;679,7990292333214;599,529349764584;0,5650490075788875;0,3918718759365971;5,059697126458218;15,71758531194797;889,3928962789915;0,001417118395537011
97,0;679,999999999985;679,8004364228331;599,6774916299038;0,5650490075788875;0,3918718759365971;5,024269166580098;15,607565710558681;889,3983356072122;0,0014071895116351497
97,08333333333333;679,9999999999854;679,8018337531131;599,8253507196354;0,5650490075788875;0,3918718759365971;4,989089428798366;15,498316463699865;889,4037370874889;0,001397330279997546
97,16666666666667;679,9999999999858;679,8032212933239;599,9729276003467;0,5650490075788875;0,3918718759365971;4,954156171808677;15,389832174025504;889,409100981691;0,0013875402108038985
97,25;679,9999999999861;679,8045991121415;600,1202228374299;0,5650490075788875;0,3918718759365971;4,9194676665479165;15,282107482050982;889,4144275498955;0,001377818817694824
97,33333333333333;679,9999999999865;679,8059672777592;600,2671901734485;0,5650490075788875;0,3918718759365971;4,885022196114619;15,175137065876571;889,4197170504011;0,0013681656177469393
97,41666666666667;679,9999999999869;679,8073258578906;600,413890190653;0,5650490075788875;0,3918718759365971;4,850818055680861;15,068915640949237;889,4249697397386;0,001358580131449991
97,5;679,9999999999873;679,8086749197734;600,5603233266929;0,5650490075788875;0,3918718759365971;4,816853552406997;14,963437959777906;889,4301858726835;0,0013490618826810079
97,58333333333333;679,9999999999875;679,810014530172;600,7064900187733;0,5650490075788875;0,3918718759365971;4,783127005347865;14,858698811662414;889,435365702268;0,0013396103986788163
97,66666666666667;679,999999999988;679,811344755382;600,8523907036536;0,5650490075788875;0,3918718759365971;4,74963674538742;14,754693022469015;889,440509479791;0,0013302252100236786
97,75;679,9999999999882;679,8126656612327;600,9980258176474;0,5650490075788875;0,3918718759365971;4,716381115147783;14,651415454375757;889,4456174548318;0,0013209058506131396
97,83333333333333;679,9999999999885;679,8139773130903;601,1433957966218;0,5650490075788875;0,3918718759365971;4,683358468886922;14,548861005543941;889,4506898752607;0,0013116518576320611
97,91666666666667;679,9999999999887;679,8152797758618;601,2885010759958;0,5650490075788875;0,3918718759365971;4,650567172456022;14,447024609986713;889,4557269872494;0,001302462771540188
98,0;679,9999999999891;679,8165731139978;601,4333420907403;0,5650490075788875;0,3918718759365971;4,618005603174424;14,345901237185759;889,4607290352847;0,0012933381360369115
98,08333333333333;679,9999999999894;679,8178573914959;601,5779192753773;0,5650490075788875;0,3918718759365971;4,585672149781317;14,245485891948945;889,465696262178;0,001284277498047716
98,16666666666667;679,9999999999897;679,8191326719035;601,7222330639788;0,5650490075788875;0,3918718759365971;4,553565212339095;14,145773614100941;889,4706289090766;0,0012752804076959397
98,25;679,99999999999;679,8203990183218;601,8662838901665;0,5650490075788875;0,3918718759365971;4,521683202153781;14,04675947825324;889,4755272154755;0,0012663464182811285
98,33333333333333;679,9999999999902;679,8216564934081;602,0100721871107;0,5650490075788875;0,3918718759365971;4,490024541703974;13,948438593560496;889,4803914192291;0,0012574750862570365
98,41666666666667;679,9999999999905;679,8229051593793;602,15359838753;0,5650490075788875;0,3918718759365971;4,458587664552738;13,850806103482329;889,4852217565598;0,0012486659712088568
98,5;679,9999999999907;679,8241450780151;602,29686292369;0,5650490075788875;0,3918718759365971;4,427371015279391;13,753857185547878;889,4900184620714;0,0012399186358319893
98,58333333333333;679,999999999991;679,825376310661;602,4398662274033;0,5650490075788875;0,3918718759365971;4,396373049388558;13,657587051087484;889,4947817687591;0,0012312326459070332
98,66666666666667;679,9999999999912;679,8265989182313;602,5826087300283;0,5650490075788875;0,3918718759365971;4,3655922332504815;13,561990945041055;889,4995119080199;0,0012226075702821484
98,75;679,9999999999915;679,8278129612121;602,7250908624685;0,5650490075788875;0,3918718759365971;4,335027043998707;13,46706414564868;889,5042091096642;0,0012140429808444775
98,83333333333333;679,9999999999917;679,8290184996646;602,8673130551724;0,5650490075788875;0,3918718759365971;4,304675969484606;13,372801964311007;889,5088736019252;0,0012055384525070413
98,91666666666667;679,9999999999918;679,8302155932278;603,009275738132;0,5650490075788875;0,3918718759365971;4,2745375081779;13,27919974528534;889,5135056114711;0,0011970935631807425
99,0;679,999999999992;679,8314043011216;603,1509793408827;0,5650490075788875;0,3918718759365971;4,244610169101293;13,186252865466615;889,5181053634142;0,001188707893754502
99,08333333333333;679,9999999999923;679,8325846821497;603,2924242925023;0,5650490075788875;0,3918718759365971;4,214892471762255;13,093956734206706;889,522673081322;0,0011803810280778132
99,16666666666667;679,9999999999925;679,8337567947026;603,4336110216108;0,5650490075788875;0,3918718759365971;4,1853829460649195;13,002306793013258;889,5272089872277;0,0011721125529337332
99,25;679,9999999999927;679,8349206967606;603,574539956369;0,5650490075788875;0,3918718759365971;4,156080132247553;12,911298515379945;889,5317133016399;0,0011639020580225916
99,33333333333333;679,9999999999928;679,8360764458965;603,7152115244786;0,5650490075788875;0,3918718759365971;4,126982580802974;12,820927406526378;889,5361862435539;0,0011557491359383736
99,41666666666667;679,9999999999931;679,8372240992787;603,8556261531811;0,5650490075788875;0,3918718759365971;4,0980888524075;12,731189003187291;889,5406280304608;0,0011476533821490576
99,5;679,9999999999933;679,8383637136737;603,9957842692573;0,5650490075788875;0,3918718759365971;4,06939751785842;12,642078873418155;889,5450388783587;0,0011396143949786602
99,58333333333333;679,9999999999934;679,8394953454493;604,1356862990267;0,5650490075788875;0,3918718759365971;4,040907157988727;12,55359261632413;889,5494190017614;0,0011316317755825048
99,66666666666667;679,9999999999936;679,8406190505773;604,2753326683468;0,5650490075788875;0,3918718759365971;4,012616363601751;12,465725861876638;889,5537686137096;0,0011237051279298323
99,75;679,9999999999937;679,841734884636;604,4147238026125;0,5650490075788875;0,3918718759365971;3,9845237354086294;12,378474270705283;889,5580879257805;0,0011158340587849285
99,83333333333333;679,999999999994;679,8428429028137;604,5538601267554;0,5650490075788875;0,3918718759365971;3,9566278839430424;12,291833533835018;889,5623771480967;0,0011080181776829754
99,91666666666667;679,9999999999941;679,8439431599106;604,6927420652434;0,5650490075788875;0,3918718759365971;3,928927429507212;12,205799372530096;889,5666364893384;0,0011002570969153164
100,0;679,9999999999943;679,8450357103421;604,8313700420798;0,5650490075788875;0,3918718759365971;3,901421002086636;12,120367538025755;889,5708661567505;0,0010925504315049473
100,08333333333333;679,9999999999944;679,8461206081413;604,9697444808031;0,5650490075788875;0,3918718759365971;3,874107241304614;12,035533811385855;889,5750663561536;0,0010848977991933112
100,16666666666667;679,9999999999945;679,8471979069617;605,107865804486;0,5650490075788875;0,3918718759365971;3,8469847963284565;11,951294003209933;889,5792372919532;0,001077298820413534
100,25;679,9999999999948;679,84826766008;605,2457344357348;0,5650490075788875;0,3918718759365971;3,820052325821166;11,867643953504517;889,5833791671497;0,0010697531182779709
100,33333333333333;679,9999999999949;679,8493299203985;605,3833507966892;0,5650490075788875;0,3918718759365971;3,7933084978703846;11,784579531433996;889,5874921833476;0,0010622603185559943
100,41666666666667;679,999999999995;679,8503847404481;605,5207153090216;0,5650490075788875;0,3918718759365971;3,766751989908812;11,702096635096105;889,5915765407652;0,00105482004965288
100,5;679,9999999999951;679,8514321723908;605,6578283939363;0,5650490075788875;0,3918718759365971;3,7403814886715736;11,620191191387779;889,5956324382429;0,0010474319425973877
100,58333333333333;679,9999999999952;679,8524722680218;605,7946904721688;0,5650490075788875;0,3918718759365971;3,714195690108113;11,538859155731371;889,5996600732544;0,0010400956310167152
100,66666666666667;679,9999999999953;679,8535050787729;605,9313019639859;0,5650490075788875;0,3918718759365971;3,6881932993367172;11,45809651192407;889,6036596419137;0,0010328107511227758
100,75;679,9999999999955;679,8545306557146;606,0676632891847;0,5650490075788875;0,3918718759365971;3,662373030562094;11,377899271902447;889,6076313389863;0,0010255769416901643
100,83333333333333;679,9999999999956;679,8555490495586;606,2037748670917;0,5650490075788875;0,3918718759365971;3,6367336070213696;11,298263475564491;889,6115753578977;0,0010183938440399911
100,91666666666667;679,9999999999958;679,8565603106606;606,339637116563;0,5650490075788875;0,3918718759365971;3,611273760924405;11,219185190591666;889,6154918907407;0,0010112611020233382
101,0;679,9999999999958;679,8575644890226;606,4752504559833;0,5650490075788875;0,3918718759365971;3,5859922333798977;11,140660512205228;889,6193811282877;0,0010041783619992599
101,08333333333333;679,999999999996;679,8585616342954;606,6106153032655;0,5650490075788875;0,3918718759365971;3,5608877743300127;11,062685562985536;889,6232432599973;0,0009971452728176717
101,16666666666667;679,999999999996;679,8595517957812;606,7457320758499;0,5650490075788875;0,3918718759365971;3,535959142516276;10,9852564927598;889,6270784740229;0,0009901614858090428
101,25;679,9999999999961;679,8605350224359;606,880601190704;0,5650490075788875;0,3918718759365971;3,511205105371573;10,908369478257116;889,630886957224;0,0009832266547531792
101,33333333333333;679,9999999999962;679,8615113628717;607,0152230643222;0,5650490075788875;0,3918718759365971;3,4866244390059364;10,832020723083822;889,6346688951721;0,0009763404358762577
101,41666666666667;679,9999999999964;679,8624808653595;607,1495981127243;0,5650490075788875;0,3918718759365971;3,462215928112755;10,756206457419607;889,638424472161;0,0009695024878233913
101,5;679,9999999999965;679,8634435778312;607,2837267514562;0,5650490075788875;0,3918718759365971;3,4379783659204577;10,680922937869655;889,6421538712156;0,0009627124716449389
101,58333333333333;679,9999999999966;679,8643995478819;607,4176093955888;0,5650490075788875;0,3918718759365971;3,4139105541328263;10,606166447292175;889,6458572740994;0,0009559700507803717
101,66666666666667;679,9999999999966;679,865348822773;607,5512464597172;0,5650490075788875;0,3918718759365971;3,390011302866469;10,531933294595797;889,6495348613244;0,0009492748910398869
101,75;679,9999999999967;679,8662914494336;607,6846383579608;0,5650490075788875;0,3918718759365971;3,3662794305911348;10,458219814547922;889,653186812158;0,0009426266605869754
101,83333333333333;679,9999999999968;679,8672274744634;607,8177855039626;0,5650490075788875;0,3918718759365971;3,342713764078553;10,385022367637836;889,6568133046333;0,0009360250299253012
101,91666666666667;679,9999999999969;679,8681569441353;607,9506883108884;0,5650490075788875;0,3918718759365971;3,3193131383342234;10,312337339846723;889,6604145155554;0,00092946967187808
102,0;679,999999999997;679,8690799043969;608,0833471914268;0,5650490075788875;0,3918718759365971;3,2960763965405704;10,240161142480668;889,6639906205121;0,0009229602615725283
102,08333333333333;679,999999999997;679,8699964008733;608,2157625577886;0,5650490075788875;0,3918718759365971;3,2730023900029437;10,168490212006382;889,66754179388;0,000916496476424698
102,16666666666667;679,9999999999972;679,8709064788694;608,3479348217061;0,5650490075788875;0,3918718759365971;3,250089978092774;10,097321009870507;889,6710682088335;0,0009100779961230016
102,25;679,9999999999973;679,8718101833721;608,4798643944328;0,5650490075788875;0,3918718759365971;3,2273380281935715;10,026650022335348;889,6745700373535;0,0009037045026130534
102,33333333333333;679,9999999999973;679,8727075590522;608,6115516867428;0,5650490075788875;0,3918718759365971;3,2047454156298727;9,956473760251626;889,6780474502356;0,0008973756800770586
102,41666666666667;679,9999999999974;679,8735986502671;608,7429971089309;0,5650490075788875;0,3918718759365971;3,1823110236274488;9,886788758954449;889,6815006170962;0,0008910912149237423
102,5;679,9999999999974;679,8744835010629;608,8742010708113;0,5650490075788875;0,3918718759365971;3,160033743256463;9,817591578068924;889,684929706383;0,0008848507957709525
102,58333333333333;679,9999999999975;679,8753621551763;609,0051639817177;0,5650490075788875;0,3918718759365971;3,137912473363258;9,748878801307557;889,6883348853812;0,0008786541134269368
102,66666666666667;679,9999999999976;679,8762346560371;609,1358862505028;0,5650490075788875;0,3918718759365971;3,115946120530566;9,680647036349786;889,6917163202229;0,0008725008608791593
102,75;679,9999999999976;679,8771010467703;609,2663682855377;0,5650490075788875;0,3918718759365971;3,094133599012139;9,61289291463665;889,6950741758934;0,00086639073327559
102,83333333333333;679,9999999999976;679,8779613701982;609,3966104947118;0,5650490075788875;0,3918718759365971;3,072473830681588;9,545613091206512;889,6984086162402;0,0008603234279097663
102,91666666666667;679,9999999999977;679,8788156688424;609,526613285432;0,5650490075788875;0,3918718759365971;3,050965744984069;9,478804244563651;889,7017198039798;0,0008542986442082936
103,0;679,9999999999978;679,8796639849262;609,6563770646222;0,5650490075788875;0,3918718759365971;3,0296082788822787;9,412463076489347;889,7050079007062;0,0008483160837140391
103,08333333333333;679,9999999999978;679,8805063603762;609,7859022387237;0,5650490075788875;0,3918718759365971;3,008400376791087;9,34658631185845;889,7082730668981;0,0008423754500689305
103,16666666666667;679,999999999998;679,8813428368252;609,9151892136938;0,5650490075788875;0,3918718759365971;2,987340990540588;9,281170698516172;889,711515461926;0,0008364764490028002
103,25;679,999999999998;679,8821734556135;610,0442383950059;0,5650490075788875;0,3918718759365971;2,966429079319255;9,216213007102871;889,7147352440609;0,0008306187883173293
103,33333333333333;679,9999999999981;679,8829982577913;610,173050187649;0,5650490075788875;0,3918718759365971;2,9456636096114153;9,151710030865143;889,7179325704815;0,0008248021778686754
103,41666666666667;679,9999999999981;679,8838172841208;610,3016249961274;0,5650490075788875;0,3918718759365971;2,925043555168827;9,087658585562728;889,7211075972804;0,0008190263295589638
103,5;679,9999999999981;679,8846305750782;610,4299632244603;0,5650490075788875;0,3918718759365971;2,9045678969310984;9,024055509222112;889,7242604794731;0,0008132909573138358
103,58333333333333;679,9999999999982;679,8854381708552;610,5580652761811;0,5650490075788875;0,3918718759365971;2,8842356229972665;8,960897662054395;889,7273913710046;0,0008075957770746926
103,66666666666667;679,9999999999983;679,886240111362;610,6859315543375;0,5650490075788875;0,3918718759365971;2,864045728574638;8,89818192629922;889,7305004247562;0,0008019405067843515
103,75;679,9999999999983;679,8870364362283;610,8135624614907;0,5650490075788875;0,3918718759365971;2,8439972159077342;8,835905205992079;889,7335877925541;0,0007963248663661182
103,83333333333333;679,9999999999983;679,887827184806;610,9409583997156;0,5650490075788875;0,3918718759365971;2,824089094249871;8,774064426893114;889,736653625175;0,0007907485777167883
103,91666666666667;679,9999999999984;679,8886123961707;611,0681197705997;0,5650490075788875;0,3918718759365971;2,804320379806313;8,712656536300948;889,7396980723548;0,0007852113646898679
104,0;679,9999999999984;679,8893921091238;611,1950469752431;0,5650490075788875;0,3918718759365971;2,7846900956916443;8,651678502915795;889,7427212827944;0,0007797129530831309
104,08333333333333;679,9999999999984;679,8901663621945;611,3217404142587;0,5650490075788875;0,3918718759365971;2,7651972718643947;8,591127316656031;889,7457234041673;0,000774253070621452
104,16666666666667;679,9999999999984;679,8909351936414;611,4482004877706;0,5650490075788875;0,3918718759365971;2,745840945098621;8,530999988551407;889,7487045831269;0,0007688314469473903
104,25;679,9999999999985;679,891698641455;611,5744275954148;0,5650490075788875;0,3918718759365971;2,72662015892422;8,471293550576052;889,751664965313;0,0007634478136055381
104,33333333333333;679,9999999999985;679,892456743359;611,7004221363386;0,5650490075788875;0,3918718759365971;2,7075339635871387;8,41200505550336;889,7546046953587;0,0007581019040297202
104,41666666666667;679,9999999999986;679,8932095368126;611,8261845092;0,5650490075788875;0,3918718759365971;2,688581415986846;8,353131576733519;889,7575239168976;0,00075279345352678
104,5;679,9999999999986;679,8939570590119;611,9517151121676;0,5650490075788875;0,3918718759365971;2,6697615796507534;8,29467020821136;889,7604227725708;0,0007475221992690479
104,58333333333333;679,9999999999986;679,8946993468921;612,0770143429204;0,5650490075788875;0,3918718759365971;2,6510735246688455;8,236618064201865;889,7633014040329;0,000742287880274392
104,66666666666667;679,9999999999986;679,8954364371295;612,2020825986472;0,5650490075788875;0,3918718759365971;2,6325163276624153;8,178972279229939;889,766159951959;0,0007370902373997983
104,75;679,9999999999987;679,8961683661429;612,3269202760463;0,5650490075788875;0,3918718759365971;2,6140890717272214;8,121730007875062;889,7689985560521;0,0007319290133233134
104,83333333333333;679,9999999999987;679,8968951700954;612,4515277713253;0,5650490075788875;0,3918718759365971;2,5957908463965396;8,064888424672732;889,7718173550492;0,0007268039525346279
104,91666666666667;679,9999999999989;679,8976168848967;612,5759054802011;0,5650490075788875;0,3918718759365971;2,5776207475843194;8,0084447239283;889,7746164867269;0,0007217148013183345
105,0;679,9999999999989;679,8983335462044;612,7000537978988;0,5650490075788875;0,3918718759365971;2,55957787755392;7,95239611963482;889,7773960879106;0,000716661307746021
105,08333333333333;679,9999999999989;679,899045189426;612,8239731191524;0,5650490075788875;0,3918718759365971;2,541661344861268;7,89673984527594;889,7801562944779;0,0007116432216587868
105,16666666666667;679,9999999999989;679,8997518497207;612,9476638382034;0,5650490075788875;0,3918718759365971;2,523870264320749;7,841473153746496;889,7828972413673;0,000706660294659335
105,25;679,9999999999989;679,9004535620008;613,0711263488017;0,5650490075788875;0,3918718759365971;2,5062037569540507;7,786593317171821;889,7856190625839;0,0007017122800960002
105,33333333333333;679,999999999999;679,9011503609339;613,1943610442042;0,5650490075788875;0,3918718759365971;2,488660949950372;7,73209762679549;889,7883218912056;0,0006967989330522177
105,41666666666667;679,999999999999;679,9018422809443;613,3173683171755;0,5650490075788875;0,3918718759365971;2,471240976626632;7,677983392856119;889,791005859389;0,0006919200103352521
105,5;679,9999999999991;679,9025293562147;613,4401485599867;0,5650490075788875;0,3918718759365971;2,4539429763677845;7,624247944398457;889,7936710983771;0,0006870752704590875
105,58333333333333;679,9999999999991;679,9032116206884;613,562702164416;0,5650490075788875;0,3918718759365971;2,436766094609766;7,570888629229577;889,7963177385043;0,000682264473640123
105,66666666666667;679,9999999999991;679,9038891080701;613,6850295217479;0,5650490075788875;0,3918718759365971;2,4197094827684396;7,517902813683428;889,7989459092033;0,0006774873817761202
105,75;679,9999999999991;679,9045618518285;613,8071310227729;0,5650490075788875;0,3918718759365971;2,4027722982253863;7,465287882593451;889,8015557390106;0,0006727437584432173
105,83333333333333;679,9999999999991;679,9052298851974;613,9290070577875;0,5650490075788875;0,3918718759365971;2,3859537042653756;7,413041239089983;889,8041473555737;0,0006680333688777006
105,91666666666667;679,9999999999991;679,9058932411774;614,0506580165943;0,5650490075788875;0,3918718759365971;2,36925287004226;7,361160304496222;889,8067208856564;0,0006633559799664405
106,0;679,9999999999992;679,9065519525376;614,1720842885006;0,5650490075788875;0,3918718759365971;2,3526689705420267;7,309642518218707;889,8092764551444;0,0006587113602367597
106,08333333333333;679,9999999999992;679,9072060518174;614,2932862623194;0,5650490075788875;0,3918718759365971;2,3362011865401655;7,258485337604959;889,811814189052;0,000654099279843676
106,16666666666667;679,9999999999992;679,907855571328;614,4142643263684;0,5650490075788875;0,3918718759365971;2,3198487045448246;7,207686237781944;889,8143342115285;0,0006495195105548722
106,25;679,9999999999992;679,9085005431538;614,5350188684702;0,5650490075788875;0,3918718759365971;2,303610716779758;7,1572427115903645;889,8168366458638;0,0006449718257449142
106,33333333333333;679,9999999999993;679,9091409991541;614,6555502759514;0,5650490075788875;0,3918718759365971;2,287486421136009;7,107152269442296;889,8193216144928;0,0006404560003821131
106,41666666666667;679,9999999999993;679,9097769709651;614,7758589356437;0,5650490075788875;0,3918718759365971;2,2714750211292767;7,057412439184296;889,8217892390037;0,0006359718110161494
106,5;679,9999999999993;679,9104084900009;614,895945233882;0,5650490075788875;0,3918718759365971;2,2555757258544418;7,008020765963248;889,8242396401421;0,0006315190357656924
106,58333333333333;679,9999999999993;679,9110355874552;615,0158095565055;0,5650490075788875;0,3918718759365971;2,239787749959987;6,958974812146961;889,8266729378178;0,0006270974543111106
106,66666666666667;679,9999999999993;679,9116582943032;615,1354522888569;0,5650490075788875;0,3918718759365971;2,224110313602523;6,910272157176338;889,8290892511093;0,000622706847881164
106,75;679,9999999999993;679,9122766413024;615,2548738157822;0,5650490075788875;0,3918718759365971;2,2085426424041543;6,861910397433947;889,8314886982712;0,0006183469992410063
106,83333333333333;679,9999999999993;679,912890658995;615,3740745216306;0,5650490075788875;0,3918718759365971;2,1930839674240588;6,813887146167374;889,8338713967375;0,0006140176926848968
106,91666666666667;679,9999999999993;679,913500377709;615,4930547902546;0,5650490075788875;0,3918718759365971;2,177733525107328;6,766200033319468;889,8362374631303;0,0006097187140210132
107,0;679,9999999999994;679,9141058275596;615,6118150050092;0,5650490075788875;0,3918718759365971;2,1624905572565467;6,718846705446211;889,8385870132623;0,0006054498505637924
107,08333333333333;679,9999999999994;679,9147070384507;615,7303555487521;0,5650490075788875;0,3918718759365971;2,1473543109948423;6,671824825598992;889,8409201621446;0,0006012108911232639
107,16666666666667;679,9999999999994;679,9153040400768;615,8486768038434;0,5650490075788875;0,3918718759365971;2,13232403871757;6,625132073174023;889,8432370239905;0,0005970016259913692
107,25;679,9999999999994;679,9158968619237;615,9667791521456;0,5650490075788875;0,3918718759365971;2,117398998066733;6,578766143843899;889,845537712223;0,0005928218469354342
107,33333333333333;679,9999999999994;679,9164855332708;616,0846629750231;0,5650490075788875;0,3918718759365971;2,1025784518940327;6,532724749426176;889,8478223394775;0,0005886713471865742
107,41666666666667;679,9999999999994;679,9170700831922;616,2023286533422;0,5650490075788875;0,3918718759365971;2,087861668215396;6,487005617754696;889,8500910176101;0,0005845499214277065
107,5;679,9999999999994;679,917650540558;616,3197765674712;0,5650490075788875;0,3918718759365971;2,0732479201797105;6,441606492586502;889,852343857701;0,000580457365784959
107,58333333333333;679,9999999999994;679,9182269340358;616,4370070972797;0,5650490075788875;0,3918718759365971;2,058736486034718;6,396525133478635;889,8545809700605;0,0005763934778168353
107,66666666666667;679,9999999999994;679,9187992920923;616,5540206221388;0,5650490075788875;0,3918718759365971;2,044326649090067;6,351759315692308;889,8568024642339;0,0005723580565050515
107,75;679,9999999999994;679,9193676429945;616,6708175209209;0,5650490075788875;0,3918718759365971;2,030017697677522;6,307306830058757;889,8590084490074;0,0005683509022425698
107,83333333333333;679,9999999999995;679,9199320148114;616,7873981719995;0,5650490075788875;0,3918718759365971;2,015808925122542;6,263165482897101;889,8611990324129;0,0005643718168259551
107,91666666666667;679,9999999999995;679,9204924354148;616,9037629532489;0,5650490075788875;0,3918718759365971;2,00169962970449;6,219333095885667;889,8633743217333;0,0005604206034437825
108,0;679,9999999999995;679,9210489324814;617,0199122420446;0,5650490075788875;0,3918718759365971;1,987689114619684;6,175807505957954;889,8655344235071;0,0005564970666669237
108,08333333333333;679,9999999999995;679,9216015334939;617,1358464152624;0,5650490075788875;0,3918718759365971;1,9737766879529772;6,132586565198591;889,8676794435349;0,0005526010124394124
108,16666666666667;679,9999999999995;679,922150265742;617,2515658492789;0,5650490075788875;0,3918718759365971;1,9599616626408078;6,08966814074478;889,869809486883;0,0005487322480691063
108,25;679,9999999999995;679,9226951563242;617,3670709199708;0,5650490075788875;0,3918718759365971;1,9462433564399362;6,047050114679519;889,8719246578887;0,0005448905822181756
108,33333333333333;679,9999999999997;679,9232362321491;617,4823620027155;0,5650490075788875;0,3918718759365971;1,932621091884812;6,004730383900184;889,8740250601662;0,0005410758248911403
108,41666666666667;679,9999999999997;679,9237735199365;617,5974394723902;0,5650490075788875;0,3918718759365971;1,9190941962648367;5,96270686006104;889,876110796611;0,0005372877874293027
108,5;679,9999999999997;679,924307046219;617,7123037033724;0,5650490075788875;0,3918718759365971;1,9056620015788894;5,920977469408965;889,8781819694044;0,0005335262824963529
108,58333333333333;679,9999999999997;679,9248368373432;617,8269550695395;0,5650490075788875;0,3918718759365971;1,8923238445154311;5,879540152742386;889,8802386800194;0,0005297911240741191
108,66666666666667;679,9999999999997;679,9253629194706;617,9413939442686;0,5650490075788875;0,3918718759365971;1,8790790664127144;5,8383928652826045;889,8822810292244;0,0005260821274509891
108,75;679,9999999999997;679,9258853185797;618,0556207004366;0,5650490075788875;0,3918718759365971;1,8659270132275196;5,797533576572489;889,8843091170888;0,0005223991092127819
108,83333333333333;679,9999999999997;679,926404060467;618,1696357104202;0,5650490075788875;0,3918718759365971;1,8528670354982069;5,756960270361492;889,8863230429881;0,000518741887232299
108,91666666666667;679,9999999999997;679,9269191707476;618,2834393460952;0,5650490075788875;0,3918718759365971;1,8398984883162939;5,716670944531728;889,8883229056086;0,0005151102806622579
109,0;679,9999999999997;679,9274306748575;618,3970319788372;0,5650490075788875;0,3918718759365971;1,8270207313008768;5,676663610993936;889,8903088029501;0,0005115041099263693
109,08333333333333;679,9999999999997;679,9279385980542;618,510413979521;0,5650490075788875;0,3918718759365971;1,8142331285531554;5,636936295572487;889,8922808323343;0,00050792319670831
109,16666666666667;679,9999999999997;679,9284429654182;618,6235857185206;0,5650490075788875;0,3918718759365971;1,8015350486365378;5,597487037925993;889,8942390904061;0,000504367363944869
109,25;679,9999999999997;679,928943801854;618,7365475657093;0,5650490075788875;0,3918718759365971;1,78892586453685;5,558313891435054;889,8961836731407;0,0005008364358154983
109,33333333333333;679,9999999999997;679,9294411320917;618,8492998904594;0,5650490075788875;0,3918718759365971;1,7764049536424409;5,51941492313107;889,898114675846;0,0004973302377360213
109,41666666666667;679,9999999999997;679,929934980688;618,9618430616423;0,5650490075788875;0,3918718759365971;1,7639716976987074;5,480788213562093;889,9000321931693;0,0004938485963463043
109,5;679,9999999999997;679,9304253720276;619,0741774476281;0,5650490075788875;0,3918718759365971;1,7516254827910416;5,442431856738072;889,9019363191002;0,0004903913395052815
109,58333333333333;679,9999999999997;679,9309123303238;619,1863034162861;0,5650490075788875;0,3918718759365971;1,7393656993021978;5,4043439600021665;889,9038271469767;0,00048695829627919606
109,66666666666667;679,9999999999997;679,9313958796208;619,2982213349844;0,5650490075788875;0,3918718759365971;1,7271917418952398;5,3665226439677856;889,9057047694876;0,00048354929693606704
109,75;679,9999999999998;679,9318760437937;619,4099315705896;0,5650490075788875;0,3918718759365971;1,7151030094709085;5,3289660424008565;889,9075692786793;0,00048016417293467926
109,83333333333333;679,9999999999998;679,9323528465507;619,5214344894671;0,5650490075788875;0,3918718759365971;1,7030989051505685;5,291672302156856;889,9094207659582;0,00047680275691905295
109,91666666666667;679,9999999999998;679,9328263114334;619,6327304574811;0,5650490075788875;0,3918718759365971;1,6911788362278912;5,254639583032966;889,9112593220966;0,0004734648827049949
110,0;679,9999999999998;679,9332964618186;619,7438198399942;0,5650490075788875;0,3918718759365971;1,6793422141603287;5,2178660577434375;889,9130850372364;0,000470150385277764
110,08333333333333;679,9999999999998;679,9337633209194;619,8547030018678;0,5650490075788875;0,3918718759365971;1,667588454529323;5,181349911796382;889,9148980008933;0,0004668591007808865
110,16666666666667;679,9999999999998;679,9342269117859;619,9653803074617;0,5650490075788875;0,3918718759365971;1,655916977009042;5,145089343395218;889,9166983019619;0,0004635908665072334
110,25;679,9999999999998;679,9346872573068;620,0758521206342;0,5650490075788875;0,3918718759365971;1,6443272053464852;5,1090825633811665;889,9184860287185;0,00046034552089367436
110,33333333333333;679,9999999999998;679,9351443802103;620,1861188047419;0,5650490075788875;0,3918718759365971;1,6328185673245343;5,073327795110058;889,9202612688268;0,00045712290351008936
110,41666666666667;679,9999999999998;679,9355983030654;620,2961807226401;0,5650490075788875;0,3918718759365971;1,6213904947363744;5,037823274386619;889,9220241093419;0,00045392285505307646
110,5;679,9999999999998;679,9360490482827;620,4060382366822;0,5650490075788875;0,3918718759365971;1,6100424233599142;5,002567249365914;889,9237746367136;0,000450745217337422
110,58333333333333;679,9999999999998;679,936496638116;620,5156917087204;0,5650490075788875;0,3918718759365971;1,5987737929265222;4,967557980482157;889,9255129367916;0,0004475898332890476
110,66666666666667;679,9999999999998;679,9369410946629;620,6251415001049;0,5650490075788875;0,3918718759365971;1,5875840470954472;4,9327937403419435;889,9272390948288;0,00044445654693592345
110,75;679,9999999999998;679,9373824398663;620,7343879716842;0,5650490075788875;0,3918718759365971;1,5764726334225543;4,898272813653059;889,9289531954862;0,00044134520340101743
110,83333333333333;679,9999999999999;679,9378206955151;620,8434314838056;0,5650490075788875;0,3918718759365971;1,5654390033375876;4,863993497131398;889,9306553228369;0,00043825564889433575
110,91666666666667;679,9999999999999;679,9382558832458;620,9522723963142;0,5650490075788875;0,3918718759365971;1,5544826121185906;4,829954099437995;889,9323455603688;0,00043518773070682346
111,0;679,9999999999999;679,938688024543;621,0609110685539;0,5650490075788875;0,3918718759365971;1,543602918852116;4,796152941050341;889,9340239909907;0,0004321412971988167
111,08333333333333;679,9999999999999;679,9391171407408;621,1693478593666;0,5650490075788875;0,3918718759365971;1,532799386421857;4,762588354224059;889,9356906970352;0,0004291161977965932
111,16666666666667;679,9999999999999;679,9395432530238;621,2775831270926;0,5650490075788875;0,3918718759365971;1,5220714814773828;4,729258682897079;889,937345760262;0,00042611228298364837
111,25;679,9999999999999;679,9399663824281;621,3856172295707;0,5650490075788875;0,3918718759365971;1,5114186744028757;4,696162282599288;889,9389892618635;0,0004231294042923444
111,33333333333333;679,9999999999999;679,9403865498424;621,4934505241379;0,5650490075788875;0,3918718759365971;1,500840439294393;4,663297520375872;889,9406212824675;0,0004201674142970759
111,41666666666667;679,9999999999999;679,940803776009;621,6010833676295;0,5650490075788875;0,3918718759365971;1,49033625393713;4,630662774716133;889,9422419021412;0,0004172261666078089
111,5;679,9999999999999;679,9412180815249;621,7085161163794;0,5650490075788875;0,3918718759365971;1,479905599771314;4,598256435452189;889,9438512003956;0,00041430551586079235
111,58333333333333;679,9999999999999;679,9416294868425;621,81574912622;0,5650490075788875;0,3918718759365971;1,4695479618751506;4,566076903701479;889,9454492561888;0,00041140531771342067
111,66666666666667;679,9999999999999;679,9420380122714;621,9227827524818;0,5650490075788875;0,3918718759365971;1,4592628289335607;4,534122591773676;889,9470361479302;0,00040852542883569967
111,75;679,9999999999999;679,9424436779783;622,0296173499939;0,5650490075788875;0,3918718759365971;1,4490496932126007;4,502391923094034;889,9486119534847;0,00040566570690322317
111,83333333333333;679,9999999999999;679,9428465039889;622,1362532730841;0,5650490075788875;0,3918718759365971;1,4389080505395668;4,470883332129458;889,950176750175;0,00040282601059072275
111,91666666666667;679,9999999999999;679,9432465101885;622,2426908755783;0,5650490075788875;0,3918718759365971;1,428837400274574;4,439595264314586;889,9517306147867;0,0004000061995650372
112,0;679,9999999999999;679,943643716323;622,3489305108016;0,5650490075788875;0,3918718759365971;1,4188372452849762;4,4085261759669185;889,9532736235715;0,0003972061344775313
112,08333333333333;679,9999999999999;679,944038142;622,454972531577;0,5650490075788875;0,3918718759365971;1,4089070919226288;4,377674534212898;889,954805852251;0,0003944256769574539
112,16666666666667;679,9999999999999;679,9444298066895;622,5608172902269;0,5650490075788875;0,3918718759365971;1,399046449998309;4,34703881691398;889,9563273760202;0,00039166468960510377
112,25;679,9999999999999;679,9448187297255;622,6664651385719;0,5650490075788875;0,3918718759365971;1,3892548327589793;4,316617512598199;889,9578382695511;0,0003889230359855638
112,33333333333333;679,9999999999999;679,9452049303061;622,7719164279315;0,5650490075788875;0,3918718759365971;1,3795317568593646;4,286409120358857;889,9593386069971;0,00038620058061980723
112,41666666666667;679,9999999999999;679,9455884274951;622,8771715091242;0,5650490075788875;0,3918718759365971;1,3698767423448999;4,2564121498189404;889,9608284619951;0,0003834971889810609
112,5;679,9999999999999;679,9459692402226;622,9822307324671;0,5650490075788875;0,3918718759365971;1,3602893126204663;4,2266251210188654;889,9623079076708;0,00038081272748497256
112,58333333333333;679,9999999999999;679,946347387286;623,0870944477765;0,5650490075788875;0,3918718759365971;1,3507689944333379;4,197046564380887;889,9637770166407;0,000378147063485975
112,66666666666667;679,9999999999999;679,9467228873513;623,1917630043675;0,5650490075788875;0,3918718759365971;1,3413153178476023;4,167675020610537;889,9652358610163;0,0003755000652687761
112,75;679,9999999999999;679,9470957589533;623,2962367510546;0,5650490075788875;0,3918718759365971;1,3319278162157389;4,138509040622703;889,966684512408;0,00037287160204133604
112,83333333333333;679,9999999999999;679,9474660204972;623,4005160361512;0,5650490075788875;0,3918718759365971;1,322606026164408;4,109547185492348;889,9681230419278;0,0003702615439304932
112,91666666666667;679,9999999999999;679,9478336902592;623,50460120747;0,5650490075788875;0,3918718759365971;1,313349487566029;4,080788026361422;889,969551520193;0,0003676697619736363
113,0;679,9999999999999;679,9481987863874;623,6084926123231;0,5650490075788875;0,3918718759365971;1,3041577435160434;4,052230144386845;889,9709700173299;0,00036509612811356346
113,08333333333333;679,9999999999999;679,9485613269026;623,7121905975218;0,5650490075788875;0,3918718759365971;1,2950303403130192;4,023872130650162;889,9723786029768;0,00036254051519092357
113,16666666666667;679,9999999999999;679,9489213296995;623,8156955093772;0,5650490075788875;0,3918718759365971;1,2859668274330716;3,995712586105517;889,9737773462878;0,0003600027969388836
113,25;679,9999999999999;679,9492788125475;623,9190076936997;0,5650490075788875;0,3918718759365971;1,2769667575099675;3,967750121497524;889,9751663159352;0,0003574828479761298
113,33333333333333;679,9999999999999;679,9496337930913;624,0221274957994;0,5650490075788875;0,3918718759365971;1,2680296863095464;3,939983357301033;889,976545580115;0,0003549805438009771
113,41666666666667;679,9999999999999;679,9499862888521;624,1250552604864;0,5650490075788875;0,3918718759365971;1,2591551727155093;3,912410923660897;889,9779152065469;0,00035249576078625244
113,5;679,9999999999999;679,9503363172282;624,2277913320705;0,5650490075788875;0,3918718759365971;1,2503427786953125;3,8850314602879368;889,979275262481;0,00035002837616983715
113,58333333333333;679,9999999999999;679,9506838954962;624,3303360543616;0,5650490075788875;0,3918718759365971;1,2415920692916416;3,857843616445248;889,9806258146986;0,00034757826805311196
113,66666666666667;679,9999999999999;679,9510290408116;624,4326897706694;0,5650490075788875;0,3918718759365971;1,2329026125911469;3,8308460508386935;889,9819669295164;0,00034514531539132166
113,75;679,9999999999999;679,9513717702096;624,534852823804;0,5650490075788875;0,3918718759365971;1,224273979707391;3,8040374315703547;889,9832986727898;0,0003427293979891998
113,83333333333333;679,9999999999999;679,9517121006061;624,6368255560759;0,5650490075788875;0,3918718759365971;1,215705744758111;3,7774164360646143;889,9846211099162;0,00034033039649434155
113,91666666666667;679,9999999999999;679,9520500487985;624,7386083092957;0,5650490075788875;0,3918718759365971;1,2071974848453237;3,7509817510051837;889,9859343058376;0,0003379481923915168
114,0;679,9999999999999;679,9523856314664;624,8402014247748;0,5650490075788875;0,3918718759365971;1,1987487800354302;3,7247320722776114;889,9872383250439;0,0003355826679973575
114,08333333333333;679,9999999999999;679,9527188651729;624,9416052433252;0,5650490075788875;0,3918718759365971;1,1903592133364782;3,6986661049035714;889,9885332315762;0,00033323370645429117
114,16666666666667;679,9999999999999;679,9530497663646;625,0428201052596;0,5650490075788875;0,3918718759365971;1,1820283706754253;3,6727825629559945;889,9898190890301;0,0003309011917231693
114,25;679,9999999999999;679,9533783513732;625,1438463503916;0,5650490075788875;0,3918718759365971;1,1737558408810855;3,6470801695179973;889,9910959605588;0,0003285850085792689
114,33333333333333;679,9999999999999;679,9537046364159;625,2446843180361;0,5650490075788875;0,3918718759365971;1,1655412156670764;3,621557656625392;889,9923639088751;0,00032628504260717646
114,41666666666667;679,9999999999999;679,954028637596;625,3453343470087;0,5650490075788875;0,3918718759365971;1,157384089600555;3,5962137651681196;889,9936229962562;0,00032400118019190185
114,5;679,9999999999999;679,9543503709045;625,4457967756267;0,5650490075788875;0,3918718759365971;1,1492840600965337;3,571047244882041;889,9948732845448;0,0003217333085178977
114,58333333333333;679,9999999999999;679,9546698522201;625,5460719417088;0,5650490075788875;0,3918718759365971;1,1412407273837744;3,5460568542284694;889,9961148351543;0,0003194813155584876
114,66666666666667;679,9999999999999;679,9549870973102;625,646160182575;0,5650490075788875;0,3918718759365971;1,133253694493419;3,52124136037227;889,9973477090699;0,00031724509007356586
114,75;679,9999999999999;679,9553021218318;625,7460618350476;0,5650490075788875;0,3918718759365971;1,1253225672419376;3,4965995391216262;889,9985719668518;0,00031502452160429536
114,83333333333333;679,9999999999999;679,9556149413322;625,8457772354502;0,5650490075788875;0,3918718759365971;1,1174469542027055;3,472130174843168;889,9997876686393;0,0003128195004653525
114,91666666666667;679,9999999999999;679,95592557125;625,9453067196088;0,5650490075788875;0,3918718759365971;1,1096264666917932;3,44783206041269;890,0009948741529;0,000310629917740567
115,0;679,9999999999999;679,9562340269152;626,0446506228513;0,5650490075788875;0,3918718759365971;1,1018607187480711;3,423703997163134;890,0021936426973;0,00030845566527798766
115,08333333333333;679,9999999999999;679,9565403235509;626,1438092800083;0,5650490075788875;0,3918718759365971;1,0941493271161562;3,399744794821618;890,0033840331639;0,0003062966356843973
115,16666666666667;679,9999999999999;679,9568444762732;626,2427830254127;0,5650490075788875;0,3918718759365971;1,0864919112236748;3,375953271443729;890,0045661040346;0,0003041527223192518
115,25;679,9999999999999;679,9571465000924;626,3415721929;0,5650490075788875;0,3918718759365971;1,078888093167052;3,3523282533669794;890,0057399133833;0,00030202381929050984
115,33333333333333;679,9999999999999;679,9574464099139;626,4401771158089;0,5650490075788875;0,3918718759365971;1,0713374976859313;3,3288685751423617;890,0069055188803;0,0002999098214481922
115,41666666666667;679,9999999999999;679,9577442205383;626,5385981269806;0,5650490075788875;0,3918718759365971;1,063839752148965;3,3055730794741165;890,0080629777942;0,00029781062437927856
115,5;679,9999999999999;679,9580399466627;626,6368355587599;0,5650490075788875;0,3918718759365971;1,0563944865396024;3,282440617178665;890,0092123469944;0,00029572612440391036
115,58333333333333;679,9999999999999;679,9583336028812;626,7348897429948;0,5650490075788875;0,3918718759365971;1,0490013334305104;3,2594700471216376;890,0103536829542;0,000293656218569326
115,66666666666667;679,9999999999999;679,9586252036859;626,8327610110368;0,5650490075788875;0,3918718759365971;1,0416599279665206;3,236660236141217;890,0114870417543;0,0002916008046434444
115,75;679,9999999999999;679,958914763467;626,9304496937414;0,5650490075788875;0,3918718759365971;1,0343699078504187;3,214010059026234;890,0126124790842;0,0002895597811123756
115,83333333333333;680,0;679,9592022965141;627,0279561214675;0,5650490075788875;0,3918718759365971;1,0271309133230488;3,191518398434034;890,0137300502455;0,0002875330471734385
115,91666666666667;680,0;679,9594878170169;627,1252806240784;0,5650490075788875;0,3918718759365971;1,0199425871462608;3,169184144854884;890,0148398101551;0,000285520502731545
116,0;680,0;679,9597713390652;627,2224235309417;0,5650490075788875;0,3918718759365971;1,0128045745773306;3,147006196521625;890,015941813347;0,00028352204839127143
116,08333333333333;680,0;679,9600528766507;627,3193851709294;0,5650490075788875;0,3918718759365971;1,0057165233689602;3,1249834594178845;890,0170361139752;0,0002815375854573914
116,16666666666667;680,0;679,9603324436666;627,4161658724182;0,5650490075788875;0,3918718759365971;0,9986780837323295;3,1031148471548766;890,0181227658172;0,0002795670159239337
116,25;680,0;679,9606100539091;627,5127659632896;0,5650490075788875;0,3918718759365971;0,9916889083342539;3,081399280965923;890,0192018222751;0,0002776102424735897
116,33333333333333;680,0;679,9608857210776;627,6091857709301;0,5650490075788875;0,3918718759365971;0,9847486522716054;3,0598356896297974;890,0202733363797;0,00027566716847071866
116,41666666666667;680,0;679,9611594587756;627,7054256222317;0,5650490075788875;0,3918718759365971;0,9778569730599429;3,038423009435131;890,0213373607914;0,00027373769795812237
116,5;680,0;679,9614312805112;627,8014858435916;0,5650490075788875;0,3918718759365971;0,9710135306107759;3,0171601841064932;890,0223939478047;0,00027182173565043125
116,58333333333333;680,0;679,9617011996982;627,897366760913;0,5650490075788875;0,3918718759365971;0,964217987220195;2,9960461647715357;890,0234431493493;0,0002699191869310662
116,66666666666667;680,0;679,961969229656;627,9930686996045;0,5650490075788875;0,3918718759365971;0,9574700075461351;2,9750799098925476;890,0244850169933;0,0002680299578459993
116,75;680,0;679,9622353836111;628,0885919845813;0,5650490075788875;0,3918718759365971;0,9507692585998484;2,9542603852308655;890,0255196019452;0,00026615395510072267
116,83333333333333;680,0;679,9624996746971;628,1839369402646;0,5650490075788875;0,3918718759365971;0,9441154097231674;2,9335865637893757;890,026546955057;0,0002642910860547566
116,91666666666667;680,0;679,9627621159559;628,2791038905824;0,5650490075788875;0,3918718759365971;0,9375081325714518;2,913057425749548;890,0275671268265;0,00026244125871617183
117,0;680,0;679,9630227203377;628,3740931589692;0,5650490075788875;0,3918718759365971;0,9309471011022197;2,892671958441315;890,0285801673994;0,0002606043817387396
117,08333333333333;680,0;679,9632815007021;628,4689050683667;0,5650490075788875;0,3918718759365971;0,9244319915580945;2,872429156288321;890,0295861265718;0,0002587803644170139
117,16666666666667;680,0;679,9635384698188;628,5635399412234;0,5650490075788875;0,3918718759365971;0,9179624824469101;2,8523280207476853;890,0305850537931;0,0002569691166808485
117,25;680,0;679,9637936403678;628,6579980994959;0,5650490075788875;0,3918718759365971;0,9115382545303419;2,8323675602716745;890,0315769981679;0,0002551705490919873
117,33333333333333;680,0;679,9640470249407;628,752279864648;0,5650490075788875;0,3918718759365971;0,9051589908040114;2,812546790247471;890,0325620084587;0,0002533845728385814
117,41666666666667;680,0;679,9642986360404;628,8463855576515;0,5650490075788875;0,3918718759365971;0,898824376483276;2,7928647329588414;890,0335401330886;0,0002516110997315866
117,5;680,0;679,9645484860827;628,9403154989864;0,5650490075788875;0,3918718759365971;0,8925340989890174;2,773320417531382;890,0345114201428;0,00024985004220004167
117,58333333333333;680,0;679,964796587396;629,0340700086409;0,5650490075788875;0,3918718759365971;0,8862878479334313;2,753912879894188;890,0354759173713;0,0002481013132874667
117,66666666666667;680,0;679,9650429522227;629,1276494061121;0,5650490075788875;0,3918718759365971;0,880085315100132;2,734641162719622;890,0364336721915;0,0002463648266463813
117,75;680,0;679,9652875927193;629,2210540104059;0,5650490075788875;0,3918718759365971;0,8739261944327836;2,7155043153877214;890,0373847316902;0,0002446404965350834
117,83333333333333;680,0;679,9655305209571;629,3142841400371;0,5650490075788875;0,3918718759365971;0,8678101820180473;2,6965013939259674;890,038329142626;0,00024292823781236212
117,91666666666667;680,0;679,9657717489231;629,4073401130302;0,5650490075788875;0,3918718759365971;0,86173697607137;2,6776314609764302;890,0392669514317;0,00024122796593427007
118,0;680,0;679,96601128852;629,500222246919;0,5650490075788875;0,3918718759365971;0,8557062769227741;2,6588935857464877;890,0401982042163;0,00023953959694977668
118,08333333333333;680,0;679,9662491515675;629,5929308587473;0,5650490075788875;0,3918718759365971;0,849717786999804;2,6402868439540708;890,0411229467674;0,00023786304749585455
118,16666666666667;680,0;679,9664853498023;629,6854662650692;0,5650490075788875;0,3918718759365971;0,8437712108133155;2,621810317781118;890,0420412245537;0,00023619823479332003
118,25;680,0;679,9667198948789;629,7778287819489;0,5650490075788875;0,3918718759365971;0,8378662549432647;2,6034630958407234;890,042953082727;0,00023454507664360684
118,33333333333333;680,0;679,9669527983704;629,8700187249614;0,5650490075788875;0,3918718759365971;0,8320026280273396;2,585244273130593;890,0438585661238;0,0002329034914248005
118,41666666666667;680,0;679,9671840717684;629,9620364091926;0,5650490075788875;0,3918718759365971;0,8261800407410647;2,5671529509782873;890,0447577192688;0,00023127339808653232
118,5;680,0;679,9674137264846;630,0538821492396;0,5650490075788875;0,3918718759365971;0,8203982057892745;2,5491882370111063;890,0456505863752;0,0002296547161473279
118,58333333333333;680,0;679,9676417738502;630,1455562592109;0,5650490075788875;0,3918718759365971;0,8146568378862185;2,531349245090382;890,046537211349;0,00022804736568875523
118,66666666666667;680,0;679,9678682251176;630,2370590527267;0,5650490075788875;0,3918718759365971;0,8089556537441922;2,513635095286836;890,0474176377897;0,0002264512673529525
118,75;680,0;679,96809309146;630,3283908429194;0,5650490075788875;0,3918718759365971;0,8032943720593266;2,4960449138313012;890,0482919089931;0,00022486634233828473
118,83333333333333;680,0;679,9683163839724;630,4195519424334;0,5650490075788875;0,3918718759365971;0,7976727135002193;2,47857783307639;890,0491600679525;0,00022329251239593855
118,91666666666667;680,0;679,9685381136721;630,5105426634257;0,5650490075788875;0,3918718759365971;0,7920904006908813;2,461232991444477;890,0500221573618;0,00022172969982519865
119,0;680,0;679,9687582914996;630,6013633175663;0,5650490075788875;0,3918718759365971;0,7865471581965267;2,444009533386631;890,0508782196172;0,00022017782746966373
119,08333333333333;680,0;679,9689769283183;630,6920142160382;0,5650490075788875;0,3918718759365971;0,7810427125093611;2,4269066093415477;890,0517282968198;0,00021863681871346229
119,16666666666667;680,0;679,9691940349157;630,7824956695378;0,5650490075788875;0,3918718759365971;0,775576792042898;2,4099233757054335;890,052572430776;0,0002171065974787975
119,25;680,0;679,9694096220039;630,8728079882751;0,5650490075788875;0,3918718759365971;0,7701491271063787;2,3930589947662977;890,0534106630018;0,00021558708821970904
119,33333333333333;680,0;679,9696237002198;630,9629514819742;0,5650490075788875;0,3918718759365971;0,7647594499019306;2,3763126346875265;890,0542430347232;0,0002140782159207447
119,41666666666667;680,0;679,969836280126;631,0529264598734;0,5650490075788875;0,3918718759365971;0,7594074945046714;2,3596834694503865;890,0550695868786;0,0002125799060916702
119,5;680,0;679,9700473722107;631,1427332307258;0,5650490075788875;0,3918718759365971;0,754092996851341;2,34317067881296;890,0558903601215;0,00021109208476388083
119,58333333333333;680,0;679,9702569868892;631,2323721027989;0,5650490075788875;0,3918718759365971;0,7488156947317748;2,3267734482909765;890,056705394821;0,00020961467848849873
119,66666666666667;680,0;679,9704651345036;631,3218433838757;0,5650490075788875;0,3918718759365971;0,7435753277690083;2,3104909690921103;890,0575147310653;0,00020814761433052433
119,75;680,0;679,9706718253234;631,4111473812546;0,5650490075788875;0,3918718759365971;0,7383716374107507;2,2943224380831206;890,0583184086628;0,00020669081986600147
119,83333333333333;680,0;679,9708770695465;631,5002844017497;0,5650490075788875;0,3918718759365971;0,7332043669151744;2,27826705775974;890,0591164671442;0,00020524422317898185
119,91666666666667;680,0;679,9710808772994;631,5892547516912;0,5650490075788875;0,3918718759365971;0,7280732613367036;2,2623240361946535;890,0599089457648;0,00020380775285699747
120,0;680,0;679,9712832586374;631,6780587369257;0,5650490075788875;0,3918718759365971;0,7229780675146458;2,2464925869991688;890,0606958835064;0,00020238133798765917
