time_min;T_gas;T_hanger;T_cable;phi_hanger;phi_cable;qconv_hanger;qrad_hanger;cp_hanger;dT_hanger
0,0;20,0;20,0;20,0;0,6834754605183896;0,5187829146160852;0,0;0,0;0,0;0,0
0,08333333333333333;96,53781861764294;20,0;20,0;0,6834754605183896;0,5187829146160852;0,0;0,0;439,80176;0,0
0,16666666666666666;146,95199092663503;20,306176520652322;20,094179888631057;0,6834754605183896;0,5187829146160852;1913,4454654410736;306,37472875297857;439,80176;0,3061765206523207
0,25;184,60683287828354;20,831417989975172;20,25480389677769;0,6834754605183896;0,5187829146160852;3166,1453601495678;643,8004897485857;440,0184066948827;0,5252414693228504
0,3333333333333333;214,67364350130407;21,531561722541174;20,46801885215895;0,6834754605183896;0,5187829146160852;4094,385372207709;988,5313769795479;440,3893822763932;0,7001437325660027
0,4166666666666667;239,70362366757516;22,379161135850815;20,72536001274525;0,6834754605183896;0,5187829146160852;4828,552044469073;1331,757264389639;440,88255993831973;0,847599413309641
0,5;261,1446514959265;23,35513843934217;21,021045961805157;0,6834754605183896;0,5187829146160852;5433,111563293109;1669,814911208571;441,4775761245605;0,9759773034913558
0,5833333333333334;279,89804499722095;24,44525796134048;21,350837148474334;0,6834754605183896;0,5187829146160852;5944,737826414608;2001,1511469279935;442,1599717643878;1,0901195219983126
0,6666666666666666;296,5631594504424;25,63836555894981;21,711467397213532;0,6834754605183896;0,5187829146160852;6386,319675897012;2325,173448732684;442,918719273704;1,1931075976093297
0,75;311,5588238049186;26,925405762959794;22,100327519277826;0,6834754605183896;0,5187829146160852;6773,119847287315;2641,7544699432206;443,7449891191094;1,2870402040099835
0,8333333333333334;325,189270547786;28,298827017272473;22,515274535698723;0,6834754605183896;0,5187829146160852;7115,83545104897;2950,9985043411048;444,63146181535984;1,3734212543126794
0,9166666666666666;337,6824701135694;29,752199070709278;22,95450943576359;0,6834754605183896;0,5187829146160852;7422,261088262839;3253,12429896854;445,5719118413108;1,4533720534368038
1,0;349,2136657565671;31,27995472020064;23,416495021061614;0,6834754605183896;0,5187829146160852;7698,256776071505;3548,403667178783;446,5609400371591;1,5277556494913598
1,0833333333333333;359,9204763968563;32,87720857793593;23,89989852194417;0,6834754605183896;0,5187829146160852;7948,342775909161;3837,1284657384504;447,59379292291834;1,5972538577352895
1,1666666666666667;369,91295149454055;34,53962573519362;24,403550223553157;0,6834754605183896;0,5187829146160852;8176,081695473011;4119,592643811293;448,66623578000787;1,662417157257683
1,25;379,2804763795877;36,26332397377846;24,926412829484395;0,6834754605183896;0,5187829146160852;8384,333143983673;4396,082572383156;449,7744605068889;1,7236982385848463
1,3333333333333333;388,0966424225615;38,04479925119787;25,467558256161645;0,6834754605183896;0,5187829146160852;8575,428810145231;4666,8720326761;450,9150168162117;1,781475277419413
1,4166666666666667;396,42276192482973;39,880867770911685;26,02614970891275;0,6834754605183896;0,5187829146160852;8751,296079284091;4932,219864896808;452,0847595978829;1,8360685197138145
1,5;404,31045654585864;41,76862014893869;26,601427600160395;0,6834754605183896;0,5187829146160852;8913,547353847951;5192,369143617219;453,28080778307486;1,8877523780270042
1,5833333333333333;411,8035976900252;43,705384584147666;27,19269831961224;0,6834754605183896;0,5187829146160852;9063,545909923;5447,54722289847;454,5005115836188;1,93676443520898
1,6666666666666667;418,9397842966738;45,688696851737696;27,799325159554808;0,6834754605183896;0,5187829146160852;9202,455327646938;5697,966264614689;455,7414259572834;1,983312267590029
1,75;425,75148437421007;47,71627555092501;28,42072089461883;0,6834754605183896;0,5187829146160852;9331,277186123403;5943,8240203354;457,0012887865481;2,0275786991873153
1,8333333333333333;432,2669281095389;49,78600145722507;29,0563416497755;0,6834754605183896;0,5187829146160852;9450,880220582127;6185,304729939949;458,2780026850874;2,069725906300057
1,9166666666666667;438,5108147315537;51,89590012320435;29,705681784236813;0,6834754605183896;0,5187829146160852;9562,023166307847;6422,580055873729;459,5696196383448;2,1098986659792813
2,0;444,50487787550446;54,04412708073032;30,368269585769383;0,6834754605183896;0,5187829146160852;9665,372865208734;6655,810005799131;460,8743278887025;2,148226957525974
2,0833333333333335;450,26834213398865;56,22895514926478;31,043663618287123;0,6834754605183896;0,5187829146160852;9761,518769869353;6885,143817085829;462,1904406209634;2,184828068534459
2,1666666666666665;455,81829499723057;58,44876346615188;31,731449601101243;0,6834754605183896;0,5187829146160852;9850,984674618097;7110,720789262633;463,51638610882827;2,219808316887102
2,25;461,169992328726;60,70202793788207;32,4312377246451;0,6834754605183896;0,5187829146160852;9934,238288276967;7332,671058291187;464,8506990600555;2,2532644717301884
2,3333333333333335;466,33711113825626;62,987312873965585;33,14266032742262;0,6834754605183896;0,5187829146160852;10011,699109771098;7551,116311189619;466,19201295521793;2,2852849360835124
2,4166666666666665;471,33196020043107;65,30326361286623;33,865369874127474;0,6834754605183896;0,5187829146160852;10083,744956607266;7766,170442282684;467,53905321804433;2,315950738900645
2,5;476,16565668320214;67,64859998632552;34,59903718659315;0,6834754605183896;0,5187829146160852;10150,71741468912;7977,940153902172;468,89063108808483;2,345336373459292
2,5833333333333335;480,8482751635016;70,02211049712842;35,3433498883497;0,6834754605183896;0,5187829146160852;10212,926417421915;8186,525505158239;470,245638091632;2,3735105108029084
2,6666666666666665;485,3889740535016;72,42264710793242;36,09801103072178;0,6834754605183896;0,5187829146160852;10270,65411665933;8392,020412734146;471,60304102636286;2,4005366108040036
2,75;489,7961034260695;74,84912055666825;36,86273787407272;0,6834754605183896;0,5187829146160852;10324,15817363923;8594,513107706445;472,96187739047446;2,4264734487358353
2,8333333333333335;494,07729742979745;77,3004961283076;37,63726080232561;0,6834754605183896;0,5187829146160852;10373,674571735031;8794,08655227421;474,32125119915435;2,4513755716393395
2,9166666666666665;498,2395538632738;79,77578982428895;38,42132235253232;0,6834754605183896;0,5187829146160852;10419,420032537246;8990,818820069377;475,68032914084506;2,475293695981347
3,0;502,289302991853;82,2740648802079;39,21467634420898;0,6834754605183896;0,5187829146160852;10461,59410097462;9184,783443461303;477,03833703345754;2,498275055918958
3,0833333333333335;506,2324673062227;84,79442858997518;40,01708709555877;0,6834754605183896;0,5187829146160852;10500,380952791127;9376,049730991923;478,39455654690744;2,520363709767282
3,1666666666666665;510,07451361691875;87,33602940088055;40,82832871567273;0,6834754605183896;0,5187829146160852;10535,950967906188;9564,68305780056;479,74832216340207;2,5416008109053667
3,25;513,8204986348507;89,8980542491479;41,648184463423995;0,6834754605183896;0,5187829146160852;10568,462105400955;9750,745131630894;481,0990183510333;2,5620248482673516
3,3333333333333335;517,475108991462;92,4797261098396;42,476446165118126;0,6834754605183896;0,5187829146160852;10598,06110964257;9934,294236761521;482,44607692963683;2,5816718606917033
3,4166666666666665;521,0426964931474;95,08030173853436;43,31291368408504;0,6834754605183896;0,5187829146160852;10624,884572040559;10115,38545796989;483,78897461069175;2,6005756286947497
3,5;524,5273092751398;97,69906958519454;44,15739443633847;0,6834754605183896;0,5187829146160852;10649,059868865328;10294,070886427246;485,12723069537964;2,6187678466601754
3,5833333333333335;527,9327194142114;100,335347863161;45,009702947220305;0,6834754605183896;0,5187829146160852;10670,705992248631;10470,399809229979;486,46040491688814;2,6362782779664666
3,6666666666666665;531,2624474724937;102,98848275834938;45,86966044461566;0,6834754605183896;0,5187829146160852;10689,93428877626;10644,41888409912;487,7880954146977;2,653134895188366
3,75;534,519784372824;105,65784676553908;46,73709448489233;0,6834754605183896;0,5187829146160852;10706,849117853608;10816,172300623843;489,1099368299938;2,669364007189703
3,8333333333333335;537,707810946369;108,34283714019963;47,61183860820138;0,6834754605183896;0,5187829146160852;10721,548440182123;10985,701929285111;490,4255985125395;2,6849903746605563
3,9166666666666665;540,829415443571;111,04287445563092;48,49373202018943;0,6834754605183896;0,5187829146160852;10734,124345154234;11153,047459370284;491,73478283036684;2,700037315431285
4,0;543,8873092578712;113,75740125634242;49,382619297527796;0,6834754605183896;0,5187829146160852;10744,6635246985;11318,246526777948;493,0372235745235;2,7145268007114924
4,083333333333333;546,8840410767281;116,48588079958931;50,278350114969484;0,6834754605183896;0,5187829146160852;10753,247700038219;11481,334832612463;494,3326844518774;2,7284795432468956
4,166666666666667;549,8220096450009;119,2277958778454;51,18077899190883;0,6834754605183896;0,5187829146160852;10759,954006928469;11642,34625337816;495,62095765963613;2,7419150782560915
4,25;552,7034753008451;121,98264771574374;52,0897650566478;0,6834754605183896;0,5187829146160852;10764,855344178888;11801,312943504;496,9018625358247;2,7548518378983458
4,333333333333333;555,5305704231138;124,74995493567282;53,00517182677166;0,6834754605183896;0,5187829146160852;10768,020689627534;11958,265430858051;498,175244280467;2,7673072199290734
4,416666666666667;558,3053089112316;127,52925258679198;53,9268670042104;0,6834754605183896;0,5187829146160852;10769,515387186024;12113,232705847775;499,4409727426675;2,779297651119164
4,5;561,0295948031132;130,32009123273718;54,85472228371396;0,6834754605183896;0,5187829146160852;10769,401408110989;12266,242304644984;500,6989412691853;2,7908386459451977
4,583333333333333;563,7052301234963;133,12203609373546;55,78861317360222;0,6834754605183896;0,5187829146160852;10767,737589259401;12417,320387023768;501,9490656104467;2,801944860998268
4,666666666666667;566,3339220437125;135,93466623924334;56,72841882776772;0,6834754605183896;0,5187829146160852;10764,579850744021;12566,49180925378;503,1912828802577;2,8126301455078746
4,75;568,9172894241422;138,75757382757635;57,67402188801195;0,6834754605183896;0,5187829146160852;10759,981395111728;12713,780192450538;504,42555056576055;2,8229075883330146
4,833333333333333;571,4568688021395;141,59036338931045;58,62530833588705;0,6834754605183896;0,5187829146160852;10753,992889914145;12859,207986747691;505,65184558443633;2,832789561734113
4,916666666666667;573,9541198808918;144,43265115151627;59,58216735329524;0,6834754605183896;0,5187829146160852;10746,662635320727;13002,796531622986;506,8701633851836;2,8422877622058116
5,0;576,4104305683087;147,28406440013768;60,54449119116979;0,6834754605183896;0,5187829146160852;10738,036718234387;13144,566112680199;508,0805170907135;2,851413248621421
5,083333333333333;578,8271216094959;150,14424087805176;61,51217504562463;0,6834754605183896;0,5187829146160852;10728,159154204275;13284,536015162477;509,282936678694;2,8601764779140697
5,166666666666667;581,2054508515216;153,0128282165488;62,48511694101659;0,6834754605183896;0,5187829146160852;10717,072018286104;13422,72457444836;510,4774681992473;2,8685873384970466
5,25;583,5466171749573;155,88948339815468;63,463217619414415;0,6834754605183896;0,5187829146160852;10704,815565874322;13559,149223759892;511,6641730265689;2,8766551816058734
5,333333333333333;585,8517641229552;158,7738722488818;64,44638043601404;0,6834754605183896;0,5187829146160852;10691,428344420066;13693,82653929271;512,8431271425779;2,8843888507271127
5,416666666666667;588,1219832553611;161,6656689581451;65,43451126008006;0,6834754605183896;0,5187829146160852;10676,947296851835;13826,772282960144;514,0144204506495;2,8917967092632897
5,5;590,3583172524936;164,5645556247145;66,42751838102951;0,6834754605183896;0,5187829146160852;10661,4078574304;13958,001442926863;515,1781561175984;2,898886666569403
5,583333333333333;592,5617627906768;167,47022182719874;67,42531241930695;0,6834754605183896;0,5187829146160852;10644,84404069448;14087,528272093485;516,3344499422084;2,905666202484247
5,666666666666667;594,7332732093793;170,3823642176674;68,42780624172892;0,6834754605183896;0,5187829146160852;10627,28852408695;14215,366324679755;517,4834297486979;2,912142390468648
5,75;596,8737609878225;173,3006861371203;69,4349148810028;0,6834754605183896;0,5187829146160852;10608,772724792798;14341,528491042061;518,6252348036243;2,9183219194528878
5,833333333333333;598,9841000471628;176,22489725160702;70,4465554591486;0,6834754605183896;0,5187829146160852;10589,326871267554;14466,02703084979;519,7600152548122;2,924211114486714
5,916666666666667;601,0651278927828;179,15471320788438;71,46264711457435;0,6834754605183896;0,5187829146160852;10568,980069888894;14588,87360473524;520,8879315909867;2,9298159562773756
6,0;603,1176476098371;182,08985530757826;72,48311093257504;0,6834754605183896;0,5187829146160852;10547,76036712246;14710,07930452228;522,0091541208695;2,9351420996938873
6,083333333333333;605,1424297239511;185,03005019888758;73,50786987904317;0,6834754605183896;0,5187829146160852;10525,694807556472;14829,654682130784;523,1238624705737;2,9401948913093148
6,166666666666667;607,1402139378599;187,97502958493448;74,53684873719506;0,6834754605183896;0,5187829146160852;10502,809488126588;14947,609777246047;524,2322450982048;2,9449793860468914
6,25;609,111710753788;190,92452994792498;75,56997404713191;0,6834754605183896;0,5187829146160852;10479,129608823136;15063,954143835283;525,3344988246449;2,9495003629905128
6,333333333333333;611,057602990467;193,87829228834028;76,60717404806793;0,6834754605183896;0,5187829146160852;10454,679520146576;15178,696875587091;526,430828379559;2,9537623404152833
6,416666666666667;612,9785472029022;196,8360618784296;77,64837862307037;0,6834754605183896;0,5187829146160852;10429,482767553167;15291,846630343409;527,5214459617216;2,957769590089339
6,5;614,8751750122722;199,79758802932378;78,69351924616713;0,6834754605183896;0,5187829146160852;10403,562133111813;15403,41165358833;528,606570812824;2,961526150894176
6,583333333333333;616,7480943527046;202,76262387113078;79,74252893168837;0,6834754605183896;0,5187829146160852;10376,93967457371;15513,39980105299;529,686428803969;2,965035841806996
6,666666666666667;618,5978906410819;205,73092614541602;80,79534218571754;0,6834754605183896;0,5187829146160852;10349,636762039345;15621,818560491205;530,7612520341177;2,9683022742852354
6,75;620,4251278755141;208,7022550095063;81,85189495953605;0,6834754605183896;0,5187829146160852;10321,674112391647;15728,675072675836;531,8312784397967;2,971328864090274
6,833333333333333;622,2303496676327;211,67637385209088;82,9121246049537;0,6834754605183896;0,5187829146160852;10293,071821650195;15833,976151662513;532,8967514154235;2,974118842584562
6,916666666666667;624,0140802134338;214,6530491196246;83,97596983142431;0,6834754605183896;0,5187829146160852;10263,849395388546;15937,728304363198;533,9579194436474;2,976675267533709
7,0;625,7768252070096;217,6320501530673;85,04337066485257;0,6834754605183896;0,5187829146160852;10234,025777345229;16039,937749468807;535,015035735151;2,9790010334426893
7,083333333333333;627,5190727011509;220,6131490345204;86,11426840800442;0,6834754605183896;0,5187829146160852;10203,619376348555;16140,610435757051;536,0683578773896;2,9810988814531045
7,166666666666667;629,241293918488;223,59612044334673;87,18860560243884;0,6834754605183896;0,5187829146160852;10172,648091665762;16239,75205981855;537,1181474917896;2,9829714088263315
7,25;630,9439440165397;226,5807415213823;88,26632599188439;0,6834754605183896;0,5187829146160852;10141,129336878532;16337,368083231813;538,1646698989586;2,9846210780355515
7,333333333333333;632,6274628097796;229,5667917468701;89,34737448698829;0,6834754605183896;0,5187829146160852;10109,080062378936;16433,463749214818;539,2081937914977;2,986050225487807
7,416666666666667;634,2922754515852;232,5540528167658;90,43169713137091;0,6834754605183896;0,5187829146160852;10076,516776572736;16528,044098778926;540,2489909140371;2,9872610698956765
7,5;635,9387930787146;235,54230853708236;91,51924106892208;0,6834754605183896;0,5187829146160852;10043,455565870485;16621,113986408396;541,2873357501456;2,9882557203165665
7,583333333333333;637,5674134207562;238,53134472095863;92,6099545122799;0,6834754605183896;0,5187829146160852;10009,912113540808;16712,678095286832;542,3235052158;2,9890361838762667
7,666666666666667;639,1785213768086;241,52094909415072;93,7037867124361;0,6834754605183896;0,5187829146160852;9975,90171749494;16802,740952090244;543,3577783591215;2,989604373192086
7,75;640,7724895614857;244,51091120766037;94,80068792941549;0,6834754605183896;0,5187829146160852;9941,439307066446;16891,306941364037;544,3904360661209;2,989962113509636
7,833333333333333;642,3496788221825;247,50102235722665;95,90060940397986;0,6834754605183896;0,5187829146160852;9906,539458845635;16978,380319500284;545,4217607722112;2,990111149566271
7,916666666666667;643,9104387293985;250,49107550941972;97,00350333030977;0,6834754605183896;0,5187829146160852;9871,216411623895;17063,96522832963;546,452036179282;2,990053152193069
8,0;645,4551080417851;253,48086523408602;98,1093228296203;0,6834754605183896;0,5187829146160852;9835,48408049947;17148,06570834097;547,4815469781432;2,9897897246662994
8,083333333333334;646,984015147466;256,4701876429044;99,21802192466924;0,6834754605183896;0,5187829146160852;9799,356070192478;17230,68571154055;548,510578576174;2,989322408818412
8,166666666666666;648,4974784830653;259,4588403338222;100,32955551511861;0,6834754605183896;0,5187829146160852;9762,84568761404;17311,829113961216;549,5394168300327;2,9886526909177475
8,25;649,9958069317851;262,44662234114753;101,44387935371239;0,6834754605183896;0,5187829146160852;9725,965953731076;17391,49972783081;550,568347783304;2,987782007325329
8,333333333333334;651,4793002017749;265,433334091084;102,56095002323568;0,6834754605183896;0,5187829146160852;9688,729614765938;17469,70131340844;551,5976574089773;2,9867117499364797
8,416666666666666;652,9482491859517;268,41877736249825;103,68072491422195;0,6834754605183896;0,5187829146160852;9651,149152767272;17546,437590495512;552,6276313566708;2,985443271414216
8,5;654,402936304353;271,4027552527191;104,8031622033774;0,6834754605183896;0,5187829146160852;9613,236795586336;17621,71224962815;553,6585547045314;2,98397789022083
8,583333333333334;655,84363583003;274,3850721481726;105,92822083269222;0,6834754605183896;0,5187829146160852;9575,004526290848;17695,528962956436;554,6907117157587;2,982316895453472
8,666666666666666;657,2706141994204;277,3655336996616;107,05586048921127;0,6834754605183896;0,5187829146160852;9536,464092046437;17767,891394815255;555,7243855997123;2,9804615514890256
8,75;658,684130308081;280,34394680210465;108,1860415854369;0,6834754605183896;0,5187829146160852;9497,62701249397;17838,80321199068;556,7598582775835;2,9784131024430476
8,833333333333334;660,0844357926003;283,32011957855184;109,31872524033899;0,6834754605183896;0,5187829146160852;9458,504587649408;17908,26809368536;557,7974101526177;2,9761727764471715
8,916666666666666;661,4717752994591;286,2938613683007;110,453873260948;0,6834754605183896;0,5187829146160852;9419,107905351211;17976,289741185625;558,8373198848919;2,97374178974889
9,0;662,8463867415572;289,2649827189381;111,59144812450816;0,6834754605183896;0,5187829146160852;9379,447848278958;18042,871887232486;559,879864170663;2,971121350637333
9,083333333333334;664,2085015430796;292,23329538213636;112,73141296116921;0,6834754605183896;0,5187829146160852;9339,53510056548;18108,018305098347;560,9253175263096;2,968312663198274
9,166666666666666;665,5583448733319;295,1986123130377;113,87373153719585;0,6834754605183896;0,5187829146160852;9299,38015402358;18171,732817370543;561,9739520769047;2,9653169309013268
9,25;666,8961358701365;298,16074767305975;115,01836823867541;0,6834754605183896;0,5187829146160852;9258,993314007354;18234,019304442827;563,0260373494615;2,962135360022043
9,333333333333334;668,2220878533439;301,11951683596106;116,16528805570492;0,6834754605183896;0,5187829146160852;9218,384704926919;18294,881712715083;564,0818400709071;2,958769162901336
9,416666666666666;669,5364085289779;304,0747363970056;117,31445656703977;0,6834754605183896;0,5187829146160852;9177,56427543457;18354,324062501742;565,1416239708412;2,9552195610445198
9,5;670,8393001845062;307,02622418506763;118,46583992518693;0,6834754605183896;0,5187829146160852;9136,541803299306;18412,350455648695;566,2056495891477;2,951487788062007
9,583333333333334;672,130959875693;309,97379927752127;119,61940484192658;0,6834754605183896;0,5187829146160852;9095,326899985965;18468,965082858627;567,2741740885298;2,947575092453627
9,666666666666666;673,4115796054655;312,9172820177596;120,77511857424665;0,6834754605183896;0,5187829146160852;9053,929014954292;18524,17223072433;568,3474510720466;2,9434827402383466
9,75;674,6813464952023;315,8564940351907;121,93294891067538;0,6834754605183896;0,5187829146160852;9012,357439692647;18577,976288469326;569,4257304057297;2,939212017431108
9,833333333333334;675,940442948824;318,7912582675591;123,0928641579981;0,6834754605183896;0,5187829146160852;8970,62131150029;18630,381754395454;570,5092580463654;2,9347642323684124
9,916666666666666;677,1890468100461;321,72139898544333;124,25483312834434;0,6834754605183896;0,5187829146160852;8928,729617031624;18681,393242036498;571,5982758745265;2,930140717884245
10,0;678,4273315131342;324,64674181878115;125,41882512663288;0,6834754605183896;0,5187829146160852;8886,691195615069;18731,01548601725;572,6930215329447;2,92534283333785
10,083333333333334;679,6554662274801;327,5671137852761;126,58480993836184;0,6834754605183896;0,5187829146160852;8844,514742358826;18779,253347617378;573,7937282703076;2,9203719664949315
10,166666666666666;680,873615996301;330,4823433205399;127,75275781773263;0,6834754605183896;0,5187829146160852;8802,208811055101;18826,111820039238;574,9006247905728;2,915229535263781
10,25;682,0819418697455;333,3922603098278;128,922639476096;0,6834754605183896;0,5187829146160852;8759,781816894028;18871,596033379323;576,013935107885;2,909916989287921
10,333333333333334;683,2806010326747;336,29669612122467;130,0944260707097;0,6834754605183896;0,5187829146160852;8717,242038997942;18915,711259302705;577,1338784071837;2,9044358113968416
10,416666666666666;684,4697469273736;339,19548364014116;131,26808919379707;0,6834754605183896;0,5187829146160852;8674,59762278625;18958,462915420074;578,260668910585;2,898787518916497
10,5;685,649529371431;342,08845730498246;132,4436008618973;0,6834754605183896;0,5187829146160852;8631,856582180812;18999,856569367425;579,3945157496213;2,89297366484128
10,583333333333334;686,8200946710131;344,9754531438517;133,62093350549685;0,6834754605183896;0,5187829146160852;8589,026801661212;19039,897942588068;580,5356228434151;2,886995838869267
10,666666666666666;687,9815857297483;347,85630881215434;134,8000599589339;0,6834754605183896;0,5187829146160852;8546,116038179034;19078,592913817403;581,6841887828642;2,8808556683026323
10,75;689,1341421534233;350,73086363096957;135,98095345056652;0,6834754605183896;0,5187829146160852;8503,131922939849;19115,94752227071;582,8404067209067;2,874554818815207
10,833333333333334;690,2779003506829;353,59895862605885;137,16358759319633;0,6834754605183896;0,5187829146160852;8460,081963061344;19151,96797053467;584,0044642689312;2,868094995089297
10,916666666666666;691,4129936299151;356,4604365673828;138,34793637473948;0,6834754605183896;0,5187829146160852;8416,9735431156;19186,66062716352;585,1765433993933;2,861477941323963
11,0;692,5395522924949;359,31514200899994;139,53397414913752;0,6834754605183896;0,5187829146160852;8373,813926563307;19220,032028980997;586,3568203546896;2,8547054416171
11,083333333333334;693,6577037225472;362,1629213292237;140,72167562750033;0,6834754605183896;0,5187829146160852;8330,610257087375;19252,088883089593;587,5454655623383;2,8477793202237836
11,166666666666666;694,7675724733864;365,00362277091716;141,91101586947426;0,6834754605183896;0,5187829146160852;8287,369559833089;19282,83806858879;588,742643556505;2,840701441693473
11,25;695,8692803507773;367,83709648180593;143,10197027482837;0,6834754605183896;0,5187829146160852;8244,098742561731;19312,286638004447;589,9485129059077;2,8334737108887897
11,333333333333334;696,9629464931571;370,6631945546947;144,29451457525255;0,6834754605183896;0,5187829146160852;8200,804596724285;19340,441818431747;591,163226148126;2,8260980728887635
11,416666666666666;698,0486874489512;373,4817710674742;145,48862482636062;0,6834754605183896;0,5187829146160852;8157,49379846156;19367,311012394246;592,3869297303295;2,818576512779483
11,5;699,1266172511076;376,29268212280954;146,6842773998928;0,6834754605183896;0,5187829146160852;8114,1729095369255;19392,901798422357;593,6197639564382;2,8109110553353576
11,583333333333334;700,1968474889691;379,09578588740374;147,88144897611144;0,6834754605183896;0,5187829146160852;8070,848378207453;19417,221931354405;594,861862940711;2,8031037645941863
11,666666666666666;701,2594873775967;381,8909426307332;149,08011653638422;0,6834754605183896;0,5187829146160852;8027,526540039134;19440,279342364105;596,1133545677594;2,795156743329447
11,75;702,3146438246525;384,67801476315657;150,28025735594974;0,6834754605183896;0,5187829146160852;7984,213618671586;19462,082138718495;597,3743604589622;2,7870721324233454
11,833333333333334;703,3624214949439;387,4568668733008;151,48184899685975;0,6834754605183896;0,5187829146160852;7940,915726537399;19482,638603270683;598,6449959452619;2,778852110144223
11,916666666666666;704,4029228727254;390,22736576463285;152,68486930109353;0,6834754605183896;0,5187829146160852;7897,638865541077;19501,95719369219;599,9253700463058;2,7704988913320903
12,0;705,4362483218545;392,989380491129;153,88929638383885;0,6834754605183896;0,5187829146160852;7854,388927702314;19520,046541449865;601,2155854558839;2,7620147264961528
12,083333333333334;706,4624961438842;395,7427823919573;155,09510862693557;0,6834754605183896;0,5187829146160852;7811,1716957681365;19536,91545053283;602,5157385336175;2,7534019008282735
12,166666666666666;707,4817626341827;398,4874451250937;156,30228467247665;0,6834754605183896;0,5187829146160852;7767,9928437981725;19552,57289593496;603,8259193028287;2,744662733136435
12,25;708,4941421361547;401,22324469979606;157,51080341656265;0,6834754605183896;0,5187829146160852;7724,857937727225;19567,02802189919;605,1462114545278;2,735799574702327
12,333333333333334;709,4997270936447;403,95005950786333;158,7206440032053;0,6834754605183896;0,5187829146160852;7681,772435908965;19580,290139929548;606,4766923574309;2,7268148080672865
12,416666666666666;710,4986081015925;406,6677703536142;159,93178581837608;0,6834754605183896;0,5187829146160852;7638,741689644533;19592,368726577828;607,8174330739251;2,717710845750849
12,5;711,4908739550117;409,3762604825204;161,14420848419593;0,6834754605183896;0,5187829146160852;7595,770943699457;19603,27342101144;609,1684983818817;2,7084901289062517
12,583333333333334;712,4766116963575;412,0754156084377;162,35789185326217;0,6834754605183896;0,5187829146160852;7552,865336812281;19613,01402236966;610,5299468022113;2,6991551259172617
12,666666666666666;713,4559066613458;414,76512393937844;163,5728160031092;0,6834754605183896;0,5187829146160852;7510,029902197995;19621,600486915722;611,9018306320507;2,6897083309407526
12,75;714,4288425232843;417,44527620177786;164,78896123079917;0,6834754605183896;0,5187829146160852;7467,269568049184;19629,042924991994;613,2841959834558;2,680152262399443
12,833333333333334;715,3955013359754;420,11576566320707;166,00630804763927;0,6834754605183896;0,5187829146160852;7424,589158037661;19635,351597786168;614,6770828274766;2,6704894614292383
12,916666666666666;716,3559635752413;422,7764881534927;167,22483717402244;0,6834754605183896;0,5187829146160852;7381,993391819207;19640,536913916607;616,080525043476;2,6607224902856683
13,0;717,3103081791287;425,4273420842065;168,44452953438827;0,6834754605183896;0,5187829146160852;7339,4868855437135;19644,609425844472;617,4945504735491;2,6508539307137826
13,083333333333334;718,2586125868407;428,0682284664925;169,66536625230083;0,6834754605183896;0,5187829146160852;7297,074152373055;19647,579826121386;618,9191809818974;2,64088638228598
13,166666666666666;719,200952776444;430,6990509272046;170,88732864564057;0,6834754605183896;0,5187829146160852;7254,759603008706;19649,458943480844;620,3544325189987;2,630822460712135
13,25;720,1374033013974;433,31971572333094;172,11039822190747;0,6834754605183896;0,5187829146160852;7212,547546230983;19650,257738781816;621,8003151904153;2,6206647961263365
13,333333333333334;721,0680373259469;435,9301317546855;173,3345566736326;0,6834754605183896;0,5187829146160852;7170,442189451662;19649,98730081328;623,2568333300736;2,6104160313545517
13,416666666666666;721,9929266594281;438,5302105748529;174,5597858738951;0,6834754605183896;0,5187829146160852;7128,447639281535;19648,658841968318;624,7239855778439;2,60007882016741
13,5;722,9121417895152;441,1198664003752;175,7860678719425;0,6834754605183896;0,5187829146160852;7086,567902114381;19646,283693796755;626,2017649612463;2,589655825522298
13,583333333333334;723,8257519144576;443,699016118174;177,0133848889113;0,6834754605183896;0,5187829146160852;7044,8068847285;19642,873302444637;627,6901589811025;2,5791497177987464
13,666666666666666;724,7338249743394;446,26757929120515;178,24171931364577;0,6834754605183896;0,5187829146160852;7003,168394907089;19638,439223989906;629,1891497009535;2,568563173031162
13,75;725,6364276813969;448,82547816234785;179,47105369861234;0,6834754605183896;0,5187829146160852;6961,656142078356;19632,993119682862;630,6987138400564;2,55789887114272
13,833333333333334;726,5336255494282;451,37263765653205;180,70137075590733;0,6834754605183896;0,5187829146160852;6920,273737976226;19626,546751099995;632,218822869771;2,547159494184186
13,916666666666666;727,4254829223283;453,9089853811134;181,9326533533559;0,6834754605183896;0,5187829146160852;6879,024697322403;19619,111975220378;633,7494431131502;2,536347724581307
14,0;728,3120630017797;456,4344516245077;183,1648845106999;0,6834754605183896;0,5187829146160852;6837,912438530374;19610,700739432923;635,2905358475406;2,52546624339429
14,083333333333334;729,1934278741282;458,94896935310044;184,3980473958726;0,6834754605183896;0,5187829146160852;6796,940284431801;19601,325076483427;636,8420574099995;2,514517728592751
14,166666666666666;730,0696385364723;461,45247420644984;185,63212532135847;0,6834754605183896;0,5187829146160852;6756,111463025695;19590,997099369702;638,4039593053383;2,5035048533493796
14,25;730,9407549219961;463,94490449080524;186,86710174063552;0,6834754605183896;0,5187829146160852;6715,429108250562;19579,728996193262;639,9761883165961;2,492430284355401
14,333333333333334;731,806835924568;466,4262011709661;188,10296024469886;0,6834754605183896;0,5187829146160852;6674,896260779772;19567,533024976176;641,5586866177522;2,4812966801608694
14,416666666666666;732,6679394226336;468,8963078605086;189,33968455866335;0,6834754605183896;0,5187829146160852;6634,515868840046;19554,421508450654;643,1513918884851;2,4701066895424857
14,5;733,5241223024258;471,3551708104103;190,57725853844354;0,6834754605183896;0,5187829146160852;6594,290789053124;19540,406828830004;644,7542374307839;2,4588629499017087
14,583333333333334;734,3754404805153;473,8027388961059;191,81566616750928;0,6834754605183896;0,5187829146160852;6554,223787300387;19525,501422568293;646,367152287226;2,4475680856955724
14,666666666666666;735,221948925724;476,2389636030085;193,05489155371512;0,6834754605183896;0,5187829146160852;6514,317539610235;19509,717775116722;647,9900613607301;2,4362247069026015
14,75;736,063701680423;478,66379901053443;194,29491892620223;0,6834754605183896;0,5187829146160852;6474,574633067887;19493,06841568393;649,6228855356;2,4248354075259733
14,833333333333334;736,9007518812366;481,0772017746704;195,53573263237078;0,6834754605183896;0,5187829146160852;6434,997566747215;19475,565912007685;651,2655417996757;2,413402764135961
14,916666666666666;737,7331517791685;483,47913110912395;196,77731713492156;0,6834754605183896;0,5187829146160852;6395,5887526641545;19457,222865144897;652,9179433674104;2,401929334453518
15,0;738,5609527591754;485,8695487651006;198,01965700896534;0,6834754605183896;0,5187829146160852;6356,350516751112;19438,05190428667;654,579999803698;2,3904176559766754
15,083333333333334;739,3842053592003;488,24841900975196;199,2627369391983;0,6834754605183896;0,5187829146160852;6317,28509985187;19418,065681605345;656,2516171482761;2,3788702446513303
15,166666666666666;740,2029592886872;490,6157086033397;200,50654171714237;0,6834754605183896;0,5187829146160852;6278,39465873621;19397,276867139397;657,9326980405351;2,3672895935877625
15,25;741,0172634465923;492,97138677516386;201,7510562384489;0,6834754605183896;0,5187829146160852;6239,6812671336875;19375,69814372273;659,6231418445683;2,3556781718241337
15,333333333333334;741,8271659389073;495,3154251983019;202,99626550026463;0,6834754605183896;0,5187829146160852;6201,146916785711;19353,34220196395;661,3228447742997;2,3440384231380262
15,416666666666666;742,6327140957137;497,6477979632088;204,24215459865812;0,6834754605183896;0,5187829146160852;6162,7935185151355;19330,221735281186;663,0317000185353;2,332372764906917
15,5;743,4339544877794;499,9684815502272;205,48870872610615;0,6834754605183896;0,5187829146160852;6124,622903312623;19306,34943499807;664,7495978657831;2,3206835870183973
15,583333333333334;744,230932942715;502,2774548010579;206,7359131690382;0,6834754605183896;0,5187829146160852;6086,636823438805;19281,73798550562;666,4764258286973;2,3089732508307343
15,666666666666666;745,0236945607014;504,57469888924214;207,9837533054381;0,6834754605183896;0,5187829146160852;6048,836953541427;19256,400059495118;668,212068768001;2,297244088184263
15,75;745,8122837298051;506,8601972897061;209,23221460250178;0,6834754605183896;0,5187829146160852;6011,224891786482;19230,348313266106;669,9564090157551;2,285498400463955
15,833333333333334;746,5967441408912;509,1339357474195;210,48128261434985;0,6834754605183896;0,5187829146160852;5973,802161002476;19203,595382114298;671,7093264978363;2,2737384577133923
15,916666666666666;747,3771188021491;511,39590224521976;211,730942979794;0,6834754605183896;0,5187829146160852;5936,570209836793;19176,15387580297;673,470698855503;2,2619664978002265
16,0;748,1534500532408;513,6460869708528;212,98118142015616;0,6834754605183896;0,5187829146160852;5899,530413923233;19148,036374121748;675,240401565926;2,250184725633087
16,083333333333332;748,9257795790855;515,8844822832826;214,23198373713922;0,6834754605183896;0,5187829146160852;5862,6840770597;19119,255422536207;677,0183080615691;2,2383953124298004
16,166666666666668;749,6941484232906;518,1110826783192;215,48333581074874;0,6834754605183896;0,5187829146160852;5826,032432395073;19089,823527931432;678,804289848309;2,226600395036645
16,25;750,4585970012388;520,3258847536175;216,73522359726417;0,6834754605183896;0,5187829146160852;5789,576643624284;19059,753154452646;680,5982166221955;2,214802075298306
16,333333333333332;751,2191651128453;522,5288871730955;217,98763312725887;0,6834754605183896;0,5187829146160852;5753,317806190532;19029,056719445296;682,3999563847467;2,2030024194780213
16,416666666666668;751,9758919549911;524,7200906308229;219,24055050366826;0,6834754605183896;0,5187829146160852;5717,256948493744;18997,746589497307;684,2093755566923;2,1912034577274047
16,5;752,7288161336446;526,8994978144282;220,49396189990452;0,6834754605183896;0,5187829146160852;5681,395033104203;18965,83507658554;686,0263390900768;2,179407183605269
16,583333333333332;753,4779756756794;529,0671133680729;221,74785355801777;0,6834754605183896;0,5187829146160852;5645,732957980411;18933,33443432834;687,8507105786396;2,167615553644725
16,666666666666668;754,2234080403992;531,2229438550406;223,0022117869023;0,6834754605183896;0,5187829146160852;5610,271557690163;18900,25685434572;689,6823523663988;2,155830486967731
16,75;754,9651501307771;533,3669977199869;224,2570229605473;0,6834754605183896;0,5187829146160852;5575,011604633965;18866,614462729325;691,5211256543673;2,1440538649462764
16,833333333333332;755,7032383044174;535,499285250896;225,51227351633102;0,6834754605183896;0,5187829146160852;5539,953810269756;18832,41931662243;693,3668906053358;2,132287530909178
16,916666666666668;756,4377083842494;537,6198185407895;226,76794995335817;0,6834754605183896;0,5187829146160852;5505,098826338033;18797,683400911537;695,2195064466646;2,120533289893516
17,0;757,1685956689603;539,7286114492292;228,02403883083892;0,6834754605183896;0,5187829146160852;5470,447246086496;18762,418625030554;697,0788315710308;2,1087929084396735
17,083333333333332;757,8959349431748;541,825679563658;229,28052676650947;0,6834754605183896;0,5187829146160852;5435,999605493276;18726,636819877498;698,9447236350791;2,0970681144288306
17,166666666666668;758,6197604873885;543,9110401606198;230,5374004350932;0,6834754605183896;0,5187829146160852;5401,756384487919;18690,349734844604;700,8170396559342;2,0853605969617854
17,25;759,3401060876628;545,9847121668977;231,7946465668016;0,6834754605183896;0,5187829146160852;5367,718008169217;18653,56903496201;702,6956361055372;2,073672006277913
17,333333333333332;760,0570050450884;548,0467161206108;233,05225194587447;0,6834754605183896;0,5187829146160852;5333,884848019127;18616,306298154836;704,5803690027668;2,0620039537130337
17,416666666666668;760,7704901850219;550,0970741323057;234,31020340915862;0,6834754605183896;0,5187829146160852;5300,257223111941;18578,573012613433;706,4710940033226;2,050358011694919
17,5;761,480593866106;552,1358098460809;235,56848784472436;0,6834754605183896;0,5187829146160852;5266,835401317905;18540,380574276758;708,3676664873394;2,0387357137751865
17,583333333333332;762,1873479890739;554,1629484007772;236,8270921905193;0,6834754605183896;0,5187829146160852;5233,619600500629;18501,740284428295;710,2699416447138;2,027138554696298
17,666666666666668;762,8907840053497;556,1785163912695;238,08600343305866;0,6834754605183896;0,5187829146160852;5200,609989707419;18462,66334740347;712,17777455813;2,015567990492278
17,75;763,5909329254464;558,1825418298914;239,3452086061516;0,6834754605183896;0,5187829146160852;5167,806690352007;18423,160868408457;714,091020283766;2,00402543862193
17,833333333333332;764,2878253271688;560,1750541080246;240,60469478966286;0,6834754605183896;0,5187829146160852;5135,2097773888745;18383,243851448755;716,0095339296763;1,9925122781331355
17,916666666666668;764,9814913636275;562,1560839578816;241,86444910830926;0,6834754605183896;0,5187829146160852;5102,819280478605;18342,92319736696;717,9331707318461;1,981029849856954
18,0;765,6719607710663;564,1256634145118;243,12445873049043;0,6834754605183896;0,5187829146160852;5070,635185143647;18302,209701988442;719,8617861279125;1,9695794566301805
18,083333333333332;766,3592628765119;566,0838257780567;244,38471086715307;0,6834754605183896;0,5187829146160852;5038,657433913863;18261,1140543733;721,7952358285606;1,958162363544997
18,166666666666668;767,0434266052484;568,0306055762812;245,64519277068854;0,6834754605183896;0,5187829146160852;5006,88592746138;18219,646835173644;723,7333758865932;1,946779798224445
18,25;767,7244804881208;569,9660385274036;246,90589173386277;0,6834754605183896;0,5187829146160852;4975,320525724181;18177,818515094423;725,6760627636893;1,9354329511223771
18,333333333333332;768,4024526686754;571,8901615032502;248,16679508877857;0,6834754605183896;0,5187829146160852;4943,961049017929;18135,63945345619;727,6231533948585;1,9241229758465714
18,416666666666668;769,0773709101379;573,803012492754;249,42789020586912;0,6834754605183896;0,5187829146160852;4912,807279135632;18093,1198968586;729,5745052506068;1,912850989503794
18,5;769,7492626022346;575,7046305658193;250,68916449292283;0,6834754605183896;0,5187829146160852;4881,858960434599;18050,269977941854;731,5299763968342;1,9016180730654133
18,583333333333332;770,4181547678629;577,5950558375717;251,95060539413853;0,6834754605183896;0,5187829146160852;4851,115800910381;18007,09971424546;733,4894255524773;1,8904252717524515
18,666666666666668;771,0840740696129;579,4743294330104;253,21220038921095;0,6834754605183896;0,5187829146160852;4820,577473257279;17963,61900716145;735,452712144925;1,8792735954387407
18,75;771,7470468161434;581,3424934520815;254,47393699244566;0,6834754605183896;0,5187829146160852;4790,243615915062;17919,83764098091;737,4196963632282;1,86816401907106
18,833333333333332;772,4070989684202;583,1995909351865;255,73580275190324;0,6834754605183896;0,5187829146160852;4760,1138341015485;17875,76528203085;739,3902392091292;1,857097483104978
18,916666666666668;773,0642561458147;585,0456658291419;256,99778524857214;0,6834754605183896;0,5187829146160852;4730,187700830842;17831,41147790064;741,364202545941;1,8460748939553622
19,0;773,7185436320716;586,8807629536021;258,2598720955699;0,6834754605183896;0,5187829146160852;4700,464757916822;17786,785656754484;743,3414491453041;1,8350971244603032
19,083333333333332;774,369986381145;588,7049279679596;259,522050937372;0,6834754605183896;0,5187829146160852;4670,944516961737;17741,89712672908;745,3218427318554;1,8241650143574561
19,166666666666668;775,0186090229103;590,5182073387313;260,78430944906836;0,6834754605183896;0,5187829146160852;4641,626460329636;17696,75507541347;747,305248025837;1,8132793707716692
19,25;775,6644358687505;592,3206483074441;262,04663533564667;0,6834754605183896;0,5187829146160852;4612,510042104475;17651,36856940948;749,2915307836837;1,8024409687128975
19,333333333333332;776,3074909170251;594,1122988590274;263,3090163313024;0,6834754605183896;0,5187829146160852;4583,5946890326595;17605,746553969853;751,2805578366227;1,791650551583343
19,416666666666668;776,9477978584201;595,8932076907204;264,5714401987749;0,6834754605183896;0,5187829146160852;4554,8798014499425;17559,89785271282;753,2721971273229;1,780908831692911
19,5;777,5853800811856;597,6634241815024;265,8338947287093;0,6834754605183896;0,5187829146160852;4526,364754192494;17513,831167410022;755,2663177446293;1,7702164907819882
19,583333333333332;778,2202606762614;599,422998362053;267,0963677390442;0,6834754605183896;0,5187829146160852;4498,04889749208;17467,555077846082;757,2627899564236;1,7595741805506453
19,666666666666668;778,8524624422954;601,1719808852464;268,35884707442347;0,6834754605183896;0,5187829146160852;4469,9315578552105;17421,078041747318;759,2614852406488;1,7489825231933844
19,75;779,4820078905557;602,9109663957081;269,62132060563385;0,6834754605183896;0,5187829146160852;4442,012038926225;17374,408394777787;761,0243969336105;1,7389855104617402
19,833333333333332;780,1089192497407;604,6412220390606;270,8837762290659;0,6834754605183896;0,5187829146160852;4414,27603737119;17327,514703288925;762,247635008523;1,730255643352452
19,916666666666668;780,7332184706884;606,3627060504987;272,1462018661993;0,6834754605183896;0,5187829146160852;4386,692430267001;17280,31515435588;763,4963943041549;1,7214840114381131
20,0;781,3549272309881;608,0753772496901;273,4085854631117;0,6834754605183896;0,5187829146160852;4359,262810504742;17232,822387080112;764,7714014007902;1,7126711991913817
20,083333333333332;781,9740669394974;609,7791950208581;274,6709149900106;0,6834754605183896;0,5187829146160852;4331,988749532451;17185,049083752405;766,0734096799137;1,703817771167998
20,166666666666668;782,5906587407653;611,4741192920965;275,93317844078825;0,6834754605183896;0,5187829146160852;4304,871797965984;17137,00796917562;767,4032005345395;1,6949242712383565
20,25;783,2047235193654;613,1601105138959;277,195363832599;0,6834754605183896;0,5187829146160852;4277,913486216721;17088,711810074376;768,7615846438271;1,6859912217994883
20,333333333333332;783,8162819041406;614,8371296368628;278,45745920545886;0,6834754605183896;0,5187829146160852;4251,115325136738;17040,173414597088;770,1494033158949;1,677019122966849
20,416666666666668;784,4253542723608;616,5051380886079;279,7194526218669;0,6834754605183896;0,5187829146160852;4224,4788066819465;16991,405631913658;771,5675299030016;1,6680084517451201
20,5;785,0319607537976;618,1640977497851;280,98133216644806;0,6834754605183896;0,5187829146160852;4198,005404593823;16942,421351913832;773,0168712935575;1,6589596611773187
20,583333333333332;785,636121234716;619,8139709292566;282,24308594561745;0,6834754605183896;0,5187829146160852;4171,696575100313;16893,23350501041;774,4983694857331;1,6498731794714168
20,666666666666668;786,237855361786;621,4547203383603;283,5047020872652;0,6834754605183896;0,5187829146160852;4145,553757636486;16843,85506205213;776,0130032477638;1,6407494091036976
20,75;786,8371825459162;623,0863090642583;284,766168740462;0,6834754605183896;0,5187829146160852;4119,578375585644;16794,299034350897;777,5617898704098;1,6315887258980202
20,833333333333332;787,4341219660113;624,7087005423384;286,02747407518495;0,6834754605183896;0,5187829146160852;4093,7718370414473;16744,578473827776;779,1457870174108;1,622391478080125
20,916666666666668;788,0286925726546;626,3218585276445;287,2886062820633;0,6834754605183896;0,5187829146160852;4068,1355355918213;16694,70647328293;780,7660946801923;1,61315798530614
21,0;788,6209130917173;627,9257470653089;288,5495535721438;0,6834754605183896;0,5187829146160852;4042,6708511252514;16644,69616679445;782,4238572435277;1,6038885376644085
21,083333333333332;789,2108020278981;629,5203304599586;289,8103041766754;0,6834754605183896;0,5187829146160852;4017,37915066021;16594,560730250472;784,1202656693414;1,59458339464968
21,166666666666668;789,7983776681923;631,1055732440674;291,070846346913;0,6834754605183896;0,5187829146160852;3992,2617891984883;16544,313382020704;785,8565598063587;1,5852427841088406
21,25;790,383658085293;632,6814401452245;292,33116835394;0,6834754605183896;0,5187829146160852;3967,320110603123;16493,96738377173;787,6340308338704;1,575866901157201
21,333333333333332;790,9666611409274;634,247896052289;293,59125848850897;0,6834754605183896;0,5187829146160852;3942,55544850171;16443,536041431304;789,4540238484893;1,5664559070643984
21,416666666666668;791,5474044891267;635,8049059803981;294,85110506090115;0,6834754605183896;0,5187829146160852;3917,9691272159603;16393,032706307924;791,3179406034286;1,5570099281090755
21,5;792,1259055794344;637,3524350347994;296,11069640080296;0,6834754605183896;0,5187829146160852;3893,5624627182165;16342,470776369972;793,2272424105417;1,5475290544013252
21,583333333333332;792,7021816600524;638,8904483734715;297,3700208572008;0,6834754605183896;0,5187829146160852;3869,336763615874;16291,863697690815;795,1834532161361;1,5380133386720793
21,666666666666668;793,2762497809262;640,4189111685;298,62906679829274;0,6834754605183896;0,5187829146160852;3845,293332164522;16241,224966065076;797,1881628623953;1,5284627950285277
21,75;793,8481267967716;641,9377885661747;299,88782261141745;0,6834754605183896;0,5187829146160852;3821,4334653106534;16190,56812880186;799,243030547153;1,5188773976747425
21,833333333333332;794,4178293700451;643,4470456457715;301,14627670299967;0,6834754605183896;0,5187829146160852;3797,7584557649207;16139,90678670063;801,3497884957264;1,5092570795967164
21,916666666666668;794,9853739738556;644,9466473769826;302,4044174985123;0,6834754605183896;0,5187829146160852;3774,2695931068397;16089,25459621606;803,5102458595841;1,4996017312111214
22,0;795,5507768948233;646,4365585759597;303,6622334424547;0,6834754605183896;0,5187829146160852;3750,9681649218264;16038,62527181679;805,7262928577585;1,489911198977057
22,083333333333332;796,1140542358838;647,91674385993;304,91971299834665;0,6834754605183896;0,5187829146160852;3727,8554579715915;15988,032588545197;807,9999051781629;1,4801852839703233
22,166666666666668;796,6752219190403;649,3871676003497;306,1768446487384;0,6834754605183896;0,5187829146160852;3704,9327593988464;15937,490384783388;810,3331486573181;1,4704237404197078
22,25;797,2342956880632;650,8477938745547;307,4336168952354;0,6834754605183896;0,5187829146160852;3682,2013579672644;15887,012565231751;812,7281842584608;1,4606262742050027
22,333333333333332;797,7912911111413;652,2985864158712;308,690018258539;0,6834754605183896;0,5187829146160852;3659,662545337713;15836,613104105892;815,1872733695939;1,45079254131658
22,416666666666668;798,3462235834829;653,7395085621479;309,94603727850125;0,6834754605183896;0,5187829146160852;3637,317617381751;15786,306048558608;817,7127834447747;1,4409221462766217
22,5;798,8991083298687;655,1705232026701;311,20166251419477;0,6834754605183896;0,5187829146160852;3615,167875533376;15736,10552233189;820,3071940138145;1,4310146405221762
22,583333333333332;799,4499604071581;656,5915927234207;312,45688254399647;0,6834754605183896;0,5187829146160852;3593,2146281799646;15686,025729646002;822,9731030876092;1,421069520750654
22,666666666666668;799,99879470675;658,0026789506493;313,7116859656859;0,6834754605183896;0,5187829146160852;3571,459192093434;15636,08095933057;825,7132339885563;1,4110862272285114
22,75;800,5456259569982;659,4037430927136;314,96606139655665;0,6834754605183896;0,5187829146160852;3549,902893902518;15586,285589204132;828,5304426379354;1,4010641420643264
22,833333333333332;801,0904687255824;660,7947456801614;316,2199974735421;0,6834754605183896;0,5187829146160852;3528,547071607113;15536,654090707427;831,4277253347752;1,3910025874478258
22,916666666666668;801,6333374218373;662,1756465040182;317,47348285335374;0,6834754605183896;0,5187829146160852;3507,3930761355227;15487,201033795423;834,4082270636213;1,3809008238568328
23,0;802,1742462990397;663,546404552253;318,72650621263296;0,6834754605183896;0,5187829146160852;3486,442272945476;15437,941092094086;837,4752503717559;1,3707580482347521
23,083333333333332;802,7132094566529;664,9069779443946;319,97905624811517;0,6834754605183896;0,5187829146160852;3465,696043669669;15388,889048325984;840,6322648598623;1,3605733921416607
23,166666666666668;803,2502408425325;666,2573238642774;321,2311216768069;0,6834754605183896;0,5187829146160852;3445,1557878064564;15340,059800008916;843,8829173338702;1,3503459198827936
23,25;803,7853542550922;667,5973984908965;322,4826912361747;0,6834754605183896;0,5187829146160852;3424,822924456379;15291,468365432436;847,2310426698169;1,3400746266190655
23,333333333333332;804,3185633454309;668,9271569273615;323,73375368434637;0,6834754605183896;0,5187829146160852;3404,698894104894;15243,12988991439;850,6806754480338;1,3297584364649526
23,416666666666668;804,8498816194227;670,2465531279418;324,9842978003238;0,6834754605183896;0,5187829146160852;3384,785160451736;15195,059652341362;854,2360624178566;1,3193962005802469
23,5;805,3793224397692;671,5555398232049;326,2343123842071;0,6834754605183896;0,5187829146160852;3365,0832122870243;15147,27307199351;857,9016758594178;1,3089866952630598
23,583333333333332;805,906899028016;672,8540684432578;327,4837862574302;0,6834754605183896;0,5187829146160852;3345,5945654141087;15099,78571565626;861,6822279149283;1,2985286200529367
23,666666666666668;806,432624466534;674,1420890391119;328,7327082630074;0,6834754605183896;0,5187829146160852;3326,3207646189558;15052,61330501737;865,5826859682747;1,2880205958540953
23,75;806,9565117004661;675,4195502022023;329,9810672657905;0,6834754605183896;0,5187829146160852;3307,263385685553;15005,771724348926;869,6082891587778;1,2774611630905317
23,833333333333332;807,478573539639;676,6863989821087;331,22885215273664;0,6834754605183896;0,5187829146160852;3288,4240374565934;14959,277028471026;873,7645661226546;1,2668487799063683
23,916666666666668;807,9988226604439;677,9425808025355;332,4760518331862;0,6834754605183896;0,5187829146160852;3269,8043639382577;14913,145450993088;878,0573540641662;1,2561818204268143
24,0;808,517271607682;679,1880393756328;333,72265523915064;0,6834754605183896;0,5187829146160852;3251,4060464477097;14867,393412825868;882,4928192676805;1,2454585730972103
24,083333333333332;809,0339327963804;680,422716614753;334,96865132561027;0,6834754605183896;0,5187829146160852;3233,2308058012304;14822,037530956792;887,0774791720336;1,2346772391201193
24,166666666666668;809,5488185135763;681,646552545766;336,2140290708213;0,6834754605183896;0,5187829146160852;3215,2804045406865;14777,094627476705;891,8182261397121;1,2238359310129785
24,25;810,0619409200687;682,8594852170779;337,45877747663235;0,6834754605183896;0,5187829146160852;3197,5566491952577;14732,581738845314;896,7223530656086;1,2129326713118758
24,333333333333332;810,5733120521434;684,0614506085282;338,7028855688097;0,6834754605183896;0,5187829146160852;3180,0613925747684;14688,516125378017;901,7975809835373;1,2019653914501949
24,416666666666668;811,0829438232665;685,2523825393728;339,9463423973714;0,6834754605183896;0,5187829146160852;3162,79653609038;14644,915280934787;907,0520888434521;1,1909319308445645
24,5;811,5908480257496;686,4322125755972;341,1891370369301;0,6834754605183896;0,5187829146160852;3145,764032097344;14601,796942786259;912,4945456485343;1,1798300362243686
24,583333333333332;812,097036332387;687,6008699368427;342,4312585870438;0,6834754605183896;0,5187829146160852;3128,965886253809;14559,17910162892;918,134145159139;1,1686573612455198
24,666666666666668;812,601520298066;688,7582814032767;343,67269617257494;0,6834754605183896;0,5187829146160852;3112,4041598886065;14517,080011716156;923,9806433902063;1,1574114664338968
24,75;813,1043113613489;689,9043712227857;344,9134389440568;0,6834754605183896;0,5187829146160852;3096,080972369734;14475,518201066247;930,0443991503007;1,1460898195090123
24,833333333333332;813,6054208460289;691,0390610189298;346,153476078068;0,6834754605183896;0,5187829146160852;3079,99850346408;14434,512481701866;936,3364178941727;1,134689796144074
24,916666666666668;814,1048599626615;692,1622697001545;347,3927967776141;0,6834754605183896;0,5187829146160852;3064,1589956774765;14394,081959870058;942,8683991868448;1,123208681224743
25,0;814,6026398100687;693,2739133708299;348,63139027251583;0,6834754605183896;0,5187829146160852;3048,564756562675;14354,246046182832;949,6527881059553;1,1116436706753832
25,083333333333332;815,0987713768183;694,3739052447585;349,8692458198049;0,6834754605183896;0,5187829146160852;3033,218160980971;14315,024465610606;956,702830940728;1,09999187392862
25,166666666666668;815,5932655426803;695,4621555618801;351,1063527041258;0,6834754605183896;0,5187829146160852;3018,121653301495;14276,437267252304;964,0326355807463;1,0882503171216205
25,25;816,0861330800585;696,5385715089905;352,34270023814406;0,6834754605183896;0,5187829146160852;3003,2777495200066;14238,504833794283;971,6572370260579;1,0764159471103307
25,333333333333332;816,5773846553977;697,6030571453919;353,5782777629608;0,6834754605183896;0,5187829146160852;2988,6890392767014;14201,247890560764;979,5926684923396;1,0644856364013968
25,416666666666668;817,0670308305696;698,6555133345021;354,813074648533;0,6834754605183896;0,5187829146160852;2974,358187750147;14164,687514045085;987,8560386313204;1,0524561891101964
25,5;817,5550820642352;699,6958376825646;356,0470802940994;0,6834754605183896;0,5187829146160852;2960,287937401688;14128,845139799101;996,4656154378486;1,040324348062513
25,583333333333332;818,0415487131849;700,7239244857312;357,28028412861175;0,6834754605183896;0,5187829146160852;2946,4811095417645;14093,74256954236;1005,4409174713036;1,0280868031665957
25,666666666666668;818,5264410336572;701,739664686923;358,51267561117146;0,6834754605183896;0,5187829146160852;2932,9406056863404;14059,40197733861;1014,8028130810877;1,0157402011917742
25,75;819,0097691826367;702,7429458440221;359,74424423147076;0,6834754605183896;0,5187829146160852;2919,669408668355;14025,84591467032;1024,57362839419;1,003281157099046
25,833333333333332;819,49154321913;703,7336521111;360,974979510239;0,6834754605183896;0,5187829146160852;2906,670583465365;13993,097314223045;1034,7772648979376;0,990706267077957
25,916666666666668;819,9717731054225;704,7116642345527;362,2048709996931;0,6834754605183896;0,5187829146160852;2893,9472777007495;13961,179492174768;1045,439327533699;0,9780121234526546
26,0;820,4504687083137;705,67685956618;363,4339082839924;0,6834754605183896;0,5187829146160852;2881,5027217717443;13930,116148763125;1056,587264308234;0,9651953316273638
26,083333333333332;820,9276398003342;706,629112095428;364,6620809796974;0,6834754605183896;0,5187829146160852;2869,340228553341;13899,931366884748;1068,2505185293167;0,9522525292479833
26,166666666666668;821,4032960609427;707,5682925031889;365,88937873623235;0,6834754605183896;0,5187829146160852;2857,4631926226543;13870,649608457954;1080,4606948821838;0,9391804077609398
26,25;821,877447077704;708,4942682397417;367,11579123635124;0,6834754605183896;0,5187829146160852;2845,8750889438447;13842,295708258296;1093,251740684037;0,9259757365528068
26,333333333333332;822,3501023474481;709,4069036295953;368,3413081966075;0,6834754605183896;0,5187829146160852;2834,5794709490574;13814,89486491393;1106,6601437864551;0,9126353898535728
26,416666666666668;822,8212712774124;710,3060600061775;369,56591936782627;0,6834754605183896;0,5187829146160852;2823,579967946321;13788,472628725256;1120,7251487410686;0,8991563765822826
26,5;823,2909631863645;711,1915958794826;370,7896145355799;0,6834754605183896;0,5187829146160852;2812,880281780872;13763,054885951558;1135,4889930035336;0,8855358733051474
26,583333333333332;823,7591873057085;712,0633671399448;372,012383520666;0,6834754605183896;0,5187829146160852;2802,4841826720462;13738,667839185155;1150,9971651258843;0,8717712604622089
26,666666666666668;824,2259527805732;712,9212273019432;373,23421617958775;0,6834754605183896;0,5187829146160852;2792,3955041440904;13715,337983415404;1167,2986870791656;0,8578601619984154
26,75;824,6912686708839;713,7650277904504;374,4551024050369;0,6834754605183896;0,5187829146160852;2782,618136965749;13693,092077367148;1184,4464230583117;0,8438004885071873
26,833333333333332;825,1551439524181;714,5946182744086;375,675032126378;0,6834754605183896;0,5187829146160852;2773,1560220108377;13671,957109683739;1202,4974173511396;0,8295904839582185
26,916666666666668;825,617587517844;715,4098470504439;376,8939953101353;0,6834754605183896;0,5187829146160852;2764,013141950238;13651,96025951673;1221,51326410471;0,8152287760353057
27,0;826,0786081777427;716,2105614804967;378,1119819604803;0,6834754605183896;0,5187829146160852;2755,193511685002;13633,12885107799;1241,5605120971738;0,8007144300528535
27,083333333333332;826,5382146616171;716,9966084868475;379,3289821197213;0,6834754605183896;0,5187829146160852;2746,7011674311493;13615,490301714597;1262,7111079233262;0,7860470063508358
27,166666666666668;826,9964156188817;717,7678351078334;380,5449858687937;0,6834754605183896;0,5187829146160852;2738,5401543692383;13599,072063076284;1285,0428813298113;0,7712266209858424
27,25;827,4532196198409;718,5240891172734;381,7599833277515;0,6834754605183896;0,5187829146160852;2730,7145127762055;13583,90155496624;1308,6400767934665;0,7562540094399981
27,333333333333332;827,9086351566499;719,2652197102328;382,97396465625934;0,6834754605183896;0,5187829146160852;2723,2282625641856;13570,006091498328;1333,5939358262128;0,7411305929594396
27,416666666666668;828,3626706442624;719,9910782572423;384,18692005408485;0,6834754605183896;0,5187829146160852;2716,0853861604264;13557,412799228016;1360,0033349150945;0,7258585470095043
27,5;828,8153344213631;720,7015191284379;385,3988397615917;0,6834754605183896;0,5187829146160852;2709,289809675502;13546,148526984945;1387,9754844694553;0,7104408711956031
27,583333333333332;829,2666347512875;721,3964005882858;386,6097140602324;0,6834754605183896;0,5187829146160852;2702,8453823231303;13536,239747211883;1417,6266946524004;0,6948814598479508
27,666666666666668;829,7165798229258;722,0755857605928;387,81953327304115;0,6834754605183896;0,5187829146160852;2696,7558540750415;13527,712448708815;1449,0832145243648;0,6791851723070192
27,75;830,1651777516154;722,7389436623708;389,0282877651262;0,6834754605183896;0,5187829146160852;2691,024851558325;13520,592020794484;1482,4821515271037;0,6633579017779534
27,833333333333332;830,6124365800187;723,3863503038214;390,235967944162;0,6834754605183896;0,5187829146160852;2685,6558522311134;13514,90312903369;1517,972478991575;0,6474066414505263
27,916666666666668;831,0583642789885;724,0176898502331;391,4425642608801;0,6834754605183896;0,5187829146160852;2680,6521569049323;13510,669582831959;1555,7161400686869;0,6313395464117298
28,0;831,5029687484201;724,6328558399509;392,6480672095598;0,6834754605183896;0,5187829146160852;2676,016860718886;13507,914195375351;1595,8892572638813;0,6151659897178909
28,083333333333332;831,9462578180911;725,2317524508011;393,8524673285172;0,6834754605183896;0,5187829146160852;2671,75282271173;13506,658636587968;1638,6834576124056;0,598896610850167
28,166666666666668;832,3882392484895;725,8142958054617;395,055755200593;0,6834754605183896;0,5187829146160852;2667,862634182251;13506,923279992534;1684,3073244703614;0,5825433546606213
28,25;832,8289207316272;726,3804153042977;396,257921453639;0,6834754605183896;0,5187829146160852;2664,3485860756955;13508,727044585514;1732,9879879266707;0,5661194988360283
28,333333333333332;833,2683098918452;726,9300549721715;397,45895676100287;0,6834754605183896;0,5187829146160852;2661,212635683239;13512,087233075195;1784,972866974238;0,5496396678738603
28,416666666666668;833,7064142866034;727,463174803762;398,6588518420108;0,6834754605183896;0,5187829146160852;2658,4563729918414;13517,019368073046;1840,5315778275865;0,5331198315904259
28,5;834,1432414072614;727,9797520900371;399,8575974624485;0,6834754605183896;0,5187829146160852;2656,080987071036;13523,537028066417;1899,958024153431;0,5165772862751761
28,583333333333332;834,5787986798474;728,4797827068138;401,0551844350398;0,6834754605183896;0,5187829146160852;2654,0872329306067;13531,65168523009;1963,5726865073275;0,5000306167767362
28,666666666666668;835,0130934658149;728,963282344876;402,2516036199226;0,6834754605183896;0,5187829146160852;2652,47539932584;13541,372547342;2031,7251299616646;0,48349963806219654
28,75;835,4461330627898;729,4302876600111;403,4468459251227;0,6834754605183896;0,5187829146160852;2651,2452780234726;13552,706406246758;2104,7967507901076;0,4670053151351163
28,833333333333332;835,8779247053058;729,8808573206406;404,6409023070244;0,6834754605183896;0,5187829146160852;2650,396135069468;13565,657495450363;2183,20378516426;0,45056966062952974
28,916666666666668;836,3084755655296;730,3150729305522;405,83376377083863;0,6834754605183896;0,5187829146160852;2649,926684616628;13580,227359515407;2267,400605146888;0,4342156099115656
29,0;836,7377927539765;730,7330398046591;407,0254213710674;0,6834754605183896;0,5187829146160852;2649,8350658744357;13596,414737953719;2357,883329861488;0,4179668741069112
29,083333333333332;837,1658833202138;731,134887576774;408,21586621196576;0,6834754605183896;0,5187829146160852;2650,118823732933;13614,215466270925;2455,193782612998;0,40184777211484485
29,166666666666668;837,5927542535558;731,5207706201202;409,40508944799956;0,6834754605183896;0,5187829146160852;2650,774893585995;13633,622396697087;2559,9238279640776;0,385883043346266
29,25;838,018412483749;731,8908682637276;410,5930822843001;0,6834754605183896;0,5187829146160852;2651,79959083589;13654,62534094006;2672,72012637422;0,3700976436074118
29,333333333333332;838,4428648816468;732,2453847909396;411,77983597711494;0,6834754605183896;0,5187829146160852;2653,1886055005343;13677,211037015633;2794,289348026637;0,3545165272120293
29,416666666666668;838,8661182598744;732,5845492099495;412,9653418342545;0,6834754605183896;0,5187829146160852;2654,9370022676785;13701,363141849122;2925,4038919455384;0,339164419009918
29,5;839,2881793734858;732,9086147904851;414,14959121553517;0,6834754605183896;0,5187829146160852;2657,039226248122;13727,062250910596;3066,9081614937463;0,32406558053564755
29,583333333333332;839,70905492061;733,217858365362;415,33257553321766;0,6834754605183896;0,5187829146160852;2659,489114575018;13754,28594565057;3219,7254528888457;0,30924357487691057
29,666666666666668;840,1287515430893;733,5125794004722;416,5142862524413;0,6834754605183896;0,5187829146160852;2662,2799138812015;13783,008868961191;3384,8655195454344;0,29472103511027375
29,75;840,5472758271075;733,7930988417052;417,69471489165386;0,6834754605183896;0,5187829146160852;2665,4043035654267;13813,202828312462;3563,4328819028333;0,28051944123295197
29,833333333333332;840,964634303811;734,0597577521261;418,8738530230364;0,6834754605183896;0,5187829146160852;2668,8544246350575;13844,836925630801;3756,635960001976;0,26665891042090584
29,916666666666668;841,3808334499196;734,3129157572899;420,0516922729238;0,6834754605183896;0,5187829146160852;2672,621913792122;13877,877712410364;3965,797114508788;0,25315800516391174
30,0;841,7958796883296;734,5529493206658;421,22822432221983;0,6834754605183896;0,5187829146160852;2676,697942315741;13912,289368007017;4192,36369123027;0,24003356337579293
30,083333333333332;842,2097793887093;734,780249874637;422,40344090680776;0,6834754605183896;0,5187829146160852;2681,073259191595;13948,033898572236;4437,920174527664;0,22730055397119162
30,166666666666668;842,6225388680846;734,9952218353036;423,57733381795526;0,6834754605183896;0,5187829146160852;2685,738237851808;13985,071353666457;4704,20156650636;0,21497196066665814
30,25;843,0341643914177;735,1982805312414;424,7498949027144;0,6834754605183896;0,5187829146160852;2690,6829258195244;14023,360057254864;4993,10812157865;0,20305869593783363
30,333333333333332;843,4446621721784;735,4105336074857;425,9211160643158;0,6834754605183896;0,5187829146160852;2695,8970965044073;14062,85684955351;4789,594868635623;0,21225307624436687
30,416666666666668;843,8540383729056;735,6328151650544;427,09098926255757;0,6834754605183896;0,5187829146160852;2700,8532141173164;14101,214781629724;4585,3274492127775;0,2222815575686258
30,5;844,2622991057638;735,8654863914786;428,25950651418833;0,6834754605183896;0,5187829146160852;2705,530580196282;14138,339408811598;4391,473335352875;0,2326712264242634
30,583333333333332;844,6694504330893;736,1089094748045;429,42665989328464;0,6834754605183896;0,5187829146160852;2709,920317857129;14174,18866069245;4207,532081316651;0,24342308332582446
30,666666666666668;845,0754983679313;736,3634463670754;430,5924415316224;0,6834754605183896;0,5187829146160852;2714,013523957121;14208,720134147314;4033,0242227588087;0,25453689227090576
30,75;845,4804488745847;736,6294574668888;431,7568436190422;0,6834754605183896;0,5187829146160852;2717,8013000213978;14241,891217946668;3867,4905742307014;0,2660110998133372
30,833333333333332;845,884307869115;736,9073002273232;432,91985840380846;0,6834754605183896;0,5187829146160852;2721,2747851923978;14273,659226527312;3710,491542446733;0,2778427604343881
30,916666666666668;846,2870812198776;737,1973276970474;434,0814781929628;0,6834754605183896;0,5187829146160852;2724,4251910447956;14303,981542363235;3561,606455445886;0,2900274697241949
31,0;846,688774748029;737,4998870039261;435,2416953526704;0,6834754605183896;0,5187829146160852;2727,243838070754;14332,815766222293;3420,432907717629;0,30255930687872595
31,083333333333332;847,0893942280323;737,8153177919003;436,4005023085604;0,6834754605183896;0,5187829146160852;2729,722193602572;14360,119874437423;3286,586121302756;0,31543078797409735
31,166666666666668;847,4889453881545;738,1439506232978;437,5578915460599;0,6834754605183896;0,5187829146160852;2731,851910903302;14385,852382167375;3159,6983228248505;0,32863283139745814
31,25;847,8874339109581;738,4861053599883;438,71385561072066;0,6834754605183896;0,5187829146160852;2733,6248691214196;14409,972511473285;3039,418136358001;0,34215473669052765
31,333333333333332;848,2848654337864;738,8420895378869;439,8683871085398;0,6834754605183896;0,5187829146160852;2735,0332137742444;14432,440362902344;2925,4099919891923;0,35598417789861103
31,416666666666668;848,6812455492415;739,2121967502026;441,0214787062735;0,6834754605183896;0,5187829146160852;2736,069397397489;14453,217089147438;2817,353549893514;0,37010721231572397
31,5;849,0765798056572;739,5967050554815;442,1731231317436;0,6834754605183896;0,5187829146160852;2736,726219975972;14472,265069248877;2714,9431397038124;0,3845083052789676
31,583333333333332;849,470873707564;739,9958754268787;443,3233131741376;0,6834754605183896;0,5187829146160852;2736,9968687543915;14489,54808172583;2617,8872149263143;0,3991703713971801
31,666666666666668;849,8641327161503;740,4099502591853;444,4720416843014;0,6834754605183896;0,5187829146160852;2736,874957017133;14505,03147496965;2525,907822128773;0,41407483230663517
31,75;850,2563622497145;740,8391519499231;445,61930157502513;0,6834754605183896;0,5187829146160852;2736,3545614241248;14518,682333208084;2438,740084609424;0,4292016907378797
31,833333333333332;850,647567684115;741,2836815702848;446,7650858213216;0,6834754605183896;0,5187829146160852;2735,4302574947837;14530,469636353284;2356,131700241629;0,44452962036162247
31,916666666666668;851,0377543532103;741,7437176408522;447,90938746069753;0,6834754605183896;0,5187829146160852;2734,0971528457544;14540,364412085426;2277,842453182505;0,4600360705673563
32,0;851,4269275492967;742,2194150258783;449,0521995934179;0,6834754605183896;0,5187829146160852;2732,3509178089525;14548,339878591094;2203,6437391318586;0,4756973850260966
32,083333333333336;851,8150925235385;742,7109039584864;450,1935153827625;0,6834754605183896;0,5187829146160852;2730,187813085459;14554,371576477308;2133,318103831347;0,4914889326080083
32,166666666666664;852,2022544863936;743,2182892074621;451,333328055275;0,6834754605183896;0,5187829146160852;2727,6047141263034;14558,437488509768;2066,658794502079;0,5073852489757812
32,25;852,5884186080319;743,7416493944258;452,4716309010052;0,6834754605183896;0,5187829146160852;2724,5991319732866;14560,518145980033;2003,46932393094;0,5233601869637523
32,333333333333336;852,9735900187512;744,2810364681134;453,608417273743;0,6834754605183896;0,5187829146160852;2721,169230340152;14560,59672068379;1943,5630469314124;0,5393870736875136
32,416666666666664;853,357773809385;744,8364753403275;454,7436805912453;0,6834754605183896;0,5187829146160852;2717,3138387659465;14558,659101689826;1886,7627489228187;0,5554388722141594
32,5;853,7409750317069;745,4079636858899;455,8774143354553;0,6834754605183896;0,5187829146160852;2713,0324617264364;14554,693956287676;1832,9002463916638;0,5714883455623583
32,583333333333336;854,1231986988286;745,995471906685;457,00961205271363;0,6834754605183896;0,5187829146160852;2708,325283645425;14548,692774721318;1781,8159990194627;0,5875082207951846
32,666666666666664;854,5044497855938;746,5989432577009;458,14026735396266;0,6834754605183896;0,5187829146160852;2703,193169803589;14540,649898536794;1733,3587332824;0,6034713510158343
32,75;854,8847332289665;747,2182941308749;459,26937391494226;0,6834754605183896;0,5187829146160852;2697,637663197324;14530,5625325901;1687,3850773482789;0,6193508731740649
32,833333333333336;855,2640539284149;747,8534144906096;460,3969254763784;0,6834754605183896;0,5187829146160852;2691,6609774522894;14518,430740973141;1643,759207115123;0,6351203597345717
32,916666666666664;855,6424167462898;748,5041684530509;461,52291584416366;0,6834754605183896;0,5187829146160852;2685,2659859451337;14504,257427314378;1602,3525032526197;0,6507539624413211
33,0;856,0198265081988;749,1703949996776;462,6473388895301;0,6834754605183896;0,5187829146160852;2678,456207330973;14488,048300093244;1563,0432191221344;0,6662265466266785
33,083333333333336;856,3962880033753;749,8519088144307;463,77018854921425;0,6834754605183896;0,5187829146160852;2671,2357877130303;14469,811823770631;1525,7161594624781;0,6815138147531089
33,166666666666664;856,7718059850436;750,5485012325604;464,8914588256142;0,6834754605183896;0,5187829146160852;2663,6094797236156;14449,55915667929;1490,2623697372885;0,6965924181297095
33,25;857,1463851707786;751,2599412885681;466,01114378693904;0,6834754605183896;0,5187829146160852;2655,582618812079;14427,304076733697;1456,5788360449153;0,7114400560077706
33,333333333333336;857,5200302428615;751,985976850089;467,12923756735;0,6834754605183896;0,5187829146160852;2647,16109705526;14403,06289611172;1424,5681954939869;0,7260355615208259
33,416666666666664;857,8927458486311;752,7263358242773;468,24573436709426;0,6834754605183896;0,5187829146160852;2638,3513348193133;14376,854366126816;1394,138456946524;0,7403589741883497
33,5;858,2645366008308;753,480727423219;469,3606284526306;0,6834754605183896;0,5187829146160852;2629,160250608845;14348,699573551094;1365,202732026618;0,7543915989417697
33,583333333333336;858,6354070779505;754,248843475071;470,4739141567469;0,6834754605183896;0,5187829146160852;2619,5952294402928;14318,621829667993;1337,6789762859166;0,7681160518519655
33,666666666666664;859,0053618245652;755,0303597680056;471,5855858786704;0,6834754605183896;0,5187829146160852;2609,6640900719876;14286,646553329721;1311,489740408284;0,7815162929346362
33,75;859,37440535167;755,8249374145868;472,6956380841692;0,6834754605183896;0,5187829146160852;2599,3750514139892;14252,801149270908;1286,5619313251323;0,7945776465811651
33,833333333333336;859,7425421370084;756,632224224893;473,8040653056468;0,6834754605183896;0,5187829146160852;2588,736698427081;14217,114882889082;1262,8265831006377;0,8072868103062061
33,916666666666664;860,1097766253997;757,4518560775115;474,910862142228;0,6834754605183896;0,5187829146160852;2577,7579478028856;14179,618752646189;1240,218637432718;0,8196318526184914
34,0;860,4761132290608;758,2834582784203;476,0160232598371;0,6834754605183896;0,5187829146160852;2566,448013697206;14140,345361177307;1218,676733601692;0,8316022009088208
34,083333333333336;860,8415563279236;759,1266468987302;477,1195433912687;0,6834754605183896;0,5187829146160852;2554,8163737660134;14099,328786115278;1198,1430076844263;0,8431886203098589
34,166666666666664;861,2061102699495;759,9810300832484;478,22141733625006;0,6834754605183896;0,5187829146160852;2542,8727357298358;14056,604451554866;1178,5629008377994;0,8543831845181477
34,25;861,5697793714406;760,8462093228302;479,32163996149586;0,6834754605183896;0,5187829146160852;2530,627004667528;14012,209000989953;1159,8849764418944;0,8651792395818247
34,333333333333336;861,9325679173452;761,721780684481;480,4202062007552;0,6834754605183896;0,5187829146160852;2518,089251215261;13966,180172467548;1142,0607458806835;0,8755713616507999
34,416666666666664;862,2944801615608;762,607335994143;481,5171110548508;0,6834754605183896;0,5187829146160852;2505,269680821604;13918,55667660711;1125,0445027264223;0,8855553096619506
34,5;862,6555203272347;763,5024639680367;482,6123495917101;0,6834754605183896;0,5187829146160852;2492,178604185446;13869,378078046222;1108,7931650836417;0,8951279738937709
34,583333333333336;863,0156926070582;764,4067512893117;483,7059169463892;0,6834754605183896;0,5187829146160852;2478,8264089799495;13818,684680782735;1093,2661258397015;0,9042873212749829
34,666666666666664;863,3750011635591;765,319783627585;484,7978083210886;0,6834754605183896;0,5187829146160852;2465,223532943662;13766,517417801524;1078,4251105614508;0,9130323382732503
34,75;863,7334501293911;766,2411465997103;485,8880189851615;0,6834754605183896;0,5187829146160852;2451,3804383993515;13712,917745293073;1064,2340427716717;0,9213629721252821
34,833333333333336;864,0910436076181;767,1704266708114;486,9765442751143;0,6834754605183896;0,5187829146160852;2437,3075882420208;13657,92754169928;1050,6589163346487;0,9292800711010833
34,916666666666664;864,4477856719961;768,1072119952357;488,0633795945995;0,6834754605183896;0,5187829146160852;2423,0154234201677;13601,589011751994;1037,667674677454;0,9367853244243153
35,0;864,8036803672526;769,0510931976357;489,14852041440133;0,6834754605183896;0,5187829146160852;2408,5143419190103;13543,944595611274;1025,2300965722768;0,9438812024000608
35,083333333333336;865,1587317093604;770,0016640948672;490,2319622724134;0,6834754605183896;0,5187829146160852;2393,8146792404214;13485,036883152938;1013,3176882052688;0,9505708972315
35,166666666666664;865,5129436858103;770,958522359807;491,31370077360896;0,6834754605183896;0,5187829146160852;2378,9266903623284;13424,90853340759;1001,9035812588617;0,9568582649398326
35,25;865,8663202558802;771,9212701285448;492,39373159000405;0,6834754605183896;0,5187829146160852;2363,8605331500826;13363,602199111661;990,9624367372642;0,9627477687378331
35,333333333333336;866,2188653508993;772,8895145526923;493,4720504606128;0,6834754605183896;0,5187829146160852;2348,626253183383;13301,160456293133;980,4703542686366;0,9682444241473879
35,416666666666664;866,570582874512;773,862868298788;494,54865319139566;0,6834754605183896;0,5187829146160852;2333,2337699551745;13237,625738784045;970,404786622305;0,9733537460957765
35,5;866,921476702936;774,8409499969629;495,62353565520016;0,6834754605183896;0,5187829146160852;2317,692864393098;13173,040277528382;960,744459185058;0,978081698174791
35,583333333333336;867,27155068522;775,8233846411634;496,69669379169454;0,6834754605183896;0,5187829146160852;2302,0131676493293;13107,446044529901;951,4692941470132;0,9824346442005837
35,666666666666664;867,620808643495;776,8098039433346;497,76812360729417;0,6834754605183896;0,5187829146160852;2286,2041511014127;13040,884701270768;942,560339154644;0,9864193021711912
35,75;867,9692543732274;777,7998466440168;498,83782117508076;0,6834754605183896;0,5187829146160852;2270,2751175040107;12973,39755141809;933,9997001961158;0,9900427006822434
35,833333333333336;868,3168916434638;778,7931587818465;499,9057826347144;0,6834754605183896;0,5187829146160852;2254,2351932302636;12905,025497627345;925,7704784921173;0,9933121378296466
35,916666666666664;868,6637241970773;779,789393924447;500,9720041923389;0,6834754605183896;0,5187829146160852;2238,0933215404325;12835,809002245112;917,8567111736639;0,9962351426005324
36,0;869,0097557510089;780,7882133631775;502,0364821204797;0,6834754605183896;0,5187829146160852;2221,858256815756;12765,788051710822;910,243315536881;0,9988194387304605
36,083333333333336;869,3549899965064;781,7892862741628;503,09921275793545;0,6834754605183896;0,5187829146160852;2205,538559695785;12695,002124457544;902,9160366734379;1,0010729109852758
36,166666666666664;869,6994305993603;782,7922898479725;504,1601925096622;0,6834754605183896;0,5187829146160852;2189,142593058591;12623,490162110247;895,8613982840171;1,003003573809679
36,25;870,0430812001381;783,7969093902442;505,219417846651;0,6834754605183896;0,5187829146160852;2172,678518784696;12551,290543786603;889,0666564909102;1,0046195422717248
36,333333333333336;870,3859454144146;784,8028383954661;506,2768853057993;0,6834754605183896;0,5187829146160852;2156,1542952473474;12478,441063306409;882,5197564744723;1,005929005221927
36,416666666666664;870,7280268330004;785,809778596044;507,3325914897746;0,6834754605183896;0,5187829146160852;2139,577675473711;12404,97890912308;876,20929176669;1,0069402005779395
36,5;871,0693290221678;786,817439988684;508,3865330668728;0,6834754605183896;0,5187829146160852;2122,95620592391;12330,940646795927;870,124466043477;1,0076613926400233
36,583333333333336;871,409855523873;787,8255408400227;509,4387067708692;0,6834754605183896;0,5187829146160852;2106,2972258370964;12256,36220382926;864,2550572654836;1,0081008513387049
36,666666666666664;871,7496098559776;788,8338076733365;510,4891094008633;0,6834754605183896;0,5187829146160852;2089,6078670962597;12181,278856711451;858,5913840251432;1,0082668333138325
36,75;872,0885955124662;789,84197523806;511,5377378211174;0,6834754605183896;0,5187829146160852;2072,895054566027;12105,72521999558;853,1242739653758;1,0081675647234316
36,833333333333336;872,4268159636621;790,849786463741;512,5845889608888;0,6834754605183896;0,5187829146160852;2056,1655068601567;12029,735237269702;847,845034142799;1,0078112256810003
36,916666666666664;872,7642746564402;791,8569923999622;513,629659814256;0,6834754605183896;0,5187829146160852;2039,425737498027;11953,342173874256;842,7454232154354;1,0072059362212582
37,0;873,1009750144383;792,8633521436586;514,6729474399384;0,6834754605183896;0,5187829146160852;2022,6820564119494;11876,578611231509;837,8176253417851;1,0063597436963854
37,083333333333336;873,436920438265;793,8686327551661;515,7144489611102;0,6834754605183896;0,5187829146160852;2005,9405717694915;11799,476442659356;833,0542256846755;1,00528061150745
37,166666666666664;873,772114305706;794,8726091642451;516,7541615652084;0,6834754605183896;0,5187829146160852;1989,2071920774724;11722,066870550974;828,4481874195948;1,0039764090789915
37,25;874,1065599719282;795,8750640672332;517,7920825037351;0,6834754605183896;0,5187829146160852;1972,487628536524;11644,38040480656;823,9928301531694;1,0024549029880916
37,333333333333336;874,4402607696804;796,8757878163966;518,8282090920532;0,6834754605183896;0,5187829146160852;1955,7873976173737;11566,446862414774;819,6818096631437;1,0007237491633718
37,416666666666664;874,7732200094932;797,8745783024697;519,8625387091774;0,6834754605183896;0,5187829146160852;1939,1118238320955;11488,295368084073;815,5090988766068;0,9987904860730328
37,5;875,105440979876;798,871240831295;520,8950687975594;0,6834754605183896;0,5187829146160852;1922,466042675589;11409,954355834056;811,4689700083225;0,9966625288254004
37,583333333333336;875,4369269475116;799,8655879954046;521,9257968628663;0,6834754605183896;0,5187829146160852;1905,8550037145237;11331,451571461703;807,5559777858563;0,9943471641094715
37,666666666666664;875,7676811574494;800,8574395413117;522,9547204737555;0,6834754605183896;0,5187829146160852;1889,283473802675;11252,814075803959;803,7649436927647;0,9918515459071314
37,75;876,0977068332952;801,8466222332245;523,9818372616429;0,6834754605183896;0,5187829146160852;1872,756040403442;11174,068248723757;800,0909411654254;0,9891826919128033
37,833333333333336;876,4270071774008;802,8329697138248;525,007144920466;0,6834754605183896;0,5187829146160852;1856,2771150017682;11095,23979375173;796,5292816831438;0,9863474806002884
37,916666666666664;876,7555853710496;803,8163223627053;526,030641206442;0,6834754605183896;0,5187829146160852;1839,8509365894001;11016,353743321673;793,0755016950163;0,9833526488804967
38,0;877,0834445746411;804,7965271530027;527,0523239378213;0,6834754605183896;0,5187829146160852;1823,4815752086092;10937,434464540827;789,7253503306144;0,980204790297414
38,083333333333336;877,4105879278737;805,7734375067162;528,0721909946345;0,6834754605183896;0,5187829146160852;1807,1729355409616;10858,50566544339;786,4747778449481;0,976910353713486
38,166666666666664;877,7370185499249;806,7469131491549;529,0902403184364;0,6834754605183896;0,5187829146160852;1790,9287605289392;10779,590401676534;783,3199247513451;0,9734756424388111
38,25;878,0627395396293;807,7168199629169;530,1064699120434;0,6834754605183896;0,5187829146160852;1774,7526350192488;10700,711083574546;780,2571115988613;0,9699068137620235
38,333333333333336;878,3877539756562;808,6830298417607;531,1208778392671;0,6834754605183896;0,5187829146160852;1758,6479894178096;10621,88948357876;777,2828293536379;0,9662098788437484
38,416666666666664;878,7120649166827;809,6454205446973;532,1334622246434;0,6834754605183896;0,5187829146160852;1742,6181033473881;10543,146743966003;774,393730346243;0,9623907029366139
38,5;879,0356754015679;810,6038755505957;533,1442212531559;0,6834754605183896;0,5187829146160852;1726,6661092996344;10464,503384848456;771,5866197494892;0,9584550058983452
38,583333333333336;879,3585884495228;811,5582839135631;534,1531531699566;0,6834754605183896;0,5187829146160852;1710,794996274305;10385,9793124144;768,8584475535205;0,9544083629673963
38,666666666666664;879,6808070602797;812,5085401193359;535,16025628008;0,6834754605183896;0,5187829146160852;1695,0076133989937;10307,593827378962;766,2063010071117;0,9502562057727743
38,75;880,0023342142589;813,454543942888;536,1655289481552;0,6834754605183896;0,5187829146160852;1679,3066735235952;10229,3656336174;763,6273974961385;0,9460038235520981
38,833333333333336;880,3231728727351;814,3962003074421;537,1689695981116;0,6834754605183896;0,5187829146160852;1663,6947567842726;10151,312846956547;761,1190778320597;0,9416563645541338
38,916666666666664;880,643325978;815,333419145046;538,1705767128825;0,6834754605183896;0,5187829146160852;1648,174314132325;10073,45300410107;758,6787999250103;0,9372188376039671
39,0;880,9627964535247;816,2661152588569;539,170348834103;0,6834754605183896;0,5187829146160852;1632,7476708238491;9995,803071672686;756,3041328177525;0,932696113810791
39,083333333333336;881,28158720412;817,194208187257;540,1682845618052;0,6834754605183896;0,5187829146160852;1617,417029866695;9918,379455344297;753,9927510582696;0,9280929284001718
39,166666666666664;881,5997011160947;818,1176220699111;541,1643825541084;0,6834754605183896;0,5187829146160852;1602,184475421575;9841,198009050313;751,7424293902211;0,9234138826540799
39,25;881,9171410574121;819,0362855158546;542,1586415269068;0,6834754605183896;0,5187829146160852;1587,0519761545893;9764,27404425693;749,55103774182;0,9186634459435092
39,333333333333336;882,2339098778458;819,9501314736946;543,1510602535521;0,6834754605183896;0,5187829146160852;1572,0213885389371;9687,622339277765;747,416536494952;0,9138459578399092
39,416666666666664;882,5500104091325;820,8590971039874;544,1416375645346;0,6834754605183896;0,5187829146160852;1557,0944601037809;9611,257148621113;745,3369720175169;0,9089656302928868
39,5;882,8654454651244;821,7631236538501;545,130372347158;0,6834754605183896;0,5187829146160852;1542,272832628626;9535,192212355829;743,3104724430762;0,9040265498627361
39,583333333333336;883,1802178419391;822,6621563338476;546,1172635452135;0,6834754605183896;0,5187829146160852;1527,5580452818558;9459,440765484896;741,3352436829016;0,8990326799975398
39,666666666666664;883,494330318109;823,5561441971931;547,102310158649;0,6834754605183896;0,5187829146160852;1512,951537702287;9384,015547315967;739,4095656564834;0,8939878633454734
39,75;883,8077856547275;824,445040021287;548,0855112432353;0,6834754605183896;0,5187829146160852;1498,4546530228954;9308,928810818825;737,531788727435;0,8888958240938556
39,833333333333336;884,1205865955953;825,3288001916144;549,0668659102299;0,6834754605183896;0,5187829146160852;1484,0686408360114;9234,192331961262;735,7003303325737;0,8837601703273491
39,916666666666664;884,4327358673645;826,2073845880128;550,046373326037;0,6834754605183896;0,5187829146160852;1469,7946600995238;9159,81741901526;733,9136717927231;0,878584396398477
40,0;884,7442361796808;827,0807564733171;551,0240327118648;0,6834754605183896;0,5187829146160852;1455,6337819837922;9085,814921826179;732,1703552945162;0,8733718853042904
40,083333333333336;885,0550902253249;827,9488823843807;551,9998433433801;0,6834754605183896;0,5187829146160852;1441,5869926590915;9012,195241037092;730,4689810331463;0,8681259110635987
40,166666666666664;885,365300680352;828,8117320254706;552,97380455036;0,6834754605183896;0,5187829146160852;1427,6551960236047;8938,968337263685;728,8082045066562;0,8628496410899384
40,25;885,6748702042305;829,6692781640264;553,9459157163408;0,6834754605183896;0,5187829146160852;1413,8392163720341;8866,143740212257;727,1867339529331;0,8575461385557422
40,333333333333336;885,9838014399782;830,5214965287703;554,9161762782646;0,6834754605183896;0,5187829146160852;1400,139801005102;8793,730557737026;725,6033279211416;0,8522183647438912
40,416666666666664;886,2920970142978;831,3683657101534;555,8845857261234;0,6834754605183896;0,5187829146160852;1386,5576227801967;8721,737484830706;724,0567929698333;0,8468691813830644
40,5;886,5997595377116;832,2098670631173;556,8511436026004;0,6834754605183896;0,5187829146160852;1373,093282603611;8650,17281254478;722,545981484456;0,8415013529638731
40,583333333333336;886,9067916046931;833,0459846121503;557,8158495027089;0,6834754605183896;0,5187829146160852;1359,7473118648595;8579,04443683494;721,0697896074397;0,8361175490330127
40,666666666666664;887,2131957937991;833,8767049586133;558,7787030734304;0,6834754605183896;0,5187829146160852;1346,5201748135712;8508,359867328001;719,627155274449;0,8307203464630519
40,75;887,5189746677986;834,7020171903092;559,7397040133482;0,6834754605183896;0,5187829146160852;1333,4122708796428;8438,126236007665;718,2170563507927;0,8253122316958325
40,833333333333336;887,8241307738033;835,5219127932667;560,6988520722806;0,6834754605183896;0,5187829146160852;1320,4239369372344;8368,350305814001;716,838508862345;0,819895602957496
40,916666666666664;888,1286666433924;836,3363855657105;561,6561470509122;0,6834754605183896;0,5187829146160852;1307,5554495134156;8299,03847915724;715,4905653156777;0,8144727724438693
41,0;888,4325847927412;837,145431534185;562,6115888004219;0,6834754605183896;0,5187829146160852;1294,8070269420468;8230,196806338965;714,1723131024237;0,8090459684744902
41,083333333333336;888,7358877227434;837,9490488717995;563,5651772221107;0,6834754605183896;0,5187829146160852;1282,1788314639036;8161,830993882448;712,8828729831949;0,8036173376145048
41,166666666666664;889,0385779191364;838,7472378185627;564,5169122670264;0,6834754605183896;0,5187829146160852;1269,670971273598;8093,946412767007;711,6213976466584;0,7981889467632066
41,25;889,340657852623;839,5400006037713;565,4667939355879;0,6834754605183896;0,5187829146160852;1257,2835025143434;8026,548106566169;710,387070339635;0,7927627852086044
41,333333333333336;889,6421299789918;840,3273413704186;566,4148222772068;0,6834754605183896;0,5187829146160852;1245,0164312212933;7959,640799487217;709,1791035643391;0,7873407666473089
41,416666666666664;889,9429967392377;841,1092661015878;567,3609973899082;0,6834754605183896;0,5187829146160852;1232,869715214329;7893,228904310233;707,9967378391008;0,781924731169218
41,5;890,2432605596803;841,8857825487944;568,3053194199501;0,6834754605183896;0,5187829146160852;1220,8432659412495;7827,316530225849;706,8392405191323;0,7765164472066771
41,583333333333336;890,5429238520813;842,6569001622422;569,2477885614411;0,6834754605183896;0,5187829146160852;1208,9369502721468;7761,907490570501;705,7059046741042;0,7711176134478481
41,666666666666664;890,8419890137608;843,4226300229562;570,1884050559568;0,6834754605183896;0,5187829146160852;1197,1505922459783;7697,005310457081;704,5960480194846;0,7657298607140335
41,75;891,1404584277116;844,1829847767572;571,1271691921556;0,6834754605183896;0,5187829146160852;1185,4839747701135;7632,613234300785;703,5090118987719;0,7603547538009344
41,833333333333336;891,4383344627146;844,9379785700411;572,0640813053932;0,6834754605183896;0,5187829146160852;1173,93684127386;7568,734233239621;702,4441603139225;0,7549937932838723
41,916666666666664;891,7356194734506;845,687626987328;572,9991417773352;0,6834754605183896;0,5187829146160852;1162,5088973168374;7505,371012447712;701,4008790014254;0,7496484172869415
42,0;892,0323158006117;846,4319469905444;573,9323510355705;0,6834754605183896;0,5187829146160852;1151,1998121530637;7442,526018341654;700,3785745516293;0,7443200032162888
42,083333333333336;892,3284257710131;847,170956860002;574,8637095532217;0,6834754605183896;0,5187829146160852;1140,0092202516844;7380,201445678807;699,3766735690574;0,7390098694576605
42,166666666666664;892,6239516977014;847,9046761370405;575,7932178485568;0,6834754605183896;0,5187829146160852;1128,9367227752791;7318,399244547871;698,3946218715831;0,7337192770385128
42,25;892,9188958800634;848,6331255682953;576,7208764845985;0,6834754605183896;0,5187829146160852;1117,9818890165222;7257,121127250299;697,431883726453;0,72844943125486
42,333333333333336;893,2132606039336;849,3563270515585;577,6466860687342;0,6834754605183896;0,5187829146160852;1107,1442577942007;7196,368575073328;696,4879411212625;0,7232014832632655
42,416666666666664;893,5070481417005;850,0743035831968;578,570647252324;0,6834754605183896;0,5187829146160852;1096,423338809376;7136,142844953612;695,5622930680945;0,7179765316382477
42,5;893,8002607524116;850,7870792070922;579,4927607303094;0,6834754605183896;0,5187829146160852;1085,8186139625927;7076,444976031923;694,6544549391317;0,712775623895519
42,583333333333336;894,0929006818782;851,4946789650737;580,4130272408213;0,6834754605183896;0,5187829146160852;1075,3295386329853;7017,275796099108;693,7639578321476;0,7075997579814796
42,666666666666664;894,3849701627774;852,197128848803;581,3314475647868;0,6834754605183896;0,5187829146160852;1064,9555429201114;6958,635927932319;692,8903479643716;0,7024498837292916
42,75;894,6764714147557;852,894455753085;582,2480225255368;0,6834754605183896;0,5187829146160852;1054,696032849361;6900,525795522577;692,0331860933024;0,6973269042820582
42,833333333333336;894,9674066445297;853,5866874305686;583,1627529884129;0,6834754605183896;0,5187829146160852;1044,5503915417676;6842,945630193999;691,1920469631285;0,6922316774835732
42,916666666666664;895,2577780459856;854,2738524478057;584,0756398603736;0,6834754605183896;0,5187829146160852;1034,5179803490255;6785,895476613801;690,3665187754827;0,687165017237009
43,0;895,5475878002795;854,9559801426378;584,9866840896017;0,6834754605183896;0,5187829146160852;1024,5981399544974;6729,375198694847;689,5562026833308;0,6821276948321494
43,083333333333336;895,8368380759356;855,6331005828794;585,89588666511;0,6834754605183896;0,5187829146160852;1014,7901914410426;6673,384485389934;688,7607123068551;0,6771204402415569
43,166666666666664;896,1255310289426;856,3052445262656;586,8032486163486;0,6834754605183896;0,5187829146160852;1005,0934373264056;6617,9228563791785;687,9796732702637;0,6721439433862441
43,25;896,4136688028514;856,9724433816368;587,708771012811;0,6834754605183896;0,5187829146160852;995,5071625669262;6562,989667650022;687,2127227585011;0,6671988553712707
43,333333333333336;896,7012535288695;857,6347291713287;588,6124549636411;0,6834754605183896;0,5187829146160852;986,0306355303635;6508,584116971402;686,4595090929041;0,6622857896918601
43,416666666666664;896,9882873259565;858,2921344947391;589,5143016172403;0,6834754605183896;0,5187829146160852;976,6631089385214;6454,705249261989;685,7196913248868;0,6574053234104839
43,5;897,274772300917;858,9446924930445;590,4143121608747;0,6834754605183896;0,5187829146160852;967,4038207804358;6401,3519618531645;684,9929388467949;0,6525579983054216
43,583333333333336;897,560710548494;859,5924368150359;591,3124878202824;0,6834754605183896;0,5187829146160852;958,2519951968123;6348,523009648001;684,2789310191101;0,6477443219913679
43,666666666666664;897,8461041514599;860,2354015840484;592,2088298592818;0,6834754605183896;0,5187829146160852;949,2068433364523;6296,217010176153;683,5773568132304;0,6429647690125168
43,75;898,1309551807092;860,8736213659571;593,1033395793797;0,6834754605183896;0,5187829146160852;940,267564185288;6244,432448546154;682,8879144690918;0,6382197819086967
43,833333333333336;898,415265695347;861,5071311382121;593,9960183193805;0,6834754605183896;0,5187829146160852;931,4333453688022;6193,167682295186;682,2103111669376;0,6335097722550079
43,916666666666664;898,6990377427784;862,1359662598876;594,886867454995;0,6834754605183896;0,5187829146160852;922,7033639283718;6142,420946137935;681,544262712571;0,6288351216755206
44,0;898,9822733587987;862,7601624427191;595,775888398451;0,6834754605183896;0,5187829146160852;914,0767870722698;6092,1903566145265;680,8894932354714;0,6241961828314637
44,083333333333336;899,264974567679;863,3797557231036;596,6630825981038;0,6834754605183896;0,5187829146160852;905,55277290199;6042,473916639751;680,2457348991734;0,6195932803845244
44,166666666666664;899,5471433822538;863,9947824350392;597,5484515380471;0,6834754605183896;0,5187829146160852;897,1304711143858;5993,269519952766;679,6127276233519;0,6150267119355791
44,25;899,8287818040075;864,6052791839786;598,4319967377257;0,6834754605183896;0,5187829146160852;888,8090236803663;5944,574955469521;678,9902188170736;0,6104967489394704
44,333333333333336;900,1098918231586;865,211282821575;599,3137197515482;0,6834754605183896;0,5187829146160852;880,5875655007213;5896,387911539062;678,3779631227094;0,606003637596326
44,416666666666664;900,3904754187449;865,8128304212947;600,1936221685004;0,6834754605183896;0,5187829146160852;872,4652250395906;5848,705980103027;677,7757221700243;0,6015475997197403
44,5;900,6705345587067;866,4099592548772;601,0714648845263;0,6834754605183896;0,5187829146160852;864,4411249362548;5801,526660761896;677,1832643399882;0,5971288335825188
44,583333333333336;900,9500711999696;867,0027067696175;601,9479532167713;0,6834754605183896;0,5187829146160852;856,5143825957364;5754,847364746574;676,6003645378703;0,5927475147402312
44,666666666666664;901,2290872885268;867,5911105664507;602,8230790851311;0,6834754605183896;0,5187829146160852;848,684110758802;5708,665418798097;676,0268039752053;0,5884037968331819
44,75;901,5075847595202;868,1752083788178;603,6968343710072;0,6834754605183896;0,5187829146160852;840,9494180519033;5662,978068956037;675,4623699602375;0,5840978123672087
44,833333333333336;901,7855655373206;868,7550380522915;604,5692109163142;0,6834754605183896;0,5187829146160852;833,3094095175596;5617,782484256234;674,9068556964678;0,5798296734737102
44,916666666666664;902,0630315356085;869,3306375249409;605,4402005224649;0,6834754605183896;0,5187829146160852;825,7631871257274;5573,075760339945;674,3600600889498;0,5755994726494299
45,0;902,339984657452;869,9020448084173;606,3097949493337;0,6834754605183896;0,5187829146160852;818,3098502666894;5528,854922974669;673,8217875579953;0,5714072834763563
45,083333333333336;902,6164267953856;870,4692979697395;607,1779859141966;0,6834754605183896;0,5187829146160852;810,9484962258676;5485,1169314883855;673,2918478599686;0,5672531613222068
45,166666666666664;902,8923598314881;871,0324351137614;608,0447650906492;0,6834754605183896;0,5187829146160852;803,6782206411516;5441,8586821180625;672,7700559148608;0,5631371440219028
45,25;903,1677856374588;871,5914943663018;608,9101241074995;0,6834754605183896;0,5187829146160852;796,4981179431675;5399,077011273986;672,2562316403564;0,5590592525404741
45,333333333333336;903,4427060746945;872,1465138579196;609,774054547638;0,6834754605183896;0,5187829146160852;789,4072817789237;5356,76869872058;671,7501997921095;0,5550194916177551
45,416666666666664;903,7171229943639;872,697531708315;610,6365479468816;0,6834754605183896;0,5187829146160852;782,4048054193725;5314,930470675581;671,2517898099694;0,55101785039534
45,5;903,9910382374837;873,2445860113411;611,497595792793;0,6834754605183896;0,5187829146160852;775,489782151223;5273,559002827877;670,7608356699011;0,5470543030260985
45,583333333333336;904,2644536349918;873,7877148206079;612,3571895234742;0,6834754605183896;0,5187829146160852;768,6613056535663;5232,650923276556;670,2771757413616;0,5431288092667763
45,666666666666664;904,5373710078206;874,3269561356618;613,2153205263327;0,6834754605183896;0,5187829146160852;761,9184703595977;5192,202815390952;669,8006526499023;0,5392413150539167
45,75;904,8097921669709;874,8623478887254;614,0719801368216;0,6834754605183896;0,5187829146160852;755,2603718039705;5152,211220594027;669,3311131447808;0,5353917530635889
45,833333333333336;905,0817189135823;875,3939279319806;614,9271596371512;0,6834754605183896;0,5187829146160852;748,6861069561371;5112,672641069585;668,8684079713714;0,5315800432552253
45,916666666666664;905,3531530390062;875,9217340253805;615,780850254973;0,6834754605183896;0,5187829146160852;742,1947745400445;5073,583542395177;668,4123917481796;0,5278060933999782
46,0;905,6240963248757;876,4458038249744;616,6330431620335;0,6834754605183896;0,5187829146160852;735,7854753406428;5034,940356101232;667,9629228482675;0,5240697995938994
46,083333333333336;905,8945505431767;876,9661748717308;617,4837294728;0,6834754605183896;0,5187829146160852;729,4573124975329;4996,73948215876;667,519863284912;0,5203710467563862
46,166666666666664;906,1645174563157;877,4828845808449;618,3329002430548;0,6834754605183896;0,5187829146160852;723,2093917861476;4958,977291395266;667,0830786013232;0,5167097091140941
46,25;906,4339988171909;877,9959702315157;619,1805464684592;0,6834754605183896;0,5187829146160852;717,0408218867692;4921,650127841645;666,6524377642564;0,5130856506707896
46,333333333333336;906,7029963692585;878,5054689571791;620,0266590830848;0,6834754605183896;0,5187829146160852;710,9507146418792;4884,754311010557;666,2278130613639;0,5094987256634164
46,416666666666664;906,9715118466016;879,0114177361838;620,8712289579141;0,6834754605183896;0,5187829146160852;704,9381853019838;4848,2861381073235;665,809080002133;0,5059487790046687
46,5;907,2395469739973;879,5138533828963;621,7142468993063;0,6834754605183896;0,5187829146160852;699,002352760445;4812,2418861752385;665,3961172222703;0,502435646712466
46,583333333333336;907,5071034669822;880,0128125392229;622,5557036474303;0,6834754605183896;0,5187829146160852;693,1423397775262;4776,617814176299;664,9888063913926;0,49895915632661164
46,666666666666664;907,7741830319194;880,5083316665357;623,3955898746625;0,6834754605183896;0,5187829146160852;687,3572731939845;4741,410165007668;664,5870321238951;0,4955191273128617
46,75;908,040787366063;881,0004470379905;624,2338961839499;0,6834754605183896;0,5187829146160852;681,6462841345924;4706,615167456565;664,1906818928716;0,4921153714548459
46,833333333333336;908,3069181576233;881,4891947312245;625,0706131071361;0,6834754605183896;0,5187829146160852;676,0085082018122;4672,22903809408;663,7996459469666;0,4887476932340646
46,916666666666664;908,5725770858303;881,9746106214227;625,9057311032509;0,6834754605183896;0,5187829146160852;670,4430856599686;4638,247983108622;663,4138172300459;0,4854158901982096
47,0;908,8377658209986;882,4567303747409;626,7392405567625;0,6834754605183896;0,5187829146160852;664,9491616101898;4604,668200081105;663,0330913035746;0,4821197533181763
47,083333333333336;909,1024860245885;882,935589442075;627,57113177579;0,6834754605183896;0,5187829146160852;659,5258861564417;4571,48587970244;662,657366271601;0,47885906733399203
47,166666666666664;909,3667393492703;883,4112230531649;628,4013949902775;0,6834754605183896;0,5187829146160852;654,1724145628393;4538,697207435053;662,286542708243;0,4756336110899738
47,25;909,6305274389849;883,8836662110242;629,2300203501267;0,6834754605183896;0,5187829146160852;648,8879074026357;4506,298365118596;661,9205235875834;0,4724431578593073
47,333333333333336;909,8938519290061;884,3529536866827;630,0569979232895;0,6834754605183896;0,5187829146160852;643,671530699018;4474,285532522363;661,5592142158808;0,4692874756584165
47,416666666666664;910,1567144460005;884,8191200142339;630,8823176938175;0,6834754605183896;0,5187829146160852;638,5224560580866;4442,654888844442;661,202522166011;0,4661663275512944
47,5;910,4191166080886;885,282199486178;631,7059695598689;0,6834754605183896;0,5187829146160852;633,4398607941637;4411,402614159381;660,8503572140511;0,4630794719440924
47,583333333333336;910,6810600249044;885,7422261490482;632,5279433316707;0,6834754605183896;0,5187829146160852;628,422928047766;4380,524890814844;660,5026312779296;0,46002666287016564
47,666666666666664;910,9425462976537;886,1992337993141;633,3482287294371;0,6834754605183896;0,5187829146160852;623,4708468964044;4350,017904779626;660,1592583580626;0,4570076502659253
47,75;911,2035770191749;886,6532559795518;634,1668153812408;0,6834754605183896;0,5187829146160852;618,5828124584901;4319,877846942515;659,8201544799041;0,4540221802375885
47,833333333333336;911,4641537739947;887,1043259748709;634,9836928208379;0,6834754605183896;0,5187829146160852;613,7580259905775;4290,1009143640795;659,4852376383377;0,45106999531915104
47,916666666666664;911,7242781383877;887,5524768095927;635,7988504854445;0,6834754605183896;0,5187829146160852;608,9956949780941;4260,683311482604;659,1544277438448;0,44815083472181644
48,0;911,9839516804327;887,9977412441677;636,6122777134651;0,6834754605183896;0,5187829146160852;604,2950332198757;4231,62125127436;658,8276465703805;0,44526443457503123
48,083333333333336;912,2431759600701;888,4401517723271;637,4239637421698;0,6834754605183896;0,5187829146160852;599,6552609066242;4202,9109563701095;658,504817704898;0,4424105281594164
48,166666666666664;912,501952529157;888,8797406184589;638,2338977053212;0,6834754605183896;0,5187829146160852;595,0756046935737;4174,548660128624;658,1858664984607;0,43958884613178867
48,25;912,7602829315244;889,3165397352013;639,0420686307488;0,6834754605183896;0,5187829146160852;590,5552977674546;4146,530607667921;657,8707200188834;0,43679911674244337
48,333333333333336;913,0181687030312;889,7505808012463;639,8484654378702;0,6834754605183896;0,5187829146160852;586,0935799080778;4118,853056855654;657,5593070048496;0,4340410660449534
48,416666666666664;913,2756113716196;890,1818952193449;640,6530769351582;0,6834754605183896;0,5187829146160852;581,6896975446213;4091,512279259493;657,2515578214508;0,4313144180986562
48,5;913,5326124573692;890,610514114509;641,4558918175517;0,6834754605183896;0,5187829146160852;577,3429038068656;4064,5045610581515;656,9474044170972;0,4286188951640067
48,583333333333336;913,7891734725513;891,0364683324001;642,2568986638105;0,6834754605183896;0,5187829146160852;573,0524585715045;4037,8262039148335;656,6467802817516;0,42595421789104926
48,666666666666664;914,0452959216818;891,4597884379012;643,0560859338121;0,6834754605183896;0,5187829146160852;568,8176285037798;4011,473525813558;656,34962040644;0,42332010550116195
48,75;914,300981301574;891,8805047138634;643,8534419657898;0,6834754605183896;0,5187829146160852;564,6376870945147;3985,4428618584875;656,0558612439928;0,4207162759621696
48,833333333333336;914,5562311013921;892,2986471600206;644,6489549735096;0,6834754605183896;0,5187829146160852;560,5119146927649;3959,730565038877;655,7654406709753;0,41814244615716695
48,916666666666664;914,8110468027013;892,7142454920677;645,4426130433875;0,6834754605183896;0,5187829146160852;556,4395985342884;3934,333006959723;655,4782979507646;0,4155983320471527
49,0;915,0654298795222;893,1273291408952;646,2344041315423;0,6834754605183896;0,5187829146160852;552,4200327658406;3909,2465785379263;655,194373697734;0,4130836488275324
49,083333333333336;915,319381798379;893,5379272519741;647,0243160607862;0,6834754605183896;0,5187829146160852;548,4525184656746;3884,4676906673026;654,9136098425065;0,4105981110789043
49,166666666666664;915,5729040183523;893,9460686848861;647,812336517549;0,6834754605183896;0,5187829146160852;544,5363636601229;3859,9927748505625;654,635949598241;0,4081414329120136
49,25;915,8259979911287;894,3517820129933;648,5984530487375;0,6834754605183896;0,5187829146160852;540,6708833366565;3835,8182838014873;654,3613374279148;0,4057133281072768
49,333333333333336;916,0786651610505;894,7550955232422;649,3826530585256;0,6834754605183896;0,5187829146160852;536,855399453384;3811,9406920163833;654,0897190125698;0,4033135102488536
49,416666666666664;916,330906965165;895,1560372160957;650,1649238050778;0,6834754605183896;0,5187829146160852;533,0892409452076;3788,356496316734;653,8210412204899;0,40094169285352815
49,5;916,5827248332747;895,5546348055901;650,9452523972005;0,6834754605183896;0,5187829146160852;529,3717437267333;3765,0622163632074;653,5552520772762;0,39859758949448454
49,583333333333336;916,8341201879845;895,9509157195104;651,7236257909238;0,6834754605183896;0,5187829146160852;525,7022506921146;3742,054395142384;653,2923007367923;0,39628091392018056
49,666666666666664;917,0850944447504;896,3449070996787;652,5000307860095;0,6834754605183896;0,5187829146160852;522,0801117118526;3719,3295994262226;653,0321374529493;0,3939913801683802
49,75;917,3356490119282;896,7366358023543;653,2744540223861;0,6834754605183896;0,5187829146160852;518,5046836267929;3696,8844202058713;652,7747135523028;0,3917287026755752
49,833333333333336;917,5857852908192;897,1261283987361;654,0468819765086;0,6834754605183896;0,5187829146160852;514,9753302393492;3674,715473100045;652,5199814074352;0,3894925963818714
49,916666666666664;917,835504675719;897,5134111755676;654,8173009576421;0,6834754605183896;0,5187829146160852;511,4914223020776;3652,819398738525;652,2678944110971;0,38728277683145884
50,0;918,0848085539628;897,8985101358365;655,5856971040673;0,6834754605183896;0,5187829146160852;508,0523375037842;3631,192863122447;652,0184069510835;0,3850989602688864
50,083333333333336;918,3336983059726;898,2814509995677;656,3520563792082;0,6834754605183896;0,5187829146160852;504,6574604531571;3609,8325579607763;651,77147438582;0,3829408637311379
50,166666666666664;918,582175305302;898,6622592047034;657,1163645676792;0,6834754605183896;0,5187829146160852;501,30618266012164;3588,735200984674;651,5270530206368;0,3808082051357321
50,25;918,8302409186828;899,0409599080683;657,8786072712514;0,6834754605183896;0,5187829146160852;497,9979025149646;3567,8975362400347;651,285100084707;0,3787007033649273
50,333333333333336;919,0778965060695;899,4175779864145;658,638769904737;0,6834754605183896;0,5187829146160852;494,73202526536113;3547,3163343589354;651,0455737086301;0,37661807834615496
50,416666666666664;919,3251434206841;899,7921380375433;659,3968376917895;0,6834754605183896;0,5187829146160852;491,5079629913748;3526,988392810377;650,808432902636;0,3745600511287735
50,5;919,5719830090607;900,1646643815006;660,15279566062;0,6834754605183896;0,5187829146160852;488,32513457851974;3506,910536131598;650,5736375353953;0,3725263439573072
50,583333333333336;919,8184166110889;900,5353755251351;660,9066286396277;0,6834754605183896;0,5187829146160852;485,1829656890004;3487,0796161398066;650,0;0,37071114363442814
50,666666666666664;920,0644455600583;900,9039655646711;661,6583212529445;0,6834754605183896;0,5187829146160852;482,0760271488439;3467,4583939889726;650,0;0,36859003953597125
50,75;920,3100711827009;901,2704631801982;662,4078579158912;0,6834754605183896;0,5187829146160852;479,0119998846791;3448,1015748924174;650,0;0,36649761552713145
50,833333333333336;920,5552947992348;901,6348966231303;663,1552228303461;0,6834754605183896;0,5187829146160852;475,9902000625658;3429,0052493156645;650,0;0,3644334429321042
50,916666666666664;920,8001177234066;901,9972937219881;663,9003999800237;0,6834754605183896;0,5187829146160852;473,0099544026132;3410,1655591326057;650,0;0,3623970988577232
51,0;921,0445412625329;902,3576818881265;664,643373125664;0,6834754605183896;0,5187829146160852;470,0706000354643;3391,57869718005;650,0;0,3603881661384955
51,083333333333336;921,2885667175432;902,7160881214079;665,3841258001303;0,6834754605183896;0,5187829146160852;467,1714843601592;3373,2409068074085;650,0;0,358406233281311
51,166666666666664;921,5321953830206;903,0725390158179;666,122641303417;0,6834754605183896;0,5187829146160852;464,3119649033821;3355,1484814241917;650,0;0,35645089441007655
51,25;921,7754285472439;903,427060765028;666,8589026975643;0,6834754605183896;0,5187829146160852;461,4914091800671;3337,297764043362;650,0;0,3545217492100911
51,333333333333336;922,0182674922276;903,7796791679004;667,5928928014813;0,6834754605183896;0,5187829146160852;458,7091945553965;3319,685146822816;650,0;0,3526184028723746
51,416666666666664;922,2607134937632;904,1304196339382;668,3245941856767;0,6834754605183896;0,5187829146160852;455,9647081081778;3302,30707060381;650,0;0,3507404660378421
51,5;922,5027678214584;904,4793071886796;669,0539891668965;0,6834754605183896;0,5187829146160852;453,25734649562435;3285,1600244473575;650,0;0,34888755474141825
51,583333333333336;922,7444317387783;904,8263664790358;669,7810598026695;0,6834754605183896;0,5187829146160852;450,58651581946947;3268,240545168936;650,0;0,3470592903561191
51,666666666666664;922,9857065030839;905,1716217785728;670,5057878857597;0,6834754605183896;0,5187829146160852;447,9516314935637;3251,5452168711968;650,0;0,3452552995370859
51,75;923,2265933656719;905,5150969927384;671,2281549385272;0,6834754605183896;0,5187829146160852;445,3521181127769;3235,07067047583;650,0;0,3434752141656616
51,833333333333336;923,4670935718136;905,8568156640318;671,9481422071965;0,6834754605183896;0,5187829146160852;442,7874093233356;3218,8135832537578;650,0;0,3417186712934456
51,916666666666664;923,7072083607932;906,1968009771183;672,665730656035;0,6834754605183896;0,5187829146160852;440,25694769454446;3202,770678355067;650,0;0,33998531308645263
52,0;923,9469389659464;906,5350757638876;673,3809009614399;0,6834754605183896;0,5187829146160852;437,76018459187185;3186,938724337682;650,0;0,3382747867692824
52,083333333333336;924,1862866146982;906,871662508457;674,0936335059375;0,6834754605183896;0,5187829146160852;435,296580051471;3171,31453469618;650,0;0,33658674456943616
52,166666666666664;924,4252525286012;907,2065833521187;674,8039083720939;0,6834754605183896;0,5187829146160852;432,865602656031;3155,894967390413;650,0;0,3349208436617385
52,25;924,6638379233718;907,5398600982315;675,5117053363404;0,6834754605183896;0,5187829146160852;430,46672941206054;3140,6769243735307;650,0;0,33327674611283825
52,333333333333336;924,902044008929;907,8715142170574;676,2170038627144;0,6834754605183896;0,5187829146160852;428,09944562850717;3125,657351121016;650,0;0,3316541188259277
52,416666666666664;925,1398719894296;908,201566850543;676,9197830965193;0,6834754605183896;0,5187829146160852;425,7632447967893;3110,8332361596144;650,0;0,33005263348558395
52,5;925,3773230633055;908,5300388170458;677,6200218579048;0,6834754605183896;0,5187829146160852;423,45762847216406;3096,201610597264;650,0;0,32847196650282795
52,583333333333336;925,6143984233;908,8569506160062;678,3176986353715;0,6834754605183896;0,5187829146160852;421,1821061564933;3081,7595476533697;650,0;0,32691179896034744
52,666666666666664;925,8510992565037;909,1823224325642;679,0127915792025;0,6834754605183896;0,5187829146160852;418,9361951823457;3067,5041621905666;650,0;0,32537181655798153
52,75;926,0874267443896;909,5061741421226;679,7052784948266;0,6834754605183896;0,5187829146160852;416,71942059848845;3053,4326102471414;650,0;0,3238517095583985
52,833333333333336;926,3233820628493;909,8285253148556;680,395136836117;0,6834754605183896;0,5187829146160852;414,531315056675;3039,5420885707945;650,0;0,3223511727330178
52,916666666666664;926,5589663822276;910,1493952201638;681,0823436986294;0,6834754605183896;0,5187829146160852;412,3714186998427;3025,8298341541968;650,0;0,32086990530823256
53,0;926,7941808673575;910,4688028310757;681,7668758127874;0,6834754605183896;0,5187829146160852;410,23927905159496;3012,2931237717557;650,0;0,319407610911864
53,083333333333336;927,0290266775947;910,7867668285955;682,4487095370174;0,6834754605183896;0,5187829146160852;408,13445090704477;2998,9292735179893;650,0;0,317963997519893
53,166666666666664;927,263504966852;911,1033056059991;683,1278208508434;0,6834754605183896;0,5187829146160852;406,0564962249799;2985,7356383485035;650,0;0,3165387774035588
53,25;927,4976168836333;911,4184372730757;683,8041853479453;0,6834754605183896;0,5187829146160852;404,00498402132143;2972,709611621466;650,0;0,31513166707662327
53,333333333333336;927,7313635710668;911,7321796603188;684,4777782291922;0,6834754605183896;0,5187829146160852;401,9794902639404;2959,8486246430552;650,0;0,3137423872431343
53,416666666666664;927,9647461669396;912,0445503230642;685,1485742956547;0,6834754605183896;0,5187829146160852;399,97959776870005;2947,1501462131705;650,0;0,31237066274532743
53,5;928,1977658037299;912,3555665455763;685,816547941611;0,6834754605183896;0,5187829146160852;398,0048960968844;2934,6116821752357;650,0;0,31101622251203837
53,583333333333336;928,4304236086405;912,6652453450836;686,4816731475523;0,6834754605183896;0,5187829146160852;396,05498145384104;2922,2307749668157;650,0;0,30967879950730565
53,666666666666664;928,6627207036314;912,973603475763;687,1439234732018;0,6834754605183896;0,5187829146160852;394,12945658892227;2910,005003173857;650,0;0,3083581306794316
53,75;928,8946582054524;913,2806574326734;687,8032720505573;0,6834754605183896;0,5187829146160852;392,22793069671127;2897,931981087015;650,0;0,30705395691035914
53,833333333333336;929,1262372256748;913,5864234556389;688,4596915769728;0,6834754605183896;0,5187829146160852;390,3500193194759;2886,0093582609347;650,0;0,30576602296543803
53,916666666666664;929,357458870724;913,8909175330824;689,1131543082906;0,6834754605183896;0,5187829146160852;388,4953442508987;2874,2348190756684;650,0;0,30449407744350965
54,0;929,5883242419111;914,1941554058099;689,7636320520419;0,6834754605183896;0,5187829146160852;386,6635334410404;2862,606082301908;650,0;0,303237872727463
54,083333333333336;929,8188344354637;914,4961525707449;690,4110961607305;0,6834754605183896;0,5187829146160852;384,8542209025311;2851,120900668296;650,0;0,3019971649350997
54,166666666666664;930,0489905425582;914,7969242846153;691,0555175252188;0,6834754605183896;0,5187829146160852;383,0670466179697;2839,777060432095;650,0;0,3007717138704244
54,25;930,27879364935;915,0964855675907;691,6968665682346;0,6834754605183896;0,5187829146160852;381,3016564485707;2828,572380952884;650,0;0,29956128297533463
54,333333333333336;930,5082448370043;915,3948512068723;692,3351132380201;0,6834754605183896;0,5187829146160852;379,5577020439822;2817,5047142692474;650,0;0,2983656392816994
54,416666666666664;930,7373451817272;915,6920357602362;692,9702270021445;0,6834754605183896;0,5187829146160852;377,8348407533002;2806,571944678772;650,0;0,29718455336385735
54,5;930,9660957547956;915,9880535595277;693,6021768415047;0,6834754605183896;0,5187829146160852;376,13273553727424;2795,7719883211134;650,0;0,29601779929151323
54,583333333333336;931,1944976225868;916,2829187141107;694,23093124454;0,6834754605183896;0,5187829146160852;374,4510548816976;2785,1027927646023;650,0;0,2948651545830755
54,666666666666664;931,4225518466094;916,57664511427;694,8564582016866;0,6834754605183896;0,5187829146160852;372,7894727119036;2774,562336595715;650,0;0,29372640015936335
54,75;931,6502594835318;916,8692464345678;695,4787252001032;0,6834754605183896;0,5187829146160852;371,14766830848396;2764,1486290122057;650,0;0,29260132029777086
54,833333333333336;931,8776215852125;917,1607361371547;696,0976992186979;0,6834754605183896;0,5187829146160852;369,52532622410104;2753,8597094199486;650,0;0,2914897025868785
54,916666666666664;932,1046391987283;917,4511274750361;696,7133467234888;0,6834754605183896;0,5187829146160852;367,92213620144594;2743,693647032401;650,0;0,29039133788141636
55,0;932,3313133664043;917,7404334952938;697,3256336633357;0,6834754605183896;0,5187829146160852;366,33779309230476;2733,6485404742452;650,0;0,28930602025772145
55,083333333333336;932,5576451258416;918,0286670422635;697,9345254660791;0,6834754605183896;0,5187829146160852;364,77199677776184;2723,7225173883744;650,0;0,2882335469696121
55,166666666666664;932,7836355099467;918,3158407606682;698,5399870351274;0,6834754605183896;0,5187829146160852;363,22445208945453;2713,9137340461016;650,0;0,2871737184046621
55,25;933,009285546959;918,6019670987091;699,1419827465343;0,6834754605183896;0,5187829146160852;361,6948687319649;2704,220374961343;650,0;0,2861263380409517
55,333333333333336;933,2345962604793;918,8870583111134;699,7404764466116;0,6834754605183896;0,5187829146160852;360,182961206246;2694,6406525080783;650,0;0,28509121240422053
55,416666666666664;933,4595686694978;919,1711264621389;700,335431450126;0,6834754605183896;0,5187829146160852;358,68844873414787;2685,1728065415896;650,0;0,28406815102547656
55,5;933,6842037884214;919,4541834285379;700,9268105391286;0,6834754605183896;0,5187829146160852;357,2110551839728;2675,8151040234275;650,0;0,28305696639904804
55,583333333333336;933,908502627101;919,7362409024789;701,5145759624727;0,6834754605183896;0,5187829146160852;355,7505089970874;2666,5658386493537;650,0;0,2820574739410131
55,666666666666664;934,1324661908595;920,0173103944271;702,098689436074;0,6834754605183896;0,5187829146160852;354,3065431155526;2657,4233304819027;650,0;0,28106949194815384
55,75;934,3560954805181;920,2974032359843;702,6791121439738;0,6834754605183896;0,5187829146160852;352,87889491081046;2648,385925585796;650,0;0,28009284155727643
55,833333333333336;934,5793914924233;920,5765305826894;703,2558047402671;0,6834754605183896;0,5187829146160852;351,4673061133436;2639,451995667723;650,0;0,2791273467050294
55,916666666666664;934,8023552184736;920,8547034167775;703,8287273519602;0,6834754605183896;0,5187829146160852;350,071522743346;2630,619937718889;650,0;0,278172834088074
56,0;935,0249876461465;921,1319325499013;704,3978395828284;0,6834754605183896;0,5187829146160852;348,69129504240277;2621,8881736622798;650,0;0,2772291331237893
56,083333333333336;935,2472897585234;921,4082286258126;704,963100518343;0,6834754605183896;0,5187829146160852;347,32637740613086;2613,2551500026807;650,0;0,2762960759113237
56,166666666666664;935,4692625343171;921,6836021230058;705,5244687317445;0,6834754605183896;0,5187829146160852;345,97652831776884;2604,7193374811536;650,0;0,275373497193152
56,25;935,6909069478963;921,9580633573229;706,0819022913389;0,6834754605183896;0,5187829146160852;344,6415102827814;2596,2792307327604;650,0;0,2744612343170286
56,333333333333336;935,9122239693129;922,2316224845213;706,6353587691001;0,6834754605183896;0,5187829146160852;343,3210897643363;2587,933347947748;650,0;0,2735591271983467
56,416666666666664;936,1332145643257;922,5042895028042;707,1847952506608;0,6834754605183896;0,5187829146160852;342,0150371197906;2579,680230537286;650,0;0,272667018283015
56,5;936,353879694427;922,7760742553149;707,7301683467821;0,6834754605183896;0,5187829146160852;340,7231265380375;2571,518442801799;650,0;0,27178475251065876
56,583333333333336;936,5742203168669;923,0469864325933;708,2714342063894;0,6834754605183896;0,5187829146160852;339,4451359778003;2563,4465716037835;650,0;0,2709121772783261
56,666666666666664;936,7942373846788;923,3170355749978;708,8085485312716;0,6834754605183896;0,5187829146160852;338,18084710684104;2555,4632260439625;650,0;0,27004914240459194
56,75;937,0139318467038;923,5862310750919;709,3414665925371;0,6834754605183896;0,5187829146160852;336,9300452420248;2547,567037141032;650,0;0,2691955000940768
56,833333333333336;937,2333046476151;923,8545821799943;709,8701432489264;0,6834754605183896;0,5187829146160852;335,6925192902992;2539,7566575151855;650,0;0,268351104902404
56,916666666666664;937,452356727943;924,1220979936959;710,3945329670822;0,6834754605183896;0,5187829146160852;334,4680616905208;2532,0307610752916;650,0;0,26751581370157596
57,0;937,6710890240984;924,3887874793417;710,9145898438808;0,6834754605183896;0,5187829146160852;333,25646835617704;2524,388042709547;650,0;0,26668948564575945
57,083333333333336;937,889502468397;924,6546594614791;711,4302676309272;0,6834754605183896;0,5187829146160852;332,05753861891765;2516,8272179798514;650,0;0,26587198213749275
57,166666666666664;938,1075979890835;924,9197226282735;711,9415197613221;0,6834754605183896;0,5187829146160852;330,8710751729478;2509,3470228198266;650,0;0,26506316679431413
57,25;938,325376510355;925,1839855336892;712,4482993788055;0,6834754605183896;0,5187829146160852;329,696884020251;2501,9462132360877;650,0;0,2642629054157708
57,333333333333336;938,5428389523846;925,4474565996401;712,9505593693846;0,6834754605183896;0,5187829146160852;328,5347744166444;2494,623565013724;650,0;0,2634710659508988
57,416666666666664;938,7599862313443;925,7101441181061;713,4482523955518;0,6834754605183896;0,5187829146160852;327,3845588186134;2487,377873424446;650,0;0,26268751846602356
57,5;938,9768192594286;925,9720562532191;713,941330933198;0,6834754605183896;0,5187829146160852;326,24605283095605;2480,207952939023;650,0;0,2619121351130379
57,583333333333336;939,1933389448776;926,2332010433171;714,4297473113247;0,6834754605183896;0,5187829146160852;325,11907515523717;2473,1126369428707;650,0;0,26114479009804786
57,666666666666664;939,4095461919998;926,4935864029675;714,9134537546555;0,6834754605183896;0,5187829146160852;324,0034475390132;2466,090777455114;650,0;0,26038535965041665
57,75;939,6254419011939;926,7532201249597;715,392402429244;0,6834754605183896;0,5187829146160852;322,89899472580714;2459,1412448512847;650,0;0,25963372199221585
57,833333333333336;939,8410269689725;927,0121098822677;715,8665454911704;0,6834754605183896;0,5187829146160852;321,80554440585354;2452,2629275892323;650,0;0,2588897573080503
57,916666666666664;940,0563022879838;927,270263229983;716,3358351384142;0,6834754605183896;0,5187829146160852;320,7229271676198;2445,454731938675;650,0;0,2581533477152931
58,0;940,2712687470341;927,5276876072177;716,8002236659813;0,6834754605183896;0,5187829146160852;319,6509764500206;2438,715581714014;650,0;0,25742437723469214
58,083333333333336;940,4859272311093;927,784390338979;717,2596635243597;0,6834754605183896;0,5187829146160852;318,5895284954114;2432,0444180107065;650,0;0,2567027317613791
58,166666666666664;940,7002786213969;928,0403786380152;717,714107381363;0,6834754605183896;0,5187829146160852;317,5384223032552;2425,4401989446287;650,0;0,25598829903622256
58,25;940,9143237953087;928,2956596066329;718,1635081874149;0,6834754605183896;0,5187829146160852;316,49749958454265;2418,901899395064;650,0;0,2552809686175877
58,333333333333336;941,1280636265006;928,5502402384864;718,6078192443127;0,6834754605183896;0,5187829146160852;315,46660471689734;2412,4285107511073;650,0;0,25458063185348023
58,416666666666664;941,3414989848956;928,8041274203404;719,046994277494;0,6834754605183896;0,5187829146160852;314,445584700357;2406,0190406609177;650,0;0,25388718185401876
58,5;941,5546307367038;929,0573279338047;719,4809875118156;0,6834754605183896;0,5187829146160852;313,43428911388;2399,672512784647;650,0;0,2532005134643174
58,583333333333336;941,7674597444444;929,3098484570423;719,9097537508356;0,6834754605183896;0,5187829146160852;312,4325700724768;2393,3879665501186;650,0;0,25252052323768415
58,666666666666664;941,9799868669664;929,5616955664516;720,3332484595717;0,6834754605183896;0,5187829146160852;311,44028218505184;2387,1644569125947;650,0;0,2518471094092668
58,75;942,1922129594692;929,8128757383215;720,7514278506837;0,6834754605183896;0,5187829146160852;310,4572825128713;2381,001054116584;650,0;0,25118017186994746
58,833333333333336;942,4041388735232;930,0633953504622;721,1642489740123;0,6834754605183896;0,5187829146160852;309,48343052869234;2374,8968434614508;650,0;0,25051961214065405
58,916666666666664;942,6157654570903;930,3132606838093;721,5716698093734;0,6834754605183896;0,5187829146160852;308,51858807652377;2368,8509250703873;650,0;0,2498653333470438
59,0;942,827093554545;930,5624779240037;721,9736493624883;0,6834754605183896;0,5187829146160852;307,5626193320261;2362,862413661575;650,0;0,2492172401944519
59,083333333333336;943,0381240066936;930,811053162947;722,3701477638964;0,6834754605183896;0,5187829146160852;306,6153907635311;2356,930438323535;650,0;0,24857523894328792
59,166666666666664;943,2488576507945;931,0589924003317;722,7611263706702;0,6834754605183896;0,5187829146160852;305,676771093664;2351,0541422926776;650,0;0,24793923738469392
59,25;943,4592953205789;931,3063015451482;723,1465478707223;0,6834754605183896;0,5187829146160852;304,7466312615711;2345,2326827338306;650,0;0,24730914481653732
59,333333333333336;943,6694378462696;931,5529864171681;723,5263763894571;0,6834754605183896;0,5187829146160852;303,8248443857668;2339,4652305248196;650,0;0,24668487201983957
59,416666666666664;943,8792860546012;931,7990527484035;723,9005775984928;0,6834754605183896;0,5187829146160852;302,9112857275379;2333,750970042433;650,0;0,2460663312353861
59,5;944,0888407688393;932,0445061845443;724,2691188261392;0,6834754605183896;0,5187829146160852;302,00583265494174;2328,089098952788;650,0;0,24545343614080203
59,583333333333336;944,2981028088002;932,2893522863722;724,6319691692864;0,6834754605183896;0,5187829146160852;301,10836460737573;2322,478828003452;650,0;0,24484610182784605
59,666666666666664;944,5070729908703;932,5335965311522;724,9890996063201;0,6834754605183896;0,5187829146160852;300,2187630607011;2316,9193808189625;650,0;0,24424424478007167
59,75;944,7157521280243;932,777244314003;725,3404831106486;0,6834754605183896;0,5187829146160852;299,33691149295214;2311,409993699388;650,0;0,24364778285082844
59,833333333333336;944,9241410298451;933,0203009492445;725,6860947643892;0,6834754605183896;0,5187829146160852;298,46269535053125;2305,9499154211644;650,0;0,24305663524151983
59,916666666666664;945,1322405025427;933,2627716717247;726,0259118717282;0,6834754605183896;0,5187829146160852;297,5960020150154;2300,5384070412465;650,0;0,24247072248022788
60,0;945,340051348972;933,5046616381253;726,3599140714388;0,6834754605183896;0,5187829146160852;296,7367207704484;2295,174741703434;650,0;0,24188996640058624
60,083333333333336;945,547574368652;933,7459759282464;726,6880834480075;0,6834754605183896;0,5187829146160852;295,88474277116745;2289,8582044481213;650,0;0,2413142901210227
60,166666666666664;945,7548103577843;933,9867195462706;727,0104046407972;0,6834754605183896;0,5187829146160852;295,0399610101414;2284,588092023791;650,0;0,24074361802421146
60,25;945,9617601092717;934,2268974220075;727,3268649506429;0,6834754605183896;0,5187829146160852;294,20227028784325;2279,363712702356;650,0;0,2401778757369356
60,333333333333336;946,1684244127354;934,4665144121176;727,6374544432625;0,6834754605183896;0,5187829146160852;293,371567181606;2274,1843860962795;650,0;0,23961699011015936
60,416666666666664;946,3748040545339;934,705575301317;727,9421660488442;0,6834754605183896;0,5187829146160852;292,5477500154443;2269,049442978348;650,0;0,2390608891993926
60,5;946,580899817781;934,9440848035624;728,2409956571576;0,6834754605183896;0,5187829146160852;291,7307188304221;2263,958225104466;650,0;0,23850950224538744
60,583333333333336;946,786712482363;935,1820475632175;728,5339422075332;0,6834754605183896;0,5187829146160852;290,92037535546353;2258,9100850386876;650,0;0,23796275965508512
60,666666666666664;946,9922428249573;935,4194681562003;728,8210077730508;0,6834754605183896;0,5187829146160852;290,11662297863836;2253,904385980888;650,0;0,23742059298285398
60,75;947,197491619049;935,6563510911122;729,1021976382807;0,6834754605183896;0,5187829146160852;289,31936671892515;2248,9405015967163;650,0;0,23688293491198445
60,833333333333336;947,4024596349487;935,8927008103487;729,3775203699337;0,6834754605183896;0,5187829146160852;288,5285131984176;2244,01781585037;650,0;0,23634971923648887
60,916666666666664;947,6071476398107;936,1285216911918;729,6469878797952;0,6834754605183896;0,5187829146160852;287,74397061499997;2239,135722839352;650,0;0,23582088084313027
61,0;947,811556397649;936,3638180468856;729,91061547934;0,6834754605183896;0,5187829146160852;286,9656487154714;2234,2936266323145;650,0;0,23529635569378085
61,083333333333336;948,015686669355;936,5985941276936;730,1684219254586;0,6834754605183896;0,5187829146160852;286,1934587690854;2229,490941108368;650,0;0,23477608080795623
61,166666666666664;948,2195392127144;936,8328541219392;730,4204294567646;0,6834754605183896;0,5187829146160852;285,42731354153545;2224,727089799583;650,0;0,23425999424568894
61,25;948,4231147824241;937,0666021570298;730,6666638199972;0,6834754605183896;0,5187829146160852;284,6671272693783;2220,001505735336;650,0;0,23374803509061517
61,333333333333336;948,6264141301092;937,2998423004632;730,9071542860872;0,6834754605183896;0,5187829146160852;283,9128156348579;2215,3136312890915;650,0;0,23324014343332627
61,416666666666664;948,829438004339;937,5325785608181;731,1419336555138;0,6834754605183896;0,5187829146160852;283,16429574115034;2210,66291802732;650,0;0,2327362603549586
61,5;949,0321871506444;937,7648148887292;731,3710382526436;0,6834754605183896;0,5187829146160852;282,4214860880204;2206,0488265611693;650,0;0,23223632791107898
61,583333333333336;949,2346623115334;937,9965551778449;731,5945079088175;0,6834754605183896;0,5187829146160852;281,68430654787926;2201,470826399316;650,0;0,2317402891157178
61,666666666666664;949,4368642265083;938,2278032657707;731,81238593402;0,6834754605183896;0,5187829146160852;280,95267834221147;2196,928395804273;650,0;0,23124808792575852
61,75;949,6387936320813;938,4585629349962;732,0247190770535;0,6834754605183896;0,5187829146160852;280,2265240184397;2192,4210216499278;650,0;0,230759669225484
61,833333333333336;949,8404512617907;938,6888379138076;732,2315574742161;0,6834754605183896;0,5187829146160852;279,5057674271277;2187,9481992813976;650,0;0,23027497881136932
61,916666666666664;950,0418378462173;938,9186318771847;732,4329545865672;0,6834754605183896;0,5187829146160852;278,79033369957824;2183,509432377328;650,0;0,22979396337714056
62,0;950,2429541129995;939,1479484476837;732,6289671259543;0,6834754605183896;0,5187829146160852;278,0801492258149;2179,1042328139856;650,0;0,22931657049903642
62,083333333333336;950,4438007868503;939,376791196305;732,8196549700544;0,6834754605183896;0,5187829146160852;277,3751416328963;2174,7321205312287;650,0;0,2288427486212757
62,166666666666664;950,6443785895713;939,6051636433468;733,0050810667723;0,6834754605183896;0,5187829146160852;276,675239763631;2170,3926234011337;650,0;0,2283724470418109
62,25;950,8446882400694;939,8330692592451;733,1853113284161;0,6834754605183896;0,5187829146160852;275,98037365561083;2166,085277097982;650,0;0,2279056158982378
62,333333333333336;951,0447304543728;940,060511465399;733,3604145161526;0,6834754605183896;0,5187829146160852;275,2904745206081;2161,8096249702908;650,0;0,22744220615393002
62,416666666666664;951,2445059456447;940,2874936349834;733,5304621153136;0,6834754605183896;0,5187829146160852;274,60547472434484;2157,565217915301;650,0;0,22698216958443768
62,5;951,4440154241998;940,5140190937475;733,6955282021988;0,6834754605183896;0,5187829146160852;273,92530776653246;2153,3516142549793;650,0;0,2265254587640523
62,583333333333336;951,6432595975189;940,7400911208001;733,8556893030765;0,6834754605183896;0,5187829146160852;273,24990826130886;2149,168379613742;650,0;0,22607202705257
62,666666666666664;951,8422391702644;940,9657129493824;734,0110242461423;0,6834754605183896;0,5187829146160852;272,5792119179687;2145,015086798339;650,0;0,22562182858228294
62,75;952,0409548442949;941,1908877676276;734,161614007241;0,6834754605183896;0,5187829146160852;271,9131555220514;2140,8913156800086;650,0;0,22517481824521685
62,833333333333336;952,2394073186803;941,4156187193081;734,3075415501943;0,6834754605183896;0,5187829146160852;271,2516769166825;2136,796653077283;650,0;0,22473095168045215
62,916666666666664;952,4375972897159;941,6399089045699;734,4488916626068;0,6834754605183896;0,5187829146160852;270,5947149843041;2132,7306926417596;650,0;0,22429018526175906
63,0;952,6355254509382;941,8637613806553;734,5857507880437;0,6834754605183896;0,5187829146160852;269,9422096286497;2128,693034745117;650,0;0,22385247608537054
63,083333333333336;952,8331924931385;942,0871791626133;734,7182068554829;0,6834754605183896;0,5187829146160852;269,29410175707176;2124,683286367909;650,0;0,22341778195795536
63,166666666666664;953,0305991043778;942,3101652239981;734,8463491069468;0,6834754605183896;0,5187829146160852;268,6503332631304;2120,7010609899903;650,0;0,22298606138476662
63,25;953,2277459700009;942,532722497556;734,9702679242127;0,6834754605183896;0,5187829146160852;268,0108470094922;2116,7459784829116;650,0;0,22255727355800412
63,333333333333336;953,4246337726512;942,7548538759014;735,0900546554822;0,6834754605183896;0,5187829146160852;267,3755868111215;2112,8176650039977;650,0;0,22213137834536004
63,416666666666664;953,621263192284;942,97656221218;735,2112846441712;0,6834754605183896;0,5187829146160852;266,7444974187447;2108,915752891619;650,0;0,22170833627870215
63,5;953,8176349061818;943,1978503207231;735,3357849714524;0,6834754605183896;0,5187829146160852;266,1175245025987;2105,03988056276;650,0;0,22128810854299794
63,583333333333336;954,0137495889669;943,4187209776885;735,4636227333912;0,6834754605183896;0,5187829146160852;265,4946146364665;2101,189692411615;650,0;0,22087065696536068
63,666666666666664;954,2096079126165;943,6391769216929;735,594865231968;0,6834754605183896;0,5187829146160852;264,87571528195986;2097,3648387101543;650,0;0,22045594400430357
63,75;954,4052105464759;943,859220854432;735,7295799110952;0,6834754605183896;0,5187829146160852;264,26077477309207;2093,5649755101576;650,0;0,22004393273915676
63,833333333333336;954,6005581572722;944,0788554412917;735,8678342901824;0,6834754605183896;0,5187829146160852;263,64974230109794;2089,7897645467087;650,0;0,21963458685964452
63,916666666666664;954,7956514091285;944,2980833119473;736,0096958953447;0,6834754605183896;0,5187829146160852;263,0425678995124;2086,038873143221;650,0;0,21922787065562943
64,0;954,9904909635766;944,5169070609543;736,1552321883613;0,6834754605183896;0,5187829146160852;262,4392024295304;2082,3119741180467;650,0;0,21882374900702983
64,08333333333333;955,1850774795711;944,7353292483282;736,3045104935018;0,6834754605183896;0,5187829146160852;261,83959756555737;2078,6087456927276;650,0;0,21842218737390956
64,16666666666667;955,3794116135026;944,9533524001148;736,4575979223558;0,6834754605183896;0,5187829146160852;261,2437057810723;2074,9288714010145;650,0;0,21802315178666729
64,25;955,573494019211;945,1709790089512;736,614561296813;0,6834754605183896;0,5187829146160852;260,6514803346954;2071,2720400005282;650,0;0,21762660883649224
64,33333333333333;955,7673253479982;945,3882115346171;736,7754670703534;0,6834754605183896;0,5187829146160852;260,0628752564944;2067,6379453845707;650,0;0,2172325256658561
64,41666666666667;955,9609062486426;945,6050524045763;736,9403812478228;0,6834754605183896;0,5187829146160852;259,47784533452705;2064,0262864959996;650,0;0,21684086995921945
64,5;956,1542373674101;945,8215040145102;737,1093693038779;0,6834754605183896;0,5187829146160852;258,89634610165615;2060,436767242734;650,0;0,21645160993391566
64,58333333333333;956,3473193480692;946,0375687288413;737,2824961003017;0,6834754605183896;0,5187829146160852;258,3183338224984;2056,8690964138705;650,0;0,2160647143311046
64,66666666666667;956,540152831902;946,2532488812482;737,4598258023965;0,6834754605183896;0,5187829146160852;257,7437654806971;2053,322987597615;650,0;0,21568015240692578
64,75;956,7327384577179;946,468546775172;737,6414217946756;0,6834754605183896;0,5187829146160852;257,1725987663456;2049,7981591006305;650,0;0,21529789392379792
64,83333333333333;956,9250768618668;946,6834646843138;737,8273465960835;0,6834754605183896;0,5187829146160852;256,60479206364926;2046,2943338683385;650,0;0,2149179091418294
64,91666666666667;957,1171686782504;946,8980048531241;738,0176617749831;0,6834754605183896;0,5187829146160852;256,04030443882664;2042,8112394068135;650,0;0,2145401688104001
65,0;957,309014538336;947,112169497284;738,2124278641546;0,6834754605183896;0,5187829146160852;255,4790956281579;2039,3486077056366;650,0;0,21416464415984643
65,08333333333333;957,5006150711677;947,3259608041773;738,4117042760602;0,6834754605183896;0,5187829146160852;254,92112602630073;2035,9061751621787;650,0;0,21379130689330433
65,16666666666667;957,69197090338;947,539380933356;738,6155492186293;0,6834754605183896;0,5187829146160852;254,3663566747597;2032,4836825074449;650,0;0,21342012917871298
65,25;957,8830826592095;947,7524320169969;738,8240196118279;0,6834754605183896;0,5187829146160852;253,8147492505999;2029,0808747322133;650,0;0,21305108364086817
65,33333333333333;958,0739509605072;947,9651161603506;739,0371710052722;0,6834754605183896;0,5187829146160852;253,26626605531715;2025,697501015171;650,0;0,212684143353677
65,41666666666667;958,2645764267505;948,1774354421831;739,2550574971523;0,6834754605183896;0,5187829146160852;252,72087000391537;2022,3333146522186;650,0;0,2123192818325409
65,5;958,4549596750552;948,3893919152099;739,4777316547284;0,6834754605183896;0,5187829146160852;252,17852461418602;2018,9880729863555;650,0;0,21195647302681145
65,58333333333333;958,6451013201879;948,6009876065223;739,7052444366592;0,6834754605183896;0,5187829146160852;251,63919399613235;2015,6615373389695;650,0;0,2115956913123914
65,66666666666667;958,835001974578;948,8122245180068;739,93764511742;0,6834754605183896;0,5187829146160852;251,10284284164095;2012,3534729425858;650,0;0,21123691148449422
65,75;959,0246622483286;949,0231046267573;740,1749812140608;0,6834754605183896;0,5187829146160852;250,56943641427836;2009,0636488746056;650,0;0,21088010875050828
65,83333333333333;959,2140827492292;949,2336298854802;740,4172984155497;0,6834754605183896;0,5187829146160852;250,03894053928093;2005,791837991221;650,0;0,2105252587228951
65,91666666666667;959,4032640827672;949,4438022228926;740,6646405149344;0,6834754605183896;0,5187829146160852;249,51132159372378;2002,5378168639227;650,0;0,2101723374123465
66,0;959,592206852139;949,6536235441135;740,9170493445504;0,6834754605183896;0,5187829146160852;248,9865464968659;1999,3013657161432;650,0;0,20982132122097089
66,08333333333333;959,7809116582624;949,863095731049;741,1745647144867;0,6834754605183896;0,5187829146160852;248,4645827006375;1996,0822683603876;650,0;0,20947218693553815
66,16666666666667;959,969379099787;950,07222064277;741,4372243545116;0,6834754605183896;0,5187829146160852;247,94539818033456;1992,8803121382803;650,0;0,2091249117210158
66,25;960,1576097731069;950,281000115884;741,7050638596456;0,6834754605183896;0,5187829146160852;247,42896142542463;1989,6952878593254;650,0;0,2087794731139964
66,33333333333333;960,3456042723705;950,4894359649004;741,9781166395517;0,6834754605183896;0,5187829146160852;246,9152414305711;1986,5269897425176;650,0;0,2084358490164101
66,41666666666667;960,533363189493;950,6975299825896;742,2564138719001;0,6834754605183896;0,5187829146160852;246,40420768675142;1983,3752153576972;650,0;0,20809401768922317
66,5;960,7208871141675;950,9052839403358;742,5399844598451;0,6834754605183896;0,5187829146160852;245,89583017258576;1980,2397655685002;650,0;0,20775395774630417
66,58333333333333;960,9081766338749;951,1126995884842;742,828854993734;0,6834754605183896;0,5187829146160852;245,39007934579047;1977,1204444764155;650,0;0,20741564814840585
66,66666666666667;961,0952323338964;951,3197786566814;743,1230497171512;0,6834754605183896;0,5187829146160852;244,8869261347653;1974,0170593646872;650,0;0,20707906819714447
66,75;961,2820547973238;951,5265228542106;743,4225904973788;0,6834754605183896;0,5187829146160852;244,38634193037672;1970,9294206448774;650,0;0,20674419752924608
66,83333333333333;961,4686446050704;951,7329338703213;743,7274968003392;0,6834754605183896;0,5187829146160852;243,88829857782923;1967,8573418024766;650,0;0,2064110161107119
66,91666666666667;961,6550023358817;951,9390133745525;744,0377856700618;0,6834754605183896;0,5187829146160852;243,39276836872727;1964,8006393448973;650,0;0,20607950423122412
67,0;961,8411285663466;952,144763017051;744,3534717126998;0,6834754605183896;0,5187829146160852;242,89972403323077;1961,759132749454;650,0;0,205749642498559
67,08333333333333;962,0270238709081;952,3501844288842;744,6745670851013;0,6834754605183896;0,5187829146160852;242,4091387323898;1958,7326444125508;650,0;0,20542141183312948
67,16666666666667;962,2126888218734;952,5552792223468;745,0010814879209;0,6834754605183896;0,5187829146160852;241,92098605059869;1955,7209995998212;650,0;0,20509479346262754
67,25;962,3981239894249;952,7600489912635;745,333022163239;0,6834754605183896;0,5187829146160852;241,43523998816363;1952,724026396399;650,0;0,20476976891669
67,33333333333333;962,5833299416305;952,9644953112853;745,6703938966373;0,6834754605183896;0,5187829146160852;240,95187495403536;1949,7415556594055;650,0;0,20444632002178584
67,41666666666667;962,7683072444541;953,1686197401814;746,0131990236625;0,6834754605183896;0,5187829146160852;240,47086575862977;1946,7734209696368;650,0;0,20412442889603755
67,5;962,9530564617664;953,3724238181256;746,3614374405915;0,6834754605183896;0,5187829146160852;239,99218760681913;1943,8194585850833;650,0;0,20380407794422922
67,58333333333333;963,1375781553545;953,5759090679785;746,7151066193977;0,6834754605183896;0,5187829146160852;239,51581609101993;1940,879507395189;650,0;0,2034852498528927
67,66666666666667;963,3218728849329;953,779076995564;747,0742016268013;0,6834754605183896;0,5187829146160852;239,0417271844001;1937,9534088752428;650,0;0,2031679275854173
67,75;963,5059412081523;953,9819290899413;747,438715147273;0,6834754605183896;0,5187829146160852;238,5698972342226;1935,0410070423882;650,0;0,20285209437732302
67,83333333333333;963,6897836806115;954,1844668236728;747,8086375098492;0,6834754605183896;0,5187829146160852;238,1003029552744;1932,1421484111931;650,0;0,20253773373150108
67,91666666666667;963,8734008558671;954,3866916530865;748,1839567186013;0,6834754605183896;0,5187829146160852;237,6329214234687;1929,2566819516985;650,0;0,20222482941370168
68,0;964,0567932854417;954,5886050185344;748,5646584865966;0,6834754605183896;0,5187829146160852;237,16773006951541;1926,3844590464337;650,0;0,2019133654479316
68,08333333333333;964,2399615188361;954,7902083446464;748,950726273174;0,6834754605183896;0,5187829146160852;236,70470667268262;1923,525333449179;650,0;0,20160332611202367
68,16666666666667;964,4229061035387;954,9915030405797;749,3421413243534;0,6834754605183896;0,5187829146160852;236,24382935474273;1920,679161244141;650,0;0,2012946959332618
68,25;964,6056275850336;955,1924905002637;749,738882716189;0,6834754605183896;0,5187829146160852;235,78507657397552;1917,8458008058667;650,0;0,20098745968408036
68,33333333333333;964,7881265068128;955,3931721026415;750,1409274008722;0,6834754605183896;0,5187829146160852;235,32842711924786;1915,0251127596523;650,0;0,20068160237781663
68,41666666666667;964,970403410384;955,5935492119061;750,5482502553862;0,6834754605183896;0,5187829146160852;234,8738601042811;1912,2169599428737;650,0;0,20037710926456728
68,5;965,1524588352817;955,7936231777331;750,9608241325084;0,6834754605183896;0,5187829146160852;234,42135496194965;1909,421207366931;650,0;0,20007396582710438
68,58333333333333;965,3342933190754;955,99339533551;751,3786199139599;0,6834754605183896;0,5187829146160852;233,97089143871312;1906,6377221797732;650,0;0,19977215777685878
68,66666666666667;965,5159073973803;956,1928670065599;751,8016065654971;0,6834754605183896;0,5187829146160852;233,52244958913673;1903,8663736288215;650,0;0,19947167104994828
68,75;965,6973016038658;956,3920394983633;752,2297511937402;0,6834754605183896;0,5187829146160852;233,0760097705081;1901,107033025111;650,0;0,19917249180332883
68,83333333333333;965,8784764702659;956,5909141047742;752,6630191045396;0,6834754605183896;0,5187829146160852;232,63155263756232;1898,359573707577;650,0;0,19887460641096935
68,91666666666667;966,0594325263876;956,7894921062343;753,1013738626781;0,6834754605183896;0,5187829146160852;232,18905913729202;1895,623871008059;650,0;0,19857800146010132
69,0;966,2401703001209;956,9877747699818;753,5447773527139;0,6834754605183896;0,5187829146160852;231,74851050383154;1892,8998022166602;650,0;0,1982826637475086
69,08333333333333;966,4206903174476;957,1857633502577;753,9931898407716;0,6834754605183896;0,5187829146160852;231,30988825347742;1890,1872465487504;650,0;0,19798858027598304
69,16666666666667;966,6009931024506;957,3834590885084;754,4465700370941;0,6834754605183896;0,5187829146160852;230,8731741797459;1887,4860851106175;650,0;0,197695738250658
69,25;966,7810791773234;957,580863213584;754,9048751591749;0,6834754605183896;0,5187829146160852;230,43835034855533;1884,7962008678885;650,0;0,19740412507561125
69,33333333333333;966,9609490623782;957,7779769419344;755,3680609952933;0,6834754605183896;0,5187829146160852;230,00539909348277;1882,1174786126774;650,0;0,1971137283503567
69,41666666666667;967,1406032760566;957,974801477801;755,8360819682852;0,6834754605183896;0,5187829146160852;229,57430301109412;1879,4498049325223;650,0;0,1968245358665095
69,5;967,3200423349365;958,1713380134054;756,3088911993882;0,6834754605183896;0,5187829146160852;229,14504495639108;1876,7930681793084;650,0;0,19653653560446085
69,58333333333333;967,4992667537425;958,3675877291355;756,7864405720059;0,6834754605183896;0,5187829146160852;228,71760803827783;1874,1471584383648;650,0;0,19624971573007094
69,66666666666667;967,6782770453547;958,563551793727;757,2686807952449;0,6834754605183896;0,5187829146160852;228,2919756151756;1871,5119674991627;650,0;0,195964064591525
69,75;967,857073720816;958,7592313644432;757,7555614670887;0,6834754605183896;0,5187829146160852;227,86813129069117;1868,8873888255498;650,0;0,19567957071615133
69,83333333333333;968,0356572893432;958,9546275872505;758,2470311370754;0,6834754605183896;0,5187829146160852;227,4460589093195;1866,2733175267283;650,0;0,19539622280731178
69,91666666666667;968,214028258334;959,1497415969918;758,7430373683598;0,6834754605183896;0,5187829146160852;227,0257425523198;1863,6696503293697;650,0;0,19511400974141424
70,0;968,3921871333757;959,3445745175567;759,2435267990459;0,6834754605183896;0,5187829146160852;226,6071665335545;1861,0762855489504;650,0;0,1948329205648496
70,08333333333333;968,5701344182548;959,5391274620478;759,7484452026856;0,6834754605183896;0,5187829146160852;226,1903153954762;1858,4931230627012;650,0;0,19455294449109237
70,16666666666667;968,7478706149647;959,7334015329455;760,2577375478461;0,6834754605183896;0,5187829146160852;225,77517390517698;1855,9200642828766;650,0;0,19427407089783752
70,25;968,9253962237144;959,9273978222697;760,7713480566584;0,6834754605183896;0,5187829146160852;225,3617270504776;1853,357012129625;650,0;0,1939962893241037
70,33333333333333;969,1027117429372;960,1211174117371;761,2892202622678;0,6834754605183896;0,5187829146160852;224,94996003611902;1850,803871005583;650,0;0,19371958946750675
70,41666666666667;969,2798176692991;960,3145613729187;761,8112970651118;0,6834754605183896;0,5187829146160852;224,53985828000214;1848,2605467697388;650,0;0,19344396118146948
70,5;969,4567144977063;960,5077307673912;762,337520787964;0,6834754605183896;0,5187829146160852;224,13140740951008;1845,7269467128076;650,0;0,19316939447258044
70,58333333333333;969,6334027213146;960,7006266468891;762,8678332296838;0,6834754605183896;0,5187829146160852;223,72459325787872;1843,2029795319568;650,0;0,1928958794978965
70,66666666666667;969,8098828315372;960,8932500534514;763,402175717626;0,6834754605183896;0,5187829146160852;223,31940186063832;1840,6885553068828;650,0;0,19262340656237797
70,75;969,9861553180527;961,0856020195678;763,9404891586638;0,6834754605183896;0,5187829146160852;222,91581945214318;1838,1835854758883;650,0;0,19235196611633246
70,83333333333333;970,1622206688139;961,2776835683206;764,4827140887916;0,6834754605183896;0,5187829146160852;222,51383246212413;1835,6879828124877;650,0;0,1920815487529093
70,91666666666667;970,3380793700546;961,4694957135263;765,028790721277;0,6834754605183896;0,5187829146160852;222,1134275123319;1833,2016614021738;650,0;0,19181214520561868
71,0;970,5137319062997;961,6610394598722;765,5786589933392;0,6834754605183896;0,5187829146160852;221,71459141320895;1830,724536619673;650,0;0,19154374634589783
71,08333333333333;970,6891787603707;961,852315803053;766,132258611334;0,6834754605183896;0,5187829146160852;221,31731116068636;1828,2565251074063;650,0;0,19127634318080236
71,16666666666667;970,864420413396;962,0433257299036;766,6895290944346;0,6834754605183896;0,5187829146160852;220,92157393294372;1825,7975447524805;650,0;0,19100992685055634
71,25;971,0394573448176;962,23407021853;767,2504098168005;0,6834754605183896;0,5187829146160852;220,52736708731118;1823,3475146663934;650,0;0,19074448862636936
71,33333333333333;971,2142900323988;962,4245502384381;767,8148400482304;0,6834754605183896;0,5187829146160852;220,1346781571914;1820,9063551631389;650,0;0,19048001990810576
71,41666666666667;971,3889189522326;962,6147667506601;768,3827589933028;0,6834754605183896;0,5187829146160852;219,74349484901836;1818,4739877387;650,0;0,19021651222208705
71,5;971,5633445787495;962,804720707879;768,9541058290076;0,6834754605183896;0,5187829146160852;219,353805039313;1816,05033505061;650,0;0,18995395721890979
71,58333333333333;971,7375673847247;962,9944130545504;769,5288197408807;0,6834754605183896;0,5187829146160852;218,96559677176128;1813,635320898321;650,0;0,18969234667134058
71,66666666666667;971,9115878412863;963,1838447270225;770,1068399576519;0,6834754605183896;0,5187829146160852;218,578858254358;1811,2288702028836;650,0;0,18943167247215337
71,75;972,0854064179225;963,3730166536545;770,6881057844245;0,6834754605183896;0,5187829146160852;218,19357785659577;1808,830908988163;650,0;0,18917192663211388
71,83333333333333;972,2590235824897;963,5619297549324;771,2725566344035;0,6834754605183896;0,5187829146160852;217,80974410669955;1806,4413643615662;650,0;0,1889131012779231
71,91666666666667;972,4324398012197;963,7505849435827;771,8601320591962;0,6834754605183896;0,5187829146160852;217,4273456889324;1804,060164495337;650,0;0,18865518865021996
72,0;972,6056555387273;963,9389831246843;772,4507717777061;0,6834754605183896;0,5187829146160852;217,04637144092658;1801,6872386087393;650,0;0,18839818110166962
72,08333333333333;972,7786712580179;964,1271251957793;773,0444157036486;0,6834754605183896;0,5187829146160852;216,66681035107445;1799,3225169493146;650,0;0,18814207109497108
72,16666666666667;972,9514874204945;964,3150120469803;773,6410039717147;0,6834754605183896;0,5187829146160852;216,28865155596486;1796,9659307757524;650,0;0,18788685120101883
72,25;973,1241044859654;964,5026445610773;774,2404769624119;0,6834754605183896;0,5187829146160852;215,91188433785362;1794,6174123401938;650,0;0,18763251409701567
72,33333333333333;973,2965229126522;964,690023613642;774,8427753256145;0,6834754605183896;0,5187829146160852;215,53649812220215;1792,276894871342;650,0;0,1873790525646666
72,41666666666667;973,4687431571958;964,8771500731303;775,4478400028526;0,6834754605183896;0,5187829146160852;215,16248247525596;1789,9443125576659;650,0;0,18712645948838538
72,5;973,6407656746641;965,0640248009838;776,0556122483745;0,6834754605183896;0,5187829146160852;214,78982710163734;1787,6196005307884;650,0;0,18687472785351955
72,58333333333333;973,81259091856;965,2506486517284;776,6660336490152;0,6834754605183896;0,5187829146160852;214,41852184200627;1785,3026948494585;650,0;0,1866238507446363
72,66666666666667;973,9842193408276;965,4370224730723;777,279046142905;0,6834754605183896;0,5187829146160852;214,04855667078948;1782,993532483483;650,0;0,18637382134381114
72,75;974,1556513918598;965,6231471060013;777,8945920370538;0,6834754605183896;0,5187829146160852;213,679921693884;1780,6920512982815;650,0;0,18612463292897183
72,83333333333333;974,3268875205054;965,8090233848735;778,5126140238436;0,6834754605183896;0,5187829146160852;213,31260714646305;1778,3981900394133;650,0;0,18587627887224992
72,91666666666667;974,4979281740758;965,9946521375119;779,1330551964676;0,6834754605183896;0,5187829146160852;212,94660339079599;1776,1118883176766;650,0;0,18562875263838663
73,0;974,6687737983523;966,1800341852951;779,7558590633477;0,6834754605183896;0,5187829146160852;212,58190091409688;1773,8330865939133;650,0;0,18538204778311376
73,08333333333333;974,8394248375931;966,3651703432467;780,3809695615679;0,6834754605183896;0,5187829146160852;212,2184903264298;1771,5617261648229;650,0;0,1851361579516346
73,16666666666667;975,0098817345406;966,5500614201238;781,0083310693575;0,6834754605183896;0,5187829146160852;211,85636235865957;1769,2977491486954;650,0;0,18489107687710085
73,25;975,180144930427;966,7347082185029;781,637888417658;0,6834754605183896;0,5187829146160852;211,4955078604197;1767,041098471026;650,0;0,1846467983790808
73,33333333333333;975,3502148649825;966,919111534865;782,2695869008094;0,6834754605183896;0,5187829146160852;211,13591779810292;1764,7917178509106;650,0;0,184403316362102
73,41666666666667;975,5200919764418;967,1032721596792;782,9033722863888;0,6834754605183896;0,5187829146160852;210,777583252937;1762,5495517876664;650,0;0,18416062481422302
73,5;975,68977670155;967,2871908774848;783,5391908242356;0,6834754605183896;0,5187829146160852;210,4204954190635;1760,3145455473345;650,0;0,18391871780559463
73,58333333333333;975,859269475571;967,4708684669719;784,1769892546938;0,6834754605183896;0,5187829146160852;210,06464560163067;1758,0866451495128;650,0;0,18367758948705287
73,66666666666667;976,0285707322922;967,6543057010606;784,8167148161081;0,6834754605183896;0,5187829146160852;209,71002521497724;1755,865797354691;650,0;0,1834372340887677
73,75;976,1976809040332;967,8375033469795;785,4583152515999;0,6834754605183896;0,5187829146160852;209,35662578079075;1753,6519496516812;650,0;0,183197645918898
73,83333333333333;976,3666004216503;968,0204621663418;786,1017388151588;0,6834754605183896;0,5187829146160852;209,00443892634257;1751,4450502449401;650,0;0,18295881936224376
73,91666666666667;976,5353297145455;968,2031829152207;786,7469342770773;0,6834754605183896;0,5187829146160852;208,65345638271435;1749,2450480427008;650,0;0,18272074887897297
74,0;976,7038692106706;968,3856663442241;787,393850928759;0,6834754605183896;0,5187829146160852;208,3036699831183;1747,0518926448772;650,0;0,18248342900333592
74,08333333333333;976,8722193365354;968,5679131985665;788,0424385869284;0,6834754605183896;0,5187829146160852;207,95507166116352;1744,8655343314356;650,0;0,18224685434241844
74,16666666666667;977,0403805172139;968,7499242181415;788,6926475972715;0,6834754605183896;0,5187829146160852;207,60765344922163;1742,685924050471;650,0;0,18201101957487623
74,25;977,2083531763496;968,9317001375913;789,3444288375333;0,6834754605183896;0,5187829146160852;207,26140747680972;1740,5130134075446;650,0;0,18177591944978921
74,33333333333333;977,3761377361637;969,1132416863767;789,9977337200987;0,6834754605183896;0,5187829146160852;206,91632596895886;1738,3467546539073;650,0;0,18154154878541015
74,41666666666667;977,5437346174601;969,2945495888447;790,6525141940829;0,6834754605183896;0,5187829146160852;206,57240124467648;1736,1871006758631;650,0;0,18130790246802822
74,5;977,7111442396323;969,4756245642955;791,308722746955;0,6834754605183896;0,5187829146160852;206,22962571538608;1734,0340049840788;650,0;0,18107497545082615
74,58333333333333;977,8783670206695;969,6564673270482;791,9663124057209;0,6834754605183896;0,5187829146160852;205,8879918834208;1731,8874217030261;650,0;0,18084276275275393
74,66666666666667;978,0454033771631;969,8370785865055;792,6252367376856;0,6834754605183896;0,5187829146160852;205,54749234053418;1729,7473055602793;650,0;0,18061125945739143
74,75;978,2122537243125;970,0174590472175;793,2854498508191;0,6834754605183896;0,5187829146160852;205,20811976643927;1727,6136118769637;650,0;0,18038046071192018
74,83333333333333;978,3789184759316;970,1976094089434;793,9469063937483;0,6834754605183896;0,5187829146160852;204,86986692737617;1725,4862965570665;650,0;0,18015036172599264
74,91666666666667;978,5453980444555;970,3775303667142;794,6095615553937;0,6834754605183896;0,5187829146160852;204,53272667470515;1723,3653160782821;650,0;0,1799209577707461
75,0;978,7116928409451;970,5572226108919;795,2733710642713;0,6834754605183896;0,5187829146160852;204,1966919435339;1721,2506274817745;650,0;0,17969224417771942
75,08333333333333;978,877803275095;970,7366868272298;795,9382911874799;0,6834754605183896;0,5187829146160852;203,86175575133052;1719,1421883631012;650,0;0,17946421633787651
75,16666666666667;979,0437297552379;970,9159236969305;796,604278729392;0,6834754605183896;0,5187829146160852;203,52791119662754;1717,0399568628632;650,0;0,17923686970061273
75,25;979,2094726883522;971,0949338967032;797,2712910300653;0,6834754605183896;0,5187829146160852;203,19515145768605;1714,9438916574434;650,0;0,17901019977276583
75,33333333333333;979,3750324800666;971,2737180988208;797,9392859633921;0,6834754605183896;0,5187829146160852;202,86346979122527;1712,8539519500146;650,0;0,17878420211765841
75,41666666666667;979,540409534667;971,452276971175;798,6082219350035;0,6834754605183896;0,5187829146160852;202,53285953114357;1710,770097461835;650,0;0,17855887235416612
75,5;979,7056042551018;971,6306111773308;799,2780578799438;0,6834754605183896;0,5187829146160852;202,2033140872992;1708,6922884235453;650,0;0,17833420615579146
75,58333333333333;979,8706170429883;971,8087213765806;799,9487532601296;0,6834754605183896;0,5187829146160852;201,87482694427388;1706,6204855666786;650,0;0,17811019924975638
75,66666666666667;980,0354482986183;971,9866082239967;800,6202680616082;0,6834754605183896;0,5187829146160852;201,5473916601934;1704,5546501152742;650,0;0,1778868474161095
75,75;980,2000984209639;972,1642723704836;801,2925627916294;0,6834754605183896;0,5187829146160852;201,22100186554235;1702,4947437778108;650,0;0,17766414648686246
75,83333333333333;980,3645678076832;972,3417144628287;801,9655984755435;0,6834754605183896;0,5187829146160852;200,8956512620074;1700,440728738822;650,0;0,17744209234509964
75,91666666666667;980,5288568551267;972,5189351437529;802,6393366535374;0,6834754605183896;0,5187829146160852;200,57133362136312;1698,3925676514643;650,0;0,17722068092418072
76,0;980,6929659583419;972,6959350519597;803,3137393772217;0,6834754605183896;0,5187829146160852;200,24804278434658;1696,3502236292386;650,0;0,17699990820686265
76,08333333333333;980,8568955110802;972,8727148221842;803,9887692060798;0,6834754605183896;0,5187829146160852;199,92577265955447;1694,3136602387303;650,0;0,17677977022451968
76,16666666666667;981,0206459058018;973,0492750852405;804,6643892037897;0,6834754605183896;0,5187829146160852;199,6045172224001;1692,2828414919404;650,0;0,17656026305633002
76,25;981,1842175336811;973,225616468069;805,3405629344284;0,6834754605183896;0,5187829146160852;199,28427051403048;1690,2577318391054;650,0;0,17634138282850478
76,33333333333333;981,3476107846137;973,4017395937825;806,0172544585698;0,6834754605183896;0,5187829146160852;198,96502664030322;1688,2382961609478;650,0;0,1761231257134692
76,41666666666667;981,5108260472203;973,5776450817117;806,6944283292851;0,6834754605183896;0,5187829146160852;198,6467797707803;1686,224499762345;650,0;0,17590548792917807
76,5;981,6738637088532;973,75333354745;807,3720495880527;0,6834754605183896;0,5187829146160852;198,32952413771636;1684,2163083647652;650,0;0,17568846573831515
76,58333333333333;981,8367241556016;973,9288056028976;808,0500837605897;0,6834754605183896;0,5187829146160852;198,01325403508088;1682,2136880996168;650,0;0,1754720554475815
76,66666666666667;981,999407772297;974,1040618563046;808,7284968526092;0,6834754605183896;0,5187829146160852;197,69796381760045;1680,2166055016005;650,0;0,17525625340698542
76,75;982,1619149425188;974,2791029123138;809,4072553455135;0,6834754605183896;0,5187829146160852;197,3836478998095;1678,2250275017398;650,0;0,17504105600910372
76,83333333333333;982,3242460485997;974,4539293720022;810,0863261920293;0,6834754605183896;0,5187829146160852;197,07030075512648;1676,238921421553;650,0;0,17482645968845142
76,91666666666667;982,4864014716312;974,6285418329229;810,7656768117919;0,6834754605183896;0,5187829146160852;196,757916914936;1674,2582549658878;650,0;0,17461246092072732
77,0;982,6483815914684;974,8029408891451;811,4452750868845;0,6834754605183896;0,5187829146160852;196,44649096770763;1672,2829962175153;650,0;0,17439905622222746
77,08333333333333;982,8101867867362;974,9771271312942;812,12508935734;0,6834754605183896;0,5187829146160852;196,13601755808077;1670,3131136299248;650,0;0,1741862421490871
77,16666666666667;982,9718174348337;975,1511011465909;812,805088416609;0,6834754605183896;0,5187829146160852;195,82649138604893;1668,348576022343;650,0;0,17397401529673986
77,25;983,1332739119407;975,3248635188901;813,485241507001;0,6834754605183896;0,5187829146160852;195,51790720607016;1666,3893525730966;650,0;0,1737623722992153
77,33333333333333;983,2945565930215;975,4984148287186;814,165518315103;0,6834754605183896;0,5187829146160852;195,21025982626554;1664,435412814209;650,0;0,17355130982855968
77,41666666666667;983,4556658518311;975,6717556533129;814,8458889671815;0,6834754605183896;0,5187829146160852;194,9035441075722;1662,486726625227;650,0;0,17334082459418113
77,5;983,6166020609201;975,8448865666552;815,526324024571;0,6834754605183896;0,5187829146160852;194,59775496295606;1660,5432642281069;650,0;0,17313091334229838
77,58333333333333;983,7773655916402;976,0178081395105;816,2067944790534;0,6834754605183896;0,5187829146160852;194,2928873566217;1658,6049961812541;650,0;0,1729215728553114
77,66666666666667;983,9379568141485;976,1905209394617;816,8872717482346;0,6834754605183896;0,5187829146160852;193,9889363032421;1656,6718933745694;650,0;0,1727127999512668
77,75;984,0983760974135;976,3630255309449;817,5677276709182;0,6834754605183896;0,5187829146160852;193,6858968671686;1654,743927023527;650,0;0,1725045914832314
77,83333333333333;984,2586238092198;976,5353224752837;818,2481345024831;0,6834754605183896;0,5187829146160852;193,38376416171457;1652,8210686644327;650,0;0,1722969443387832
77,91666666666667;984,4187003161734;976,7074123307232;818,9284649102675;0,6834754605183896;0,5187829146160852;193,0825333484023;1650,903290149164;650,0;0,17208985543944993
78,0;984,578605983706;976,8792956524634;819,6086919689606;0,6834754605183896;0,5187829146160852;192,7821996362553;1648,990563639953;650,0;0,17188332174015616
78,08333333333333;984,738341176081;977,0509729926921;820,2887891560077;0,6834754605183896;0,5187829146160852;192,482758281065;1647,082861604629;650,0;0,17167734022871084
78,16666666666667;984,8979062563978;977,2224449006173;820,9687303470296;0,6834754605183896;0,5187829146160852;192,1842045847228;1645,1801568116518;650,0;0,17147190792528166
78,25;985,0573015865972;977,3937119224993;821,6484898112587;0,6834754605183896;0,5187829146160852;191,88653389451247;1643,282422325515;650,0;0,17126702188189985
78,33333333333333;985,2165275274658;977,5647746016812;822,3280422069957;0,6834754605183896;0,5187829146160852;191,58974160244782;1641,3896315016202;650,0;0,17106267918191995
78,41666666666667;985,3755844386415;977,7356334786207;823,0073625770874;0,6834754605183896;0,5187829146160852;191,29382314461623;1639,5017579821692;650,0;0,1708588769395754
78,5;985,5344726786178;977,9062890909202;823,6864263444281;0,6834754605183896;0,5187829146160852;190,99877400051923;1637,6187756914499;650,0;0,17065561229947682
78,58333333333333;985,693192604749;978,0767419733562;824,3652093074879;0,6834754605183896;0,5187829146160852;190,70458969244157;1635,7406588309732;650,0;0,17045288243609943
78,66666666666667;985,8517445732551;978,2469926579096;825,0436876358671;0,6834754605183896;0,5187829146160852;190,41126578482022;1633,8673818758316;650,0;0,17025068455338432
78,75;986,0101289392263;978,4170416737938;825,7218378658798;0,6834754605183896;0,5187829146160852;190,118797883639;1631,998919569969;650,0;0,17004901588424048
78,83333333333333;986,1683460566279;978,5868895474839;826,3996368961693;0,6834754605183896;0,5187829146160852;189,82718163581183;1630,1352469219962;650,0;0,1698478736900966
78,91666666666667;986,3263962783051;978,7565368027443;827,0770619833537;0,6834754605183896;0,5187829146160852;189,5364127286001;1628,2763392012018;650,0;0,16964725526047472
79,0;986,4842799559875;978,9259839606568;827,7540907377054;0,6834754605183896;0,5187829146160852;189,24648688901868;1626,4221719331692;650,0;0,16944715791252538
79,08333333333333;986,6419974402943;979,0952315396474;828,4307011188649;0,6834754605183896;0,5187829146160852;188,95739988326739;1624,5727208962792;650,0;0,1692475789906485
79,16666666666667;986,7995490807386;979,2642800555135;829,1068714315899;0,6834754605183896;0,5187829146160852;188,66914751617117;1622,7279621172315;650,0;0,16904851586602296
79,25;986,9569352257315;979,4331300214498;829,7825803215396;0,6834754605183896;0,5187829146160852;188,3817256306287;1620,8878718676558;650,0;0,16884996593623894
79,33333333333333;987,1141562225883;979,6017819480746;830,4578067710978;0,6834754605183896;0,5187829146160852;188,09513010704393;1619,052426660016;650,0;0,16865192662486267
79,41666666666667;987,2712124175315;979,7702363434557;831,1325300952321;0,6834754605183896;0,5187829146160852;187,80935686284295;1617,2216032442475;650,0;0,16845439538107743
79,5;987,4281041556959;979,938493713135;831,8067299373927;0,6834754605183896;0,5187829146160852;187,52440185189414;1615,3953786034647;650,0;0,168257369679229
79,58333333333333;987,5848317811335;980,1065545601535;832,4803862654493;0,6834754605183896;0,5187829146160852;187,2402610640222;1613,5737299510736;650,0;0,1680608470185106
79,66666666666667;987,7413956368177;980,274419385076;833,1534793676688;0,6834754605183896;0,5187829146160852;186,9569305244994;1611,756634726876;650,0;0,16786482492255198
79,75;987,8977960646481;980,4420886860152;833,8259898487315;0,6834754605183896;0,5187829146160852;186,67440629354246;1609,9440705937996;650,0;0,16766930093906737
79,83333333333333;988,0540334054541;980,6095629586546;834,4978986257894;0,6834754605183896;0,5187829146160852;186,39268446582378;1608,1360154340416;650,0;0,16747427263944983
79,91666666666667;988,2101079990008;980,7768426962731;835,1691869245636;0,6834754605183896;0,5187829146160852;186,1117611699882;1606,3324473464334;650,0;0,16727973761848033
80,0;988,366020183992;980,943928389767;835,8398362754842;0,6834754605183896;0,5187829146160852;185,83163256819262;1604,5333446425857;650,0;0,16708569349392485
80,08333333333333;988,5217702980757;981,1108205276732;836,5098285098703;0,6834754605183896;0,5187829146160852;185,5522948556228;1602,7386858439747;650,0;0,16689213790621754
80,16666666666667;988,6773586778477;981,2775195961914;837,179145756152;0,6834754605183896;0,5187829146160852;185,27374426006133;1600,9484496785894;650,0;0,16669906851810745
80,25;988,8327856588566;981,4440260792057;837,8477704361342;0,6834754605183896;0,5187829146160852;184,9959770414074;1599,1626150780457;650,0;0,16650648301434434
80,33333333333333;988,9880515756076;981,6103404583071;838,5156852613011;0,6834754605183896;0,5187829146160852;184,71898949127024;1597,381161174194;650,0;0,1663143791013242
80,41666666666667;989,1431567615672;981,7764632128138;839,1828732291633;0,6834754605183896;0,5187829146160852;184,44277793251445;1595,6040672966285;650,0;0,16612275450681438
80,5;989,2981015491673;981,9423948197934;839,849317619646;0,6834754605183896;0,5187829146160852;184,16733871883366;1593,8313129689536;650,0;0,1659316069795653
80,58333333333333;989,4528862698097;982,1081357540826;840,5150019915188;0,6834754605183896;0,5187829146160852;183,89266823434696;1592,0628779069007;650,0;0,16574093428909706
80,66666666666667;989,6075112538698;982,2736864883079;841,1799101788679;0,6834754605183896;0,5187829146160852;183,6187628931782;1590,2987420145012;650,0;0,1655507342253031
80,75;989,7619768307017;982,4390474929062;841,8440262876084;0,6834754605183896;0,5187829146160852;183,3456191390468;1588,5388853820593;650,0;0,1653610045982227
80,83333333333333;989,9162833286414;982,6042192361439;842,5073346920386;0,6834754605183896;0,5187829146160852;183,0732334448868;1586,7832882829075;650,0;0,16517174323770273
80,91666666666667;990,0704310750122;982,769202184137;843,1698200314362;0,6834754605183896;0,5187829146160852;182,8016023124377;1585,0319311709013;650,0;0,16498294799312557
81,0;990,2244203961274;982,9339968008702;843,8314672066937;0,6834754605183896;0,5187829146160852;182,53072227187772;1583,2847946778243;650,0;0,16479461673313286
81,08333333333333;990,3782516172957;983,0986035482156;844,4922613769962;0,6834754605183896;0,5187829146160852;182,2605898814288;1581,541859610659;650,0;0,16460674734533376
81,16666666666667;990,5319250628252;983,2630228859516;845,1521879565394;0,6834754605183896;0,5187829146160852;181,99120172700418;1579,8031069490698;650,0;0,1644193377360373
81,25;990,6854410560263;983,4272552717816;845,8112326112865;0,6834754605183896;0,5187829146160852;181,72255442183882;1578,0685178430717;650,0;0,16423238583000027
81,33333333333333;990,8387999192171;983,5913011613518;846,4693812557676;0,6834754605183896;0,5187829146160852;181,4546446061172;1576,338073610222;650,0;0,16404588957013033
81,41666666666667;990,9920019737268;983,755161008269;847,1266200499166;0,6834754605183896;0,5187829146160852;181,18746894663218;1574,6117557332893;650,0;0,1638598469172368
81,5;991,1450475399005;983,9188352641189;847,7829353959484;0,6834754605183896;0,5187829146160852;180,92102413644398;1572,88954585812;650,0;0,16367425584979947
81,58333333333333;991,2979369371019;984,0823243784827;848,4383139352755;0,6834754605183896;0,5187829146160852;180,65530689453908;1571,1714257911622;650,0;0,16348911436370606
81,66666666666667;991,4506704837186;984,2456287989546;849,0927425454631;0,6834754605183896;0,5187829146160852;180,3903139654807;1569,4573774969874;650,0;0,16330442047198784
81,75;991,6032484971652;984,4087489711592;849,7462083372229;0,6834754605183896;0,5187829146160852;180,12604211909888;1567,747383096278;650,0;0,16312017220460343
81,83333333333333;991,7556712938875;984,5716853387673;850,3986986514441;0,6834754605183896;0,5187829146160852;179,8624881501496;1566,0414248633635;650,0;0,16293636760817648
81,91666666666667;991,9079391893672;984,7344383435131;851,0502010562632;0,6834754605183896;0,5187829146160852;179,5996488780048;1564,3394852243516;650,0;0,1627530047457928
82,0;992,0600524981244;984,89700842521;851,7007033441711;0,6834754605183896;0,5187829146160852;179,33752114635126;1562,6415467547056;650,0;0,16257008169674592
82,08333333333333;992,2120115337225;985,0593960217662;852,3501935291565;0,6834754605183896;0,5187829146160852;179,07610182286078;1560,9475921772694;650,0;0,16238759655632204
82,16666666666667;992,3638166087718;985,2216015692019;852,9986598438867;0,6834754605183896;0,5187829146160852;178,81538779890604;1559,2576043602546;650,0;0,16220554743558574
82,25;992,5154680349333;985,383625501663;853,6460907369237;0,6834754605183896;0,5187829146160852;178,55537598924798;1557,571566314856;650,0;0,16202393246112817
82,33333333333333;992,6669661229232;985,5454682514379;854,2924748699775;0,6834754605183896;0,5187829146160852;178,29606333175718;1555,8894611938215;650,0;0,1618427497749076
82,41666666666667;992,8183111825151;985,7071302489719;854,9378011151932;0,6834754605183896;0,5187829146160852;178,03744678713258;1554,2112722890402;650,0;0,16166199753399801
82,5;992,9695035225459;985,8686119228823;855,5820585524748;0,6834754605183896;0,5187829146160852;177,77952333858025;1552,5369830298212;650,0;0,16148167391039886
82,58333333333333;993,1205434509176;986,0299136999731;856,2252364668423;0,6834754605183896;0,5187829146160852;177,52228999158888;1550,8665769807867;650,0;0,16130177709081686
82,66666666666667;993,2714312746027;986,1910360052497;856,8673243458237;0,6834754605183896;0,5187829146160852;177,26574377361146;1549,2000378403495;650,0;0,1611223052764948
82,75;993,4221672996467;986,3519792619327;857,5083118768808;0,6834754605183896;0,5187829146160852;177,00988173382655;1547,537349438527;650,0;0,16094325668298481
82,83333333333333;993,5727518311727;986,5127438914726;858,1481889448684;0,6834754605183896;0,5187829146160852;176,75470094285117;1545,8784957354435;650,0;0,16076462953998222
82,91666666666667;993,7231851733846;986,6733303135637;858,7869456295257;0,6834754605183896;0,5187829146160852;176,50019849250214;1544,2234608193576;650,0;0,16058642209111865
83,0;993,8734676295711;986,8337389461575;859,4245722030021;0,6834754605183896;0,5187829146160852;176,24637149552314;1542,5722289048738;650,0;0,16040863259377025
83,08333333333333;994,0235995021089;986,9939702054764;860,0610591274129;0,6834754605183896;0,5187829146160852;175,99321708534035;1540,9247843315375;650,0;0,1602312593189032
83,16666666666667;994,1735810924669;987,1540245060273;860,6963970524289;0,6834754605183896;0,5187829146160852;175,74073241581232;1539,281111561862;650,0;0,1600543005508667
83,25;994,3234127012095;987,3139022606146;861,3305768128956;0,6834754605183896;0,5187829146160852;175,48891466098837;1537,641195179606;650,0;0,1598777545872093
83,33333333333333;994,4730946280002;987,4736038803532;861,9635894264845;0,6834754605183896;0,5187829146160852;175,23776101487272;1536,0050198887416;650,0;0,15970161973856084
83,41666666666667;994,6226271716059;987,6331297746815;862,5954260913744;0,6834754605183896;0,5187829146160852;174,98726869117718;1534,3725705110944;650,0;0,1595258943283891
83,5;994,772010629899;987,7924803513744;863,226078183963;0,6834754605183896;0,5187829146160852;174,73743492311087;1532,7438319852981;650,0;0,15935057669288247
83,58333333333333;994,9212452998624;987,9516560165551;863,8555372566079;0,6834754605183896;0,5187829146160852;174,48825696311587;1531,1187893649012;650,0;0,15917566518074866
83,66666666666667;995,0703314775924;988,1106571747082;864,4837950353979;0,6834754605183896;0,5187829146160852;174,2397320826825;1529,497427817186;650,0;0,15900115815308724
83,75;995,2192694583023;988,2694842286915;865,1108434179514;0,6834754605183896;0,5187829146160852;173,9918575721049;1527,879732621541;650,0;0,15882705398321512
83,83333333333333;995,3680595363256;988,428137579748;865,7366744712454;0,6834754605183896;0,5187829146160852;173,74463074027062;1526,2656891678703;650,0;0,15865335105649805
83,91666666666667;995,5167020051206;988,5866176275182;866,3612804294709;0,6834754605183896;0,5187829146160852;173,49804891444194;1524,6552829553486;650,0;0,15848004777021446
84,0;995,665197157272;988,7449247700516;866,9846536919172;0,6834754605183896;0,5187829146160852;173,2521094400596;1523,0484995908325;650,0;0,1583071425333886
84,08333333333333;995,8135452844963;988,9030594038182;867,6067868208828;0,6834754605183896;0,5187829146160852;173,00680968050983;1521,4453247877204;650,0;0,15813463376666245
84,16666666666667;995,961746677644;989,0610219237203;868,2276725396138;0,6834754605183896;0,5187829146160852;172,76214701695096;1519,8457443643092;650,0;0,15796251990212642
84,25;996,1098016267035;989,2188127231035;868,8473037302682;0,6834754605183896;0,5187829146160852;172,51811884809172;1518,2497442425913;650,0;0,15779079938318588
84,33333333333333;996,2577104208044;989,3764321937679;869,4656734319072;0,6834754605183896;0,5187829146160852;172,2747225900008;1516,6573104468343;650,0;0,15761947066441145
84,41666666666667;996,4054733482209;989,5338807259793;870,0827748385119;0,6834754605183896;0,5187829146160852;172,03195567591365;1515,0684291026294;650,0;0,15744853221143162
84,5;996,5530906963747;989,6911587084801;870,6986012970249;0,6834754605183896;0,5187829146160852;171,78981555603912;1513,4830864350893;650,0;0,1572779825007469
84,58333333333333;996,7005627518397;989,8482665284997;871,3131463054183;0,6834754605183896;0,5187829146160852;171,54829969736625;1511,901268767761;650,0;0,15710782001961007
84,66666666666667;996,8478898003439;990,0052045717657;871,926403510785;0,6834754605183896;0,5187829146160852;171,30740558349942;1510,3229625219783;650,0;0,15693804326595065
84,75;996,995072126773;990,1619732225139;872,5383667074555;0,6834754605183896;0,5187829146160852;171,0671307144537;1508,7481542145163;650,0;0,15676865074813653
84,83333333333333;997,1421100151747;990,3185728634988;873,1490298351379;0,6834754605183896;0,5187829146160852;170,82747260647864;1507,1768304575776;650,0;0,15659964098495657
84,91666666666667;997,2890037487607;990,4750038760043;873,758386977082;0,6834754605183896;0,5187829146160852;170,58842879189626;1505,6089779567537;650,0;0,15643101250541513
85,0;997,4357536099109;990,6312666398529;874,3664323582664;0,6834754605183896;0,5187829146160852;170,34999681891065;1504,0445835101627;650,0;0,15626276384863377
85,08333333333333;997,5823598801758;990,7873615334166;874,9731603436092;0,6834754605183896;0,5187829146160852;170,11217425144878;1502,4836340076424;650,0;0,1560948935637611
85,16666666666667;997,7288228402809;990,9432889336264;875,5785654362003;0,6834754605183896;0,5187829146160852;169,8749586689786;1500,926116429067;650,0;0,1559274002097987
85,25;997,8751427701288;991,099049215982;876,182642275557;0,6834754605183896;0,5187829146160852;169,6383476663641;1499,372017843592;650,0;0,15576028235551723
85,33333333333333;998,0213199488028;991,2546427545612;876,785385635901;0,6834754605183896;0,5187829146160852;169,40233885367206;1497,8213254085165;650,0;0,15559353857933209
85,41666666666667;998,1673546545708;991,4100699220304;877,3867904244569;0,6834754605183896;0,5187829146160852;169,16692985603845;1496,2740263681555;650,0;0,15542716746918586
85,5;998,3132471648868;991,5653310896529;877,9868516797728;0,6834754605183896;0,5187829146160852;168,93211831350925;1494,7301080531383;650,0;0,15526116762246775
85,58333333333333;998,4589977563961;991,7204266272987;878,5855645700613;0,6834754605183896;0,5187829146160852;168,6979018808472;1493,1895578784888;650,0;0,15509553764581657
85,66666666666667;998,6046067049373;991,8753569034538;879,1829243915608;0,6834754605183896;0,5187829146160852;168,46427822743522;1491,6523633438092;650,0;0,15493027615512883
85,75;998,7500742855449;992,0301222852293;879,7789265669187;0,6834754605183896;0,5187829146160852;168,23124503708584;1490,1185120314667;650,0;0,1547653817753718
85,83333333333333;998,8954007724537;992,1847231383698;880,3735666435927;0,6834754605183896;0,5187829146160852;167,99880000789074;1488,5879916058243;650,0;0,1546008531404974
85,91666666666667;999,0405864391013;992,3391598272632;880,9668402922736;0,6834754605183896;0,5187829146160852;167,7669408520984;1487,0607898122614;650,0;0,15443668889333984
86,0;999,1856315581308;992,4934327149487;881,5587433053266;0,6834754605183896;0,5187829146160852;167,53566529595219;1485,536894476325;650,0;0,1542728876855208
86,08333333333333;999,3305364013949;992,647542163126;882,1492715952525;0,6834754605183896;0,5187829146160852;167,30497107955387;1484,0162935028693;650,0;0,15410944817735686
86,16666666666667;999,4753012399576;992,8014885321637;882,7384211931667;0,6834754605183896;0,5187829146160852;167,07485595672154;1482,4989748748108;650,0;0,1539463690377296
86,25;999,6199263440985;992,9552721811077;883,3261882472984;0,6834754605183896;0,5187829146160852;166,8453176948475;1480,9849266524516;650,0;0,1537836489440096
86,33333333333333;999,764411983315;993,1088934676897;883,9125690215072;0,6834754605183896;0,5187829146160852;166,61635407477036;1479,4741369728183;650,0;0,15362128658198254
86,41666666666667;999,9087584263256;993,2623527483354;884,4975598938178;0,6834754605183896;0,5187829146160852;166,38796289063293;1477,9665940481516;650,0;0,15345928064569508
86,5;1000,0529659410732;993,4156503781728;885,0811573549728;0,6834754605183896;0,5187829146160852;166,16014194975435;1476,462286165747;650,0;0,1532976298374281
86,58333333333333;1000,1970347947278;993,5687867110404;885,6633580070031;0,6834754605183896;0,5187829146160852;165,93288907251065;1474,9612016867093;650,0;0,1531363328675691
86,66666666666667;1000,3409652536888;993,721762099495;886,2441585618155;0,6834754605183896;0,5187829146160852;165,70620209218418;1473,4633290453046;650,0;0,15297538845453804
86,75;1000,4847575835893;993,8745768948197;886,8235558397976;0,6834754605183896;0,5187829146160852;165,48007885484424;1471,968656747873;650,0;0,15281479532467437
86,83333333333333;1000,6284120492982;994,0272314470319;887,4015467684388;0,6834754605183896;0,5187829146160852;165,254517219239;1470,477173372326;650,0;0,1526545522121803
86,91666666666667;1000,7719289149229;994,179726104891;887,9781283809691;0,6834754605183896;0,5187829146160852;165,02951505665635;1468,9888675673383;650,0;0,15249465785903213
87,0;1000,9153084438133;994,3320612159058;888,5532978150129;0,6834754605183896;0,5187829146160852;164,80507025079874;1467,5037280511817;650,0;0,15233511101486016
87,08333333333333;1001,0585508985632;994,4842371263427;889,1270523112598;0,6834754605183896;0,5187829146160852;164,5811806976866;1466,0217436116723;650,0;0,15217591043693415
87,16666666666667;1001,2016565410148;994,6362541812327;889,6993892121509;0,6834754605183896;0,5187829146160852;164,35784430551337;1464,5429031046606;650,0;0,15201705489000947
87,25;1001,3446256322601;994,7881127243791;890,2703059605809;0,6834754605183896;0,5187829146160852;164,13505899455174;1463,0671954536342;650,0;0,15185854314628083
87,33333333333333;1001,4874584326446;994,9398130983644;890,8398000986152;0,6834754605183896;0,5187829146160852;163,91282269702572;1461,5946096491875;650,0;0,15170037398532119
87,41666666666667;1001,6301552017701;995,0913556445583;891,4078692662229;0,6834754605183896;0,5187829146160852;163,69113335700547;1460,1251347479222;650,0;0,15154254619396912
87,5;1001,7727161984972;995,2427407031246;891,9745112000238;0,6834754605183896;0,5187829146160852;163,46998893029365;1458,6587598719714;650,0;0,15138505856627374
87,58333333333333;1001,9151416809484;995,393968613028;892,5397237320511;0,6834754605183896;0,5187829146160852;163,24938738431456;1457,195474208243;650,0;0,15122790990341403
87,66666666666667;1002,057431906511;995,5450397120417;893,1035047885279;0,6834754605183896;0,5187829146160852;163,02932669800896;1455,7352670076261;650,0;0,15107109901361468
87,75;1002,1995871318393;995,6959543367537;893,6658523886582;0,6834754605183896;0,5187829146160852;162,80980486173462;1454,2781275846332;650,0;0,15091462471210357
87,83333333333333;1002,3416076128578;995,8467128225748;894,2267646434328;0,6834754605183896;0,5187829146160852;162,59081987713841;1452,8240453163799;650,0;0,15075848582100446
87,91666666666667;1002,4834936047645;995,9973155037441;894,7862397544477;0,6834754605183896;0,5187829146160852;162,37236975707674;1451,3730096420281;650,0;0,15060268116927789
88,0;1002,6252453620326;996,1477627133368;895,3442760127372;0,6834754605183896;0,5187829146160852;162,15445252551035;1449,9250100622837;650,0;0,15044720959266408
88,08333333333333;1002,7668631384136;996,2980547832703;895,9008717976202;0,6834754605183896;0,5187829146160852;161,93706621739636;1448,480036138694;650,0;0,15029206993360772
88,16666666666667;1002,9083471869405;996,4481920443116;896,4560255755604;0,6834754605183896;0,5187829146160852;161,72020887858025;1447,0380774928926;650,0;0,15013726104117706
88,25;1003,0496977599304;996,5981748260825;897,0097358990384;0,6834754605183896;0,5187829146160852;161,5038785657248;1445,5991238061488;650,0;0,14998278177101546
88,33333333333333;1003,190915108986;996,7480034570679;897,5620014054382;0,6834754605183896;0,5187829146160852;161,28807334619637;1444,1631648187456;650,0;0,14982863098527258
88,41666666666667;1003,3319994850003;996,8976782646204;898,1128208159453;0,6834754605183896;0,5187829146160852;161,07279129795415;1442,7301903291577;650,0;0,14967480755251736
88,5;1003,472951138158;997,0471995749681;898,6621929344581;0,6834754605183896;0,5187829146160852;160,85803050949892;1441,3001901939067;650,0;0,14952131034771987
88,58333333333333;1003,6137703179377;997,1965677132202;899,2101166465118;0,6834754605183896;0,5187829146160852;160,643789079748;1439,8731543265137;650,0;0,14936813825214174
88,66666666666667;1003,754457273116;997,3457830033735;899,7565909182138;0,6834754605183896;0,5187829146160852;160,43006511793578;1438,449072697182;650,0;0,14921529015329718
88,75;1003,8950122517693;997,4948457683184;900,3016147951919;0,6834754605183896;0,5187829146160852;160,21685674356263;1437,0279353323463;650,0;0,14906276494490645
88,83333333333333;1004,0354355012762;997,6437563298452;900,8454014323515;0,6834754605183896;0,5187829146160852;160,00416208627257;1435,6097323138251;650,0;0,148910561526805
88,91666666666667;1004,1757272683204;997,7925150086502;901,3874534699432;0,6834754605183896;0,5187829146160852;159,79197928577378;1434,1944537783047;650,0;0,1487586788048882
89,0;1004,3158877988936;997,9411221243413;901,9277755477123;0,6834754605183896;0,5187829146160852;159,58030649175612;1432,782089917086;650,0;0,14860711569107973
89,08333333333333;1004,4559173382977;998,0895779954445;902,4663723101676;0,6834754605183896;0,5187829146160852;159,36914186380875;1431,3726309753577;650,0;0,14845587110325625
89,16666666666667;1004,5958161311474;998,2378829394097;903,0032484064161;0,6834754605183896;0,5187829146160852;159,15848357132916;1429,966067251718;650,0;0,1483049439651942
89,25;1004,7355844213728;998,3860372726162;903,5384084899974;0,6834754605183896;0,5187829146160852;158,94832979344358;1428,5623890974998;650,0;0,14815433320649943
89,33333333333333;1004,8752224522223;998,5340413103788;904,0718572187199;0,6834754605183896;0,5187829146160852;158,7386787189132;1427,1615869165585;650,0;0,1480040377625787
89,41666666666667;1005,0147304662644;998,6818953669534;904,603599254497;0,6834754605183896;0,5187829146160852;158,52952854608588;1425,763651164769;650,0;0,14785405657458808
89,5;1005,1541087053911;998,8295997555427;905,1336392631853;0,6834754605183896;0,5187829146160852;158,32087748277388;1424,3685723488727;650,0;0,14770438858931395
89,58333333333333;1005,2933574108196;998,977154788302;905,6619819144224;0,6834754605183896;0,5187829146160852;158,11272374620842;1422,9763410271667;650,0;0,14755503275923332
89,66666666666667;1005,4324768230954;999,1245607763443;906,1886318814668;0,6834754605183896;0,5187829146160852;157,9050655629402;1421,5869478078341;650,0;0,14740598804234845
89,75;1005,5714671820945;999,2718180297466;906,7135938410374;0,6834754605183896;0,5187829146160852;157,69790116877687;1420,2003833494089;650,0;0,14725725340222445
89,83333333333333;1005,7103287270261;999,4189268575544;907,2368724731556;0,6834754605183896;0,5187829146160852;157,49122880869777;1418,8166383595428;650,0;0,14710882780786638
89,91666666666667;1005,8490616964347;999,5658875677882;907,7584724609864;0,6834754605183896;0,5187829146160852;157,2850467367914;1417,4357035954695;650,0;0,14696071023375662
90,0;1005,987666328203;999,7127004674479;908,2783984906815;0,6834754605183896;0,5187829146160852;157,07935321616162;1416,0575698622692;650,0;0,14681289965968414
90,08333333333333;1006,126142859554;999,8593658625188;908,7966552512237;0,6834754605183896;0,5187829146160852;156,8741465188765;1414,6822280139152;650,0;0,1466653950708375
90,16666666666667;1006,2644915270537;1000,0058840579763;909,3132474342708;0,6834754605183896;0,5187829146160852;156,6694249258802;1413,3096689515648;650,0;0,146518195457637
90,25;1006,4027125666132;1000,1522553577921;909,8281797340019;0,6834754605183896;0,5187829146160852;156,46518672693333;1411,9398836238513;650,0;0,14637129981575647
90,33333333333333;1006,5408062134914;1000,2984800649382;910,3414568469635;0,6834754605183896;0,5187829146160852;156,2614302205276;1410,57286302634;650,0;0,1462247071460645
90,41666666666667;1006,6787727022974;1000,4445584813927;910,8530834719173;0,6834754605183896;0,5187829146160852;156,05815371382903;1409,208598200827;650,0;0,14607841645455366
90,5;1006,8166122669928;1000,5904909081451;911,3630643096884;0,6834754605183896;0,5187829146160852;155,85535552261547;1407,8470802353788;650,0;0,14593242675233842
90,58333333333333;1006,954325140894;1000,7362776452006;911,8714040630147;0,6834754605183896;0,5187829146160852;155,65303397119408;1406,4883002633776;650,0;0,14578673705555834
90,66666666666667;1007,0919115566746;1000,881918991586;912,378107436397;0,6834754605183896;0,5187829146160852;155,45118739233317;1405,1322494636952;650,0;0,14564134638538795
90,75;1007,229371746368;1001,027415245354;912,8831791359507;0,6834754605183896;0,5187829146160852;155,24981412721672;1403,7789190599099;650,0;0,14549625376795933
90,83333333333333;1007,3667059413694;1001,1727667035883;913,3866238692574;0,6834754605183896;0,5187829146160852;155,0489125253506;1402,4283003199362;650,0;0,145351458234319
90,91666666666667;1007,5039143724384;1001,3179736624087;913,888446345218;0,6834754605183896;0,5187829146160852;154,84848094452843;1401,0803845559324;650,0;0,14520695882041582
91,0;1007,6409972697013;1001,4630364169757;914,388651273907;0,6834754605183896;0,5187829146160852;154,6485177507435;1399,7351631236374;650,0;0,14506275456703116
91,08333333333333;1007,7779548626529;1001,6079552614954;914,8872433664274;0,6834754605183896;0,5187829146160852;154,44902131814047;1398,3926274219084;650,0;0,14491884451973108
91,16666666666667;1007,9147873801599;1001,7527304892242;915,3842273347663;0,6834754605183896;0,5187829146160852;154,24999002893856;1397,0527688928385;650,0;0,14477522772887022
91,25;1008,0514950504618;1001,8973623924737;915,879607891652;0,6834754605183896;0,5187829146160852;154,05142227339184;1395,7155790208442;650,0;0,1446319032495029
91,33333333333333;1008,1880781011748;1002,0418512626151;916,3733897504119;0,6834754605183896;0,5187829146160852;153,85331644970108;1394,3810493325586;650,0;0,14448887014136483
91,41666666666667;1008,3245367592925;1002,1861973900839;916,865577624831;0,6834754605183896;0,5187829146160852;153,65567096399388;1393,049171396553;650,0;0,1443461274688455
91,5;1008,4608712511891;1002,3304010643848;917,3561762290116;0,6834754605183896;0,5187829146160852;153,45848423021664;1391,7199368229667;650,0;0,14420367430094336
91,58333333333333;1008,5970818026215;1002,4744625740959;917,8451902772342;0,6834754605183896;0,5187829146160852;153,26175467010899;1390,3933372627646;650,0;0,14406150971119416
91,66666666666667;1008,7331686387313;1002,6183822068737;918,3326244838191;0,6834754605183896;0,5187829146160852;153,0654807131384;1389,0693644080427;650,0;0,14391963277769357
91,75;1008,8691319840472;1002,7621602494567;918,8184835629887;0,6834754605183896;0,5187829146160852;152,8696607964406;1387,7480099912984;650,0;0,14377804258302315
91,83333333333333;1009,0049720624875;1002,9057969876709;919,3027722287312;0,6834754605183896;0,5187829146160852;152,67429336476255;1386,4292657851267;650,0;0,14363673821421705
91,91666666666667;1009,1406890973615;1003,0492927064337;919,7854951946653;0,6834754605183896;0,5187829146160852;152,47937687041428;1385,1131236018884;650,0;0,14349571876272624
92,0;1009,2762833113727;1003,192647689758;920,2666571739054;0,6834754605183896;0,5187829146160852;152,28490977319495;1383,7995752934064;650,0;0,14335498332438354
92,08333333333333;1009,4117549266205;1003,3358622207575;920,7462628789282;0,6834754605183896;0,5187829146160852;152,09089054036724;1382,4886127509642;650,0;0,143214530999401
92,16666666666667;1009,547104164602;1003,4789365816497;921,2243170214398;0,6834754605183896;0,5187829146160852;151,89731764657495;1381,1802279043804;650,0;0,14307436089227552
92,25;1009,6823312462149;1003,6218710537615;921,7008243122447;0,6834754605183896;0,5187829146160852;151,7041895738089;1379,8744127222988;650,0;0,1429344721118133
92,33333333333333;1009,8174363917593;1003,7646659175326;922,1757894611144;0,6834754605183896;0,5187829146160852;151,511504811333;1378,5711592112214;650,0;0,14279486377103234
92,41666666666667;1009,9524198209399;1003,9073214525198;922,6492171766582;0,6834754605183896;0,5187829146160852;151,31926185566726;1377,2704594159868;650,0;0,1426555349872055
92,5;1010,0872817528682;1004,0498379374015;923,1211121661945;0,6834754605183896;0,5187829146160852;151,12745921050248;1375,9723054188673;650,0;0,1425164848817685
92,58333333333333;1010,2220224060644;1004,1922156499819;923,5914791356225;0,6834754605183896;0,5187829146160852;150,93609538666612;1374,6766893396368;650,0;0,1423777125803227
92,66666666666667;1010,3566419984597;1004,3344548671945;924,0603227892963;0,6834754605183896;0,5187829146160852;150,7451689020627;1373,3836033349608;650,0;0,14223921721257304
92,75;1010,4911407473985;1004,4765558651068;924,527647829898;0,6834754605183896;0,5187829146160852;150,55467828163103;1372,0930395982898;650,0;0,14210099791231384
92,83333333333333;1010,6255188696405;1004,6185189189242;924,993458958314;0,6834754605183896;0,5187829146160852;150,36462205729322;1370,8049903597287;650,0;0,1419630538174118
92,91666666666667;1010,7597765813626;1004,760344302994;925,4577608735104;0,6834754605183896;0,5187829146160852;150,17499876790623;1369,5194478854248;650,0;0,1418253840697446
93,0;1010,893914098161;1004,9020322908092;925,9205582724103;0,6834754605183896;0,5187829146160852;149,98580695921646;1368,2364044775045;650,0;0,1416879878151906
93,08333333333333;1011,0279316350537;1005,0435831550128;926,3818558497718;0,6834754605183896;0,5187829146160852;149,79704518379435;1366,955852473766;650,0;0,14155086420359397
93,16666666666667;1011,1618294064818;1005,1849971674015;926,8416582980673;0,6834754605183896;0,5187829146160852;149,60871200102304;1365,6777842474692;650,0;0,1414140123887443
93,25;1011,2956076263126;1005,3262745989299;927,2999703073633;0,6834754605183896;0,5187829146160852;149,42080597700738;1364,402192206818;650,0;0,14127743152831945
93,33333333333333;1011,4292665078403;1005,4674157197138;927,7567965652015;0,6834754605183896;0,5187829146160852;149,23332568456829;1363,1290687951068;650,0;0,1411411207838991
93,41666666666667;1011,5628062637894;1005,6084207990347;928,2121417564808;0,6834754605183896;0,5187829146160852;149,04626970316315;1361,858406489938;650,0;0,14100507932088388
93,5;1011,696227106316;1005,7492901053432;928,6660105633401;0,6834754605183896;0,5187829146160852;148,85963661886876;1360,5901978036075;650,0;0,14086930630853
93,58333333333333;1011,8295292470096;1005,8900239062631;929,1184076650425;0,6834754605183896;0,5187829146160852;148,67342502431882;1359,324435282229;650,0;0,14073380091986168
93,66666666666667;1011,9627128968958;1006,0306224685947;929,5693377378595;0,6834754605183896;0,5187829146160852;148,4876335186641;1358,0611115059066;650,0;0,14059856233168339
93,75;1012,0957782664382;1006,1710860583192;930,018805454958;0,6834754605183896;0,5187829146160852;148,302260707527;1356,8002190882062;650,0;0,14046358972452655
93,83333333333333;1012,2287255655393;1006,3114149406019;930,4668154862861;0,6834754605183896;0,5187829146160852;148,11730520297317;1355,541750676233;650,0;0,14032888228265378
93,91666666666667;1012,3615550035444;1006,451609379796;930,9133724984613;0,6834754605183896;0,5187829146160852;147,93276562343465;1354,2856989498648;650,0;0,14019443919398047
94,0;1012,4942667892417;1006,5916696394461;931,3584811546591;0,6834754605183896;0,5187829146160852;147,74864059370998;1353,032056622347;650,0;0,1400602596501301
94,08333333333333;1012,6268611308656;1006,7315959822924;931,8021461145032;0,6834754605183896;0,5187829146160852;147,56492874489027;1351,780816439075;650,0;0,1399263428463139
94,16666666666667;1012,7593382360978;1006,8713886702739;932,2443720339556;0,6834754605183896;0,5187829146160852;147,38162871432792;1350,531971178268;650,0;0,1397926879813906
94,25;1012,89169831207;1007,0110479645316;932,6851635652087;0,6834754605183896;0,5187829146160852;147,1987391455997;1349,2855136498717;650,0;0,1396592942577608
94,33333333333333;1013,0239415653649;1007,150574125413;933,1245253565772;0,6834754605183896;0,5187829146160852;147,01625868846122;1348,0414366961136;650,0;0,1395261608814143
94,41666666666667;1013,1560682020194;1007,2899674124748;933,562462052393;0,6834754605183896;0,5187829146160852;146,83418599879872;1346,7997331908007;650,0;0,13939328706186035
94,5;1013,2880784275251;1007,4292280844869;933,9989782928985;0,6834754605183896;0,5187829146160852;146,65251973861473;1345,5603960392796;650,0;0,13926067201212236
94,58333333333333;1013,4199724468314;1007,5683563994356;934,4340787141426;0,6834754605183896;0,5187829146160852;146,47125857595427;1344,3234181781065;650,0;0,13912831494870026
94,66666666666667;1013,5517504643467;1007,7073526145272;934,8677679478772;0,6834754605183896;0,5187829146160852;146,29040118489343;1343,0887925750333;650,0;0,13899621509156823
94,75;1013,6834126839407;1007,8462169861913;935,3000506214544;0,6834754605183896;0,5187829146160852;146,10994624548823;1341,856512228556;650,0;0,13886437166412768
94,83333333333333;1013,8149593089461;1007,9849497700844;935,7309313577252;0,6834754605183896;0,5187829146160852;145,92989244373484;1340,626570167679;650,0;0,13873278389318153
94,91666666666667;1013,9463905421602;1008,1235512210934;936,1604147749388;0,6834754605183896;0,5187829146160852;145,75023847154114;1339,398959452137;650,0;0,13860145100895246
95,0;1014,0777065858476;1008,2620215933384;936,5885054866422;0,6834754605183896;0,5187829146160852;145,57098302666986;1338,1736731715241;650,0;0,13847037224499606
95,08333333333333;1014,2089076417412;1008,4003611401766;937,0152081015826;0,6834754605183896;0,5187829146160852;145,39212481273012;1336,9507044457016;650,0;0,13833954683823818
95,16666666666667;1014,3399939110446;1008,5385701142055;937,4405272236086;0,6834754605183896;0,5187829146160852;145,2136625391148;1335,7300464243492;650,0;0,13820897402892734
95,25;1014,4709655944337;1008,6766487672661;937,8644674515735;0,6834754605183896;0,5187829146160852;145,03559492097793;1334,511692286567;650,0;0,1380786530605954
95,33333333333333;1014,6018228920585;1008,8145973504462;938,2870333792401;0,6834754605183896;0,5187829146160852;144,85792067918908;1333,2956352409026;650,0;0,13794858318005565
95,41666666666667;1014,7325660035455;1008,9524161140836;938,7082295951847;0,6834754605183896;0,5187829146160852;144,68063854030788;1332,0818685252443;650,0;0,13781876363739082
95,5;1014,8631951279981;1009,0901053077695;939,1280606827034;0,6834754605183896;0,5187829146160852;144,50374723654704;1330,8703854064108;650,0;0,13768919368591098
95,58333333333333;1014,9937104640005;1009,2276651803517;939,5465312197196;0,6834754605183896;0,5187829146160852;144,3272455057155;1329,6611791799926;650,0;0,1375598725821337
95,66666666666667;1015,1241122096177;1009,3650959799375;939,9636457786908;0,6834754605183896;0,5187829146160852;144,15113209122126;1328,454243170206;650,0;0,13743079958577048
95,75;1015,2544005623985;1009,5023979538971;940,3794089265181;0,6834754605183896;0,5187829146160852;143,97540574200605;1327,2495707298795;650,0;0,13730197395971958
95,83333333333333;1015,3845757193762;1009,6395713488671;940,7938252244558;0,6834754605183896;0,5187829146160852;143,80006521253392;1326,0471552400966;650,0;0,13717339497003153
95,91666666666667;1015,5146378770716;1009,7766164107529;941,2068992280215;0,6834754605183896;0,5187829146160852;143,62510926272876;1324,8469901097194;650,0;0,13704506188585874
96,0;1015,6445872314937;1009,9135333847324;941,6186354869084;0,6834754605183896;0,5187829146160852;143,4505366579657;1323,649068775652;650,0;0,1369169739794795
96,08333333333333;1015,7744239781423;1010,0503225152587;942,0290385448972;0,6834754605183896;0,5187829146160852;143,2763461690314;1322,4533847027496;650,0;0,13678913052628552
96,16666666666667;1015,9041483120092;1010,1869840460635;942,4381129397697;0,6834754605183896;0,5187829146160852;143,1025365720899;1321,2599313831945;650,0;0,13666153080472077
96,25;1016,0337604275801;1010,3235182201597;942,8458632032231;0,6834754605183896;0,5187829146160852;142,9291066486428;1320,0687023363773;650,0;0,13653417409626656
96,33333333333333;1016,1632605188368;1010,4599252798452;943,2522938607851;0,6834754605183896;0,5187829146160852;142,75605518550947;1318,8796911091754;650,0;0,13640705968546554
96,41666666666667;1016,292648779258;1010,596205466705;943,6574094317303;0,6834754605183896;0,5187829146160852;142,58338097478997;1317,6928912752908;650,0;0,1362801868598568
96,5;1016,4219254018221;1010,732359021615;944,061214428997;0,6834754605183896;0,5187829146160852;142,41108281382537;1316,5082964354215;650,0;0,13615355490998782
96,58333333333333;1016,5510905790081;1010,8683861847444;944,4637133591052;0,6834754605183896;0,5187829146160852;142,23915950517778;1315,3259002166792;650,0;0,1360271631293583
96,66666666666667;1016,6801445027977;1011,0042871955588;944,8649107220755;0,6834754605183896;0,5187829146160852;142,06760985659344;1314,1456962728143;650,0;0,13590101081443806
96,75;1016,809087364677;1011,1400622928235;945,2648110113489;0,6834754605183896;0,5187829146160852;141,89643268097143;1312,967678284124;650,0;0,1357750972646551
96,83333333333333;1016,9379193556383;1011,2757117146058;945,6634187137073;0,6834754605183896;0,5187829146160852;141,72562679633813;1311,7918399567618;650,0;0,1356494217823289
96,91666666666667;1017,0666406661812;1011,4112356982785;946,0607383091952;0,6834754605183896;0,5187829146160852;141,5551910258131;1310,618175023057;650,0;0,13552398367269727
97,0;1017,1952514863153;1011,5466344805224;946,4567742710424;0,6834754605183896;0,5187829146160852;141,3851241975692;1309,4466772411029;650,0;0,1353987822438741
97,08333333333333;1017,3237520055611;1011,6819082973292;946,8515310655864;0,6834754605183896;0,5187829146160852;141,21542514482428;1308,2773403946653;650,0;0,13527381680683973
97,16666666666667;1017,4521424129516;1011,8170573840047;947,2450131521978;0,6834754605183896;0,5187829146160852;141,0460927057983;1307,1101582933536;650,0;0,13514908667545336
97,25;1017,5804228970347;1011,952081975171;947,6372249832045;0,6834754605183896;0,5187829146160852;140,87712572367366;1305,9451247717866;650,0;0,13502459116637128
97,33333333333333;1017,7085936458743;1012,0869823047701;948,0281710038183;0,6834754605183896;0,5187829146160852;140,7085230465924;1304,7822336898314;650,0;0,13490032959906895
97,41666666666667;1017,8366548470518;1012,2217586060659;948,4178556520613;0,6834754605183896;0,5187829146160852;140,54028352760497;1303,6214789327219;650,0;0,1347763012958472
97,5;1017,9646066876686;1012,3564111116477;948,806283358694;0,6834754605183896;0,5187829146160852;140,3724060246475;1302,4628544102645;650,0;0,1346525055817561
97,58333333333333;1018,0924493543466;1012,4909400534324;949,1934585471435;0,6834754605183896;0,5187829146160852;140,2048894005219;1301,3063540572882;650,0;0,13452894178463495
97,66666666666667;1018,2201830332309;1012,6253456626674;949,5793856334333;0,6834754605183896;0,5187829146160852;140,03773252285612;1300,1519718330755;650,0;0,13440560923505576
97,75;1018,3478079099905;1012,7596281699338;949,9640690261136;0,6834754605183896;0,5187829146160852;139,87093426408705;1298,999701721494;650,0;0,13428250726633356
97,83333333333333;1018,4753241698205;1012,8937878051482;950,3475131261924;0,6834754605183896;0,5187829146160852;139,70449350141791;1297,8495377307056;650,0;0,13415963521449556
97,91666666666667;1018,6027319974438;1013,0278247975665;950,7297223270674;0,6834754605183896;0,5187829146160852;139,53840911680686;1296,7014738929943;650,0;0,13403699241826378
98,0;1018,7300315771122;1013,1617393757856;951,1107010144592;0,6834754605183896;0,5187829146160852;139,3726799969329;1295,5555042647927;650,0;0,13391457821905467
98,08333333333333;1018,8572230926081;1013,2955317677465;951,4904535663449;0,6834754605183896;0,5187829146160852;139,20730503316463;1294,4116229263504;650,0;0,1337923919609449
98,16666666666667;1018,9843067272468;1013,4292022007372;951,8689843528925;0,6834754605183896;0,5187829146160852;139,04228312154032;1293,2698239816418;650,0;0,13367043299066114
98,25;1019,1112826638773;1013,5627509013948;952,2462977363969;0,6834754605183896;0,5187829146160852;138,87761316273952;1292,1301015584982;650,0;0,13354870065758964
98,33333333333333;1019,2381510848837;1013,6961780957085;952,6223980712153;0,6834754605183896;0,5187829146160852;138,71329406206314;1290,9924498078922;650,0;0,13342719431370756
98,41666666666667;1019,364912172188;1013,8294840090222;952,9972897037053;0,6834754605183896;0,5187829146160852;138,54932472937946;1289,8568629042836;650,0;0,13330591331361033
98,5;1019,4915661072499;1013,9626688660367;953,3709769721619;0,6834754605183896;0,5187829146160852;138,38570407914688;1288,7233350455247;650,0;0,1331848570145047
98,58333333333333;1019,6181130710703;1014,0957328908128;953,7434642067569;0,6834754605183896;0,5187829146160852;138,22243103033145;1287,591860452252;650,0;0,1330640247761446
98,66666666666667;1019,7445532441914;1014,2286763067737;954,1147557294785;0,6834754605183896;0,5187829146160852;138,0595045064382;1286,4624333682043;650,0;0,13294341596086348
98,75;1019,8708868066984;1014,3614993367072;954,484855854071;0,6834754605183896;0,5187829146160852;137,8969234354429;1285,3350480598513;650,0;0,1328230299335334
98,83333333333333;1019,9971139382219;1014,4942022027687;954,8537688859769;0,6834754605183896;0,5187829146160852;137,73468674978062;1284,2096988165395;650,0;0,13270286606157763
98,91666666666667;1020,1232348179386;1014,6267851264837;955,2214991222784;0,6834754605183896;0,5187829146160852;137,57279338632884;1283,0863799499357;650,0;0,132582923714917
99,0;1020,2492496245733;1014,7592483287497;955,5880508516402;0,6834754605183896;0,5187829146160852;137,41124228637318;1281,9650857941067;650,0;0,13246320226597416
99,08333333333333;1020,3751585363999;1014,8915920298393;955,9534283542536;0,6834754605183896;0,5187829146160852;137,25003239559044;1280,845810705705;650,0;0,13234370108968949
99,16666666666667;1020,5009617312438;1015,0238164494028;956,3176359017804;0,6834754605183896;0,5187829146160852;137,08916266401445;1279,728549063279;650,0;0,13222441956345335
99,25;1020,6266593864823;1015,1559218064699;956,6806777572984;0,6834754605183896;0,5187829146160852;136,92863204602475;1278,6132952675525;650,0;0,13210535706713114
99,33333333333333;1020,7522516790467;1015,287908319453;957,0425581752477;0,6834754605183896;0,5187829146160852;136,76843950030957;1277,500043741079;650,0;0,13198651298302777
99,41666666666667;1020,8777387854243;1015,4197762061489;957,4032814013767;0,6834754605183896;0,5187829146160852;136,60858398984317;1276,388788928362;650,0;0,1318678866958965
99,5;1021,0031208816587;1015,5515256837418;957,7628516726908;0,6834754605183896;0,5187829146160852;136,44906448188578;1275,2795252955364;650,0;0,13174947759290936
99,58333333333333;1021,1283981433523;1015,6831569688054;958,1212732173996;0,6834754605183896;0,5187829146160852;136,28987994792112;1274,1722473300906;650,0;0,13163128506362537
99,66666666666667;1021,2535707456674;1015,8146702773055;958,4785502548671;0,6834754605183896;0,5187829146160852;136,1310293636734;1273,0669495412503;650,0;0,13151330850002785
99,75;1021,378638863327;1015,946065824602;958,8346869955609;0,6834754605183896;0,5187829146160852;135,9725117090477;1271,9636264593964;650,0;0,13139554729646474
99,83333333333333;1021,5036026706181;1016,0773438254516;959,1896876410033;0,6834754605183896;0,5187829146160852;135,8143259681242;1270,8622726360513;650,0;0,13127800084964655
99,91666666666667;1021,628462341391;1016,2085044940103;959,5435563837224;0,6834754605183896;0,5187829146160852;135,6564711291611;1269,7628826441169;650,0;0,131160668558669
100,0;1021,753218049062;1016,3395480438352;959,8962974072047;0,6834754605183896;0,5187829146160852;135,49894618451788;1268,6654510770802;650,0;0,13104354982493155
100,08333333333333;1021,8778699666149;1016,4704746878874;960,2479148858476;0,6834754605183896;0,5187829146160852;135,34175013066942;1267,5699725495704;650,0;0,130926644052191
100,16666666666667;1022,0024182666018;1016,6012846385339;960,5984129849139;0,6834754605183896;0,5187829146160852;135,18488196818623;1266,4764416968012;650,0;0,1308099506465073
100,25;1022,1268631211449;1016,7319781075502;960,9477958604851;0,6834754605183896;0,5187829146160852;135,0283407016974;1265,3848531747967;650,0;0,1306934690162613
100,33333333333333;1022,2512047019379;1016,8625553061223;961,2960676594176;0,6834754605183896;0,5187829146160852;134,87212533986792;1264,295201659875;650,0;0,13057719857210448
100,41666666666667;1022,3754431802477;1016,9930164448493;961,6432325192983;0,6834754605183896;0,5187829146160852;134,71623489539013;1263,207481848926;650,0;0,13046113872698406
100,5;1022,4995787269147;1017,1233617337455;961,9892945684011;0,6834754605183896;0,5187829146160852;134,56066838495815;1262,1216884591724;650,0;0,13034528889611818
100,58333333333333;1022,6236115123558;1017,2535913822425;962,3342579256445;0,6834754605183896;0,5187829146160852;134,40542482923092;1261,037816227708;650,0;0,13022964849694957
100,66666666666667;1022,7475417065649;1017,3837055991917;962,6781267005496;0,6834754605183896;0,5187829146160852;134,25050325283223;1259,9558599121046;650,0;0,130114216949202
100,75;1022,8713694791143;1017,5137045928665;963,0209049931991;0,6834754605183896;0,5187829146160852;134,09590268433078;1258,8758142897382;650,0;0,12999899367481568
100,83333333333333;1022,9950949991561;1017,6435885709644;963,3625968941968;0,6834754605183896;0,5187829146160852;133,94162215619474;1257,7976741578943;650,0;0,12988397809795282
100,91666666666667;1023,118718435424;1017,7733577406094;963,7032064846279;0,6834754605183896;0,5187829146160852;133,78766070479173;1256,721434333569;650,0;0,12976916964497895
101,0;1023,2422399562339;1017,9030123083538;964,0427378360197;0,6834754605183896;0,5187829146160852;133,63401737036327;1255,6470896534433;650,0;0,1296545677444583
101,08333333333333;1023,3656597294864;1018,0325524801809;964,3811950103036;0,6834754605183896;0,5187829146160852;133,480691197002;1254,574634973683;650,0;0,12954017182713282
101,16666666666667;1023,4889779226673;1018,1619784615068;964,7185820597775;0,6834754605183896;0,5187829146160852;133,32768123263747;1253,5040651700199;650,0;0,12942598132592867
101,25;1023,6121947028488;1018,2912904571828;965,0549030270687;0,6834754605183896;0,5187829146160852;133,1749865290135;1252,4353751376316;650,0;0,1293119956759427
101,33333333333333;1023,7353102366918;1018,4204886714972;965,3901619450977;0,6834754605183896;0,5187829146160852;133,02260614165107;1251,3685597905978;650,0;0,12919821431438824
101,41666666666667;1023,8583246904464;1018,5495733081779;965,7243628370426;0,6834754605183896;0,5187829146160852;132,8705391298655;1250,303614062498;650,0;0,12908463668065265
101,5;1023,9812382299534;1018,6785445703941;966,0575097163045;0,6834754605183896;0,5187829146160852;132,71878455671242;1249,2405329057478;650,0;0,12897126221623012
101,58333333333333;1024,1040510206467;1018,8074026607588;966,389606586473;0,6834754605183896;0,5187829146160852;132,56734148898204;1248,179311291772;650,0;0,12885809036473753
101,66666666666667;1024,226763227552;1018,9361477813308;966,7206574412926;0,6834754605183896;0,5187829146160852;132,41620899719635;1247,1199442110565;650,0;0,1287451205719188
101,75;1024,349375015292;1019,0647801336163;967,0506662646304;0,6834754605183896;0,5187829146160852;132,26538615553238;1246,0624266723285;650,0;0,1286323522855613
101,83333333333333;1024,4718865480838;1019,1932999185719;967,3796370304434;0,6834754605183896;0,5187829146160852;132,11487204189325;1245,0067537035752;650,0;0,1285197849555977
101,91666666666667;1024,594297989743;1019,321707336606;967,7075737027471;0,6834754605183896;0,5187829146160852;131,9646657377973;1243,9529203508919;650,0;0,12840741803398792
102,0;1024,7166095036832;1019,4500025875808;968,0344802355846;0,6834754605183896;0,5187829146160852;131,81476632842362;1242,9009216791576;650,0;0,1282952509747865
102,08333333333333;1024,8388212529196;1019,5781858708149;968,3603605729966;0,6834754605183896;0,5187829146160852;131,6651729025608;1241,8507527713857;650,0;0,12818328323407727
102,16666666666667;1024,960933400067;1019,7062573850849;968,6852186489913;0,6834754605183896;0,5187829146160852;131,51588455261845;1240,8024087290291;650,0;0,1280715142700028
102,25;1025,0829461073445;1019,8342173286276;969,0090583875161;0,6834754605183896;0,5187829146160852;131,3669003745531;1239,755884671582;650,0;0,12795994354272042
102,33333333333333;1025,2048595365738;1019,962065899142;969,3318837024291;0,6834754605183896;0,5187829146160852;131,21821946792238;1238,711175736872;650,0;0,1278485705144345
102,41666666666667;1025,3266738491834;1020,0898032937913;969,6536984974709;0,6834754605183896;0,5187829146160852;131,06984093579683;1237,6682770803054;650,0;0,12773739464931777
102,5;1025,4483892062071;1020,2174297092049;969,9745066662384;0,6834754605183896;0,5187829146160852;130,92176388480254;1236,627183875793;650,0;0,12762641541360167
102,58333333333333;1025,5700057682873;1020,3449453414804;970,2943120921578;0,6834754605183896;0,5187829146160852;130,7739874250558;1235,5878913145068;650,0;0,12751563227545434
102,66666666666667;1025,6915236956754;1020,4723503861854;970,613118648459;0,6834754605183896;0,5187829146160852;130,62651067017157;1234,5503946055405;650,0;0,127405044705043
102,75;1025,812943148233;1020,59964503836;970,9309301981503;0,6834754605183896;0,5187829146160852;130,47933273724936;1233,5146889759112;650,0;0,12729465217453262
102,83333333333333;1025,934264285434;1020,726829492518;971,247750593994;0,6834754605183896;0,5187829146160852;130,33245274682486;1232,4807696698028;650,0;0,12718445415801102
102,91666666666667;1026,055487266364;1020,8539039426496;971,5635836784825;0,6834754605183896;0,5187829146160852;130,18586982289833;1231,4486319491368;650,0;0,12707445013154475
103,0;1026,1766122497243;1020,9808685822227;971,8784332838145;0,6834754605183896;0,5187829146160852;130,03958309286077;1230,4182710928035;650,0;0,1269646395731004
103,08333333333333;1026,2976393938302;1021,1077236041854;972,1923032318728;0,6834754605183896;0,5187829146160852;129,89359168753936;1229,3896823976686;650,0;0,12685502196264276
103,16666666666667;1026,418568856615;1021,2344692009674;972,5051973342015;0,6834754605183896;0,5187829146160852;129,74789474112072;1228,3628611771428;650,0;0,1267455967819942
103,25;1026,5394007956286;1021,3611055644823;972,8171193919852;0,6834754605183896;0,5187829146160852;129,60249139118787;1227,3378027620558;650,0;0,12663636351491972
103,33333333333333;1026,6601353680412;1021,4876328861294;973,1280731960272;0,6834754605183896;0,5187829146160852;129,4573807786577;1226,3145025002862;650,0;0,1265273216470865
103,41666666666667;1026,7807727306426;1021,6140513567955;973,4380625267296;0,6834754605183896;0,5187829146160852;129,31256204779515;1225,2929557567734;650,0;0,12641847066606646
103,5;1026,9013130398444;1021,7403611668567;973,7470911540731;0,6834754605183896;0,5187829146160852;129,16803434617918;1224,2731579129627;650,0;0,12630981006128103
103,58333333333333;1027,021756451681;1021,8665625061808;974,0551628375981;0,6834754605183896;0,5187829146160852;129,02379682469132;1223,2551043673473;650,0;0,1262013393240511
103,66666666666667;1027,1421031218113;1021,9926555641283;974,3622813263856;0,6834754605183896;0,5187829146160852;128,87984863750717;1222,238790535058;650,0;0,12609305794755743
103,75;1027,2623532055181;1022,1186405295551;974,6684503590395;0,6834754605183896;0,5187829146160852;128,73618894207368;1221,2242118479958;650,0;0,12598496542685136
103,83333333333333;1027,3825068577125;1022,244517590814;974,9736736636685;0,6834754605183896;0,5187829146160852;128,59281689907505;1220,2113637544348;650,0;0,12587706125881426
103,91666666666667;1027,5025642329315;1022,3702869357562;975,2779549578694;0,6834754605183896;0,5187829146160852;128,44973167246394;1219,2002417191936;650,0;0,12576934494217656
104,0;1027,6225254853416;1022,4959487517336;975,5812979487105;0,6834754605183896;0,5187829146160852;128,30693242938196;1218,1908412232387;650,0;0,12566181597747328
104,08333333333333;1027,7423907687398;1022,6215032256007;975,8837063327156;0,6834754605183896;0,5187829146160852;128,1644183401994;1217,18315776424;650,0;0,12555447386709961
104,16666666666667;1027,8621602365533;1022,7469505437159;976,1851837958488;0,6834754605183896;0,5187829146160852;128,02218857847834;1216,1771868558828;650,0;0,12544731811524332
104,25;1027,9818340418428;1022,8722908919437;976,4857340134994;0,6834754605183896;0,5187829146160852;127,88024232093562;1215,1729240278546;650,0;0,1253403482278799
104,33333333333333;1028,101412337301;1022,9975244556566;976,7853606504675;0,6834754605183896;0,5187829146160852;127,73857874747705;1214,170364826228;650,0;0,12523356371281164
104,41666666666667;1028,2208952752571;1023,1226514197363;977,0840673609506;0,6834754605183896;0,5187829146160852;127,59719704111205;1213,1695048126544;650,0;0,12512696407958435
104,5;1028,3402830076748;1023,2476719685758;977,3818577885298;0,6834754605183896;0,5187829146160852;127,45609638802193;1212,1703395652235;650,0;0,12502054883957398
104,58333333333333;1028,4595756861552;1023,3725862860816;977,6787355661576;0,6834754605183896;0,5187829146160852;127,31527597747458;1211,172864677418;650,0;0,12491431750588108
104,66666666666667;1028,578773461938;1023,497394555675;977,9747043161448;0,6834754605183896;0,5187829146160852;127,17473500183871;1210,1770757585498;650,0;0,12480826959337285
104,75;1028,6978764859018;1023,6220969602937;978,2697676501497;0,6834754605183896;0,5187829146160852;127,0344726565753;1209,182968433986;650,0;0,12470240461870337
104,83333333333333;1028,8168849085655;1023,7466936823939;978,5639291691663;0,6834754605183896;0,5187829146160852;126,89448814020352;1208,1905383441945;650,0;0,12459672210022145
104,91666666666667;1028,9357988800903;1023,871184903952;978,8571924635135;0,6834754605183896;0,5187829146160852;126,75478065428933;1207,19978114542;650,0;0,12449122155803265
105,0;1029,0546185502797;1023,9955708064659;979,1495611128252;0,6834754605183896;0,5187829146160852;126,61534940345689;1206,2106925094718;650,0;0,1243859025139804
105,08333333333333;1029,1733440685812;1024,1198515709575;979,4410386860403;0,6834754605183896;0,5187829146160852;126,47619359534303;1205,2232681233265;650,0;0,1242807644916049
105,16666666666667;1029,2919755840871;1024,2440273779737;979,7316287413937;0,6834754605183896;0,5187829146160852;126,33731244059163;1204,2375036895787;650,0;0,12417580701618443
105,25;1029,410513245536;1024,3680984075884;980,0213348264069;0,6834754605183896;0,5187829146160852;126,19870515283651;1203,253394925738;650,0;0,12407102961466827
105,33333333333333;1029,5289572013141;1024,492064839404;980,3101604778807;0,6834754605183896;0,5187829146160852;126,06037094869293;1202,2709375645609;650,0;0,12396643181570693
105,41666666666667;1029,6473075994554;1024,6159268525537;980,5981092218863;0,6834754605183896;0,5187829146160852;125,92230904775192;1201,290127353985;650,0;0,12386201314964532
105,5;1029,765564587644;1024,7396846257022;980,8851845737586;0,6834754605183896;0,5187829146160852;125,7845186725433;1200,3109600572475;650,0;0,12375777314853043
105,58333333333333;1029,8837283132134;1024,8633383370482;981,1713900380893;0,6834754605183896;0,5187829146160852;125,64699904854137;1199,3334314519707;650,0;0,12365371134602664
105,66666666666667;1030,0017989231505;1024,9868881643256;981,4567291087202;0,6834754605183896;0,5187829146160852;125,50974940413084;1198,3575373310111;650,0;0,12354982727749159
105,75;1030,1197765640939;1025,1103342848055;981,7412052687375;0,6834754605183896;0,5187829146160852;125,37276897062384;1197,383273502048;650,0;0,1234461204799395
105,83333333333333;1030,237661382336;1025,2336768752975;982,0248219904661;0,6834754605183896;0,5187829146160852;125,23605698220877;1196,4106357874375;650,0;0,1233425904920227
105,91666666666667;1030,3554535238247;1025,3569161121516;982,3075827354645;0,6834754605183896;0,5187829146160852;125,09961267596168;1195,4396200243061;650,0;0,12323923685404145
106,0;1030,4731531341636;1025,4800521712596;982,5894909545204;0,6834754605183896;0,5187829146160852;124,96343529182923;1194,4702220643512;650,0;0,12313605910792377
106,08333333333333;1030,5907603586138;1025,6030852280567;982,8705500876465;0,6834754605183896;0,5187829146160852;124,82752407260023;1193,5024377736427;650,0;0,12303305679720423
106,16666666666667;1030,708275342094;1025,7260154575238;983,1507635640766;0,6834754605183896;0,5187829146160852;124,6918782639284;1192,5362630331265;650,0;0,12293022946707308
106,25;1030,8256982291828;1025,8488430341881;983,4301348022623;0,6834754605183896;0,5187829146160852;124,55649711425849;1191,5716937376308;650,0;0,12282757666427653
106,33333333333333;1030,9430291641188;1025,9715681321254;983,7086672098704;0,6834754605183896;0,5187829146160852;124,42137987486603;1190,6087257967802;650,0;0,12272509793720596
106,41666666666667;1031,060268290802;1026,0941909249611;983,9863641837803;0,6834754605183896;0,5187829146160852;124,28652579983464;1189,6473551343465;650,0;0,122622792835835
106,5;1031,1774157527952;1026,2167115858729;984,2632291100817;0,6834754605183896;0,5187829146160852;124,15193414602186;1188,6875776883421;650,0;0,12252066091172523
106,58333333333333;1031,2944716933248;1026,339130287591;984,5392653640737;0,6834754605183896;0,5187829146160852;124,01760417305923;1187,7293894106742;650,0;0,12241870171799382
106,66666666666667;1031,4114362552807;1026,4614472024002;984,8144763102628;0,6834754605183896;0,5187829146160852;123,88353514334653;1186,7727862678616;650,0;0,1223169148093799
106,75;1031,5283095812197;1026,5836625021423;985,0888653023625;0,6834754605183896;0,5187829146160852;123,74972632201207;1185,8177642397754;650,0;0,12221529974212335
106,83333333333333;1031,6450918133644;1026,7057763582163;985,3624356832933;0,6834754605183896;0,5187829146160852;123,61617697693532;1184,8643193208975;650,0;0,12211385607408438
106,91666666666667;1031,7617830936058;1026,827788941581;985,635190785182;0,6834754605183896;0,5187829146160852;123,48288637870155;1183,912447518943;650,0;0,12201258336461068
107,0;1031,8783835635033;1026,9497004227558;985,9071339293628;0,6834754605183896;0,5187829146160852;123,3498538006188;1182,9621448560663;650,0;0,12191148117465153
107,08333333333333;1031,994893364286;1027,0715109718224;986,1782684263775;0,6834754605183896;0,5187829146160852;123,2170785186895;1182,0134073679328;650,0;0,12181054906666873
107,16666666666667;1032,1113126368539;1027,193220758427;986,4485975759771;0,6834754605183896;0,5187829146160852;123,08455981159341;1181,0662311038654;650,0;0,1217097866046484
107,25;1032,2276415217787;1027,3148299517811;986,7181246671237;0,6834754605183896;0,5187829146160852;122,95229696067054;1180,1206121268306;650,0;0,12160919335409821
107,33333333333333;1032,3438801593047;1027,4363387206631;986,9868529779916;0,6834754605183896;0,5187829146160852;122,82028924993824;1179,1765465134256;650,0;0,12150876888204791
107,41666666666667;1032,460028689351;1027,55774723342;987,2547857759705;0,6834754605183896;0,5187829146160852;122,68853596604004;1178,2340303538258;650,0;0,12140851275703933
107,5;1032,5760872515111;1027,6790556579692;987,5219263176679;0,6834754605183896;0,5187829146160852;122,55703639827402;1177,2930597516252;650,0;0,1213084245491145
107,58333333333333;1032,6920559850532;1027,800264161799;987,7882778489119;0,6834754605183896;0,5187829146160852;122,42578983854742;1176,353630823743;650,0;0,12120850382980242
107,66666666666667;1032,807935028924;1027,9213729119713;988,0538436047553;0,6834754605183896;0,5187829146160852;122,29479558135381;1175,4157397002666;650,0;0,1211087501721024
107,75;1032,9237245217473;1028,0423820751218;988,3186268094793;0,6834754605183896;0,5187829146160852;122,16405292381864;1174,4793825250993;650,0;0,12100916315054878
107,83333333333333;1033,0394246018259;1028,163291817463;988,5826306765971;0,6834754605183896;0,5187829146160852;122,03356116563668;1173,544555454847;650,0;0,12090974234110109
107,91666666666667;1033,1550354071428;1028,2841023047843;988,845858408859;0,6834754605183896;0,5187829146160852;121,90331960907201;1172,611254659509;650,0;0,12081048732120864
108,0;1033,270557075361;1028,404813702454;989,1083131982575;0,6834754605183896;0,5187829146160852;121,77332755896373;1171,6794763222247;650,0;0,12071139766978731
108,08333333333333;1033,385989743826;1028,5254261754212;989,3699982260318;0,6834754605183896;0,5187829146160852;121,64358432267477;1170,749216639022;650,0;0,12061247296719133
108,16666666666667;1033,5013335495657;1028,6459398882164;989,6309166626743;0,6834754605183896;0,5187829146160852;121,51408921012035;1169,8204718188847;650,0;0,12051371279522222
108,25;1033,6165886292924;1028,7663550049535;989,8910716679355;0,6834754605183896;0,5187829146160852;121,38484153373383;1168,8932380839497;650,0;0,1204151167371441
108,33333333333333;1033,7317551194028;1028,8866716893313;990,1504663908315;0,6834754605183896;0,5187829146160852;121,25584060847245;1167,9675116691237;650,0;0,1203166843776483
108,41666666666667;1033,8468331559789;1029,006890104634;990,4091039696495;0,6834754605183896;0,5187829146160852;121,12708575178885;1167,0432888219248;650,0;0,120218415302836
108,5;1033,96182287479;1029,1270104137343;990,6669875319554;0,6834754605183896;0,5187829146160852;120,99857628361974;1166,1205658029976;650,0;0,12012030910026524
108,58333333333333;1034,0767244112926;1029,2470327790932;990,9241201946008;0,6834754605183896;0,5187829146160852;120,87031152639156;1165,1993388852534;650,0;0,1200223653588712
108,66666666666667;1034,1915379006323;1029,3669573627622;991,1805050637307;0,6834754605183896;0,5187829146160852;120,7422908049864;1164,2796043546778;650,0;0,11992458366903842
108,75;1034,3062634776438;1029,4867843263846;991,4361452347914;0,6834754605183896;0,5187829146160852;120,61451344675334;1163,36135850943;650,0;0,11982696362251773
108,83333333333333;1034,4209012768526;1029,6065138311972;991,6910437925387;0,6834754605183896;0,5187829146160852;120,48697878148005;1162,4445976605712;650,0;0,11972950481249164
108,91666666666667;1034,5354514324754;1029,7261460380307;991,9452038110463;0,6834754605183896;0,5187829146160852;120,3596861413871;1161,5293181313893;650,0;0,11963220683351077
109,0;1034,6499140784215;1029,8456811073122;992,198628353715;0,6834754605183896;0,5187829146160852;120,2326348611166;1160,6155162577033;650,0;0,11953506928152116
109,08333333333333;1034,7642893482935;1029,965119199066;992,4513204732813;0,6834754605183896;0,5187829146160852;120,10582427773215;1159,703188387559;650,0;0,11943809175383599
109,16666666666667;1034,8785773753884;1030,0844604729152;992,7032832118274;0,6834754605183896;0,5187829146160852;119,97925373068483;1158,7923308815466;650,0;0,11934127384916182
109,25;1034,992778292698;1030,2037050880829;992,9545196007908;0,6834754605183896;0,5187829146160852;119,85292256183016;1157,8829401124826;650,0;0,11924461516757076
109,33333333333333;1035,1068922329107;1030,3228532033934;993,2050326609742;0,6834754605183896;0,5187829146160852;119,72683011537697;1156,975012465026;650,0;0,11914811531045967
109,41666666666667;1035,2209193284116;1030,441904977274;993,4548254025557;0,6834754605183896;0,5187829146160852;119,60097573793291;1156,0685443363943;650,0;0,11905177388062127
109,5;1035,334859711284;1030,5608605677562;993,7039008250998;0,6834754605183896;0,5187829146160852;119,47535877844189;1155,1635321358713;650,0;0,11895559048219248
109,58333333333333;1035,44871351331;1030,6797201324769;993,9522619175683;0,6834754605183896;0,5187829146160852;119,34997858819543;1154,2599722844514;650,0;0,11885956472062217
109,66666666666667;1035,5624808659713;1030,7984838286795;994,199911658331;0,6834754605183896;0,5187829146160852;119,22483452082702;1153,3578612155281;650,0;0,1187636962027349
109,75;1035,6761619004512;1030,9171518132162;994,4468530151775;0,6834754605183896;0,5187829146160852;119,09992593229504;1152,4571953741647;650,0;0,11866798453666126
109,83333333333333;1035,7897567476336;1031,035724242548;994,6930889453291;0,6834754605183896;0,5187829146160852;118,97525218087708;1151,5579712173596;650,0;0,11857242933186221
109,91666666666667;1035,9032655381052;1031,154201272747;994,9386223954507;0,6834754605183896;0,5187829146160852;118,85081262714152;1150,6601852141926;650,0;0,11847703019913992
110,0;1036,0166884021564;1031,2725830594977;995,1834563016628;0,6834754605183896;0,5187829146160852;118,72660663395322;1149,7638338452537;650,0;0,11838178675058508
110,08333333333333;1036,1300254697821;1031,3908697580973;995,4275935895544;0,6834754605183896;0,5187829146160852;118,60263356646783;1148,8689136027244;650,0;0,11828669859958398
110,16666666666667;1036,2432768706817;1031,5090615234583;995,6710371741955;0,6834754605183896;0,5187829146160852;118,4788927921204;1147,9754209909865;650,0;0,11819176536087417
110,25;1036,3564427342612;1031,6271585101088;995,9137899601504;0,6834754605183896;0,5187829146160852;118,35538368058565;1147,0833525256276;650,0;0,11809698665044802
110,33333333333333;1036,4695231896337;1031,7451608721944;996,1558548414911;0,6834754605183896;0,5187829146160852;118,23210560381199;1146,1927047339195;650,0;0,11800236208560057
110,41666666666667;1036,5825183656202;1031,8630687634793;996,3972347018104;0,6834754605183896;0,5187829146160852;118,10905793598181;1145,3034741546182;650,0;0,11790789128490703
110,5;1036,6954283907498;1031,9808823373476;996,6379324142362;0,6834754605183896;0,5187829146160852;117,9862400535228;1144,4156573384946;650,0;0,11781357386827347
110,58333333333333;1036,8082533932622;1032,0986017468044;996,8779508414453;0,6834754605183896;0,5187829146160852;117,86365133505683;1143,5292508467844;650,0;0,11771940945678738
110,66666666666667;1036,9209935011072;1032,2162271444772;997,1172928356781;0,6834754605183896;0,5187829146160852;117,74129116144536;1142,6442512527642;650,0;0,11762539767286898
110,75;1037,0336488419457;1032,3337586826174;997,3559612387522;0,6834754605183896;0,5187829146160852;117,61915891574972;1141,7606551412089;650,0;0,11753153814021686
110,83333333333333;1037,1462195431513;1032,4511965131012;997,5939588820785;0,6834754605183896;0,5187829146160852;117,49725398320834;1140,8784591076226;650,0;0,117437830483734
110,91666666666667;1037,2587057318103;1032,5685407874307;997,8312885866749;0,6834754605183896;0,5187829146160852;117,37557575125379;1139,9976597591274;650,0;0,11734427432961256
111,0;1037,3711075347237;1032,685791656736;998,0679531631824;0,6834754605183896;0,5187829146160852;117,25412360949008;1139,1182537137067;650,0;0,1172508693052609
111,08333333333333;1037,4834250784065;1032,8029492717753;998,3039554118806;0,6834754605183896;0,5187829146160852;117,13289694969262;1138,2402376011078;650,0;0,11715761503938783
111,16666666666667;1037,59565848909;1032,9200137829373;998,5392981227026;0,6834754605183896;0,5187829146160852;117,01189516577983;1137,3636080615947;650,0;0,11706451116188371
111,25;1037,7078078927218;1033,0369853402412;998,7739840752517;0,6834754605183896;0,5187829146160852;116,89111765381881;1136,4883617465991;650,0;0,11697155730388165
111,33333333333333;1037,8198734149667;1033,153864093339;999,0080160388173;0,6834754605183896;0,5187829146160852;116,77056381201396;1135,6144953186263;650,0;0,1168787530977476
111,41666666666667;1037,9318551812082;1033,270650191516;999,2413967723911;0,6834754605183896;0,5187829146160852;116,65023304068995;1134,7420054512825;650,0;0,11678609817708148
111,5;1038,0437533165486;1033,3873437836928;999,4741290246836;0,6834754605183896;0,5187829146160852;116,53012474230309;1133,870888829036;650,0;0,11669359217669573
111,58333333333333;1038,15556794581;1033,5039450184254;999,7062155341412;0,6834754605183896;0,5187829146160852;116,41023832139581;1133,0011421469387;650,0;0,11660123473258528
111,66666666666667;1038,2672991935353;1033,6204540439073;999,9376590289628;0,6834754605183896;0,5187829146160852;116,29057318461378;1132,1327621109983;650,0;0,11650902548196373
111,75;1038,3789471839896;1033,7368710079706;1000,1684622271173;0,6834754605183896;0,5187829146160852;116,17112874070017;1131,265745438309;650,0;0,11641696406327515
111,83333333333333;1038,4905120411595;1033,8531960580867;1000,3986278363608;0,6834754605183896;0,5187829146160852;116,05190440047295;1130,400088856311;650,0;0,1163250501161227
111,91666666666667;1038,6019938887555;1033,969429341368;1000,628158554254;0,6834754605183896;0,5187829146160852;115,93289957681918;1129,5357891031606;650,0;0,11623328328130277
112,0;1038,7133928502117;1034,0855710045687;1000,8570570681803;0,6834754605183896;0,5187829146160852;115,81411368468935;1128,672842927956;650,0;0,11614166320082547
112,08333333333333;1038,8247090486875;1034,2016211940866;1001,0853260553637;0,6834754605183896;0,5187829146160852;115,6955461410746;1127,8112470901149;650,0;0,11605018951785438
112,16666666666667;1038,9359426070678;1034,3175800559634;1001,3129681828866;0,6834754605183896;0,5187829146160852;115,57719636502384;1126,9509983595717;650,0;0,11595886187672666
112,25;1039,047093647964;1034,4334477358864;1001,5399861077085;0,6834754605183896;0,5187829146160852;115,45906377760957;1126,0920935168722;650,0;0,11586767992295856
112,33333333333333;1039,1581622937147;1034,5492243791896;1001,7663824766843;0,6834754605183896;0,5187829146160852;115,34114780193931;1125,2345293531723;650,0;0,11577664330324643
112,41666666666667;1039,269148666387;1034,664910130855;1001,9921599265831;0,6834754605183896;0,5187829146160852;115,22344786312715;1124,3783026698277;650,0;0,11568575166542587
112,5;1039,3800528877766;1034,7805051355135;1002,2173210841072;0,6834754605183896;0,5187829146160852;115,10596338829941;1123,5234102786858;650,0;0,11559500465849935
112,58333333333333;1039,4908750794093;1034,8960095374462;1002,4418685659108;0,6834754605183896;0,5187829146160852;114,98869380657766;1122,6698490016342;650,0;0,1155044019325925
112,66666666666667;1039,6016153625412;1035,011423480585;1002,6658049786195;0,6834754605183896;0,5187829146160852;114,87163854907863;1121,8176156715158;650,0;0,11541394313903962
112,75;1039,7122738581595;1035,1267471085152;1002,8891329188494;0,6834754605183896;0,5187829146160852;114,7547970489029;1120,9667071306185;650,0;0,11532362793024159
112,83333333333333;1039,822850686984;1035,241980564475;1003,1118549732272;0,6834754605183896;0,5187829146160852;114,63816874110648;1120,1171202319993;650,0;0,1152334559597868
112,91666666666667;1039,9333459694672;1035,3571239913574;1003,3339737184092;0,6834754605183896;0,5187829146160852;114,5217530627292;1119,268851838756;650,0;0,11514342688238587
113,0;1040,0437598257952;1035,4721775317112;1003,5554917211018;0,6834754605183896;0,5187829146160852;114,40554945274357;1118,4218988238158;650,0;0,11505354035384702
113,08333333333333;1040,1540923758887;1035,5871413277423;1003,7764115380812;0,6834754605183896;0,5187829146160852;114,28955735210025;1117,576258070411;650,0;0,11496379603112492
113,16666666666667;1040,264343739404;1035,7020155213147;1003,9967357162138;0,6834754605183896;0,5187829146160852;114,17377620365983;1116,7319264719615;650,0;0,11487419357230313
113,25;1040,3745140357328;1035,8168002539512;1004,2164667924762;0,6834754605183896;0,5187829146160852;114,05820545223264;1115,8889009318077;650,0;0,11478473263657311
113,33333333333333;1040,4846033840042;1035,9314956668354;1004,4356072939762;0,6834754605183896;0,5187829146160852;113,94284454453896;1115,0471783628816;650,0;0,11469541288419965
113,41666666666667;1040,5946119030846;1036,046101900812;1004,6541597379729;0,6834754605183896;0,5187829146160852;113,82769292922035;1114,2067556883405;650,0;0,1146062339765811
113,5;1040,7045397115787;1036,1606190963882;1004,8721266318981;0,6834754605183896;0,5187829146160852;113,71275005681696;1113,367629841503;650,0;0,11451719557624132
113,58333333333333;1040,8143869278308;1036,275047393735;1005,0895104733768;0,6834754605183896;0,5187829146160852;113,59801537976182;1112,5297977647074;650,0;0,11442829734672257
113,66666666666667;1040,9241536699246;1036,3893869326876;1005,3063137502484;0,6834754605183896;0,5187829146160852;113,4834883523979;1111,69325641089;650,0;0,11433953895273444
113,75;1041,0338400556843;1036,5036378527475;1005,5225389405879;0,6834754605183896;0,5187829146160852;113,36916843092695;1110,8580027424314;650,0;0,11425092006004135
113,83333333333333;1041,1434462026764;1036,6178002930828;1005,7381885127274;0,6834754605183896;0,5187829146160852;113,25505507342086;1110,024033731131;650,0;0,1141624403354613
113,91666666666667;1041,252972228209;1036,7318743925298;1005,9532649252777;0,6834754605183896;0,5187829146160852;113,14114773983874;1109,191346358935;650,0;0,11407409944693532
114,0;1041,3624182493331;1036,8458602895932;1006,1677706271494;0,6834754605183896;0,5187829146160852;113,02744589198142;1108,3599376171146;650,0;0,11398589706344657
114,08333333333333;1041,4717843828435;1036,9597581224484;1006,381708057575;0,6834754605183896;0,5187829146160852;112,91394899349712;1107,5298045068234;650,0;0,11389783285507295
114,16666666666667;1041,5810707452792;1037,0735680289413;1006,5950796461311;0,6834754605183896;0,5187829146160852;112,80065650987581;1106,7009440382228;650,0;0,11380990649290483
114,25;1041,6902774529249;1037,1872901465904;1006,8078878127599;0,6834754605183896;0,5187829146160852;112,68756790844918;1105,873353231634;650,0;0,11372211764915267
114,33333333333333;1041,7994046218103;1037,3009246125873;1007,0201349677914;0,6834754605183896;0,5187829146160852;112,57468265836224;1105,047029116465;650,0;0,11363446599704413
114,41666666666667;1041,908452367713;1037,414471563798;1007,2318235119659;0,6834754605183896;0,5187829146160852;112,46200023057327;1104,2219687315428;650,0;0,11354695121085519
114,5;1042,0174208061571;1037,527931136764;1007,4429558364565;0,6834754605183896;0,5187829146160852;112,34952009787094;1103,3981691253377;650,0;0,11345957296593252
114,58333333333333;1042,1263100524152;1037,6413034677025;1007,653534322891;0,6834754605183896;0,5187829146160852;112,23724173482879;1102,5756273554862;650,0;0,1133723309386449
114,66666666666667;1042,2351202215089;1037,7545886925088;1007,8635613433751;0,6834754605183896;0,5187829146160852;112,12516461781661;1101,7543404890305;650,0;0,11328522480640646
114,75;1042,3438514282084;1037,8677869467565;1008,0730392605146;0,6834754605183896;0,5187829146160852;112,01328822500045;1100,9343056022847;650,0;0,1131982542476643
114,83333333333333;1042,4525037870353;1037,9808983656983;1008,2819704274389;0,6834754605183896;0,5187829146160852;111,90161203629714;1100,1155197806372;650,0;0,11311141894187576
114,91666666666667;1042,5610774122624;1038,0939230842678;1008,4903571878231;0,6834754605183896;0,5187829146160852;111,79013553342543;1099,2979801190008;650,0;0,11302471856955518
115,0;1042,669572417913;1038,20686123708;1008,6982018759118;0,6834754605183896;0,5187829146160852;111,67885819986623;1098,481683721216;650,0;0,11293815281221457
115,08333333333333;1042,7779889177637;1038,3197129584323;1008,9055068165418;0,6834754605183896;0,5187829146160852;111,56777952082848;1097,666627700317;650,0;0,11285172135238518
115,16666666666667;1042,8863270253448;1038,4324783823058;1009,1122743251655;0,6834754605183896;0,5187829146160852;111,45689898328328;1096,8528091783844;650,0;0,11276542387360701
115,25;1042,9945868539396;1038,5451576423663;1009,318506707874;0,6834754605183896;0,5187829146160852;111,34621607597524;1096,0402252868255;650,0;0,11267926006045595
115,33333333333333;1043,1027685165864;1038,657750871965;1009,5242062614211;0,6834754605183896;0,5187829146160852;111,23573028933151;1095,2288731658032;650,0;0,11259322959848203
115,41666666666667;1043,2108721260788;1038,7702582041393;1009,7293752732463;0,6834754605183896;0,5187829146160852;111,12544111553575;1094,4187499645143;650,0;0,11250733217424232
115,5;1043,3188977949662;1038,8826797716147;1009,9340160214986;0,6834754605183896;0,5187829146160852;111,01534804848825;1093,609852841044;650,0;0,11242156747528353
115,58333333333333;1043,4268456355553;1038,995015706805;1010,1381307750601;0,6834754605183896;0,5187829146160852;110,90545058378893;1092,8021789625782;650,0;0,11233593519016047
115,66666666666667;1043,53471575991;1039,1072661418134;1010,3417217935702;0,6834754605183896;0,5187829146160852;110,79574821876008;1091,9957255051647;650,0;0,11225043500841556
115,75;1043,6425082798514;1039,219431208434;1010,5447913274492;0,6834754605183896;0,5187829146160852;110,68624045241222;1091,190489653448;650,0;0,11216506662055109
115,83333333333333;1043,7502233069613;1039,331511038152;1010,7473416179221;0,6834754605183896;0,5187829146160852;110,57692678543845;1090,38646860116;650,0;0,11207982971807456
115,91666666666667;1043,8578609525794;1039,4435057621456;1010,949374897043;0,6834754605183896;0,5187829146160852;110,46780672023147;1089,5836595507621;650,0;0,11199472399346665
116,0;1043,9654213278063;1039,5554155112857;1011,1508933877191;0,6834754605183896;0,5187829146160852;110,35887976084382;1088,7820597131936;650,0;0,1119097491401542
116,08333333333333;1044,0729045435037;1039,6672404161382;1011,3518993037351;0,6834754605183896;0,5187829146160852;110,2501454130163;1087,9816663084803;650,0;0,11182490485256959
116,16666666666667;1044,1803107102942;1039,7789806069643;1011,5523948497771;0,6834754605183896;0,5187829146160852;110,14160318413815;1087,1824765650204;650,0;0,11174019082608044
116,25;1044,2876399385632;1039,8906362137213;1011,7523822214573;0,6834754605183896;0,5187829146160852;110,03325258324708;1086,3844877200606;650,0;0,1116556067570339
116,33333333333333;1044,394892338459;1040,002207366064;1011,9518636053385;0,6834754605183896;0,5187829146160852;109,9250931210463;1085,58769701918;650,0;0,11157115234271028
116,41666666666667;1044,5020680198934;1040,1136941933455;1012,1508411789584;0,6834754605183896;0,5187829146160852;109,81712430987045;1084,7921017168326;650,0;0,11148682728137028
116,5;1044,6091670925425;1040,2250968246178;1012,3493171108543;0,6834754605183896;0,5187829146160852;109,70934566369692;1083,9976990758175;650,0;0,11140263127220684
116,58333333333333;1044,7161896658474;1040,3364153886332;1012,5472935605876;0,6834754605183896;0,5187829146160852;109,60175669811747;1083,2044863676238;650,0;0,11131856401537446
116,66666666666667;1044,8231358490152;1040,447650013845;1012,7447726787689;0,6834754605183896;0,5187829146160852;109,49435693035525;1082,4124608717018;650,0;0,11123462521192291
116,75;1044,9300057510186;1040,558800828409;1012,9417566070824;0,6834754605183896;0,5187829146160852;109,38714587925347;1081,6216198768143;650,0;0,11115081456392223
116,83333333333333;1045,036799480598;1040,6698679601832;1013,1382474783111;0,6834754605183896;0,5187829146160852;109,28012306524124;1080,8319606790888;650,0;0,11106713177427777
116,91666666666667;1045,1435171462608;1040,78085153673;1013,3342474163612;0,6834754605183896;0,5187829146160852;109,17328801036774;1080,043480583806;650,0;0,11098357654690032
117,0;1045,2501588562834;1040,8917516853166;1013,5297585362878;0,6834754605183896;0,5187829146160852;109,06664023826806;1079,2561769042352;650,0;0,11090014858659417
117,08333333333333;1045,356724718711;1041,0025685329158;1013,7247829443191;0,6834754605183896;0,5187829146160852;108,96017927416892;1078,470046961977;650,0;0,11081684759908969
117,16666666666667;1045,4632148413575;1041,1133022062068;1013,9193227378825;0,6834754605183896;0,5187829146160852;108,85390464487728;1077,6850880871095;650,0;0,11073367329105588
117,25;1045,5696293318083;1041,2239528315768;1014,1133800056284;0,6834754605183896;0,5187829146160852;108,74781587876896;1076,9012976175673;650,0;0,1106506253700414
117,33333333333333;1045,6759682974193;1041,3345205351213;1014,3069568274569;0,6834754605183896;0,5187829146160852;108,6419125057887;1076,1186728997213;650,0;0,11056770354452858
117,41666666666667;1045,782231845318;1041,4450054426452;1014,500055274542;0,6834754605183896;0,5187829146160852;108,53619405745007;1075,33721128817;650,0;0,11048490752391403
117,5;1045,8884200824036;1041,5554076796636;1014,692677409357;0,6834754605183896;0,5187829146160852;108,43066006681852;1074,5569101453534;650,0;0,11040223701847103
117,58333333333333;1045,9945331153492;1041,6657273714031;1014,8848252857002;0,6834754605183896;0,5187829146160852;108,3253100684999;1073,777766842361;650,0;0,1103196917394238
117,66666666666667;1046,1005710506008;1041,775964642802;1015,0765009487203;0,6834754605183896;0,5187829146160852;108,22014359865193;1072,9997787575683;650,0;0,11023727139882132
117,75;1046,2065339943783;1041,8861196185117;1015,2677064349415;0,6834754605183896;0,5187829146160852;108,11516019497276;1072,2229432783456;650,0;0,11015497570969585
117,83333333333333;1046,312422052677;1041,9961924228976;1015,4584437722891;0,6834754605183896;0,5187829146160852;108,0103593966669;1071,447257799189;650,0;0,11007280438588514
117,91666666666667;1046,4182353312674;1042,1061831800398;1015,6487149801151;0,6834754605183896;0,5187829146160852;107,905740744485;1070,6727197231392;650,0;0,10999075714216877
118,0;1046,5239739356957;1042,216092013734;1015,8385220692236;0,6834754605183896;0,5187829146160852;107,80130378068975;1069,8993264608007;650,0;0,1099088336941733
118,08333333333333;1046,6296379712855;1042,3259190474923;1016,0278670418968;0,6834754605183896;0,5187829146160852;107,6970480490445;1069,127075431189;650,0;0,1098270337584502
118,16666666666667;1046,7352275431372;1042,4356644045447;1016,21675189192;0,6834754605183896;0,5187829146160852;107,59297309483031;1068,3559640606725;650,0;0,10974535705237887
118,25;1046,8407427561294;1042,545328207839;1016,4051786046078;0,6834754605183896;0,5187829146160852;107,48907846481188;1067,585989783884;650,0;0,10966380329424846
118,33333333333333;1046,946183714919;1042,6549105800423;1016,5931491568296;0,6834754605183896;0,5187829146160852;107,38536370726024;1066,8171500429817;650,0;0,10958237220319095
118,41666666666667;1047,0515505239425;1042,7644116435415;1016,7806655170351;0,6834754605183896;0,5187829146160852;107,28182837191866;1066,0494422880047;650,0;0,10950106349921124
118,5;1047,156843287416;1042,8738315204448;1016,9677296452808;0,6834754605183896;0,5187829146160852;107,17847201002542;1065,282863977033;650,0;0,10941987690320416
118,58333333333333;1047,2620621093358;1042,9831703325817;1017,1543434932548;0,6834754605183896;0,5187829146160852;107,07529417427963;1064,5174125754718;650,0;0,10933881213688447
118,66666666666667;1047,3672070934801;1043,0924282015046;1017,3405090043034;0,6834754605183896;0,5187829146160852;106,9722944188527;1063,7530855564626;650,0;0,10925786892282635
118,75;1047,4722783434077;1043,2016052484892;1017,5262281134566;0,6834754605183896;0,5187829146160852;106,86947229938824;1062,9898804013726;650,0;0,10917704698450906
118,83333333333333;1047,5772759624606;1043,3107015945354;1017,711502747454;0,6834754605183896;0,5187829146160852;106,76682737296233;1062,2277945984708;650,0;0,10909634604618959
118,91666666666667;1047,682200053763;1043,4197173603684;1017,8963348247709;0,6834754605183896;0,5187829146160852;106,66435919812898;1061,4668256442255;650,0;0,10901576583302809
119,0;1047,7870507202226;1043,5286526664393;1018,0807262556438;0,6834754605183896;0,5187829146160852;106,56206733486329;1060,706971042126;650,0;0,1089353060709726
119,08333333333333;1047,891828064532;1043,6375076329261;1018,2646789420967;0,6834754605183896;0,5187829146160852;106,45995134458417;1059,9482283038744;650,0;0,10885496648687232
119,16666666666667;1047,996532189168;1043,7462823797346;1018,4481947779672;0,6834754605183896;0,5187829146160852;106,35801079014868;1059,1905949482066;650,0;0,10877474680836707
119,25;1048,1011631963925;1043,8549770264985;1018,6312756489319;0,6834754605183896;0,5187829146160852;106,25624523583497;1058,434068501316;650,0;0,10869464676392533
119,33333333333333;1048,2057211882536;1043,9635916925815;1018,8139234325332;0,6834754605183896;0,5187829146160852;106,15465424734793;1057,6786464974502;650,0;0,10861466608290035
119,41666666666667;1048,310206266586;1044,0721264970769;1018,9961399982044;0,6834754605183896;0,5187829146160852;106,05323739180221;1056,9243264776794;650,0;0,10853480449541368
119,5;1048,414618533011;1044,1805815588093;1019,1779272072964;0,6834754605183896;0,5187829146160852;105,95199423772783;1056,1711059908089;650,0;0,10845506173244084
119,58333333333333;1048,5189580889382;1044,2889569963352;1019,3592869131036;0,6834754605183896;0,5187829146160852;105,8509243550418;1055,4189825928897;650,0;0,10837543752576295
119,66666666666667;1048,6232250355654;1044,397252927943;1019,5402209608898;0,6834754605183896;0,5187829146160852;105,75002731507652;1054,6679538473124;650,0;0,10829593160797825
119,75;1048,7274194738789;1044,5054694716557;1019,7207311879142;0,6834754605183896;0,5187829146160852;105,64930269055708;1053,9180173248983;650,0;0,10821654371250837
119,83333333333333;1048,8315415046548;1044,6136067452294;1019,9008194234581;0,6834754605183896;0,5187829146160852;105,54875005557847;1053,1691706039394;650,0;0,10813727357360002
119,91666666666667;1048,9355912284589;1044,7216648661556;1020,08048748885;0,6834754605183896;0,5187829146160852;105,44836898563403;1052,4214112694049;650,0;0,1080581209262536
120,0;1049,039568745648;1044,8296439516619;1020,2597371974927;0,6834754605183896;0,5187829146160852;105,34815905758137;1051,674736914224;650,0;0,10797908550633958
