time_min;T_gas;T_hanger;T_cable;phi_hanger;phi_cable;qconv_hanger;qrad_hanger;cp_hanger;dT_hanger
0,0;20,0;20,0;20,0;0,7539297427424251;0,6082187695937923;0,0;0,0;0,0;0,0
0,08333333333333333;96,53781861764294;20,0;20,0;0,7539297427424251;0,6082187695937923;0,0;0,0;439,80176;0,0
0,16666666666666666;146,95199092663503;20,31053255698802;20,095939315100054;0,7539297427424251;0,6082187695937923;1913,4454654410736;337,95656724283884;439,80176;0,31053255698802024
0,25;184,60683287828354;20,844902505333064;20,26026068465241;0,7539297427424251;0,6082187695937923;3166,036459241175;710,1518038082884;440,02148686795454;0,5343699483450448
0,3333333333333333;214,67364350130407;21,55901491437434;20,47915079016164;0,7539297427424251;0,6082187695937923;4094,048259323762;1090,3905379988614;440,39889504888504;0,7141124090412783
0,4166666666666667;239,70362366757516;22,42535889362436;20,744132839361807;0,7539297427424251;0,6082187695937923;4827,865714673244;1468,9538793820323;440,9018669032021;0,8663439792500178
0,5;261,1446514959265;23,424735925520388;21,049391484604538;0,7539297427424251;0,6082187695937923;5431,95661934877;1841,800652961094;441,5099433250384;0,999377031896029
0,5833333333333334;279,89804499722095;24,542764796538442;21,390643748767204;0,7539297427424251;0,6082187695937923;5942,997889260152;2207,2173427806033;442,2085219705482;1,1180288710180537
0,6666666666666666;296,5631594504424;25,768135785402954;21,764576222775453;0,7539297427424251;0,6082187695937923;6383,8820050170625;2564,550108407342;442,9864090996177;1,2253709888645135
0,75;311,5588238049186;27,09163524199114;22,168531466206037;0,7539297427424251;0,6082187695937923;6769,875591625987;2913,6582082659547;443,83459844497355;1,323499456588184
0,8333333333333334;325,189270547786;28,505554739920452;22,600318645714655;0,7539297427424251;0,6082187695937923;7111,679714073186;3254,656378266224;444,74558989250403;1,4139194979293137
0,9166666666666666;337,6824701135694;30,003310573312774;23,058092014857433;0,7539297427424251;0,6082187695937923;7417,092895196639;3587,785560479594;445,71297728591156;1,497755833392323
1,0;349,2136657565671;31,57918662686452;23,540269112524662;0,7539297427424251;0,6082187695937923;7691,9789885064165;3913,345187764364;446,7311832082809;1,5758760535517462
1,0833333333333333;359,9204763968563;33,22815371956554;24,045473533892203;0,7539297427424251;0,6082187695937923;7940,861978242565;4231,656757933428;447,79527982003435;1,648967092701019
1,1666666666666667;369,91295149454055;34,94573852618597;24,57249360031697;0,7539297427424251;0,6082187695937923;8167,30806693227;4543,044034143616;448,90086293430943;1,7175848066204302
1,25;379,2804763795877;36,72792585763824;25,12025170563833;0,7539297427424251;0,6082187695937923;8374,180324208864;4847,822379520375;450,04396053094354;1,782187331452268
1,3333333333333333;388,0966424225615;38,57108410196646;25,687781060005623;0,7539297427424251;0,6082187695937923;8563,813763048736;5146,293231030595;451,22096438855596;1,8431582443282233
1,4166666666666667;396,42276192482973;40,471907182398105;26,274207698428487;0,7539297427424251;0,6082187695937923;8738,138958014877;5438,741507816582;452,42857772804217;1,9008230804316422
1,5;404,31045654585864;42,427368571231476;26,87873632391293;0,7539297427424251;0,6082187695937923;8898,77136856079;5725,434703380398;453,66377424659436;1,9554613888333705
1,5833333333333333;411,8035976900252;44,43468428394616;27,500639000576772;0,7539297427424251;0,6082187695937923;9047,07719936568;6006,622937003752;454,9237654459849;2,007315712714688
1,6666666666666667;418,9397842966738;46,49128268378238;28,139246003017934;0,7539297427424251;0,6082187695937923;9184,222835151975;6282,539538017979;456,20597412576376;2,056598399836219
1,75;425,75148437421007;48,594779534647145;28,793938323066506;0,7539297427424251;0,6082187695937923;9311,212540322285;6553,401909622307;457,5080125433071;2,103496850864768
1,8333333333333333;432,2669281095389;50,74295715712811;29,46414146859346;0,7539297427424251;0,6082187695937923;9428,917620989072;6819,41252133401;458,8276641654356;2,1481776224809663
1,9166666666666667;438,5108147315537;52,93374683432276;30,149320282448702;0,7539297427424251;0,6082187695937923;9538,09927381027;7080,759940636592;460,1628682258941;2,1907896771946507
2,0;444,50487787550446;55,165213822339005;30,84897457612943;0,7539297427424251;0,6082187695937923;9639,426697430772;7337,619851723633;461,51170650531185;2,2314669880162445
2,0833333333333335;450,26834213398865;57,43554447118403;31,56263542095498;0,7539297427424251;0,6082187695937923;9733,491601329137;7590,15603205943;462,87239189418324;2,2703306488450234
2,1666666666666665;455,81829499723057;59,74303507273195;32,289861974935505;0,7539297427424251;0,6082187695937923;9820,819941570116;7838,521271460953;464,2432584034234;2,3074906015479177
2,25;461,169992328726;62,086082135202815;33,03023874990827;0,7539297427424251;0,6082187695937923;9901,881498112465;8082,858226939957;465,62275236333875;2,343047062470866
2,3333333333333335;466,33711113825626;64,46317384604463;33,783373243424;0,7539297427424251;0,6082187695937923;9977,097754838078;8323,30021169196;467,00942460852747;2,3770917108418037
2,4166666666666665;471,33196020043107;66,87288253279578;34,54889387506029;0,7539297427424251;0,6082187695937923;10046,84843230529;8559,971919649372;468,401923488847;2,4097086867511663
2,5;476,16565668320214;69,31385796829537;35,326448178558955;0,7539297427424251;0,6082187695937923;10111,476941690882;8792,99008872177;469,79898857899263;2,4409754354995763
2,5833333333333335;480,8482751635016;71,78482139526747;36,115701210313226;0,7539297427424251;0,6082187695937923;10171,294967872669;9022,464106724481;471,19944498411735;2,47096342697211
2,6666666666666665;485,3889740535016;74,28456016783402;36,91633414190577;0,7539297427424251;0,6082187695937923;10226,586344205853;9248,496564361802;472,60219815822273;2,4997387725665403
2,75;489,7961034260695;76,81192292536633;37,72804301008648;0,7539297427424251;0,6082187695937923;10277,61034714169;9471,18375968524;474,00622916714167;2,5273627575323134
2,8333333333333335;494,07729742979745;79,36581522835239;38,55053760212312;0,7539297427424251;0,6082187695937923;10324,60451251758;9690,61615831583;475,41059033983447;2,553892302986052
2,9166666666666665;498,2395538632738;81,94519559743736;39,383540458115135;0,7539297427424251;0,6082187695937923;10367,787055036126;9906,878813485735;476,81440126117974;2,5793803690849715
3,0;502,289302991853;84,54907190610031;40,226785974824985;0,7539297427424251;0,6082187695937923;10407,35895664591;10120,051749668262;478,2168450670117;2,6038763086629486
3,0833333333333335;506,2324673062227;87,17649808501992;41,08001959799891;0,7539297427424251;0,6082187695937923;10443,505777143817;10330,210313259686;479,61716500826054;2,6274261789196114
3,1666666666666665;510,07451361691875;89,82657110241286;41,94299709213302;0,7539297427424251;0,6082187695937923;10476,399230530069;10537,425493470117;481,01466125600706;2,650073017392939
3,25;513,8204986348507;92,49842818977278;42,815483878278016;0,7539297427424251;0,6082187695937923;10506,198562862648;10741,764216286208;482,4086879233102;2,671857087359926
3,3333333333333335;517,475108991462;95,19124428670996;43,69725443183486;0,7539297427424251;0,6082187695937923;10533,051761126948;10943,289614091344;483,7986502829922;2,692816096937185
3,4166666666666665;521,0426964931474;97,90422968215782;44,588091733426985;0,7539297427424251;0,6082187695937923;10557,096617618801;11142,061273273168;485,1840021633225;2,7129853954478564
3,5;524,5273092751398;100,6366278322054;45,487786766884696;0,7539297427424251;0,6082187695937923;10578,46167027474;11338,135461914044;486,564243505826;2,7323981500475907
3,5833333333333335;527,9327194142114;103,38771333733888;46,3961380591771;0,7539297427424251;0,6082187695937923;10597,267036073361;11531,565339447838;487,93891807136663;2,751085505133471
3,6666666666666665;531,2624474724937;106,15679006401332;47,312951257803576;0,7539297427424251;0,6082187695937923;10613,625151921813;11722,40114997467;489,3076112822625;2,7690767266744474
3,75;534,519784372824;108,94318939729698;48,23803874173096;0,7539297427424251;0,6082187695937923;10627,64143521201;11910,690400753183;490,6699481895675;2,7863993332836556
3,8333333333333335;537,707810946369;111,74626861288607;49,17121926245237;0,7539297427424251;0,6082187695937923;10639,414874388176;12096,47802723559;492,02559155580815;2,803079215589087
3,9166666666666665;540,829415443571;114,565409358125;50,11231761216269;0,7539297427424251;0,6082187695937923;10649,038558337073;12279,806545872416;493,3742400444712;2,819140745238928
4,0;543,8873092578712;117,40001623281879;51,061164316405595;0,7539297427424251;0,6082187695937923;10656,600152136149;12460,716195790681;494,7156265083909;2,834606874693786
4,083333333333333;546,8840410767281;120,24951546162188;52,01759534885703;0,7539297427424251;0,6082187695937923;10662,18232562631;12639,245070339057;496,04951636993343;2,8494992288030967
4,166666666666667;549,8220096450009;123,11335365065413;52,98145186617831;0,7539297427424251;0,6082187695937923;10665,863140377656;12815,429239394702;497,37570608652175;2,863838189032257
4,25;552,7034753008451;125,99099662175038;53,95257996110449;0,7539297427424251;0,6082187695937923;10667,71639985867;12989,302863239054;498,69402169561204;2,8776429710962494
4,333333333333333;555,5305704231138;128,88192831841158;54,930830432135885;0,7539297427424251;0,6082187695937923;10667,811966977368;13160,89829873092;500,00431743373423;2,890931696661192
4,416666666666667;558,3053089112316;131,78564977810638;55,91605856837717;0,7539297427424251;0,6082187695937923;10666,216052617554;13330,246198435258;501,3064744246467;2,9037214596947822
4,5;561,0295948031132;134,70167816608387;56,90812394822284;0,7539297427424251;0,6082187695937923;10662,99147832813;13497,37560330295;502,6003994320524;2,9160283879774873
4,583333333333333;563,7052301234963;137,6295458663109;57,906890250723166;0,7539297427424251;0,6082187695937923;10658,197915925735;13662,314029440873;503,88602367267066;2,9278677002270266
4,666666666666667;566,3339220437125;140,5687996255483;58,912225078583944;0,7539297427424251;0,6082187695937923;10651,892106429637;13825,087549461006;505,1633016857742;2,9392537592373893
4,75;568,9172894241422;143,51899974693754;59,92399979185815;0,7539297427424251;0,6082187695937923;10644,128060454104;13985,720868852173;506,432210255585;2,9502001213892344
4,833333333333333;571,4568688021395;146,47971932978749;60,94208935148056;0,7539297427424251;0,6082187695937923;10634,957241930115;14144,237397777451;507,69274738317813;2,9607195828499338
4,916666666666667;573,9541198808918;149,45054355253532;61,96637217187826;0,7539297427424251;0,6082187695937923;10624,4287368088;14300,6593186636;508,9449313047736;2,97082422274785
5,0;576,4104305683087;152,43106899611135;62,996729981963156;0,7539297427424251;0,6082187695937923;10612,58940820891;14455,007649916199;510,1887995535134;2,980525443576037
5,083333333333333;578,8271216094959;155,42090300516605;64,03304769387717;0,7539297427424251;0,6082187695937923;10599,484039304934;14607,302306064494;511,4244080620084;2,9898340090547095
5,166666666666667;581,2054508515216;158,41966308482517;65,07521327891874;0,7539297427424251;0,6082187695937923;10585,155465108246;14757,562154613253;512,6518303031237;2,9987600796591245
5,25;583,5466171749573;161,42697633082457;66,1231176501309;0,7539297427424251;0,6082187695937923;10569,644694167411;14905,805069854652;513,8711564666318;3,0073132459994083
5,333333333333333;585,8517641229552;164,44247889104574;67,17665455107696;0,7539297427424251;0,6082187695937923;10552,991021103318;15052,04798387159;515,0824926695162;3,0155025602211687
5,416666666666667;588,1219832553611;167,46581545662568;68,23572045037207;0,7539297427424251;0,6082187695937923;10535,232130797734;15196,306934944008;516,2859601978481;3,023336565579947
5,5;590,3583172524936;170,49663878095416;69,30021444157488;0,7539297427424251;0,6082187695937923;10516,404194968385;15338,597113551548;517,4816947782889;3,0308233243284786
5,583333333333333;592,5617627906768;173,53460922499747;70,37003814807815;0,7539297427424251;0,6082187695937923;10496,541961788485;15478,93290615011;518,6698458773939;3,037970444043324
5,666666666666667;594,7332732093793;176,57939432750354;71,44509563266645;0,7539297427424251;0,6082187695937923;10475,678839141983;15617,327936884561;519,8505760270061;3,044785102506074
5,75;596,8737609878225;179,63066839874796;72,52529331143663;0,7539297427424251;0,6082187695937923;10453,846972046893;15753,795107386675;521,0240601741332;3,0512740712444213
5,833333333333333;598,9841000471628;182,68811213657716;73,61053987180118;0,7539297427424251;0,6082187695937923;10431,077314726863;15888,346634794829;522,1904850538035;3,0574437378292156
5,916666666666667;601,0651278927828;185,75141226359273;74,70074619431699;0,7539297427424251;0,6082187695937923;10407,39969776464;16020,994088121042;523,3500485834878;3,063300127015572
6,0;603,1176476098371;188,82026118440135;75,79582527810196;0,7539297427424251;0,6082187695937923;10382,842890729753;16151,748423080337;524,5029592777643;3,0688489208086236
6,083333333333333;605,1424297239511;191,89435666192927;76,89569216962045;0,7539297427424251;0,6082187695937923;10357,434660635894;16280,620015488257;525,6494356819834;3,074095477527933
6,166666666666667;607,1402139378599;194,97340151186768;78,00026389463501;0,7539297427424251;0,6082187695937923;10331,201826550547;16407,61869332363;526,7897058237742;3,079044849938423
6,25;609,111710753788;198,05710331437788;79,10945939313719;0,7539297427424251;0,6082187695937923;10304,170310649806;16532,753767545662;527,9240066812985;3,0837018025102165
6,333333333333333;611,057602990467;201,14517414224264;80,22319945708381;0,7539297427424251;0,6082187695937923;10276,365185985253;16656,034061747487;529,0525836672408;3,088070827864754
6,416666666666667;612,9785472029022;204,23733030470254;81,341406670778;0,7539297427424251;0,6082187695937923;10247,81072120561;16777,467940721188;530,1756901275801;3,092156162459896
6,5;614,8751750122722;207,33329210626513;82,46400535374543;0,7539297427424251;0,6082187695937923;10218,530422454991;16897,063338003365;531,2935868542548;3,0959618015625825
6,583333333333333;616,7480943527046;210,43278361981885;83,59092150596723;0,7539297427424251;0,6082187695937923;10188,547072650175;17014,827782464617;532,4065416108978;3,099491513553709
6,666666666666667;618,5978906410819;213,53553247342523;84,7220827553402;0,7539297427424251;0,6082187695937923;10157,882768322143;17130,768424001166;533,5148286708665;3,10274885360639
6,75;620,4251278755141;216,64126965020063;85,85741830724434;0,7539297427424251;0,6082187695937923;10126,558954191416;17244,89205838139;534,6187283668586;3,1057371767753996
6,833333333333333;622,2303496676327;219,74972930073338;86,99685889610545;0,7539297427424251;0,6082187695937923;10094,596455632838;17357,205151296475;535,7185266514455;3,1084596505327506
6,916666666666667;624,0140802134338;222,8606485675148;88,1403367388482;0,7539297427424251;0,6082187695937923;10062,015509172483;17467,713861659373;536,8145146679138;3,1109192667814116
7,0;625,7768252070096;225,97376742089153;89,28778549014211;0,7539297427424251;0,6082187695937923;10028,835791147974;17576,4240641928;537,9069883308488;3,1131188533767395
7,083333333333333;627,5190727011509;229,08882850607426;90,43914019934896;0,7539297427424251;0,6082187695937923;9995,07644465295;17683,34137134335;538,996247915939;3,1150610851827407
7,166666666666667;629,241293918488;232,2055770007624;91,59433726908621;0,7539297427424251;0,6082187695937923;9960,756104876915;17788,4711545553;540,0825976585271;3,1167484946881143
7,25;630,9439440165397;235,3237604829674;92,75331441532647;0,7539297427424251;0,6082187695937923;9925,892922943141;17891,818564934896;541,1663453604714;3,118183482205003
7,333333333333333;632,6274628097796;238,44312880863885;93,91601062895774;0,7539297427424251;0,6082187695937923;9890,504588339309;17993,388553332534;542,2478020049231;3,1193683256714424
7,416666666666667;634,2922754515852;241,56343399871565;95,08236613873419;0,7539297427424251;0,6082187695937923;9854,608350028519;18093,1858898681;543,3272813786624;3,1203051900767935
7,5;635,9387930787146;244,68443013524342;96,25232237555136;0,7539297427424251;0,6082187695937923;9818,221036321738;18191,215182921725;544,4050997016744;3,120996136527776
7,583333333333333;637,5674134207562;247,80587326621463;97,42582193798346;0,7539297427424251;0,6082187695937923;9781,35907358678;18287,480897610178;545,4815752636765;3,1214431309712123
7,666666666666667;639,1785213768086;250,92752131880286;98,60280855902444;0,7539297427424251;0,6082187695937923;9744,03850386354;18381,987373767024;546,5570280673475;3,121648052588233
7,75;640,7724895614857;254,04913402067615;99,78322707397778;0,7539297427424251;0,6082187695937923;9706,275001450143;18474,738843442196;547,6317794780358;3,121612701873296
7,833333333333333;642,3496788221825;257,1704728290864;100,96702338944311;0,7539297427424251;0,6082187695937923;9668,08388852024;18565,739447935273;548,7061518797574;3,121338808410251
7,916666666666667;643,9104387293985;260,2913008674429;102,1541444533508;0,7539297427424251;0,6082187695937923;9629,480149827401;18654,993254374698;549,7804683373224;3,120828038356493
8,0;645,4551080417851;263,41138286908813;103,34453822599836;0,7539297427424251;0,6082187695937923;9590,47844654889;18742,504271853653;550,8550522644543;3,120082001645266
8,083333333333334;646,984015147466;266,53048512800325;104,53815365204527;0,7539297427424251;0,6082187695937923;9551,093129317425;18828,27646713166;551,9302270977958;3,1191022589151416
8,166666666666666;648,4974784830653;269,64837545617814;105,73494063342469;0,7539297427424251;0,6082187695937923;9511,33825048657;18912,313779910055;553,0063159767161;3,117890328174898
8,25;649,9958069317851;272,7648231473892;106,93485000313369;0,7539297427424251;0,6082187695937923;9471,227575672177;18994,62013768723;554,0836414288628;3,1164476912110923
8,333333333333334;651,4793002017749;275,87959894713424;108,13783349986471;0,7539297427424251;0,6082187695937923;9430,774594609897;19075,19947019967;555,1625250614156;3,1147757997450065
8,416666666666666;652,9482491859517;278,9924750284791;109,34384374344366;0,7539297427424251;0,6082187695937923;9389,992531366017;19154,05572345252;556,2432872580295;3,112876081344821
8,5;654,402936304353;282,1032249735774;110,55283421104147;0,7539297427424251;0,6082187695937923;9348,894353936816;19231,19287334314;557,3262468814656;3,1107499450983354
8,583333333333334;655,84363583003;285,21162376062836;111,76475921412803;0,7539297427424251;0,6082187695937923;9307,49278326939;19306,614938880033;558,4117209819348;3,1083987870509433
8,666666666666666;657,2706141994204;288,3174477560414;112,97957387613846;0,7539297427424251;0,6082187695937923;9265,800301735042;19380,32599499859;559,500024511185;3,105823995413059
8,75;658,684130308081;291,42047471158213;114,19723411082386;0,7539297427424251;0,6082187695937923;9223,829161084474;19452,330184974533;560,5914700423904;3,1030269555407406
8,833333333333334;660,0844357926003;294,52048376627494;115,41769660125952;0,7539297427424251;0,6082187695937923;9181,591389912472;19522,631732435177;561,6863674959075;3,100009054692814
8,916666666666666;661,4717752994591;297,6172554528424;116,64091877948533;0,7539297427424251;0,6082187695937923;9139,098800658134;19591,23495296818;562,7850238709765;3,096771686567492
9,0;662,8463867415572;300,71057170846353;117,86685880675398;0,7539297427424251;0,6082187695937923;9096,362996165417;19658,144265326795;563,8877429834635;3,0933162556210982
9,083333333333334;664,2085015430796;303,80021588963484;119,09547555436413;0,7539297427424251;0,6082187695937923;9053,395375827342;19723,364202230383;564,9948252097398;3,089644181171296
9,166666666666666;665,5583448733319;306,88597279092176;120,32672858505656;0,7539297427424251;0,6082187695937923;9010,20714133612;19786,89942075841;566,1065672368172;3,0857569012869326
9,25;666,8961358701365;309,9676286673882;121,56057813495231;0,7539297427424251;0,6082187695937923;8966,809302060252;19848,754712336133;567,2232618188518;3,081655876466491
9,333333333333334;668,2220878533439;313,0449712604952;122,79698509601317;0,7539297427424251;0,6082187695937923;8923,212680068707;19908,9350123096;568,3451975401448;3,077342593106929
9,416666666666666;669,5364085289779;316,1177898272598;124,0359109990053;0,7539297427424251;0,6082187695937923;8879,427914821217;19967,445409107895;569,4726585847742;3,072818566764605
9,5;670,8393001845062;319,1858751724697;125,27731799694796;0,7539297427424251;0,6082187695937923;8835,465467542952;20024,291152989914;570,6059245129886;3,068085345209912
9,583333333333334;672,130959875693;322,2490196837469;126,52116884903027;0,7539297427424251;0,6082187695937923;8791,335625300913;20079,477664373502;571,7452700445049;3,0631445112772018
9,666666666666666;673,4115796054655;325,30701736925846;127,76742690497923;0,7539297427424251;0,6082187695937923;8747,048504798651;20133,010541744356;572,8909648488495;3,057997685511558
9,75;674,6813464952023;328,35966389787245;129,01605608986335;0,7539297427424251;0,6082187695937923;8702,614055905175;20184,895569142373;574,0432733428847;3,0526465286140034
9,833333333333334;675,940442948824;331,40675664155924;130,267020889317;0,7539297427424251;0,6082187695937923;8658,042064933246;20235,13872322327;575,2024544956603;3,0470927436867883
9,916666666666666;677,1890468100461;334,44809471983973;131,52028633517082;0,7539297427424251;0,6082187695937923;8613,34215768162;20283,7461798935;576,3687616407307;3,041338078280478
10,0;678,4273315131342;337,48347904608437;132,77581799147464;0,7539297427424251;0,6082187695937923;8568,523802255158;20330,72432051642;577,5424422960739;3,0353843262446145
10,083333333333334;679,6554662274801;340,5127123754683;134,0335819408995;0,7539297427424251;0,6082187695937923;8523,596311676245;20376,079737688564;578,7237379917456;3,029233329383947
10,166666666666666;680,873615996301;343,53559935439057;135,2935447715065;0,7539297427424251;0,6082187695937923;8478,568846300295;20419,819240584366;579,9128841053953;3,022886978922234
10,25;682,0819418697455;346,5519465711665;136,55567356387004;0,7539297427424251;0,6082187695937923;8433,450416047763;20461,949859868808;581,11010970577;3,016347216775928
10,333333333333334;683,2806010326747;349,56156260780665;137,81993587854407;0,7539297427424251;0,6082187695937923;8388,249882464474;20502,478852177377;582,3156374043185;3,0096160366401037
10,416666666666666;684,4697469273736;352,5642580926959;139,0862997438602;0,7539297427424251;0,6082187695937923;8342,975960621701;20541,413704163188;583,5296832150068;3,0026954848892555
10,5;685,649529371431;355,55984575399174;140,35473364404706;0,7539297427424251;0,6082187695937923;8297,637220866944;20578,762136111916;584,752456422444;2,9955876612957955
10,583333333333334;686,8200946710131;358,548140473561;141,6252065076606;0,7539297427424251;0,6082187695937923;8252,24209043598;20614,5321051252;585,984159458411;2,988294719569247
10,666666666666666;687,9815857297483;361,52895934128037;142,8976876963158;0,7539297427424251;0,6082187695937923;8206,798854936302;20648,731807873904;587,2249877868713;2,9808188677193965
10,75;689,1341421534233;364,5021217095273;144,17214699370993;0,7539297427424251;0,6082187695937923;8161,315659711699;20681,369682923316;588,4751297975366;2,97316236824689
10,833333333333334;690,2779003506829;367,46744924769223;145,44855459492877;0,7539297427424251;0,6082187695937923;8115,800511097402;20712,45441263257;589,734766708046;2,965327538164973
10,916666666666666;691,4129936299151;370,42476599654856;146,72688109602694;0,7539297427424251;0,6082187695937923;8070,261277574767;20741,994924631377;591,0040724748063;2,9573167488563277
11,0;692,5395522924949;373,3738984223177;148,00709748387396;0,7539297427424251;0,6082187695937923;8024,705690834165;20770,000392877606;592,2832137125307;2,9491324257691924
11,083333333333334;693,6577037225472;376,3146754702749;149,28917512625807;0,7539297427424251;0,6082187695937923;7979,14134675443;20796,480238299988;593,5723496224954;2,9407770479571775
11,166666666666666;694,7675724733864;379,2469286177423;150,57308576224014;0,7539297427424251;0,6082187695937923;7933,575706306809;20821,44412903046;594,871631929529;2,932253147467413
11,25;695,8692803507773;382,17049192632425;151,85880149275022;0,7539297427424251;0,6082187695937923;7888,016096391102;20844,901980231778;596,1812048277269;2,9235633085819255
11,333333333333334;696,9629464931571;385,08520209324155;153,14629477141955;0,7539297427424251;0,6082187695937923;7842,469710611327;20866,86395352612;597,5012049348752;2,9147101669173185
11,416666666666666;698,0486874489512;387,9908985016296;154,43553839564134;0,7539297427424251;0,6082187695937923;7796,943609997889;20887,34045603116;598,8317612555553;2,905696408388038
11,5;699,1266172511076;390,8874232696684;155,72650549785357;0,7539297427424251;0,6082187695937923;7751,444723683041;20906,342139010914;600,1729951528793;2,896524768038778
11,583333333333334;700,1968474889691;393,77462129842;157,01916953703733;0,7539297427424251;0,6082187695937923;7705,979849535981;20923,8798961488;601,5250203288044;2,887198028751636
11,666666666666666;701,2594873775967;396,65234031825395;158,313504290425;0,7539297427424251;0,6082187695937923;7660,555654763726;20939,964861451193;602,8879428129467;2,8777190198339584
11,75;702,3146438246525;399,52043093374675;159,60948384541177;0,7539297427424251;0,6082187695937923;7615,178676483568;20954,608406790263;604,2618609598132;2,86809061549282
11,833333333333334;703,3624214949439;402,37874666694916;160,90708259166553;0,7539297427424251;0,6082187695937923;7569,855322272644;20967,822139095344;605,6468654543481;2,8583157332023847
11,916666666666666;704,4029228727254;405,22714399891953;162,20627521342877;0,7539297427424251;0,6082187695937923;7524,591870699868;20979,617897202592;607,0430393256815;2,8483973319703733
12,0;705,4362483218545;408,06548240942965;163,50703668200808;0,7539297427424251;0,6082187695937923;7479,394471845147;20990,00774837326;608,4504579689519;2,838338410510092
12,083333333333334;706,4624961438842;410,8936244147542;164,80934224844552;0,7539297427424251;0,6082187695937923;7434,269147810621;20999,003984491326;609,8691891750638;2,8281420053245165
12,166666666666666;707,4817626341827;413,71143560346314;166,11316743636732;0,7539297427424251;0,6082187695937923;7389,221793228251;21006,619117951435;611,2992931682255;2,8178111887089847
12,25;708,4941421361547;416,51878467014234;167,41848803500486;0,7539297427424251;0,6082187695937923;7344,258175767989;21012,865877249133;612,7408226511048;2,8073490666791803
12,333333333333334;709,4997270936447;419,3155434469734;168,72528009238363;0,7539297427424251;0,6082187695937923;7299,383936650308;21017,757202284905;614,1938228574215;2,7967587768310493
12,416666666666666;710,4986081015925;422,10158693311274;170,03351990867552;0,7539297427424251;0,6082187695937923;7254,604591166782;21021,30623939466;615,6583316117924;2,7860434861393566
12,5;711,4908739550117;424,8767933218143;171,3431840297104;0,7539297427424251;0,6082187695937923;7209,925529211993;21023,52633611902;617,1343793966291;2,775206388701563
12,583333333333334;712,4766116963575;427,64104402524805;172,65424924064254;0,7539297427424251;0,6082187695937923;7165,352015829934;21024,43103572449;618,6219894258768;2,764250703433729
12,666666666666666;713,4559066613458;430,3942236969731;173,96669255976832;0,7539297427424251;0,6082187695937923;7120,889191777736;21024,03407148963;620,1211777253784;2,753179671725047
12,75;714,4288425232843;433,1362202520307;175,28049123249087;0,7539297427424251;0,6082187695937923;7076,5420741093185;21022,349360769527;621,6319532196362;2,7419965550575975
12,833333333333334;715,3955013359754;435,86692488462853;176,59562272542846;0,7539297427424251;0,6082187695937923;7032,31555678134;21019,390998852046;623,1543178247323;2,7307046325978233
12,916666666666666;716,3559635752413;438,5862320833947;177,91206472066258;0,7539297427424251;0,6082187695937923;6988,214411283671;21015,173252619978;624,6882665471692;2,719307198766157
13,0;717,3103081791287;441,2940396441857;179,22979511012258;0,7539297427424251;0,6082187695937923;6944,243287296164;21009,71055403213;626,2337875883758;2,707807560791038
13,083333333333334;718,2586125868407;443,99024868043927;180,5487919901032;0,7539297427424251;0,6082187695937923;6900,406713373574;21003,0174934381;627,7908624546253;2,6962090362535664
13,166666666666666;719,200952776444;446,674763631068;181,86903365591215;0,7539297427424251;0,6082187695937923;6856,709097660037;20995,108812739993;629,3594660721039;2,6845149506287584
13,25;720,1374033013974;449,3474922658973;183,190498596644;0,7539297427424251;0,6082187695937923;6813,154728634398;20985,999398415388;630,9395669068604;2,6727286348292982
13,333333333333334;721,0680373259469;452,00834568865474;184,51316549007805;0,7539297427424251;0,6082187695937923;6769,747775887502;20975,70427441519;632,5311270893703;2,6608534227574685
13,416666666666666;721,9929266594281;454,6572383375255;185,83701319769662;0,7539297427424251;0,6082187695937923;6726,492290932303;20964,23859495045;634,134102543442;2,6488926488707656
13,5;722,9121417895152;457,29408798329206;187,16202075982136;0,7539297427424251;0,6082187695937923;6683,392208047566;20951,617637181876;635,7484431191834;2,636849645766547
13,583333333333334;723,8257519144576;459,91881572508277;188,48816739086448;0,7539297427424251;0,6082187695937923;6640,451345155579;20937,85679382527;637,3740927297581;2,62472774179073
13,666666666666666;724,7338249743394;462,5313459837583;189,81543247469244;0,7539297427424251;0,6082187695937923;6597,67340473437;20922,971565687;639,0109894916513;2,6125302586755126
13,75;725,6364276813969;465,131606492969;191,14379556009956;0,7539297427424251;0,6082187695937923;6555,061974764529;20906,977554142242;640,6590658681654;2,600260509210712
13,833333333333334;726,5336255494282;467,7195282879222;192,47323635638878;0,7539297427424251;0,6082187695937923;6512,620529710696;20889,890453569275;642,3182488158677;2,5879217949531608
13,916666666666666;727,4254829223283;470,2950456919005;193,80373472905742;0,7539297427424251;0,6082187695937923;6470,35243153765;20871,72604375266;643,9884599337167;2,575517403978335
14,0;728,3120630017797;472,8580963005786;195,13527069558555;0,7539297427424251;0,6082187695937923;6428,260930760696;20852,500182267788;645,6696156145881;2,563050608678129
14,083333333333334;729,1934278741282;475,4086209641871;196,46782442132445;0,7539297427424251;0,6082187695937923;6386,349167530028;20832,22879685918;647,3616271989308;2,550524663608491
14,166666666666666;730,0696385364723;477,9465637675774;197,80137621548332;0,7539297427424251;0,6082187695937923;6344,620172748529;20810,927877824357;649,0644011302824;2,5379428033902984
14,25;730,9407549219961;480,471872008244;199,13590652721186;0,7539297427424251;0,6082187695937923;6303,076869222373;20788,613470414784;650,7778391123808;2,525308240666641
14,333333333333334;731,806835924568;482,9844961723635;200,47139594177668;0,7539297427424251;0,6082187695937923;6261,722072843802;20765,30166726573;652,5018382676058;2,5126241641194915
14,416666666666666;732,6679394226336;485,4843899089118;201,8078251768296;0,7539297427424251;0,6082187695937923;6220,5584938051115;20741,00860086506;654,2362912965013;2,4998937365482936
14,5;733,5241223024258;487,97151000192474;203,14517507876587;0,7539297427424251;0,6082187695937923;6179,588737843045;20715,750436072303;655,9810866381208;2,4871200930129747
14,583333333333334;734,3754404805153;490,4458163409682;204,48342661917042;0,7539297427424251;0,6082187695937923;6138,815307512526;20689,54336269753;657,7361086309505;2,474306339043461
14,666666666666666;735,221948925724;492,90727188988575;205,82256089135015;0,7539297427424251;0,6082187695937923;6098,240603488678;20662,403588150006;659,5012376741779;2,461455548917591
14,75;736,063701680423;495,35584265389485;207,16255910695088;0,7539297427424251;0,6082187695937923;6057,866925895955;20634,347330165907;661,2763503890629;2,4485707640090872
14,833333333333334;736,9007518812366;497,7914976451018;208,5034025926568;0,7539297427424251;0,6082187695937923;6017,696475663204;20605,390809623736;663,0613197801922;2,4356549912069676
14,916666666666666;737,7331517791685;500,2142088465094;209,84507278697103;0,7539297427424251;0,6082187695937923;5977,73135590337;20575,55024345619;664,8560153963958;2,422711201407575
15,0;738,5609527591754;502,6239511745895;211,1875512370754;0,7539297427424251;0,6082187695937923;5937,973573316476;20544,841837665925;666,6603034911146;2,4097423280801125
15,083333333333334;739,3842053592003;505,02070244049594;212,53081959576826;0,7539297427424251;0,6082187695937923;5898,425039614648;20513,28178045344;668,4740471820144;2,3967512659064547
15,166666666666666;740,2029592886872;507,4044433099916;213,87485961847844;0,7539297427424251;0,6082187695937923;5859,08757296761;20480,88623546335;670,2971066096525;2,383740869495656
15,25;741,0172634465923;509,7751572621651;215,21965316035403;0,7539297427424251;0,6082187695937923;5819,96289946739;20447,671335156374;672,1293390950077;2,3707139521734795
15,333333333333334;741,8271659389073;512,1328305470121;216,56518217342443;0,7539297427424251;0,6082187695937923;5781,05265461068;20413,653174312738;673,9705992956954;2,3576732848469977
15,416666666666666;742,6327140957137;514,4774521419562;217,9114287038345;0,7539297427424251;0,6082187695937923;5742,358384797381;20378,84780367278;675,8207393606958;2,344621594944145
15,5;743,4339544877794;516,8090137073841;219,25837488914908;0,7539297427424251;0,6082187695937923;5703,881548843939;20343,2712237202;677,6796090834351;2,3315615654279447
15,583333333333334;744,230932942715;519,127509541269;220,60600295572695;0,7539297427424251;0,6082187695937923;5665,623519509882;20306,939378612697;679,5470560530638;2,318495833884906
15,666666666666666;745,0236945607014;521,432936532956;221,9542952161626;0,7539297427424251;0,6082187695937923;5627,5855850361495;20269,86815026428;681,4229258037872;2,305426991686974
15,75;745,8122837298051;523,7252941161822;223,30323406679477;0,7539297427424251;0,6082187695937923;5589,768950693636;20232,073352583226;683,3070619621142;2,292357583226196
15,833333333333334;746,5967441408912;526,0045842214034;224,65280198528052;0,7539297427424251;0,6082187695937923;5552,1747403405725;20193,570725869413;685,1993063918923;2,279290105221217
15,916666666666666;747,3771188021491;528,2708112274979;226,00298152823342;0,7539297427424251;0,6082187695937923;5514,8039979871955;20154,375931373932;687,0994993370132;2,2662270060944674
16,0;748,1534500532408;530,5239819129168;227,3537553289251;0,7539297427424251;0,6082187695937923;5477,65768936628;20114,50454602381;689,0074795616758;2,2531706854188807
16,083333333333332;748,9257795790855;532,7641054063496;228,70510609504876;0,7539297427424251;0,6082187695937923;5440,7367035081;20073,9720573141;690,923084488106;2,240123493432776
16,166666666666668;749,6941484232906;534,9911931369711;230,05701660654344;0,7539297427424251;0,6082187695937923;5404,041854318399;20032,793858369278;692,8461503316365;2,227087730621505
16,25;750,4585970012388;537,2052587843355;231,40946971347836;0,7539297427424251;0,6082187695937923;5367,573882157987;19990,985243175674;694,7765122330643;2,2140656473643223
16,333333333333332;751,2191651128453;539,4063182279804;232,76244833399602;0,7539297427424251;0,6082187695937923;5331,333455422583;19948,56140198582;696,7140043882034;2,201059443644854
16,416666666666668;751,9758919549911;541,5943894968038;234,11593545231307;0,7539297427424251;0,6082187695937923;5295,321172121623;19905,537416895953;698,658460174567;2,1880712688234807
16,5;752,7288161336446;543,7694927182737;235,469914116778;0,7539297427424251;0,6082187695937923;5259,537561454681;19861,92825759699;700,6097122751128;2,175103221469865
16,583333333333332;753,4779756756794;545,9316500675275;236,82436743798482;0,7539297427424251;0,6082187695937923;5223,983085384273;19817,748777299057;702,5675927989987;2,162157349253769
16,666666666666668;754,2234080403992;548,0808857164197;238,17927858694154;0,7539297427424251;0,6082187695937923;5188,658140203799;19773,0137088296;704,5319333993016;2,1492356488922963
16,75;754,9651501307771;550,2172257825714;239,53463079329265;0,7539297427424251;0,6082187695937923;5153,5630580994875;19727,73766090505;706,5025653876542;2,136340066151672
16,833333333333332;755,7032383044174;552,3406982784729;240,89040734359494;0,7539297427424251;0,6082187695937923;5118,698108705144;19681,935114574608;708,4793198457714;2,123472495901513
16,916666666666668;756,4377083842494;554,4513330606926;242,24659157964533;0,7539297427424251;0,6082187695937923;5084,063500648611;19635,620419835657;710,462027733837;2,1106347822196425
17,0;757,1685956689603;556,549161779238;243,60316689686027;0,7539297427424251;0,6082187695937923;5049,65938308892;19588,80779241984;712,4505199957246;2,0978287185454536
17,083333333333332;757,8959349431748;558,6342178271177;244,96011674270565;0,7539297427424251;0,6082187695937923;5015,485847243056;19541,511310747745;714,4446276610481;2,085056047879727
17,166666666666668;758,6197604873885;560,7065362901466;246,31742461517655;0,7539297427424251;0,6082187695937923;4981,542927901427;19493,744913050934;716,4441819440224;2,072318463028907
17,25;759,3401060876628;562,7661538970384;247,67507406132592;0,7539297427424251;0,6082187695937923;4947,830604931048;19445,522394659572;718,4490143391358;2,0596176068917877
17,333333333333332;760,0570050450884;564,813108969825;249,03304867584148;0,7539297427424251;0,6082187695937923;4914,348804765609;19396,857405453287;720,4589567136361;2,04695507278656
17,416666666666668;760,7704901850219;566,8474413746411;250,39133209967014;0,7539297427424251;0,6082187695937923;4881,097401881587;19347,763447473008;722,4738413968357;2,034332404816167
17,5;761,480593866106;568,8691924729111;251,74990801868896;0,7539297427424251;0,6082187695937923;4848,07622025952;19298,253872691574;724,4935012662472;2,021751098269979
17,583333333333332;762,1873479890739;570,8784050729708;253,1087601624224;0,7539297427424251;0,6082187695937923;4815,2850348298725;19248,341880940694;726,5177698305672;2,0092126000598025
17,666666666666668;762,8907840053497;572,875123382159;254,46787230280464;0,7539297427424251;0,6082187695937923;4782,723572902577;19198,04051799077;728,5464813095281;1,9967183091881637
17,75;763,5909329254464;574,859392959406;255,8272282529864;0,7539297427424251;0,6082187695937923;4750,391515579767;19147,36267378172;730,5794707106413;1,9842695772470198
17,833333333333332;764,2878253271688;576,831260668351;257,186811866186;0,7539297427424251;0,6082187695937923;4718,288499151009;19096,321080801135;732,6165739028621;1,9718677089449057
17,916666666666668;764,9814913636275;578,7907746310116;258,5466070345834;0,7539297427424251;0,6082187695937923;4686,414116470445;19044,928312606935;734,657627687209;1,9595139626606433
18,0;765,6719607710663;580,7379841820334;259,9065976882569;0,7539297427424251;0,6082187695937923;4654,767918315398;18993,1967824916;736,702469864367;1,9472095510218135
18,083333333333332;766,3592628765119;582,6729398235395;261,2667677941618;0,7539297427424251;0,6082187695937923;4623,3494147258225;18941,138742284016;738,7509392993218;1,9349556415060827
18,166666666666668;767,0434266052484;584,5956931806032;262,6271013551505;0,7539297427424251;0,6082187695937923;4592,15807632431;18888,76628128645;740,8028759830588;1,9227533570637152
18,25;767,7244804881208;586,5062969573627;263,9875824090331;0,7539297427424251;0,6082187695937923;4561,19333561613;18836,091325342695;742,8581210913749;1,910603776759496
18,333333333333332;768,4024526686754;588,404804893795;265,3481950276782;0,7539297427424251;0,6082187695937923;4530,454588268953;18783,12563603397;744,9165170408478;1,8985079364323785
18,416666666666668;769,0773709101379;590,2912717231663;266,7089233161532;0,7539297427424251;0,6082187695937923;4499,941194372011;18729,880809999733;746,977907542011;1,8864668293712956
18,5;769,7492626022346;592,1657531301718;268,0697514119036;0,7539297427424251;0,6082187695937923;4469,652479674289;18676,36827837869;749,0421376497859;1,8744814070054485
18,583333333333332;770,4181547678629;594,0283057097794;269,43066348397065;0,7539297427424251;0,6082187695937923;4439,58773680157;18622,599306367665;751,1090538112222;1,862552579607646
18,666666666666668;771,0840740696129;595,8789869267886;270,7916437322463;0,7539297427424251;0,6082187695937923;4409,746226452088;18568,584992893844;753,1785039106015;1,8506812170091433
18,75;771,7470468161434;597,7178550761132;272,1526763867663;0,7539297427424251;0,6082187695937923;4380,127178570609;18514,336270397605;755,2503373119573;1,8388681493246197
18,833333333333332;772,4070989684202;599,5449692437991;273,51374570703894;0,7539297427424251;0,6082187695937923;4350,7297935007555;18459,86390472137;757,3244048990715;1,82711416768583
18,916666666666668;773,0642561458147;601,3603892687818;274,87483598141074;0,7539297427424251;0,6082187695937923;4321,553243115528;18405,178495102165;759,4005591129992;1,8154200249827384
19,0;773,7185436320716;603,1649416975856;276,23593152646725;0,7539297427424251;0,6082187695937923;4292,596671925824;18350,290474262874;761,1554233096875;1,8045524288037933
19,083333333333332;774,369986381145;604,9598046983868;277,59701668646903;0,7539297427424251;0,6082187695937923;4263,84004836215;18295,148405772008;762,428927043874;1,7948630008012814
19,166666666666668;775,0186090229103;606,7449333994632;278,9580758328222;0,7539297427424251;0,6082187695937923;4235,254542068955;18239,670725235686;763,729862546604;1,7851287010763515
19,25;775,6644358687505;608,5202837350754;280,31909336358314;0,7539297427424251;0,6082187695937923;4206,841890586176;18183,873279585863;765,059033199613;1,7753503356122045
19,333333333333332;776,3074909170251;610,2858124212976;281,68005370299636;0,7539297427424251;0,6082187695937923;4178,603803341877;18127,771955926477;766,4172728753667;1,7655286862222264
19,416666666666668;776,9477978584201;612,0414769308943;283,0409413010658;0,7539297427424251;0,6082187695937923;4150,541962393188;18071,382680224964;767,8054473547636;1,755664509596762
19,5;777,5853800811856;613,7872354672221;284,4017406331584;0,7539297427424251;0,6082187695937923;4122,658023188145;18014,721416127526;769,2244558223869;1,7457585363278472
19,583333333333332;778,2202606762614;615,5230469371332;285,76243619963964;0,7539297427424251;0,6082187695937923;4094,9536153490867;17957,804163904428;770,675232444158;1,7358114699111205
19,666666666666668;778,8524624422954;617,2488709228573;287,12301252554096;0,7539297427424251;0,6082187695937923;4067,4303434782046;17900,646959531183;772,1587480325882;1,7258239857240625
19,75;779,4820078905557;618,9646676528371;288,4834541602578;0,7539297427424251;0,6082187695937923;4040,0897879859513;17843,26587391224;773,6760118051864;1,7157967299797192
19,833333333333332;780,1089192497407;620,670397971492;289,8437456772786;0,7539297427424251;0,6082187695937923;4012,933505942965;17785,677012252578;775,2280732419855;1,7057303186549393
19,916666666666668;780,7332184706884;622,3660233078842;291,2038716739437;0,7539297427424251;0,6082187695937923;3985,963031956217;17727,896513584623;776,8160240485676;1,6956253363922669
20,0;781,3549272309881;624,0515056432587;292,5638167712339;0,7539297427424251;0,6082187695937923;3959,179879070103;17669,940550455758;778,4410002314355;1,6854823353744255
20,083333333333332;781,9740669394974;625,7268074774291;293,9235656135885;0,7539297427424251;0,6082187695937923;3932,5855396932357;17611,825328784005;780,1041842930747;1,675301834170472
20,166666666666668;782,5906587407653;627,3918917939817;295,2831028687513;0,7539297427424251;0,6082187695937923;3906,181486551708;17553,5670878879;781,8068075545829;1,6650843165525553
20,25;783,2047235193654;629,0467220242639;296,64241322764593;0,7539297427424251;0,6082187695937923;3879,9691736695904;17495,18210069693;783,550152614332;1,6548302302821831
20,333333333333332;783,8162819041406;630,6912620101289;298,0014814042779;0,7539297427424251;0,6082187695937923;3853,950037377538;17436,68667415036;785,3355559517497;1,6445399858650245
20,416666666666668;784,4253542723608;632,3254759654019;299,36029213566496;0,7539297427424251;0,6082187695937923;3828,1254973502937;17378,097149790443;787,1644106859897;1,6342139552730761
20,5;785,0319607537976;633,949328436035;300,7188301817936;0,7539297427424251;0,6082187695937923;3802,4969576739722;17319,429904557346;789,0381694999933;1,623852470633138
20,583333333333332;785,636121234716;635,5627842589155;302,07708032560237;0,7539297427424251;0,6082187695937923;3777,0658079440664;17260,70135179283;790,9583477412449;1,6134558228804876
20,666666666666668;786,237855361786;637,1658085192921;303,4350273729913;0,7539297427424251;0,6082187695937923;3751,8334243950135;17201,927942459995;792,9265267113784;1,6030242603766824
20,75;786,8371825459162;638,7583665067825;304,7926561528567;0,7539297427424251;0,6082187695937923;3726,801171062348;17143,12616658631;794,9443571577366;1,5925579874904077
20,833333333333332;787,4341219660113;640,3404236699229;306,1499515171509;0,7539297427424251;0,6082187695937923;3701,9704009783427;17084,312554937147;797,0135629809903;1,5820571631403153
20,916666666666668;788,0286925726546;641,9119455692218;307,5068983409672;0,7539297427424251;0,6082187695937923;3677,34245740221;17025,50368092755;799,1359451740285;1,5715218992988693
21,0;788,6209130917173;643,472897828678;308,8634815226487;0,7539297427424251;0,6082187695937923;3652,9186750858203;16966,716162779816;801,3133860085244;1,5609522594562493
21,083333333333332;789,2108020278981;645,0232460857214;310,219685983921;0,7539297427424251;0,6082187695937923;3628,7003815759817;16907,966665933865;803,5478534868764;1,5503482570433795
21,166666666666668;789,7983776681923;646,5629559395348;311,57549667004815;0,7539297427424251;0,6082187695937923;3604,6888985544174;16849,271905719248;805,8414060786356;1,5397098538133944
21,25;790,383658085293;648,0919928977156;312,93089855001193;0,7539297427424251;0,6082187695937923;3580,8855432164364;16790,64865029562;808,196197762059;1,5290369581807823
21,333333333333332;790,9666611409274;649,6103223212333;314,28587661671327;0,7539297427424251;0,6082187695937923;3557,2916296894336;16732,113723869392;810,6144833930998;1,5183294235176727
21,416666666666668;791,5474044891267;651,1179093676403;315,64041588719596;0,7539297427424251;0,6082187695937923;3533,908470492352;16673,684010195375;813,0986244259536;1,5075870464069712
21,5;792,1259055794344;652,6147189324923;316,9945014028919;0,7539297427424251;0,6082187695937923;3510,7373780371604;16615,37645636996;815,6510950112581;1,496809564852065
21,583333333333332;792,7021816600524;654,1007155889356;318,3481182298877;0,7539297427424251;0,6082187695937923;3487,7796661735515;16557,208076924562;818,2744885001937;1,4859966564432463
21,666666666666668;793,2762497809262;655,5758635254167;319,70125145921196;0,7539297427424251;0,6082187695937923;3465,036651777919;16499,195958226468;820,9715243850796;1,4751479364811362
21,75;793,8481267967716;657,0401264814745;321,0538862071429;0,7539297427424251;0,6082187695937923;3442,509656387736;16441,357263195056;823,7450557096143;1,4642629560578049
21,833333333333332;794,4178293700451;658,4934676815711;322,40600761553617;0,7539297427424251;0,6082187695937923;3420,200007882426;16383,709236340414;826,5980769847034;1,453341200096584
21,916666666666668;794,9853739738556;659,9358497669233;323,7576008521719;0,7539297427424251;0,6082187695937923;3398,1090422118486;16326,269209132543;829,5337326488614;1,4423820853521223
22,0;795,5507768948233;661,3672347252958;325,1086511111209;0,7539297427424251;0,6082187695937923;3376,2381051733087;16269,054605706806;832,5553261155067;1,4313849583725469
22,083333333333332;796,1140542358838;662,7875838187222;326,4591436131297;0,7539297427424251;0,6082187695937923;3354,5885542381884;16212,08294891386;835,6663294530995;1,4203490934264043
22,166666666666668;796,6752219190403;664,1968575091197;327,8090636060237;0,7539297427424251;0,6082187695937923;3333,1617604290414;16155,371866719332;838,8703937480539;1,409273690397512
22,25;797,2342956880632;665,5950153817714;329,1583963651281;0,7539297427424251;0,6082187695937923;3311,9591102480144;16098,939098959672;842,1713602047045;1,398157872651743
22,333333333333332;797,7912911111413;666,9820160666519;330,5071271937064;0,7539297427424251;0,6082187695937923;3290,982007657294;16042,802504459045;845,5732720413648;1,3870006848805436
22,416666666666668;798,3462235834829;668,357817157579;331,85524142341575;0,7539297427424251;0,6082187695937923;3270,231876112234;15986,98006851272;849,0803872467382;1,3758010909270664
22,5;798,8991083298687;669,7223751291808;333,2027244147787;0,7539297427424251;0,6082187695937923;3249,710160647598;15931,48991073947;852,6971922666404;1,3645579716017635
22,583333333333332;799,4499604071581;671,0756452516765;334,5495615576714;0,7539297427424251;0,6082187695937923;3229,4183300171967;15876,350293307272;856,4284166972665;1,3532701224957264
22,666666666666668;799,99879470675;672,4175815034778;335,8957382718274;0,7539297427424251;0,6082187695937923;3209,357878887039;15821,579629532724;860,279049068093;1,3419362518013087
22,75;800,5456259569982;673,7481364816291;337,24124000735657;0,7539297427424251;0,6082187695937923;3189,530330081806;15767,196492855615;864,2543538050443;1,3305549781513126
22,833333333333332;801,0904687255824;675,0672613101189;338,5860522452792;0,7539297427424251;0,6082187695937923;3169,937236884226;15713,219626186949;868,3598894728161;1,3191248284897346
22,916666666666668;801,6333374218373;676,3749055461079;339,93016049807403;0,7539297427424251;0,6082187695937923;3150,580185386588;15659,667951627378;872,6015284043339;1,3076442359891043
23,0;802,1742462990397;677,6710170841397;341,27355031024103;0,7539297427424251;0,6082187695937923;3131,4607968932337;15606,560580551908;876,9854778353014;1,2961115380317854
23,083333333333332;802,7132094566529;678,9555420584148;342,61620725887707;0,7539297427424251;0,6082187695937923;3112,5807303724996;15553,91682405294;881,5183026727577;1,2845249742750624
23,166666666666668;803,2502408425325;680,2284247432375;343,9581169542652;0,7539297427424251;0,6082187695937923;3093,9416849559507;15501,756203731578;886,2069500386192;1,2728826848226782
23,25;803,7853542550922;681,4896074517662;345,2992650404767;0,7539297427424251;0,6082187695937923;3075,545402482376;15450,098462825174;891,0587757424537;1,2611827085287377
23,333333333333332;804,3185633454309;682,7390304332295;346,6396371959851;0,7539297427424251;0,6082187695937923;3057,3936700831496;15398,963577653423;896,0815728523262;1,2494229814632336
23,416666666666668;804,8498816194227;683,976631768802;347,9792191342925;0,7539297427424251;0,6082187695937923;3039,488322805036;15348,37176936401;901,2836025486304;1,237601335572523
23,5;805,3793224397692;685,2023472663742;349,31799660456755;0,7539297427424251;0,6082187695937923;3021,8312462655176;15298,343515951401;906,6736274635217;1,2257154975721702
23,583333333333332;805,906899028016;686,4161103544888;350,6559553922937;0,7539297427424251;0,6082187695937923;3004,4243793348755;15248,899564520718;912,260947728066;1,2137630881145414
23,666666666666668;806,432624466534;687,6178519757673;351,9930813199293;0,7539297427424251;0,6082187695937923;2987,269716838182;15200,060943759589;918,0554399707121;1,2017416212785264
23,75;806,9565117004661;688,807500480202;353,32936024757674;0,7539297427424251;0,6082187695937923;2970,3693122691675;15151,848976577294;924,067599534389;1,1896485044346663
23,833333333333332;807,478573539639;689,9849815187471;354,66477807366255;0,7539297427424251;0,6082187695937923;2953,725280506603;15104,285292861714;930,3085862056512;1,177481038545101
23,916666666666668;807,9988226604439;691,1502179377117;355,99932073562604;0,7539297427424251;0,6082187695937923;2937,339800522298;15057,391842297515;936,7902737781205;1,1652364189646318
24,0;808,517271607682;692,3031296745282;357,3329742106176;0,7539297427424251;0,6082187695937923;2921,2151180683068;15011,1909071793;943,5253038042613;1,1529117368165296
24,083333333333332;809,0339327963804;693,4436336555531;358,665724516205;0,7539297427424251;0,6082187695937923;2905,353548328844;14965,705115145114;950,5271439246155;1,140503981024809
24,166666666666668;809,5488185135763;694,5716436966462;359,9975577110886;0,7539297427424251;0,6082187695937923;2889,7574785206843;14920,957451742814;957,810151202342;1,1280100410931575
24,25;810,0619409200687;695,6870704073763;361,3284598958236;0,7539297427424251;0,6082187695937923;2874,429370423252;14876,971272731456;965,3896409336569;1,1154267107300166
24,333333333333332;810,5733120521434;696,7898210998053;362,65841721355025;0,7539297427424251;0,6082187695937923;2859,3717628173094;14833,770316005375;973,2819614519576;1,1027506924289847
24,416666666666668;811,0829438232665;697,8797997029294;363,98741585073066;0,7539297427424251;0,6082187695937923;2844,5872738084518;14791,378713015236;981,5045754955111;1,0899786031241403
24,5;811,5908480257496;698,9569066839799;365,3154420378923;0,7539297427424251;0,6082187695937923;2830,078603008428;14749,820999542842;990,0761487661205;1,0771069810505176
24,583333333333332;812,097036332387;700,0210389779312;366,64248205037757;0,7539297427424251;0,6082187695937923;2815,8485335442406;14709,122125670166;999,0166463696935;1,0641322939512534
24,666666666666668;812,601520298066;701,0720899267155;367,9685222090993;0,7539297427424251;0,6082187695937923;2801,8999338613953;14669,307464763995;1008,3474378997573;1,051050948784331
24,75;813,1043113613489;702,1099492298089;369,2935488813015;0,7539297427424251;0,6082187695937923;2788,235759283762;14630,402821276835;1018,0914120023897;1,0378593030933336
24,833333333333332;813,6054208460289;703,1345029080269;370,6175484813247;0,7539297427424251;0,6082187695937923;2774,8590532885005;14592,434437142154;1028,2731013464868;1,0245536782180145
24,916666666666668;814,1048599626615;704,1456332825585;371,94050747137663;0,7539297427424251;0,6082187695937923;2761,77294845005;14555,428996520017;1038,9188190175948;1,0111303745315519
25,0;814,6026398100687;705,14321897146;373,2624123623061;0,7539297427424251;0,6082187695937923;2748,9806670025755;14519,413628622346;1050,0568074576172;0,9975856889014996
25,083333333333332;815,0987713768183;706,1271349060405;374,5832497143815;0,7539297427424251;0,6082187695937923;2736,485520965218;14484,415908321424;1061,7174011874815;0,9839159345805764
25,166666666666668;815,5932655426803;707,0972523697814;375,90300613807193;0,7539297427424251;0,6082187695937923;2724,290911769444;14450,46385421777;1073,9332046764796;0,9701174637408073
25,25;816,0861330800585;708,0534390626509;377,2216682948318;0,7539297427424251;0,6082187695937923;2712,4003293224746;14417,585923813638;1086,739286861529;0,9561866928695755
25,333333333333332;816,5773846553977;708,9955591938992;378,5392228978878;0,7539297427424251;0,6082187695937923;2700,8173504351903;14385,81100541042;1100,1733939733967;0,9421201312482878
25,416666666666668;817,0670308305696;709,9234736066317;379,855656713028;0,7539297427424251;0,6082187695937923;2689,545636537463;14355,168406316507;1114,2761824963427;0,9279144127324219
25,5;817,5550820642352;710,8370399376769;381,170956559393;0,7539297427424251;0,6082187695937923;2678,5889305984483;14325,687836924684;1129,0914742740779;0,9135663310452741
25,583333333333332;818,0415487131849;711,7361128164619;382,48510931026823;0,7539297427424251;0,6082187695937923;2667,951053163958;14297,39939018668;1144,6665359801732;0,8990728787849936
25,666666666666668;818,5264410336572;712,6205441067868;383,79810189387734;0,7539297427424251;0,6082187695937923;2657,635897418075;14270,333515987195;1161,0523853966856;0,8844312903249438
25,75;819,0097691826367;713,4901831955461;385,1099212941765;0,7539297427424251;0,6082187695937923;2647,647423171759;14244,520989894485;1178,3041271927711;0,8696390887592752
25,833333333333332;819,49154321913;714,3448773325536;386,42055455164876;0,7539297427424251;0,6082187695937923;2637,989649677263;14219,992875741882;1196,4813211674968;0,8546941370074381
25,916666666666668;819,9717731054225;715,1844720256956;387,7299887640983;0,7539297427424251;0,6082187695937923;2628,666647164411;14196,780481480711;1215,6483862200812;0,839594693142065
26,0;820,4504687083137;716,0088114956378;389,0382110874446;0,7539297427424251;0,6082187695937923;2619,6825269931705;14174,91530773281;1235,8750436388457;0,8243394699421583
26,083333333333332;820,9276398003342;716,8177391942346;390,34520873651525;0,7539297427424251;0,6082187695937923;2611,0414303168964;14154,428988471134;1257,2368036598348;0,8089276985968405
26,166666666666668;821,4032960609427;717,6110983906269;391,6509689858381;0,7539297427424251;0,6082187695937923;2602,7475151524895;14135,353223263975;1279,815499640204;0,7933591963922746
26,25;821,877447077704;718,3887328287318;392,95547917043166;0,7539297427424251;0,6082187695937923;2594,804941757894;14117,719700539023;1303,6998746231034;0,7776344381048712
26,333333333333332;822,3501023474481;719,1504874594285;394,2587266865936;0,7539297427424251;0,6082187695937923;2587,2178562243053;14101,560011358657;1328,9862255432831;0,7617546306966587
26,416666666666668;822,8212712774124;719,8962092501918;395,56069899268715;0,7539297427424251;0,6082187695937923;2579,99037220049;14086,90555324892;1355,77911083985;0,7457217907632404
26,5;823,2909631863645;720,6257480742136;396,8613836099248;0,7539297427424251;0,6082187695937923;2573,1265506805157;14073,787423696302;1384,1921278082448;0,7295388240217934
26,583333333333332;823,7591873057085;721,3389576801603;398,1607681231493;0,7539297427424251;0,6082187695937923;2566,6303778037727;14062,236303016976;1414,3487666425945;0,7132096059467272
26,666666666666668;824,2259527805732;722,0356967426271;399,458840181611;0,7539297427424251;0,6082187695937923;2560,505740638703;14052,282326420951;1446,383348796698;0,6967390624668185
26,75;824,6912686708839;722,7158299920599;400,7555874997421;0,7539297427424251;0,6082187695937923;2554,7564009486505;14043,95494523425;1480,4420580331448;0,6801332494327686
26,833333333333332;825,1551439524181;723,3792294214134;402,05099785792675;0,7539297427424251;0,6082187695937923;2549,385966970601;14037,282777410743;1516,6840733415982;0,6633994293535358
26,916666666666668;825,617587517844;724,0257755651033;403,3450591032668;0,7539297427424251;0,6082187695937923;2544,3978632751196;14032,293447663405;1555,2828137965948;0,6465461436899432
27,0;826,0786081777427;724,6553588438964;404,63775915034324;0,7539297427424251;0,6082187695937923;2539,795298818515;14029,013417767466;1596,4273064007186;0,6295832787930179
27,083333333333332;826,5382146616171;725,267880967289;405,9290859819726;0,7539297427424251;0,6082187695937923;2535,5812333461586;14027,467807841515;1640,3236890302646;0,6125221233925816
27,166666666666668;826,9964156188817;725,8632563826789;407,2190276499582;0,7539297427424251;0,6082187695937923;2531,7583423582023;14027,680209687054;1687,1968617789087;0,5953754153899041
27,25;827,4532196198409;726,4414137582789;408,50757227583586;0,7539297427424251;0,6082187695937923;2528,3289809050702;14029,672493564443;1737,2923012927447;0,5781573756000796
27,333333333333332;827,9086351566499;727,0022974843174;409,794708051614;0,7539297427424251;0,6082187695937923;2525,295146539048;14033,464610094428;1790,8780541229944;0,5608837260384916
27,416666666666668;828,3626706442624;727,5458691746832;411,0804232405075;0,7539297427424251;0,6082187695937923;2522,658441808312;14039,07438929296;1848,246926706674;0,5435716903657535
27,5;828,8153344213631;728,0721091488931;412,364706177665;0,7539297427424251;0,6082187695937923;2520,4200367394806;14046,517339064148;1909,718891341303;0,5262399742099013
27,583333333333332;829,2666347512875;728,5810178721788;413,64754527088996;0,7539297427424251;0,6082187695937923;2518,58063181175;14055,806445781285;1975,6437294685168;0,5089087232856491
27,666666666666668;829,7165798229258;729,0726173297156;414,92892900135433;0,7539297427424251;0,6082187695937923;2517,1404219777173;14066,951979863448;2046,403935749649;0,4915994575368844
27,75;830,1651777516154;729,5469523096614;416,20884592430536;0,7539297427424251;0,6082187695937923;2516,099062330255;14079,96130949431;2122,417908832156;0,4743349799457008
27,833333333333332;830,6124365800187;730,0040915688404;417,48728466976456;0,7539297427424251;0,6082187695937923;2515,45563604885;14094,838725816779;2204,14345740183;0,45713925917897763
27,916666666666668;831,0583642789885;730,4441288547157;418,76423394321915;0,7539297427424251;0,6082187695937923;2515,208625279456;14111,585283052273;2292,081653127987;0,4400372858753202
28,0;831,5029687484201;730,8671837578132;420,0396825263054;0,7539297427424251;0,6082187695937923;2515,3558856068203;14130,19865702862;2386,7810654784244;0,42305490309751975
28,083333333333332;831,9462578180911;731,273402370081;421,3136192774835;0,7539297427424251;0,6082187695937923;2515,894624765173;14150,67302554047;2488,8424171507677;0,4062186122678659
28,166666666666668;832,3882392484895;731,662957726818;422,58603313270424;0,7539297427424251;0,6082187695937923;2516,8213862002517;14172,998973803502;2598,923703087121;0,38955535673700764
28,25;832,8289207316272;732,0360500127949;423,8569131060667;0,7539297427424251;0,6082187695937923;2518,1320380417874;14197,163427989808;2717,74582076307;0,3730922859768396
28,333333333333332;833,2683098918452;732,3929065169896;425,12624829046683;0,7539297427424251;0,6082187695937923;2519,8217679708077;14223,149619449041;2846,098764727104;0,35685650419461196
28,416666666666668;833,7064142866034;732,7337813248857;426,394027858237;0,7539297427424251;0,6082187695937923;2521,885084371391;14250,937081731088;2984,8484442779913;0,34087480789622726
28,5;834,1432414072614;733,0589547424249;427,6602410617759;0,7539297427424251;0,6082187695937923;2524,315824042941;14280,501681938402;3134,9441897734905;0,32517341753913365
28,583333333333332;834,5787986798474;733,3687324512949;428,92487723416883;0,7539297427424251;0,6082187695937923;2527,107166620911;14311,815687270051;3297,4270204400086;0,30977770886997014
28,666666666666668;835,0130934658149;733,6634444011007;430,18792578979804;0,7539297427424251;0,6082187695937923;2530,251655713812;14344,847866890017;3473,43875478225;0,29471194980580273
28,75;835,4461330627898;733,9434434498671;431,44937622494297;0,7539297427424251;0,6082187695937923;2533,7412266178544;14379,563628486687;3664,2320538678696;0,27999904876638027
28,833333333333332;835,8779247053058;734,2091037700536;432,70921811837;0,7539297427424251;0,6082187695937923;2537,5672403230683;14415,925188119258;3871,1814979811115;0,2656603201864969
28,916666666666668;836,3084755655296;734,4608190425861;433,9674411319121;0,7539297427424251;0,6082187695937923;2541,720523381304;14453,891771193244;4095,795808518845;0,25171527253245785
29,0;836,7377927539765;734,6990004661159;435,22403501103713;0,7539297427424251;0,6082187695937923;2546,191413073589;14493,419841707218;4339,731339665821;0,2381814235297857
29,083333333333332;837,1658833202138;734,924074612624;436,4789895854059;0,7539297427424251;0,6082187695937923;2550,969807196515;14534,463356291633;4604,806978473331;0,2250741465082028
29,166666666666668;837,5927542535558;735,1364811634471;437,7322947694185;0,7539297427424251;0,6082187695937923;2556,045217689743;14576,974039040026;4893,020607639618;0,21240655082305748
29,25;838,018412483749;735,3512550234801;438,98394056275015;0,7539297427424251;0,6082187695937923;2561,4068272527165;14620,901672738568;4853,009464051274;0,21477386003300994
29,333333333333332;838,4428648816468;735,5765082337767;440,23391705087477;0,7539297427424251;0,6082187695937923;2566,6789365067216;14664,403750797632;4640,37016420325;0,22525321029665182
29,416666666666668;838,8661182598744;735,8126336235807;441,4822144055776;0,7539297427424251;0,6082187695937923;2571,6589161967504;14706,483556610912;4438,798304235575;0,23612538980396672
29,5;839,2881793734858;736,0600255302406;442,72882288545594;0,7539297427424251;0,6082187695937923;2576,3371159073413;14747,09069817546;4247,7543324067665;0,24739190665993863
29,583333333333332;839,70905492061;736,319078389055;443,97373283640775;0,7539297427424251;0,6082187695937923;2580,70384608113;14786,174329864834;4066,7213615822498;0,25905285881433254
29,666666666666668;840,1287515430893;736,5901852235618;445,2169346921087;0,7539297427424251;0,6082187695937923;2584,7494132888755;14823,68330901972;3895,2044332845344;0,2711068345067575
29,75;840,5472758271075;736,873736043474;446,4584189744765;0,7539297427424251;0,6082187695937923;2588,4641579881873;14859,566364918228;3732,7297955873496;0,2835508199122088
29,833333333333332;840,964634303811;737,1701161593928;447,6981762941236;0,7539297427424251;0,6082187695937923;2591,8384945908374;14893,772279433964;3578,8441952629046;0,29638011591889035
29,916666666666668;841,3808334499196;737,4797044253685;448,9361973507967;0,7539297427424251;0,6082187695937923;2594,8629536104536;14926,25007846774;3433,114184507283;0,30958826597565126
30,0;841,7958796883296;737,802871422272;450,1724729338046;0,7539297427424251;0,6082187695937923;2597,5282256137775;14956,949233018491;3295,1254424867734;0,32316699690354855
30,083333333333332;842,2097793887093;738,1399775967426;451,4069939224327;0,7539297427424251;0,6082187695937923;2599,8252066514397;14985,819868536504;3164,482111871008;0,3371061744705849
30,166666666666668;842,6225388680846;738,4913713721211;452,63975128634513;0,7539297427424251;0,6082187695937923;2601,7450447991678;15012,812980992634;3040,806150446445;0,3513937753785078
30,25;843,0341643914177;738,8573872492261;453,87073608597393;0,7539297427424251;0,6082187695937923;2603,2791873990873;15037,880657897707;2923,736697838344;0,3660158771049857
30,333333333333332;843,4446621721784;739,2383439160119;455,09993947289547;0,7539297427424251;0,6082187695937923;2604,4194285547887;15060,976302331586;2812,929457308484;0,38095666678576956
30,416666666666668;843,8540383729056;739,6345423860251;456,32735269019366;0,7539297427424251;0,6082187695937923;2605,1579564041617;15082,054857890887;2708,0560925437167;0,396198470013287
30,5;844,2622991057638;740,0462641861026;457,5529670728101;0,7539297427424251;0,6082187695937923;2605,4873996720116;15101,073032346349;2608,803639303613;0,41172180007745873
30,583333333333332;844,6694504330893;740,4737696138924;458,77677404788113;0,7539297427424251;0,6082187695937923;2605,4008729915295;15117,989517722473;2514,8739317580594;0,42750542778978445
30,666666666666668;845,0754983679313;740,9172960855163;459,99876513506183;0,7539297427424251;0,6082187695937923;2604,8920204799233;15132,765204472842;2425,983043314528;0,44352647162396164
30,75;845,4804488745847;741,377056593004;461,21893194683634;0,7539297427424251;0,6082187695937923;2603,955057060375;15145,363387431527;2341,8607417121607;0,459760507487669
30,833333333333332;845,884307869115;741,8532382900281;462,4372661888152;0,7539297427424251;0,6082187695937923;2602,584807039517;15155,749961272924;2262,2499581445745;0,4761816970241577
30,916666666666668;846,2870812198776;742,3460012229709;463,65375966001903;0,7539297427424251;0,6082187695937923;2600,7767394771718;15163,893603312683;2186,906270165735;0,4927629329428393
31,0;846,688774748029;742,8554772224799;464,8684042531491;0,7539297427424251;0,6082187695937923;2598,5269999226657;15169,765941625703;2115,597398131945;0,5094759995088964
31,083333333333332;847,0893942280323;743,3817689684756;466,08119195484403;0,7539297427424251;0,6082187695937923;2595,8324381387283;15173,341706644147;2048,1027149384136;0,5262917459957874
31,166666666666668;847,4889453881545;743,9249492391084;467,29211484592344;0,7539297427424251;0,6082187695937923;2592,690631488918;15174,598864623471;1984,212768819244;0,5431802706327675
31,25;847,8874339109581;744,4850603514797;468,50116510161774;0,7539297427424251;0,6082187695937923;2589,0999037261536;15173,518731619832;1923,7288189945166;0,5601111123712619
31,333333333333332;848,2848654337864;745,0621137991354;469,7083349917845;0,7539297427424251;0,6082187695937923;2585,05933898696;15170,08606690719;1866,4623839666156;0,5770534476557766
31,416666666666668;848,6812455492415;745,6560900884562;470,9136168811114;0,7539297427424251;0,6082187695937923;2580,568790866275;15164,289145061904;1812,2348022880892;0,5939762893207585
31,5;849,0765798056572;746,2669387732011;472,11700322930534;0,7539297427424251;0,6082187695937923;2575,6288865196325;15156,119806254193;1760,8768056451765;0,6108486847450075
31,583333333333332;849,470873707564;746,894578683679;473,3184865912683;0,7539297427424251;0,6082187695937923;2570,2410258114014;15145,573484600589;1712,2281041226433;0,627639910477854
31,666666666666668;849,8641327161503;747,5388983443801;474,5180596172594;0,7539297427424251;0,6082187695937923;2564,407375597125;15132,649214737776;1666,1369835362834;0,6443196607010396
31,75;850,2563622497145;748,19975657148;475,71571505304354;0,7539297427424251;0,6082187695937923;2558,130859294255;15117,349617074982;1622,4599147382296;0,6608582270999334
31,833333333333332;850,647567684115;748,8769832394577;476,91144574002664;0,7539297427424251;0,6082187695937923;2551,415141955863;15099,680862455058;1581,0611748161898;0,6772266679777235
31,916666666666668;851,0377543532103;749,5703802042036;478,10524461537705;0,7539297427424251;0,6082187695937923;2544,264611116432;15079,652617205425;1541,8124801207007;0,6933969647459199
32,0;851,4269275492967;750,2797223684557;479,2971047121337;0,7539297427424251;0,6082187695937923;2536,684353725167;15057,277969777038;1504,5926310634309;0,7093421642521754
32,083333333333336;851,8150925235385;751,0047588742062;480,48701915930087;0,7539297427424251;0,6082187695937923;2528,680129521024;15032,573340356317;1469,287168634542;0,7250365057504563
32,166666666666664;852,2022544863936;751,7452144058734;481,6749811819293;0,7539297427424251;0,6082187695937923;2520,258341233307;15005,558374982356;1435,7880425880453;0,7404555316671663
32,25;852,5884186080319;752,500790587533;482,8609841011841;0,7539297427424251;0,6082187695937923;2511,4260020130046;14976,25582581503;1403,9932912409322;0,755576181659559
32,333333333333336;852,9735900187512;753,271167457323;484,04502133439934;0,7539297427424251;0,6082187695937923;2502,1907005124745;14944,691419273762;1373,806732824642;0,7703768697900554
32,416666666666664;853,357773809385;754,0560050022669;485,22708639511933;0,7539297427424251;0,6082187695937923;2492,560564035705;14910,893713807929;1345,1376683170045;0,7848375449438737
32,5;853,7409750317069;754,8549447371583;486,4071728931266;0,7539297427424251;0,6082187695937923;2482,544220177951;14874,893949065667;1317,900595669019;0,7989397348914218
32,583333333333336;854,1231986988286;755,6676113117949;487,5852745344568;0,7539297427424251;0,6082187695937923;2472,1507573637127;14836,725888203751;1292,0149353245895;0,8126665746364932
32,666666666666664;854,5044497855938;756,4936141316886;488,7613851214006;0,7539297427424251;0,6082187695937923;2461,389684675842;14796,425655032246;1267,404766913095;0,8260028198936966
32,75;854,8847332289665;757,3325489783907;489,9354985524924;0,7539297427424251;0,6082187695937923;2450,2708913476313;14754,031567611823;1243,9985769749978;0,8389348467021512
32,833333333333336;855,2640539284149;758,1839996166985;491,10760882248604;0,7539297427424251;0,6082187695937923;2438,8046062643953;14709,583969831085;1221,7290175601165;0,8514506383078577
32,916666666666664;855,6424167462898;759,0475393772338;492,27771002231793;0,7539297427424251;0,6082187695937923;2427,0013577929094;14663,125062381487;1200,53267551746;0,8635397605351678
33,0;856,0198265081988;759,922732704155;493,4457963390571;0,7539297427424251;0,6082187695937923;2414,8719342264003;14614,698734429856;1180,3498522749032;0,8751933269213018
33,083333333333336;856,3962880033753;760,8091366590646;494,6118620558427;0,7539297427424251;0,6082187695937923;2402,427345101094;14564,350397161288;1161,1243538872104;0,8864039549096218
33,166666666666664;856,7718059850436;761,706302373456;495,77590155180883;0,7539297427424251;0,6082187695937923;2389,6787836077665;14512,126820235868;1142,8032911121277;0,8971657143913372
33,25;857,1463851707786;762,613776443311;496,93790930199685;0,7539297427424251;0,6082187695937923;2376,63759028969;14458,075972070068;1125,3368892571214;0,907474069855133
33,333333333333336;857,5200302428615;763,5311022606653;498,09787987725525;0,7539297427424251;0,6082187695937923;2363,3152181866876;14402,2468647252;1108,6783075237572;0,9173258173542923
33,416666666666664;857,8927458486311;764,4578212781003;499,25580794412735;0,7539297427424251;0,6082187695937923;2349,7231995549046;14344,689404059387;1092,783467563191;0,9267190174349769
33,5;858,2645366008308;765,3934742031915;500,41168826472654;0,7539297427424251;0,6082187695937923;2335,8731142632705;14285,454245678873;1077,6108909447742;0,9356529250913339
33,583333333333336;858,6354070779505;766,3376021209183;501,5655156965996;0,7539297427424251;0,6082187695937923;2321,7765599409804;14224,592657112942;1063,1215452304145;0,9441279177267475
33,666666666666664;859,0053618245652;767,289747542927;502,7172851925781;0,7539297427424251;0,6082187695937923;2307,445123925805;14162,156386530956;1049,2786983401838;0,9521454220087412
33,75;859,37440535167;768,2494553833378;503,86699180061765;0,7539297427424251;0,6082187695937923;2292,8903570409548;14098,197538225235;1036,0477808896521;0,9597078404108834
33,833333333333336;859,7425421370084;769,2162738614786;505,01463066362555;0,7539297427424251;0,6082187695937923;2278,123749208305;14032,768454996467;1023,3962561764359;0,9668184781407461
33,916666666666664;860,1097766253997;770,1897553325392;506,16019701927695;0,7539297427424251;0,6082187695937923;2263,1567068882446;13965,92160750187;1011,2934974924981;0,9734814710605726
34,0;860,4761132290608;771,1694570476576;507,30368619981925;0,7539297427424251;0,6082187695937923;2248,0005323215123;13897,709490557432;999,7106724395411;0,9797017151184314
34,083333333333336;860,8415563279236;772,1549418453811;508,4450936318653;0,7539297427424251;0,6082187695937923;2232,666404535081;13828,184526328483;988,6206339273668;0,9854847977235431
34,166666666666664;861,2061102699495;773,145778776802;509,5844148361752;0,7539297427424251;0,6082187695937923;2217,1653620635625;13757,39897429116;977,9978175391337;0,9908369314208576
34,25;861,5697793714406;774,1415436669497;510,72164542742723;0,7539297427424251;0,6082187695937923;2201,5082873286874;13685,404847806285;967,8181449528354;0,99576489014772
34,333333333333336;861,9325679173452;775,1418196152395;511,8567811139776;0,7539297427424251;0,6082187695937923;2185,705892612273;13612,253837112716;958,0589331148974;1,0002759482897223
34,416666666666664;862,2944801615608;776,1461974379331;512,9898176976093;0,7539297427424251;0,6082187695937923;2169,7687075526433;13537,997238518376;948,6988088693981;1,0043778226936912
34,5;862,6555203272347;777,1542760556766;514,1207510732705;0,7539297427424251;0,6082187695937923;2153,7070680906936;13462,685889547816;939,7176287548668;1,0080786177434857
34,583333333333336;863,0156926070582;778,1656628292349;515,2495772288023;0,7539297427424251;0,6082187695937923;2137,5311067889525;13386,370109787265;931,0964036897351;1,011386773558202
34,666666666666664;863,3750011635591;779,1799738465676;516,376292244656;0,7539297427424251;0,6082187695937923;2121,2507444455837;13309,099647159035;922,8172282772323;1,0143110173326766
34,75;863,7334501293911;780,1968341643737;517,5008922936;0,7539297427424251;0,6082187695937923;2104,8756829247877;13230,923629349132;914,8632144705808;1,016860317806145
34,833333333333336;864,0910436076181;781,2158780071901;518,6233736404171;0,7539297427424251;0,6082187695937923;2088,415399125435;13151,89052011012;907,2184293497586;1,0190438428163413
34,916666666666664;864,4477856719961;782,2367489270628;519,7437326415911;0,7539297427424251;0,6082187695937923;2071,8791400106993;13072,048080160781;899,8678367716375;1,0208709198726098
35,0;864,8036803672526;783,2590999267252;520,8619657449844;0,7539297427424251;0,6082187695937923;2055,2759186233343;12991,44333240797;892,79724266595;1,0223509996624514
35,083333333333336;865,1587317093604;784,2825935491159;521,9780694895052;0,7539297427424251;0,6082187695937923;2038,614511013185;12910,12253122053;885,9932437601531;1,0234936223906745
35,166666666666664;865,5129436858103;785,3069019359544;523,0920405047657;0,7539297427424251;0,6082187695937923;2021,903454006113;12828,131135491532;879,4431795267911;1,0243083868386211
35,25;865,8663202558802;786,331706857977;524,203875510731;0,7539297427424251;0,6082187695937923;2005,1510437463976;12745,513785236239;873,1350871573487;1,024804922022587
35,333333333333336;866,2188653508993;787,3566997193014;525,3135713173584;0,7539297427424251;0,6082187695937923;1988,3653349475794;12662,314281478519;867,0576593767403;1,0249928613244441
35,416666666666664;866,570582874512;788,3815815382656;526,4211248242282;0,7539297427424251;0,6082187695937923;1971,554140789945;12578,575569191653;861,2002049225192;1,0248818189641504
35,5;866,921476702936;789,4060629069479;527,5265330201651;0,7539297427424251;0,6082187695937923;1954,72503340616;12494,33972307037;855,5526115225064;1,0244813686823122
35,583333333333336;867,27155068522;790,4298639314488;528,6297929828513;0,7539297427424251;0,6082187695937923;1937,8853448997033;12409,647935919804;850,1053112138493;1,023801024500921
35,666666666666664;867,620808643495;791,4527141548808;529,7309018784315;0,7539297427424251;0,6082187695937923;1921,042168844278;12324,540509460408;844,8492478555061;1,022850223432018
35,75;867,9692543732274;792,4743524648875;530,8298569611084;0,7539297427424251;0,6082187695937923;1904,2023622153552;12239,056847359048;839,7758466947386;1,0216383100066326
35,833333333333336;868,3168916434638;793,4945269873872;531,926655572731;0,7539297427424251;0,6082187695937923;1887,3725477084975;12153,235450306116;834,8769858564726;1,0201745224997425
35,916666666666664;868,6637241970773;794,5129949681185;533,0212951423745;0,7539297427424251;0,6082187695937923;1870,5591164019154;12067,11391297193;830,1449696322445;1,0184679807313368
36,0;869,0097557510089;795,5295226434467;534,1137731859122;0,7539297427424251;0,6082187695937923;1853,7682307239693;11980,72892268322;825,572503452956;1,0165276753281873
36,083333333333336;869,3549899965064;796,5438851017831;535,2040873055805;0,7539297427424251;0,6082187695937923;1837,0058276890545;11894,116259675626;821,1526704368035;1,0143624583363398
36,166666666666664;869,6994305993603;797,5558661368623;536,2922351895351;0,7539297427424251;0,6082187695937923;1820,2776223680844;11807,310798781265;816,8789094105015;1,0119810350792016
36,25;870,0430812001381;798,5652580940244;537,378214611401;0,7539297427424251;0,6082187695937923;1803,5891115624509;11720,34651242734;812,7449943083275;1,0093919571621268
36,333333333333336;870,3859454144146;799,571861710554;538,4620234298145;0,7539297427424251;0,6082187695937923;1786,9455776528412;11633,256474825335;808,7450148595824;1,0066036165295453
36,416666666666664;870,7280268330004;800,5754859510404;539,5436595879594;0,7539297427424251;0,6082187695937923;1770,3520925965136;11546,072867241;804,8733584807615;1,0036242404863651
36,5;871,0693290221678;801,5759478386412;540,6231211130944;0,7539297427424251;0,6082187695937923;1753,8135220490005;11458,826984244082;801,1246932941261;1,000461887600887
36,583333333333336;871,409855523873;802,573072283053;541,7004061160758;0,7539297427424251;0,6082187695937923;1737,334529588165;11371,549240842525;797,4939521994393;0,9971244444116718
36,666666666666664;871,7496098559776;803,5666919059191;542,7755127908727;0,7539297427424251;0,6082187695937923;1720,9195810205017;11284,26918041493;793,9763179303875;0,9936196228661173
36,75;872,0885955124662;804,5566468643425;543,8484394140759;0,7539297427424251;0,6082187695937923;1704,572948751462;11197,015483360461;790,5672090317025;0,989954958423406
36,833333333333336;872,4268159636621;805,5427846731018;544,9191843444008;0,7539297427424251;0,6082187695937923;1688,298716203093;11109,815976392087;787,262266697185;0,9861378087593065
36,916666666666664;872,7642746564402;806,5249600261167;545,9877460221848;0,7539297427424251;0,6082187695937923;1672,1007822640076;11022,697642404843;784,0573424127824;0,9821753530148682
37,0;873,1009750144383;807,5030346176521;547,0541229688774;0,7539297427424251;0,6082187695937923;1655,9828657580879;10935,686630856453;780,9484863525622;0,9780745915354199
37,083333333333336;873,436920438265;808,4768769637025;548,1183137865268;0,7539297427424251;0,6082187695937923;1639,948509919654;10848,808268601895;777,9319364788735;0,9738423460503175
37,166666666666664;873,772114305706;809,4463622239504;549,1803171572589;0,7539297427424251;0,6082187695937923;1624,0010868640638;10762,087071129805;775,0041083012236;0,9694852602478885
37,25;874,1065599719282;810,4113720246538;550,2401318427527;0,7539297427424251;0,6082187695937923;1608,1438020438923;10675,546754150027;772,1615852514242;0,9650098007034325
37,333333333333336;874,4402607696804;811,3717942827757;551,2977566837093;0,7539297427424251;0,6082187695937923;1592,3796986818588;10589,210245489425;769,4011096353763;0,9604222581218395
37,416666666666664;874,7732200094932;812,327523031635;552,3531905993167;0,7539297427424251;0,6082187695937923;1576,7116621726188;10503,099697253212;766,7195741245131;0,9557287488593088
37,5;875,105440979876;813,2784582483267;553,4064325867093;0,7539297427424251;0,6082187695937923;1561,1424244464558;10417,236498214721;764,1140137523718;0,9509352166917825
37,583333333333336;875,4369269475116;814,2245056831271;554,4574817204233;0,7539297427424251;0,6082187695937923;1545,6745682887317;10331,641286398226;761,5815983840753;0,946047434800383
37,666666666666664;875,7676811574494;815,1655766910739;555,5063371518469;0,7539297427424251;0,6082187695937923;1530,310531609612;10246,333961824022;759,1196256286426;0,9410710079468233
37,75;876,0977068332952;816,1015880658879;556,5529981086668;0,7539297427424251;0,6082187695937923;1515,052611659388;10161,333699385328;756,7255141660532;0,9360113748139769
37,833333333333336;876,4270071774008;817,0324618763769;557,5974638943102;0,7539297427424251;0,6082187695937923;1499,902969185183;10076,658961830759;754,3967974628545;0,9308738104891173
37,916666666666664;876,7555853710496;817,9581253054464;558,639733887383;0,7539297427424251;0,6082187695937923;1484,8636325255966;9992,327512828591;752,1311178518428;0,9256634290694177
38,0;877,0834445746411;818,8785104918173;559,6798075411042;0,7539297427424251;0,6082187695937923;1469,9365016400805;9908,356430088083;749,9262209529704;0,9203851863709003
38,083333333333336;877,4105879278737;819,7935543745415;560,7176843827361;0,7539297427424251;0,6082187695937923;1455,123352070595;9824,762118519995;747,7799504141491;0,9150438827241872
38,166666666666664;877,7370185499249;820,7031985403831;561,7533640130118;0,7539297427424251;0,6082187695937923;1440,4258388333062;9741,56032341548;745,6902429520185;0,9096441658416067
38,25;878,0627395396293;821,607389074125;562,7868461055585;0,7539297427424251;0,6082187695937923;1425,845500238543;9658,766143625988;743,6551236740759;0,9041905337418094
38,333333333333336;878,3877539756562;822,5060764118444;563,8181304063185;0,7539297427424251;0,6082187695937923;1411,3837616376088;9576,394044729626;741,6727016647797;0,8986873377195196
38,416666666666664;878,7120649166827;823,3992151971935;564,8472167329661;0,7539297427424251;0,6082187695937923;1397,041939095294;9494,457872168407;739,7411658193815;0,893138785349073
38,5;879,0356754015679;824,286764140705;565,8741049743228;0,7539297427424251;0,6082187695937923;1382,821242987231;9412,970864342382;737,8587809103087;0,8875489435115508
38,583333333333336;879,3585884495228;825,1686858821416;566,8987950897686;0,7539297427424251;0,6082187695937923;1368,722781521572;9331,945665650463;736,0238838719068;0,8819217414365661
38,666666666666664;879,6808070602797;826,044946855892;567,9212871086513;0,7539297427424251;0,6082187695937923;1354,7475641845294;9251,394339464649;734,2348802902794;0,8762609737503683
38,75;880,0023342142589;826,9155171594151;568,9415811296935;0,7539297427424251;0,6082187695937923;1340,8965051096914;9171,328381028467;732,4902410858185;0,8705703035230399
38,833333333333336;880,3231728727351;827,7803704247234;569,9596773203968;0,7539297427424251;0,6082187695937923;1327,1704263710944;9091,758730269794;730,7884993768266;0,864853265308234
38,916666666666664;880,643325978;828,6394836928931;570,9755759164444;0,7539297427424251;0,6082187695937923;1313,570061200292;9012,695784520283;729,1282475133793;0,8591132681697033
39,0;880,9627964535247;829,4928372915824;571,989277221101;0,7539297427424251;0,6082187695937923;1300,096057127672;8934,149411131746;727,5081342712699;0,8533535986893139
39,083333333333336;881,28158720412;830,3404147155346;573,0007816046116;0,7539297427424251;0,6082187695937923;1286,7489790485565;8856,128959984562;725,9268621965363;0,8475774239521721
39,166666666666664;881,5997011160947;831,1822025100392;574,0100895035981;0,7539297427424251;0,6082187695937923;1273,5293122146345;8778,643275879718;724,3831850916699;0,8417877945046714
39,25;881,9171410574121;832,0181901573212;575,0172014204544;0,7539297427424251;0,6082187695937923;1260,4374651513865;8701,700710809217;722,8759056351777;0,8359876472819899
39,333333333333336;882,2339098778458;832,8483699658232;576,0221179227399;0,7539297427424251;0,6082187695937923;1247,473772502272;8625,309136099539;721,4038731266907;0,8301798085019454
39,416666666666664;882,5500104091325;833,6727369623457;577,0248396425723;0,7539297427424251;0,6082187695937923;1234,6384978005658;8549,475954422765;719,9659813503131;0,8243669965224846
39,5;882,8654454651244;834,4912887870062;578,0253672760182;0,7539297427424251;0,6082187695937923;1221,9318361696708;8474,20811167128;718,561166549357;0,8185518246605045
39,583333333333336;883,1802178419391;835,3040255909762;579,0237015824837;0,7539297427424251;0,6082187695937923;1209,353916952955;8399,51210869104;717,1884055060428;0,8127368039699339
39,666666666666664;883,494330318109;836,1109499369537;580,0198433841034;0,7539297427424251;0,6082187695937923;1196,904806274074;8325,394012871411;715,8467137201433;0,8069243459775104
39,75;883,8077856547275;836,9120667023284;581,0137935651289;0,7539297427424251;0,6082187695937923;1184,584509528881;8251,859469586201;714,5351436809253;0,8011167653746498
39,833333333333336;884,1205865955953;837,7073829849927;582,0055530713165;0,7539297427424251;0,6082187695937923;1172,3929738099769;8178,913713484212;713,2527832270904;0,7953162826643253
39,916666666666664;884,4327358673645;838,4969080117547;582,9951229093144;0,7539297427424251;0,6082187695937923;1160,3300902650658;8106,561579626448;711,9987539897422;0,7895250267619716
40,0;884,7442361796808;839,2806530493043;583,9825041460498;0,7539297427424251;0,6082187695937923;1148,3956963902442;8034,807514467039;710,7722099137158;0,7837450375495904
40,083333333333336;885,0550902253249;840,0586313176868;584,9676979081149;0,7539297427424251;0,6082187695937923;1136,5895782594123;7963,655586676424;709,5723358528867;0,7779782683825146
40,166666666666664;885,365300680352;840,8308579062352;585,9507053811539;0,7539297427424251;0,6082187695937923;1124,911472690951;7893,10949780439;708,3983462353428;0,7722265885483455
40,25;885,6748702042305;841,597349691913;586,9315278092487;0,7539297427424251;0,6082187695937923;1113,3610693529192;7823,172592781692;707,2494837945569;0,766491785677795
40,333333333333336;885,9838014399782;842,3581252600203;587,9101664943059;0,7539297427424251;0,6082187695937923;1101,9380128079376;7753,8478702587245;706,1250183629221;0,7607755681072544
40,416666666666664;886,2920970142978;843,1132048272134;588,886622795443;0,7539297427424251;0,6082187695937923;1090,6419044989461;7685,137992780139;705,0242457242383;0,7550795671930373
40,5;886,5997595377116;843,8626101667908;589,860898128375;0,7539297427424251;0,6082187695937923;1079,472304677111;7617,045296794611;703,9464865219385;0,7494053395773624
40,583333333333336;886,9067916046931;844,6063645361969;590,8329939648022;0,7539297427424251;0,6082187695937923;1068,4287342730215;7549,571802498232;702,8910852200319;0,7437543694061505
40,666666666666664;887,2131957937991;845,3444926066958;591,8029118317976;0,7539297427424251;0,6082187695937923;1057,5106767124055;7482,719223511688;701,8574091139255;0,7381280704989173
40,75;887,5189746677986;846,0770203951669;592,7706533111954;0,7539297427424251;0,6082187695937923;1046,7175796775819;7416,488976391355;700,8448473884478;0,7325277884711089
40,833333333333336;887,8241307738033;846,8039751979759;593,73622003898;0,7539297427424251;0,6082187695937923;1036,0488568157934;7350,882189971476;699,8528102205576;0,7269548028090038
40,916666666666664;888,1286666433924;847,5253855268738;594,6996137046764;0,7539297427424251;0,6082187695937923;1025,503889395685;7285,899714541272;698,8807279243681;0,7214103288979457
41,0;888,4325847927412;848,2412810468778;595,66083605074;0,7539297427424251;0,6082187695937923;1015,0820279129647;7221,542130852902;697,9280501362532;0,7158955200039967
41,083333333333336;888,7358877227434;848,9516925160876;596,6198888719498;0,7539297427424251;0,6082187695937923;1004,7825936465841;7157,809758963577;696,9942450379303;0,7104114692098047
41,166666666666664;889,0385779191364;849,6566517273926;597,5767740148003;0,7539297427424251;0,6082187695937923;994,6048801663949;7094,702666910124;696,0787986155392;0,7049592113050297
41,25;889,340657852623;850,3561914520246;598,5314933768964;0,7539297427424251;0,6082187695937923;984,5481547935947;7032,220679217852;695,181213952847;0,6995397246320465
41,333333333333336;889,6421299789918;851,050345384912;599,4840489063483;0,7539297427424251;0,6082187695937923;974,6116600149605;6970,363385243239;694,3010105568153;0,6941539328874241
41,416666666666664;889,9429967392377;851,7391480917919;600,4344426011692;0,7539297427424251;0,6082187695937923;964,7946148519935;6909,1301473512785;693,437723713868;0,688802706879823
41,5;890,2432605596803;852,4226349580368;601,3825541851203;0,7539297427424251;0,6082187695937923;955,0962161861463;6848,52010892834;692,5909038752895;0,6834868662449739
41,583333333333336;890,5429238520813;853,1008421391552;602,3290450685603;0,7539297427424251;0,6082187695937923;945,5156400410857;6788,53220223217;691,7601160702741;0,6782071811184529
41,666666666666664;890,8419890137608;853,7738065129221;603,2739049330611;0,7539297427424251;0,6082187695937923;936,0520428231524;6729,165156078205;690,9449393452257;0,6729643737667886
41,75;891,1404584277116;854,4415656330998;604,217123412576;0,7539297427424251;0,6082187695937923;926,7045625209676;6670,417503364741;690,1449662279912;0,6677591201777064
41,833333333333336;891,4383344627146;855,10415768471;605,1586900920338;0,7539297427424251;0,6082187695937923;917,4723198652941;6612,287588437528;689,3598022157759;0,6625920516101665
41,916666666666664;891,7356194734506;855,7616214408149;606,0985945059001;0,7539297427424251;0,6082187695937923;908,3544194501144;6554,773574295109;688,589065285566;0,6574637561049071
42,0;892,0323158006117;856,4139962207711;607,0368261367039;0,7539297427424251;0,6082187695937923;899,3499508158919;6497,873449635774;687,8323854259424;0,6523747799561598
42,083333333333336;892,3284257710131;857,0613218499163;607,9733744135287;0,7539297427424251;0,6082187695937923;890,4579894960165;6441,585035747992;687,0894041892324;0,6473256291452943
42,166666666666664;892,6239516977014;857,7036386206535;608,908228710468;0,7539297427424251;0,6082187695937923;881,6775980274201;6385,905993245275;686,3597742630035;0,6423167707370713
42,25;892,9188958800634;858,3409872548928;609,8413783450429;0,7539297427424251;0,6082187695937923;873,007826926198;6330,833828647536;685,643159059958;0,6373486342392509
42,333333333333336;893,2132606039336;858,973408867819;610,7728125765825;0,7539297427424251;0,6082187695937923;864,4477156292652;6276,365900809537;684,9392323253353;0,6324216129261998
42,416666666666664;893,5070481417005;859,6009449329463;611,7025206045654;0,7539297427424251;0,6082187695937923;855,9962934028647;6222,499427199104;684,2476777609784;0,6275360651272914
42,5;893,8002607524116;860,2236372484269;612,6304915669211;0,7539297427424251;0,6082187695937923;847,6525802188547;6169,231490025386;683,5681886652661;0,6226923154806869
42,583333333333336;894,0929006818782;860,8415279045803;613,556714538291;0,7539297427424251;0,6082187695937923;839,4155875996177;6116,559042220894;682,9004675881534;0,6178906561533746
42,666666666666664;894,3849701627774;861,4546592526082;614,4811785282474;0,7539297427424251;0,6082187695937923;831,2843194324472;6064,478913276135;682,2442260006044;0,6131313480279116
42,75;894,6764714147557;862,063073874465;615,4038724794702;0,7539297427424251;0,6082187695937923;823,2577727542321;6012,987814931762;681,5991839777369;0,6084146218568274
42,833333333333336;894,9674066445297;862,6668145538501;616,3247852658798;0,7539297427424251;0,6082187695937923;815,3349385072687;5962,082346727342;680,9650698950368;0,6037406793851399
42,916666666666664;895,2577780459856;863,265924248292;617,2439056907244;0,7539297427424251;0,6082187695937923;807,5148022669879;5911,759001410558;680,3416201370303;0,5991096944418318
43,0;895,5475878002795;863,8604460622928;618,1612224846231;0,7539297427424251;0,6082187695937923;799,7963449423395;5862,014170207548;679,7285788178365;0,5945218140008495
43,083333333333336;895,8368380759356;864,450423221505;619,0767243035599;0,7539297427424251;0,6082187695937923;792,1785434496684;5812,8441479563335;679,1256975130502;0,589977159212296
43,166666666666664;896,1255310289426;865,0358990479097;619,9903997268318;0,7539297427424251;0,6082187695937923;784,6603713607635;5764,245138106498;678,5327350024347;0,5854758264045766
43,25;896,4136688028514;865,6169169359677;620,902237254946;0,7539297427424251;0,6082187695937923;777,2407995258249;5716,2132575849;677,9494570229311;0,5810178880579463
43,333333333333336;896,7012535288695;866,1935203297179;621,8122253074679;0,7539297427424251;0,6082187695937923;769,9187966720928;5668,744541531535;677,3756360315125;0,5766033937502948
43,416666666666664;896,9882873259565;866,7657527007935;622,7203522208159;0,7539297427424251;0,6082187695937923;762,6933299787908;5621,834947906569;676,8110509774399;0,5722323710756988
43,5;897,274772300917;867,3336575273298;623,6266062460056;0,7539297427424251;0,6082187695937923;755,5633656290752;5575,4803619696795;676,2554870834952;0,5679048265362902
43,583333333333336;897,560710548494;867,897278273738;624,5309755463375;0,7539297427424251;0,6082187695937923;748,5278693396793;5529,676600635959;675,7087356357894;0,5636207464082443
43,666666666666664;897,8461041514599;868,4566583713204;625,4334481950309;0,7539297427424251;0,6082187695937923;741,5858068688976;5484,419416708023;675,170593781765;0,5593800975822797
43,75;898,1309551807092;869,0118411996998;626,3340121728006;0,7539297427424251;0,6082187695937923;734,7361445034892;5439,704502987967;674,6408643360273;0,5551828283793923
43,833333333333336;898,415265695347;869,5628700690422;627,2326553653753;0,7539297427424251;0,6082187695937923;727,9778495252344;5395,527496270778;674,1193555936616;0,5510288693423809
43,916666666666664;898,6990377427784;870,1097882030459;628,1293655609569;0,7539297427424251;0,6082187695937923;721,3098906576192;5351,883981220466;673,6058811507063;0,5469181340036503
44,0;898,9822733587987;870,6526387226759;629,0241304476185;0,7539297427424251;0,6082187695937923;714,7312384933116;5308,7694941323325;673,1002597314703;0,5428505196299813
44,083333333333336;899,264974567679;871,1914646306207;629,9169376106407;0,7539297427424251;0,6082187695937923;708,2408659030705;5266,179526582863;672,6023150223979;0,5388259079447777
44,166666666666664;899,5471433822538;871,726308796449;630,8077745297836;0,7539297427424251;0,6082187695937923;701,837748426459;5224,109528968613;672,1118755121969;0,5348441658282499
44,25;899,8287818040075;872,2572139424451;631,6966285764938;0,7539297427424251;0,6082187695937923;695,5208646451212;5182,554913936618;671,6287743379628;0,5309051459961344
44,333333333333336;900,1098918231586;872,7842226301027;632,5834870110448;0,7539297427424251;0,6082187695937923;689,2891965390589;5141,511059709991;671,152849137041;0,5270086876576041
44,416666666666664;900,3904754187449;873,3073772472553;633,4683369796084;0,7539297427424251;0,6082187695937923;683,1417298263972;5100,973313307112;670,6839419043835;0,5231546171525573
44,5;900,6705345587067;873,8267199958244;634,351165511257;0,7539297427424251;0,6082187695937923;677,0774542872402;5060,9369936601715;670,2218988551678;0,5193427485691291
44,583333333333336;900,9500711999696;874,3422928801662;635,2319595148941;0,7539297427424251;0,6082187695937923;671,0953640720561;5021,397394633049;669,7665702924563;0,5155728843417349
44,666666666666664;901,2290872885268;874,8541376959963;636,1107057761111;0,7539297427424251;0,6082187695937923;665,194457995085;4982,349787940647;669,317810479685;0,5118448158301372
44,75;901,5075847595202;875,3622960198765;636,9873909539699;0,7539297427424251;0,6082187695937923;659,3737398132617;4943,789425972858;668,8754775177798;0,5081583238801242
44,833333333333336;901,7855655373206;875,8668091992425;637,8620015777088;0,7539297427424251;0,6082187695937923;653,6322184910944;4905,711544523616;668,4394332267094;0,5045131793661213
44,916666666666664;902,0630315356085;876,3677183429588;638,73452404337;0,7539297427424251;0,6082187695937923;647,9689084519521;4868,111365428288;668,0095430312907;0,5009091437163145
45,0;902,339984657452;876,8650643123794;639,6049446103469;0,7539297427424251;0,6082187695937923;642,382829816242;4830,984099110734;667,5856758510728;0,49734596942067494
45,083333333333336;902,6164267953856;877,3588877129017;640,4732493978499;0,7539297427424251;0,6082187695937923;636,873008626813;4794,324947041923;667,1677039941334;0,4938234005223164
45,166666666666664;902,8923598314881;877,8492288859944;641,3394243812884;0,7539297427424251;0,6082187695937923;631,4384770620961;4758,12910411256;666,7555030546268;0,490341173092668
45,25;903,1677856374588;878,3361279016852;642,2034553885669;0,7539297427424251;0,6082187695937923;626,0782736373415;4722,391760921331;666,3489518139347;0,48689901569085686
45,333333333333336;903,4427060746945;878,8196245514929;643,0653280962949;0,7539297427424251;0,6082187695937923;620,7914433943387;4687,108105980328;665,947932145271;0,48349664980767987
45,416666666666664;903,7171229943639;879,2997583417875;643,9250280259059;0,7539297427424251;0,6082187695937923;615,5770380800391;4652,273327840457;665,5523289216069;0,4801337902946572
45,5;903,9910382374837;879,776568487566;644,7825405396867;0,7539297427424251;0,6082187695937923;610,4341163144085;4617,88261713744;665,1620299267793;0,47681014577845066
45,583333333333336;904,2644536349918;880,2500939066272;645,6378508367126;0,7539297427424251;0,6082187695937923;605,3617437479431;4583,931168561723;664,7769257696605;0,4735254190611693
45,666666666666664;904,5373710078206;880,7203732141339;646,490943948688;0,7539297427424251;0,6082187695937923;600,358993209116;4550,414182752655;664,3969098012657;0,4702793075068076
45,75;904,8097921669709;881,1874447175483;647,3418047356902;0,7539297427424251;0,6082187695937923;595,4249448421677;4517,326868120153;664,0218780346838;0,46707150341432324
45,833333333333336;905,0817189135823;881,6513464119258;648,1904178818129;0,7539297427424251;0,6082187695937923;590,5586862355648;4484,66444259387;663,6517290677219;0,4639016943775533
45,916666666666664;905,3531530390062;882,1121159755584;649,0367678907107;0,7539297427424251;0,6082187695937923;585,7593125414127;4452,422135303971;663,2863640081569;0,46076956363254257
46,0;905,6240963248757;882,5697907659508;649,8808390810389;0,7539297427424251;0,6082187695937923;581,0259265861959;4420,595188192583;662,9256864014948;0,4576747903923889
46,083333333333336;905,8945505431767;883,024407816121;650,7226155817884;0,7539297427424251;0,6082187695937923;576,3576389731242;4389,178857560409;662,5696021611396;0,45461705017020204
46,166666666666664;906,1645174563157;883,4760038312112;651,5620813275149;0,7539297427424251;0,6082187695937923;571,7535681763934;4358,168415547406;662,2180195008813;0,45159601509025443
46,25;906,4339988171909;883,924615185399;652,3992200534567;0,7539297427424251;0,6082187695937923;567,212840627613;4327,55915155148;661,8708488696129;0,4486113541878549
46,333333333333336;906,7029963692585;884,3702779190972;653,2340152905437;0,7539297427424251;0,6082187695937923;562,7345907947955;4297,346373585673;661,5280028881931;0,44566273369817305
46,416666666666664;906,9715118466016;884,8130277364315;654,0664503602915;0,7539297427424251;0,6082187695937923;558,3179612540306;4267,525409575459;661,1893962883737;0,44274981733430513
46,5;907,2395469739973;885,2529000029865;654,8965083695813;0,7539297427424251;0,6082187695937923;553,9621027542523;4238,091608598126;660,8549458537134;0,43987226655494277
46,583333333333336;907,5071034669822;885,6899297438084;655,7241722053222;0,7539297427424251;0,6082187695937923;549,6661742752707;4209,040342066016;660,5245703624048;0,43702974082194757
46,666666666666664;907,7741830319194;886,1241516416565;656,5494245289948;0,7539297427424251;0,6082187695937923;545,4293430793456;4180,36700485397;660,1981905319423;0,43422189784802007
46,75;908,040787366063;886,5556000354914;657,372247771073;0,7539297427424251;0,6082187695937923;541,2507847565735;4152,0670163740815;659,8757289655641;0,43144839383489186
46,833333333333336;908,3069181576233;886,9843089191936;658,1926241253242;0,7539297427424251;0,6082187695937923;537,1296832642912;4124,135821598124;659,5571101004027;0,4287088837022156
46,916666666666664;908,5725770858303;887,4103119405011;659,0105355429831;0,7539297427424251;0,6082187695937923;533,0652309607416;4096,568892029377;659,2422601572797;0,42600302130744994
47,0;908,8377658209986;887,833642400158;659,8259637268004;0,7539297427424251;0,6082187695937923;529,0566286332307;4069,361726625531;658,9311070920872;0,4233304596570234
47,083333333333336;909,1024860245885;888,2543332512671;660,6388901249622;0,7539297427424251;0,6082187695937923;525,1030855210132;4042,509852673656;658,6235805486976;0,4206908511090026
47,166666666666664;909,3667393492703;888,6724170988347;661,4492959248803;0,7539297427424251;0,6082187695937923;521,2038193330358;4016,008826619475;658,3196118133451;0,4180838475675881
47,25;909,6305274389849;889,0879261995042;662,2571620468499;0,7539297427424251;0,6082187695937923;517,3580562608919;3989,8542348506244;658,0191337704285;0,4155091006695402
47,333333333333336;909,8938519290061;889,5008924614672;663,0624691375754;0,7539297427424251;0,6082187695937923;513,5650309870186;3964,0416944374083;657,7220808596824;0,41296626196296443
47,416666666666664;910,1567144460005;889,9113474445458;663,8651975635611;0,7539297427424251;0,6082187695937923;509,82398668847395;3938,5668538304235;657,4283890346686;0,41045498307852435
47,5;910,4191166080886;890,3193223604392;664,6653274043667;0,7539297427424251;0,6082187695937923;506,1341750363681;3913,425393517395;657,1379957225429;0,4079749158933973
47,583333333333336;910,6810600249044;890,7248480731273;665,4628384457259;0,7539297427424251;0,6082187695937923;502,49485619123675;3888,613026640235;656,8508397850486;0,40552571268818594
47,666666666666664;910,9425462976537;891,1279550994243;666,2577101725266;0,7539297427424251;0,6082187695937923;498,90529879442624;3864,125499573393;656,5668614806972;0,4031070262969759
47,75;911,2035770191749;891,5286736096751;667,0499217616541;0,7539297427424251;0,6082187695937923;495,3647799557359;3839,958592465291;656,2860024280924;0,4007185102508156
47,833333333333336;911,4641537739947;891,9270334285898;667,8394520746939;0,7539297427424251;0,6082187695937923;491,87258523749335;3816,108119742396;656,0082055703597;0,3983598189146738
47,916666666666664;911,7242781383877;892,323064036208;668,6262796504955;0,7539297427424251;0,6082187695937923;488,4280086351225;3792,5699305797834;655,733415140642;0,396030607618317
48,0;911,9839516804327;892,7167945689891;669,410382697596;0,7539297427424251;0,6082187695937923;485,0303525544916;3769,339909336389;655,4615766286239;0,39373053278104664
48,083333333333336;912,2431759600701;893,1082538210198;670,1917390865051;0,7539297427424251;0,6082187695937923;481,67892778608916;3746,413975958181;655,1926367480522;0,39145925203067117
48,166666666666664;912,501952529157;893,4974702453367;670,9703263418496;0,7539297427424251;0,6082187695937923;478,37305347625545;3723,7880863491173;654,9265434052153;0,38921642431679876
48,25;912,7602829315244;893,8844719553554;671,7461216343805;0,7539297427424251;0,6082187695937923;475,1120570955095;3701,458232712147;654,6632456683516;0,38700171001873007
48,333333333333336;913,0181687030312;894,2692867264034;672,5191017728413;0,7539297427424251;0,6082187695937923;471,89527440422694;3679,4204438592697;654,4026937379534;0,38481477104795675
48,416666666666664;913,2756113716196;894,651941997349;673,2892431957007;0,7539297427424251;0,6082187695937923;468,72204941569464;3657,6707854941756;654,1448389179384;0,3826552709456574
48,5;913,5326124573692;895,0324648723241;674,0565219627508;0,7539297427424251;0,6082187695937923;465,5917343567637;3636,205360466081;653,8896335876581;0,3805228749751502
48,583333333333336;913,7891734725513;895,4108821225337;674,820913746573;0,7539297427424251;0,6082187695937923;462,5036896261264;3615,020308997533;653,6370311747149;0,37841725020962386
48,666666666666664;914,0452959216818;895,787220188149;675,5823938238734;0,7539297427424251;0,6082187695937923;459,4572837504387;3594,111808886527;653,3869861285638;0,3763380656152594
48,75;914,300981301574;896,1615051802788;676,3409370666931;0,7539297427424251;0,6082187695937923;456,4518933383198;3573,4760756825513;653,1394538948692;0,37428499212977046
48,833333333333336;914,5562311013921;896,5337628830156;677,0965179334943;0,7539297427424251;0,6082187695937923;453,486903032379;3553,1093628398953;652,8943908905948;0,3722577027367419
48,916666666666664;914,8110468027013;896,9040187555513;677,8491104601286;0,7539297427424251;0,6082187695937923;450,56170545941256;3533,0079618474206;652,6517544798011;0,3702558725357615
49,0;915,0654298795222;897,2722979343597;678,5986882506921;0,7539297427424251;0,6082187695937923;447,6757011787498;3513,168202335279;652,411502950128;0,3682791788084422
49,083333333333336;915,319381798379;897,6386252354404;679,3452244682718;0,7539297427424251;0,6082187695937923;444,82829862906215;3493,586452161235;652,1735954899409;0,36632730108066214
49,166666666666664;915,5729040183523;898,0030251566213;680,0886918255911;0,7539297427424251;0,6082187695937923;442,01891407346636;3474,25911747551;651,9379921661168;0,36439992118095765
49,25;915,8259979911287;898,3655218799166;680,8290625755615;0,7539297427424251;0,6082187695937923;439,2469715432753;3455,1826427661936;651,7046539024534;0,3624967232953417
49,333333333333336;916,0786651610505;898,7261392739352;681,5663085017475;0,7539297427424251;0,6082187695937923;436,51190278030185;3436,3535108850747;651,4735424586773;0,3606173940185719
49,416666666666664;916,330906965165;899,0849008963373;682,3004009087553;0,7539297427424251;0,6082187695937923;433,81314717788086;3417,7682430554246;651,2446204100355;0,3587616224020732
49,5;916,5827248332747;899,441829996336;683,0313106125545;0,7539297427424251;0,6082187695937923;431,15015172069207;3399,423398861891;651,0178511274495;0,35692909999858236
49,583333333333336;916,8341201879845;899,7969495172397;683,7590079307444;0,7539297427424251;0,6082187695937923;428,52237092346854;3381,3155762235833;650,793198758216;0,3551195209036664
49,666666666666664;917,0850944447504;900,1502820990339;684,4834626727767;0,7539297427424251;0,6082187695937923;425,92926676861964;3363,441411350587;650,5706282072355;0,35333258179418164
49,75;917,3356490119282;900,5020394436901;685,2046441301497;0,7539297427424251;0,6082187695937923;423,3703086429131;3345,7975786851507;650,0;0,35175734465626685
49,833333333333336;917,5857852908192;900,8519318293253;685,9225210665879;0,7539297427424251;0,6082187695937923;420,84023920595257;3328,3441459706346;650,0;0,34989238563510755
49,916666666666664;917,835504675719;901,1999857233018;686,6370617082232;0,7539297427424251;0,6082187695937923;418,3463365373484;3311,1381508948116;650,0;0,3480538939765436
50,0;918,0848085539628;901,5462271553081;687,3482337337973;0,7539297427424251;0,6082187695937923;415,88797381043037;3294,1755304947264;650,0;0,3462414320062674
50,083333333333336;918,3336983059726;901,8906817241656;688,0560042649037;0,7539297427424251;0,6082187695937923;413,46453496636855;3277,4522839840074;650,0;0,3444545688575046
50,166666666666664;918,582175305302;902,233374604551;688,7603398562917;0,7539297427424251;0,6082187695937923;411,075414545175;3260,9644720053575;650,0;0,3426928803854816
50,25;918,8302409186828;902,5743305536334;689,4612064862557;0,7539297427424251;0,6082187695937923;408,7200175187746;3244,708215885925;650,0;0,3409559490823545
50,333333333333336;919,0778965060695;902,913573917626;690,1585695471344;0,7539297427424251;0,6082187695937923;406,3977591262329;3228,679696894195;650,0;0,33924336399248056
50,416666666666664;919,3251434206841;903,2511286382542;690,8523938359493;0,7539297427424251;0,6082187695937923;404,1080647110874;3212,875155499728;650,0;0,3375547206281529
50,5;919,5719830090607;903,5870182591399;691,5426435452113;0,7539297427424251;0,6082187695937923;401,8503695607478;3197,2908906354432;650,0;0,33588962088576474
50,583333333333336;919,8184166110889;903,9212659321024;692,2292822539275;0,7539297427424251;0,6082187695937923;399,62411874801944;3181,9232589636845;650,0;0,3342476729625257
50,666666666666664;920,0644455600583;904,253894423376;692,9122729188449;0,7539297427424251;0,6082187695937923;397,4287669746616;3166,76867414442;650,0;0,33262849127356625
50,75;920,3100711827009;904,5849261197457;693,5915778659665;0,7539297427424251;0,6082187695937923;395,26377841705767;3151,8236061084694;650,0;0,33103169636970925
50,833333333333336;920,5552947992348;904,9143830346013;694,2671587823828;0,7539297427424251;0,6082187695937923;393,1286265738805;3137,0845803327256;650,0;0,32945691485561285
50,916666666666664;920,8001177234066;905,2422868139099;694,9389767084602;0,7539297427424251;0,6082187695937923;391,0227941158382;3122,5481771208765;650,0;0,3279037793086222
51,0;921,0445412625329;905,568658742108;695,6069920304355;0,7539297427424251;0,6082187695937923;388,9457727374179;3108,2110308874803;650,0;0,32637192819811933
51,083333333333336;921,2885667175432;905,8935197479135;696,2711644734651;0,7539297427424251;0,6082187695937923;386,8970630106219;3094,069829446215;650,0;0,32486100580544885
51,166666666666664;921,5321953830206;906,216890410058;696,9314530951838;0,7539297427424251;0,6082187695937923;384,8761742407419;3080,121313303116;650,0;0,32337066214450033
51,25;921,7754285472439;906,5387909629409;697,5878162798309;0,7539297427424251;0,6082187695937923;382,88262432406555;3066,3622749540423;650,0;0,32190055288286396
51,333333333333336;922,0182674922276;906,8592413022045;698,2402117330056;0,7539297427424251;0,6082187695937923;380,91593960757564;3052,7895581871944;650,0;0,3204503392636448
51,416666666666664;922,2607134937632;907,1782609902324;698,8885964771164;0,7539297427424251;0,6082187695937923;378,97565475057604;3039,4000573904455;650,0;0,31901968802790615
51,5;922,5027678214584;907,4958692615702;699,5329268475961;0,7539297427424251;0,6082187695937923;377,0613125882704;3026,19071686356;650,0;0,31760827133775044
51,583333333333336;922,7444317387783;907,8120850282703;700,1731584899562;0,7539297427424251;0,6082187695937923;375,17246399720534;3013,1585301361465;650,0;0,3162157667001098
51,666666666666664;922,9857065030839;908,1269268851614;700,8092463577606;0,7539297427424251;0,6082187695937923;373,3086677627;3000,30053929018;650,0;0,3148418568911486
51,75;923,2265933656719;908,4404131150428;701,4411447116017;0,7539297427424251;0,6082187695937923;371,4694904480609;2987,613834288753;650,0;0,3134862298814133
51,833333333333336;923,4670935718136;908,7525616938044;702,0688071191696;0,7539297427424251;0,6082187695937923;369,65450626572647;2975,095552309402;650,0;0,3121485787615901
51,916666666666664;923,7072083607932;909,0633902954735;702,6921864565073;0,7539297427424251;0,6082187695937923;367,8632969502303;2962,74287708411;650,0;0,3108286016690548
52,0;923,9469389659464;909,3729162971885;703,3112349105522;0,7539297427424251;0,6082187695937923;366,0954516329923;2950,5530382439592;650,0;0,30952600171502775
52,083333333333336;924,1862866146982;909,681156784101;703,9259039830685;0,7539297427424251;0,6082187695937923;364,3505667189487;2938,523310670492;650,0;0,3082404869125256
52,166666666666664;924,4252525286012;909,9881285542059;704,536144496081;0,7539297427424251;0,6082187695937923;362,62824576493244;2926,6510138523745;650,0;0,30697177010497245
52,25;924,6638379233718;910,2938481231015;705,1419065989269;0,7539297427424251;0,6082187695937923;360,92809935988157;2914,9335112481376;650,0;0,30571956889554774
52,333333333333336;924,902044008929;910,5983317286788;705,7431397770455;0,7539297427424251;0,6082187695937923;359,2497450067583;2903,3682096546636;650,0;0,30448360557723075
52,416666666666664;925,1398719894296;910,9015953357424;706,3397928626346;0,7539297427424251;0,6082187695937923;357,59280700625595;2891,9525585822535;650,0;0,3032636070636251
52,5;925,3773230633055;911,2036546405628;706,9318140473055;0,7539297427424251;0,6082187695937923;355,95691634217985;2880,6840496355585;650,0;0,3020593048204884
52,583333333333336;925,6143984233;911,5045250753608;707,5191508968746;0,7539297427424251;0,6082187695937923;354,3417105685677;2869,5602159001523;650,0;0,30087043479794867
52,666666666666664;925,8510992565037;911,8042218127243;708,1017503684358;0,7539297427424251;0,6082187695937923;352,74683369848105;2858,578631336037;650,0;0,29969673736352564
52,75;926,0874267443896;912,1027597699602;708,6795588298608;0,7539297427424251;0,6082187695937923;351,1719360944852;2847,7369101769987;650,0;0,2985379572358539
52,833333333333336;926,3233820628493;912,4001536133794;709,2525220818825;0,7539297427424251;0,6082187695937923;349,6166743607347;2837,0327063362515;650,0;0,29739384341914427
52,916666666666664;926,5589663822276;912,6964177625177;709,8205853829184;0,7539297427424251;0,6082187695937923;348,0807112367472;2826,463712818155;650,0;0,29626414913836835
53,0;926,7941808673575;912,9915663942929;710,3836934767957;0,7539297427424251;0,6082187695937923;346,5637154927464;2816,0276611365816;650,0;0,2951486317752108
53,083333333333336;927,0290266775947;913,2856134470977;710,941790623545;0,7539297427424251;0,6082187695937923;345,06536182661307;2805,722320739615;650,0;0,2940470528047621
53,166666666666664;927,263504966852;913,5785726248306;711,4948206334296;0,7539297427424251;0,6082187695937923;343,58533076242566;2795,5454984401213;650,0;0,2929591777329084
53,25;927,4976168836333;913,8704574008651;712,0427269043823;0,7539297427424251;0,6082187695937923;342,12330855053494;2785,4950378528465;650,0;0,2918847760344725
53,333333333333336;927,7313635710668;914,1612810219573;712,5854524630212;0,7539297427424251;0,6082187695937923;340,67898706920516;2775,5688188382737;650,0;0,290823621092133
53,416666666666664;927,9647461669396;914,4510565120933;713,1229400094172;0,7539297427424251;0,6082187695937923;339,2520637277386;2765,764756952129;650,0;0,28977549013600873
53,5;928,1977658037299;914,7397966762774;713,6551319657852;0,7539297427424251;0,6082187695937923;337,84224137115757;2756,0808029020695;650,0;0,2887401641840579
53,583333333333336;928,4304236086405;915,0275141042605;714,1819705292681;0,7539297427424251;0,6082187695937923;336,4492281863136;2746,514942009603;650,0;0,2877174279831004
53,666666666666664;928,6627207036314;915,3142211742112;714,7033977289803;0,7539297427424251;0,6082187695937923;335,0727376094994;2737,0651936794447;650,0;0,28670706995067247
53,75;928,8946582054524;915,5999300563287;715,2193554874722;0,7539297427424251;0,6082187695937923;333,7124882355056;2727,7296108743667;650,0;0,2857088821175308
53,833333333333336;929,1262372256748;915,8846527163997;715,7297856867694;0,7539297427424251;0,6082187695937923;332,36820372809177;2718,5062795971667;650,0;0,28472266007095104
53,916666666666664;929,357458870724;916,1684009192984;716,234630239134;0,7539297427424251;0,6082187695937923;331,0396127318768;2709,3933183777835;650,0;0,2837482028986407
54,0;929,5883242419111;916,4511862324318;716,7338311626806;0,7539297427424251;0,6082187695937923;329,72644878564097;2700,3888777680377;650,0;0,28278531313349464
54,083333333333336;929,8188344354637;916,7330200291308;717,2273306619707;0,7539297427424251;0,6082187695937923;328,42845023698146;2691,4911398415306;650,0;0,2818337966989582
54,166666666666664;930,0489905425582;917,0139134919859;717,7150712136907;0,7539297427424251;0,6082187695937923;327,14536015832323;2682,6983177001857;650,0;0,2808934628551372
54,25;930,27879364935;917,2938776161316;718,1969956575033;0,7539297427424251;0,6082187695937923;325,87692626430567;2674,0086549873354;650,0;0,27996412414564675
54,333333333333336;930,5082448370043;917,5729232124767;718,6730472921356;0,7539297427424251;0,6082187695937923;324,62290083045957;2665,4204254063816;650,0;0,27904559634510073
54,416666666666664;930,7373451817272;917,8510609108839;719,1431699767513;0,7539297427424251;0,6082187695937923;323,3830406131915;2656,931932245661;650,0;0,2781376984073029
54,5;930,9660957547956;918,1283011632981;719,6073082376198;0,7539297427424251;0,6082187695937923;322,1571067710812;2648,5415079101826;650,0;0,27724025241420064
54,583333333333336;931,1944976225868;918,4046542468236;720,0654073800692;0,7539297427424251;0,6082187695937923;320,94486478743534;2640,2475134585925;650,0;0,2763530835254453
54,666666666666664;931,4225518466094;918,6801302667523;720,5174136056753;0,7539297427424251;0,6082187695937923;319,7460843940803;2632,048338146505;650,0;0,27547601992866105
54,75;931,6502594835318;918,9547391595427;720,9632741346013;0,7539297427424251;0,6082187695937923;318,5605394964284;2623,942398975707;650,0;0,2746088927903814
54,833333333333336;931,8776215852125;919,2284906957503;721,4029373329641;0,7539297427424251;0,6082187695937923;317,3880080997293;2615,92814024998;650,0;0,27375153620771414
54,916666666666664;932,1046391987283;919,5013944829109;721,836352845058;0,7539297427424251;0,6082187695937923;316,22827223655463;2608,004033135645;650,0;0,2729037871605608
55,0;932,3313133664043;919,7734599683755;722,2634717302205;0,7539297427424251;0,6082187695937923;315,0811178954342;2600,1685752293292;650,0;0,2720654854646194
55,083333333333336;932,5576451258416;920,0446964421004;722,6842466040774;0,7539297427424251;0,6082187695937923;313,9463349507196;2592,420290130653;650,0;0,2712364737249595
55,166666666666664;932,7836355099467;920,3151130393907;723,0986317838451;0,7539297427424251;0,6082187695937923;312,8237170935307;2584,7577270211837;650,0;0,2704165972902839
55,25;933,009285546959;920,5847187435985;723,5065834373228;0,7539297427424251;0,6082187695937923;311,71306176390203;2577,17946024887;650,0;0,2696057042078133
55,333333333333336;933,2345962604793;920,8535223887774;723,9080597351397;0,7539297427424251;0,6082187695937923;310,6141700840112;2569,684088918516;650,0;0,26880364517883637
55,416666666666664;933,4595686694978;921,1215326622922;724,3030210057714;0,7539297427424251;0,6082187695937923;309,5268467925479;2562,270236487754;650,0;0,26801027351487855
55,5;933,6842037884214;921,3887581073867;724,6914298927735;0,7539297427424251;0,6082187695937923;308,45090018013934;2554,9365503686663;650,0;0,26722544509449664
55,583333333333336;933,908502627101;921,6552071257074;725,0732515136228;0,7539297427424251;0,6082187695937923;307,386142025868;2547,6817015348033;650,0;0,26644901832068046
55,666666666666664;934,1324661908595;921,9208879797864;725,448453619495;0,7539297427424251;0,6082187695937923;306,3323875348402;2540,504384134184;650,0;0,2656808540789084
55,75;934,3560954805181;922,1858087954821;725,8170067552467;0,7539297427424251;0,6082187695937923;305,28945527682936;2533,403315107475;650,0;0,26492081569578907
55,833333333333336;934,5793914924233;922,4499775643804;726,178884418813;0,7539297427424251;0,6082187695937923;304,25716712589974;2526,3772338115355;650,0;0,26416876889829305
55,916666666666664;934,8023552184736;922,7134021461541;726,5340632191762;0,7539297427424251;0,6082187695937923;303,23534820107056;2519,4249016485614;650,0;0,26342458177360606
56,0;935,0249876461465;922,9760902708837;726,8825230320075;0,7539297427424251;0,6082187695937923;302,22382680798887;2512,5451017005444;650,0;0,26268812472957076
56,083333333333336;935,2472897585234;923,2380495413394;727,2242471520394;0,7539297427424251;0,6082187695937923;301,2224343815717;2505,73663836875;650,0;0,261959270455689
56,166666666666664;935,4692625343171;923,4992874352241;727,5592224411852;0,7539297427424251;0,6082187695937923;300,2310054296004;2498,998337018914;650,0;0,261237893884745
56,25;935,6909069478963;923,7598113073791;727,8874394713846;0,7539297427424251;0,6082187695937923;299,2493774773237;2492,3290436311104;650,0;0,2605238721549599
56,333333333333336;935,9122239693129;924,0196283919519;728,2088926611333;0,7539297427424251;0,6082187695937923;298,27739101293105;2485,7276244550003;650,0;0,25981708457272873
56,416666666666664;936,1332145643257;924,2787458045278;728,5235804046337;0,7539297427424251;0,6082187695937923;297,31488943402553;2479,1929656704037;650,0;0,25911741257594817
56,5;936,353879694427;924,5371705442257;728,831505192499;0,7539297427424251;0,6082187695937923;296,3617189949474;2472,723973052026;650,0;0,2584247396978113
56,583333333333336;936,5742203168669;924,7949094957569;729,1326737229476;0,7539297427424251;0,6082187695937923;295,4177287550323;2466,3195716405103;650,0;0,25773895153127946
56,666666666666664;936,7942373846788;925,0519694314509;729,4270970024386;0,7539297427424251;0,6082187695937923;294,4827705277504;2459,9787054171893;650,0;0,25705993569398183
56,75;937,0139318467038;925,3083570132445;729,7147904347302;0,7539297427424251;0,6082187695937923;293,5566988306988;2453,7003369840027;650,0;0,2563875817936773
56,833333333333336;937,2333046476151;925,5640787946388;729,9957738973843;0,7539297427424251;0,6082187695937923;292,6393708364827;2447,4834472490284;650,0;0,25572178139432217
56,916666666666664;937,452356727943;925,8191412226214;730,2700718047934;0,7539297427424251;0,6082187695937923;291,7306463244074;2441,3270351155193;650,0;0,25506242798254136
57,0;937,6710890240984;926,0735506395561;730,537713156875;0,7539297427424251;0,6082187695937923;290,8303876330393;2435,2301171764084;650,0;0,25440941693469094
57,083333333333336;937,889502468397;926,3273132850405;730,7987315726631;0,7539297427424251;0,6082187695937923;289,9384596135576;2429,1917274136363;650,0;0,25376264548444444
57,166666666666664;938,1075979890835;926,5804352977314;731,0531653081122;0,7539297427424251;0,6082187695937923;289,0547295839127;2423,2109169012215;650,0;0,25312201269080364
57,25;938,325376510355;926,8329227171381;731,3010572575461;0,7539297427424251;0,6082187695937923;288,17906728380365;2417,28675351383;650,0;0,25248741940669917
57,333333333333336;938,5428389523846;927,0847814853861;731,5424549382896;0,7539297427424251;0,6082187695937923;287,3113448304224;2411,418321639216;650,0;0,25185876824802395
57,416666666666664;938,7599862313443;927,3360174489493;731,7774104581551;0,7539297427424251;0,6082187695937923;286,45143667496313;2405,604721895323;650,0;0,2512359635631727
57,5;938,9768192594286;927,5866363603524;732,0059804655883;0,7539297427424251;0,6082187695937923;285,5992195598759;2399,845070851627;650,0;0,2506189114030473
57,583333333333336;939,1933389448776;927,8366438798439;732,2282260824161;0,7539297427424251;0,6082187695937923;284,75457247690485;2394,138500755039;650,0;0,25000751949156047
57,666666666666664;939,4095461919998;928,0860455770405;732,4442128192908;0,7539297427424251;0,6082187695937923;283,9173766258426;2388,4841592599696;650,0;0,24940169719659475
57,75;939,6254419011939;928,334846932542;732,6540104740671;0,7539297427424251;0,6082187695937923;283,0875153739811;2382,8812091625155;650,0;0,24880135550141116
57,833333333333336;939,8410269689725;928,5830533395184;732,8576930135014;0,7539297427424251;0,6082187695937923;282,26487421629827;2377,32882813874;650,0;0,24820640697650898
57,916666666666664;940,0563022879838;928,8306701052704;733,055338438807;0,7539297427424251;0,6082187695937923;281,44934073635284;2371,826208487701;650,0;0,24761676575199398
58,0;940,2712687470341;929,0777024527607;733,2470286357438;0,7539297427424251;0,6082187695937923;280,6408045678353;2366,372556877523;650,0;0,24703234749029263
58,083333333333336;940,4859272311093;929,3241555221201;733,4328492100549;0,7539297427424251;0,6082187695937923;279,83915735683524;2360,9670940964575;650,0;0,24645306935939826
58,166666666666664;940,7002786213969;929,5700343721267;733,6128893091914;0,7539297427424251;0,6082187695937923;279,0442927247284;2355,60905480733;650,0;0,2458788500064915
58,25;940,9143237953087;929,8153439816587;733,7872414313854;0,7539297427424251;0,6082187695937923;278,2561062317569;2350,2976873058756;650,0;0,24530960953198774
58,333333333333336;941,1280636265006;930,0600892511227;733,9560012232332;0,7539297427424251;0,6082187695937923;277,47449534125224;2345,0322532833497;650,0;0,24474526946404443
58,416666666666664;941,3414989848956;930,3042750038561;734,1192672670446;0,7539297427424251;0,6082187695937923;276,69935938444894;2339,8120275926785;650,0;0,24418575273345255
58,5;941,5546307367038;930,547905987505;734,2771408592896;0,7539297427424251;0,6082187695937923;275,9305995259865;2334,6362980181343;650,0;0,24363098364892283
58,583333333333336;941,7674597444444;930,7909868753778;734,4297257815325;0,7539297427424251;0,6082187695937923;275,1681187299681;2329,504365049254;650,0;0,2430808878728188
58,666666666666664;941,9799868669664;931,0335222677751;734,5771280652891;0,7539297427424251;0,6082187695937923;274,4118217266646;2324,4155416581043;650,0;0,24253539239726263
58,75;942,1922129594692;931,2755166932957;734,7194557522662;0,7539297427424251;0,6082187695937923;273,66161497978396;2319,369153079945;650,0;0,24199442552061115
58,833333333333336;942,4041388735232;931,5169746101201;734,8568186514535;0,7539297427424251;0,6082187695937923;272,9174066543379;2314,364536597945;650,0;0,2414579168243655
58,916666666666664;942,6157654570903;931,7579004072705;734,9893280945295;0,7539297427424251;0,6082187695937923;272,1791065850766;2309,401041331063;650,0;0,24092579715042944
59,0;942,827093554545;931,9982984058493;735,1170966910177;0,7539297427424251;0,6082187695937923;271,4466262454948;2304,4780280253626;650,0;0,24039799857874122
59,083333333333336;943,0381240066936;932,2381728602545;735,2478880079302;0,7539297427424251;0,6082187695937923;270,71987871739225;2299,594868849018;650,0;0,23987445440530175
59,166666666666664;943,2488576507945;932,477527959375;735,3824612308233;0,7539297427424251;0,6082187695937923;269,99877866097677;2294,750947190645;650,0;0,23935509912056382
59,25;943,4592953205789;932,7163678277632;735,5208993078659;0,7539297427424251;0,6082187695937923;269,28324228548774;2289,9456574602073;650,0;0,23883986838810992
59,333333333333336;943,6694378462696;932,954696526787;735,6632854330412;0,7539297427424251;0,6082187695937923;268,57318732039346;2285,1784048946747;650,0;0,2383286990238275
59,416666666666664;943,8792860546012;933,1925180557622;735,809702953512;0,7539297427424251;0,6082187695937923;267,86853298706603;2280,44860536529;650,0;0,23782152897527875
59,5;944,0888407688393;933,4298363530637;735,9602352732605;0,7539297427424251;0,6082187695937923;267,16919997097364;2275,755685189374;650,0;0,23731829730154197
59,583333333333336;944,2981028088002;933,666655297217;736,1149657531626;0,7539297427424251;0,6082187695937923;266,47511039438996;2271,0990809442287;650,0;0,23681894415329727
59,666666666666664;944,5070729908703;933,9029787079702;736,2739776076806;0,7539297427424251;0,6082187695937923;265,78618778958116;2266,4782392846278;650,0;0,23632341075329166
59,75;944,7157521280243;934,1388103473473;736,4373537983854;0,7539297427424251;0,6082187695937923;265,1023570725016;2261,892616763598;650,0;0,23583163937715867
59,833333333333336;944,9241410298451;934,3741539206818;736,6051769245374;0,7539297427424251;0,6082187695937923;264,4235445169244;2257,3416796553915;650,0;0,23534357333448272
59,916666666666664;945,1322405025427;934,6090130776321;736,777529110988;0,7539297427424251;0,6082187695937923;263,7496777290835;2252,824903782392;650,0;0,2348591569502788
60,0;945,340051348972;934,8433914131788;736,9544918936782;0,7539297427424251;0,6082187695937923;263,08068562276503;2248,341774344141;650,0;0,234378335546712
60,083333333333336;945,547574368652;935,0772924686039;737,1361461030392;0,7539297427424251;0,6082187695937923;262,41649839483046;2243,891785749611;650,0;0,23390105542515954
60,166666666666664;945,7548103577843;935,3107197324525;737,3225717456189;0,7539297427424251;0,6082187695937923;261,75704750120303;2239,4744414522806;650,0;0,23342726384857876
60,25;945,9617601092717;935,5436766414767;737,5138478842789;0,7539297427424251;0,6082187695937923;261,1022656332949;2235,089253787825;650,0;0,23295690902415897
60,333333333333336;946,1684244127354;935,7761665815631;737,7100525173262;0,7539297427424251;0,6082187695937923;260,45208669487465;2230,7357438150193;650,0;0,23248994008631568
60,416666666666664;946,3748040545339;936,008192888643;737,911262456959;0,7539297427424251;0,6082187695937923;259,8064457793072;2226,4134411584973;650,0;0,2320263070798912
60,5;946,580899817781;936,2397588495867;738,1175532074238;0,7539297427424251;0,6082187695937923;259,16527914727396;2222,121883854992;650,0;0,23156596094372653
60,583333333333336;946,786712482363;936,4708677030811;738,3289988432914;0,7539297427424251;0,6082187695937923;258,52852420485704;2217,860618201995;650,0;0,23110885349449167
60,666666666666664;946,9922428249573;936,7015226404918;738,5456718882713;0,7539297427424251;0,6082187695937923;257,8961194820465;2213,6291986084243;650,0;0,2306549374107436
60,75;947,197491619049;936,9317268067092;738,7676431949932;0,7539297427424251;0,6082187695937923;257,2680046116375;2209,42718744889;650,0;0,2302041662173563
60,833333333333336;947,4024596349487;937,1614833009793;738,9949818261873;0,7539297427424251;0,6082187695937923;256,6441203084935;2205,25415491927;650,0;0,22975649427010691
60,916666666666664;947,6071476398107;937,39079517772;739,2277549376998;0,7539297427424251;0,6082187695937923;256,0244083492364;2201,109678895805;650,0;0,2293118767406305
61,0;947,811556397649;937,6196654473215;739,4660276637798;0,7539297427424251;0,6082187695937923;255,40881155226884;2196,993344795962;650,0;0,22887026960157075
61,083333333333336;948,015686669355;937,8480970769335;739,709863005069;0,7539297427424251;0,6082187695937923;254,79727375818868;2192,9047454419315;650,0;0,22843162961201277
61,166666666666664;948,2195392127144;938,0760929912367;739,9593217197223;0,7539297427424251;0,6082187695937923;254,18973981053625;2188,8434809264563;650,0;0,22799591430316532
61,25;948,4231147824241;938,303656073201;740,2144622180746;0,7539297427424251;0,6082187695937923;253,58615553694221;2184,809158480742;650,0;0,22756308196427374
61,333333333333336;948,6264141301092;938,5307891648298;740,475340461261;0,7539297427424251;0,6082187695937923;252,98646773057953;2180,8013923454455;650,0;0,22713309162884904
61,416666666666664;948,829438004339;938,7574950678908;740,7420098641797;0,7539297427424251;0,6082187695937923;252,39062413198496;2176,8198036424824;650,0;0,2267059030610081
61,5;949,0321871506444;938,983776544633;741,0145212031701;0,7539297427424251;0,6082187695937923;251,79857341120453;2172,864020250704;650,0;0,22628147674220464
61,583333333333336;949,2346623115334;939,209636318491;741,2929225287581;0,7539297427424251;0,6082187695937923;251,21026515028575;2168,9336766823567;650,0;0,22585977385806605
61,666666666666664;949,4368642265083;939,4350770747765;741,5772590837981;0,7539297427424251;0,6082187695937923;250,62564982605977;2165,028413962359;650,0;0,22544075628552004
61,75;949,6387936320813;939,6601014613567;741,8675732273144;0,7539297427424251;0,6082187695937923;250,04467879329582;2161,147879510126;650,0;0,22502438658019377
61,833333333333336;949,8404512617907;939,8847120893206;742,1639043643188;0,7539297427424251;0,6082187695937923;249,46730426811428;2157,291727022118;650,0;0,22461062796390485
61,916666666666664;950,0418378462173;940,1089115336331;742,46628888185;0,7539297427424251;0,6082187695937923;248,89347931175223;2153,4596163576475;650,0;0,22419944431248917
62,0;950,2429541129995;940,3327023337769;742,774760091452;0,7539297427424251;0,6082187695937923;248,32315781460466;2149,6512134263817;650,0;0,22379080014381242
62,083333333333336;950,4438007868503;940,5560869943828;743,0893481782729;0,7539297427424251;0,6082187695937923;247,7562944805669;2145,866190077487;650,0;0,2233846606059638
62,166666666666664;950,6443785895713;940,7790679858484;743,4100801569354;0,7539297427424251;0,6082187695937923;247,192844811687;2142,1042239910335;650,0;0,22298099146568862
62,25;950,8446882400694;941,0016477449454;743,7369798342934;0,7539297427424251;0,6082187695937923;246,63276509307082;2138,36499857129;650,0;0,2225797590970216
62,333333333333336;951,0447304543728;941,2238286754156;744,0700677791575;0,7539297427424251;0,6082187695937923;246,07601237810002;2134,6482028416785;650,0;0,22218093047010365
62,416666666666664;951,2445059456447;941,4456131485558;744,4093612990328;0,7539297427424251;0,6082187695937923;245,52254447393125;2130,9535313420074;650,0;0,2217844731402383
62,5;951,4440154241998;941,6670035037929;744,7548744238834;0,7539297427424251;0,6082187695937923;244,97231992722277;2127,280684026999;650,0;0,22139035523708933
62,583333333333336;951,6432595975189;941,888002049247;745,1066178968998;0,7539297427424251;0,6082187695937923;244,42529801017372;2123,629366167094;650,0;0,2209985454541207
62,666666666666664;951,8422391702644;942,1086110622851;745,464599172213;0,7539297427424251;0,6082187695937923;243,88143870679642;2119,9992882503625;650,0;0,22060901303816138
62,75;952,0409548442949;942,3288327900644;745,8288224194674;0,7539297427424251;0,6082187695937923;243,34070269948143;2116,39016588719;650,0;0,22022172777925586
62,833333333333336;952,2394073186803;942,5486694500651;746,1992885351342;0,7539297427424251;0,6082187695937923;242,80305135576157;2112,801719715589;650,0;0,21983666000059263
62,916666666666664;952,4375972897159;942,7681232306137;746,5759951604134;0,7539297427424251;0,6082187695937923;242,26844671538004;2109,233675308774;650,0;0,2194537805486716
63,0;952,6355254509382;942,9871962913974;746,9589367055518;0,7539297427424251;0,6082187695937923;241,73685147755464;2105,685763084475;650,0;0,21907306078365224
63,083333333333336;952,8331924931385;943,2058907639672;747,3481043803695;0,7539297427424251;0,6082187695937923;241,20822898852055;2102,157718215305;650,0;0,21869447256982574
63,166666666666664;953,0305991043778;943,4242087522335;747,7434862307725;0,7539297427424251;0,6082187695937923;240,6825432292834;2098,6492805412663;650,0;0,2183179882663073
63,25;953,2277459700009;943,6421523329515;748,1450671809998;0,7539297427424251;0,6082187695937923;240,15975880360543;2095,1601944836652;650,0;0,2179435807178806
63,333333333333336;953,4246337726512;943,8597235561974;748,5528290813381;0,7539297427424251;0,6082187695937923;239,63984092623605;2091,690208960582;650,0;0,21757122324601086
63,416666666666664;953,621263192284;944,0769244458374;748,96675076102;0,7539297427424251;0,6082187695937923;239,1227554113442;2088,239077303654;650,0;0,2172008896399989
63,5;953,8176349061818;944,2937569999858;749,3868080860037;0,7539297427424251;0,6082187695937923;238,6084686611639;2084,8065571765933;650,0;0,2168325541483173
63,583333333333336;954,0137495889669;944,5102231914559;749,8129740213254;0,7539297427424251;0,6082187695937923;238,09694765489837;2081,3924104951116;650,0;0,21646619147010196
63,666666666666664;954,2096079126165;944,7263249682027;750,2452186976991;0,7539297427424251;0,6082187695937923;237,5881599377749;2077,996403348329;650,0;0,21610177674679576
63,75;954,4052105464759;944,9420642537566;750,6835094820364;0,7539297427424251;0,6082187695937923;237,0820736103468;2074,618305921309;650,0;0,21573928555392133
63,833333333333336;954,6005581572722;945,1574429476497;751,1278110515518;0,7539297427424251;0,6082187695937923;236,57865731798324;2071,2578924194568;650,0;0,215378693893044
63,916666666666664;954,7956514091285;945,3724629258335;751,5780854711154;0,7539297427424251;0,6082187695937923;236,07788024056333;2067,914940994048;650,0;0,21501997818386046
64,0;954,9904909635766;945,5871260410898;752,0342922735146;0,7539297427424251;0,6082187695937923;235,57971208237518;2064,589233668808;650,0;0,21466311525640397
64,08333333333333;955,1850774795711;945,8014341234333;752,4963885422885;0,7539297427424251;0,6082187695937923;235,08412306216826;2061,2805562684944;650,0;0,2143080823434509
64,16666666666667;955,3794116135026;946,0153889805063;752,9643289968017;0,7539297427424251;0,6082187695937923;234,59108390344454;2057,9886983480374;650,0;0,21395485707300171
64,25;955,573494019211;946,2289923979672;753,438066079227;0,7539297427424251;0,6082187695937923;234,1005658249088;2054,7134531237343;650,0;0,21360341746096853
64,33333333333333;955,7673253479982;946,4422461398711;753,9175500431174;0,7539297427424251;0,6082187695937923;233,6125405310952;2051,4546174048946;650,0;0,213253741903921
64,41666666666667;955,9609062486426;946,6551519490431;754,4027290432515;0,7539297427424251;0,6082187695937923;233,12698020317555;2048,2119915270478;650,0;0,21290580917199534
64,5;956,1542373674101;946,8677115474451;754,8935492264487;0,7539297427424251;0,6082187695937923;232,64385748998677;2044,9853792872707;650,0;0,21255959840202115
64,58333333333333;956,3473193480692;947,0799266365357;755,3899548230618;0,7539297427424251;0,6082187695937923;232,16314549912624;2041,7745878786957;650,0;0,21221508909057857
64,66666666666667;956,540152831902;947,291798897623;755,8918882388621;0,7539297427424251;0,6082187695937923;231,68481778833723;2038,5794278280162;650,0;0,2118722610873618
64,75;956,7327384577179;947,5033299922117;756,3992901470513;0,7539297427424251;0,6082187695937923;231,20884835697382;2035,3997129336767;650,0;0,21153109458861438
64,83333333333333;956,9250768618668;947,7145215623423;756,9120995801412;0,7539297427424251;0,6082187695937923;230,73521163765633;2032,2352602043127;650,0;0,21119157013060533
64,91666666666667;957,1171686782504;947,9253752309256;757,430254021461;0,7539297427424251;0,6082187695937923;230,2638824881143;2029,0858897997625;650,0;0,21085366858336266
65,0;957,309014538336;948,13589260207;757,953689496064;0,7539297427424251;0,6082187695937923;229,7948361831203;2025,9514249720626;650,0;0,21051737114441404
65,08333333333333;957,5006150711677;948,3460752614027;758,4823406608213;0,7539297427424251;0,6082187695937923;229,32804840664858;2022,831692007687;650,0;0,2101826593326647
65,16666666666667;957,69197090338;948,5559247763852;759,0161408935026;0,7539297427424251;0,6082187695937923;228,86349524412424;2019,7265201714229;650,0;0,20984951498243595
65,25;957,8830826592095;948,7654426966227;759,5550223806646;0,7539297427424251;0,6082187695937923;228,40115317487175;2016,6357416507415;650,0;0,20951792023756916
65,33333333333333;958,0739509605072;948,9746305541684;760,098916204175;0,7539297427424251;0,6082187695937923;227,94099906467125;2013,5591915010327;650,0;0,20918785754561992
65,41666666666667;958,2645764267505;949,1834898638206;760,6477524262215;0,7539297427424251;0,6082187695937923;227,4830101584712;2010,4967075928123;650,0;0,20885930965225108
65,5;958,4549596750552;949,3920221234162;761,2014601726656;0,7539297427424251;0,6082187695937923;227,02716407324885;2007,4481305586942;650,0;0,20853225959561772
65,58333333333333;958,6451013201879;949,600228814117;761,7599677146178;0,7539297427424251;0,6082187695937923;226,57343879097596;2004,4133037418394;650,0;0,20820669070089967
65,66666666666667;958,835001974578;949,808111400692;762,323202548122;0,7539297427424251;0,6082187695937923;226,12181265177185;2001,3920731460116;650,0;0,20788258657500136
65,75;959,0246622483286;950,0156713317933;762,8910914718545;0,7539297427424251;0,6082187695937923;225,6722643471477;1998,384287385474;650,0;0,20755993110124557
65,83333333333333;959,2140827492292;950,2229100402275;763,4635606627501;0,7539297427424251;0,6082187695937923;225,22477291338134;1995,3897976360954;650,0;0,2072387084341921
65,91666666666667;959,4032640827672;950,4298289432221;764,040535749488;0,7539297427424251;0,6082187695937923;224,77931772504292;1992,4084575882864;650,0;0,20691890299464122
66,0;959,592206852139;950,6364294426867;764,6219418837727;0,7539297427424251;0,6082187695937923;224,33587848862828;1989,4401233995095;650,0;0,2066004994646077
66,08333333333333;959,7809116582624;950,8427129254691;765,2077038093663;0,7539297427424251;0,6082187695937923;223,89443523630916;1986,4846536480911;650,0;0,20628348278242695
66,16666666666667;959,969379099787;951,0486807636071;765,7977459288304;0,7539297427424251;0,6082187695937923;223,45496831983382;1983,5419092887707;650,0;0,20596783813803726
66,25;960,1576097731069;951,2543343145753;766,3919923679532;0,7539297427424251;0,6082187695937923;223,01745840449883;1980,611753607609;650,0;0,2056535509682096
66,33333333333333;960,3456042723705;951,4596749215273;766,9903670378411;0,7539297427424251;0,6082187695937923;222,58188646328847;1977,6940521789556;650,0;0,20534060695198375
66,41666666666667;960,533363189493;951,6647039135333;767,5927936946669;0,7539297427424251;0,6082187695937923;222,14823377107962;1974,7886728224885;650,0;0,2050289920061191
66,5;960,7208871141675;951,869422605814;768,1991959970726;0,7539297427424251;0,6082187695937923;221,71648189899145;1971,895485561147;650,0;0,204718692280641
66,58333333333333;960,9081766338749;952,0738322999686;768,809497561234;0,7539297427424251;0,6082187695937923;221,28661270883754;1969,01436258073;650,0;0,2044096941545524
66,66666666666667;961,0952323338964;952,2779342842;769,4236220135989;0,7539297427424251;0,6082187695937923;220,85860834765754;1966,1451781883081;650,0;0,20410198423144257
66,75;961,2820547973238;952,4817298335354;770,0414930413202;0,7539297427424251;0,6082187695937923;220,43245124241082;1963,2878087739127;650,0;0,20379554933541666
66,83333333333333;961,4686446050704;952,6852202100423;770,6630344404084;0,7539297427424251;0,6082187695937923;220,00812409470996;1960,4421327709076;650,0;0,20349037650690535
66,91666666666667;961,6550023358817;952,8884066630409;771,2881701616337;0,7539297427424251;0,6082187695937923;219,58560987570195;1957,608030617676;650,0;0,20318645299861202
67,0;961,8411285663466;953,0912904293125;771,9168243542144;0,7539297427424251;0,6082187695937923;219,16489182102055;1954,7853847209155;650,0;0,20288376627161622
67,08333333333333;962,0270238709081;953,2938727333039;772,5489214073299;0,7539297427424251;0,6082187695937923;218,74595342585224;1951,9740794182894;650,0;0,2025823039914273
67,16666666666667;962,2126888218734;953,4961547873281;773,1843859895013;0,7539297427424251;0,6082187695937923;218,32877844010454;1949,1740009426123;650,0;0,20228205402419136
67,25;962,3981239894249;953,698137791761;773,8231430858868;0,7539297427424251;0,6082187695937923;217,9133508636312;1946,3850373864757;650,0;0,2019830044329443
67,33333333333333;962,5833299416305;953,899822935235;774,4651180335405;0,7539297427424251;0,6082187695937923;217,49965494159653;1943,6070786676885;650,0;0,20168514347395394
67,41666666666667;962,7683072444541;954,101211394828;775,1102365546858;0,7539297427424251;0,6082187695937923;217,08767515988825;1940,840016494809;650,0;0,20138845959307503
67,5;962,9530564617664;954,3023043362502;775,7584247880567;0,7539297427424251;0,6082187695937923;216,67739624065234;1938,083744334048;650,0;0,201092941422244
67,58333333333333;963,1375781553545;954,5031029140263;776,4096093183629;0,7539297427424251;0,6082187695937923;216,2688031379048;1935,3381573765962;650,0;0,20079857777602025
67,66666666666667;963,3218728849329;954,7036082716744;777,0637172039336;0,7539297427424251;0,6082187695937923;215,8618810332058;1932,603152506097;650,0;0,20050535764814661
67,75;963,5059412081523;954,9038215418826;777,7206760025982;0,7539297427424251;0,6082187695937923;215,45661533146188;1929,878628267642;650,0;0,20021327020826424
67,83333333333333;963,6897836806115;955,1037438466811;778,3804137958608;0,7539297427424251;0,6082187695937923;215,05299165674217;1927,1644848358997;650,0;0,199922304798548
67,91666666666667;963,8734008558671;955,3033762976117;779,0428592114272;0,7539297427424251;0,6082187695937923;214,65099584825964;1924,4606239856298;650,0;0,19963245093057924
68,0;964,0567932854417;955,5027199958939;779,7079414441431;0,7539297427424251;0,6082187695937923;214,25061395638352;1921,7669490616556;650,0;0,19934369828217158
68,08333333333333;964,2399615188361;955,7017760325881;780,375590275401;0,7539297427424251;0,6082187695937923;213,85183223869433;1919,0833649490983;650,0;0,1990560366942248
68,16666666666667;964,4229061035387;955,9005454887558;781,0457360910739;0,7539297427424251;0,6082187695937923;213,454637156201;1916,409778045498;650,0;0,19876945616777011
68,25;964,6056275850336;956,0990294356168;781,7183098980338;0,7539297427424251;0,6082187695937923;213,05901536957208;1913,7460962320713;650,0;0,19848394686093584
68,33333333333333;964,7881265068128;956,2972289347028;782,3932433393119;0,7539297427424251;0,6082187695937923;212,66495373542114;1911,0922288461536;650,0;0,1981994990860292
68,41666666666667;964,970403410384;956,4951450380096;783,0704687079558;0,7539297427424251;0,6082187695937923;212,27243930274824;1908,4480866544004;650,0;0,19791610330670292
68,5;965,1524588352817;956,6927787881447;783,7499189596405;0,7539297427424251;0,6082187695937923;211,88145930936173;1905,81358182593;650,0;0,19763375013511505
68,58333333333333;965,3342933190754;956,8901312184738;784,4315277240853;0,7539297427424251;0,6082187695937923;211,49200117842497;1903,1886279065338;650,0;0,19735243032919986
68,66666666666667;965,5159073973803;957,0872033532637;785,1152293153328;0,7539297427424251;0,6082187695937923;211,10405251504005;1900,5731397926816;650,0;0,19707213478992291
68,75;965,6973016038658;957,2839962078224;785,8009587409391;0,7539297427424251;0,6082187695937923;210,71760110291393;1897,9670337067819;650,0;0,19679285455866133
68,83333333333333;965,8784764702659;957,4805107886369;786,4886517101278;0,7539297427424251;0,6082187695937923;210,33263490108425;1895,3702271724026;650,0;0,19651458081458542
68,91666666666667;966,0594325263876;957,6767480935091;787,1782446409569;0,7539297427424251;0,6082187695937923;209,94914204072472;1892,7826389903337;650,0;0,19623730487212693
69,0;966,2401703001209;957,8727091116875;787,8696746665466;0,7539297427424251;0,6082187695937923;209,56711082196193;1890,2041892141872;650,0;0,1959610181784045
69,08333333333333;966,4206903174476;958,0683948239985;788,562879640415;0,7539297427424251;0,6082187695937923;209,18652971083418;1887,634799128405;650,0;0,19568571231088763
69,16666666666667;966,6009931024506;958,2638062029733;789,2577981409665;0,7539297427424251;0,6082187695937923;208,80738733622763;1885,0743912242224;650,0;0,19541137897486757
69,25;966,7810791773234;958,4589442129745;789,9543694751785;0,7539297427424251;0,6082187695937923;208,42967248693185;1882,522889178042;650,0;0,1951380100011641
69,33333333333333;966,9609490623782;958,6538098103183;790,6525336815265;0,7539297427424251;0,6082187695937923;208,05337410872085;1879,980217829093;650,0;0,19486559734376835
69,41666666666667;967,1406032760566;958,848403943396;791,3522315321909;0,7539297427424251;0,6082187695937923;207,67848130149673;1877,4463031582998;650,0;0,194594133077604
69,5;967,3200423349365;959,0427275527923;792,053404534584;0,7539297427424251;0,6082187695937923;207,30498331651575;1874,9210722669807;650,0;0,19432360939628066
69,58333333333333;967,4992667537425;959,2367815714022;792,7559949322358;0,7539297427424251;0,6082187695937923;206,93286955360577;1872,4044533557603;650,0;0,1940540186098659
69,66666666666667;967,6782770453547;959,430566924545;793,4599457050747;0,7539297427424251;0,6082187695937923;206,5621295585089;1869,8963757050785;650,0;0,1937853531428186
69,75;967,857073720816;959,6240845300769;794,1652005691396;0,7539297427424251;0,6082187695937923;206,19275302024107;1867,3967696544403;650,0;0,19351760553180572
69,83333333333333;968,0356572893432;959,8173352985006;794,8717039757569;0,7539297427424251;0,6082187695937923;205,82472976847725;1864,905566583363;650,0;0,19325076842368027
69,91666666666667;968,214028258334;960,0103201330741;795,5794011102139;0,7539297427424251;0,6082187695937923;205,4580497710674;1862,4226988922187;650,0;0,19298483457346172
70,0;968,3921871333757;960,2030399299164;796,2882378899625;0,7539297427424251;0,6082187695937923;205,0927031314984;1859,9480999830635;650,0;0,19271979684230992
70,08333333333333;968,5701344182548;960,395495578112;796,9981609623799;0,7539297427424251;0,6082187695937923;204,7286800864839;1857,481704241519;650,0;0,19245564819560929
70,16666666666667;968,7478706149647;960,587687959813;797,7091177021177;0,7539297427424251;0,6082187695937923;204,3659710035712;1855,023447018639;650,0;0,19219238170105316
70,25;968,9253962237144;960,7796179503398;798,4210562080651;0,7539297427424251;0,6082187695937923;204,00456637879074;1852,5732646128918;650,0;0,19192999052674292
70,33333333333333;969,1027117429372;960,9712864182792;799,133925299953;0,7539297427424251;0,6082187695937923;203,64445683436543;1850,1310942531964;650,0;0,1916684679393912
70,41666666666667;969,2798176692991;961,1626942255817;799,8476745146244;0,7539297427424251;0,6082187695937923;203,28563311645098;1847,696874081505;650,0;0,1914078073024853
70,5;969,4567144977063;961,3538422276563;800,5622541019935;0,7539297427424251;0,6082187695937923;202,9280860929333;1845,2705431362472;650,0;0,19114800207453675
70,58333333333333;969,6334027213146;961,5447312734636;801,2776150207183;0,7539297427424251;0,6082187695937923;202,57180675125142;1842,85204133576;650,0;0,19088904580733174
70,66666666666667;969,8098828315372;961,7353622056079;801,9937089336061;0,7539297427424251;0,6082187695937923;202,21678619627426;1840,4413094621127;650,0;0,19063093214422314
70,75;969,9861553180527;961,9257358604264;802,7104882027741;0,7539297427424251;0,6082187695937923;201,86301564823168;1838,0382891457932;650,0;0,19037365481850863
70,83333333333333;970,1622206688139;962,1158530680781;803,4279058845841;0,7539297427424251;0,6082187695937923;201,51048644065952;1835,6429228496197;650,0;0,19011720765173737
70,91666666666667;970,3380793700546;962,3057146526302;804,1459157243696;0,7539297427424251;0,6082187695937923;201,15919001839586;1833,2551538539103;650,0;0,1898615845521389
71,0;970,5137319062997;962,4953214321432;804,8644721509729;0,7539297427424251;0,6082187695937923;200,80911793561143;1830,8749262411104;650,0;0,1896067795130045
71,08333333333333;970,6891787603707;962,6846742187545;805,5835302711097;0,7539297427424251;0,6082187695937923;200,460261853911;1828,5021848820877;650,0;0,1893527866112315
71,16666666666667;970,864420413396;962,8737738187601;806,3030458635759;0,7539297427424251;0,6082187695937923;200,11261354040641;1826,1368754206126;650,0;0,18909960000569456
71,25;971,0394573448176;963,062621032696;807,0229753733129;0,7539297427424251;0,6082187695937923;199,76616486589762;1823,7789442603694;650,0;0,188847213935864
71,33333333333333;971,2142900323988;963,2512166554163;807,7432759053438;0,7539297427424251;0,6082187695937923;199,42090780303943;1821,4283385505048;650,0;0,18859562272028593
71,41666666666667;971,3889189522326;963,4395614761715;808,4639052185963;0,7539297427424251;0,6082187695937923;199,07683442456232;1819,0850061722426;650,0;0,18834482075516715
71,5;971,5633445787495;963,6276562786845;809,1848217196223;0,7539297427424251;0,6082187695937923;198,7339369015274;1816,7488957254998;650,0;0,188094802512963
71,58333333333333;971,7375673847247;963,8155018412256;809,9059844562282;0,7539297427424251;0,6082187695937923;198,39220750162383;1814,4199565165832;650,0;0,1878455625410706
71,66666666666667;971,9115878412863;964,0030989366859;810,6273531110268;0,7539297427424251;0,6082187695937923;198,0516385874779;1812,0981385442487;650,0;0,1875970954603697
71,75;972,0854064179225;964,1904483326499;811,3488879949199;0,7539297427424251;0,6082187695937923;197,7122226150101;1809,7833924881882;650,0;0,18734939596399508
71,83333333333333;972,2590235824897;964,3775507914659;812,0705500405244;0,7539297427424251;0,6082187695937923;197,37395213181514;1807,4756696961265;650,0;0,18710245881598106
71,91666666666667;972,4324398012197;964,564407070316;812,7923007955479;0,7539297427424251;0,6082187695937923;197,03681977559597;1805,1749221722632;650,0;0,18685627885003697
72,0;972,6056555387273;964,7510179212842;813,5141024161264;0,7539297427424251;0,6082187695937923;196,7008182725948;1802,8811025649989;650,0;0,18661085096825492
72,08333333333333;972,7786712580179;964,9373840914241;814,2359176601286;0,7539297427424251;0,6082187695937923;196,3659404360783;1800,5941641558438;650,0;0,18636617013993345
72,16666666666667;972,9514874204945;965,1235063228244;814,957709880438;0,7539297427424251;0,6082187695937923;196,0321791648454;1798,3140608475544;650,0;0,18612223140033127
72,25;973,1241044859654;965,3093853526739;815,6794430182172;0,7539297427424251;0,6082187695937923;195,69952744175225;1796,040747153406;650,0;0,1858790298495283
72,33333333333333;973,2965229126522;965,4950219133251;816,401081596164;0,7539297427424251;0,6082187695937923;195,36797833228832;1793,774178185871;650,0;0,18563656065123624
72,41666666666667;973,4687431571958;965,6804167323568;817,1225907117631;0,7539297427424251;0,6082187695937923;195,03752498317795;1791,5143096465195;650,0;0,18539481903172553
72,5;973,6407656746641;965,8655705326354;817,8439360305409;0,7539297427424251;0,6082187695937923;194,7081606209764;1789,2610978147402;650,0;0,18515380027864178
72,58333333333333;973,81259091856;966,0504840323754;818,5650837793291;0,7539297427424251;0,6082187695937923;194,37987855071697;1787,0144995380529;650,0;0,18491349973997523
72,66666666666667;973,9842193408276;966,2351579451984;819,286000739541;0,7539297427424251;0,6082187695937923;194,05267215461492;1784,774472221674;650,0;0,1846739128229662
72,75;974,1556513918598;966,4195929801914;820,0066542404667;0,7539297427424251;0,6082187695937923;193,72653489073173;1782,5409738187282;650,0;0,18443503499306685
72,83333333333333;974,3268875205054;966,6037898419643;820,727012152591;0,7539297427424251;0,6082187695937923;193,40146029171024;1780,3139628205445;650,0;0,18419686177291753
72,91666666666667;974,4979281740758;966,7877492307056;821,4470428809384;0,7539297427424251;0,6082187695937923;193,077441963527;1778,093398247116;650,0;0,18395938874133994
73,0;974,6687737983523;966,9714718422379;822,1667153584483;0,7539297427424251;0,6082187695937923;192,75447358425595;1775,8792396374554;650,0;0,1837226115323218
73,08333333333333;974,8394248375931;967,1549583680719;822,8859990393856;0,7539297427424251;0,6082187695937923;192,4325489028604;1773,6714470409581;650,0;0,18348652583409797
73,16666666666667;975,0098817345406;967,3382094954601;823,6048638927881;0,7539297427424251;0,6082187695937923;192,11166173803065;1771,4699810082134;650,0;0,1832511273881845
73,25;975,180144930427;967,5212259074485;824,323280395955;0,7539297427424251;0,6082187695937923;191,79180597701304;1769,2748025818119;650,0;0,18301641198841134
73,33333333333333;975,3502148649825;967,7040082829286;825,0412195279788;0,7539297427424251;0,6082187695937923;191,47297557446166;1767,085873288105;650,0;0,18278237548004633
73,41666666666667;975,5200919764418;967,8865572966876;825,7586527633237;0,7539297427424251;0,6082187695937923;191,15516455134696;1764,9031551286566;650,0;0,18254901375889535
73,5;975,68977670155;968,068873619458;826,4755520654512;0,7539297427424251;0,6082187695937923;190,83836699385586;1762,7266105720314;650,0;0,18231632277043344
73,58333333333333;975,859269475571;968,250957917967;827,1918898804978;0,7539297427424251;0,6082187695937923;190,52257705230033;1760,5562025452027;650,0;0,18208429850890112
73,66666666666667;976,0285707322922;968,4328108549835;827,9076391310033;0,7539297427424251;0,6082187695937923;190,20778894009993;1758,3918944259983;650,0;0,18185293701650435
73,75;976,1976809040332;968,614433089366;828,6227732096949;0,7539297427424251;0,6082187695937923;189,89399693271878;1756,2336500350634;650,0;0,18162223438256522
73,83333333333333;976,3666004216503;968,7958252761088;829,337265973326;0,7539297427424251;0,6082187695937923;189,58119536667937;1754,0814336282629;650,0;0,1813921867427211
73,91666666666667;976,5353297145455;968,9769880663869;830,0510917365724;0,7539297427424251;0,6082187695937923;189,26937863853937;1751,9352098887907;650,0;0,18116279027809243
74,0;976,7038692106706;969,1579221076014;830,7642252659872;0,7539297427424251;0,6082187695937923;188,95854120396507;1749,7949439204187;650,0;0,1809340412145665
74,08333333333333;976,8722193365354;969,3386280434233;831,4766417740145;0,7539297427424251;0,6082187695937923;188,64867757673096;1747,6606012396362;650,0;0,18070593582197025
74,16666666666667;977,0403805172139;969,5191065138367;832,1883169130642;0,7539297427424251;0,6082187695937923;188,3397823278017;1745,5321477686934;650,0;0,18047847041333565
74,25;977,2083531763496;969,6993581551809;832,8992267696478;0,7539297427424251;0,6082187695937923;188,03185008442824;1743,4095498290271;650,0;0,1802516413442015
74,33333333333333;977,3761377361637;969,8793836001927;833,6093478585764;0,7539297427424251;0,6082187695937923;187,7248755292186;1741,2927741336182;650,0;0,18002544501181367
74,41666666666667;977,5437346174601;970,0591834780472;834,3186571172208;0,7539297427424251;0,6082187695937923;187,4188533992765;1739,1817877809424;650,0;0,17979987785448018
74,5;977,7111442396323;970,238758414398;835,0271318998357;0,7539297427424251;0,6082187695937923;187,11377848532322;1737,0765582481895;650,0;0,17957493635085622
74,58333333333333;977,8783670206695;970,4181090314173;835,7347499719466;0,7539297427424251;0,6082187695937923;186,80964563085638;1734,977053384777;650,0;0,1793506170192607
74,66666666666667;978,0454033771631;970,5972359478343;836,4414895048012;0,7539297427424251;0,6082187695937923;186,50644973130568;1732,8832414059784;650,0;0,1791269164170023
74,75;978,2122537243125;970,776139778974;837,1473290698842;0,7539297427424251;0,6082187695937923;186,20418573322013;1730,795090886742;650,0;0,1789038311397272
74,83333333333333;978,3789184759316;970,9548211367947;837,8522476334972;0,7539297427424251;0,6082187695937923;185,9028486334637;1728,7125707555547;650,0;0,17868135782077116
74,91666666666667;978,5453980444555;971,1332806299253;838,5562245514025;0,7539297427424251;0,6082187695937923;185,6024334784223;1726,6356502885526;650,0;0,17845949313053588
75,0;978,7116928409451;971,3115188637012;839,2592395635311;0,7539297427424251;0,6082187695937923;185,30293536325644;1724,5642991036918;650,0;0,17823823377587533
75,08333333333333;978,877803275095;971,4895364402006;839,9612727887554;0,7539297427424251;0,6082187695937923;185,0043494310995;1722,4984871547415;650,0;0,1780175764994602
75,16666666666667;979,0437297552379;971,6673339582799;840,6623047197262;0,7539297427424251;0,6082187695937923;184,7066708723588;1720,438184726083;650,0;0,1777975180792274
75,25;979,2094726883522;971,8449120136077;841,3623162177729;0,7539297427424251;0,6082187695937923;184,4098949239509;1718,3833624266745;650,0;0,17757805532774554
75,33333333333333;979,3750324800666;972,0222711986993;842,0612885078685;0,7539297427424251;0,6082187695937923;184,11401686861382;1716,333991185084;650,0;0,17735918509168686
75,41666666666667;979,540409534667;972,1994121029505;842,7592031736576;0,7539297427424251;0,6082187695937923;183,81903203418233;1714,2900422437308;650,0;0,1771409042512226
75,5;979,7056042551018;972,37633531267;843,4560421525478;0,7539297427424251;0,6082187695937923;183,5249357929115;1712,2514871540784;650,0;0,17692320971951095
75,58333333333333;979,8706170429883;972,5530414111121;844,1517877308638;0,7539297427424251;0,6082187695937923;183,23172356079453;1710,2182977712441;650,0;0,17670609844213048
75,66666666666667;980,0354482986183;972,7295309785086;844,8464225390645;0,7539297427424251;0,6082187695937923;182,9393907969063;1708,190446249087;650,0;0,17648956739656033
75,75;980,2000984209639;972,9058045921003;845,5399295470214;0,7539297427424251;0,6082187695937923;182,6479330027439;1706,167905035213;650,0;0,1762736135916527
75,83333333333333;980,3645678076832;973,0818628261674;846,2322920593595;0,7539297427424251;0,6082187695937923;182,35734572159004;1704,1506468663554;650,0;0,17605823406714216
75,91666666666667;980,5288568551267;973,2577062520605;846,9234937108582;0,7539297427424251;0,6082187695937923;182,06762453789622;1702,138644763277;650,0;0,17584342589311242
76,0;980,6929659583419;973,4333354382301;847,6135184619146;0,7539297427424251;0,6082187695937923;181,77876507665474;1700,1318720263416;650,0;0,1756291861695244
76,08333333333333;980,8568955110802;973,6087509502559;848,3023505940648;0,7539297427424251;0,6082187695937923;181,49076300279603;1698,1303022310428;650,0;0,1754155120257426
76,16666666666667;981,0206459058018;973,7839533508759;848,9899747055665;0,7539297427424251;0,6082187695937923;181,20361402060894;1696,1339092233434;650,0;0,17520240062004638
76,25;981,1842175336811;973,958943200015;849,6763757070394;0,7539297427424251;0,6082187695937923;180,91731387314667;1694,1426671155539;650,0;0,1749898491391895
76,33333333333333;981,3476107846137;974,1337210548129;850,3615388171648;0,7539297427424251;0,6082187695937923;180,63185834165267;1692,1565502815115;650,0;0,17477785479789681
76,41666666666667;981,5108260472203;974,3082874696514;851,0454495584429;0,7539297427424251;0,6082187695937923;180,34724324502065;1690,1755333528674;650,0;0,17456641483846738
76,5;981,6738637088532;974,4826429961818;851,7280937530064;0,7539297427424251;0,6082187695937923;180,06346443922325;1688,199591214778;650,0;0,17435552653031902
76,58333333333333;981,8367241556016;974,6567881833513;852,409457518492;0,7539297427424251;0,6082187695937923;179,7805178167863;1686,2286990018702;650,0;0,17414518716956268
76,66666666666667;981,999407772297;974,8307235774299;853,0895272639666;0,7539297427424251;0,6082187695937923;179,49839930625728;1684,2628320942385;650,0;0,17393539407857916
76,75;982,1619149425188;975,0044497220355;853,7682896859098;0,7539297427424251;0,6082187695937923;179,21710487167672;1682,3019661132666;650,0;0,1737261446055802
76,83333333333333;982,3242460485997;975,1779671581597;854,4457317642504;0,7539297427424251;0,6082187695937923;178,93663051208364;1680,3460769184844;650,0;0,17351743612426848
76,91666666666667;982,4864014716312;975,3512764241931;855,1218407584564;0,7539297427424251;0,6082187695937923;178,65697226099826;1678,3951406029225;650,0;0,17330926603335625
77,0;982,6483815914684;975,5243780559493;855,7966042036802;0,7539297427424251;0,6082187695937923;178,37812618595308;1676,4491334903498;650,0;0,1731016317562635
77,08333333333333;982,8101867867362;975,69727258669;856,4700099069537;0,7539297427424251;0,6082187695937923;178,10008838797557;1674,5080321306573;650,0;0,17289453074063907
77,16666666666667;982,9718174348337;975,8699605471481;857,1420459434377;0,7539297427424251;0,6082187695937923;177,82285500115336;1672,5718132972404;650,0;0,1726879604580755
77,25;983,1332739119407;976,0424424655519;857,8127006527213;0,7539297427424251;0,6082187695937923;177,54642219213963;1670,6404539828952;650,0;0,1724819184036802
77,33333333333333;983,2945565930215;976,2147188676475;858,4819626351724;0,7539297427424251;0,6082187695937923;177,27078615972118;1668,7139313966902;650,0;0,1722764020957431
77,41666666666667;983,4556658518311;976,3867902767229;859,1498207483378;0,7539297427424251;0,6082187695937923;176,99594313434943;1666,7922229604014;650,0;0,17207140907535995
77,5;983,6166020609201;976,558657213629;859,8162641033929;0,7539297427424251;0,6082187695937923;176,72188937770557;1664,8753063055601;650,0;0,17186693690611657
77,58333333333333;983,7773655916402;976,7303201968027;860,4812820616397;0,7539297427424251;0,6082187695937923;176,44862118227707;1662,9631592698452;650,0;0,17166298317371242
77,66666666666667;983,9379568141485;976,9017797422883;861,1448642310531;0,7539297427424251;0,6082187695937923;176,17613487093706;1661,0557598943044;650,0;0,17145954548566214
77,75;984,0983760974135;977,0730363637592;861,8070004628742;0,7539297427424251;0,6082187695937923;175,9044267965038;1659,1530864196166;650,0;0,17125662147090548
77,83333333333333;984,2586238092198;977,2440905725388;862,4676808482495;0,7539297427424251;0,6082187695937923;175,63349334135694;1657,2551172838243;650,0;0,17105420877956004
77,91666666666667;984,4187003161734;977,4149428776213;863,1268957149179;0,7539297427424251;0,6082187695937923;175,36333091702545;1655,361831118814;650,0;0,17085230508255422
78,0;984,578605983706;977,5855937856927;863,7846356239405;0,7539297427424251;0,6082187695937923;175,09393596380107;1653,4732067476557;650,0;0,17065090807134284
78,08333333333333;984,738341176081;977,7560438011503;864,4408913664773;0,7539297427424251;0,6082187695937923;174,82530495033188;1651,5892231815199;650,0;0,17045001545758162
78,16666666666667;984,8979062563978;977,9262934261232;865,0956539606063;0,7539297427424251;0,6082187695937923;174,55743437326703;1649,7098596169312;650,0;0,17024962497283758
78,25;985,0573015865972;978,0963431604914;865,7489146481864;0,7539297427424251;0,6082187695937923;174,29032075686735;1647,8350954329621;650,0;0,17004973436829093
78,33333333333333;985,2165275274658;978,2661935019058;866,4006648917634;0,7539297427424251;0,6082187695937923;174,0239606526444;1645,9649101887057;650,0;0,16985034141446534
78,41666666666667;985,3755844386415;978,4358449458067;867,0508963715175;0,7539297427424251;0,6082187695937923;173,75835063899956;1644,0992836203673;650,0;0,16965144390092313
78,5;985,5344726786178;978,6052979854427;867,6996009822524;0,7539297427424251;0,6082187695937923;173,49348732086867;1642,2381956387221;650,0;0,16945303963599453
78,58333333333333;985,693192604749;978,7745531118892;868,3467708304252;0,7539297427424251;0,6082187695937923;173,2293673293782;1640,381626326456;650,0;0,16925512644649762
78,66666666666667;985,8517445732551;978,9436108140667;868,9923982312166;0,7539297427424251;0,6082187695937923;172,96598732149562;1638,5295559359006;650,0;0,1690577021774943
78,75;986,0101289392263;979,1124715787587;869,6364757056409;0,7539297427424251;0,6082187695937923;172,70334397971112;1636,6819648862277;650,0;0,16886076469199868
78,83333333333333;986,1683460566279;979,2811358906295;870,278995977694;0,7539297427424251;0,6082187695937923;172,44143401169083;1634,838833761404;650,0;0,16866431187075379
78,91666666666667;986,3263962783051;979,4496042322414;870,9199519715412;0,7539297427424251;0,6082187695937923;172,18025414996134;1633,0001433074283;650,0;0,1684683416119446
79,0;986,4842799559875;979,6178770840723;871,5593368087418;0,7539297427424251;0,6082187695937923;171,9198011515914;1631,1658744300535;650,0;0,16827285183095536
79,08333333333333;986,6419974402943;979,7859549245325;872,1971438055115;0,7539297427424251;0,6082187695937923;171,66007179787925;1629,336008192769;650,0;0,16807784046015242
79,16666666666667;986,7995490807386;979,9538382299811;872,833366470021;0,7539297427424251;0,6082187695937923;171,4010628940457;1627,5105258143028;650,0;0,16788330544862212
79,25;986,9569352257315;980,1215274747431;873,4679984997314;0,7539297427424251;0,6082187695937923;171,14277126893853;1625,6894086662828;650,0;0,1676892447619254
79,33333333333333;987,1141562225883;980,289023131125;874,1010337787641;0,7539297427424251;0,6082187695937923;170,8851937747113;1623,8726382715424;650,0;0,1674956563819093
79,41666666666667;987,2712124175315;980,4563256694314;874,7324663753069;0,7539297427424251;0,6082187695937923;170,62832728658464;1622,0601963015197;650,0;0,16730253830644212
79,5;987,4281041556959;980,6234355579807;875,3622905390539;0,7539297427424251;0,6082187695937923;170,37216870250234;1620,252064574255;650,0;0,16710988854919456
79,58333333333333;987,5848317811335;980,7903532631201;875,9905006986795;0,7539297427424251;0,6082187695937923;170,11671494288123;1618,4482250525937;650,0;0,16691770513944845
79,66666666666667;987,7413956368177;980,9570792492419;876,6170914593457;0,7539297427424251;0,6082187695937923;169,8619629503355;1616,6486598417614;650,0;0,16672598612184472
79,75;987,8977960646481;981,1236139787982;877,2420576002426;0,7539297427424251;0,6082187695937923;169,60790968939534;1614,853351187829;650,0;0,1665347295562142
79,83333333333333;988,0540334054541;981,2899579123155;877,8653940721607;0,7539297427424251;0,6082187695937923;169,35455214624824;1613,0622814754036;650,0;0,1663439335173376
79,91666666666667;988,2101079990008;981,4561115084102;878,4870959950964;0,7539297427424251;0,6082187695937923;169,1018873284662;1611,2754332258028;650,0;0,1661535960947499
80,0;988,366020183992;981,6220752238028;879,1071586558871;0,7539297427424251;0,6082187695937923;168,84991226476416;1609,4927890954914;650,0;0,16596371539257182
80,08333333333333;988,5217702980757;981,787849513332;879,725577505879;0,7539297427424251;0,6082187695937923;168,5986240047299;1607,7143318737128;650,0;0,16577428952926365
80,16666666666667;988,6773586778477;981,9534348299695;880,3423481586238;0,7539297427424251;0,6082187695937923;168,34801961859114;1605,940044481161;650,0;0,1655853166374795
80,25;988,8327856588566;982,1188316248333;880,957466387607;0,7539297427424251;0,6082187695937923;168,09809619695386;1604,1699099677735;650,0;0,1653967948638368
80,33333333333333;988,9880515756076;982,2840403472021;881,570928124004;0,7539297427424251;0,6082187695937923;167,8488508505808;1602,4039115114447;650,0;0,16520872236877585
80,41666666666667;989,1431567615672;982,4490614445284;882,1827294544668;0,7539297427424251;0,6082187695937923;167,60028071013835;1600,6420324159667;650,0;0,16502109732634376
80,5;989,2981015491673;982,6138953624525;882,7928666189382;0,7539297427424251;0,6082187695937923;167,35238292596932;1598,884256109378;650,0;0,16483391792401922
80,58333333333333;989,4528862698097;982,7785425448151;883,4013360084953;0,7539297427424251;0,6082187695937923;167,10515466787115;1597,1305661427207;650,0;0,16464718236257594
80,66666666666667;989,6075112538698;982,9430034336709;884,0081341632193;0,7539297427424251;0,6082187695937923;166,8585931248657;1595,3809461877036;650,0;0,16446088885584279
80,75;989,7619768307017;983,1072784693015;884,6132577700943;0,7539297427424251;0,6082187695937923;166,61269550497195;1593,6353800358975;650,0;0,16427503563060772
80,83333333333333;989,9162833286414;983,2713680902278;885,2167036609316;0,7539297427424251;0,6082187695937923;166,36745903500412;1591,893851596486;650,0;0,16408962092638904
80,91666666666667;990,0704310750122;983,4352727332232;885,8184688103214;0,7539297427424251;0,6082187695937923;166,12288096033865;1590,156344895227;650,0;0,16390464299531654
81,0;990,2244203961274;983,5989928333252;886,4185503336105;0,7539297427424251;0,6082187695937923;165,8789585447238;1588,4228440725979;650,0;0,16372010010194082
81,08333333333333;990,3782516172957;983,7625288238482;887,0169454849049;0,7539297427424251;0,6082187695937923;165,63568907005504;1586,6933333825089;650,0;0,16353599052309223
81,16666666666667;990,5319250628252;983,925881136396;887,6136516550993;0,7539297427424251;0,6082187695937923;165,39306983618758;1584,967797190945;650,0;0,1633523125477364
81,25;990,6854410560263;984,0890502008729;888,2086663699297;0,7539297427424251;0,6082187695937923;165,1510981607288;1583,246219974358;650,0;0,16316906447680515
81,33333333333333;990,8387999192171;984,252036445496;888,8019872880524;0,7539297427424251;0,6082187695937923;164,90977137883647;1581,5285863181903;650,0;0,16298624462303973
81,41666666666667;990,9920019737268;984,4148402968068;889,3936121991454;0,7539297427424251;0,6082187695937923;164,66908684302837;1579,8148809155907;650,0;0,16280385131085312
81,5;991,1450475399005;984,577462179683;889,9835390220354;0,7539297427424251;0,6082187695937923;164,42904192300034;1578,1050885662876;650,0;0,162621882876208
81,58333333333333;991,2979369371019;984,7399025173495;890,5717658028468;0,7539297427424251;0,6082187695937923;164,1896340054359;1576,399194174938;650,0;0,1624403376664449
81,66666666666667;991,4506704837186;984,9021617313897;891,158290713175;0,7539297427424251;0,6082187695937923;163,95086049381007;1574,6971827498867;650,0;0,16225921404014806
81,75;991,6032484971652;985,0642402417567;891,7431120482815;0,7539297427424251;0,6082187695937923;163,71271880822178;1572,9990394020397;650,0;0,1620785103670247
81,83333333333333;991,7556712938875;985,2261384667845;892,3262282253124;0,7539297427424251;0,6082187695937923;163,4752063852119;1571,304749343521;650,0;0,16189822502776255
81,91666666666667;991,9079391893672;985,3878568231984;892,9076377815384;0,7539297427424251;0,6082187695937923;163,23832067757564;1569,6142978861087;650,0;0,1617183564138666
82,0;992,0600524981244;985,549395726126;893,4873393726166;0,7539297427424251;0,6082187695937923;163,00205915422055;1567,9276704408255;650,0;0,16153890292760745
82,08333333333333;992,2120115337225;985,7107555891079;894,0653317708743;0,7539297427424251;0,6082187695937923;162,7664192999589;1566,2448525158206;650,0;0,16135986298180438
82,16666666666667;992,3638166087718;985,8719368241076;894,6416138636137;0,7539297427424251;0,6082187695937923;162,53139861536567;1564,5658297158723;650,0;0,16118123499976555
82,25;992,5154680349333;986,0329398415226;895,216184651437;0,7539297427424251;0,6082187695937923;162,29699461660516;1562,8905877406644;650,0;0,16100301741511114
82,33333333333333;992,6669661229232;986,1937650501943;895,7890432465929;0,7539297427424251;0,6082187695937923;162,0632048352661;1561,2191123842742;650,0;0,16082520867170996
82,41666666666667;992,8183111825151;986,3544128574179;896,360188871343;0,7539297427424251;0,6082187695937923;161,83002681822245;1559,551389533551;650,0;0,16064780722351538
82,5;992,9695035225459;986,5148836689523;896,9296208563478;0,7539297427424251;0,6082187695937923;161,59745812743154;1557,8874051672678;650,0;0,16047081153446716
82,58333333333333;993,1205434509176;986,6751778890307;897,4973386390732;0,7539297427424251;0,6082187695937923;161,36549633984032;1556,2271453549688;650,0;0,16029422007837513
82,66666666666667;993,2714312746027;986,8352959203695;898,0633417622157;0,7539297427424251;0,6082187695937923;161,1341390471722;1554,5705962558857;650,0;0,16011803133879823
82,75;993,4221672996467;986,9952381641784;898,6276298721472;0,7539297427424251;0,6082187695937923;160,90338385583038;1552,917744118092;650,0;0,15994224380895664
82,83333333333333;993,5727518311727;987,15500502017;899,190202717378;0,7539297427424251;0,6082187695937923;160,67322838670748;1551,268575277143;650,0;0,1597668559915868
82,91666666666667;993,7231851733846;987,3145968865689;899,75106014704;0,7539297427424251;0,6082187695937923;160,4436702750661;1549,6230761552292;650,0;0,15959186639885167
83,0;993,8734676295711;987,4740141601211;900,3102021093858;0,7539297427424251;0,6082187695937923;160,21470717039392;1547,9812332603576;650,0;0,1594172735522504
83,08333333333333;994,0235995021089;987,6332572361036;900,8678435578653;0,7539297427424251;0,6082187695937923;159,98633673625022;1546,3430331851234;650,0;0,15924307598248977
83,16666666666667;994,1735810924669;987,7923265083331;901,4234726266494;0,7539297427424251;0,6082187695937923;159,75855665013228;1544,7084626058795;650,0;0,15906927222939377
83,25;994,3234127012095;987,9512223691748;901,9770957961082;0,7539297427424251;0,6082187695937923;159,53136460334463;1543,0775082816083;650,0;0,15889586084178647
83,33333333333333;994,4730946280002;988,1099452095523;902,5287195490897;0,7539297427424251;0,6082187695937923;159,3047583008655;1541,450157053486;650,0;0,1587228403774388
83,41666666666667;994,6226271716059;988,2684954189552;903,0783503706631;0,7539297427424251;0,6082187695937923;159,07873546119902;1539,8263958433904;650,0;0,1585502094029154
83,5;994,772010629899;988,4268733854487;903,6259947478634;0,7539297427424251;0,6082187695937923;158,85329381626718;1538,2062116534782;650,0;0,15837796649352515
83,58333333333333;994,9212452998624;988,585079495682;904,1716591694383;0,7539297427424251;0,6082187695937923;158,62843111125642;1536,5895915646797;650,0;0,15820611023316633
83,66666666666667;995,0703314775924;988,7431141348962;904,7153501255963;0,7539297427424251;0,6082187695937923;158,4041451045124;1534,976522736713;650,0;0,15803463921431837
83,75;995,2192694583023;988,9009776869341;905,2570741077575;0,7539297427424251;0,6082187695937923;158,1804335674036;1533,3669924065496;650,0;0,15786355203788552
83,83333333333333;995,3680595363256;989,0586705342472;905,7968376083056;0,7539297427424251;0,6082187695937923;157,95729428420486;1531,7609878877583;650,0;0,15769284731312505
83,91666666666667;995,5167020051206;989,2161930579048;906,3346471203424;0,7539297427424251;0,6082187695937923;157,73472505196082;1530,1584965696268;650,0;0,15752252365755232
84,0;995,665197157272;989,3735456376016;906,8705091374433;0,7539297427424251;0,6082187695937923;157,51272368039508;1528,5595059167679;650,0;0,1573525796968958
84,08333333333333;995,8135452844963;989,5307286516665;907,4044301534153;0,7539297427424251;0,6082187695937923;157,29128799175953;1526,964003467673;650,0;0,15718301406494783
84,16666666666667;995,961746677644;989,6877424770701;907,9364166620571;0,7539297427424251;0,6082187695937923;157,0704158207434;1525,3719768344633;650,0;0,15701382540353295
84,25;996,1098016267035;989,8445874894325;908,4664751569203;0,7539297427424251;0,6082187695937923;156,85010501434817;1523,7834137016193;650,0;0,15684501236237766
84,33333333333333;996,2577104208044;990,0012640630315;908,9946121310732;0,7539297427424251;0,6082187695937923;156,63035343177683;1522,1983018258338;650,0;0,15667657359908638
84,41666666666667;996,4054733482209;990,1577725708105;909,520834076866;0,7539297427424251;0,6082187695937923;156,4111589443229;1520,6166290348724;650,0;0,15650850777902478
84,5;996,5530906963747;990,3141133843857;910,0451474856984;0,7539297427424251;0,6082187695937923;156,19251943525967;1519,038383226697;650,0;0,1563408135752275
84,58333333333333;996,7005627518397;990,4702868740541;910,5675588477884;0,7539297427424251;0,6082187695937923;155,97443279972651;1517,4635523689985;650,0;0,15617348966834416
84,66666666666667;996,8478898003439;990,6262934088006;911,0880746519438;0,7539297427424251;0,6082187695937923;155,75689694464074;1515,8921244987432;650,0;0,15600653474658863
84,75;996,995072126773;990,7821333563062;911,6067013853349;0,7539297427424251;0,6082187695937923;155,5399097885811;1514,324087720814;650,0;0,15583994750560137
84,83333333333333;997,1421100151747;990,9378070829546;912,1234455332695;0,7539297427424251;0,6082187695937923;155,32346926167122;1512,7594302078207;650,0;0,1556737266484209
84,91666666666667;997,2890037487607;991,09331495384;912,63831357897;0,7539297427424251;0,6082187695937923;155,1075733055029;1511,1981401993692;650,0;0,15550787088540835
85,0;997,4357536099109;991,2486573327742;913,1513120033514;0,7539297427424251;0,6082187695937923;154,89221987301676;1509,640206000893;650,0;0,15534237893412747
85,08333333333333;997,5823598801758;991,4038345822936;913,6624472848025;0,7539297427424251;0,6082187695937923;154,67740692841687;1508,0856159840614;650,0;0,15517724951937456
85,16666666666667;997,7288228402809;991,5588470636666;914,1717258989682;0,7539297427424251;0,6082187695937923;154,46313244705436;1506,5343585849685;650,0;0,15501248137299856
85,25;997,8751427701288;991,7136951369005;914,679154318534;0,7539297427424251;0,6082187695937923;154,24939441535912;1504,9864223041182;650,0;0,15484807323389346
85,33333333333333;998,0213199488028;991,8683791607484;915,1847390130122;0,7539297427424251;0,6082187695937923;154,03619083070907;1503,4417957057374;650,0;0,154684023847922
85,41666666666667;998,1673546545708;992,0228994927163;915,6884864485302;0,7539297427424251;0,6082187695937923;153,82351970135915;1501,9004674170455;650,0;0,15452033196784062
85,5;998,3132471648868;992,1772564890696;916,1904030876206;0,7539297427424251;0,6082187695937923;153,61137904636166;1500,3624261278749;650,0;0,15435699635325692
85,58333333333333;998,4589977563961;992,3314505048401;916,6904953890132;0,7539297427424251;0,6082187695937923;153,39976689542993;1498,827660589486;650,0;0,15419401577050615
85,66666666666667;998,6046067049373;992,4854818938327;917,1887698074294;0,7539297427424251;0,6082187695937923;153,1886812889013;1497,296159614876;650,0;0,15403138899267652
85,75;998,7500742855449;992,6393510086322;917,6852327933769;0,7539297427424251;0,6082187695937923;152,97812027761495;1495,767912077594;650,0;0,15386911479948753
85,83333333333333;998,8954007724537;992,7930582006094;918,1798907929489;0,7539297427424251;0,6082187695937923;152,76808192281806;1494,242906910967;650,0;0,15370719197720864
85,91666666666667;999,0405864391013;992,9466038199281;918,6727502476225;0,7539297427424251;0,6082187695937923;152,558564296109;1492,7211331082603;650,0;0,1535456193186691
86,0;999,1856315581308;993,0999882155512;919,1638175940611;0,7539297427424251;0,6082187695937923;152,34956547932939;1491,2025797214071;650,0;0,1533843956231293
86,08333333333333;999,3305364013949;993,2532117352475;919,6530992639174;0,7539297427424251;0,6082187695937923;152,14108356449003;1489,687235861095;650,0;0,15322351969628192
86,16666666666667;999,4753012399576;993,4062747255977;920,1406016836388;0,7539297427424251;0,6082187695937923;151,933116653683;1488,1750906955976;650,0;0,15306299035013468
86,25;999,6199263440985;993,5591775320007;920,6263312742748;0,7539297427424251;0,6082187695937923;151,72566285899904;1486,6661334508192;650,0;0,15290280640300677
86,33333333333333;999,764411983315;993,7119204986801;921,1102944512859;0,7539297427424251;0,6082187695937923;151,51872030244533;1485,1603534094018;650,0;0,15274296667943787
86,41666666666667;999,9087584263256;993,8645039686902;921,5924976243547;0,7539297427424251;0,6082187695937923;151,3122871158714;1483,657739910127;650,0;0,1525834700101256
86,5;1000,0529659410732;994,0169282839221;922,0729471971989;0,7539297427424251;0,6082187695937923;151,10636144088403;1482,1582823479016;650,0;0,15242431523191577
86,58333333333333;1000,1970347947278;994,1691937851098;922,5516495673861;0,7539297427424251;0,6082187695937923;150,90094142877888;1480,6619701728655;650,0;0,1522655011877132
86,66666666666667;1000,3409652536888;994,3213008118362;923,0286111261503;0,7539297427424251;0,6082187695937923;150,69602524044967;1479,1687928899244;650,0;0,15210702672642953
86,75;1000,4847575835893;994,4732497025391;923,5038382582103;0,7539297427424251;0,6082187695937923;150,49161104631423;1477,6787400583266;650,0;0,15194889070293652
86,83333333333333;1000,6284120492982;994,6250407945171;923,9773373415907;0,7539297427424251;0,6082187695937923;150,28769702625482;1476,1918012912533;650,0;0,1517910919780227
86,91666666666667;1000,7719289149229;994,7766744239354;924,4491147474434;0,7539297427424251;0,6082187695937923;150,08428136952716;1474,7079662551462;650,0;0,15163362941832184
87,0;1000,9153084438133;994,9281509258317;924,9191768398726;0,7539297427424251;0,6082187695937923;149,88136227468658;1473,2272246695622;650,0;0,15147650189629253
87,08333333333333;1001,0585508985632;995,0794706341218;925,3875299757601;0,7539297427424251;0,6082187695937923;149,67893794953966;1471,749566306413;650,0;0,15131970829014277
87,16666666666667;1001,2016565410148;995,2306338816056;925,8541805045936;0,7539297427424251;0,6082187695937923;149,47700661103624;1470,2749809898044;650,0;0,15116324748380489
87,25;1001,3446256322601;995,3816409999724;926,3191347682962;0,7539297427424251;0,6082187695937923;149,27556648522966;1468,8034585950134;650,0;0,1510071183668363
87,33333333333333;1001,4874584326446;995,5324923198069;926,7823991010582;0,7539297427424251;0,6082187695937923;149,07461580719144;1467,3349890489562;650,0;0,15085131983445535
87,41666666666667;1001,6301552017701;995,6831881705943;927,2439798291704;0,7539297427424251;0,6082187695937923;148,8741528209431;1465,869562328756;650,0;0,15069585078740105
87,5;1001,7727161984972;995,8337288807263;927,7038832708593;0,7539297427424251;0,6082187695937923;148,67417577939364;1464,4071684621958;650,0;0,15054071013196982
87,58333333333333;1001,9151416809484;995,9841147775062;928,1621157361243;0,7539297427424251;0,6082187695937923;148,4746829442713;1462,9477975268999;650,0;0,15038589677993242
87,66666666666667;1002,057431906511;996,1343461871546;928,6186835265768;0,7539297427424251;0,6082187695937923;148,2756725860554;1461,491439649502;650,0;0,1502314096484503
87,75;1002,1995871318393;996,2844234348147;929,0735929352807;0,7539297427424251;0,6082187695937923;148,0771429839109;1460,038085006185;650,0;0,1500772476601195
87,83333333333333;1002,3416076128578;996,4343468445576;929,5268502465949;0,7539297427424251;0,6082187695937923;147,87909242561454;1458,5877238214678;650,0;0,14992340974285082
87,91666666666667;1002,4834936047645;996,5841167393875;929,9784617360184;0,7539297427424251;0,6082187695937923;147,68151920750654;1457,140346368134;650,0;0,1497698948298584
88,0;1002,6252453620326;996,7337334412471;930,4284336700355;0,7539297427424251;0,6082187695937923;147,4844216344252;1455,6959429667768;650,0;0,14961670185961146
88,08333333333333;1002,7668631384136;996,8831972710229;930,8767723059647;0,7539297427424251;0,6082187695937923;147,28779801963867;1454,2545039856689;650,0;0,14946382977581552
88,16666666666667;1002,9083471869405;997,0325085485503;931,3234838918079;0,7539297427424251;0,6082187695937923;147,09164668476546;1452,8160198397536;650,0;0,149311277527311
88,25;1003,0496977599304;997,1816675926184;931,7685746661026;0,7539297427424251;0,6082187695937923;146,8959659597573;1451,3804809908356;650,0;0,14915904406808916
88,33333333333333;1003,190915108986;997,3306747209756;932,2120508577748;0,7539297427424251;0,6082187695937923;146,70075418279964;1449,9478779472433;650,0;0,14900712835725186
88,41666666666667;1003,3319994850003;997,4795302503345;932,6539186859943;0,7539297427424251;0,6082187695937923;146,50600970026062;1448,518201262969;650,0;0,14885552935892576
88,5;1003,472951138158;997,6282344963768;933,0941843600318;0,7539297427424251;0,6082187695937923;146,31173086664546;1447,0914415376662;650,0;0,1487042460422586
88,58333333333333;1003,6137703179377;997,7767877737581;933,5328540791178;0,7539297427424251;0,6082187695937923;146,11791604453117;1445,667589416199;650,0;0,14855327738137047
88,66666666666667;1003,754457273116;997,9251903961134;933,9699340323025;0,7539297427424251;0,6082187695937923;145,92456360448978;1444,2466355882611;650,0;0,14840262235531143
88,75;1003,8950122517693;998,0734426760614;934,4054303983186;0,7539297427424251;0,6082187695937923;145,7316719250656;1442,8285707882003;650,0;0,1482522799480428
88,83333333333333;1004,0354355012762;998,2215449252097;934,839349345445;0,7539297427424251;0,6082187695937923;145,5392393926985;1441,4133857945073;650,0;0,1481022491483825
88,91666666666667;1004,1757272683204;998,3694974541597;935,2716970313729;0,7539297427424251;0,6082187695937923;145,3472644016614;1440,001071429378;650,0;0,14795252894995817
89,0;1004,3158877988936;998,517300572511;935,7024796030728;0,7539297427424251;0,6082187695937923;145,15574535401754;1438,5916185586245;650,0;0,14780311835119497
89,08333333333333;1004,4559173382977;998,6649545888662;936,1317031966639;0,7539297427424251;0,6082187695937923;144,96468065956662;1437,1850180910772;650,0;0,14765401635525477
89,16666666666667;1004,5958161311474;998,8124598108362;936,5593739372853;0,7539297427424251;0,6082187695937923;144,77406873578786;1435,7812609787302;650,0;0,14750522197004437
89,25;1004,7355844213728;998,9598165450443;936,985497938968;0,7539297427424251;0,6082187695937923;144,58390800778034;1434,3803382157041;650,0;0,14735673420811313
89,33333333333333;1004,8752224522223;999,107025097131;937,4100813045101;0,7539297427424251;0,6082187695937923;144,39419690821182;1432,9822408385094;650,0;0,1472085520866728
89,41666666666667;1005,0147304662644;999,2540857717586;937,833130125352;0,7539297427424251;0,6082187695937923;144,20493387728186;1431,5869599257533;650,0;0,1470606746275668
89,5;1005,1541087053911;999,4009988726158;938,2546504814546;0,7539297427424251;0,6082187695937923;144,016117362645;1430,1944865970302;650,0;0,1469131008571592
89,58333333333333;1005,2933574108196;999,5477647024222;938,6746484411789;0,7539297427424251;0,6082187695937923;143,82774581938236;1428,8048120139586;650,0;0,14676582980642922
89,66666666666667;1005,4324768230954;999,694383562933;939,0931300611664;0,7539297427424251;0,6082187695937923;143,63981770993348;1427,4179273783689;650,0;0,14661886051079556
89,75;1005,5714671820945;999,8408557549433;939,5101013862228;0,7539297427424251;0,6082187695937923;143,45233150405932;1426,0338239333857;650,0;0,14647219201021394
89,83333333333333;1005,7103287270261;999,9871815782923;939,9255684492015;0,7539297427424251;0,6082187695937923;143,26528567877972;1424,652492961922;650,0;0,14632582334903074
89,91666666666667;1005,8490616964347;1000,1333613318684;940,3395372708902;0,7539297427424251;0,6082187695937923;143,07867871834503;1423,2739257876585;650,0;0,1461797535760718
90,0;1005,987666328203;1000,2793953136129;940,7520138598987;0,7539297427424251;0,6082187695937923;142,8925091141565;1421,8981137732455;650,0;0,1460339817444672
90,08333333333333;1006,126142859554;1000,4252838205247;941,1630042125479;0,7539297427424251;0,6082187695937923;142,70677536475205;1420,5250483215468;650,0;0,14588850691176583
90,16666666666667;1006,2644915270537;1000,5710271486645;941,572514312761;0,7539297427424251;0,6082187695937923;142,52147597573241;1419,1547208742345;650,0;0,14574332813979762
90,25;1006,4027125666132;1000,7166255931592;941,9805501319561;0,7539297427424251;0,6082187695937923;142,33660945972986;1417,7871229119667;650,0;0,14559844449468712
90,33333333333333;1006,5408062134914;1000,862079448206;942,3871176289404;0,7539297427424251;0,6082187695937923;142,15217433635132;1416,4222459542393;650,0;0,14545385504683425
90,41666666666667;1006,6787727022974;1001,0073890070769;942,792222749806;0,7539297427424251;0,6082187695937923;141,96816913213297;1415,060081558745;650,0;0,14530955887085023
90,5;1006,8166122669928;1001,1525545621224;943,1958714278273;0,7539297427424251;0,6082187695937923;141,78459238051175;1413,7006213214156;650,0;0,1451655550455591
90,58333333333333;1006,954325140894;1001,2975764047764;943,5980695833601;0,7539297427424251;0,6082187695937923;141,60144262176004;1412,34385687597;650,0;0,14502184265394927
90,66666666666667;1007,0919115566746;1001,4424548255595;943,9988231237421;0,7539297427424251;0,6082187695937923;141,41871840294016;1410,9897798936938;650,0;0,14487842078314866
90,75;1007,229371746368;1001,5871901140839;944,3981379431949;0,7539297427424251;0,6082187695937923;141,23641827787878;1409,638382083354;650,0;0,14473528852441453
90,83333333333333;1007,3667059413694;1001,731782559057;944,796019922728;0,7539297427424251;0,6082187695937923;141,0545408071016;1408,289655190582;650,0;0,14459244497306953
90,91666666666667;1007,5039143724384;1001,8762324482856;945,1924749300439;0,7539297427424251;0,6082187695937923;140,87308455781056;1406,9435909979643;650,0;0,1444498892285084
91,0;1007,6409972697013;1002,0205400686798;945,5875088194449;0,7539297427424251;0,6082187695937923;140,69204810382132;1405,6001813247049;650,0;0,1443076203941603
91,08333333333333;1007,7779548626529;1002,1647057062572;945,9811274317414;0,7539297427424251;0,6082187695937923;140,51143002553772;1404,259418026128;650,0;0,14416563757744014
91,16666666666667;1007,9147873801599;1002,308729646147;946,3733365941619;0,7539297427424251;0,6082187695937923;140,33122890989205;1402,9212929937678;650,0;0,14402393988975146
91,25;1008,0514950504618;1002,4526121725934;946,7641421202642;0,7539297427424251;0,6082187695937923;140,15144335032232;1401,5857981551615;650,0;0,14388252644646496
91,33333333333333;1008,1880781011748;1002,5963535689602;947,1535498098485;0,7539297427424251;0,6082187695937923;139,97207194670978;1400,2529254729004;650,0;0,1437413963668239
91,41666666666667;1008,3245367592925;1002,7399541177342;947,5415654488716;0,7539297427424251;0,6082187695937923;139,7931133053646;1398,922666945508;650,0;0,1436005487740251
91,5;1008,4608712511891;1002,8834141005293;947,9281948093625;0,7539297427424251;0,6082187695937923;139,61456603895783;1397,5950146064292;650,0;0,1434599827951179
91,58333333333333;1008,5970818026215;1003,0267337980903;948,3134436493405;0,7539297427424251;0,6082187695937923;139,43642876649562;1396,2699605238865;650,0;0,14331969756098847
91,66666666666667;1008,7331686387313;1003,1699134902966;948,6973177127331;0,7539297427424251;0,6082187695937923;139,2587001132796;1394,9474968007178;650,0;0,14317969220634116
91,75;1008,8691319840472;1003,3129534561663;949,0798227292973;0,7539297427424251;0,6082187695937923;139,08137871086694;1393,6276155744793;650,0;0,14303996586970402
91,83333333333333;1009,0049720624875;1003,4558539738596;949,4609644145403;0,7539297427424251;0,6082187695937923;138,9044631970222;1392,3103090166712;650,0;0,1429005176933523
91,91666666666667;1009,1406890973615;1003,5986153206829;949,8407484696432;0,7539297427424251;0,6082187695937923;138,72795221569731;1390,9955693329416;650,0;0,14276134682332553
92,0;1009,2762833113727;1003,7412377730923;950,2191805813857;0,7539297427424251;0,6082187695937923;138,55184441696338;1389,6833887624446;650,0;0,1426224524093612
92,08333333333333;1009,4117549266205;1003,8837216066972;950,5962664220716;0,7539297427424251;0,6082187695937923;138,3761384570107;1388,3737595781752;650,0;0,14248383360492622
92,16666666666667;1009,547104164602;1004,0260670962643;950,972011649457;0,7539297427424251;0,6082187695937923;138,2008329980806;1387,0666740862393;650,0;0,14234548956714216
92,25;1009,6823312462149;1004,1682745157211;951,3464219066785;0,7539297427424251;0,6082187695937923;138,02592670844263;1385,7621246261026;650,0;0,14220741945680643
92,33333333333333;1009,8174363917593;1004,3103441381594;951,7195028221837;0,7539297427424251;0,6082187695937923;137,85141826234337;1384,4601035698297;650,0;0,1420696224383167
92,41666666666667;1009,9524198209399;1004,4522762358391;952,0912600096625;0,7539297427424251;0,6082187695937923;137,67730633999804;1383,160603322304;650,0;0,14193209767969034
92,5;1010,0872817528682;1004,5940710801916;952,4616990679808;0,7539297427424251;0,6082187695937923;137,50358962751932;1381,8636163209353;650,0;0,1417948443525307
92,58333333333333;1010,2220224060644;1004,7357289418236;952,8308255811141;0,7539297427424251;0,6082187695937923;137,33026681691456;1380,5691350354994;650,0;0,14165786163201177
92,66666666666667;1010,3566419984597;1004,8772500905204;953,1986451180837;0,7539297427424251;0,6082187695937923;137,1573366060204;1379,2771519676842;650,0;0,1415211486968297
92,75;1010,4911407473985;1005,0186347952496;953,5651632328935;0,7539297427424251;0,6082187695937923;136,9847976984829;1377,9876596510614;650,0;0,1413847047291985
92,83333333333333;1010,6255188696405;1005,1598833241644;953,9303854644684;0,7539297427424251;0,6082187695937923;136,8126488037234;1376,7006506509106;650,0;0,14124852891483014
92,91666666666667;1010,7597765813626;1005,3009959446074;954,2943173365943;0,7539297427424251;0,6082187695937923;136,64088863690154;1375,4161175641761;650,0;0,14111262044292738
93,0;1010,893914098161;1005,4419729231136;954,656964357859;0,7539297427424251;0,6082187695937923;136,46951591888126;1374,13405301875;650,0;0,14097697850611335
93,08333333333333;1011,0279316350537;1005,582814525414;955,0183320215943;0,7539297427424251;0,6082187695937923;136,29852937618523;1372,8544496737943;650,0;0,1408416023004577
93,16666666666667;1011,1618294064818;1005,7235210164395;955,37842580582;0,7539297427424251;0,6082187695937923;136,12792774099205;1371,5773002195658;650,0;0,14070649102545976
93,25;1011,2956076263126;1005,8640926603234;955,7372511731887;0,7539297427424251;0,6082187695937923;135,9577097510595;1370,3025973767574;650,0;0,14057164388398
93,33333333333333;1011,4292665078403;1006,0045297204057;956,0948135709319;0,7539297427424251;0,6082187695937923;135,78787414973021;1369,0303338967628;650,0;0,14043706008226528
93,41666666666667;1011,5628062637894;1006,1448324592355;956,4511184308078;0,7539297427424251;0,6082187695937923;135,61841968586634;1367,7605025610465;650,0;0,14030273882988378
93,5;1011,696227106316;1006,2850011385754;956,8061711690497;0,7539297427424251;0,6082187695937923;135,44934511384668;1366,4930961816126;650,0;0,14016867933976895
93,58333333333333;1011,8295292470096;1006,4250360194035;957,1599771863162;0,7539297427424251;0,6082187695937923;135,2806491935155;1365,228107600142;650,0;0,14003488082813348
93,66666666666667;1011,9627128968958;1006,5649373619179;957,5125418676422;0,7539297427424251;0,6082187695937923;135,11233069015418;1363,9655296884018;650,0;0,1399013425145056
93,75;1012,0957782664382;1006,7047054255396;957,863870582392;0,7539297427424251;0,6082187695937923;134,94438837444704;1362,7053553473543;650,0;0,13976806362164215
93,83333333333333;1012,2287255655393;1006,8443404689152;958,2139686842121;0,7539297427424251;0,6082187695937923;134,77682102246433;1361,447577507872;650,0;0,13963504337559424
93,91666666666667;1012,3615550035444;1006,9838427499208;958,5628415109867;0,7539297427424251;0,6082187695937923;134,60962741560252;1360,1921891296868;650,0;0,13950228100560313
94,0;1012,4942667892417;1007,1232125256649;958,9104943847937;0,7539297427424251;0,6082187695937923;134,44280634058998;1358,9391832019735;650,0;0,13936977574415563
94,08333333333333;1012,6268611308656;1007,2624500524919;959,2569326118618;0,7539297427424251;0,6082187695937923;134,2763565894188;1357,688552742634;650,0;0,1392375268269105
94,16666666666667;1012,7593382360978;1007,4015555859846;959,602161482529;0,7539297427424251;0,6082187695937923;134,11027695934195;1356,4402907983567;650,0;0,1391055334927042
94,25;1012,89169831207;1007,5405293809681;959,9461862712027;0,7539297427424251;0,6082187695937923;133,94456625283055;1355,1943904443078;650,0;0,13897379498351772
94,33333333333333;1013,0239415653649;1007,6793716915126;960,2890122363199;0,7539297427424251;0,6082187695937923;133,77922327754845;1353,9508447843084;650,0;0,13884231054449098
94,41666666666667;1013,1560682020194;1007,8180827709365;960,6306446203092;0,7539297427424251;0,6082187695937923;133,61424684630663;1352,7096469502344;650,0;0,13871107942386235
94,5;1013,2880784275251;1007,9566628718095;960,9710886495545;0,7539297427424251;0,6082187695937923;133,44963577707176;1351,4707901022364;650,0;0,13858010087299016
94,58333333333333;1013,4199724468314;1008,0951122459558;961,3103495343587;0,7539297427424251;0,6082187695937923;133,2853888928895;1350,2342674280665;650,0;0,13844937414628272
94,66666666666667;1013,5517504643467;1008,233431144457;961,648432468909;0,7539297427424251;0,6082187695937923;133,12150502189013;1349,0000721436345;650,0;0,1383188985012505
94,75;1013,6834126839407;1008,3716198176554;961,9853426312438;0,7539297427424251;0,6082187695937923;132,9579829972431;1347,7681974921018;650,0;0,13818867319841763
94,83333333333333;1013,8149593089461;1008,5096785151568;962,32108518322;0,7539297427424251;0,6082187695937923;132,79482165713148;1346,5386367442757;650,0;0,13805869750135621
94,91666666666667;1013,9463905421602;1008,6476074858334;962,6556652704816;0,7539297427424251;0,6082187695937923;132,63201984473199;1345,3113831982441;650,0;0,1379289706766502
95,0;1014,0777065858476;1008,7854069778273;962,9890880224297;0,7539297427424251;0,6082187695937923;132,4695764081696;1344,0864301791269;650,0;0,1377994919938682
95,08333333333333;1014,2089076417412;1008,9230772385529;963,321358552193;0,7539297427424251;0,6082187695937923;132,30749020050894;1342,8637710390915;650,0;0,13767026072556407
95,16666666666667;1014,3399939110446;1009,0606185147002;963,6524819566002;0,7539297427424251;0,6082187695937923;132,1457600797089;1341,6433991572494;650,0;0,13754127614726283
95,25;1014,4709655944337;1009,1980310522376;963,9824633161526;0,7539297427424251;0,6082187695937923;131,98438490861122;1340,425307939087;650,0;0,13741253753740676
95,33333333333333;1014,6018228920585;1009,335315096415;964,3113076949978;0,7539297427424251;0,6082187695937923;131,82336355490065;1339,2094908168012;650,0;0,13728404417738285
95,41666666666667;1014,7325660035455;1009,4724708917665;964,6390201409056;0,7539297427424251;0,6082187695937923;131,662694891088;1337,9959412491396;650,0;0,13715579535150627
95,5;1014,8631951279981;1009,6094986821134;964,9656056852431;0,7539297427424251;0,6082187695937923;131,5023777944731;1336,7846527207125;650,0;0,13702779034695273
95,58333333333333;1014,9937104640005;1009,7463987105673;965,2910693429525;0,7539297427424251;0,6082187695937923;131,34241114711642;1335,5756187424615;650,0;0,13690002845379975
95,66666666666667;1015,1241122096177;1009,8831712195323;965,6154161125288;0,7539297427424251;0,6082187695937923;131,18279383583058;1334,3688328510743;650,0;0,13677250896497092
95,75;1015,2544005623985;1010,0198164507085;965,9386509759992;0,7539297427424251;0,6082187695937923;131,0235247521348;1333,1642886092043;650,0;0,1366452311762524
95,83333333333333;1015,3845757193762;1010,1563346450947;966,2607788989027;0,7539297427424251;0,6082187695937923;130,86460279224923;1331,9619796052075;650,0;0,13651819438626783
95,91666666666667;1015,5146378770716;1010,2927260429911;966,5818048302716;0,7539297427424251;0,6082187695937923;130,70602685703818;1330,7618994526895;650,0;0,13639139789643057
96,0;1015,6445872314937;1010,4289908840021;966,9017337026136;0,7539297427424251;0,6082187695937923;130,54779585201004;1329,564041790754;650,0;0,13626484101096695
96,08333333333333;1015,7744239781423;1010,5651294070391;967,2205704318942;0,7539297427424251;0,6082187695937923;130,38990868728888;1328,3684002838413;650,0;0,13613852303689883
96,16666666666667;1015,9041483120092;1010,7011418503231;967,5383199175213;0,7539297427424251;0,6082187695937923;130,23236427758036;1327,1749686213795;650,0;0,13601244328400733
96,25;1016,0337604275801;1010,8370284513879;967,8549870423299;0,7539297427424251;0,6082187695937923;130,07516154215182;1325,9837405176654;650,0;0,13588660106482042
96,33333333333333;1016,1632605188368;1010,9727894470825;968,1705766725674;0,7539297427424251;0,6082187695937923;129,91829940480386;1324,794709711983;650,0;0,1357609956946209
96,41666666666667;1016,292648779258;1011,1084250735739;968,4850936578813;0,7539297427424251;0,6082187695937923;129,76177679385614;1323,6078699681198;650,0;0,13563562649140018
96,5;1016,4219254018221;1011,2439355663498;968,7985428313059;0,7539297427424251;0,6082187695937923;129,6055926421019;1322,42321507469;650,0;0,1355104927758841
96,58333333333333;1016,5510905790081;1011,3793211602213;969,1109290092517;0,7539297427424251;0,6082187695937923;129,44974588680793;1321,2407388445051;650,0;0,1353855938714741
96,66666666666667;1016,6801445027977;1011,5145820893255;969,4222569914942;0,7539297427424251;0,6082187695937923;129,294235469672;1320,060435114501;650,0;0,13526092910423676
96,75;1016,809087364677;1011,6497185871284;969,7325315611648;0,7539297427424251;0,6082187695937923;129,13906033680576;1318,882297746147;650,0;0,13513649780294
96,83333333333333;1016,9379193556383;1011,7847308864274;970,0417574847415;0,7539297427424251;0,6082187695937923;128,98421943871483;1317,7063206246723;650,0;0,13501229929897923
96,91666666666667;1017,0666406661812;1011,9196192193538;970,3499395120415;0,7539297427424251;0,6082187695937923;128,8297117302733;1316,5324976593859;650,0;0,1348883329264048
97,0;1017,1952514863153;1012,0543838173757;970,6570823762137;0,7539297427424251;0,6082187695937923;128,67553617068666;1315,3608227831808;650,0;0,1347645980218723
97,08333333333333;1017,3237520055611;1012,1890249113003;970,9631907937329;0,7539297427424251;0,6082187695937923;128,52169172349193;1314,191289952578;650,0;0,13464109392464663
97,16666666666667;1017,4521424129516;1012,3235427312769;971,2682694643944;0,7539297427424251;0,6082187695937923;128,36817735652062;1313,0238931479744;650,0;0,13451781997662163
97,25;1017,5804228970347;1012,4579375067991;971,5723230713094;0,7539297427424251;0,6082187695937923;128,2149920418675;1311,8586263728394;650,0;0,13439477552224227
97,33333333333333;1017,7085936458743;1012,5922094667076;971,875356280901;0,7539297427424251;0,6082187695937923;128,0621347558906;1310,6954836538166;650,0;0,1342719599085142
97,41666666666667;1017,8366548470518;1012,7263588391926;972,177373742902;0,7539297427424251;0,6082187695937923;127,90960447916859;1309,534459040988;650,0;0,1341493724850243
97,5;1017,9646066876686;1012,8603858517964;972,4783800903524;0,7539297427424251;0,6082187695937923;127,75740019648083;1308,3755466072444;650,0;0,13402701260388
97,58333333333333;1018,0924493543466;1012,9942907314162;972,7783799395983;0,7539297427424251;0,6082187695937923;127,60552089680459;1307,2187404485348;650,0;0,13390487961973255
97,66666666666667;1018,2201830332309;1013,128073704306;973,0773778902911;0,7539297427424251;0,6082187695937923;127,45396557326103;1306,0640346834566;650,0;0,13378297288973356
97,75;1018,3478079099905;1013,2617349960796;973,3753785253886;0,7539297427424251;0,6082187695937923;127,30273322312371;1304,911423453417;650,0;0,13366129177355082
97,83333333333333;1018,4753241698205;1013,3952748317129;973,6723864111549;0,7539297427424251;0,6082187695937923;127,15182284777313;1303,760900922208;650,0;0,13353983563332456
97,91666666666667;1018,6027319974438;1013,5286934355465;973,9684060971636;0,7539297427424251;0,6082187695937923;127,00123345269105;1302,6124612761253;650,0;0,13341860383367782
98,0;1018,7300315771122;1013,6619910312883;974,2634421162991;0,7539297427424251;0,6082187695937923;126,85096404743206;1301,4660987239658;650,0;0,1332975957417137
98,08333333333333;1018,8572230926081;1013,7951678420152;974,557498984761;0,7539297427424251;0,6082187695937923;126,70101364559798;1300,3218074963727;650,0;0,13317681072695184
98,16666666666667;1018,9843067272468;1013,9282240901765;974,8505812020676;0,7539297427424251;0,6082187695937923;126,5513812648237;1299,179581846257;650,0;0,13305624816136635
98,25;1019,1112826638773;1014,0611599975958;975,1426932510609;0,7539297427424251;0,6082187695937923;126,40206592675725;1298,0394160485941;650,0;0,13293590741936503
98,33333333333333;1019,2381510848837;1014,1939757854736;975,4338395979122;0,7539297427424251;0,6082187695937923;126,25306665703704;1296,9013044001024;650,0;0,13281578787775736
98,41666666666667;1019,364912172188;1014,3266716743893;975,7240246921282;0,7539297427424251;0,6082187695937923;126,10438248525213;1295,7652412191408;650,0;0,13269588891574088
98,5;1019,4915661072499;1014,4592478843042;976,013252966558;0,7539297427424251;0,6082187695937923;125,95601244496777;1294,6312208459415;650,0;0,13257620991492586
98,58333333333333;1019,6181130710703;1014,5917046345635;976,3015288374008;0,7539297427424251;0,6082187695937923;125,80795557364297;1293,4992376420714;650,0;0,13245675025927667
98,66666666666667;1019,7445532441914;1014,7240421438986;976,5888567042145;0,7539297427424251;0,6082187695937923;125,66021091267032;1292,3692859906641;650,0;0,1323375093351377
98,75;1019,8708868066984;1014,8562606304298;976,8752409499243;0,7539297427424251;0,6082187695937923;125,51277750731913;1291,2413602960846;650,0;0,13221848653119656
98,83333333333333;1019,9971139382219;1014,9883603116683;977,1606859408325;0,7539297427424251;0,6082187695937923;125,36565440671552;1290,115454983842;650,0;0,13209968123847388
98,91666666666667;1020,1232348179386;1015,1203414045186;977,4451960266291;0,7539297427424251;0,6082187695937923;125,21884066383961;1288,991564500588;650,0;0,13198109285032336
99,0;1020,2492496245733;1015,2522041252811;977,7287755404026;0,7539297427424251;0,6082187695937923;125,07233533549993;1287,869683313929;650,0;0,1318627207624114
99,08333333333333;1020,3751585363999;1015,3839486896538;978,0114287986517;0,7539297427424251;0,6082187695937923;124,92613748230497;1286,7498059124098;650,0;0,13174456437271315
99,16666666666667;1020,5009617312438;1015,5155753127353;978,2931601012975;0,7539297427424251;0,6082187695937923;124,78024616865184;1285,6319268053685;650,0;0,1316266230814979
99,25;1020,6266593864823;1015,6470842090266;978,5739737316969;0,7539297427424251;0,6082187695937923;124,63466046271208;1284,5160405227311;650,0;0,13150889629130844
99,33333333333333;1020,7522516790467;1015,7784755924336;978,8538739566557;0,7539297427424251;0,6082187695937923;124,4893794363918;1283,4021416149103;650,0;0,13139138340694823
99,41666666666667;1020,8777387854243;1015,909749676269;979,1328650264428;0,7539297427424251;0,6082187695937923;124,34440216532892;1282,290224653067;650,0;0,13127408383550507
99,5;1021,0031208816587;1016,0409066732553;979,4109511748054;0,7539297427424251;0,6082187695937923;124,19972772888173;1281,180284228572;650,0;0,13115699698630023
99,58333333333333;1021,1283981433523;1016,1719467955262;979,6881366189839;0,7539297427424251;0,6082187695937923;124,05535521008346;1280,0723149527544;650,0;0,13104012227086045
99,66666666666667;1021,2535707456674;1016,3028702546292;979,964425559728;0,7539297427424251;0,6082187695937923;123,91128369565365;1278,9663114576203;650,0;0,13092345910298628
99,75;1021,378638863327;1016,4336772615278;980,2398221813138;0,7539297427424251;0,6082187695937923;123,76751227595548;1277,8622683950484;650,0;0,13080700689867283
99,83333333333333;1021,5036026706181;1016,5643680266039;980,51433065156;0,7539297427424251;0,6082187695937923;123,62404004497876;1276,7601804365406;650,0;0,13069076507608496
99,91666666666667;1021,628462341391;1016,6949427596595;980,7879551218466;0,7539297427424251;0,6082187695937923;123,48086610035409;1275,660042273998;650,0;0,13057473305563116
100,0;1021,753218049062;1016,8254016699194;981,0606997271324;0,7539297427424251;0,6082187695937923;123,33798954328756;1274,5618486187548;650,0;0,1304589102598672
100,08333333333333;1021,8778699666149;1016,955744966033;981,3325685859743;0,7539297427424251;0,6082187695937923;123,19540947856353;1273,465594201843;650,0;0,13034329611352105
100,16666666666667;1022,0024182666018;1017,0859728560764;981,6035658005466;0,7539297427424251;0,6082187695937923;123,0531250145475;1272,3712737739477;650,0;0,13022789004348895
100,25;1022,1268631211449;1017,2160855475552;981,8736954566607;0,7539297427424251;0,6082187695937923;122,91113526313495;1271,278882105202;650,0;0,1301126914788117
100,33333333333333;1022,2512047019379;1017,3460832474059;982,1429616237859;0,7539297427424251;0,6082187695937923;122,7694393397428;1270,1884139851009;650,0;0,1299976998506655
100,41666666666667;1022,3754431802477;1017,4759661619983;982,4113683550703;0,7539297427424251;0,6082187695937923;122,62803636330091;1269,0998642223676;650,0;0,12988291459234907
100,5;1022,4995787269147;1017,6057344971375;982,678919687362;0,7539297427424251;0,6082187695937923;122,48692545623499;1268,013227645073;650,0;0,12976833513929287
100,58333333333333;1022,6236115123558;1017,7353884580665;982,9456196412317;0,7539297427424251;0,6082187695937923;122,34610574442968;1266,9284991001803;650,0;0,1296539609290133
100,66666666666667;1022,7475417065649;1017,8649282494677;983,2114722209946;0,7539297427424251;0,6082187695937923;122,2055763572314;1265,8456734537806;650,0;0,129539791401135
100,75;1022,8713694791143;1017,994354075465;983,4764814147337;0,7539297427424251;0,6082187695937923;122,06533642743125;1264,7647455909014;650,0;0,1294258259973713
100,83333333333333;1022,9950949991561;1018,1236661396265;983,7406511943236;0,7539297427424251;0,6082187695937923;121,92538509123096;1263,6857104153185;650,0;0,1293120641615034
100,91666666666667;1023,118718435424;1018,2528646449658;984,0039855154541;0,7539297427424251;0,6082187695937923;121,78572148824003;1262,6085628495243;650,0;0,12919850533937746
101,0;1023,2422399562339;1018,3819497939447;984,2664883176548;0,7539297427424251;0,6082187695937923;121,64634476145295;1261,5332978348185;650,0;0,12908514897891057
101,08333333333333;1023,3656597294864;1018,5109217884748;984,5281635243199;0,7539297427424251;0,6082187695937923;121,50725405722937;1260,459910330677;650,0;0,1289719945300302
101,16666666666667;1023,4889779226673;1018,6397808299195;984,7890150427339;0,7539297427424251;0,6082187695937923;121,36844852529123;1259,3883953153966;650,0;0,12885904144473415
101,25;1023,6121947028488;1018,7685271190965;985,0490467640975;0,7539297427424251;0,6082187695937923;121,22992731869715;1258,3187477856993;650,0;0,12874628917705103
101,33333333333333;1023,7353102366918;1018,8971608562795;985,3082625635534;0,7539297427424251;0,6082187695937923;121,09168959380838;1257,250962756105;650,0;0,12863373718297877
101,41666666666667;1023,8583246904464;1019,0256822412;985,5666663002135;0,7539297427424251;0,6082187695937923;120,95373451030866;1256,1850352597787;650,0;0,1285213849205653
101,5;1023,9812382299534;1019,1540914730498;985,8242618171861;0,7539297427424251;0,6082187695937923;120,81606123115876;1255,1209603478578;650,0;0,12840923184984174
101,58333333333333;1024,1040510206467;1019,2823887504826;986,0810529416033;0,7539297427424251;0,6082187695937923;120,67866892259076;1254,058733089365;650,0;0,12829727743281355
101,66666666666667;1024,226763227552;1019,4105742716162;986,3370434846493;0,7539297427424251;0,6082187695937923;120,54155675410243;1252,998348571676;650,0;0,12818552113350395
101,75;1024,349375015292;1019,538648234034;986,5922372415885;0,7539297427424251;0,6082187695937923;120,40472389839749;1251,9398018992908;650,0;0,12807396241783328
101,83333333333333;1024,4718865480838;1019,6666108347878;986,8466379917949;0,7539297427424251;0,6082187695937923;120,26816953145101;1250,8830881952974;650,0;0,127962600753762
101,91666666666667;1024,594297989743;1019,7944622703989;987,1002494987807;0,7539297427424251;0,6082187695937923;120,13189283240138;1249,8282025998349;650,0;0,12785143561113702
102,0;1024,7166095036832;1019,9222027368606;987,3530755102269;0,7539297427424251;0,6082187695937923;119,9958929836015;1248,7751402710448;650,0;0,1277404664617854
102,08333333333333;1024,8388212529196;1020,0498324296401;987,6051197580123;0,7539297427424251;0,6082187695937923;119,86016917056475;1247,7238963843256;650,0;0,1276296927794396
102,16666666666667;1024,960933400067;1020,1773515436798;987,8563859582447;0,7539297427424251;0,6082187695937923;119,72472058198775;1246,67446613261;650,0;0,12751911403976554
102,25;1025,0829461073445;1020,3047602734001;988,1068778112916;0,7539297427424251;0,6082187695937923;119,58954640967931;1245,6268447262041;650,0;0,12740872972034095
102,33333333333333;1025,2048595365738;1020,4320588127008;988,3565990018112;0,7539297427424251;0,6082187695937923;119,45464584860872;1244,5810273926863;650,0;0,12729853930065047
102,41666666666667;1025,3266738491834;1020,5592473549628;988,6055531987842;0,7539297427424251;0,6082187695937923;119,32001809682617;1243,5370093765698;650,0;0,1271885422620467
102,5;1025,4483892062071;1020,6863260930506;988,8537440555453;0,7539297427424251;0,6082187695937923;119,18566235551395;1242,4947859400188;650,0;0,12707873808782177
102,58333333333333;1025,5700057682873;1020,8132952193138;989,1011752098163;0,7539297427424251;0,6082187695937923;119,05157782891251;1241,4543523616514;650,0;0,12696912626308895
102,66666666666667;1025,6915236956754;1020,9401549255887;989,347850283738;0,7539297427424251;0,6082187695937923;118,91776372433753;1240,4157039372103;650,0;0,12685970627484638
102,75;1025,812943148233;1021,0669054032006;989,5937728839034;0,7539297427424251;0,6082187695937923;118,78421925216855;1239,3788359796226;650,0;0,12675047761198205
102,83333333333333;1025,934264285434;1021,1935468429658;989,8389466013911;0,7539297427424251;0,6082187695937923;118,65094362580919;1238,3437438182534;650,0;0,1266414397652003
102,91666666666667;1026,055487266364;1021,3200794351928;990,0833750117988;0,7539297427424251;0,6082187695937923;118,51793606170418;1237,3104227993306;650,0;0,12653259222706278
103,0;1026,1766122497243;1021,4465033696848;990,3270616752777;0,7539297427424251;0,6082187695937923;118,38519577927968;1236,27886828533;650,0;0,12642393449192593
103,08333333333333;1026,2976393938302;1021,5728188357409;990,5700101365661;0,7539297427424251;0,6082187695937923;118,25272200098595;1235,2490756561456;650,0;0,12631546605605387
103,16666666666667;1026,418568856615;1021,6990260221584;990,8122239250245;0,7539297427424251;0,6082187695937923;118,12051395223193;1234,2210403072036;650,0;0,12620718641743642
103,25;1026,5394007956286;1021,8251251172343;991,0537065546703;0,7539297427424251;0,6082187695937923;117,98857086141368;1233,1947576509097;650,0;0,12609909507592668
103,33333333333333;1026,6601353680412;1021,9511163087674;991,2944615242131;0,7539297427424251;0,6082187695937923;117,85689195985753;1232,1702231157572;650,0;0,12599119153315272
103,41666666666667;1026,7807727306426;1022,0769997840599;991,5344923170906;0,7539297427424251;0,6082187695937923;117,7254764818457;1231,147432146795;650,0;0,12588347529256344
103,5;1026,9013130398444;1022,2027757299193;991,7738024015034;0,7539297427424251;0,6082187695937923;117,59432366456792;1230,1263802048086;650,0;0,1257759458593478
103,58333333333333;1027,021756451681;1022,3284443326597;992,0123952304523;0,7539297427424251;0,6082187695937923;117,46343274812716;1229,1070627668478;650,0;0,12566860274048433
103,66666666666667;1027,1421031218113;1022,4540057781045;992,2502742417737;0,7539297427424251;0,6082187695937923;117,33280297553392;1228,0894753262392;650,0;0,12556144544474213
103,75;1027,2623532055181;1022,5794602515871;992,4874428581769;0,7539297427424251;0,6082187695937923;117,20243359266931;1227,0736133919593;650,0;0,12545447348261854
103,83333333333333;1027,3825068577125;1022,7048079379534;992,7239044872806;0,7539297427424251;0,6082187695937923;117,07232384827648;1226,0594724889995;650,0;0,12534768636637275
103,91666666666667;1027,5025642329315;1022,8300490215635;992,9596625216503;0,7539297427424251;0,6082187695937923;116,94247299397773;1225,0470481582488;650,0;0,12524108361001624
104,0;1027,6225254853416;1022,9551836862927;993,1947203388357;0,7539297427424251;0,6082187695937923;116,81288028420056;1224,036335956012;650,0;0,12513466472926085
104,08333333333333;1027,7423907687398;1023,0802121155342;993,4290813014085;0,7539297427424251;0,6082187695937923;116,68354497622317;1223,0273314545943;650,0;0,12502842924157787
104,16666666666667;1027,8621602365533;1023,2051344922004;993,662748757;0,7539297427424251;0,6082187695937923;116,55446633014037;1222,0200302417454;650,0;0,12492237666614273
104,25;1027,9818340418428;1023,3299509987243;993,89572603834;0,7539297427424251;0,6082187695937923;116,42564360882375;1221,0144279207334;650,0;0,12481650652383816
104,33333333333333;1028,101412337301;1023,4546618170615;994,1280164632942;0,7539297427424251;0,6082187695937923;116,29707607796433;1220,0105201104027;650,0;0,12471081833726387
104,41666666666667;1028,2208952752571;1023,5792671286922;994,3596233349041;0,7539297427424251;0,6082187695937923;116,16876300599017;1219,0083024447356;650,0;0,12460531163068764
104,5;1028,3402830076748;1023,7037671146223;994,5905499414247;0,7539297427424251;0,6082187695937923;116,04070366412316;1218,0077705733056;650,0;0,12449998593009295
104,58333333333333;1028,4595756861552;1023,8281619553854;994,8207995563645;0,7539297427424251;0,6082187695937923;115,91289732631083;1217,008920160795;650,0;0,12439484076312785
104,66666666666667;1028,578773461938;1023,9524518310445;995,0503754385245;0,7539297427424251;0,6082187695937923;115,78534326924341;1216,0117468868925;650,0;0,12428987565909669
104,75;1028,6978764859018;1024,0766369211935;995,2792808320378;0,7539297427424251;0,6082187695937923;115,65804077233679;1215,0162464468929;650,0;0,12418509014901467
104,83333333333333;1028,8168849085655;1024,200717404959;995,5075189664092;0,7539297427424251;0,6082187695937923;115,5309891177069;1214,0224145506002;650,0;0,12408048376550308
104,91666666666667;1028,9357988800903;1024,324693461002;995,7350930565556;0,7539297427424251;0,6082187695937923;115,4041875901612;1213,0302469227818;650,0;0,1239760560428308
105,0;1029,0546185502797;1024,448565267519;995,9620063028457;0,7539297427424251;0,6082187695937923;115,27763547720724;1212,0397393036199;650,0;0,12387180651695733
105,08333333333333;1029,1733440685812;1024,5723330022442;996,1882618911407;0,7539297427424251;0,6082187695937923;115,15133206901851;1211,0508874476902;650,0;0,12376773472543419
105,16666666666667;1029,2919755840871;1024,6959968424517;996,4138629928348;0,7539297427424251;0,6082187695937923;115,02527665842308;1210,0636871247211;650,0;0,12366384020747477
105,25;1029,410513245536;1024,8195569649556;996,6388127648959;0,7539297427424251;0,6082187695937923;114,89946854088657;1209,0781341185705;650,0;0,12356012250385731
105,33333333333333;1029,5289572013141;1024,9430135461125;996,8631143499065;0,7539297427424251;0,6082187695937923;114,77390701451213;1208,0942242281176;650,0;0,12345658115700797
105,41666666666667;1029,6473075994554;1025,0663667618235;997,0867708761049;0,7539297427424251;0,6082187695937923;114,64859138004044;1207,1119532668247;650,0;0,12335321571096008
105,5;1029,765564587644;1025,1896167875348;997,3097854574266;0,7539297427424251;0,6082187695937923;114,52352094079856;1206,1313170627363;650,0;0,12325002571134921
105,58333333333333;1029,8837283132134;1025,3127637982402;997,5321611935456;0,7539297427424251;0,6082187695937923;114,39869500272835;1205,1523114579104;650,0;0,12314701070536278
105,66666666666667;1030,0017989231505;1025,435807968482;997,7539011699158;0,7539297427424251;0,6082187695937923;114,2741128743296;1204,174932309119;650,0;0,1230441702418001
105,75;1030,1197765640939;1025,5587494723532;997,9750084578136;0,7539297427424251;0,6082187695937923;114,14977386671126;1203,199175487571;650,0;0,12294150387105125
105,83333333333333;1030,237661382336;1025,6815884834982;998,1954861143787;0,7539297427424251;0,6082187695937923;114,02567729351745;1202,2250368783714;650,0;0,12283901114503988
105,91666666666667;1030,3554535238247;1025,8043251751155;998,4153371826573;0,7539297427424251;0,6082187695937923;113,90182247094458;1201,2525123811345;650,0;0,1227366916172818
106,0;1030,4731531341636;1025,9269597199584;998,6345646916434;0,7539297427424251;0,6082187695937923;113,77820871772997;1200,2815979093564;650,0;0,12263454484282553
106,08333333333333;1030,5907603586138;1026,0494922903367;998,853171656322;0,7539297427424251;0,6082187695937923;113,65483535512908;1199,312289390824;650,0;0,12253257037828823
106,16666666666667;1030,708275342094;1026,1719230581186;999,0711610777113;0,7539297427424251;0,6082187695937923;113,53170170692692;1198,3445827669566;650,0;0,12243076778179542
106,25;1030,8256982291828;1026,2942521947316;999,288535942905;0,7539297427424251;0,6082187695937923;113,40880709938688;1197,378473993552;650,0;0,12232913661304577
106,33333333333333;1030,9430291641188;1026,416479871165;999,5052992251158;0,7539297427424251;0,6082187695937923;113,28615086127911;1196,413959039866;650,0;0,12222767643322789
106,41666666666667;1031,060268290802;1026,53860625797;999,7214538837178;0,7539297427424251;0,6082187695937923;113,16373232384649;1195,4510338893572;650,0;0,12212638680508654
106,5;1031,1774157527952;1026,660631525263;999,9370028642899;0,7539297427424251;0,6082187695937923;113,04155082079888;1194,4896945390144;650,0;0,12202526729285953
106,58333333333333;1031,2944716933248;1026,7825558427253;1000,1519490986586;0,7539297427424251;0,6082187695937923;112,91960568830746;1193,5299369995769;650,0;0,1219243174622976
106,66666666666667;1031,4114362552807;1026,9043793796059;1000,366295504942;0,7539297427424251;0,6082187695937923;112,79789626498768;1192,5717572955045;650,0;0,12182353688066
106,75;1031,5283095812197;1027,0261023047226;1000,5800449875921;0,7539297427424251;0,6082187695937923;112,67642189187086;1191,6151514644957;650,0;0,12172292511666703
106,83333333333333;1031,6450918133644;1027,1477247864632;1000,7932004374395;0,7539297427424251;0,6082187695937923;112,55518191242686;1190,6601155583055;650,0;0,12162248174057835
106,91666666666667;1031,7617830936058;1027,2692469927872;1001,0057647317362;0,7539297427424251;0,6082187695937923;112,43417567253005;1189,7066456413868;650,0;0,12152220632406305
107,0;1031,8783835635033;1027,3906690912277;1001,2177407341998;0,7539297427424251;0,6082187695937923;112,31340252046493;1188,7547377925418;650,0;0,12142209844035431
107,08333333333333;1031,994893364286;1027,5119912488917;1001,4291312950568;0,7539297427424251;0,6082187695937923;112,1928618068921;1187,80438810308;650,0;0,1213221576640743
107,16666666666667;1032,1113126368539;1027,6332136324631;1001,6399392510873;0,7539297427424251;0,6082187695937923;112,07255288485953;1186,8555926781053;650,0;0,12122238357135527
107,25;1032,2276415217787;1027,7543364082028;1001,8501674256685;0,7539297427424251;0,6082187695937923;111,95247510976856;1185,9083476356677;650,0;0,12112277573975745
107,33333333333333;1032,3438801593047;1027,8753597419511;1002,0598186288187;0,7539297427424251;0,6082187695937923;111,83262783939654;1184,962649107216;650,0;0,12102333374831316
107,41666666666667;1032,460028689351;1027,9962837991286;1002,2688956572418;0,7539297427424251;0,6082187695937923;111,71301043384005;1184,0184932369268;650,0;0,12092405717745891
107,5;1032,5760872515111;1028,1171087447376;1002,4774012943717;0,7539297427424251;0,6082187695937923;111,59362225556038;1183,0758761823902;650,0;0,12082494560910388
107,58333333333333;1032,6920559850532;1028,2378347433641;1002,685338310416;0,7539297427424251;0,6082187695937923;111,47446266933798;1182,1347941142005;650,0;0,12072599862658719
107,66666666666667;1032,807935028924;1028,3584619591788;1002,8927094624011;0,7539297427424251;0,6082187695937923;111,35553104222708;1181,1952432154171;650,0;0,12062721581462345
107,75;1032,9237245217473;1028,4789905559383;1003,0995174942163;0,7539297427424251;0,6082187695937923;111,23682674362954;1180,2572196825708;650,0;0,12052859675940368
107,83333333333333;1033,0394246018259;1028,5994206969867;1003,3057651366588;0,7539297427424251;0,6082187695937923;111,1183491452266;1179,320719724701;650,0;0,12043014104849885
107,91666666666667;1033,1550354071428;1028,7197525452575;1003,5114551074776;0,7539297427424251;0,6082187695937923;111,00009762097898;1178,3857395637049;650,0;0,12033184827089276
108,0;1033,270557075361;1028,8399862632746;1003,7165901114189;0,7539297427424251;0,6082187695937923;110,88207154713245;1177,4522754342659;650,0;0,12023371801697562
108,08333333333333;1033,385989743826;1028,960122013153;1003,9211728402706;0,7539297427424251;0,6082187695937923;110,7642703021611;1176,520323583458;650,0;0,12013574987850205
108,16666666666667;1033,5013335495657;1029,0801599566016;1004,125205972907;0,7539297427424251;0,6082187695937923;110,64669326682406;1175,5898802712145;650,0;0,12003794344863987
108,25;1033,6165886292924;1029,2001002549234;1004,3286921753337;0,7539297427424251;0,6082187695937923;110,52933982410309;1174,6609417698587;650,0;0,11994029832192078
108,33333333333333;1033,7317551194028;1029,3199430690177;1004,5316341007327;0,7539297427424251;0,6082187695937923;110,41220935922524;1173,7335043646167;650,0;0,11984281409429008
108,41666666666667;1033,8468331559789;1029,4396885593806;1004,7340343895072;0,7539297427424251;0,6082187695937923;110,29530125962879;1172,8075643525362;650,0;0,11974549036300274
108,5;1033,96182287479;1029,5593368861073;1004,9358956693266;0,7539297427424251;0,6082187695937923;110,1786149149575;1171,8831180433478;650,0;0,11964832672670309
108,58333333333333;1034,0767244112926;1029,6788882088927;1005,1372205551714;0,7539297427424251;0,6082187695937923;110,0621497170664;1170,960161759275;650,0;0,11955132278540782
108,66666666666667;1034,1915379006323;1029,798342687033;1005,3380116493789;0,7539297427424251;0,6082187695937923;109,94590505999895;1170,0386918346408;650,0;0,11945447814046704
108,75;1034,3062634776438;1029,9177004794276;1005,5382715416873;0,7539297427424251;0,6082187695937923;109,8298803399814;1169,118704616144;650,0;0,1193577923945895
108,83333333333333;1034,4209012768526;1030,0369617445795;1005,7380028092819;0,7539297427424251;0,6082187695937923;109,71407495540575;1168,2001964624217;650,0;0,11926126515180022
108,91666666666667;1034,5354514324754;1030,156126640597;1005,9372080168392;0,7539297427424251;0,6082187695937923;109,59848830682972;1167,2831637442828;650,0;0,11916489601746223
109,0;1034,6499140784215;1030,2751953251952;1006,1358897165735;0,7539297427424251;0,6082187695937923;109,48311979695973;1166,3676028450589;650,0;0,11906868459830788
109,08333333333333;1034,7642893482935;1030,3941679556976;1006,3340504482805;0,7539297427424251;0,6082187695937923;109,36796883065654;1165,4535101595516;650,0;0,11897263050234086
109,16666666666667;1034,8785773753884;1030,5130446890366;1006,531692739384;0,7539297427424251;0,6082187695937923;109,2530348148955;1164,5408820948223;650,0;0,11887673333890648
109,25;1034,992778292698;1030,6318256817553;1006,7288191049801;0,7539297427424251;0,6082187695937923;109,13831715879496;1163,6297150697098;650,0;0,11878099271864909
109,33333333333333;1035,1068922329107;1030,7505110900088;1006,9254320478832;0,7539297427424251;0,6082187695937923;109,0238152735651;1162,720005515049;650,0;0,11868540825352782
109,41666666666667;1035,2209193284116;1030,8691010695657;1007,1215340586709;0,7539297427424251;0,6082187695937923;108,90952857254774;1161,8117498735257;650,0;0,11858997955680672
109,5;1035,334859711284;1030,9875957758086;1007,3171276157295;0,7539297427424251;0,6082187695937923;108,7954564711481;1160,9049445995001;650,0;0,11849470624303195
109,58333333333333;1035,44871351331;1031,1059953637366;1007,512215185299;0,7539297427424251;0,6082187695937923;108,68159838688598;1159,9995861590955;650,0;0,11839958792804475
109,66666666666667;1035,5624808659713;1031,2242999879657;1007,7067992215191;0,7539297427424251;0,6082187695937923;108,56795373933323;1159,0956710300516;650,0;0,11830462422896197
109,75;1035,6761619004512;1031,3425098027299;1007,9008821664736;0,7539297427424251;0,6082187695937923;108,45452195014218;1158,1931957017105;650,0;0,11820981476417745
109,83333333333333;1035,7897567476336;1031,4606249618832;1008,0944664502366;0,7539297427424251;0,6082187695937923;108,34130244303424;1157,2921566751468;650,0;0,11811515915337306
109,91666666666667;1035,9032655381052;1031,5786456189007;1008,2875544909174;0,7539297427424251;0,6082187695937923;108,22829464376014;1156,392550462921;650,0;0,118020657017492
110,0;1036,0166884021564;1031,6965719268794;1008,4801486947056;0,7539297427424251;0,6082187695937923;108,11549798011129;1155,4943735890492;650,0;0,11792630797873688
110,08333333333333;1036,1300254697821;1031,81440403854;1008,6722514559169;0,7539297427424251;0,6082187695937923;108,00291188192546;1154,597622588945;650,0;0,1178321116605651
110,16666666666667;1036,2432768706817;1031,9321421062277;1008,8638651570382;0,7539297427424251;0,6082187695937923;107,89053578105268;1153,702294009302;650,0;0,11773806768767453
110,25;1036,3564427342612;1032,0497862819138;1009,0549921687727;0,7539297427424251;0,6082187695937923;107,77836911134955;1152,8083844083726;650,0;0,11764417568602896
110,33333333333333;1036,4695231896337;1032,1673367171966;1009,2456348500857;0,7539297427424251;0,6082187695937923;107,66641130868493;1151,9158903555285;650,0;0,11755043528281779
110,41666666666667;1036,5825183656202;1032,284793563303;1009,4357955482493;0,7539297427424251;0,6082187695937923;107,55466181092856;1151,024808431495;650,0;0,11745684610647662
110,5;1036,6954283907498;1032,4021569710897;1009,6254765988879;0,7539297427424251;0,6082187695937923;107,44312005792835;1150,1351352282784;650,0;0,11736340778667849
110,58333333333333;1036,8082533932622;1032,519427091044;1009,8146803260233;0,7539297427424251;0,6082187695937923;107,33178549150466;1149,246867348697;650,0;0,11727011995428958
110,66666666666667;1036,9209935011072;1032,6366040732855;1010,0034090421204;0,7539297427424251;0,6082187695937923;107,220657555456;1148,3600014068209;650,0;0,11717698224141077
110,75;1037,0336488419457;1032,7536880675668;1010,1916650481318;0,7539297427424251;0,6082187695937923;107,10973569554199;1147,474534027986;650,0;0,11708399428137727
110,83333333333333;1037,1462195431513;1032,8706792232756;1010,3794506335431;0,7539297427424251;0,6082187695937923;106,99901935947196;1146,5904618484144;650,0;0,11699115570872227
110,91666666666667;1037,2587057318103;1032,9875776894348;1010,5667680764183;0,7539297427424251;0,6082187695937923;106,88850799689362;1145,7077815150387;650,0;0,11689846615915933
111,0;1037,3711075347237;1033,1043836147044;1010,7536196434445;0,7539297427424251;0,6082187695937923;106,77820105938736;1144,8264896860132;650,0;0,11680592526962977
111,08333333333333;1037,4834250784065;1033,2210971473826;1010,9400075899774;0,7539297427424251;0,6082187695937923;106,66809800048327;1143,9465830304662;650,0;0,11671353267828088
111,16666666666667;1037,59565848909;1033,337718435407;1011,125934160086;0,7539297427424251;0,6082187695937923;106,55819827559867;1143,0680582279297;650,0;0,1166212880244071
111,25;1037,7078078927218;1033,4542476263555;1011,3114015865978;0,7539297427424251;0,6082187695937923;106,44850134207786;1142,1909119690115;650,0;0,11652919094851628
111,33333333333333;1037,8198734149667;1033,5706848674477;1011,4964120911435;0,7539297427424251;0,6082187695937923;106,33900665915803;1141,3151409548693;650,0;0,11643724109227757
111,41666666666667;1037,9318551812082;1033,6870303055462;1011,6809678842025;0,7539297427424251;0,6082187695937923;106,22971368797494;1140,4407418977223;650,0;0,11634543809856952
111,5;1038,0437533165486;1033,8032840871576;1011,8650711651469;0,7539297427424251;0,6082187695937923;106,12062189155154;1139,5677115201058;650,0;0,11625378161140965
111,58333333333333;1038,15556794581;1033,9194463584336;1012,0487241222872;0,7539297427424251;0,6082187695937923;106,01173073477526;1138,6960465553238;650,0;0,1161622712759944
111,66666666666667;1038,2672991935353;1034,0355172651723;1012,2319289329167;0,7539297427424251;0,6082187695937923;105,90303968440935;1137,8257437467778;650,0;0,11607090673863765
111,75;1038,3789471839896;1034,1514969528191;1012,4146877633563;0,7539297427424251;0,6082187695937923;105,79454820907586;1136,9567998492075;650,0;0,11597968764688488
111,83333333333333;1038,4905120411595;1034,2673855664684;1012,5970027689989;0,7539297427424251;0,6082187695937923;105,68625577926127;1136,0892116273187;650,0;0,11588861364938567
111,91666666666667;1038,6019938887555;1034,3831832508642;1012,7788760943546;0,7539297427424251;0,6082187695937923;105,57816186727678;1135,2229758561182;650,0;0,11579768439592122
112,0;1038,7133928502117;1034,4988901504016;1012,960309873095;0,7539297427424251;0,6082187695937923;105,47026594728095;1134,3580893214407;650,0;0,11570689953745565
112,08333333333333;1038,8247090486875;1034,6145064091277;1013,1413062280977;0,7539297427424251;0,6082187695937923;105,36256749525137;1133,4945488191154;650,0;0,11561625872605552
112,16666666666667;1038,9359426070678;1034,7300321707426;1013,321867271491;0,7539297427424251;0,6082187695937923;105,25506598899597;1132,6323511554774;650,0;0,11552576161493883
112,25;1039,047093647964;1034,845467578601;1013,501995104698;0,7539297427424251;0,6082187695937923;105,1477609081303;1131,771493146871;650,0;0,1154354078584262
112,33333333333333;1039,1581622937147;1034,960812775713;1013,6816918184813;0,7539297427424251;0,6082187695937923;105,04065173407184;1130,9119716201178;650,0;0,11534519711198428
112,41666666666667;1039,269148666387;1035,0760679047453;1013,8609594929873;0,7539297427424251;0,6082187695937923;104,93373795004004;1130,0537834123547;650,0;0,11525512903221061
112,5;1039,3800528877766;1035,191233108022;1014,03980019779;0,7539297427424251;0,6082187695937923;104,82701904104488;1129,196925370276;650,0;0,11516520327676169
112,58333333333333;1039,4908750794093;1035,3063085275264;1014,2182159919358;0,7539297427424251;0,6082187695937923;104,72049449386418;1128,3413943511391;650,0;0,11507541950444489
112,66666666666667;1039,6016153625412;1035,4212943049017;1014,3962089239874;0,7539297427424251;0,6082187695937923;104,61416379707202;1127,4871872224458;650,0;0,11498577737519121
112,75;1039,7122738581595;1035,5361905814516;1014,5737810320676;0,7539297427424251;0,6082187695937923;104,50802644098758;1126,6343008609756;650,0;0,1148962765499604
112,83333333333333;1039,822850686984;1035,6509974981425;1014,7509343439036;0,7539297427424251;0,6082187695937923;104,40208191769784;1125,7827321540874;650,0;0,11480691669086443
112,91666666666667;1039,9333459694672;1035,7657151956037;1014,9276708768708;0,7539297427424251;0,6082187695937923;104,29632972104059;1124,9324779991205;650,0;0,11471769746111017
113,0;1040,0437598257952;1035,8803438141285;1015,1039926380369;0,7539297427424251;0,6082187695937923;104,19076934658733;1124,0835353026043;650,0;0,11462861852492395
113,08333333333333;1040,1540923758887;1035,9948834936763;1015,279901624205;0,7539297427424251;0,6082187695937923;104,08540029166602;1123,235900981736;650,0;0,11453967954769155
113,16666666666667;1040,264343739404;1036,1093343738721;1015,4553998219582;0,7539297427424251;0,6082187695937923;103,98022205530992;1122,3895719631223;650,0;0,11445088019583603
113,25;1040,3745140357328;1036,223696594009;1015,6304892077027;0,7539297427424251;0,6082187695937923;103,8752341382974;1121,54454518335;650,0;0,11436222013687475
113,33333333333333;1040,4846033840042;1036,3379702930483;1015,8051717477114;0,7539297427424251;0,6082187695937923;103,77043604309506;1120,7008175884162;650,0;0,11427369903936083
113,41666666666667;1040,5946119030846;1036,4521556096213;1015,9794493981674;0,7539297427424251;0,6082187695937923;103,66582727389755;1119,8583861340787;650,0;0,11418531657291954
113,5;1040,7045397115787;1036,5662526820295;1016,1533241052075;0,7539297427424251;0,6082187695937923;103,56140733658208;1119,0172477862363;650,0;0,11409707240827963
113,58333333333333;1040,8143869278308;1036,6802616482466;1016,3267978049655;0,7539297427424251;0,6082187695937923;103,45717573873117;1118,1773995196422;650,0;0,1140089662171553
113,66666666666667;1040,9241536699246;1036,794182645919;1016,4998724236154;0,7539297427424251;0,6082187695937923;103,35313198960421;1117,3388383192787;650,0;0,11392099767237188
113,75;1041,0338400556843;1036,9080158123668;1016,6725498774147;0,7539297427424251;0,6082187695937923;103,24927560014316;1116,501561179377;650,0;0,1138331664477749
113,83333333333333;1041,1434462026764;1037,021761284585;1016,844832072747;0,7539297427424251;0,6082187695937923;103,14560608293846;1115,6655651034177;650,0;0,11374547221822692
113,91666666666667;1041,252972228209;1037,1354191992446;1017,0167209061657;0,7539297427424251;0,6082187695937923;103,04212295228581;1114,8308471048472;650,0;0,1136579146596797
114,0;1041,3624182493331;1037,2489896926936;1017,1882182644364;0,7539297427424251;0,6082187695937923;102,93882572411235;1113,997404206332;650,0;0,1135704934490977
114,08333333333333;1041,4717843828435;1037,362472900958;1017,3593260245799;0,7539297427424251;0,6082187695937923;102,83571391598798;1113,1652334399337;650,0;0,11348320826447554
114,16666666666667;1041,5810707452792;1037,475868959743;1017,5300460539149;0,7539297427424251;0,6082187695937923;102,73278704713675;1112,3343318469053;650,0;0,11339605878481994
114,25;1041,6902774529249;1037,589178004433;1017,7003802101008;0,7539297427424251;0,6082187695937923;102,63004463840844;1111,5046964779247;650,0;0,11330904469016895
114,33333333333333;1041,7994046218103;1037,7024001700947;1017,8703303411797;0,7539297427424251;0,6082187695937923;102,52748621229557;1110,6763243930209;650,0;0,11322216566158665
114,41666666666667;1041,908452367713;1037,815535591476;1018,0398982856199;0,7539297427424251;0,6082187695937923;102,425111292888;1109,8492126611661;650,0;0,11313542138112073
114,5;1042,0174208061571;1037,9285844030078;1018,209085872357;0,7539297427424251;0,6082187695937923;102,32291940592404;1109,0233583611366;650,0;0,1130488115318878
114,58333333333333;1042,1263100524152;1038,0415467388057;1018,3778949208374;0,7539297427424251;0,6082187695937923;102,2209100787336;1108,1987585802865;650,0;0,11296233579795338
114,66666666666667;1042,2351202215089;1038,1544227326701;1018,5463272410595;0,7539297427424251;0,6082187695937923;102,1190828402382;1107,3754104153359;650,0;0,11287599386440578
114,75;1042,3438514282084;1038,2672125180875;1018,7143846336165;0,7539297427424251;0,6082187695937923;102,01743722096808;1106,5533109720789;650,0;0,11278978541733013
114,83333333333333;1042,4525037870353;1038,3799162282312;1018,882068889738;0,7539297427424251;0,6082187695937923;101,91597275302229;1105,7324573652088;650,0;0,11270371014378862
114,91666666666667;1042,5610774122624;1038,492533995963;1019,0493817913318;0,7539297427424251;0,6082187695937923;101,8146889701029;1104,9128467187115;650,0;0,11261776773186014
115,0;1042,669572417913;1038,6050659538337;1019,2163251110263;0,7539297427424251;0,6082187695937923;101,71358540748656;1104,0944761655453;650,0;0,11253195787060795
115,08333333333333;1042,7779889177637;1038,7175122340836;1019,3829006122115;0,7539297427424251;0,6082187695937923;101,61266160198466;1103,2773428470553;650,0;0,11244628025002121
115,16666666666667;1042,8863270253448;1038,8298729686448;1019,5491100490812;0,7539297427424251;0,6082187695937923;101,5119170920002;1102,4614439142015;650,0;0,11236073456113498
115,25;1042,9945868539396;1038,9421482891407;1019,7149551666738;0,7539297427424251;0,6082187695937923;101,41135141749942;1101,6467765265945;650,0;0,11227532049593744
115,33333333333333;1043,1027685165864;1039,054338326888;1019,8804377009145;0,7539297427424251;0,6082187695937923;101,31096411997191;1100,833337852641;650,0;0,11219003774737994
115,41666666666667;1043,2108721260788;1039,1664432128973;1020,0455593786561;0,7539297427424251;0,6082187695937923;101,21075474245913;1100,021125069632;650,0;0,11210488600938764
115,5;1043,3188977949662;1039,2784630778742;1020,2103219177203;0,7539297427424251;0,6082187695937923;101,11072282953728;1099,2101353632459;650,0;0,11201986497681182
115,58333333333333;1043,4268456355553;1039,3903980522198;1020,3747270269389;0,7539297427424251;0,6082187695937923;101,0108679273003;1098,4003659283221;650,0;0,11193497434550032
115,66666666666667;1043,53471575991;1039,502248266032;1020,5387764061945;0,7539297427424251;0,6082187695937923;100,91118958338825;1097,5918139684245;650,0;0,1118502138122594
115,75;1043,6425082798514;1039,6140138491069;1020,7024717464619;0,7539297427424251;0,6082187695937923;100,81168734694756;1096,7844766955036;650,0;0,1117655830748187
115,83333333333333;1043,7502233069613;1039,7256949309387;1020,8658147298484;0,7539297427424251;0,6082187695937923;100,71236076861396;1095,9783513302482;650,0;0,11168108183186226
115,91666666666667;1043,8578609525794;1039,8372916407218;1021,0288070296344;0,7539297427424251;0,6082187695937923;100,61320940056362;1095,173435102231;650,0;0,11159670978304702
116,0;1043,9654213278063;1039,9488041073507;1021,1914503103147;0,7539297427424251;0,6082187695937923;100,51423279643927;1094,3697252490467;650,0;0,1115124666289154
116,08333333333333;1044,0729045435037;1040,0602324594217;1021,3537462276382;0,7539297427424251;0,6082187695937923;100,41543051139001;1093,5672190172475;650,0;0,11142835207098642
116,16666666666667;1044,1803107102942;1040,1715768252334;1021,5156964286485;0,7539297427424251;0,6082187695937923;100,31680210204854;1092,7659136617724;650,0;0,11134436581170024
116,25;1044,2876399385632;1040,2828373327877;1021,6773025517242;0,7539297427424251;0,6082187695937923;100,2183471265198;1091,965806445919;650,0;0,11126050755441438
116,33333333333333;1044,394892338459;1040,3940141097912;1021,838566226619;0,7539297427424251;0,6082187695937923;100,12006514438667;1091,166894641679;650,0;0,1111767770034358
116,41666666666667;1044,5020680198934;1040,5051072836552;1021,9994890745018;0,7539297427424251;0,6082187695937923;100,0219557166929;1090,369175529007;650,0;0,11109317386395089
116,5;1044,6091670925425;1040,6161169814973;1022,1600727079963;0,7539297427424251;0,6082187695937923;99,92401840595448;1089,5726463967424;650,0;0,11100969784211256
116,58333333333333;1044,7161896658474;1040,7270433301421;1022,3203187312212;0,7539297427424251;0,6082187695937923;99,82625277613124;1088,7773045417027;650,0;0,1109263486449531
116,66666666666667;1044,8231358490152;1040,8378864561225;1022,4802287398296;0,7539297427424251;0,6082187695937923;99,7286583926325;1087,9831472690926;650,0;0,11084312598042276
116,75;1044,9300057510186;1040,94864648568;1022,6398043210488;0,7539297427424251;0,6082187695937923;99,63123482231708;1087,1901718925187;650,0;0,11076002955739117
116,83333333333333;1045,036799480598;1041,0593235447657;1022,7990470537194;0,7539297427424251;0,6082187695937923;99,53398163346492;1086,3983757334195;650,0;0,1106770590855915
116,91666666666667;1045,1435171462608;1041,1699177590415;1022,9579585083351;0,7539297427424251;0,6082187695937923;99,43689839580543;1085,6077561220593;650,0;0,11059421427571589
117,0;1045,2501588562834;1041,2804292538808;1023,1165402470816;0,7539297427424251;0,6082187695937923;99,33998468048344;1084,818310396345;650,0;0,11051149483930177
117,08333333333333;1045,356724718711;1041,3908581543697;1023,2747938238758;0,7539297427424251;0,6082187695937923;99,24324006006486;1084,0300359024818;650,0;0,1104289004887937
117,16666666666667;1045,4632148413575;1041,5012045853073;1023,4327207844049;0,7539297427424251;0,6082187695937923;99,14666410853101;1083,2429299951223;650,0;0,11034643093755657
117,25;1045,5696293318083;1041,6114686712071;1023,590322666165;0,7539297427424251;0,6082187695937923;99,05025640125587;1082,4569900365163;650,0;0,1102640858997944
117,33333333333333;1045,6759682974193;1041,7216505362978;1023,7476009985003;0,7539297427424251;0,6082187695937923;98,9540165150288;1081,6722133970527;650,0;0,11018186509060277
117,41666666666667;1045,782231845318;1041,831750304524;1023,9045573026414;0,7539297427424251;0,6082187695937923;98,85794402803754;1080,8885974554494;650,0;0,11009976822598509
117,5;1045,8884200824036;1041,9417680995466;1024,061193091744;0,7539297427424251;0,6082187695937923;98,7620385198511;1080,1061395979348;650,0;0,1100177950227746
117,58333333333333;1045,9945331153492;1042,0517040447453;1024,217509870927;0,7539297427424251;0,6082187695937923;98,6662995714255;1079,3248372191538;650,0;0,10993594519871949
117,66666666666667;1046,1005710506008;1042,1615582632178;1024,3735091373114;0,7539297427424251;0,6082187695937923;98,57072676509802;1078,5446877213644;650,0;0,1098542184724073
117,75;1046,2065339943783;1042,271330877781;1024,5291923800582;0,7539297427424251;0,6082187695937923;98,47531968457588;1077,7656885149925;650,0;0,10977261456331566
117,83333333333333;1046,312422052677;1042,3810220109729;1024,684561080406;0,7539297427424251;0,6082187695937923;98,38007791493055;1076,9878370179451;650,0;0,1096911331917478
117,91666666666667;1046,4182353312674;1042,4906317850518;1024,8396167117094;0,7539297427424251;0,6082187695937923;98,28500104260343;1076,2111306563272;650,0;0,10960977407889974
118,0;1046,5239739356957;1042,6001603219986;1024,9943607394769;0,7539297427424251;0,6082187695937923;98,19008865538876;1075,4355668636663;650,0;0,10952853694678659
118,08333333333333;1046,6296379712855;1042,709607743517;1025,1487946214086;0,7539297427424251;0,6082187695937923;98,09534034242802;1074,6611430818773;650,0;0,10944742151833182
118,16666666666667;1046,7352275431372;1042,8189741710341;1025,3029198074332;0,7539297427424251;0,6082187695937923;98,00075569421551;1073,887856759845;650,0;0,10936642751723574
118,25;1046,8407427561294;1042,9282597257022;1025,4567377397461;0,7539297427424251;0,6082187695937923;97,90633430257571;1073,1157053548122;650,0;0,10928555466810275
118,33333333333333;1046,946183714919;1043,0374645283985;1025,6102498528467;0,7539297427424251;0,6082187695937923;97,81207576068027;1072,3446863312695;650,0;0,10920480269633931
118,41666666666667;1047,0515505239425;1043,1465886997266;1025,763457573575;0,7539297427424251;0,6082187695937923;97,71797966301392;1071,5747971616563;650,0;0,10912417132821635
118,5;1047,156843287416;1043,2556323600174;1025,916362321149;0,7539297427424251;0,6082187695937923;97,62404560539721;1070,8060353258204;650,0;0,10904366029082078
118,58333333333333;1047,2620621093358;1043,3645956293296;1026,0689655072028;0,7539297427424251;0,6082187695937923;97,53027318496379;1070,0383983114561;650,0;0,10896326931209444
118,66666666666667;1047,3672070934801;1043,4734786274505;1026,2212685358213;0,7539297427424251;0,6082187695937923;97,43666200015468;1069,2718836134325;650,0;0,1088829981207706
118,75;1047,4722783434077;1043,582281473897;1026,3732728035784;0,7539297427424251;0,6082187695937923;97,34321165074107;1068,5064887346255;650,0;0,10880284644645401
118,83333333333333;1047,5772759624606;1043,6910042879165;1026,5249796995736;0,7539297427424251;0,6082187695937923;97,24992173776741;1067,7422111851154;650,0;0,10872281401954062
118,91666666666667;1047,682200053763;1043,7996471884878;1026,6763906054678;0,7539297427424251;0,6082187695937923;97,15679186360262;1066,9790484825367;650,0;0,1086429005712549
119,0;1047,7870507202226;1043,9082102943214;1026,8275068955197;0,7539297427424251;0,6082187695937923;97,06382163187754;1066,216998151815;650,0;0,10856310583361958
119,08333333333333;1047,891828064532;1044,016693723861;1026,978329936623;0,7539297427424251;0,6082187695937923;96,97101064753042;1065,4560577256498;650,0;0,10848342953950492
119,16666666666667;1047,996532189168;1044,1250975952835;1027,1288610883412;0,7539297427424251;0,6082187695937923;96,87835851677846;1064,6962247439008;650,0;0,10840387142256869
119,25;1048,1011631963925;1044,2334220265006;1027,2791017029447;0,7539297427424251;0,6082187695937923;96,78586484711218;1063,937496753777;650,0;0,10832443121727342
119,33333333333333;1048,2057211882536;1044,3416671351595;1027,4290531254458;0,7539297427424251;0,6082187695937923;96,69352924729537;1063,1798713100857;650,0;0,1082451086589096
119,41666666666667;1048,310206266586;1044,449833038643;1027,5787166936348;0,7539297427424251;0,6082187695937923;96,60135132735377;1062,423345974546;650,0;0,10816590348353045
119,5;1048,414618533011;1044,5579198540709;1027,7280937381156;0,7539297427424251;0,6082187695937923;96,50933069857501;1061,6679183163874;650,0;0,10808681542800795
119,58333333333333;1048,5189580889382;1044,665927698301;1027,8771855823416;0,7539297427424251;0,6082187695937923;96,417466973503;1060,9135859120872;650,0;0,10800784423000771
119,66666666666667;1048,6232250355654;1044,7738566879289;1028,0259935426498;0,7539297427424251;0,6082187695937923;96,32575976593216;1060,1603463452968;650,0;0,1079289896279815
119,75;1048,7274194738789;1044,88170693929;1028,1745189282976;0,7539297427424251;0,6082187695937923;96,23420869091319;1059,4081972069741;650,0;0,1078502513611803
119,83333333333333;1048,8315415046548;1044,9894785684598;1028,322763041497;0,7539297427424251;0,6082187695937923;96,1428133647189;1058,6571360952946;650,0;0,10777162916964267
119,91666666666667;1048,9355912284589;1045,097171691254;1028,4707271774496;0,7539297427424251;0,6082187695937923;96,05157340487267;1057,9071606151565;650,0;0,10769312279415123
120,0;1049,039568745648;1045,2047864232304;1028,6184126243816;0,7539297427424251;0,6082187695937923;95,96048843012;1057,158268379055;650,0;0,10761473197631179
