time_min;T_gas;T_hanger;T_cable;phi_hanger;phi_cable;qconv_hanger;qrad_hanger;cp_hanger;dT_hanger
0,0;20,0;20,0;20,0;0,8176699860922861;0,7512037660161578;0,0;0,0;0,0;0,0
0,08333333333333333;96,53781861764294;20,0;20,0;0,8176699860922861;0,7512037660161578;0,0;0,0;439,80176;0,0
0,16666666666666666;146,95199092663503;20,31447347877891;20,098752186821777;0,8176699860922861;0,7512037660161578;1913,4454654410736;366,5287704820759;439,80176;0,31447347877891185
0,25;184,60683287828354;20,857101592376026;20,26898453073592;0,8176699860922861;0,7512037660161578;3165,9379361964034;770,1779545241026;440,02427346081083;0,5426281135971145
0,3333333333333333;214,67364350130407;21,583850085928795;20,4969471826544;0,8176699860922861;0,7512037660161578;4093,7432821476878;1182,5362801321853;440,40750051841593;0,7267484935527695
0,4166666666666667;239,70362366757516;22,46714907469202;20,774143758269183;0,8176699860922861;0,7512037660161578;4827,244835384382;1593,0625928698246;440,9193306887353;0,8832989887632269
0,5;261,1446514959265;23,487689843612944;21,094704265120367;0,8176699860922861;0,7512037660161578;5430,911864822078;1997,373738861107;441,5392168119227;1,0205407689209225
0,5833333333333334;279,89804499722095;24,63095840254354;21,454275838363017;0,8176699860922861;0,7512037660161578;5941,424041307839;2393,6110858842353;442,25242491837497;1,1432685589305962
0,6666666666666666;296,5631594504424;25,885503074208874;21,849469040296494;0,8176699860922861;0,7512037660161578;6381,6771648669355;2781,0652653401808;443,0476086248678;1,2545446716653332
0,75;311,5588238049186;27,241965825710594;22,277548727588872;0,8176699860922861;0,7512037660161578;6766,941409405838;3159,5833558557515;443,91559921430655;1,356462751501721
0,8333333333333334;325,189270547786;28,692494985411205;22,736246959427884;0,8176699860922861;0,7512037660161578;7107,921449480199;3529,289469678096;444,84873043422425;1,4505291597006125
0,9166666666666666;337,6824701135694;30,23036666510249;23,223642636704163;0,8176699860922861;0,7512037660161578;7412,419389059371;3890,4445482634924;445,8404298845792;1,537871679691287
1,0;349,2136657565671;31,849728667710465;23,73808027253918;0,8176699860922861;0,7512037660161578;7686,302586211673;4243,372921583494;446,8849560140872;1,6193620026079751
1,0833333333333333;359,9204763968563;33,54542036804533;24,278113015209193;0,8176699860922861;0,7512037660161578;7934,0984272214155;4588,422803921749;447,9772203833383;1,6956917003348655
1,1666666666666667;369,91295149454055;35,312841880258276;24,84246139267333;0,8176699860922861;0,7512037660161578;8159,376400720275;4925,944822204371;449,11266268295833;1,7674215122129515
1,25;379,2804763795877;37,14785641109511;25,42998263518743;0,8176699860922861;0,7512037660161578;8365,002740357057;5256,280451018774;450,2871598805926;1,8350145308368386
1,3333333333333333;388,0966424225615;39,046715669324364;26,039647342003793;0,8176699860922861;0,7512037660161578;8553,315499212315;5579,756021361298;451,4969582780726;1,898859258229249
1,4166666666666667;396,42276192482973;41,00600172878615;26,670521385299143;0,8176699860922861;0,7512037660161578;8726,248168830927;5896,679911823286;452,7386214349405;1,959286059461792
1,5;404,31045654585864;43,02258090890829;27,321751636335364;0,8176699860922861;0,7512037660161578;8885,41900490109;6207,341565831944;454,0089893778523;2,0165791801221373
1,5833333333333333;411,8035976900252;45,09356661270305;27,99255453808265;0,8176699860922861;0,7512037660161578;9032,196890923758;6512,0115490589615;455,30514602659855;2,0709857037947628
1,6666666666666667;418,9397842966738;47,21628896239034;28,68220683566998;0,8176699860922861;0,7512037660161578;9167,750776933053;6810,942184568198;456,62439272609333;2,1227223496872853
1,75;425,75148437421007;49,38826967686362;29,39003796863512;0,8176699860922861;0,7512037660161578;9293,087383357088;7104,368490997857;457,9642263996775;2,1719807144732863
1,8333333333333333;432,2669281095389;51,607201049910564;30,115423761126866;0,8176699860922861;0,7512037660161578;9409,080367433662;7392,509260117002;459,3223212583653;2,2189313730469395
1,9166666666666667;438,5108147315537;53,87092817860358;30,85778113878859;0,8176699860922861;0,7512037660161578;9516,493176490709;7675,568176777423;460,69651328786887;2,2637271286930125
2,0;444,50487787550446;56,17743379850172;31,616563667086243;0,8176699860922861;0,7512037660161578;9615,997163823753;7953,734924769019;462,0847869358974;2,3065056198981364
2,0833333333333335;450,26834213398865;58,52482523256006;32,391257753728624;0,8176699860922861;0,7512037660161578;9708,186101925068;8227,18624683885;463,48526356494915;2,347391434058344
2,1666666666666665;455,81829499723057;60,91132307121346;33,18137939307478;0,8176699860922861;0,7512037660161578;9793,587922535715;8496,08694229844;464,8961913389418;2,3864978386533964
2,25;461,169992328726;63,335251283571594;33,986471356724444;0,8176699860922861;0,7512037660161578;9872,674298150427;8760,590794898344;466,31593628762784;2,4239282123581356
2,3333333333333335;466,33711113825626;65,79502852193588;34,806100754359136;0,8176699860922861;0,7512037660161578;9945,86852612886;9020,841429230937;467,74297434888854;2,459777238364288
2,4166666666666665;471,33196020043107;68,28916042940591;35,63985690408892;0,8176699860922861;0,7512037660161578;10013,55206540801;9276,973097207949;469,1758842311947;2,4941319074700377
2,5;476,16565668320214;70,81623279704259;36,48734946329027;0,8176699860922861;0,7512037660161578;10076,06999427563;9529,111398008228;470,6133409705819;2,527072367636683
2,5833333333333335;480,8482751635016;73,37490544565;37,348206780069674;0,8176699860922861;0,7512037660161578;10133,73559715399;9777,373935842663;472,0541100810854;2,558672648607411
2,6666666666666665;485,3889740535016;75,96390672971904;38,22207443268872;0,8176699860922861;0,7512037660161578;10186,83424294629;10021,870920278441;473,49704221663944;2,5890012840690426
2,75;489,7961034260695;78,58202857889844;39,10861393000193;0,8176699860922861;0,7512037660161578;10235,626683094564;10262,70571392281;474,94106827732514;2,618121849179407
2,8333333333333335;494,07729742979745;81,22812200659934;40,00750155053077;0,8176699860922861;0,7512037660161578;10280,351871179279;10499,975332123284;476,3851949045823;2,6460934277008965
2,9166666666666665;498,2395538632738;83,90109302680206;40,91842730148207;0,8176699860922861;0,7512037660161578;10321,229385579953;10733,770899087347;477,8285003193023;2,6729710202027275
3,0;502,289302991853;86,59989892942458;41,84109398200862;0,8176699860922861;0,7512037660161578;10358,461520911793;10964,178064513746;479,27013046416096;2,698805902622531
3,0833333333333335;506,2324673062227;89,3235448721917;42,775216337451525;0,8176699860922861;0,7512037660161578;10392,235101560711;11191,277384495574;480,7092954175408;2,7236459427671167
3,1666666666666665;510,07451361691875;92,07108075316683;43,720520293309725;0,8176699860922861;0,7512037660161578;10422,723060850776;11415,144670122967;482,14526605124615;2,7475358809751147
3,25;513,8204986348507;94,84159833324736;44,676742259340074;0,8176699860922861;0,7512037660161578;10450,085821593799;11635,851306893572;483,5773709081773;2,770517580080537
3,3333333333333335;517,475108991462;97,63422858219265;45,64362849556819;0,8176699860922861;0,7512037660161578;10474,472507540082;11853,464547737969;485,0049932793811;2,792630248945292
3,4166666666666665;521,0426964931474;100,44813922531739;46,620934533140534;0,8176699860922861;0,7512037660161578;10496,022010231734;12068,047782189848;486,42756846258635;2,813910643124744
3,5;524,5273092751398;103,28253247097537;47,6084246439129;0,8176699860922861;0,7512037660161578;10514,86393169575;12279,660783976124;487,84458118656187;2,834393245657974
3,5833333333333335;527,9327194142114;106,13664290148186;48,60587135348376;0,8176699860922861;0,7512037660161578;10531,119420104113;12488,35993907209;489,2555631875116;2,8541104305065006
3,6666666666666665;531,2624474724937;109,00973551226272;49,613054993069504;0,8176699860922861;0,7512037660161578;10544,901912818239;12694,198456058439;490,66009092528697;2,8730926107808537
3,75;534,519784372824;111,9011038858396;50,629763286203726;0,8176699860922861;0,7512037660161578;10556,317799005774;12897,226560430216;492,05778342853665;2,891368373576885
3,8333333333333335;537,707810946369;114,81006848882002;51,65579096674211;0,8176699860922861;0,7512037660161578;10565,467012174611;13097,491674340317;493,448300259043;2,9089646029804173
3,9166666666666665;540,829415443571;117,73597508139923;52,690939425082306;0,8176699860922861;0,7512037660161578;10572,443561438724;13295,038583109848;494,83133958647164;2,9259065925792167
4,0;543,8873092578712;120,67819323003685;53,735016379875866;0,8176699860922861;0,7512037660161578;10577,336009054292;13489,909589704117;496,2066363655962;2,942218148637625
4,083333333333333;546,8840410767281;123,63611491497144;54,787835572826395;0,8176699860922861;0,7512037660161578;10580,227900695858;13682,14465825323;497,57396060879086;2,957921684934585
4,166666666666667;549,8220096450009;126,60915322510681;55,84921648444266;0,8176699860922861;0,7512037660161578;10581,198154043916;13871,781547589006;498,9331157472144;2,9730383101353683
4,25;552,7034753008451;129,59674113356357;56,918984068853426;0,8176699860922861;0,7512037660161578;10580,321410497352;14058,855935675027;500,2839370746686;2,987587908456748
4,333333333333333;555,5305704231138;132,59833034785478;57,99696850599838;0,8176699860922861;0,7512037660161578;10577,668354182038;14243,401535720834;501,6262902686035;3,001589214291209
4,416666666666667;558,3053089112316;135,61339022923022;59,0830049696904;0,8176699860922861;0,7512037660161578;10573,306001881474;14425,450204695415;502,9600699831789;3,0150598813754264
4,5;561,0295948031132;138,64140677624945;60,17693341020304;0,8176699860922861;0,7512037660161578;10567,297967050034;14605,032044886408;504,2851985096764;3,0280165470192393
4,583333333333333;563,7052301234963;141,6818816681015;61,27859835017629;0,8176699860922861;0,7512037660161578;10559,704700671595;14782,175499090861;505,60162449990816;3,0404748918520466
4,666666666666667;566,3339220437125;144,73433136359378;62,3878486927559;0,8176699860922861;0,7512037660161578;10550,583711384872;14956,90743996815;506,9093217485806;3,0524496954922733
4,75;568,9172894241422;147,7982862520949;63,50453754098991;0,8176699860922861;0,7512037660161578;10539,989767002968;15129,253254036777;508,20828803085124;3,0639548885011236
4,833333333333333;571,4568688021395;150,8732898530381;64,62852202760112;0,8176699860922861;0,7512037660161578;10527,97507930118;15299,236920752583;509,49854399158033;3,075003600943195
4,916666666666667;573,9541198808918;153,9588980608809;65,75966315433925;0,8176699860922861;0,7512037660161578;10514,589473727536;15466,881087066007;510,7801320830086;3,085608207842795
5,0;576,4104305683087;157,05467843267616;66,89782564019144;0,8176699860922861;0,7512037660161578;10499,880545500273;15632,207137820455;512,0531155478105;3,0957803717952666
5,083333333333333;578,8271216094959;160,16020951564286;68,04287777779673;0,8176699860922861;0,7512037660161578;10483,893803390814;15795,235262321545;513,3175774446704;3,1055310829666922
5,166666666666667;581,2054508515216;163,27508021233538;69,19469129746975;0,8176699860922861;0,7512037660161578;10466,672802346326;15955,984517377934;514,5736197137098;3,1148706966925124
5,25;583,5466171749573;166,39888918120067;70,35314123829228;0,8176699860922861;0,7512037660161578;10448,259265979656;16114,472887087788;515,821362279265;3,123808968865305
5,333333333333333;585,8517641229552;169,53124427048482;71,51810582577896;0,8176699860922861;0,7512037660161578;10428,693199843916;16270,717339621655;517,06094218767;3,1323550892841556
5,416666666666667;588,1219832553611;172,6717619836069;72,68946635566606;0,8176699860922861;0,7512037660161578;10408,012996311758;16424,733881230568;518,2925127778474;3,1405177131220663
5,5;590,3583172524936;175,8200669742605;73,867107083411;0,8176699860922861;0,7512037660161578;10386,255531793855;16576,53760768842;519,516242882646;3,1483049906535965
5,583333333333333;592,5617627906768;178,97579156963283;75,05091511902474;0,8176699860922861;0,7512037660161578;10363,45625695583;16726,14275336044;520,7323160589905;3,1557245953723316
5,666666666666667;594,7332732093793;182,1385753202491;76,24078032689022;0,8176699860922861;0,7512037660161578;10339,649280526097;16873,562738072615;521,9409298450317;3,1627837506162497
5,75;596,8737609878225;185,308064575058;77,43659523024837;0,8176699860922861;0,7512037660161578;10314,867447228255;17018,810211942768;523,1422950425958;3,169489254808916
5,833333333333333;598,9841000471628;188,4839120804731;78,63825492005877;0,8176699860922861;0,7512037660161578;10289,142410319113;17161,897098319892;524,3366350233409;3,17584750541507
5,916666666666667;601,0651278927828;191,66577660217405;79,84565696796466;0,8176699860922861;0,7512037660161578;10262,504699167243;17302,834634966628;525,524185057126;3,18186452170096
6,0;603,1176476098371;194,8533225685561;81,05870134311358;0,8176699860922861;0,7512037660161578;10234,983782265219;17441,633413607793;526,7051916611962;3,1875459663820656
6,083333333333333;605,1424297239511;198,04621973479016;82,27729033260343;0,8176699860922861;0,7512037660161578;10206,608126032026;17578,30341795804;527,8799119688774;3,1928971662340535
6,166666666666667;607,1402139378599;201,2441428665267;83,50132846534106;0,8176699860922861;0,7512037660161578;10177,405249729023;17712,854060331832;529,0486131165584;3,197923131736517
6,25;609,111710753788;204,44677144234;84,73072243911668;0,8176699860922861;0,7512037660161578;10147,401776783332;17845,294216930328;530,2115716478205;3,2026285758133346
6,333333333333333;611,057602990467;207,65378937406828;85,96538105071116;0,8176699860922861;0,7512037660161578;10116,623482786199;17975,632261891715;531,3690729336543;3,2070179317282634
6,416666666666667;612,9785472029022;210,86488474425786;87,20521512886694;0,8176699860922861;0,7512037660161578;10085,095340409967;18103,876100183978;532,5214106077734;3,2110953701895837
6,5;614,8751750122722;214,07974955997105;88,45013746996487;0,8176699860922861;0,7512037660161578;10052,841561466106;18230,033199412213;533,6688860161104;3,2148648157131863
6,583333333333333;616,7480943527046;217,29807952226054;89,70006277626061;0,8176699860922861;0,7512037660161578;10019,885636307528;18354,110620606363;534,8118076796443;3,218329962289496
6,666666666666667;618,5978906410819;220,51957381065642;90,95490759654399;0,8176699860922861;0,7512037660161578;9986,250370761101;18476,115048049447;535,9504907697743;3,221494288395888
6,75;620,4251278755141;223,74393488204916;92,21459026909432;0,8176699860922861;0,7512037660161578;9951,957920760637;18596,05281820035;537,0852565955172;3,2243610713927313
6,833333333333333;622,2303496676327;226,9708682833873;93,47903086681279;0,8176699860922861;0,7512037660161578;9917,029824836623;18713,92994776101;538,2164321018654;3,2269334013381434
6,916666666666667;624,0140802134338;230,2000824776408;94,74815114442123;0,8176699860922861;0,7512037660161578;9881,487034606136;18829,752160932523;539,3443493786974;3,2292141942534918
7,0;625,7768252070096;233,4312886825098;96,02187448762344;0,8176699860922861;0,7512037660161578;9845,349943394825;18943,524915900485;540,4693451796876;3,23120620486901
7,083333333333333;627,5190727011509;236,66420072138612;97,30012586413216;0,8176699860922861;0,7512037660161578;9808,638413112492;19055,25343058602;541,591760450718;3,2329120388763264
7,166666666666667;629,241293918488;239,89853488609853;98,58283177647073;0,8176699860922861;0,7512037660161578;9771,37179949412;19164,942707694794;542,7119398673357;3,2343341647124206
7,25;630,9439440165397;243,1340098109958;99,86992021646422;0,8176699860922861;0,7512037660161578;9733,568975809738;19272,597559093312;543,8302313808601;3,235474924897267
7,333333333333333;632,6274628097796;246,3703463579413;101,16132062134004;0,8176699860922861;0,7512037660161578;9695,248355138598;19378,22262953797;544,9469857727764;3,236336546945489
7,416666666666667;634,2922754515852;249,60726751181167;102,45696383136283;0,8176699860922861;0,7512037660161578;9656,427911295958;19481,822419779735;546,0625562171087;3,2369211538703904
7,5;635,9387930787146;252,84449828610875;103,75678204893309;0,8176699860922861;0,7512037660161578;9617,125198494337;19583,401309064244;547,1772978504955;3,237230774297067
7,583333333333333;637,5674134207562;256,08176563830835;105,06070879908297;0,8176699860922861;0,7512037660161578;9577,357369815147;19682,96357704456;548,2915673497423;3,2372673521996194
7,666666666666667;639,1785213768086;259,3187983945844;106,36867889130669;0,8176699860922861;0,7512037660161578;9537,141194561196;19780,51342512156;549,405722516656;3,237032756276056
7,75;640,7724895614857;262,55532718355744;107,68062838266646;0,8176699860922861;0,7512037660161578;9496,493074555605;19876,054997224175;550,5201218700053;3,2365287889730165
7,833333333333333;642,3496788221825;265,79108437872867;108,99649454211844;0,8176699860922861;0,7512037660161578;9455,429059448206;19969,59240004022;551,6351242444852;3,2357571951712565
7,916666666666667;643,9104387293985;269,0258040492702;110,31621581600602;0,8176699860922861;0,7512037660161578;9413,964861086344;20061,129722706184;552,7510883966004;3,234719670541567
8,0;645,4551080417851;272,25922191885;111,63973179467088;0,8176699860922861;0,7512037660161578;9372,115867003207;20150,671055962754;553,8683726174063;3,233417869579781
8,083333333333334;646,984015147466;275,4910753321785;112,96698318013485;0,8176699860922861;0,7512037660161578;9329,897153073378;20238,220510781055;554,9873343520833;3,231853413328483
8,166666666666666;648,4974784830653;278,7211032289707;114,29791175480825;0,8176699860922861;0,7512037660161578;9287,323495382188;20323,782236463478;556,1083298263414;3,230027896792191
8,25;649,9958069317851;281,94904612502256;115,6324603511827;0,8176699860922861;0,7512037660161578;9244,409381352363;20407,36043822088;557,2317136796855;3,2279428960518333
8,333333333333334;651,4793002017749;285,1746461001063;116,97057282246836;0,8176699860922861;0,7512037660161578;9201,169020169064;20488,959394227644;558,357838605586;3,225599975083771
8,416666666666666;652,9482491859517;288,3976467923941;118,31219401413824;0,8176699860922861;0,7512037660161578;9157,616352541714;20568,583472154143;559,4870549986322;3,2230006922877856
8,5;654,402936304353;291,61779339912204;119,65726973634347;0,8176699860922861;0,7512037660161578;9113,76505983894;20646,237145175648;560,619710608759;3,2201466067279387
8,583333333333334;655,84363583003;294,83483268321174;121,00574673716557;0,8176699860922861;0,7512037660161578;9069,628572630774;20721,92500745571;561,7561502026606;3,2170392840896964
8,666666666666666;657,2706141994204;298,0485129855679;122,3575726766737;0,8176699860922861;0,7512037660161578;9025,220078670458;20795,651789101372;562,8967152325203;3,213680302356187
8,75;658,684130308081;301,2585842427741;123,71269610175584;0,8176699860922861;0,7512037660161578;8980,552530346311;20867,42237058668;564,0417435122009;3,2100712572061334
8,833333333333334;660,0844357926003;304,4647980099097;125,07106642169502;0,8176699860922861;0,7512037660161578;8935,638651632673;20937,24179664079;565,1915689010556;3,206213767135637
8,916666666666666;661,4717752994591;307,66690748821543;126,43263388446266;0,8176699860922861;0,7512037660161578;8890,490944567264;21005,115289596244;566,3465209955276;3,2021094783057396
9,0;662,8463867415572;310,8646675573329;127,7973495537027;0,8176699860922861;0,7512037660161578;8845,12169528109;21071,04826219283;567,5069248287225;3,19776006911746
9,083333333333334;664,2085015430796;314,05783481184875;129,16516528638135;0,8176699860922861;0,7512037660161578;8799,542979605609;21135,046329832127;568,6731005781393;3,1931672545158736
9,166666666666666;665,5583448733319;317,2461676018734;130,5360337110783;0,8176699860922861;0,7512037660161578;8753,76666828077;21197,11532227763;569,8453632817573;3,1883327900246696
9,25;666,8961358701365;320,42942607738604;131,90990820689672;0,8176699860922861;0,7512037660161578;8707,80443178646;21257,26129479561;571,0240225626801;3,183258475512606
9,333333333333334;668,2220878533439;323,6073722360793;133,28674288297017;0,8176699860922861;0,7512037660161578;8661,667744818762;21315,4905387315;572,2093823625391;3,177946158693254
9,416666666666666;669,5364085289779;326,77976997443875;134,66649255854546;0,8176699860922861;0,7512037660161578;8615,367890431613;21371,80959151699;573,4017406838636;3,1723977383594657
9,5;670,8393001845062;329,94638514179286;136,04911274362166;0,8176699860922861;0,7512037660161578;8568,915963863477;21426,2252461032;574,6013893416214;3,166615167354113
9,583333333333334;672,130959875693;333,1069855970716;137,43455962012638;0,8176699860922861;0,7512037660161578;8522,322876067834;21478,744559815514;575,8086137241346;3,160600455278742
9,666666666666666;673,4115796054655;336,26134126801355;138,82279002361074;0,8176699860922861;0,7512037660161578;8475,599356965533;21529,374862626053;577,0236925635721;3,1543556709419494
9,75;674,6813464952023;339,4092242125631;140,2137614254462;0,8176699860922861;0,7512037660161578;8428,755958436299;21578,123764840246;578,2468977162101;3,1478829445495426
9,833333333333334;675,940442948824;342,55040868220175;141,6074319155062;0,8176699860922861;0,7512037660161578;8381,80305706598;21624,99916419427;579,4784939526551;3,1411844696386524
9,916666666666666;677,1890468100461;345,68467118696014;143,00376018531682;0,8176699860922861;0,7512037660161578;8334,750856665558;21670,009252361164;580,718738758208;3,134262504758396
10,0;678,4273315131342;348,81179056185994;144,40270551166134;0,8176699860922861;0,7512037660161578;8287,609390577149;21713,162520863283;581,9678821435406;3,1271193748998
10,083333333333334;679,6554662274801;351,931548034538;145,80422774062387;0,8176699860922861;0,7512037660161578;8240,388523781856;21754,467766390284;583,2261664658494;3,119757472678116
10,166666666666666;680,873615996301;355,04372729380896;147,2082872720584;0,8176699860922861;0,7512037660161578;8193,097954823552;21793,934095521796;584,493826260634;3,1121792592709405
10,25;682,0819418697455;358,1481145589248;148,61484504446946;0,8176699860922861;0,7512037660161578;8145,7472175623025;21831,570928855264;585,7710880842387;3,104387265115877
10,333333333333334;683,2806010326747;361,2444986492967;150,0238625202918;0,8176699860922861;0,7512037660161578;8098,345682770517;21867,388004539946;587,0581703672799;3,096384090371882
10,416666666666666;684,4697469273736;364,3326710544454;151,43530167155683;0,8176699860922861;0,7512037660161578;8050,902559584449;21901,39538121887;588,3552832790681;3,088172405148725
10,5;685,649529371431;367,41242600395486;152,84912496593358;0,8176699860922861;0,7512037660161578;8003,426896823205;21933,603440381798;589,6626286031158;3,0797549495094443
10,583333333333334;686,8200946710131;370,48356053720585;154,26529535313335;0,8176699860922861;0,7512037660161578;7955,927584186902;21964,022888132484;590,9803996238072;3,0711345332509783
10,666666666666666;687,9815857297483;373,5458745726744;155,68377625166664;0,8176699860922861;0,7512037660161578;7908,41335334518;21992,664756375107;592,3087810242885;3,06231403546856
10,75;689,1341421534233;376,5991709765842;157,10453153594227;0,8176699860922861;0,7512037660161578;7860,892778926847;22019,540403425137;593,6479487956163;3,053296403909828
10,833333333333334;690,2779003506829;379,6432556307092;158,5275255236984;0,8176699860922861;0,7512037660161578;7813,374279420978;22044,661514051226;594,9980701571875;3,0440846541249686
10,916666666666666;691,4129936299151;382,6779374991287;159,95272296375572;0,8176699860922861;0,7512037660161578;7765,866117999343;22068,040098955382;596,3593034884503;3,0346818684195367
11,0;692,5395522924949;385,70302869374564;161,38008902408382;0,8176699860922861;0,7512037660161578;7718,376403269662;22089,688493699687;597,73179827188;3,025091194616975
11,083333333333334;693,6577037225472;388,7183445383838;162,8095892801713;0,8176699860922861;0,7512037660161578;7670,9130899687325;22109,61935708886;599,1156950471814;3,0153158446381596
11,166666666666666;694,7675724733864;391,7237036312894;164,2411897036916;0,8176699860922861;0,7512037660161578;7623,483979604086;22127,845669018705;600,511125376659;3,005359092905608
11,25;695,8692803507773;394,71892790586975;165,6748566514555;0,8176699860922861;0,7512037660161578;7576,096721052424;22144,380727801457;601,9182118216794;2,995224274580297
11,333333333333334;696,9629464931571;397,70384268950903;167,11055685464333;0,8176699860922861;0,7512037660161578;7528,75881112269;22159,238146980057;603,3370679301258;2,9849147836392826
11,416666666666666;698,0486874489512;400,6782767603116;168,54825740830802;0,8176699860922861;0,7512037660161578;7481,477595091203;22172,43185164382;604,7677982347286;2,974434070802571
11,5;699,1266172511076;403,6420624016295;169,98792576114266;0,8176699860922861;0,7512037660161578;7434,260267215991;22183,976074259437;606,2104982621333;2,963785641317948
11,583333333333334;700,1968474889691;406,5950354542421;171,42952970550485;0,8176699860922861;0,7512037660161578;7387,113871236953;22193,88535003133;607,6652545525502;2,952973052612598
11,666666666666666;701,2594873775967;409,5370353660627;172,87303736769096;0,8176699860922861;0,7512037660161578;7340,045300868173;22202,174511806646;609,1321446898089;2,9419999118205853
11,75;702,3146438246525;412,4679052392581;174,31841719845414;0,8176699860922861;0,7512037660161578;7293,061300288349;22208,8586845407;610,611237341624;2,9308698731953764
11,833333333333334;703,3624214949439;415,38749187467477;175,7656379637592;0,8176699860922861;0,7512037660161578;7246,168464634861;22213,953279339337;612,1025923098604;2,919586635416692
11,916666666666666;704,4029228727254;418,29564581347586;177,21466873576844;0,8176699860922861;0,7512037660161578;7199,373240506728;22217,473987095313;613,6062605905672;2,9081539388010893
12,0;705,4362483218545;421,1922213759015;178,66547888405265;0,8176699860922861;0,7512037660161578;7152,681926481238;22219,436771736342;615,1222844435354;2,896575562425677
12,083333333333334;706,4624961438842;424,07707669707594;180,11803806702113;0,8176699860922861;0,7512037660161578;7106,100673648823;22219,857863103232;616,6506974711176;2,8848553211744554
12,166666666666666;707,4817626341827;426,9500737597926;181,57231622356568;0,8176699860922861;0,7512037660161578;7059,635486170207;22218,753749476444;618,1915247060338;2,8729970627166717
12,25;708,4941421361547;429,81107842421926;183,02828356491304;0,8176699860922861;0,7512037660161578;7013,292221859753;22216,141169770537;619,7447827078687;2,861004664426667
12,333333333333334;709,4997270936447;432,6599604544738;184,4859105666805;0,8176699860922861;0,7512037660161578;6967,076592798385;22212,037105415715;621,3104796679625;2,8488820302544897
12,416666666666666;710,4986081015925;435,4965935420303;185,94516796113;0,8176699860922861;0,7512037660161578;6920,994165979272;22206,4587719464;622,8886155223753;2,8366330875565473
12,5;711,4908739550117;438,3208553259257;187,4060267296158;0,8176699860922861;0,7512037660161578;6875,050363989054;22199,423610316666;624,4791820725986;2,8242617838953903
12,583333333333334;712,4766116963575;441,1326274097433;188,86845809522094;0,8176699860922861;0,7512037660161578;6829,250465727149;22190,94927796298;626,0821631136791;2,811772083817594
12,666666666666666;713,4559066613458;443,93179537536184;190,3324335155784;0,8176699860922861;0,7512037660161578;6783,599607165355;22181,05363963441;627,6975345694049;2,7991679656185298
12,75;714,4288425232843;446,7182487934644;191,79792467587222;0,8176699860922861;0,7512037660161578;6738,102782149599;22169,75475801087;629,3252646342052;2,7864534181025533
12,833333333333334;715,3955013359754;449,4918812308114;193,26490348201483;0,8176699860922861;0,7512037660161578;6692,764843245497;22157,070884129484;630,9653139213992;2,7736324373469765
12,916666666666666;716,3559635752413;452,2525902542893;194,73334205399615;0,8176699860922861;0,7512037660161578;6647,5905026291;22143,020447640207;632,6176356174299;2,7607090234779363
13,0;717,3103081791287;455,0002774317552;196,20321271940094;0,8176699860922861;0,7512037660161578;6602,5843330237985;22127,62204691004;634,2821756417104;2,747687177465905
13,083333333333334;718,2586125868407;457,73484832970365;197,6744880070903;0,8176699860922861;0,7512037660161578;6557,750768684337;22110,894438996896;635,9588728117122;2,7345708979484353
13,166666666666666;719,200952776444;460,45621250779095;199,14714064104405;0,8176699860922861;0,7512037660161578;6513,094106428427;22092,856529512625;637,6476590129157;2,7213641780873146
13,25;720,1374033013974;463,164283510258;200,62114353436007;0,8176699860922861;0,7512037660161578;6468,618506716325;22073,527362394947;639,3484593732456;2,7080710024670247
13,333333333333334;721,0680373259469;465,85897885429904;202,0964697834076;0,8176699860922861;0,7512037660161578;6424,327994778486;22052,926109607935;641,061192441618;2,6946953440410466
13,416666666666666;721,9929266594281;468,54022001543126;203,5730926621308;0,8176699860922861;0,7512037660161578;6380,226461791196;22031,07206078991;642,7857703702145;2,68124116113223
13,5;722,9121417895152;471,2079324099243;205,0509856164997;0,8176699860922861;0,7512037660161578;6336,317666099922;22007,98461286787;644,522099100118;2,6677123944930656
13,583333333333334;723,8257519144576;473,8620453743556;206,53012225910547;0,8176699860922861;0,7512037660161578;6292,605234489773;21983,683259656067;646,270078549929;2,654112964431278
13,666666666666666;724,7338249743394;476,5024921423615;208,0104763638966;0,8176699860922861;0,7512037660161578;6249,092663502549;21958,187581457452;648,0296028070012;2,6404467680059294
13,75;725,6364276813969;479,1292098186602;209,49202186105362;0,8176699860922861;0,7512037660161578;6205,783320799448;21931,517234684663;649,8005603209291;2,626717676298665
13,833333333333334;726,5336255494282;481,7421393504246;210,97473283199935;0,8176699860922861;0,7512037660161578;6162,680446568417;21903,691941517594;651,5828340989306;2,612929531764472
13,916666666666666;727,4254829223283;484,34122549609054;212,45858350454185;0,8176699860922861;0,7512037660161578;6119,787154975089;21874,73147961394;653,3763019027742;2,5990861456659053
14,0;728,3120630017797;486,9264167916849;213,94354824814764;0,8176699860922861;0,7512037660161578;6077,106435655945;21844,655671888282;655,1808364469043;2,585191295594348
14,083333333333334;729,1934278741282;489,4976655147664;215,4296015693425;0,8176699860922861;0,7512037660161578;6034,6411552523705;21813,484376374792;656,9963055974289;2,5712487230814953
14,166666666666666;730,0696385364723;492,0549276460703;216,91671810723756;0,8176699860922861;0,7512037660161578;5992,394058984046;21781,23747618813;658,8225725716425;2,5572621313038804
14,25;730,9407549219961;494,5981628289532;218,404872629178;0,8176699860922861;0,7512037660161578;5950,36777226005;21747,93486959599;660,6594961377632;2,5432351828828708
14,333333333333334;731,806835924568;497,1273343267355;219,89404002651236;0,8176699860922861;0,7512037660161578;5908,564802326073;21713,59646021709;662,5069308145755;2,529171497782268
14,416666666666666;732,6679394226336;499,64240897804063;221,38419531048004;0,8176699860922861;0,7512037660161578;5866,987539945812;21678,242147356363;664,3647270706801;2,5150746513051727
14,5;733,5241223024258;502,1433571502322;222,8753136082148;0,8176699860922861;0,7512037660161578;5825,638261114824;21641,891816489682;666,2327315230593;2,5009481721915505
14,583333333333334;734,3754404805153;504,6301526910497;224,36737015886226;0,8176699860922861;0,7512037660161578;5784,51912880484;21604,56532990885;668,1107871346842;2,4867955408175018
14,666666666666666;735,221948925724;507,1027728785467;225,86034030980903;0,8176699860922861;0,7512037660161578;5743,63219473664;21566,282517537573;669,9987334108916;2,4726201874969993
14,75;736,063701680423;509,56119836943316;227,35419951302208;0,8176699860922861;0,7512037660161578;5702,979401179431;21527,063167927787;671,8964065942821;2,458425490886439
14,833333333333334;736,9007518812366;512,0054131459253;228,84892332149576;0,8176699860922861;0,7512037660161578;5662,562582774747;21486,92701944573;673,8036398578898;2,444214776492185
14,916666666666666;737,7331517791685;514,4354044612062;230,34448738580494;0,8176699860922861;0,7512037660161578;5622,383468382782;21445,893751655774;675,720263496397;2,4299913152808594
15,0;738,5609527591754;516,8511627835982;231,84086745076237;0,8176699860922861;0,7512037660161578;5582,443682949057;21403,982976909716;677,6461051151703;2,4157583223919645
15,083333333333334;739,3842053592003;519,2526817395503;233,33803935217855;0,8176699860922861;0,7512037660161578;5542,744749389431;21361,214232148704;679,5809898169173;2,4015189559521075
15,166666666666666;740,2029592886872;521,6399580555402;234,8359790137222;0,8176699860922861;0,7512037660161578;5503,28809049125;21317,606970923658;681,5247403857618;2,387276315989865
15,25;741,0172634465923;524,0129914989903;236,33466244387978;0,8176699860922861;0,7512037660161578;5464,075030828675;21273,18055564028;683,4771774685619;2,3730334434501144
15,333333333333334;741,8271659389073;526,3717848182968;237,83406573301247;0,8176699860922861;0,7512037660161578;5425,10679869005;21227,95425003328;685,4381197532941;2,3587933193064208
15,416666666666666;742,6327140957137;528,7163436820666;239,3341650505088;0,8176699860922861;0,7512037660161578;5386,384528015265;21181,947211874143;687,407384144352;2,3445588637698607
15,5;743,4339544877794;531,0466766176592;240,83493664203172;0,8176699860922861;0,7512037660161578;5347,909260341177;21135,17848591651;689,3847859346068;2,3303329355925344
15,583333333333334;744,230932942715;533,362794949123;242,33635682685818;0,8176699860922861;0,7512037660161578;5309,681946753006;21087,66699708192;691,370138974102;2,3161183314637754
15,666666666666666;745,0236945607014;535,6647127346199;243,83840199531005;0,8176699860922861;0,7512037660161578;5271,703449839799;21039,431543888582;693,3632558352531;2,3019177854969644
15,75;745,8122837298051;537,9524467034246;245,34104860627485;0,8176699860922861;0,7512037660161578;5233,974545652038;20990,490792125125;695,3639479744465;2,287733968804691
15,833333333333334;746,5967441408912;540,2260161925844;246,84427318481494;0,8176699860922861;0,7512037660161578;5196,495925659514;20940,863268770798;697,3720258899345;2,273569489159895
15,916666666666666;747,3771188021491;542,485443083325;248,3480523198635;0,8176699860922861;0,7512037660161578;5159,26819870767;20890,567356162956;699,3872992759397;2,25942689074049
16,0;748,1534500532408;544,7307517372799;249,85236266200658;0,8176699860922861;0,7512037660161578;5122,291892970603;20839,621286412264;701,4095771728885;2,245308653954905
16,083333333333332;748,9257795790855;546,9619689326257;251,35718092134914;0,8176699860922861;0,7512037660161578;5085,567457899023;20788,04313606549;703,4386681137083;2,2312171953458453
16,166666666666668;749,6941484232906;549,1791238001953;252,8624838654644;0,8176699860922861;0,7512037660161578;5049,095266161496;20735,850821015287;705,4743802661282;2,2171548675695685
16,25;750,4585970012388;551,3822477596432;254,36824831742504;0,8176699860922861;0,7512037660161578;5012,875615577383;20683,062091656215;707,5165215709383;2,2031239594478524
16,333333333333332;751,2191651128453;553,571374455733;255,8744511539149;0,8176699860922861;0,7512037660161578;4976,90873103989;20629,69452828519;709,5648998761665;2,189126696089813
16,416666666666668;751,9758919549911;555,7465396948137;257,3810693034202;0,8176699860922861;0,7512037660161578;4941,194766427808;20575,765536745046;711,6193230671446;2,175165239080717
16,5;752,7288161336446;557,9077813815486;258,88807974449895;0,8176699860922861;0,7512037660161578;4905,733806504435;20521,29234430874;713,679599192443;2,161241686734856
16,583333333333332;753,4779756756794;560,0551394559582;260,3954595041275;0,8176699860922861;0,7512037660161578;4870,5258688024005;20466,29199580161;715,7455365856623;2,1473580744095635
16,666666666666668;754,2234080403992;562,1886558308356;261,90318565612284;0,8176699860922861;0,7512037660161578;4835,570905493031;20410,781349959037;717,8169439830749;2,1335163748774573
16,75;754,9651501307771;564,3083743295896;263,4112353196402;0,8176699860922861;0,7512037660161578;4800,868805239091;20354,77707601662;719,8936306371234;2,119718498754023
16,833333333333332;755,7032383044174;566,4143406245671;264,91958565774365;0,8176699860922861;0,7512037660161578;4766,419395029689;20298,295650528788;721,9754064257821;2,105966294977563
16,916666666666668;756,4377083842494;568,5066021759058;266,4282138760503;0,8176699860922861;0,7512037660161578;4732,222441996257;20241,35335441266;724,0620819578041;2,0922615513386615
17,0;757,1685956689603;570,5852081709621;267,9370972214452;0,8176699860922861;0,7512037660161578;4698,277655208591;20183,966270213296;726,1534686738707;2,078605995056338
17,083333333333332;757,8959349431748;572,6502094643602;269,4462129808675;0,8176699860922861;0,7512037660161578;4664,584687449954;20126,150279585843;728,2493789436783;2,065001293398004
17,166666666666668;758,6197604873885;574,7016585187006;270,9555384801658;0,8176699860922861;0,7512037660161578;4631,143136970366;20067,92106099039;730,349626158997;2,051449054340473
17,25;759,3401060876628;576,7396093459699;272,4650510830221;0,8176699860922861;0,7512037660161578;4597,952549217197;20009,294087595375;732,4540248227386;2,0379508272693134
17,333333333333332;760,0570050450884;578,7641174496838;273,97472818994345;0,8176699860922861;0,7512037660161578;4565,012418542321;19950,284625384353;734,562390634083;2,024508103713811
17,416666666666668;760,7704901850219;580,7752397677988;275,48454723731993;0,8176699860922861;0,7512037660161578;4532,322189885116;19890,907731461546;736,6745405697125;2,011122318114944
17,5;761,480593866106;582,7730346164226;276,9944856965482;0,8176699860922861;0,7512037660161578;4499,881260430579;19831,178252551323;738,7902929612059;1,9977948486238035
17,583333333333332;762,1873479890739;584,7575616343506;278,5045210732202;0,8176699860922861;0,7512037660161578;4467,688981242085;19771,110823686726;740,9094675686522;1,9845270179279741
17,666666666666668;762,8907840053497;586,728881728454;280,0146309063745;0,8176699860922861;0,7512037660161578;4435,744658868083;19710,719867081236;743,0318856505497;1,9713200941033775
17,75;763,5909329254464;588,6870570199433;281,5247927678116;0,8176699860922861;0,7512037660161578;4404,047556922393;19650,019591179578;745,1573700300466;1,958175291489312
17,833333333333332;764,2878253271688;590,6321507915276;283,0349842614701;0,8176699860922861;0,7512037660161578;4372,596897637578;19589,023989881396;747,2857451575996;1,9450937715843084
17,916666666666668;764,9814913636275;592,5642274354882;284,545183022864;0,8176699860922861;0,7512037660161578;4341,39186339103;19527,746841933145;749,4168371701176;1,9320766439606445
18,0;765,6719607710663;594,4833524026835;286,05536671858044;0,8176699860922861;0,7512037660161578;4310,431598203482;19466,201710482714;751,5504739466613;1,919124967195368
18,083333333333332;766,3592628765119;596,3895921524993;287,56551304583564;0,8176699860922861;0,7512037660161578;4279,71520920957;19404,40194279104;753,6864851607802;1,9062397498157284
18,166666666666668;767,0434266052484;598,2830141037564;289,07559973208976;0,8176699860922861;0,7512037660161578;4249,241768100316;19342,36067009595;755,8247023295544;1,8934219512570858
18,25;767,7244804881208;600,1636865865878;290,58560453471864;0,8176699860922861;0,7512037660161578;4219,010312537302;19280,090807622575;757,9649588594298;1,8806724828313626
18,333333333333332;768,4024526686754;602,0311329182687;292,0955052407419;0,8176699860922861;0,7512037660161578;4189,019847538324;19217,605054734828;760,3292785334669;1,8674463316809136
18,416666666666668;769,0773709101379;603,8880449723188;293,60527966660663;0,8176699860922861;0,7512037660161578;4159,282993760169;19154,963399956872;761,6248314710489;1,856912054050074
18,5;769,7492626022346;605,7343748973071;295,1149056580258;0,8176699860922861;0,7512037660161578;4129,733148445479;19091,949399353467;762,9488514078878;1,8463299249883407
18,583333333333332;770,4181547678629;607,5700759004513;296,62436108987;0,8176699860922861;0,7512037660161578;4100,3721926231865;19028,582112174136;764,3021853932574;1,8357010031442498
18,666666666666668;771,0840740696129;609,3951022198332;298,1336238661124;0,8176699860922861;0,7512037660161578;4071,201971685289;18964,8806310524;765,6857131502769;1,8250263193819425
18,75;771,7470468161434;611,2094090954924;299,64267191982543;0,8176699860922861;0,7512037660161578;4042,2242962444925;18900,86407980646;767,1003486214438;1,8143068756591851
18,833333333333332;772,4070989684202;613,0129527393749;301,15148321322897;0,8176699860922861;0,7512037660161578;4013,440943016275;18836,551611400628;768,547041600212;1,8035436438824899
18,916666666666668;773,0642561458147;614,8056903041135;302,6600357377882;0,8176699860922861;0,7512037660161578;3984,8536557261327;18771,962406076887;770,0267794540982;1,7927375647385977
19,0;773,7185436320716;616,5875798506147;304,16830751436106;0,8176699860922861;0,7512037660161578;3956,464146042532;18707,1156696626;771,54058894519;1,781889546501267
19,083333333333332;774,369986381145;618,3585803144273;305,67627659339456;0,8176699860922861;0,7512037660161578;3928,2740945364226;18642,03063206409;773,0895381543536;1,7710004638125711
19,166666666666668;775,0186090229103;620,1186514708648;307,1839210551682;0,8176699860922861;0,7512037660161578;3900,2851516679443;18576,726545952955;774,6747385158944;1,760071156437612
19,25;775,6644358687505;621,8677538988566;308,69121901008435;0,8176699860922861;0,7512037660161578;3872,4989388011354;18511,222685654;776,2973469699192;1,7491024279916725
19,333333333333332;776,3074909170251;623,6058489434953;310,19814859900487;0,8176699860922861;0,7512037660161578;3844,9170492473486;18445,53834624225;777,9585682401779;1,7380950446386774
19,416666666666668;776,9477978584201;625,3328986772552;311,70468799363215;0,8176699860922861;0,7512037660161578;3817,541049338246;18379,692842858338;779,6596572457423;1,727049733759925
19,5;777,5853800811856;627,0488658598471;313,21081539693495;0,8176699860922861;0,7512037660161578;3790,3724795291228;18313,70551024974;781,4019216555029;1,7159671825918614
19,583333333333332;778,2202606762614;628,7537138966788;314,7165090436171;0,8176699860922861;0,7512037660161578;3763,412855533463;18247,5957025469;783,1867245951352;1,7048480368317667
19,666666666666668;778,8524624422954;630,4474067958889;316,221747200629;0,8176699860922861;0,7512037660161578;3736,6636694895647;18181,382793282555;785,0154875169228;1,693692899210117
19,75;779,4820078905557;632,1299091239174;317,72650816772045;0,8176699860922861;0,7512037660161578;3710,126391160162;18115,086175663386;786,8896932436122;1,682502328028434
19,833333333333332;780,1089192497407;633,8011859595787;319,2307702780343;0,8176699860922861;0,7512037660161578;3683,802469165957;18048,72526310179;788,8108891983328;1,6712768356612941
19,916666666666668;780,7332184706884;635,4612028466;320,73451189874004;0,8176699860922861;0,7512037660161578;3657,69333225405;17982,319490018137;790,7806908335464;1,6600168870213736
20,0;781,3549272309881;637,1099257445861;322,23771143170626;0,8176699860922861;0,7512037660161578;3631,8003906022086;17915,888312920746;792,8007852730002;1,648722897986137
20,083333333333332;781,9740669394974;638,7473209783711;323,74034731421125;0,8176699860922861;0,7512037660161578;3606,1250371600495;17849,451211774234;794,872935181751;1,6373952337850708
20,166666666666668;782,5906587407653;640,3733551857173;325,2423980196909;0,8176699860922861;0,7512037660161578;3580,6686490281577;17783,027691664498;796,998982880519;1,6260342073461884
20,25;783,2047235193654;641,9879952633179;326,7438420585228;0,8176699860922861;0,7512037660161578;3555,432588876201;17716,63728476928;799,1808547219255;1,6146400776006165
20,333333333333332;783,8162819041406;643,5912083110621;328,24465797884596;0,8176699860922861;0,7512037660161578;3530,4182064011884;17650,29955264479;801,4205657475715;1,6032130477442594
20,416666666666668;784,4253542723608;645,1829615745175;329,74482436741533;0,8176699860922861;0,7512037660161578;3505,626839826962;17584,034088836623;803,7202246464456;1,5917532634554334
20,5;785,0319607537976;646,7632223855851;331,2443198504896;0,8176699860922861;0,7512037660161578;3481,0598174460806;17517,860521825038;806,0820390368151;1,5802608110675922
20,583333333333332;785,636121234716;648,3319581012814;332,74312309475215;0,8176699860922861;0,7512037660161578;3456,7184592053136;17451,798518313673;808,5083210955684;1,568735715696347
20,666666666666668;786,237855361786;649,8891360406016;334,2412128082639;0,8176699860922861;0,7512037660161578;3432,604078335865;17385,867786871593;811,0014935609496;1,5571779393201601
20,75;786,8371825459162;651,4347234194158;335,7385677414474;0,8176699860922861;0,7512037660161578;3408,7179830296122;17320,088081937996;813,5640961367866;1,5455873788142886
20,833333333333332;787,4341219660113;652,9686872833536;337,2351666881007;0,8176699860922861;0,7512037660161578;3385,06147816251;17254,479208198874;816,198792328658;1,5339638639377586
20,916666666666668;788,0286925726546;654,490994438627;338,73098848644094;0,8176699860922861;0,7512037660161578;3361,6358670664426;17189,061025345258;818,9083767450131;1,5223071552734677
21,0;788,6209130917173;656,0016113807488;340,2260120201761;0,8176699860922861;0,7512037660161578;3338,442453350689;17123,85345322248;821,695782899061;1,5106169421218385
21,083333333333332;789,2108020278981;657,5005042210976;341,72021621960437;0,8176699860922861;0,7512037660161578;3315,482542774211;17058,876477378908;824,5640915502997;1,4988928403487694
21,166666666666668;789,7983776681923;658,9876386112868;343,2135800627402;0,8176699860922861;0,7512037660161578;3292,757445170014;16994,150155024214;827,5165396279117;1,4871343901892127
21,25;790,383658085293;660,4629796652949;344,7060825764659;0,8176699860922861;0,7512037660161578;3270,268476422638;16929,694621405048;830,5565297818996;1,4753410540080953
21,333333333333332;790,9666611409274;661,9264918793159;346,19770283770816;0,8176699860922861;0,7512037660161578;3248,01696049995;16865,53009660633;833,6876406118536;1,4635122140209507
21,416666666666668;791,5474044891267;663,3781390492933;347,6884199746386;0,8176699860922861;0,7512037660161578;3226,004231540287;16801,67689278719;836,9136376276147;1,4516471699774318
21,5;792,1259055794344;664,8178841861047;349,17821316789707;0,8176699860922861;0,7512037660161578;3204,2316359958363;16738,15542185752;840,2384850009139;1,4397451368114755
21,583333333333332;792,7021816600524;666,2456894283678;350,6670616518376;0,8176699860922861;0,7512037660161578;3182,7005348332423;16674,986203603057;843,6663581723237;1,4278052422630259
21,666666666666668;793,2762497809262;667,6615159528449;352,154944715795;0,8176699860922861;0,7512037660161578;3161,4123057921147;16612,189874264404;847,2016573836372;1,415826524477122
21,75;793,8481267967716;669,0653238824323;353,64184170537203;0,8176699860922861;0,7512037660161578;3140,368345702032;16549,787195575245;850,8490222121281;1,4038079295874386
21,833333333333332;794,4178293700451;670,4570721917249;355,12773202374615;0,8176699860922861;0,7512037660161578;3119,5700728584825;16487,799064263494;854,6133471901014;1,3917483092926686
21,916666666666668;794,9853739738556;671,8367186101607;356,6125951329946;0,8176699860922861;0,7512037660161578;3099,018929458003;16426,246522018864;858,4997986007804;1,3796464184357935
22,0;795,5507768948233;673,2042195227585;358,0964105554373;0,8176699860922861;0,7512037660161578;3078,716384092374;16365,150765926746;862,5138325499786;1,3675009125978643
22,083333333333332;796,1140542358838;674,5595298684786;359,57915787499593;0,8176699860922861;0,7512037660161578;3058,6639343016204;16304,53315936926;866,6612144222378;1,35531034572008
22,166666666666668;796,6752219190403;675,9026030362487;361,0608167385699;0,8176699860922861;0,7512037660161578;3038,8631091851294;16244,415243389993;870,9480398402621;1,3430731677700414
22,25;797,2342956880632;677,2333907587193;362,54136685742594;0,8176699860922861;0,7512037660161578;3019,315472069789;16184,818748517755;875,3807572576638;1,330787722470615
22,333333333333332;797,7912911111413;678,551843003832;364,02078800860284;0,8176699860922861;0,7512037660161578;3000,0226232335963;16125,76560704153;879,9661923273371;1,3184522451126264
22,416666666666668;798,3462235834829;679,8579078643078;365,4990600363287;0,8176699860922861;0,7512037660161578;2980,986202682732;16067,277965726555;884,7115742013349;1,3060648604758225
22,5;798,8991083298687;681,1515314451937;366,9761628534505;0,8176699860922861;0,7512037660161578;2962,207892979379;16009,378198956027;889,6245639330605;1,2936235808859091
22,583333333333332;799,4499604071581;682,4326577496332;368,4520764428752;0,8176699860922861;0,7512037660161578;2943,689422116876;15952,088922281238;894,7132851690642;1,2811263044395451
22,666666666666668;799,99879470675;683,7012285630666;369,9267808590211;0,8176699860922861;0,7512037660161578;2925,4325664381213;15895,433006356176;899,9863573358897;1,268570813433417
22,75;800,5456259569982;684,957183336105;371,40025622927897;0,8176699860922861;0,7512037660161578;2907,4391535920854;15839,43359122908;905,4529315474749;1,2559547730384206
22,833333333333332;801,0904687255824;686,2004590663703;372,8724827554816;0,8176699860922861;0,7512037660161578;2889,7110655223287;15784,11410095616;911,122729480732;1,2432757302652715
22,916666666666668;801,6333374218373;687,430990179644;374,34344071538135;0,8176699860922861;0,7512037660161578;2872,2502414803016;15729,498258496462;917,0060854913627;1,2305311132737866
23,0;802,1742462990397;688,6487084107287;375,81311046413464;0,8176699860922861;0,7512037660161578;2855,058681054831;15675,610100840038;923,1139922689606;1,217718231084624
23,083333333333332;802,7132094566529;689,8535426844879;377,28147243579224;0,8176699860922861;0,7512037660161578;2838,138447207777;15622,473994311742;929,4581503602745;1,204834273759298
23,166666666666668;803,2502408425325;691,04541899761;378,74850714479504;0,8176699860922861;0,7512037660161578;2821,491669304123;15570,114649983841;936,0510219224573;1,1918763131221102
23,25;803,7853542550922;692,2242603017162;380,214195187474;0,8176699860922861;0,7512037660161578;2805,120546123064;15518,55713912118;942,9058891045838;1,1788413041061685
23,333333333333332;804,3185633454309;693,3899863885309;381,6785172435534;0,8176699860922861;0,7512037660161578;2789,027348834401;15467,82690856846;950,0369174960041;1,1657260868147232
23,416666666666668;804,8498816194227;694,54251377793;383,1414540776571;0,8176699860922861;0,7512037660161578;2773,2144239224995;15417,949795978628;957,4592251246754;1,1525273893991004
23,5;805,3793224397692;695,681755609795;384,602986540816;0,8176699860922861;0,7512037660161578;2757,684196037317;15368,952044763657;965,1889575379283;1,1392418318649644
23,583333333333332;805,906899028016;696,8076215407252;386,0630955719769;0,8176699860922861;0,7512037660161578;2742,4391707493555;15320,860318636362;973,2433695526711;1,1258659309301642
23,666666666666668;806,432624466534;697,9200176467945;387,52176219951104;0,8176699860922861;0,7512037660161578;2727,48193718227;15273,701715590394;981,6409143224042;1,1123961060691978
23,75;806,9565117004661;699,0188463336865;388,97896754272233;0,8176699860922861;0,7512037660161578;2712,815170493488;15227,503781149015;990,401340435224;1,0988286868920687
23,833333333333332;807,478573539639;700,1040062557047;390,4346928133533;0,8176699860922861;0,7512037660161578;2698,4416341694896;15182,294520689773;999,5457978309141;1,085159922018245
23,916666666666668;807,9988226604439;701,1753922453246;391,88891931708946;0,8176699860922861;0,7512037660161578;2684,3641820983576;15138,102410630117;1009,0969534070409;1,0713859896199076
24,0;808,517271607682;702,2328952551468;393,3416284550598;0,8176699860922861;0,7512037660161578;2670,585760377983;15094,956408232596;1019,0791172744864;1,0575030098221505
24,083333333333332;809,0339327963804;703,2764023143081;394,7928017253335;0,8176699860922861;0,7512037660161578;2657,1094088133805;15052,885959762667;1029,5183807230287;1,0435070591613176
24,166666666666668;809,5488185135763;704,3057965016237;396,2424207244121;0,8176699860922861;0,7512037660161578;2643,938262051807;15011,921006700682;1040,44276706839;1,0293941873155288
24,25;810,0619409200687;705,3209569379574;397,69046714871564;0,8176699860922861;0,7512037660161578;2631,0755502988145;14972,09198968058;1051,8823966747445;1,0151604363336948
24,333333333333332;810,5733120521434;706,3217588005574;399,13692279606255;0,8176699860922861;0,7512037660161578;2618,524599552782;14933,429849793178;1063,8696675822214;1,000801862600018
24,416666666666668;811,0829438232665;707,3080733623373;400,5817695671427;0,8176699860922861;0,7512037660161578;2606,288831289649;14895,96602685898;1076,4394533187904;0,986314561779845
24,5;811,5908480257496;708,279768059336;402,0249894669823;0,8176699860922861;0,7512037660161578;2594,3717615232317;14859,732454237905;1089,6293196415036;0,9716946969987447
24,583333333333332;812,097036332387;709,2367065898452;403,4665646064;0,8176699860922861;0,7512037660161578;2582,776999160339;14824,761549707331;1103,479762135043;0,9569385305091757
24,666666666666668;812,601520298066;710,1787490489422;404,90647720345424;0,8176699860922861;0,7512037660161578;2571,508243563545;14791,086201902812;1118,0344667975219;0,9420424590970211
24,75;813,1043113613489;711,1057521024145;406,34470958487975;0,8176699860922861;0,7512037660161578;2560,569281228095;14758,739751778272;1133,3405959664678;0,9270030534722793
24,833333333333332;813,6054208460289;712,0175692042876;407,7812441875138;0,8176699860922861;0,7512037660161578;2549,96398147336;14727,755968505764;1149,449102183939;0,9118171018730867
24,916666666666668;814,1048599626615;712,9140508623763;409,2160635597106;0,8176699860922861;0,7512037660161578;2539,6962910435323;14698,169019202749;1166,415072870918;0,8964816580886709
25,0;814,6026398100687;713,795044956449;410,64915036274397;0,8176699860922861;0,7512037660161578;2529,7702275071315;14670,01343184208;1184,298108980046;0,8809940940727542
25,083333333333332;815,0987713768183;714,6603971137221;412,08048737219644;0,8176699860922861;0,7512037660161578;2520,1898713404917;14643,32405067477;1203,1627411249492;0,8653521572729994
25,166666666666668;815,5932655426803;715,5099511464645;413,5100574793354;0,8176699860922861;0,7512037660161578;2510,959356577405;14618,135983476737;1223,0788870467147;0,8495540327423331
25,25;816,0861330800585;716,3435495564868;414,93784369247476;0,8176699860922861;0,7512037660161578;2502,082859905397;14594,484539917827;1244,1223546767008;0,8335984100223577
25,333333333333332;816,5773846553977;717,161034111183;416,36382913832193;0,8176699860922861;0,7512037660161578;2493,5645880892935;14572,405160353079;1266,3753954930553;0,8174845546961546
25,416666666666668;817,0670308305696;717,9622464955785;417,78799706330915;0,8176699860922861;0,7512037660161578;2485,408763605369;14551,933334346964;1289,9273133499087;0,8012123843955166
25,5;817,5550820642352;718,7470290444936;419,21033083490886;0,8176699860922861;0,7512037660161578;2477,6196083747777;14533,104508272196;1314,8751344870566;0,7847825489151404
25,583333333333332;818,0415487131849;719,5152255584258;420,6308139429324;0,8176699860922861;0,7512037660161578;2470,2013254935396;14515,9539813697;1341,3243450087584;0,7681965139320907
25,666666666666668;818,5264410336572;720,2666822060792;422,04943000081124;0,8176699860922861;0,7512037660161578;2463,1580788689776;14500,516789728272;1369,3897027575897;0,7514566476534091
25,75;819,0097691826367;721,0012485155972;423,46616274686085;0,8176699860922861;0,7512037660161578;2456,4939706894506;14486,827577736396;1399,1961312088606;0,7345663095180641
25,833333333333332;819,49154321913;721,7187784554608;424,8809960455254;0,8176699860922861;0,7512037660161578;2450,2130166759853;14474,920456680025;1430,879703778834;0,7175299398635694
25,916666666666668;819,9717731054225;722,4191316046966;426,2939138886043;0,8176699860922861;0,7512037660161578;2444,3191190917305;14464,8288503166;1464,5887277825855;0,7003531492358994
26,0;820,4504687083137;723,1021744104746;427,70490039645864;0,8176699860922861;0,7512037660161578;2438,8160375181455;14456,58532743965;1500,4849382027564;0,6830428057780003
26,083333333333332;820,9276398003342;723,7677815293591;429,1139398191979;0,8176699860922861;0,7512037660161578;2433,7073574459764;14450,22142167265;1538,7448124471043;0,6656071188845158
26,166666666666668;821,4032960609427;724,4158372464256;430,52101653784626;0,8176699860922861;0,7512037660161578;2428,9964567743764;14445,767438987106;1579,561018390868;0,6480557170664495
26,25;821,877447077704;725,046236964166;431,92611506548764;0,8176699860922861;0,7512037660161578;2424,6864703629285;14443,252253733013;1623,1440092308037;0,6303997177404571
26,333333333333332;822,3501023474481;725,658888750622;433,3292200483895;0,8176699860922861;0,7512037660161578;2420,780252838449;14442,703094295968;1669,7237800346204;0,6126517864560642
26,416666666666668;822,8212712774124;726,2537149335371;434,7303162671046;0,8176699860922861;0,7512037660161578;2417,2803399206514;14444,145319850884;1719,551802367503;0,5948261829150733
26,5;823,2909631863645;726,8306537245741;436,12938863755045;0,8176699860922861;0,7512037660161578;2414,1889085968814;14447,602190061183;1772,9031550342982;0,5769387910369012
26,583333333333332;823,7591873057085;727,3896608548728;437,5264222120659;0,8176699860922861;0,7512037660161578;2411,5077365447605;14453,094629965679;1830,078870811459;0,5590071302986817
26,666666666666668;824,2259527805732;727,9307112005192;438,9214021804447;0,8176699860922861;0,7512037660161578;2409,238161270892;14460,640992694953;1891,40852108117;0,541050345646407
26,75;824,6912686708839;728,4538003739682;440,3143138709454;0,8176699860922861;0,7512037660161578;2407,381039501348;14470,256823048761;1957,2530625470245;0,523089173448994
26,833333333333332;825,1551439524181;728,9589462552319;441,7051427512769;0,8176699860922861;0,7512037660161578;2405,936707422893;14481,954625331353;2028,0079727375983;0,5051458812637164
26,916666666666668;825,617587517844;729,4461904348399;443,0938744295606;0,8176699860922861;0,7512037660161578;2404,9049424296554;14495,74363916814;2104,106703825764;0,48724417960798316
27,0;826,0786081777427;729,9155995393318;444,4804946552668;0,8176699860922861;0,7512037660161578;2404,284927075102;14511,629627290398;2186,0244874467944;0,4694091044919037
27,083333333333332;826,5382146616171;730,3672664094861;445,86498932012677;0,8176699860922861;0,7512037660161578;2404,0752159602735;14529,61467946317;2274,282526732389;0,4516668701543709
27,166666666666668;826,9964156188817;730,8013111017362;447,24734445901936;0,8176699860922861;0,7512037660161578;2404,2737063032746;14549,697036819869;2369,45261573902;0,434044692250103
27,25;827,4532196198409;731,2178816843706;448,6275462508319;0,8176699860922861;0,7512037660161578;2404,8776129286352;14571,87094084314;2472,1622308940096;0,4165705826342916
27,333333333333332;827,9086351566499;731,6171548022252;450,00558101929533;0,8176699860922861;0,7512037660161578;2405,883448386757;14596,126511080374;2583,1001440710406;0,39927311785463304
27,416666666666668;828,3626706442624;731,9993359866728;451,38143523379296;0,8176699860922861;0,7512037660161578;2407,287008860618;14622,44965539232;2703,022612507151;0,38218118444766974
27,5;828,8153344213631;732,3646596917745;452,7550955101431;0,8176699860922861;0,7512037660161578;2409,0833664397396;14650,822016104989;2832,7602070576127;0,3653237051016512
27,583333333333332;829,2666347512875;732,7133890424147;454,1265486113549;0,8176699860922861;0,7512037660161578;2411,2668682397157;14681,220954868451;2973,225347335611;0,34872935064027055
27,666666666666668;829,7165798229258;733,0458152859634;455,4957814483572;0,8176699860922861;0,7512037660161578;2413,8311427218187;14713,619578330514;3125,420620188567;0,33242624354858563
27,75;830,1651777516154;733,3622569453181;456,8627810807006;0,8176699860922861;0,7512037660161578;2416,7691134240613;14747,986805927734;3290,4479668191693;0,31644165935474083
27,833333333333332;830,6124365800187;733,6630586778739;458,22753471723206;0,8176699860922861;0,7512037660161578;2420,0730201574315;14784,28748020745;3469,518833772869;0,3008017325558216
27,916666666666668;831,0583642789885;733,9485898517743;459,5900297167422;0,8176699860922861;0,7512037660161578;2423,7344475536192;14822,482519146139;3663,9653941054476;0,2855311739003468
28,0;831,5029687484201;734,2192428574696;460,950253588585;0,8176699860922861;0,7512037660161578;2427,744360680356;14862,529108964567;3875,2529574410255;0,27065300569529377
28,083333333333332;831,9462578180911;734,4754311788582;462,30819399326964;0,8176699860922861;0,7512037660161578;2432,093147273764;14904,380934991717;4104,993701483258;0,25618832138865405
28,166666666666668;832,3882392484895;734,7175872538619;463,663838743025;0,8176699860922861;0,7512037660161578;2436,770665980822;14947,98844723904;4354,961873012329;0,2421560750036819
28,25;832,8289207316272;734,9461601589605;465,0171758023356;0,8176699860922861;0,7512037660161578;2441,7662998656906;14993,299156548113;4627,110623670769;0,22857290509863806
28,333333333333332;833,2683098918452;735,161613155801;466,3681932884499;0,8176699860922861;0,7512037660161578;2447,0690143166676;15040,257956502379;4923,59066512617;0,2154529968404153
28,416666666666668;833,7064142866034;735,3820582563326;467,71687947186047;0,8176699860922861;0,7512037660161578;2452,667418401106;15088,807465775006;4826,993384022311;0,22044510053161825
28,5;834,1432414072614;735,6135000002182;469,06322277675594;0,8176699860922861;0,7512037660161578;2458,10890075677;15136,539655067141;4611,5821761378975;0,2314417438856714
28,583333333333332;834,5787986798474;735,8563593692019;470,4072117814447;0,8176699860922861;0,7512037660161578;2463,243535176079;15182,653608413395;4407,577218848412;0,24285936898369564
28,666666666666668;835,0130934658149;736,111058812532;471,7488352187504;0,8176699860922861;0,7512037660161578;2468,0609827661383;15227,090731419648;4214,415429387524;0,2546994433301174
28,75;835,4461330627898;736,3780206389692;473,0880819763794;0,8176699860922861;0,7512037660161578;2472,550866332074;15269,791913327008;4031,557414738925;0,2669618264373001
28,833333333333332;835,8779247053058;736,6576652937378;474,42494109725965;0,8176699860922861;0,7512037660161578;2476,702810595515;15310,697721061473;3858,4867261155373;0,2796446547685373
28,916666666666668;836,3084755655296;736,9504095291971;475,75940177985154;0,8176699860922861;0,7512037660161578;2480,5064852892;15349,748608841404;3694,709124667425;0,2927442354593478
29,0;836,7377927539765;737,2566644803794;477,0914533784306;0,8176699860922861;0,7512037660161578;2483,9516509083123;15386,88514242337;3539,751859105125;0,3062549511822455
29,083333333333332;837,1658833202138;737,5768336589013;478,42108540334164;0,8176699860922861;0,7512037660161578;2487,0282068399265;15422,048236774888;3393,1629558181726;0,320169178521821
29,166666666666668;837,5927542535558;737,911310881067;479,7482875212255;0,8176699860922861;0,7512037660161578;2489,7262415328128;15455,179405665136;3254,5105219640104;0,3344772221657851
29,25;838,018412483749;738,2604781481554;481,073049555217;0,8176699860922861;0,7512037660161578;2492,036084312218;15486,221021376059;3123,3820619061444;0,3491672670882865
29,333333333333332;838,4428648816468;738,6247034988572;482,3953614851153;0,8176699860922861;0,7512037660161578;2493,948358389841;15515,11658245522;2999,38380728788;0,36422535070185114
29,416666666666668;838,8661182598744;739,0043388555407;483,7152134475266;0,8176699860922861;0,7512037660161578;2495,4540345697383;15541,81098717521;2882,140060944116;0,37963535668346476
29,5;839,2881793734858;739,3997178873824;485,03259573597865;0,8176699860922861;0,7512037660161578;2496,544485108342;15566,250810136373;2771,2925547766836;0,3953790318417274
29,583333333333332;839,70905492061;739,811153914374;486,347498801008;0,8176699860922861;0,7512037660161578;2497,211537152586;15588,384579259342;2666,499821650945;0,4114360269916433
29,666666666666668;840,1287515430893;740,238937876725;487,65991325021935;0,8176699860922861;0,7512037660161578;2497,4475251558997;15608,16305027111;2567,4365813119507;0,427783962350972
29,75;840,5472758271075;740,6833363942042;488,969829848318;0,8176699860922861;0,7512037660161578;2497,2453416591065;15625,539475695155;2473,7931402691484;0,44439851747918646
29,833333333333332;840,964634303811;741,1445899394663;490,27723951711494;0,8176699860922861;0,7512037660161578;2496,5984858225825;15640,4698653257;2385,274805558334;0,46125354526212964
29,916666666666668;841,3808334499196;741,6229111483852;491,58213333550464;0,8176699860922861;0,7512037660161578;2495,501109108616;15652,913235191685;2301,601312259399;0,4783212089188931
30,0;841,7958796883296;742,1184832888758;492,8845025394164;0,8176699860922861;0,7512037660161578;2493,9480575383586;15662,831842110929;2222,50626462773;0,4955721404905599
30,083333333333332;842,2097793887093;742,6314589076572;494,18433852173894;0,8176699860922861;0,7512037660161578;2491,934909986344;15670,191401086735;2147,73659068491;0,5129756187814596
30,166666666666668;842,6225388680846;743,1619586719376;495,48163283221817;0,8176699860922861;0,7512037660161578;2489,4580120263017;15674,961283017154;2077,0520101110187;0,5304997642802962
30,25;843,0341643914177;743,7100704201446;496,77637717732944;0,8176699860922861;0,7512037660161578;2486,5145049036755;15677,11469045474;2010,2245152845144;0,5481117482069885
30,333333333333332;843,4446621721784;744,2758484326698;498,06856342012304;0,8176699860922861;0,7512037660161578;2483,1023492818276;15676,628809476366;1947,0378653257926;0,5657780125252465
30,416666666666668;843,8540383729056;744,8593129302112;499,35818358004434;0,8176699860922861;0,7512037660161578;2479,2203434877138;15673,484936080748;1887,2870930152926;0,5834644975413432
30,5;844,2622991057638;745,4604498037943;500,6452298327284;0,8176699860922861;0,7512037660161578;2474,86813606736;15667,66857592085;1830,77802447588;0,6011368735830286
30,583333333333332;844,6694504330893;746,0792105770165;501,929694509769;0,8176699860922861;0,7512037660161578;2470,0462325492367;15659,169516589007;1777,3268115300393;0,618760773222247
30,666666666666668;845,0754983679313;746,7155125975864;503,21157009846297;0,8176699860922861;0,7512037660161578;2464,75599640182;15647,981872088923;1726,7594766639147;0,6363020205699017
30,75;845,4804488745847;747,3692394519118;504,4908492415296;0,8176699860922861;0,7512037660161578;2458,9996442586225;15634,10409954429;1678,9114705515087;0,6537268543253704
30,833333333333332;845,884307869115;748,040241593411;505,76752473680546;0,8176699860922861;0,7512037660161578;2452,7802355668227;15617,538988593698;1633,6272421116546;0,6710021414992271
30,916666666666668;846,2870812198776;748,7283371724443;507,04158953691535;0,8176699860922861;0,7512037660161578;2446,1016568925997;15598,293624299655;1590,7598210867218;0,6880955790333436
31,0;846,688774748029;749,4333130533486;508,31303674891905;0,8176699860922861;0,7512037660161578;2438,9686011858316;15576,379324743802;1550,170413145017;0,7049758809042848
31,083333333333332;847,0893942280323;750,1549260020475;509,5818596339345;0,8176699860922861;0,7512037660161578;2431,386542367011;15551,81155478585;1511,7280075169583;0,7216129486989791
31,166666666666668;847,4889453881545;750,8929040261277;510,8480516067381;0,8176699860922861;0,7512037660161578;2423,36170564962;15524,609817725088;1475,3089971788536;0,7379780240801519
31,25;847,8874339109581;751,6469478481254;512,1116062353414;0,8176699860922861;0,7512037660161578;2414,901034050672;15494,797526813762;1440,7968115964827;0,754043821997715
31,333333333333332;848,2848654337864;752,4167324920621;513,3725172405452;0,8176699860922861;0,7512037660161578;2406,0121515708174;15462,401858735584;1408,0815620342628;0,7697846439367921
31,416666666666668;848,6812455492415;753,2019089629723;514,6307784954726;0,8176699860922861;0,7512037660161578;2396,703323543107;15427,453591273088;1377,0596994244938;0,7851764709101844
31,5;849,0765798056572;754,0021059992642;515,8863840250779;0,8176699860922861;0,7512037660161578;2386,9834146567287;15389,986927449443;1347,63368477547;0,8001970362919443
31,583333333333332;849,470873707564;754,8169318782049;517,1393280056355;0,8176699860922861;0,7512037660161578;2376,861845159823;15350,039308449537;1319,7116720777653;0,8148258789405625
31,666666666666668;849,8641327161503;755,6459762555731;518,3896047642074;0,8176699860922861;0,7512037660161578;2366,348545733979;15307,651217596162;1293,2072036452053;0,8290443773682765
31,75;850,2563622497145;756,4888120215467;519,6372087780885;0,8176699860922861;0,7512037660161578;2355,453911514428;15262,865977597048;1268,0389178018622;0,8428357659734664
31,833333333333332;850,647567684115;757,3449971561103;520,8821346742328;0,8176699860922861;0,7512037660161578;2344,188755704195;15215,72954318134;1244,130268799349;0,8561851345636207
31,916666666666668;851,0377543532103;758,2140765686675;522,1243772286585;0,8176699860922861;0,7512037660161578;2332,5642632001177;15166,290291123569;1221,4092588207764;0,8690794125572394
32,0;851,4269275492967;759,0955839080333;523,3639313658337;0,8176699860922861;0,7512037660161578;2320,591944613571;15114,598809508947;1199,8081818993928;0,8815073393658099
32,083333333333336;851,8150925235385;759,9890433305582;524,6007921580417;0,8176699860922861;0,7512037660161578;2308,2835910315853;15060,70768793703;1179,2633795521429;0,8934594225248836
32,166666666666664;852,2022544863936;760,8939712157285;525,8349548247289;0,8176699860922861;0,7512037660161578;2295,651229824509;15004,671310191396;1159,715007901466;0,9049278851702814
32,25;852,5884186080319;761,809877820175;527,0664147318322;0,8176699860922861;0,7512037660161578;2282,707081766628;14946,545650728753;1141,106816033333;0,9159066044464821
32,333333333333336;852,9735900187512;762,7362688625694;528,2951673910886;0,8176699860922861;0,7512037660161578;2269,463519696424;14886,38807616637;1123,3859353162084;0,9263910423945181
32,416666666666664;853,357773809385;763,6726470333712;529,5212084593275;0,8176699860922861;0,7512037660161578;2255,9330289045447;14824,257152773986;1106,5026793845122;0,9363781708016753
32,5;853,7409750317069;764,6185134247813;530,7445337377442;0,8176699860922861;0,7512037660161578;2242,1281694003455;14760,212460808762;1090,410354471709;0,945866391410112
32,583333333333336;854,1231986988286;765,5733688775626;531,9651391711574;0,8176699860922861;0,7512037660161578;2228,0615401731384;14694,314416372452;1075,0650797623991;0,954855452781356
32,666666666666664;854,5044497855938;766,536715242566;533,183020847249;0,8176699860922861;0,7512037660161578;2213,745745531648;14626,624101322419;1060,4256174197935;0,9633463650032915
32,75;854,8847332289665;767,5080565558753;534,398174995788;0,8176699860922861;0,7512037660161578;2199,1933635756964;14557,20310162827;1046,4532119348828;0,9713413133094229
32,833333333333336;855,2640539284149;768,4869001274365;535,6105979878377;0,8176699860922861;0,7512037660161578;2184,41691682728;14486,113354441977;1033,1114384362425;0,9788435715610916
32,916666666666664;855,6424167462898;769,4727575438611;536,8202863349477;0,8176699860922861;0,7512037660161578;2169,428845024461;14413,417004036;1020,3660595947126;0,9858574164246159
33,0;856,0198265081988;770,4651455868208;538,0272366883311;0,8176699860922861;0,7512037660161578;2154,241480060716;14339,176266663988;1008,1848907550802;0,9923880429595986
33,083333333333336;856,3962880033753;771,4635870690447;539,2314458380258;0,8176699860922861;0,7512037660161578;2138,86702303445;14263,453304310315;996,5376729270428;0,9984414822239708
33,166666666666664;856,7718059850436;772,467611590442;540,4329107120424;0,8176699860922861;0,7512037660161578;2123,317523358264;14186,310107222307;985,395953270109;1,0040245213972974
33,25;857,1463851707786;773,476756217269;541,6316283754968;0,8176699860922861;0,7512037660161578;2107,6048598650405;14107,80838505198;974,732972711344;1,009144626827093
33,333333333333336;857,5200302428615;774,4905660875836;542,8275960297306;0,8176699860922861;0,7512037660161578;2091,740723837739;14028,009466384101;964,523560340873;1,013809870314664
33,416666666666664;857,8927458486311;775,5085949464608;544,0208110114168;0,8176699860922861;0,7512037660161578;2075,736603881947;13946,974206383464;954,7440342375204;1,0180288588771564
33,5;858,2645366008308;776,5304056146122;545,2112707916535;0,8176699860922861;0,7512037660161578;2059,6037725542574;13864,76290226056;945,3721083857085;1,0218106681513492
33,583333333333336;858,6354070779505;777,5555703941543;546,3989729750454;0,8176699860922861;0,7512037660161578;2043,3532746554647;13781,435216229618;936,3868053545517;1,0251647795421417
33,666666666666664;859,0053618245652;778,5836714153186;547,5839152987717;0,8176699860922861;0,7512037660161578;2026,995917094905;13697,050105614986;927,7683744207234;1,0281010211642947
33,75;859,37440535167;779,6143009278978;548,766095631644;0,8176699860922861;0,7512037660161578;2010,5422602311648;13611,665759749183;919,4982148280224;1,0306295125793068
33,833333333333336;859,7425421370084;780,6470615411878;549,9455119731521;0,8176699860922861;0,7512037660161578;1994,0026105943048;13525,339543300552;911,5588038883802;1,032760613289982
33,916666666666664;860,1097766253997;781,6815664161103;551,1221624524986;0,8176699860922861;0,7512037660161578;1977,3870148955154;13438,127945665869;903,933629641229;1,0345048749224637
34,0;860,4761132290608;782,7174394131092;552,2960453276238;0,8176699860922861;0,7512037660161578;1960,7052552322357;13350,086536065874;896,6071278005234;1,035872996998878
34,083333333333336;860,8415563279236;783,7543151992917;553,4671589842196;0,8176699860922861;0,7512037660161578;1943,9668453987906;13261,269923987695;889,5646227311677;1,0368757861825169
34,166666666666664;861,2061102699495;784,7918393181527;554,6355019347344;0,8176699860922861;0,7512037660161578;1927,1810282157985;13171,731724625783;882,7922722090279;1,037524118861066
34,25;861,5697793714406;785,829668225074;555,8010728173678;0,8176699860922861;0,7512037660161578;1910,3567737949193;13081,52452898345;876,2770157310167;1,0378289069212339
34,333333333333336;861,9325679173452;786,8674692916337;556,963870395057;0,8176699860922861;0,7512037660161578;1893,502778659166;12990,699878310168;870,0065261538605;1,0378010665597333
34,416666666666664;862,2944801615608;787,9049207816039;558,1238935544548;0,8176699860922861;0,7512037660161578;1876,6274656427868;12899,30824256103;863,9691644519969;1,0374514899701304
34,5;862,6555203272347;788,9417118013465;559,2811413048977;0,8176699860922861;0,7512037660161578;1859,7389844989239;12807,399002581204;858,1539373965848;1,0367910197426413
34,583333333333336;863,0156926070582;789,97754222716;560,4356127773688;0,8176699860922861;0,7512037660161578;1842,8452131472056;12715,020435731558;852,550457968794;1,03583042581348
34,666666666666664;863,3750011635591;791,0121226119619;561,5873072234506;0,8176699860922861;0,7512037660161578;1825,9537594974545;12622,219704686797;847,1489083313077;1,0345803848019117
34,75;863,7334501293911;792,0451740735381;562,7362240142724;0,8176699860922861;0,7512037660161578;1809,0719637899297;12529,042849152946;841,9400051923515;1,0330514615762068
34,833333333333336;864,0910436076181;793,076428166432;563,88236263945;0,8176699860922861;0,7512037660161578;1792,2069013963267;12435,534780265747;836,9149674064838;1,0312540928939384
34,916666666666664;864,4477856719961;794,1056267393992;565,0257227060196;0,8176699860922861;0,7512037660161578;1775,3653860296508;12341,739277445868;832,0654856658812;1,0291985729671855
35,0;864,8036803672526;795,1325217802084;566,1663039373652;0,8176699860922861;0,7512037660161578;1758,5539733149233;12247,698987502414;827,3836941448884;1,0268950408092288
35,083333333333336;865,1587317093604;796,156875249434;567,3041061721407;0,8176699860922861;0,7512037660161578;1741,7789646761037;12153,455425788265;822,862143969198;1,024353469225568
35,166666666666664;865,5129436858103;797,1784589047529;568,439129363186;0,8176699860922861;0,7512037660161578;1725,0464114981582;12059,048979224915;818,4937783891775;1,0215836553189013
35,25;865,8663202558802;798,1970541171377;569,571373576439;0,8176699860922861;0,7512037660161578;1708,3621195264357;11964,51891102915;814,271909544575;1,0185952123847934
35,333333333333336;866,2188653508993;799,2124516802191;570,7008389898419;0,8176699860922861;0,7512037660161578;1691,7316534685624;11869,903366981638;810,1901967151155;1,0153975630814658
35,416666666666664;866,570582874512;800,2244516139835;571,8275258922446;0,8176699860922861;0,7512037660161578;1675,1603417670026;11775,239383093061;806,2426259583865;1,0119999337644265
35,5;866,921476702936;801,2328629638671;572,951434682302;0,8176699860922861;0,7512037660161578;1658,6532815132102;11680,562894532948;802,4234910428718;1,0084113498835088
35,583333333333336;867,27155068522;802,2375035962136;574,07256586737;0,8176699860922861;0,7512037660161578;1642,2153434767238;11585,908745695519;798,727375590084;1,0046406323465276
35,666666666666664;867,620808643495;803,2381999909741;575,1909200623967;0,8176699860922861;0,7512037660161578;1625,8511772251582;11491,310701287333;795,1491363454679;1,000696394760407
35,75;867,9692543732274;804,2347870324411;576,3064979888103;0,8176699860922861;0,7512037660161578;1609,565216313024;11396,801458331332;791,6838875031016;0,9965870414669893
35,833333333333336;868,3168916434638;805,2271077987377;577,4193004734058;0,8176699860922861;0,7512037660161578;1593,3616835196574;11302,412658987856;788,3269860142586;0,9923207662966008
35,916666666666664;868,6637241970773;806,2150133507062;578,529328447228;0,8176699860922861;0,7512037660161578;1577,2445961181518;11208,174904103485;785,0740178145946;0,9879055519683846
36,0;869,0097557510089;807,1983625207779;579,6365829444527;0,8176699860922861;0,7512037660161578;1561,2177711592778;11114,117767403462;781,9207849091301;0,9833491700716911
36,083333333333336;869,3549899965064;808,1770217023461;580,7410651012666;0,8176699860922861;0,7512037660161578;1545,2848307557758;11020,26981025364;778,863293258314;0,978659181568236
36,166666666666664;869,6994305993603;809,1508646401052;581,842776154745;0,8176699860922861;0,7512037660161578;1529,4492073540084;10926,658596917738;775,8977414123028;0,9738429377590753
36,25;870,0430812001381;810,1197722217709;582,9417174417291;0,8176699860922861;0,7512037660161578;1513,7141489813785;10833,310710249914;773,0205098441764;0,9689075816656675
36,333333333333336;870,3859454144146;811,0836322715488;584,0378903977015;0,8176699860922861;0,7512037660161578;1498,0827244591808;10740,251767760357;770,228150936165;0,9638600497779376
36,416666666666664;870,7280268330004;812,0423393456754;585,131296555662;0,8176699860922861;0,7512037660161578;1482,5578285716433;10647,506438000539;767,517379576087;0,9587070741265417
36,5;871,0693290221678;812,9957945303155;586,221937545002;0,8176699860922861;0,7512037660161578;1467,1421871831258;10555,098457218324;764,8850643241078;0,9534551846401478
36,583333333333336;871,409855523873;813,9439052420674;587,3098150903803;0,8176699860922861;0,7512037660161578;1451,8383622963086;10463,050646237458;762,3282191126472;0,9481107117519801
36,666666666666664;871,7496098559776;814,8865850312903;588,3949310105976;0,8176699860922861;0,7512037660161578;1436,6487570451397;10371,384927518302;759,843995444792;0,9426797892229358
36,75;872,0885955124662;815,8237533884421;589,4772872174722;0,8176699860922861;0,7512037660161578;1421,5756206171818;10280,122342363293;757,4296750589264;0,937168357151763
36,833333333333336;872,4268159636621;816,7553355535873;590,5568857147163;0,8176699860922861;0,7512037660161578;1406,6210531006022;10189,283068229983;755,0826630294823;0,9315821651451894
36,916666666666664;872,7642746564402;817,681262329211;591,6337285968135;0,8176699860922861;0,7512037660161578;1391,787010251869;10098,886436120585;752,8004812757631;0,925926775623634
37,0;873,1009750144383;818,6014698964512;592,7078180478974;0,8176699860922861;0,7512037660161578;1377,07530818073;10008,950948017744;750,5807624526803;0,9202075672402837
37,083333333333336;873,436920438265;819,5158996348448;593,779156340631;0,8176699860922861;0,7512037660161578;1362,4876279496762;9919,494294339835;748,4212441990302;0,914429738393515
37,166666666666664;873,772114305706;820,4244979456594;594,8477458350889;0,8176699860922861;0,7512037660161578;1348,0255200855054;9830,533371391184;746,3197637205627;0,9085983108145549
37,25;874,1065599719282;821,3272160788733;595,9135889776408;0,8176699860922861;0,7512037660161578;1333,6904090011672;9742,084298783;744,2742526866484;0,9027181332139258
37,333333333333336;874,4402607696804;822,2240099638454;596,9766882998374;0,8176699860922861;0,7512037660161578;1319,4835973263707;9654,162436806642;742,282732420754;0,8967938849721544
37,416666666666664;874,7732200094932;823,1148400437067;598,0370464172984;0,8176699860922861;0,7512037660161578;1305,4062701458747;9566,78240373775;740,3433093662793;0,8908300798613246
37,5;875,105440979876;823,9996711134925;599,0946660286031;0,8176699860922861;0,7512037660161578;1291,459499144662;9479,958093055182;738,4541708105312;0,8848310697857102
37,583333333333336;875,4369269475116;824,8784721620233;600,1495499141847;0,8176699860922861;0,7512037660161578;1277,6442466595881;9393,702690558614;736,6135808507678;0,8788010485308537
37,666666666666664;875,7676811574494;825,7512162175349;601,2013844848138;0,8176699860922861;0,7512037660161578;1263,9613696372066;9308,028691369862;734,8198765873049;0,872744055511554
37,75;876,0977068332952;826,6178801970452;602,2511533259842;0,8176699860922861;0,7512037660161578;1250,4116234978624;9222,94791680481;733,0714645296785;0,8666639795103219
37,833333333333336;876,4270071774008;827,478444759444;603,2988422528152;0,8176699860922861;0,7512037660161578;1236,9956659062495;9138,471531103816;731,3668172027795;0,8605645623987738
37,916666666666664;876,7555853710496;828,3328941622792;604,3444370216228;0,8176699860922861;0,7512037660161578;1223,7140604489214;9054,610058009517;729,7044699407394;0,8544494028352888
38,0;877,0834445746411;829,1812161222123;605,387923327743;0,8176699860922861;0,7512037660161578;1210,56728021926;8971,373397181716;728,0830178571432;0,8483219599330148
38,083333333333336;877,4105879278737;830,0234016791053;606,4292868032975;0,8176699860922861;0,7512037660161578;1197,5557113107216;8888,77084044036;726,5011129809019;0,8421855568930402
38,166666666666664;877,7370185499249;830,8594450637036;607,4685130148965;0,8176699860922861;0,7512037660161578;1184,6796562192112;8806,811087828775;724,9574615478006;0,8360433845982223
38,25;878,0627395396293;831,6893435688671;608,5055874612816;0,8176699860922861;0,7512037660161578;1171,9393371555327;8725,502263487771;723,4508214383932;0,8298985051635331
38,333333333333336;878,3877539756562;832,5130974243068;609,5404955709027;0,8176699860922861;0,7512037660161578;1159,334899269055;8644,851931336374;721,9799997535181;0,8237538554396961
38,416666666666664;878,7120649166827;833,3307096747737;610,5732226994312;0,8176699860922861;0,7512037660161578;1146,866413783735;8564,86711055136;720,543850519264;0,8176122504669855
38,5;879,0356754015679;834,1421860616504;611,6037541272042;0,8176699860922861;0,7512037660161578;1134,5338810477244;8485,554290839325;719,1412725137479;0,8114763868765794
38,583333333333336;879,3585884495228;834,9475349078879;612,632075056601;0,8176699860922861;0,7512037660161578;1122,3372334979388;8406,91944749903;717,7712072085479;0,8053488462375349
38,666666666666664;879,6808070602797;835,7467670062352;613,6581706093484;0,8176699860922861;0,7512037660161578;1110,2763385408734;8328,968056266911;716,4326368180931;0,7992320983473329
38,75;880,0023342142589;836,5398955106998;614,6820258237527;0,8176699860922861;0,7512037660161578;1098,3510013511109;8251,705107943017;715,1245824507331;0,793128504464604
38,833333333333336;880,3231728727351;837,3269358311826;615,7036256518576;0,8176699860922861;0,7512037660161578;1086,5609675889773;8175,135122793831;713,8461023556099;0,7870403204828015
38,916666666666664;880,643325978;838,1079055312265;616,7229549565255;0,8176699860922861;0,7512037660161578;1074,9059260388121;8099,262164729321;712,5962902598187;0,7809697000438977
39,0;880,9627964535247;838,8828242288178;617,7399985084406;0,8176699860922861;0,7512037660161578;1063,3855111693379;8024,089855250197;711,3742737906935;0,774918697591244
39,083333333333336;881,28158720412;839,651713500179;618,7547409830303;0,8176699860922861;0,7512037660161578;1051,9993056176731;7949,62138716547;710,1792129783705;0,7688892713612703
39,166666666666664;881,5997011160947;840,4145967864924;619,7671669573049;0,8176699860922861;0,7512037660161578;1040,7468425985257;7875,859538076292;709,0102988340874;0,7628832863134921
39,25;881,9171410574121;841,1714993034911;620,777260906612;0,8176699860922861;0,7512037660161578;1029,6276082400568;7802,806683625477;707,8667519999483;0,7569025169987296
39,333333333333336;882,2339098778458;841,9224479538567;621,7850072013043;0,8176699860922861;0,7512037660161578;1018,6410438480237;7730,464810511998;706,7478214661577;0,7509486503655449
39,416666666666664;882,5500104091325;842,6674712423617;622,7903901033169;0,8176699860922861;0,7512037660161578;1007,7865480997275;7658,835529268585;705,65278335196;0,745023288504924
39,5;882,8654454651244;843,4065991936951;623,793393762654;0,8176699860922861;0,7512037660161578;997,0634791692703;7587,9200868023345;704,5809397467567;0,7391279513334563
39,583333333333336;883,1802178419391;844,1398632729105;624,7940022137811;0,8176699860922861;0,7512037660161578;986,4711567857313;7517,719378698011;703,5316176080837;0,7332640792153441
39,666666666666664;883,494330318109;844,8672963084341;625,792199371921;0,8176699860922861;0,7512037660161578;976,0088642257159;7448,233961284133;702,5041677133324;0,7274330355236678
39,75;883,8077856547275;845,5889324175754;626,7879690292502;0,8176699860922861;0,7512037660161578;965,6758502418711;7379,4640634610205;701,4979636622853;0,7216361091413228
39,833333333333336;884,1205865955953;846,3048069344777;627,7812948509943;0,8176699860922861;0,7512037660161578;955,4713309288019;7311,409598292322;700,5124009277079;0,7158745169022922
39,916666666666664;884,4327358673645;847,0149563404516;628,772160371419;0,8176699860922861;0,7512037660161578;945,3944915279408;7244,070174360051;699,5468959514087;0,7101494059738399
40,0;884,7442361796808;847,7194181966319;629,7605489897142;0,8176699860922861;0,7512037660161578;935,4444881728227;7177,445106884067;698,6008852833279;0,704461856180324
40,083333333333336;885,0550902253249;848,4182310789012;630,7464439657687;0,8176699860922861;0,7512037660161578;925,6204495762233;7111,533428606482;697,673824761356;0,6988128822693214
40,166666666666664;885,365300680352;849,1114345150221;631,7298284158326;0,8176699860922861;0,7512037660161578;915,9214786605929;7046,333900442821;696,7651887297259;0,6932034361208961
40,25;885,6748702042305;849,7990689239228;632,7106853080638;0,8176699860922861;0,7512037660161578;906,3466541332474;6981,845021900641;695,8744692939408;0,6876344089007755
40,333333333333336;885,9838014399782;850,4811755570812;633,6889974579577;0,8176699860922861;0,7512037660161578;896,8950320076914;6918,06504126774;695,0011756103212;0,6821066331583266
40,416666666666664;886,2920970142978;851,1577964419513;634,6647475236539;0,8176699860922861;0,7512037660161578;887,5656470724238;6854,9919655704725;694,1448332083629;0,6766208848701056
40,5;886,5997595377116;851,8289743273813;635,6379180011206;0,8176699860922861;0,7512037660161578;878,3575143086637;6792,623570305281;693,3049833442053;0,6711778854299899
40,583333333333336;886,9067916046931;852,4947526309679;636,6084912192105;0,8176699860922861;0,7512037660161578;869,269630258259;6730,957408943755;692,4811823836013;0,6657783035866576
40,666666666666664;887,2131957937991;853,1551753882974;637,5764493345866;0,8176699860922861;0,7512037660161578;860,3009743431301;6669,990822214707;691,6730012128758;0,6604227573294623
40,75;887,5189746677986;853,8102872040209;638,5417743265149;0,8176699860922861;0,7512037660161578;851,450510137542;6609,720947164513;690,8800246764426;0,6551118157235626
40,833333333333336;887,8241307738033;854,4601332047162;639,504447991519;0,8176699860922861;0,7512037660161578;842,7171865944416;6550,144725997317;690,1018510395321;0,6498460006951828
40,916666666666664;888,1286666433924;855,1047589934843;640,4644519378958;0,8176699860922861;0,7512037660161578;834,0999392271783;6491,258914699747;689,3380914748542;0,6446257887681588
41,0;888,4325847927412;855,7442106062367;641,4217675800862;0,8176699860922861;0,7512037660161578;825,5976912477024;6433,060091448933;688,5883695719966;0,6394516127523907
41,083333333333336;888,7358877227434;856,3785344696222;642,3763761329002;0,8176699860922861;0,7512037660161578;817,2093546626115;6375,544664810046;687,8523208684209;0,6343238633854856
41,166666666666664;889,0385779191364;857,0077773605504;643,3282586055898;0,8176699860922861;0,7512037660161578;808,9338313280308;6318,708881722927;687,129592400983;0,6292428909282626
41,25;889,340657852623;857,6319863672657;644,277395795769;0,8176699860922861;0,7512037660161578;800,7700139646488;6262,548835282279;686,4198422769653;0,6242090067152346
41,333333333333336;889,6421299789918;858,2512088519267;645,2237682831759;0,8176699860922861;0,7512037660161578;792,716787133935;6207,060472313543;685,7227392636594;0,619222484660953
41,416666666666664;889,9429967392377;858,8654924146498;646,1673564232727;0,8176699860922861;0,7512037660161578;784,7730281766275;6152,239600746685;685,0379623955941;0,6142835627230946
41,5;890,2432605596803;859,474884858973;647,1081403406818;0,8176699860922861;0,7512037660161578;776,9376081146987;6098,081896791296;684,3652005985497;0,6093924443232878
41,583333333333336;890,5429238520813;860,0794341586997;648,0460999224518;0,8176699860922861;0,7512037660161578;769,2093925176806;6044,58291191638;683,7041523295469;0,6045492997266255
41,666666666666664;890,8419890137608;860,6791884260803;648,9812148111531;0,8176699860922861;0,7512037660161578;761,5872423345422;5991,7380796361795;683,0545252320427;0,5997542673806546
41,75;891,1404584277116;861,2741958812951;649,9134643977951;0,8176699860922861;0,7512037660161578;754,070014692013;5939,542722106279;682,4160358056047;0,5950074552148499
41,833333333333336;891,4383344627146;861,8645048231965;650,8428278145651;0,8176699860922861;0,7512037660161578;746,6565636604116;5887,992056532766;681,7884090893753;0,5903089419014559
41,916666666666664;891,7356194734506;862,450163601275;651,7692839273826;0,8176699860922861;0,7512037660161578;739,3457409879517;5837,081201396892;681,1713783586739;0,5856587780785272
42,0;892,0323158006117;863,0312205888112;652,6928113282667;0,8176699860922861;0,7512037660161578;732,1363968043897;5786,805182499267;680,5646848341173;0,5810569875361258
42,083333333333336;892,3284257710131;863,6077241571776;653,6133883275118;0,8176699860922861;0,7512037660161578;725,0273802950147;5737,15893882492;679,9680774026726;0,5765035683663877
42,166666666666664;892,6239516977014;864,179722651256;654,5309929456688;0,8176699860922861;0,7512037660161578;718,017540345889;5688,137328234592;679,3813123500881;0,5719984940785134
42,25;892,9188958800634;864,7472643659354;655,4456029053274;0,8176699860922861;0,7512037660161578;711,1057261611336;5639,735132983718;678,8041531041733;0,5675417146793684
42,333333333333336;893,2132606039336;865,3103975236559;656,3571956226959;0,8176699860922861;0,7512037660161578;704,2907878531992;5591,947065072119;678,236369988429;0,5631331577205173
42,416666666666664;893,5070481417005;865,8691702529685;657,2657481989756;0,8176699860922861;0,7512037660161578;697,5715770069428;5544,7677714290685;677,6777399855539;0,5587727293126431
42,5;893,8002607524116;866,4236305680765;658,1712374115253;0,8176699860922861;0,7512037660161578;690,9469472182991;5498,191838935023;677,1280465103757;0,5544603151079864
42,583333333333336;894,0929006818782;866,9738263493282;659,0736397048131;0,8176699860922861;0,7512037660161578;684,4157546083778;5452,2137992843855;676,5870791917812;0,5501957812517058
42,666666666666664;894,3849701627774;867,5198053246311;659,972931181152;0,8176699860922861;0,7512037660161578;677,9768583137496;5406,828133691881;676,0546336632384;0,5459789753028855
42,75;894,6764714147557;868,061615051757;660,8690875912163;0,8176699860922861;0,7512037660161578;671,6291209536593;5362,029277445546;675,5305113615254;0,5418097271259419
42,833333333333336;894,9674066445297;868,5993029015102;661,7620843243349;0,8176699860922861;0,7512037660161578;665,3714090749673;5317,811624309853;675,0145193333001;0,5376878497532143
42,916666666666664;895,2577780459856;869,1329160417297;662,6518963985604;0,8176699860922861;0,7512037660161578;659,2025935754862;5274,169530782135;674,506470049162;0,533613140219485
43,0;895,5475878002795;869,6625014220988;663,5384984505093;0,8176699860922861;0,7512037660161578;653,1215501063969;5231,097320204527;674,0061812248763;0,529585380369063
43,083333333333336;895,8368380759356;870,188105759735;664,4218647249721;0,8176699860922861;0,7512037660161578;647,1271594545186;5188,589286735284;673,5134756494448;0,5256043376362249
43,166666666666664;896,1255310289426;870,7097755255347;665,301969064291;0,8176699860922861;0,7512037660161578;641,2183079050152;5146,639699182913;673,0281810197251;0,5216697657997321
43,25;896,4136688028514;871,2275569312467;666,178784897503;0,8176699860922861;0,7512037660161578;635,3938875851981;5105,242804704507;672,5501297813125;0,5177814057119621
43,333333333333336;896,7012535288695;871,7414959172502;667,0522852292471;0,8176699860922861;0,7512037660161578;629,652796790117;5064,392832373208;672,0791589754153;0,5139389860034981
43,416666666666664;896,9882873259565;872,2516381410139;667,9224426284345;0,8176699860922861;0,7512037660161578;623,9939402904838;5024,083996616621;671,6151100914643;0,510142223763724
43,5;897,274772300917;872,758028966212;668,7892292166807;0,8176699860922861;0,7512037660161578;618,4162296235655;4984,310500529287;671,1578289252121;0,5063908251980829
43,583333333333336;897,560710548494;873,2607134524746;669,6526166564997;0,8176699860922861;0,7512037660161578;612,9185833676246;4945,0665390624545;670,7071654420886;0,5026844862626548
43,666666666666664;897,8461041514599;873,7597363457513;670,5125761392603;0,8176699860922861;0,7512037660161578;607,4999274004824;4906,346302093995;670,2629736455889;0,4990228932766689
43,75;898,1309551807092;874,2551420692648;671,3690783729053;0,8176699860922861;0,7512037660161578;602,1591951427155;4868,143977381153;669,8251114504832;0,49540572351353035
43,833333333333336;898,415265695347;874,7469747150358;672,2220935694353;0,8176699860922861;0,7512037660161578;596,895327786109;4830,453753398811;669,393440560646;0,4918326457709492
43,916666666666664;898,6990377427784;875,2352780359566;673,071591432159;0,8176699860922861;0,7512037660161578;591,7072745077803;4793,2698220669145;668,967826351312;0,4883033209208134
44,0;898,9822733587987;875,7200954383959;673,9175411427133;0,8176699860922861;0,7512037660161578;586,5939926705437;4756,586381368285;668,5481377555748;0,4848174024392404
44,083333333333336;899,264974567679;876,2014699753134;674,7599113478562;0,8176699860922861;0,7512037660161578;581,5544480100698;4720,397637862024;668,1342471549542;0,4813745369175863
44,166666666666664;899,5471433822538;876,6794443398682;675,598670146039;0,8176699860922861;0,7512037660161578;576,5876148091394;4684,697809092161;667,7260302738649;0,4779743645546666
44,25;899,8287818040075;877,154060859499;676,4337850737611;0,8176699860922861;0,7512037660161578;571,6924760596413;4649,481125896467;667,3233660778262;0,47461651963093415
44,333333333333336;900,1098918231586;877,6253614904642;677,2652230917166;0,8176699860922861;0,7512037660161578;566,8680236127102;4614,7418346180075;666,926136675263;0,47130063096512526
44,416666666666664;900,3904754187449;878,0933878128179;678,0929505707396;0,8176699860922861;0,7512037660161578;562,113258317359;4580,474199219941;666,5342272227505;0,4680263223536831
44,5;900,6705345587067;878,5581810258117;678,9169332775577;0,8176699860922861;0,7512037660161578;557,4271901481751;4546,672503308873;666,1475258335653;0,46479321299371534
44,583333333333336;900,9500711999696;879,0197819437014;679,7371363603652;0,8176699860922861;0,7512037660161578;552,8088383223746;4513,331052067578;665,7659234894121;0,46160091788980456
44,666666666666664;901,2290872885268;879,4782309919466;680,5535243342279;0,8176699860922861;0,7512037660161578;548,2572314067028;4480,444174099555;665,3893139551965;0,45844904824515087
44,75;901,5075847595202;879,9335682037841;681,3660610663345;0,8176699860922861;0,7512037660161578;543,7714074145049;4448,006223188836;665,0175936967255;0,4553372118375921
44,833333333333336;901,7855655373206;880,385833217165;682,17470976111;0,8176699860922861;0,7512037660161578;539,350413893402;4416,011579976767;664,6506618012206;0,45226501338089453
44,916666666666664;902,0630315356085;880,8350652720367;682,9794329452092;0,8176699860922861;0,7512037660161578;534,9933080038909;4384,454653557821;664,2884199005318;0,4492320548717235
45,0;902,339984657452;881,2813032079595;683,7801924524118;0,8176699860922861;0,7512037660161578;530,6991565892957;4353,329882997866;663,9307720969485;0,4462379359228315
45,083333333333336;902,6164267953856;881,7245854620422;684,576949408441;0,8176699860922861;0,7512037660161578;526,4670362373124;4322,631738775663;663,5776248915054;0,4432822540827363
45,166666666666664;902,8923598314881;882,1649500671847;685,3696642157299;0,8176699860922861;0,7512037660161578;522,2960333335834;4292,354724151318;663,2288871146884;0,4403646051424423
45,25;903,1677856374588;882,6024346506142;686,1582965381666;0,8176699860922861;0,7512037660161578;518,1852441075847;4262,493376462771;662,884469859448;0,43748458342950264
45,333333333333336;903,4427060746945;883,0370764327041;686,9428052858462;0,8176699860922861;0,7512037660161578;514,1337746711145;4233,042268352908;662,5442864164306;0,434641782089844
45,416666666666664;903,7171229943639;883,4689122260619;687,723148599866;0,8176699860922861;0,7512037660161578;510,1407410497586;4203,996008929666;662,2082522113456;0,4318357933577698
45,5;903,9910382374837;883,8979784348763;688,4992838372007;0,8176699860922861;0,7512037660161578;506,2052692075497;4175,349244860189;661,876284744386;0,4290662088144063
45,583333333333336;904,2644536349918;884,3243110545114;689,2711675556995;0,8176699860922861;0,7512037660161578;502,326495065185;4147,096661402818;661,5483035316262;0,42633261963512664
45,666666666666664;904,5373710078206;884,7479456713376;690,0387554992514;0,8176699860922861;0,7512037660161578;498,50356451200923;4119,232983376815;661,2242300483219;0,42363461682610226
45,75;904,8097921669709;885,168917462788;690,802002583166;0,8176699860922861;0,7512037660161578;494,73563341207694;4091,7529760734446;660,9039876740421;0,42097179145048613
45,833333333333336;905,0817189135823;885,5872611976325;691,5608628798285;0,8176699860922861;0,7512037660161578;491,02186760457016;4064,6514461092806;660,5875016395652;0,4183437348444659
45,916666666666664;905,3531530390062;886,0030112364561;692,3152896046838;0,8176699860922861;0,7512037660161578;487,36144289874517;4037,9232422242067;660,2746989754736;0,41575003882356326
46,0;905,6240963248757;886,4162015323355;693,0652351026171;0,8176699860922861;0,7512037660161578;483,75354506375174;4011,5632560252857;659,9655084623853;0,4131902958794443
46,083333333333336;905,8945505431767;886,8268656317032;693,8106508348001;0,8176699860922861;0,7512037660161578;480,19736981350434;3985,566422679569;659,6598605827618;0,41066409936766335
46,166666666666664;906,1645174563157;887,2350366753897;694,5514873660798;0,8176699860922861;0,7512037660161578;476,692122786838;3959,927721555274;659,3576874742355;0,4081710436864307
46,25;906,4339988171909;887,6407473998366;695,2876943529905;0,8176699860922861;0,7512037660161578;473,23701952315105;3934,6421768156483;659,0589228844021;0,4057107244469319
46,333333333333336;906,7029963692585;888,044030138472;696,0192205324804;0,8176699860922861;0,7512037660161578;469,8312854338553;3909,704857965468;658,7635021270244;0,4032827386353385
46,416666666666664;906,9715118466016;888,4449168232387;696,7460137114471;0,8176699860922861;0,7512037660161578;466,47415576966296;3885,1108803521875;658,4713620395975;0,40088668476680694
46,5;907,2395469739973;888,8434389862705;697,4680207571862;0,8176699860922861;0,7512037660161578;463,1648755840729;3860,8554056235894;658,1824409422267;0,39852216303177307
46,583333333333336;907,5071034669822;889,2396277617053;698,1851875888653;0,8176699860922861;0,7512037660161578;459,90269969317126;3836,9336421432386;657,8966785977719;0,39618877543477615
46,666666666666664;907,7741830319194;889,6335138876314;698,8974591701418;0,8176699860922861;0,7512037660161578;456,6868926319245;3813,340845365352;657,6140161732137;0,3938861259260756
46,75;908,040787366063;890,0251277081576;699,6047795030538;0,8176699860922861;0,7512037660161578;453,516728607201;3790,0723181701082;657,3343962021976;0,39161382052627286
46,833333333333336;908,3069181576233;890,4144991756019;700,3070916233216;0,8176699860922861;0,7512037660161578;450,3914914476354;3767,1234111620356;657,0577625487163;0,38937146744428486
46,916666666666664;908,5725770858303;890,8016578527906;701,0043375972064;0,8176699860922861;0,7512037660161578;447,31047455053385;3744,4895229310346;656,7840603718894;0,38715867718873564
47,0;908,8377658209986;891,1866329154637;701,696458520083;0,8176699860922861;0,7512037660161578;444,2729808259912;3722,166100279212;656,5132360918044;0,3849750626731629
47,083333333333336;909,1024860245885;891,5694531547789;702,3833945168946;0,8176699860922861;0,7512037660161578;441,2783226383709;3700,148638413495;656,2452373563796;0,3828202393151346
47,166666666666664;909,3667393492703;891,9501469799085;703,0650847446651;0,8176699860922861;0,7512037660161578;438,3258217452408;3678,432681106398;655,9800130092157;0,3806938251295855
47,25;909,6305274389849;892,328742420725;703,7414673972596;0,8176699860922861;0,7512037660161578;435,41480923404663;3657,01382082501;655,7175130584036;0,37859544081648316
47,333333333333336;909,8938519290061;892,7052671305681;704,4124797125907;0,8176699860922861;0,7512037660161578;432,544625456498;3635,8876988305888;655,457688646253;0,37652470984312186
47,416666666666664;910,1567144460005;893,0797483890893;705,0780579824823;0,8176699860922861;0,7512037660161578;429,71461996095;3615,0500052492716;655,2004920199125;0,3744812585211877
47,5;910,4191166080886;893,4522131051681;705,7381375654126;0,8176699860922861;0,7512037660161578;426,92415142277866;3594,4964791149987;654,9458765028511;0,3724647160787727
47,583333333333336;910,6810600249044;893,8226878198957;706,3926529023692;0,8176699860922861;0,7512037660161578;424,17258757301397;3574,2229083862157;654,6937964671722;0,370474714727572
47,666666666666664;910,9425462976537;894,1911987096211;707,041537536062;0,8176699860922861;0,7512037660161578;421,4593051252166;3554,2251299373233;654,4442073067322;0,3685108897254247
47,75;911,2035770191749;894,5577715890554;707,6847241337493;0,8176699860922861;0,7512037660161578;418,7836897008168;3534,4990295256375;654,1970654110369;0,3665728794343509
47,833333333333336;911,4641537739947;894,9224319144296;708,322144513944;0,8176699860922861;0,7512037660161578;416,145135752987;3515,04054173474;653,9523281398904;0,3646603253742394
47,916666666666664;911,7242781383877;895,285204786702;708,9537296772767;0,8176699860922861;0,7512037660161578;413,54304648912716;3495,8456498965597;653,7099537987721;0,36277287227246874
48,0;911,9839516804327;895,6461149548114;709,5794098418048;0,8176699860922861;0,7512037660161578;410,9768337921423;3476,9103859910338;653,4699016149166;0,36091016810943455
48,083333333333336;912,2431759600701;896,0051868189718;710,1991144830615;0,8176699860922861;0,7512037660161578;408,44591814053217;3458,2308305260144;653,2321317140756;0,3590718641602851
48,166666666666664;912,501952529157;896,3624444340047;710,8127723791503;0,8176699860922861;0,7512037660161578;405,9497285274574;3439,803112397831;652,9966050979381;0,3572576150329803
48,25;912,7602829315244;896,7179115127075;711,4203116611959;0,8176699860922861;0,7512037660161578;403,4877023788084;3421,62340873305;652,7632836221883;0,35546707870277433
48,333333333333336;913,0181687030312;897,0716114292508;712,0216598694693;0,8176699860922861;0,7512037660161578;401,05928547042424;3403,6879447125725;652,532129975181;0,3536999165432993
48,416666666666664;913,2756113716196;897,4235672226051;712,6167440155047;0,8176699860922861;0,7512037660161578;398,66393184451;3385,992993378896;652,3031076572146;0,35195579335437804
48,5;913,5326124573692;897,7738015999919;713,2054906505322;0,8176699860922861;0,7512037660161578;396,3011037253608;3368,534875427491;652,0761809603822;0,3502343773867166
48,583333333333336;913,7891734725513;898,1223369403555;713,7878259405468;0,8176699860922861;0,7512037660161578;393,9702714344321;3351,3099589825943;651,8513149489834;0,3485353403635526
48,666666666666664;914,0452959216818;898,469195297855;714,3636757483299;0,8176699860922861;0,7512037660161578;391,6709133048954;3334,3146593592264;651,6284754404782;0,3468583574994902
48,75;914,300981301574;898,8143984053714;714,9329657227345;0,8176699860922861;0,7512037660161578;389,40251559567116;3317,5454388104117;651,4076289869665;0,3452031075164674
48,833333333333336;914,5562311013921;899,1579676780286;715,4956213955339;0,8176699860922861;0,7512037660161578;387,1645724050637;3300,998806262089;651,1887428571779;0,34356927265714327
48,916666666666664;914,8110468027013;899,4999242167244;716,0515682861204;0,8176699860922861;0,7512037660161578;384,9565855840865;3284,6713170359185;650,9717850189525;0,3419565386957756
49,0;915,0654298795222;899,8402888116709;716,6007320143201;0,8176699860922861;0,7512037660161578;382,7780646494233;3268,559572559163;650,7567241222016;0,34036459494654586
49,083333333333336;915,319381798379;900,1790819459407;717,1430384215679;0,8176699860922861;0,7512037660161578;380,6285266962817;3252,6602200651955;650,5435294823318;0,33879313426972696
49,166666666666664;915,5729040183523;900,5164961405318;717,6784137006582;0,8176699860922861;0,7512037660161578;378,50749631095937;3236,9699522821143;650,0;0,33741419459117367
49,25;915,8259979911287;900,8522661442295;718,2067845342509;0,8176699860922861;0,7512037660161578;376,41019694551403;3221,4493351765145;650,0;0,33577000369772314
49,333333333333336;916,0786651610505;901,1864159074732;718,7280782422732;0,8176699860922861;0,7512037660161578;374,3432961724807;3206,1549544253153;650,0;0,33414976324376894
49,416666666666664;916,330906965165;901,5189689521038;719,2422229383097;0,8176699860922861;0,7512037660161578;372,30623133943084;3191,082780138116;650,0;0,33255304463055424
49,5;916,5827248332747;901,8499483787933;719,7491476950206;0,8176699860922861;0,7512037660161578;370,29845032652986;3176,2288515088335;650,0;0,3309794266895651
49,583333333333336;916,8341201879845;902,1793768743645;720,2487827185655;0,8176699860922861;0,7512037660161578;368,31941136203454;3161,589275807355;650,0;0,3294284955712083
49,666666666666664;917,0850944447504;902,5072767189989;720,7410595319428;0,8176699860922861;0,7512037660161578;366,36858284049936;3147,1602273788717;650,0;0,3278998446344575
49,75;917,3356490119282;902,8336697933365;721,2259111670792;0,8176699860922861;0,7512037660161578;364,4454431437879;3132,937946652093;650,0;0,3263930743375918
49,833333333333336;917,5857852908192;903,1585775854666;721,7032723654197;0,8176699860922861;0,7512037660161578;362,54948046479285;3118,918739156763;650,0;0,32490779213005344
49,916666666666664;917,835504675719;903,4820211978118;722,1730797866794;0,8176699860922861;0,7512037660161578;360,68019263381643;3105,0989745491165;650,0;0,32344361234529595
50,0;918,0848085539628;903,8040213539067;722,6352722253187;0,8176699860922861;0,7512037660161578;358,83708694767904;3091,4750856477026;650,0;0,3220001560948537
50,083333333333336;918,3336983059726;904,1245984050702;723,0897908342008;0,8176699860922861;0,7512037660161578;357,0196800014031;3078,0435674775053;650,0;0,3205770511634267
50,166666666666664;918,582175305302;904,4437723369753;723,5365793547803;0,8176699860922861;0,7512037660161578;355,22749752256004;3064,8009763236355;650,0;0,31917393190510673
50,25;918,8302409186828;904,7615627761161;723,9755843530535;0,8176699860922861;0,7512037660161578;353,4600742081693;3051,743928794993;650,0;0,3177904391407724
50,333333333333336;919,0778965060695;905,0779889961726;724,4067554603837;0,8176699860922861;0,7512037660161578;351,71695356416706;3038,869100896658;650,0;0,31642622005653853
50,416666666666664;919,3251434206841;905,393069924276;724,8300456181909;0,8176699860922861;0,7512037660161578;349,9976877474211;3026,1732271128944;650,0;0,31508092810343347
50,5;919,5719830090607;905,7068241471741;725,2454113253698;0,8176699860922861;0,7512037660161578;348,30183741020164;3013,653099498685;650,0;0,31375422289810195
50,583333333333336;919,8184166110889;906,0192699172989;725,6528128871769;0,8176699860922861;0,7512037660161578;346,6289715471646;3001,3055667824333;650,0;0,3124457701247845
50,666666666666664;920,0644455600583;906,3304251587372;726,0522146642043;0,8176699860922861;0,7512037660161578;344,97866734475053;2989,127533477045;650,0;0,31115524143830475
50,75;920,3100711827009;906,6403074731055;726,4435853199406;0,8176699860922861;0,7512037660161578;343,35051003302794;2977,1159590025773;650,0;0,30988231436836333
50,833333333333336;920,5552947992348;906,9489341453303;726,826898065307;0,8176699860922861;0,7512037660161578;341,7440927398843;2965,267856816881;650,0;0,30862667222479784
50,916666666666664;920,8001177234066;907,2563221493346;727,202130898455;0,8176699860922861;0,7512037660161578;340,1590163476129;2953,580293558075;650,0;0,3073880040041705
51,0;921,0445412625329;907,562488153632;727,5692668380206;0,8176699860922861;0,7512037660161578;338,59488935180195;2942,0503881957907;650,0;0,30616600429738855
51,083333333333336;921,2885667175432;907,8674485268305;727,928294147954;0,8176699860922861;0,7512037660161578;337,05132772252284;2930,6753111927756;650,0;0,30496037319850655
51,166666666666664;921,5321953830206;908,1712193430452;728,279206551987;0,8176699860922861;0,7512037660161578;335,52795476781796;2919,452283676777;650,0;0,3037708162147028
51,25;921,7754285472439;908,4738163872225;728,6220034357546;0,8176699860922861;0,7512037660161578;334,0244009993853;2908,3785766218275;650,0;0,3025970441773372
51,333333333333336;922,0182674922276;908,7752551603768;728,9566900345783;0,8176699860922861;0,7512037660161578;332,5403040005341;2897,4515100405674;650,0;0,3014387731542522
51,416666666666664;922,2607134937632;909,0755508847399;729,2832776049195;0,8176699860922861;0,7512037660161578;331,0753082962691;2886,6684521856128;650,0;0,30029572436311625
51,5;922,5027678214584;909,3747185088258;729,6017835775476;0,8176699860922861;0,7512037660161578;329,6290652255834;2876,0268187612533;650,0;0,299167624085937
51,583333333333336;922,7444317387783;909,6727727124105;729,9122316905305;0,8176699860922861;0,7512037660161578;328,2012328158146;2865,524072145406;650,0;0,2980542035847246
51,666666666666664;922,9857065030839;909,9697279114288;730,2146521002429;0,8176699860922861;0,7512037660161578;326,79147565919493;2855,157720621329;650,0;0,2969551990182705
51,75;923,2265933656719;910,2655982627888;730,5090814687134;0,8176699860922861;0,7512037660161578;325,3994647913771;2844,925317619169;650,0;0,29587035136002854
51,833333333333336;923,4670935718136;910,5603976691059;730,7955630257754;0,8176699860922861;0,7512037660161578;324,02487757207723;2834,824460967691;650,0;0,2947994063171431
51,916666666666664;923,7072083607932;910,8541397833565;731,0741466046748;0,8176699860922861;0,7512037660161578;322,6673975676931;2824,852792155658;650,0;0,2937421142505635
52,0;923,9469389659464;911,1468380134527;731,344888649984;0,8176699860922861;0,7512037660161578;321,3267144359179;2815,0079956030863;650,0;0,292698230096265
52,083333333333336;924,1862866146982;911,4385055267403;731,6078521969151;0,8176699860922861;0,7512037660161578;320,00252381234304;2805,287797942523;650,0;0,29166751328759155
52,166666666666664;924,4252525286012;911,729155254419;731,8631068213708;0,8176699860922861;0,7512037660161578;318,69452719894866;2795,6899673095977;650,0;0,2906497276786399
52,25;924,6638379233718;912,0187998958878;732,1107285603509;0,8176699860922861;0,7512037660161578;317,40243185455483;2786,2123126440824;650,0;0,28964464146880725
52,333333333333336;924,902044008929;912,3074519230161;732,35079980262;0,8176699860922861;0,7512037660161578;316,1259506871005;2776,8526829993484;650,0;0,2886520271282937
52,416666666666664;925,1398719894296;912,5951235843409;732,5834091498397;0,8176699860922861;0,7512037660161578;314,86480214782375;2767,6089668627756;650,0;0,2876716613248034
52,5;925,3773230633055;912,8818269091921;732,8086512486738;0,8176699860922861;0,7512037660161578;313,6187101272185;2758,4790914846685;650,0;0,28670332485120614
52,583333333333336;925,6143984233;913,1675737117464;733,0266265946806;0,8176699860922861;0,7512037660161578;312,38740385283563;2749,461022217233;650,0;0,28574680255430984
52,666666666666664;925,8510992565037;913,4523755950111;733,2374413091006;0,8176699860922861;0,7512037660161578;311,1706177888408;2740,5527618625797;650,0;0,28480188326463873
52,75;926,0874267443896;913,7362439547384;733,4412068899403;0,8176699860922861;0,7512037660161578;309,96809153731704;2731,752350030224;650,0;0,28386835972726165
52,833333333333336;926,3233820628493;914,019189983272;733,6380399390173;0,8176699860922861;0,7512037660161578;308,77956974128153;2723,057862503834;650,0;0,2829460285336427
52,916666666666664;926,5589663822276;914,3012246733265;733,8280618668877;0,8176699860922861;0,7512037660161578;307,604801989433;2714,467410617236;650,0;0,28203469005451753
53,0;926,7941808673575;914,5823588217003;734,0113985777913;0,8176699860922861;0,7512037660161578;306,4435427225277;2705,979140639277;650,0;0,28113414837374806
53,083333333333336;927,0290266775947;914,8626030329235;734,1881801369503;0,8176699860922861;0,7512037660161578;305,29555114142966;2697,5912331681275;650,0;0,2802442112232152
53,166666666666664;927,263504966852;915,1419677228422;734,3585404227093;0,8176699860922861;0,7512037660161578;304,16059111678067;2689,3019025341687;650,0;0,27936468991866253
53,25;927,4976168836333;915,4204631221387;734,5226167661309;0,8176699860922861;0,7512037660161578;303,038431100245;2681,1093962117047;650,0;0,2784953992965119
53,333333333333336;927,7313635710668;915,6980992797904;734,6805495807455;0,8176699860922861;0,7512037660161578;301,9288440373657;2673,0119942401366;650,0;0,2776361576517115
53,416666666666664;927,9647461669396;915,9748860664669;734,8324819851989;0,8176699860922861;0,7512037660161578;300,8316072819099;2665,0080086529333;650,0;0,2767867866764511
53,5;928,1977658037299;916,2508331778668;734,9785594215514;0,8176699860922861;0,7512037660161578;299,7465025118174;2657,095782916104;650,0;0,2759471113999133
53,583333333333336;928,4304236086405;916,5259501379957;735,1189292719498;0,8176699860922861;0,7512037660161578;298,6733156465789;2649,2736913743843;650,0;0,27511696012887826
53,666666666666664;928,6627207036314;916,800246302385;735,2622513578619;0,8176699860922861;0,7512037660161578;297,61183676612006;2641,540138706588;650,0;0,27429616438932436
53,75;928,8946582054524;917,0737308612538;735,4101192292695;0,8176699860922861;0,7512037660161578;296,5618600311615;2633,893559388982;650,0;0,2734845588689151
53,833333333333336;929,1262372256748;917,3464128426142;735,5626422005107;0,8176699860922861;0,7512037660161578;295,52318360496486;2626,3324171671698;650,0;0,2726819813604101
53,916666666666664;929,357458870724;917,6183011153202;735,7199299214778;0,8176699860922861;0,7512037660161578;294,495609576515;2618,855204535722;650,0;0,2718882727059319
54,0;929,5883242419111;917,8894043920623;735,8820922287581;0,8176699860922861;0,7512037660161578;293,478943885097;2611,460442226396;650,0;0,2711032767421659
54,083333333333336;929,8188344354637;918,1597312323087;736,0492389902547;0,8176699860922861;0,7512037660161578;292,4729962462209;2604,146678704527;650,0;0,2703268402464476
54,166666666666664;930,0489905425582;918,4292900451923;736,2214799436056;0,8176699860922861;0,7512037660161578;291,47758007887603;2596,9124896725803;650,0;0,26955881288364303
54,25;930,27879364935;918,6980890923462;736,3989245287661;0,8176699860922861;0,7512037660161578;290,49251243414744;2589,7564775822507;650,0;0,2687990471539533
54,333333333333336;930,5082448370043;918,9661364906877;736,5816817151756;0,8176699860922861;0,7512037660161578;289,51761392509354;2582,6772711541926;650,0;0,2680473983415493
54,416666666666664;930,7373451817272;919,2334402151517;736,7698598239772;0,8176699860922861;0,7512037660161578;288,55270865791454;2575,67352490503;650,0;0,26730372446400635
54,5;930,9660957547956;919,5000081013744;736,9635663458124;0,8176699860922861;0,7512037660161578;287,5976241643855;2568,743918682623;650,0;0,26656788622262745
54,583333333333336;931,1944976225868;919,7658478483279;737,1629077547586;0,8176699860922861;0,7512037660161578;286,6521913355285;2561,887157208206;650,0;0,26583974695352275
54,666666666666664;931,4225518466094;920,0309670209074;737,367989319025;0,8176699860922861;0,7512037660161578;285,7162443564732;2555,1019696262815;650,0;0,26511917257952494
54,75;931,6502594835318;920,2953730524703;737,578914909067;0,8176699860922861;0,7512037660161578;284,7896206425503;2548,387109061289;650,0;0,264406031562851
54,833333333333336;931,8776215852125;920,5590732473289;737,7957868038176;0,8176699860922861;0,7512037660161578;283,8721607765393;2541,741352182626;650,0;0,2637001948586515
54,916666666666664;932,1046391987283;920,8220747831981;738,0187054957731;0,8176699860922861;0,7512037660161578;282,9637084470903;2535,1634987754055;650,0;0,26300153586920466
55,0;932,3313133664043;921,084384713597;738,2477694956997;0,8176699860922861;0,7512037660161578;282,06411038825365;2528,6523713192564;650,0;0,262309930398965
55,083333333333336;932,5576451258416;921,3460099702073;738,4830751377565;0,8176699860922861;0,7512037660161578;281,17321632018104;2522,2068145735807;650,0;0,2616252566103228
55,166666666666664;932,7836355099467;921,6069573651874;738,7247163858523;0,8176699860922861;0,7512037660161578;280,29087889085815;2515,8256951699736;650,0;0,26094739498012937
55,25;933,009285546959;921,8672335934443;738,9727846420661;0,8176699860922861;0,7512037660161578;279,4169536189827;2509,5079012108904;650,0;0,26027622825691166
55,333333333333336;933,2345962604793;922,1268452348633;739,2273685579739;0,8176699860922861;0,7512037660161578;278,5512988378656;2503,252341875734;650,0;0,25961164141887494
55,416666666666664;933,4595686694978;922,3857987564958;739,4885538497242;0,8176699860922861;0,7512037660161578;277,693775640401;2497,0579470330063;650,0;0,25895352163257107
55,5;933,6842037884214;922,644100514708;739,756423117703;0,8176699860922861;0,7512037660161578;276,8442478250506;2490,9236668590356;650,0;0,2583017582122756
55,583333333333336;933,908502627101;922,9017567572881;740,0310556716144;0,8176699860922861;0,7512037660161578;276,0025818428346;2484,848471463051;650,0;0,2576562425800504
55,666666666666664;934,1324661908595;923,1587736255146;740,3125273617887;0,8176699860922861;0,7512037660161578;275,1686467453226;2478,8313505190795;650,0;0,2570168682265371
55,75;934,3560954805181;923,415157156187;740,6009104175017;0,8176699860922861;0,7512037660161578;274,34231413362227;2472,871312903206;650,0;0,25638353067234343
55,833333333333336;934,5793914924233;923,6709132836172;740,8962732930576;0,8176699860922861;0,7512037660161578;273,52345810827785;2466,967386338063;650,0;0,2557561274301897
55,916666666666664;934,8023552184736;923,9260478415848;741,1986805223507;0,8176699860922861;0,7512037660161578;272,7119552201515;2461,118617042156;650,0;0,25513455796759826
56,0;935,0249876461465;924,1805665652552;741,5081925825755;0,8176699860922861;0,7512037660161578;271,9076844222201;2455,3240693863595;650,0;0,25451872367033707
56,083333333333336;935,2472897585234;924,4344750930616;741,824865767702;0,8176699860922861;0,7512037660161578;271,1105270222845;2449,5828255553884;650,0;0,25390852780641354
56,166666666666664;935,4692625343171;924,6877789685523;742,148752072283;0,8176699860922861;0,7512037660161578;270,3203666365454;2443,89398521568;650,0;0,2533038754907468
56,25;935,6909069478963;924,9404836422027;742,4798990860918;0,8176699860922861;0,7512037660161578;269,53708914412005;2438,2566651886036;650,0;0,2527046736504256
56,333333333333336;935,9122239693129;925,1925944731933;742,8183499000318;0,8176699860922861;0,7512037660161578;268,76058264234075;2432,6699991296837;650,0;0,2521108309905998
56,416666666666664;936,1332145643257;925,4441167311542;743,1641430236849;0,8176699860922861;0,7512037660161578;267,99073740299093;2427,1331372130658;650,0;0,2515222579609488
56,5;936,353879694427;925,6950555978768;743,5173123148002;0,8176699860922861;0,7512037660161578;267,22744582928897;2421,645245821269;650,0;0,2509388667227137
56,583333333333336;936,5742203168669;925,9454161689932;743,8778869209472;0,8176699860922861;0,7512037660161578;266,470602413753;2416,205507241314;650,0;0,25036057111640575
56,666666666666664;936,7942373846788;926,1952034556232;744,2458912334889;0,8176699860922861;0,7512037660161578;265,72010369684165;2410,8131193649533;650,0;0,2497872866299708
56,75;937,0139318467038;926,4444223859907;744,621344853952;0,8176699860922861;0,7512037660161578;264,97584822639055;2405,467295394891;650,0;0,24921893036758655
56,833333333333336;937,2333046476151;926,6930778070097;745,0042625728004;0,8176699860922861;0,7512037660161578;264,23773651782767;2400,167263555904;650,0;0,24865542101898988
56,916666666666664;937,452356727943;926,941174485839;745,3946543605451;0,8176699860922861;0,7512037660161578;263,50567101513604;2394,912266811105;650,0;0,24809667882935452
57,0;937,6710890240984;927,1887171114088;745,7925253710542;0,8176699860922861;0,7512037660161578;262,7795560525982;2389,7015625832473;650,0;0,247542625569711
57,083333333333336;937,889502468397;927,4357102959167;746,1978759568569;0,8176699860922861;0,7512037660161578;262,05929781723967;2384,534422480935;650,0;0,2469931845078906
57,166666666666664;938,1075979890835;927,6821585762966;746,6107016961745;0,8176699860922861;0,7512037660161578;261,3448043120087;2379,410132029455;650,0;0,24644828037996908
57,25;938,325376510355;927,9280664156589;747,0309934313469;0,8176699860922861;0,7512037660161578;260,63598531967216;2374,327990406902;650,0;0,24590783936227095
57,333333333333336;938,5428389523846;928,1734382047027;747,458737318271;0,8176699860922861;0,7512037660161578;259,93275236740203;2369,287310184487;650,0;0,24537178904382898
57,416666666666664;938,7599862313443;928,4182782631021;747,8939148864112;0,8176699860922861;0,7512037660161578;259,235018692047;2364,2874170717923;650,0;0,244840058399369
57,5;938,9768192594286;928,6625908408649;748,3365031089008;0,8176699860922861;0,7512037660161578;258,54269920605475;2359,327649666317;650,0;0,24431257776275606
57,583333333333336;939,1933389448776;928,9063801196659;748,7864744822086;0,8176699860922861;0,7512037660161578;257,85571046409075;2354,4073592078516;650,0;0,24378927880095583
57,666666666666664;939,4095461919998;929,1496502141543;749,2437971148092;0,8176699860922861;0,7512037660161578;257,1739706302935;2349,5259093371615;650,0;0,2432700944884585
57,75;939,6254419011939;929,3924051732365;749,7084348242689;0,8176699860922861;0,7512037660161578;256,49739944613543;2344,6826758585917;650,0;0,24275495908212377
57,833333333333336;939,8410269689725;929,634648981333;750,1803472421318;0,8176699860922861;0,7512037660161578;255,82591819893423;2339,87704650758;650,0;0,24224380809654597
57,916666666666664;940,0563022879838;929,8763855596129;750,6594899259723;0,8176699860922861;0,7512037660161578;255,15944969098712;2335,1084207220806;650,0;0,24173657827984113
58,0;940,2712687470341;930,1176187672028;751,1458144779685;0,8176699860922861;0,7512037660161578;254,49791820927317;2330,3762094179124;650,0;0,24123320758985423
58,083333333333336;940,4859272311093;930,3583524023736;751,6392686693429;0,8176699860922861;0,7512037660161578;253,84124949578393;2325,679834768827;650,0;0,2407336351708649
58,166666666666664;940,7002786213969;930,5985902037042;752,1397965700111;0,8176699860922861;0,7512037660161578;253,18937071839116;2321,0187299897966;650,0;0,24023780133064443
58,25;940,9143237953087;930,8383358512222;752,6473386827876;0,8176699860922861;0,7512037660161578;252,54221044231713;2316,3923391245344;650,0;0,23974564751796282
58,333333333333336;941,1280636265006;931,0775929675227;753,1618320814974;0,8176699860922861;0,7512037660161578;251,8996986021648;2311,8001168375167;650,0;0,2392571163005699
58,416666666666664;941,3414989848956;931,3163651188662;753,6832105523578;0,8176699860922861;0,7512037660161578;251,26176647444822;2307,2415282085813;650,0;0,23877215134346186
58,5;941,5546307367038;931,5546558162539;754,2114047380073;0,8176699860922861;0,7512037660161578;250,6283466507341;2302,716048532502;650,0;0,23829069738767042
58,583333333333336;941,7674597444444;931,7924685164833;754,7463422835789;0,8176699860922861;0,7512037660161578;249,99937301124646;2298,223163121398;650,0;0,2378127002293595
58,666666666666664;941,9799868669664;932,0298066231826;755,2879479842312;0,8176699860922861;0,7512037660161578;249,37478069902852;2293,7623671112915;650,0;0,23733810669936026
58,75;942,1922129594692;932,2666734878256;755,8361439335825;0,8176699860922861;0,7512037660161578;248,7545060945962;2289,3331652717807;650,0;0,23686686464304396
58,833333333333336;942,4041388735232;932,5030724107263;756,3908496725112;0,8176699860922861;0,7512037660161578;248,138486791089;2284,9350718198634;650,0;0,2363989229006278
58,916666666666664;942,6157654570903;932,739006642014;756,9519823378183;0,8176699860922861;0,7512037660161578;247,5266615699212;2280,56761023634;650,0;0,23593423128776841
59,0;942,827093554545;932,9744793825906;757,5194568102773;0,8176699860922861;0,7512037660161578;246,9189703769075;2276,2303130863543;650,0;0,23547274057658582
59,083333333333336;943,0381240066936;933,2094937850677;758,0931858616245;0,8176699860922861;0,7512037660161578;246,31535429885787;2271,922721843061;650,0;0,23501440247702282
59,166666666666664;943,2488576507945;933,4440529546863;758,6730803000765;0,8176699860922861;0,7512037660161578;245,7157555406468;2267,644386714486;650,0;0,2345591696185467
59,25;943,4592953205789;933,6781599502184;759,2590491139936;0,8176699860922861;0,7512037660161578;245,12011740270623;2263,394866473109;650,0;0,23410699553214487
59,333333333333336;943,6694378462696;933,9118177848512;759,8509996133367;0,8176699860922861;0,7512037660161578;244,5283842590129;2259,1737282901495;650,0;0,23365783463280487
59,416666666666664;943,8792860546012;934,1450294270534;760,4488375686026;0,8176699860922861;0,7512037660161578;243,94050153545948;2254,9805475709595;650,0;0,23321164220213422
59,5;944,0888407688393;934,3777978014249;761,0524673469463;0,8176699860922861;0,7512037660161578;243,35641568869448;2250,814907795098;650,0;0,2327683743714605
59,583333333333336;944,2981028088002;934,61012578953;761,6617920452383;0,8176699860922861;0,7512037660161578;242,77607418536036;2246,676400358493;650,0;0,23232798810516347
59,666666666666664;944,5070729908703;934,8420162307143;762,2767136198285;0,8176699860922861;0,7512037660161578;242,19942548175482;2242,564624418872;650,0;0,23189044118435187
59,75;944,7157521280243;935,0734719229051;762,8971330128202;0,8176699860922861;0,7512037660161578;241,62641900389872;2238,4791867441204;650,0;0,23145569219085124
59,833333333333336;944,9241410298451;935,3044956233966;763,5229502746857;0,8176699860922861;0,7512037660161578;241,0570051279791;2234,419701563607;650,0;0,23102370049150375
59,916666666666664;945,1322405025427;935,5350900496194;764,1540646830806;0,8176699860922861;0,7512037660161578;240,4911351612128;2230,3857904216925;650,0;0,2305944262227111
60,0;945,340051348972;935,7652578798948;764,7903748577406;0,8176699860922861;0,7512037660161578;239,92876132308254;2226,3770820352042;650,0;0,23016783027538198
60,083333333333336;945,547574368652;935,9950017541747;765,4317788713689;0,8176699860922861;0,7512037660161578;239,36983672693088;2222,393212151976;650,0;0,22974387428001275
60,166666666666664;945,7548103577843;936,2243242747669;766,0781743564429;0,8176699860922861;0,7512037660161578;238,81431536193247;2218,4338234137285;650,0;0,22932252059220837
60,25;945,9617601092717;936,4532280070453;766,7294586078926;0,8176699860922861;0,7512037660161578;238,26215207543555;2214,4985652201594;650,0;0,22890373227835045
60,333333333333336;946,1684244127354;936,6817154801469;767,3855286816226;0,8176699860922861;0,7512037660161578;237,7133025556617;2210,587093596764;650,0;0,22848747310164727
60,416666666666664;946,3748040545339;936,9097891876552;768,0462814888649;0,8176699860922861;0,7512037660161578;237,16772331471248;2206,699071064306;650,0;0,22807370750836592
60,5;946,580899817781;937,1374515882695;768,7116138863711;0,8176699860922861;0,7512037660161578;236,6253716719683;2202,83416651111;650,0;0,22766240061436535
60,583333333333336;946,786712482363;937,3647051064614;769,3814227624642;0,8176699860922861;0,7512037660161578;236,0862057377858;2198,992055067784;650,0;0,22725351819188253
60,666666666666664;946,9922428249573;937,5915521331181;770,0556051189863;0,8176699860922861;0,7512037660161578;235,55018439753894;2195,1724179845405;650,0;0,22684702665659498
60,75;947,197491619049;937,817995026173;770,7340581491891;0,8176699860922861;0,7512037660161578;235,01726729598147;2191,3749425104497;650,0;0,22644289305489196
60,833333333333336;947,4024596349487;938,0440361112244;771,4166793116285;0,8176699860922861;0,7512037660161578;234,48741482189916;2187,599321775194;650,0;0,22604108505140738
60,916666666666664;947,6071476398107;938,2696776821412;772,1033664001307;0,8176699860922861;0,7512037660161578;233,96058809310887;2183,8452546731187;650,0;0,2256415709167987
61,0;947,811556397649;938,494922001657;772,7940176099087;0,8176699860922861;0,7512037660161578;233,43674894173887;2180,1124457494975;650,0;0,22524431951575893
61,083333333333336;948,015686669355;938,7197713019523;773,4885315999157;0,8176699860922861;0,7512037660161578;232,91585989980206;2176,4006050890684;650,0;0,22484930029526798
61,166666666666664;948,2195392127144;938,9442277852253;774,1868075515263;0,8176699860922861;0,7512037660161578;232,39788418506748;2172,7094482064585;650,0;0,22445648327304785
61,25;948,4231147824241;939,1682936242515;774,8887452236437;0,8176699860922861;0,7512037660161578;231,8827856872275;2169,03869593899;650,0;0,2240658390262679
61,333333333333336;948,6264141301092;939,391970962932;775,5942450043367;0,8176699860922861;0,7512037660161578;231,3705289543151;2165,3880743413038;650,0;0,22367733868044312
61,416666666666664;948,829438004339;939,6152619168305;776,3032079591102;0,8176699860922861;0,7512037660161578;230,86107917943082;2161,7573145823058;650,0;0,22329095389857784
61,5;949,0321871506444;939,838168573701;777,0155358759201;0,8176699860922861;0,7512037660161578;230,35440218771157;2158,146152843851;650,0;0,22290665687049413
61,583333333333336;949,2346623115334;940,0606929940034;777,7311313070436;0,8176699860922861;0,7512037660161578;229,85046442358623;2154,554330221534;650,0;0,222524420302384
61,666666666666664;949,4368642265083;940,28283721141;778,4498976079157;0,8176699860922861;0,7512037660161578;229,34923293825022;2150,981592627234;650,0;0,22214421740654525
61,75;949,6387936320813;940,5046032333013;779,171738973048;0,8176699860922861;0,7512037660161578;228,8506753774584;2147,427690693943;650,0;0,22176602189136055
61,833333333333336;949,8404512617907;940,7259930412528;779,8965604691423;0,8176699860922861;0,7512037660161578;228,3547599694998;2143,892379682069;650,0;0,22138980795143076
61,916666666666664;950,0418378462173;940,9470085915107;780,6242680655112;0,8176699860922861;0,7512037660161578;227,86145551344816;2140,375419387291;650,0;0,22101555025787908
62,0;950,2429541129995;941,1676518154596;781,3547686619207;0,8176699860922861;0,7512037660161578;227,37073136766526;2136,8765740511863;650,0;0,22064322394893734
62,083333333333336;950,4438007868503;941,3879246200802;782,0879701139661;0,8176699860922861;0,7512037660161578;226,88255743849766;2133,3956122724326;650,0;0,22027280462060428
62,166666666666664;950,6443785895713;941,6078288883978;782,8237812560893;0,8176699860922861;0,7512037660161578;226,3969041692519;2129,9323069208804;650,0;0,21990426831759707
62,25;950,8446882400694;941,8273664799221;783,5621119223492;0,8176699860922861;0,7512037660161578;225,91374252933747;2126,4864350520656;650,0;0,2195375915243604
62,333333333333336;951,0447304543728;942,0465392310786;784,302872965049;0,8176699860922861;0,7512037660161578;225,43304400368243;2123,057777824597;650,0;0,21917275115636864
62,416666666666664;951,2445059456447;942,2653489556301;785,045976271326;0,8176699860922861;0,7512037660161578;224,95478058235676;2119,6461204184398;650,0;0,21880972455153136
62,5;951,4440154241998;942,4837974450918;785,7913347778052;0,8176699860922861;0,7512037660161578;224,4789247503661;2116,2512519547654;650,0;0,21844848946176068
62,583333333333336;951,6432595975189;942,7018864691365;786,5388624834154;0,8176699860922861;0,7512037660161578;224,0054494777013;2112,872965418056;650,0;0,21808902404477332
62,666666666666664;951,8422391702644;942,9196177759925;787,2884744604647;0,8176699860922861;0,7512037660161578;223,53432820955845;2109,5110575785056;650,0;0,21773130685593559
62,75;952,0409548442949;943,1369930928329;788,0400868640684;0,8176699860922861;0,7512037660161578;223,06553485679785;2106,1653289174924;650,0;0,21737531684041814
62,833333333333336;952,2394073186803;943,3540141261583;788,7936169400193;0,8176699860922861;0,7512037660161578;222,5990437865505;2102,835583553417;650,0;0,2170210333253977
62,916666666666664;952,4375972897159;943,5706825621708;789,5489830311893;0,8176699860922861;0,7512037660161578;222,13482981304935;2099,521629169062;650,0;0,21666843601242256
63,0;952,6355254509382;943,7870000671408;790,3061045825444;0,8176699860922861;0,7512037660161578;221,67286818862806;2096,2232769412035;650,0;0,2163175049700036
63,083333333333336;952,8331924931385;944,002968287767;791,0649021448563;0,8176699860922861;0,7512037660161578;221,21313459493592;2092,940341470384;650,0;0,21596822062624013
63,166666666666664;953,0305991043778;944,2185888515287;791,825297377188;0,8176699860922861;0,7512037660161578;220,7556051342891;2089,6726407131796;650,0;0,2156205637616918
63,25;953,2277459700009;944,433863367031;792,587213048228;0,8176699860922861;0,7512037660161578;220,30025632122658;2086,41999591512;650,0;0,21527451550233045
63,333333333333336;953,4246337726512;944,6487934243437;793,3505730365462;0,8176699860922861;0,7512037660161578;219,8470650742479;2083,182231545539;650,0;0,21493005731268858
63,416666666666664;953,621263192284;944,8633805953327;794,1153023298392;0,8176699860922861;0,7512037660161578;219,39600870768743;2079,959175232725;650,0;0,21458717098904947
63,5;953,8176349061818;945,0776264339856;794,8813270232328;0,8176699860922861;0,7512037660161578;218,9470649237819;2076,7506577015497;650,0;0,21424583865288552
63,583333333333336;954,0137495889669;945,29153247673;795,6485743167023;0,8176699860922861;0,7512037660161578;218,50021180490273;2073,556512711405;650,0;0,21390604274434172
63,666666666666664;954,2096079126165;945,5051002427459;796,4169725116735;0,8176699860922861;0,7512037660161578;218,0554278059219;2070,376576995932;650,0;0,2135677660158982
63,75;954,4052105464759;945,7183312342721;797,1864510068601;0,8176699860922861;0,7512037660161578;217,61269174676556;2067,210690203724;650,0;0,2132309915261416
63,833333333333336;954,6005581572722;945,9312269369058;797,9569402933924;0,8176699860922861;0,7512037660161578;217,17198280509535;2064,0586948399787;650,0;0,21289570263363652
63,916666666666664;954,7956514091285;946,1437888198967;798,72837194929;0,8176699860922861;0,7512037660161578;216,7332805091604;2060,9204362099076;650,0;0,21256188299097714
64,0;954,9904909635766;946,3560183364356;799,5006786333274;0,8176699860922861;0,7512037660161578;216,29656473079422;2057,7957623626817;650,0;0,21222951653890257
64,08333333333333;955,1850774795711;946,5679169239361;800,2737940783398;0,8176699860922861;0,7512037660161578;215,8618156785252;2054,6845240369016;650,0;0,21189858750056476
64,16666666666667;955,3794116135026;946,7794860043119;801,0476530840134;0,8176699860922861;0,7512037660161578;215,4290138908749;2051,5865746067493;650,0;0,21156908037587777
64,25;955,573494019211;946,990726984248;801,8221915092024;0,8176699860922861;0,7512037660161578;214,99814022976693;2048,5017700298636;650,0;0,21124097993603785
64,33333333333333;955,7673253479982;947,201641255466;802,5973462638129;0,8176699860922861;0,7512037660161578;214,5691758740753;2045,429968795442;650,0;0,2109142712180786
64,41666666666667;955,9609062486426;947,4122301949856;803,3730553002915;0,8176699860922861;0,7512037660161578;214,14210231330344;2042,3710318738292;650,0;0,21058893951957564
64,5;956,1542373674101;947,6224951653791;804,149257604754;0,8176699860922861;0,7512037660161578;213,7169013414251;2039,3248226675173;650,0;0,21026497039349917
64,58333333333333;956,3473193480692;947,8324375150221;804,925893187788;0,8176699860922861;0,7512037660161578;213,29355505077672;2036,291206962177;650,0;0,20994234964307448
64,66666666666667;956,540152831902;948,0420585783389;805,7029030749619;0,8176699860922861;0,7512037660161578;212,87204582617676;2033,2700528792902;650,0;0,2096210633168117
64,75;956,7327384577179;948,2513596760425;806,4802292970691;0,8176699860922861;0,7512037660161578;212,4523563390767;2030,2612308298274;650,0;0,20930109770363772
64,83333333333333;956,9250768618668;948,4603421153706;807,2578148801364;0,8176699860922861;0,7512037660161578;212,03446954188507;2027,264613468497;650,0;0,20898243932809607
64,91666666666667;957,1171686782504;948,6690071903163;808,0356038352235;0,8176699860922861;0,7512037660161578;211,6183686624055;2024,280075648928;650,0;0,208665074945646
65,0;957,309014538336;948,8773561818543;808,8135411480367;0,8176699860922861;0,7512037660161578;211,20403719835394;2021,307494380329;650,0;0,2083489915381053
65,08333333333333;957,5006150711677;949,0853903581634;809,5915727683835;0,8176699860922861;0,7512037660161578;210,7914589120412;2018,346748784048;650,0;0,20803417630910048
65,16666666666667;957,69197090338;949,2931109748431;810,3696455994858;0,8176699860922861;0,7512037660161578;210,38061782510624;2015,397720051944;650,0;0,20772061667969013
65,25;957,8830826592095;949,5005192751271;811,1477074871766;0,8176699860922861;0,7512037660161578;209,97149821342305;2012,4602914049594;650,0;0,20740830028402346
65,33333333333333;958,0739509605072;949,7076164900922;811,9257072089958;0,8176699860922861;0,7512037660161578;209,56408460206148;2009,534348052664;650,0;0,20709721496509415
65,41666666666667;958,2645764267505;949,9144038388628;812,7035944632062;0,8176699860922861;0,7512037660161578;209,158361760376;2006,6197771541888;650,0;0,20678734877063668
65,5;958,4549596750552;950,1208825288118;813,4813198577432;0,8176699860922861;0,7512037660161578;208,75431469719388;2003,7164677790533;650,0;0,206478689949021
65,58333333333333;958,6451013201879;950,327053755757;814,2588348991177;0,8176699860922861;0,7512037660161578;208,35192865608576;2000,824310869146;650,0;0,2061712269452632
65,66666666666667;958,835001974578;950,5329187041541;815,0360919812831;0,8176699860922861;0,7512037660161578;207,95118911077282;1997,9431992018808;650,0;0,20586494839715858
65,75;959,0246622483286;950,7384785472856;815,8130443744828;0,8176699860922861;0,7512037660161578;207,55208176059625;1995,0730273536037;650,0;0,20555984313144343
65,83333333333333;959,2140827492292;950,9437344474456;816,5896462140895;0,8176699860922861;0,7512037660161578;207,15459252607502;1992,2136916635252;650,0;0,2052559001600149
65,91666666666667;959,4032640827672;951,148687556122;817,3658524894478;0,8176699860922861;0,7512037660161578;206,75870754458856;1989,3650901993153;650,0;0,2049531086763168
66,0;959,592206852139;951,3533390141737;818,1416190327321;0,8176699860922861;0,7512037660161578;206,3644131661306;1986,5271227226356;650,0;0,20465145805172685
66,08333333333333;959,7809116582624;951,5576899520057;818,9169025078291;0,8176699860922861;0,7512037660161578;205,97169594913396;1983,6996906550826;650,0;0,20435093783198863
66,16666666666667;959,969379099787;951,7617414897395;819,6916603992539;0,8176699860922861;0,7512037660161578;205,58054265641772;1980,88269704605;650,0;0,20405153773383428
66,25;960,1576097731069;951,965494737381;820,4658510011092;0,8176699860922861;0,7512037660161578;205,19094025118818;1978,0760465399721;650,0;0,20375324764155386
66,33333333333333;960,3456042723705;952,1689507949848;821,2394334060946;0,8176699860922861;0,7512037660161578;204,80287589314514;1975,2796453449769;650,0;0,203456057603707
66,41666666666667;960,533363189493;952,3721107528146;822,0123674945743;0,8176699860922861;0,7512037660161578;204,41633693464212;1972,4934012017623;650,0;0,20315995782985968
66,5;960,7208871141675;952,574975691502;822,7846139237084;0,8176699860922861;0,7512037660161578;204,03131091696025;1969,7172233532644;650,0;0,20286493868740574
66,58333333333333;960,9081766338749;952,7775466822005;823,5561341166554;0,8176699860922861;0,7512037660161578;203,64778556663623;1966,9510225155452;650,0;0,2025709906985074
66,66666666666667;961,0952323338964;952,9798247867375;824,3268902518499;0,8176699860922861;0,7512037660161578;203,2657487918584;1964,1947108477468;650,0;0,20227810453695483
66,75;961,2820547973238;953,1818110577627;825,0968452523626;0,8176699860922861;0,7512037660161578;202,8851886789738;1961,4482019243262;650,0;0,20198627102524902
66,83333333333333;961,4686446050704;953,3835065388944;825,8659627753451;0,8176699860922861;0,7512037660161578;202,50609348902628;1958,7114107070208;650,0;0,20169548113166252
66,91666666666667;961,6550023358817;953,5849122648617;826,6342072015643;0,8176699860922861;0,7512037660161578;202,1284516544;1955,9842535170535;650,0;0,20140572596733192
67,0;961,8411285663466;953,7860292616452;827,4015436250313;0,8176699860922861;0,7512037660161578;201,75225177549976;1953,266648009062;650,0;0,20111699678351522
67,08333333333333;962,0270238709081;953,986858546614;828,1679378427266;0,8176699860922861;0,7512037660161578;201,3774826175336;1950,5585131440962;650,0;0,20082928496877156
67,16666666666667;962,2126888218734;954,1874011286603;828,9333563444249;0,8176699860922861;0,7512037660161578;201,00413310735235;1947,8597691646742;650,0;0,20054258204633824
67,25;962,3981239894249;954,3876580083318;829,6977663026228;0,8176699860922861;0,7512037660161578;200,63219233032612;1945,1703375687753;650,0;0,20025687967141234
67,33333333333333;962,5833299416305;954,5876301779604;830,4611355625715;0,8176699860922861;0,7512037660161578;200,2616495273287;1942,490141086087;650,0;0,1999721696286522
67,41666666666667;962,7683072444541;954,78731862179;831,2234326324154;0,8176699860922861;0,7512037660161578;199,8924940917533;1939,8191036529329;650,0;0,19968844382955936
67,5;962,9530564617664;954,9867243161;831,9846266734404;0,8176699860922861;0,7512037660161578;199,52471556660498;1937,157150389231;650,0;0,19940569431005672
67,58333333333333;963,1375781553545;955,185848229328;832,7446874904311;0,8176699860922861;0,7512037660161578;199,1583036416614;1934,5042075750869;650,0;0,1991239132280393
67,66666666666667;963,3218728849329;955,384691322189;833,5035855221405;0,8176699860922861;0,7512037660161578;198,79324815066184;1931,860202628037;650,0;0,19884309286098775
67,75;963,5059412081523;955,5832545477926;834,2612918318708;0,8176699860922861;0,7512037660161578;198,42953906859577;1929,2250640810375;650,0;0,1985632256036614
67,83333333333333;963,6897836806115;955,7815388517585;835,0177780981684;0,8176699860922861;0,7512037660161578;198,06716650899148;1926,5987215601813;650,0;0,19828430396576588
67,91666666666667;963,8734008558671;955,9795451723282;835,7730166056315;0,8176699860922861;0,7512037660161578;197,70612072132678;1923,981105763764;650,0;0,1980063205697572
68,0;964,0567932854417;956,1772744404769;836,526980235833;0,8176699860922861;0,7512037660161578;197,34639208847113;1921,3721484416042;650,0;0,1977292681486736
68,08333333333333;964,2399615188361;956,3747275800208;837,2796424583572;0,8176699860922861;0,7512037660161578;196,9879711241191;1918,7717823736957;650,0;0,19745313954390376
68,16666666666667;964,4229061035387;956,571905507724;838,0309773219512;0,8176699860922861;0,7512037660161578;196,63084847038306;1916,1799413511758;650,0;0,1971779277031855
68,25;964,6056275850336;956,7688091334024;838,7809594457908;0,8176699860922861;0,7512037660161578;196,27501489536883;1913,5965601558496;650,0;0,1969036256784693
68,33333333333333;964,7881265068128;956,9654393600264;839,529564010861;0,8176699860922861;0,7512037660161578;195,9204612907797;1911,0215745414273;650,0;0,19663022662394314
68,41666666666667;964,970403410384;957,1617970838204;840,2767667514505;0,8176699860922861;0,7512037660161578;195,56717866965982;1908,454921214428;650,0;0,19635772379404
68,5;965,1524588352817;957,3578831943619;841,0225439467598;0,8176699860922861;0,7512037660161578;195,21515816409192;1905,896537815891;650,0;0,19608611054151628
68,58333333333333;965,3342933190754;957,5536985746775;841,766872412623;0,8176699860922861;0,7512037660161578;194,8643910229947;1903,346362903121;650,0;0,19581538031554235
68,66666666666667;965,5159073973803;957,7492441013374;842,5097294933418;0,8176699860922861;0,7512037660161578;194,51486860994862;1900,80433593216;650,0;0,19554552665986405
68,75;965,6973016038658;957,9445206445483;843,2510930536317;0,8176699860922861;0,7512037660161578;194,16658240107267;1898,2703972402444;650,0;0,19527654321096724
68,83333333333333;965,8784764702659;958,1395290682447;843,9909414706801;0,8176699860922861;0,7512037660161578;193,8195239829355;1895,7444880289747;650,0;0,19500842369631224
68,91666666666667;966,0594325263876;958,3342702301773;844,7292536263137;0,8176699860922861;0,7512037660161578;193,47368505053169;1893,226550347629;650,0;0,1947411619325877
69,0;966,2401703001209;958,5287449820012;845,4660088992764;0,8176699860922861;0,7512037660161578;193,1290574052582;1890,716527076475;650,0;0,19447475182396426
69,08333333333333;966,4206903174476;958,7229541693616;846,2011871576158;0,8176699860922861;0,7512037660161578;192,78563295299307;1888,2143619116678;650,0;0,19420918736050588
69,16666666666667;966,6009931024506;958,9168986319781;846,9347687511769;0,8176699860922861;0,7512037660161578;192,44340370214843;1885,7199993488637;650,0;0,19394446261645898
69,25;966,7810791773234;959,1105792037268;847,6667345042032;0,8176699860922861;0,7512037660161578;192,10236176181184;1883,233384667911;650,0;0,19368057174865008
69,33333333333333;966,9609490623782;959,3039967127218;848,3970657080428;0,8176699860922861;0,7512037660161578;191,762499339913;1880,754463918414;650,0;0,19341750899496762
69,41666666666667;967,1406032760566;959,4971519813945;849,1257441139592;0,8176699860922861;0,7512037660161578;191,42380874141054;1878,2831839045507;650,0;0,19315526867277583
69,5;967,3200423349365;959,6900458265719;849,8527519260456;0,8176699860922861;0,7512037660161578;191,0862823665525;1875,8194921708416;650,0;0,19289384517742408
69,58333333333333;967,4992667537425;959,8826790595526;850,5780717942414;0,8176699860922861;0,7512037660161578;190,74991270911426;1873,3633369878871;650,0;0,19263323298075183
69,66666666666667;967,6782770453547;960,0750524861824;851,3016868074492;0,8176699860922861;0,7512037660161578;190,41469235474722;1870,9146673388982;650,0;0,19237342662967688
69,75;967,857073720816;960,2671669069271;852,0235804867522;0,8176699860922861;0,7512037660161578;190,0806139793076;1868,4734329059552;650,0;0,19211442074475746
69,83333333333333;968,0356572893432;960,4590231169459;852,7437367787297;0,8176699860922861;0,7512037660161578;189,7476703472222;1866,039584056602;650,0;0,19185621001878853
69,91666666666667;968,214028258334;960,6506219061614;853,4621400488705;0,8176699860922861;0,7512037660161578;189,4158543099337;1863,6130718311836;650,0;0,19159878921547485
70,0;968,3921871333757;960,8419640593295;854,1787750750816;0,8176699860922861;0,7512037660161578;189,0851588043148;1861,1938479301998;650,0;0,19134215316810288
70,08333333333333;968,5701344182548;961,0330503561077;854,8936270412921;0,8176699860922861;0,7512037660161578;188,7555768511561;1858,7818647012632;650,0;0,1910862967781824
70,16666666666667;968,7478706149647;961,2238815711219;855,6066815311507;0,8176699860922861;0,7512037660161578;188,42710155367968;1856,377075127657;650,0;0,1908312150142401
70,25;968,9253962237144;961,4144584740324;856,3179245218149;0,8176699860922861;0,7512037660161578;188,09972609606973;1853,9794328159737;650,0;0,19057690291052878
70,33333333333333;969,1027117429372;961,6047818295982;857,0273423778322;0,8176699860922861;0,7512037660161578;187,77344374205143;1851,5888919844529;650,0;0,1903233555658061
70,41666666666667;969,2798176692991;961,7948523977403;857,7349218451093;0,8176699860922861;0,7512037660161578;187,44824783347553;1849,2054074515845;650,0;0,19007056814213946
70,5;969,4567144977063;961,9846709336041;858,4406500449718;0,8176699860922861;0,7512037660161578;187,12413178896838;1846,8289346251136;650,0;0,18981853586375322
70,58333333333333;969,6334027213146;962,17423818762;859,1445144683089;0,8176699860922861;0,7512037660161578;186,80108910255626;1844,4594294905962;650,0;0,18956725401583277
70,66666666666667;969,8098828315372;962,3635549055633;859,8465029698053;0,8176699860922861;0,7512037660161578;186,47911334236653;1842,0968486008617;650,0;0,18931671794341973
70,75;969,9861553180527;962,5526218286136;860,5466037622575;0,8176699860922861;0,7512037660161578;186,15819814934582;1839,7411490656968;650,0;0,18906692305032943
70,83333333333333;970,1622206688139;962,7414396934116;861,2448054109726;0,8176699860922861;0,7512037660161578;185,8383372359782;1837,3922885412742;650,0;0,18881786479804502
70,91666666666667;970,3380793700546;962,9300092321163;861,9410968282502;0,8176699860922861;0,7512037660161578;185,51952438505737;1835,050225220169;650,0;0,18856953870467102
71,0;970,5137319062997;963,1183311724601;862,6354672679445;0,8176699860922861;0,7512037660161578;185,20175344845882;1832,7149178208685;650,0;0,1883219403438396
71,08333333333333;970,6891787603707;963,3064062378039;863,3279063201057;0,8176699860922861;0,7512037660161578;184,88501834598878;1830,3863255795309;650,0;0,1880750653438342
71,16666666666667;970,864420413396;963,4942351471904;864,0184039057008;0,8176699860922861;0,7512037660161578;184,56931306417061;1828,0644082385434;650,0;0,1878289093864085
71,25;971,0394573448176;963,6818186153963;864,7069502714102;0,8176699860922861;0,7512037660161578;184,25463165514202;1825,7491260389945;650,0;0,18758346820598085
71,33333333333333;971,2142900323988;963,8691573529849;865,3935359845012;0,8176699860922861;0,7512037660161578;183,9409682355324;1823,4404397104379;650,0;0,18733873758857425
71,41666666666667;971,3889189522326;964,0562520663558;866,078151927776;0,8176699860922861;0,7512037660161578;183,62831698534876;1821,1383104623967;650,0;0,1870947133709195
71,5;971,5633445787495;964,2431034577953;866,760789294593;0,8176699860922861;0,7512037660161578;183,31667214692118;1818,8426999754101;650,0;0,1868513914395213
71,58333333333333;971,7375673847247;964,4297122255251;867,4414395839606;0,8176699860922861;0,7512037660161578;183,00602802385413;1816,5535703929047;650,0;0,18660876772980178
71,66666666666667;971,9115878412863;964,6160790637502;868,1200945957028;0,8176699860922861;0,7512037660161578;182,69637897998905;1814,2708843123023;650,0;0,18636683822517358
71,75;972,0854064179225;964,8022046627065;868,7967464256941;0,8176699860922861;0,7512037660161578;182,38771943840106;1811,9946047771293;650,0;0,1861255989562101
71,83333333333333;972,2590235824897;964,9880897087062;869,4713874611641;0,8176699860922861;0,7512037660161578;182,08004388040138;1809,7246952685857;650,0;0,18588504599976546
71,91666666666667;972,4324398012197;965,1737348841843;870,1440103760693;0,8176699860922861;0,7512037660161578;181,773346844588;1807,4611196983178;650,0;0,18564517547821147
72,0;972,6056555387273;965,3591408677429;870,8146081265327;0,8176699860922861;0,7512037660161578;181,46762292588505;1805,2038424000523;650,0;0,1854059835585672
72,08333333333333;972,7786712580179;965,5443083341946;871,483173946348;0,8176699860922861;0,7512037660161578;181,16286677461062;1802,9528281225741;650,0;0,18516746645175658
72,16666666666667;972,9514874204945;965,7292379546064;872,1497013425495;0,8176699860922861;0,7512037660161578;180,85907309558138;1800,7080420217565;650,0;0,18492962041178113
72,25;973,1241044859654;965,9139303963415;872,8141840910454;0,8176699860922861;0,7512037660161578;180,5562366472003;1798,4694496536831;650,0;0,18469244173499297
72,33333333333333;973,2965229126522;966,0983863231008;873,4766162323132;0,8176699860922861;0,7512037660161578;180,25435224059834;1796,237016967563;650,0;0,18445592675935335
72,41666666666667;973,4687431571958;966,2826063949645;874,1369920671574;0,8176699860922861;0,7512037660161578;179,95341473878455;1794,0107102986174;650,0;0,18422007186368977
72,5;973,6407656746641;966,4665912684316;874,7953061525276;0,8176699860922861;0,7512037660161578;179,65341905578214;1791,7904963613419;650,0;0,1839848734669862
72,58333333333333;973,81259091856;966,6503415964593;875,4515532973962;0,8176699860922861;0,7512037660161578;179,35436015581274;1789,57634224271;650,0;0,18375032802767294
72,66666666666667;973,9842193408276;966,8338580285023;876,1057285586949;0,8176699860922861;0,7512037660161578;179,05623305251765;1787,3682153957066;650,0;0,18351643204295037
72,75;974,1556513918598;967,0171412105504;876,7578272373088;0,8176699860922861;0,7512037660161578;178,7590328081336;1785,1660836331157;650,0;0,18328318204813226
72,83333333333333;974,3268875205054;967,2001917851665;877,4078448741278;0,8176699860922861;0,7512037660161578;178,46275453273392;1782,9699151208488;650,0;0,18305057461595228
72,91666666666667;974,4979281740758;967,3830103915224;878,0557772461535;0,8176699860922861;0,7512037660161578;178,16739338347247;1780,7796783722401;650,0;0,18281860635596114
73,0;974,6687737983523;967,5655976654363;878,7016203626611;0,8176699860922861;0,7512037660161578;177,8729445638362;1778,595342241485;650,0;0,18258727391384438
73,08333333333333;974,8394248375931;967,7479542394071;879,3453704614155;0,8176699860922861;0,7512037660161578;177,57940332290048;1776,4168759182207;650,0;0,18235657397084726
73,16666666666667;975,0098817345406;967,9300807426503;879,9870240049415;0,8176699860922861;0,7512037660161578;177,2867649546498;1774,2442489216317;650,0;0,18212650324316104
73,25;975,180144930427;968,1119778011316;880,626577676845;0,8176699860922861;0,7512037660161578;176,9950247972588;1772,0774310947115;650,0;0,18189705848132057
73,33333333333333;975,3502148649825;968,2936460376012;881,264028378187;0,8176699860922861;0,7512037660161578;176,70417823238438;1769,9163925984637;650,0;0,18166823646959687
73,41666666666667;975,5200919764418;968,4750860716267;881,8993732239079;0,8176699860922861;0,7512037660161578;176,4142206845321;1767,7611039070362;650,0;0,18144003402548406
73,5;975,68977670155;968,6562985196258;882,5326095393017;0,8176699860922861;0,7512037660161578;176,12514762037677;1765,611535801969;650,0;0,181212447999099
73,58333333333333;975,859269475571;968,8372839948985;883,1637348565397;0,8176699860922861;0,7512037660161578;175,83695454810595;1763,4676593671386;650,0;0,18098547527264827
73,66666666666667;976,0285707322922;969,0180431076584;883,7927469112426;0,8176699860922861;0,7512037660161578;175,54963701681174;1761,3294459834174;650,0;0,18075911275987297
73,75;976,1976809040332;969,198576465064;884,4196436390998;0,8176699860922861;0,7512037660161578;175,2631906158456;1759,196867324126;650,0;0,18053335740556414
73,83333333333333;976,3666004216503;969,378884671249;885,0444231725365;0,8176699860922861;0,7512037660161578;174,97761097422995;1757,0698953496446;650,0;0,18030820618500495
73,91666666666667;976,5353297145455;969,5589683273525;885,667083837426;0,8176699860922861;0,7512037660161578;174,69289376003303;1754,9485023029597;650,0;0,18008365610349666
74,0;976,7038692106706;969,7388280315483;886,2876241498482;0,8176699860922861;0,7512037660161578;174,4090346798231;1752,8326607047043;650,0;0,17985970419584488
74,08333333333333;976,8722193365354;969,9184643790742;886,9060428128925;0,8176699860922861;0,7512037660161578;174,12602947805738;1750,7223433488;650,0;0,17963634752589602
74,16666666666667;977,0403805172139;970,0978779622602;887,522338713505;0,8176699860922861;0,7512037660161578;173,8438739365307;1748,6175232974326;650,0;0,17941358318601652
74,25;977,2083531763496;970,2770693705569;888,1365109193789;0,8176699860922861;0,7512037660161578;173,5625638738412;1746,5181738774556;650,0;0,17919140829670765
74,33333333333333;977,3761377361637;970,4560391905629;888,7485586758879;0,8176699860922861;0,7512037660161578;173,28209514481898;1744,4242686752552;650,0;0,17896982000607303
74,41666666666667;977,5437346174601;970,6347880060523;889,3584814030612;0,8176699860922861;0,7512037660161578;173,0024636400202;1742,3357815327413;650,0;0,178748815489397
74,5;977,7111442396323;970,813316398001;889,9662786926004;0,8176699860922861;0,7512037660161578;172,7236652851957;1740,2526865435907;650,0;0,17852839194874465
74,58333333333333;977,8783670206695;970,9916249446135;890,5719503049372;0,8176699860922861;0,7512037660161578;172,44569604078208;1738,1749580484623;650,0;0,17830854661246767
74,66666666666667;978,0454033771631;971,1697142213483;891,1754961663308;0,8176699860922861;0,7512037660161578;172,16855190140166;1736,1025706316686;650,0;0,1780892767348471
74,75;978,2122537243125;971,3475848009439;891,7769163660056;0,8176699860922861;0,7512037660161578;171,89222889537064;1734,0354991166118;650,0;0,17787057959562141
74,83333333333333;978,3789184759316;971,5252372534435;892,3762111533272;0,8176699860922861;0,7512037660161578;171,616723084216;1731,9737185624558;650,0;0,17765245249963107
74,91666666666667;978,5453980444555;971,7026721462199;892,9733809350173;0,8176699860922861;0,7512037660161578;171,34203056220372;1729,9172042602434;650,0;0,17743489277641183
75,0;978,7116928409451;971,8798900439997;893,5684262724064;0,8176699860922861;0,7512037660161578;171,06814745588963;1727,8659317288557;650,0;0,177217897779776
75,08333333333333;978,877803275095;972,0568915088871;894,1613478787235;0,8176699860922861;0,7512037660161578;170,79506992363633;1725,819876711937;650,0;0,17700146488748028
75,16666666666667;979,0437297552379;972,2336771003879;894,7521466164226;0,8176699860922861;0,7512037660161578;170,52279415519536;1723,7790151740446;650,0;0,17678559150082726
75,25;979,2094726883522;972,4102473754322;895,3408234945457;0,8176699860922861;0,7512037660161578;170,25131637124957;1721,7433232970989;650,0;0,17657027504429185
75,33333333333333;979,3750324800666;972,5866028883974;895,9273796661213;0,8176699860922861;0,7512037660161578;169,9806328230011;1719,7127774771811;650,0;0,17635551296518345
75,41666666666667;979,540409534667;972,7627441911307;896,5118164255978;0,8176699860922861;0,7512037660161578;169,7107397917307;1717,6873543209854;650,0;0,17614130273327416
75,5;979,7056042551018;972,9386718329712;897,0941352063118;0,8176699860922861;0,7512037660161578;169,44163358840854;1715,667030642822;650,0;0,17592764184048254
75,58333333333333;979,8706170429883;973,1143863607717;897,6743375779905;0,8176699860922861;0,7512037660161578;169,17331055326486;1713,6517834610838;650,0;0,1757145278005038
75,66666666666667;980,0354482986183;973,2898883189202;898,252425244288;0,8176699860922861;0,7512037660161578;168,9057670554149;1711,641589995458;650,0;0,17550195814851474
75,75;980,2000984209639;973,4651782493611;898,8284000403539;0,8176699860922861;0,7512037660161578;168,6389994924525;1709,6364276636282;650,0;0,17528993044082783
75,83333333333333;980,3645678076832;973,6402566916156;899,4022639304359;0,8176699860922861;0,7512037660161578;168,37300429006916;1707,636274078091;650,0;0,17507844225455868
75,91666666666667;980,5288568551267;973,815124182803;899,9740190055134;0,8176699860922861;0,7512037660161578;168,10777790169027;1705,6411070437293;650,0;0,1748674911873656
76,0;980,6929659583419;973,9897812576601;900,5436674809634;0,8176699860922861;0,7512037660161578;167,8433168080943;1703,6509045541698;650,0;0,17465707485707413
76,08333333333333;980,8568955110802;974,1642284485615;901,1113039555458;0,8176699860922861;0,7512037660161578;167,57961751704613;1701,66564478953;650,0;0,1744471909014326
76,16666666666667;981,0206459058018;974,3384662855393;901,6765326382238;0,8176699860922861;0,7512037660161578;167,31667656296736;1699,6853061135837;650,0;0,17423783697781672
76,25;981,1842175336811;974,5124952963023;902,239363487618;0,8176699860922861;0,7512037660161578;167,05449050656114;1697,7098670708442;650,0;0,1740290107629225
76,33333333333333;981,3476107846137;974,6863160062547;902,7998064546925;0,8176699860922861;0,7512037660161578;166,7930559344711;1695,7393063834895;650,0;0,17382070995244725
76,41666666666667;981,5108260472203;974,8599289385156;903,3578714823288;0,8176699860922861;0,7512037660161578;166,53236945897447;1693,7736029497148;650,0;0,1736129322609075
76,5;981,6738637088532;975,0333346139369;903,9135685049055;0,8176699860922861;0,7512037660161578;166,27242771761814;1691,8127358403096;650,0;0,17340567542128535
76,58333333333333;981,8367241556016;975,2065335511217;904,4669074478824;0,8176699860922861;0,7512037660161578;166,013227372909;1689,8566842965336;650,0;0,1731989371848013
76,66666666666667;981,999407772297;975,3795262664423;905,0178982273891;0,8176699860922861;0,7512037660161578;165,75476511199838;1687,9054277274383;650,0;0,1729927153206352
76,75;982,1619149425188;975,552313274058;905,5665507498188;0,8176699860922861;0,7512037660161578;165,4970376463666;1685,9589457074437;650,0;0,1727870076156702
76,83333333333333;982,3242460485997;975,7248950859322;906,112874911426;0,8176699860922861;0,7512037660161578;165,2400417115217;1684,0172179743395;650,0;0,17258181187427835
76,91666666666667;982,4864014716312;975,8972722118502;906,6568805979297;0,8176699860922861;0,7512037660161578;164,9837740666868;1682,0802244262288;650,0;0,17237712591800616
77,0;982,6483815914684;976,0694451594356;907,1985776841203;0,8176699860922861;0,7512037660161578;164,72823149452438;1680,1479451201471;650,0;0,17217294758541996
77,08333333333333;982,8101867867362;976,2414144341674;907,7379760334721;0,8176699860922861;0,7512037660161578;164,473410800818;1678,2203602688471;650,0;0,1719692747317762
77,16666666666667;982,9718174348337;976,4131805393962;908,2750854977601;0,8176699860922861;0,7512037660161578;164,2193088142193;1676,2974502392608;650,0;0,17176610522885422
77,25;983,1332739119407;976,5847439763609;908,8099159166807;0,8176699860922861;0,7512037660161578;163,96592238593826;1674,3791955502488;650,0;0,1715634369647173
77,33333333333333;983,2945565930215;976,7561052442044;909,3424771174783;0,8176699860922861;0,7512037660161578;163,7132483894959;1672,465576870224;650,0;0,17136126784346792
77,41666666666667;983,4556658518311;976,9272648399894;909,8727789145759;0,8176699860922861;0,7512037660161578;163,4612837204287;1670,5565750150904;650,0;0,17115959578502776
77,5;983,6166020609201;977,0982232587144;910,4008311092094;0,8176699860922861;0,7512037660161578;163,2100252960413;1668,6521709466756;650,0;0,1709584187249683
77,58333333333333;983,7773655916402;977,2689809933286;910,9266434890686;0,8176699860922861;0,7512037660161578;162,95947005514222;1666,752345770051;650,0;0,17075773461423607
77,66666666666667;983,9379568141485;977,4395385347476;911,4502258279405;0,8176699860922861;0,7512037660161578;162,7096149577909;1664,8570807322815;650,0;0,17055754141901236
77,75;984,0983760974135;977,609896371868;911,9715878853584;0,8176699860922861;0,7512037660161578;162,460456985022;1662,9663572196666;650,0;0,17035783712043007
77,83333333333333;984,2586238092198;977,7800549915825;912,4907394062557;0,8176699860922861;0,7512037660161578;162,21199313863792;1661,0801567565366;650,0;0,170158619714442
77,91666666666667;984,4187003161734;977,950014878794;913,0076901206234;0,8176699860922861;0,7512037660161578;161,9642204409331;1659,1984610030818;650,0;0,1699598872115923
78,0;984,578605983706;978,1197765164309;913,5224497431727;0,8176699860922861;0,7512037660161578;161,71713593448374;1657,3212517538623;650,0;0,16976163763685828
78,08333333333333;984,738341176081;978,2893403854603;914,0350279730022;0,8176699860922861;0,7512037660161578;161,47073668187772;1655,4485109354157;650,0;0,16956386902940138
78,16666666666667;984,8979062563978;978,4587069649027;914,5454344932689;0,8176699860922861;0,7512037660161578;161,2250197655186;1653,5802206050046;650,0;0,16936657944243233
78,25;985,0573015865972;978,6278767318457;915,0536789708642;0,8176699860922861;0,7512037660161578;160,97998228737822;1651,716362948762;650,0;0,16916976694301486
78,33333333333333;985,2165275274658;978,7968501614577;915,5597710560945;0,8176699860922861;0,7512037660161578;160,7356213687865;1649,8569202801243;650,0;0,16897342961189993
78,41666666666667;985,3755844386415;978,965627727001;916,0637203823658;0,8176699860922861;0,7512037660161578;160,49193415020397;1648,001875037816;650,0;0,16877756554331624
78,5;985,5344726786178;979,1342098998458;916,5655365658729;0,8176699860922861;0,7512037660161578;160,24891779101154;1646,1512097846637;650,0;0,16858217284484028
78,58333333333333;985,693192604749;979,3025971494831;917,0652292052931;0,8176699860922861;0,7512037660161578;160,00656946930008;1644,3049072056608;650,0;0,16838724963719565
78,66666666666667;985,8517445732551;979,4707899435372;917,5628078814841;0,8176699860922861;0,7512037660161578;159,7648863816488;1642,462950106479;650,0;0,16819279405409368
78,75;986,0101289392263;979,6387887477792;918,0582821571863;0,8176699860922861;0,7512037660161578;159,52386574294906;1640,6253214122314;650,0;0,1679988042421017
78,83333333333333;986,1683460566279;979,8065940261397;918,5516615767297;0,8176699860922861;0,7512037660161578;159,28350478617688;1638,7920041655404;650,0;0,16780527836044118
78,91666666666667;986,3263962783051;979,9742062407205;919,0429556657444;0,8176699860922861;0,7512037660161578;159,04380076220548;1636,962981525189;650,0;0,1676122145808445
79,0;986,4842799559875;980,1416258518079;919,532173930877;0,8176699860922861;0,7512037660161578;158,8047509396148;1635,138236764822;650,0;0,1674196110874162
79,08333333333333;986,6419974402943;980,3088533178844;920,0193258595087;0,8176699860922861;0,7512037660161578;158,56635260448968;1633,3177532714415;650,0;0,16722746607647335
79,16666666666667;986,7995490807386;980,4758890956408;920,5044209194805;0,8176699860922861;0,7512037660161578;158,32860306024656;1631,5015145439472;650,0;0,1670357777563933
79,25;986,9569352257315;980,6427336399883;920,9874685588204;0,8176699860922861;0,7512037660161578;158,09149962744584;1629,6895041916957;650,0;0,1668445443474619
79,33333333333333;987,1141562225883;980,80938740407;921,4684782054765;0,8176699860922861;0,7512037660161578;157,85503964358156;1627,8817059333112;650,0;0,16665376408174262
79,41666666666667;987,2712124175315;980,9758508392729;921,9474592670525;0,8176699860922861;0,7512037660161578;157,61922046295922;1626,078103595465;650,0;0,16646343520295132
79,5;987,4281041556959;981,1421243952392;922,4244211305497;0,8176699860922861;0,7512037660161578;157,38403945646553;1624,2786811110861;650,0;0,16627355596626786
79,58333333333333;987,5848317811335;981,3082085198774;922,8993731621109;0,8176699860922861;0,7512037660161578;157,1494940114178;1622,4834225186462;650,0;0,1660841246382552
79,66666666666667;987,7413956368177;981,4741036593741;923,3723247067696;0,8176699860922861;0,7512037660161578;156,91558153140193;1620,6923119604658;650,0;0,16589513949668627
79,75;987,8977960646481;981,6398102582045;923,8432850882034;0,8176699860922861;0,7512037660161578;156,6822994360905;1618,9053336819045;650,0;0,16570659883045144
79,83333333333333;988,0540334054541;981,8053287591439;924,3122636084909;0,8176699860922861;0,7512037660161578;156,44964516108928;1617,1224720297614;650,0;0,16551850093939485
79,91666666666667;988,2101079990008;981,9706596032781;924,779269547873;0,8176699860922861;0,7512037660161578;156,2176161577554;1615,343711451118;650,0;0,16533084413418941
80,0;988,366020183992;982,1358032300144;925,2443121645185;0,8176699860922861;0,7512037660161578;155,98620989306653;1613,5690364926088;650,0;0,16514362673625674
80,08333333333333;988,5217702980757;982,300760077092;925,7074006942931;0,8176699860922861;0,7512037660161578;155,755423849439;1611,7984317986154;650,0;0,1649568470775814
80,16666666666667;988,6773586778477;982,4655305805927;926,168544350533;0,8176699860922861;0,7512037660161578;155,52525552459144;1610,031882110743;650,0;0,16477050350064948
80,25;988,8327856588566;982,630115174951;926,6277523238217;0,8176699860922861;0,7512037660161578;155,29570243137414;1608,2693722663626;650,0;0,1645845943582965
80,33333333333333;988,9880515756076;982,7945142929647;927,0850337817719;0,8176699860922861;0,7512037660161578;155,0667620976384;1606,5108871975965;650,0;0,1643991180136007
80,41666666666667;989,1431567615672;982,9587283658044;927,5403978688101;0,8176699860922861;0,7512037660161578;154,83843206607446;1604,7564119301308;650,0;0,16421407283975692
80,5;989,2981015491673;983,1227578230244;927,9938537059662;0,8176699860922861;0,7512037660161578;154,6107098940695;1603,0059315824212;650,0;0,1640294572199893
80,58333333333333;989,4528862698097;983,2866030925718;928,4454103906659;0,8176699860922861;0,7512037660161578;154,38359315357388;1601,2594313646493;650,0;0,16384526954744155
80,66666666666667;989,6075112538698;983,4502646007968;928,8950769965276;0,8176699860922861;0,7512037660161578;154,15707943094787;1599,5168965772623;650,0;0,163661508225026
80,75;989,7619768307017;983,6137427724622;929,3428625731632;0,8176699860922861;0,7512037660161578;153,93116632682506;1597,778312610468;650,0;0,16347817166536413
80,83333333333333;989,9162833286414;983,7770380307528;929,7887761459825;0,8176699860922861;0,7512037660161578;153,70585145598739;1596,0436649432663;650,0;0,16329525829068417
80,91666666666667;990,0704310750122;983,9401507972855;930,2328267160011;0,8176699860922861;0,7512037660161578;153,48113244721446;1594,312939141977;650,0;0,1631127665326699
81,0;990,2244203961274;984,1030814921179;930,6750232596526;0,8176699860922861;0,7512037660161578;153,25700694316708;1592,5861208597632;650,0;0,16293069483240522
81,08333333333333;990,3782516172957;984,2658305337582;931,1153747286038;0,8176699860922861;0,7512037660161578;153,03347260023656;1590,8631958355068;650,0;0,16274904164025508
81,16666666666667;990,5319250628252;984,4283983391739;931,5538900495744;0,8176699860922861;0,7512037660161578;152,81052708843958;1589,144149892984;650,0;0,16256780541577873
81,25;990,6854410560263;984,5907853238016;931,99057812416;0,8176699860922861;0,7512037660161578;152,58816809128177;1587,4289689400728;650,0;0,16238698462764325
81,33333333333333;990,8387999192171;984,7529919015551;932,4254478286584;0,8176699860922861;0,7512037660161578;152,36639330561843;1585,7176389674548;650,0;0,162206577753489
81,41666666666667;990,9920019737268;984,915018484835;932,8585080139001;0,8176699860922861;0,7512037660161578;152,14520044154938;1584,0101460477576;650,0;0,1620265832798401
81,5;991,1450475399005;985,076865484537;933,2897675050816;0,8176699860922861;0,7512037660161578;151,92458722229674;1582,306476335667;650,0;0,1618469997021034
81,58333333333333;991,2979369371019;985,2385333100614;933,7192351016038;0,8176699860922861;0,7512037660161578;151,70455138408556;1580,6066160658345;650,0;0,161667825524362
81,66666666666667;991,4506704837186;985,4000223693207;934,1469195769117;0,8176699860922861;0,7512037660161578;151,4850906760131;1578,91055155264;650,0;0,16148905925934096
81,75;991,6032484971652;985,561333068749;934,5728296783398;0,8176699860922861;0,7512037660161578;151,26620285994647;1577,2182691893363;650,0;0,16131069942831783
81,83333333333333;991,7556712938875;985,7224658133101;934,996974126959;0,8176699860922861;0,7512037660161578;151,0478857104033;1575,5297554472716;650,0;0,16113274456103915
81,91666666666667;991,9079391893672;985,8834210065057;935,419361617429;0,8176699860922861;0,7512037660161578;150,8301370144352;1573,8449968748598;650,0;0,16095519319561322
82,0;992,0600524981244;986,0441990503842;935,840000817852;0,8176699860922861;0,7512037660161578;150,61295457153676;1572,1639800973437;650,0;0,16077804387847977
82,08333333333333;992,2120115337225;986,2048003455485;936,2589003696316;0,8176699860922861;0,7512037660161578;150,39633619350354;1570,4866918153991;650,0;0,1606012951642661
82,16666666666667;992,3638166087718;986,3652252911643;936,6760688873342;0,8176699860922861;0,7512037660161578;150,18027970434957;1568,813118804771;650,0;0,16042494561574583
82,25;992,5154680349333;986,525474284968;937,0915149585531;0,8176699860922861;0,7512037660161578;149,964782940188;1567,1432479151965;650,0;0,1602489938037269
82,33333333333333;992,6669661229232;986,685547723275;937,5052471437779;0,8176699860922861;0,7512037660161578;149,74984374913163;1565,4770660703239;650,0;0,16007343830703485
82,41666666666667;992,8183111825151;986,8454460009874;937,9172739762645;0,8176699860922861;0,7512037660161578;149,5354599912048;1563,8145602662726;650,0;0,15989827771237042
82,5;992,9695035225459;987,0051695116017;938,3276039619112;0,8176699860922861;0,7512037660161578;149,32162953819272;1562,155717571267;650,0;0,15972351061426093
82,58333333333333;993,1205434509176;987,1647186472167;938,7362455791357;0,8176699860922861;0,7512037660161578;149,10835027360463;1560,5005251250352;650,0;0,159549135615001
82,66666666666667;993,2714312746027;987,3240937985412;939,1432072787563;0,8176699860922861;0,7512037660161578;148,89562009252302;1558,8489701379056;650,0;0,1593751513245541
82,75;993,4221672996467;987,4832953549017;939,5484974838766;0,8176699860922861;0,7512037660161578;148,68343690153836;1557,2010398902041;650,0;0,15920155636049016
82,83333333333333;993,5727518311727;987,6423237042496;939,9521245897726;0,8176699860922861;0,7512037660161578;148,47179861862685;1555,556721731764;650,0;0,15902834934792848
82,91666666666667;993,7231851733846;987,801179233169;940,3540969637831;0,8176699860922861;0,7512037660161578;148,26070317307654;1553,9160030809892;650,0;0,15885552891944338
83,0;993,8734676295711;987,959862326884;940,754422945204;0,8176699860922861;0,7512037660161578;148,05014850539067;1552,2788714243968;650,0;0,15868309371501246
83,08333333333333;994,0235995021089;988,118373369266;941,1531108451842;0,8176699860922861;0,7512037660161578;147,84013256717685;1550,645314316045;650,0;0,15851104238195296
83,16666666666667;994,1735810924669;988,2767127428408;941,5501689466255;0,8176699860922861;0,7512037660161578;147,63065332107317;1549,0153193765827;650,0;0,15833937357482614
83,25;994,3234127012095;988,4348808287962;941,9456055040858;0,8176699860922861;0,7512037660161578;147,42170874065152;1547,388874293107;650,0;0,1581680859554148
83,33333333333333;994,4730946280002;988,5928780069888;942,3394287436845;0,8176699860922861;0,7512037660161578;147,2132968103324;1545,765966818101;650,0;0,15799717819261644
83,41666666666667;994,6226271716059;988,7507046559513;942,7316468630108;0,8176699860922861;0,7512037660161578;147,00541552528534;1544,1465847692134;650,0;0,15782664896241325
83,5;994,772010629899;988,908361152899;943,1222680310358;0,8176699860922861;0,7512037660161578;146,7980628913665;1542,5307160285588;650,0;0,15765649694780104
83,58333333333333;994,9212452998624;989,0658478737378;943,5113003880266;0,8176699860922861;0,7512037660161578;146,59123692499918;1540,918348541864;650,0;0,15748672083869836
83,66666666666667;995,0703314775924;989,2231651930697;943,8987520454639;0,8176699860922861;0,7512037660161578;146,38493565311705;1539,30947031834;650,0;0,15731731933192944
83,75;995,2192694583023;989,3803134842009;944,2846310859619;0,8176699860922861;0,7512037660161578;146,1791571130675;1537,7040694299699;650,0;0,15714829113114834
83,83333333333333;995,3680595363256;989,5372931191476;944,6689455631913;0,8176699860922861;0,7512037660161578;145,9738993525349;1536,102134010652;650,0;0,1569796349467522
83,91666666666667;995,5167020051206;989,6941044686436;945,0517035018052;0,8176699860922861;0,7512037660161578;145,76916042944958;1534,5036522560267;650,0;0,15681134949585648
84,0;995,665197157272;989,8507479021458;945,4329128973673;0,8176699860922861;0,7512037660161578;145,56493841192548;1532,9086124229204;650,0;0,15664343350223708
84,08333333333333;995,8135452844963;990,0072237878421;945,8125817162834;0,8176699860922861;0,7512037660161578;145,3612313781548;1531,3170028286972;650,0;0,15647588569626017
84,16666666666667;995,961746677644;990,1635324926569;946,1907178957352;0,8176699860922861;0,7512037660161578;145,1580374163541;1529,7288118505605;650,0;0,15630870481481202
84,25;996,1098016267035;990,3196743822582;946,567329343617;0,8176699860922861;0,7512037660161578;144,95535462467615;1528,144027925522;650,0;0,1561418896012877
84,33333333333333;996,2577104208044;990,4756498210637;946,9424239384745;0,8176699860922861;0,7512037660161578;144,75318111113324;1526,5626395494035;650,0;0,15597543880549092
84,41666666666667;996,4054733482209;990,6314591722473;947,3160095294469;0,8176699860922861;0,7512037660161578;144,55151499351757;1524,9846352768354;650,0;0,15580935118362643
84,5;996,5530906963747;990,7871027977455;947,6880939362117;0,8176699860922861;0,7512037660161578;144,3503543993387;1523,4100037200544;650,0;0,1556436254981818
84,58333333333333;996,7005627518397;990,9425810582635;948,0586849489308;0,8176699860922861;0,7512037660161578;144,1496974657298;1521,8387335490766;650,0;0,1554782605179353
84,66666666666667;996,8478898003439;991,0978943132814;948,427790328201;0,8176699860922861;0,7512037660161578;143,94954233940496;1520,2708134911584;650,0;0,15531325501790094
84,75;996,995072126773;991,2530429210606;948,7954178050051;0,8176699860922861;0,7512037660161578;143,74988717656265;1518,7062323298464;650,0;0,15514860777923137
84,83333333333333;997,1421100151747;991,4080272386498;949,1615750806668;0,8176699860922861;0,7512037660161578;143,55073014281174;1517,1449789051042;650,0;0,15498431758922243
84,91666666666667;997,2890037487607;991,562847621891;949,5262698268078;0,8176699860922861;0,7512037660161578;143,35206941312322;1515,5870421125037;650,0;0,15482038324123346
85,0;997,4357536099109;991,7175044254257;949,889509685307;0,8176699860922861;0,7512037660161578;143,15390317174206;1514,0324109024646;650,0;0,1546568035346078
85,08333333333333;997,5823598801758;991,8719980027004;950,2513022682618;0,8176699860922861;0,7512037660161578;142,95622961213041;1512,481074280825;650,0;0,1544935772747211
85,16666666666667;997,7288228402809;992,0263287059732;950,6116551579532;0,8176699860922861;0,7512037660161578;142,75904693688517;1510,9330213072565;650,0;0,1543307032728253
85,25;997,8751427701288;992,1804968863194;950,9705759068112;0,8176699860922861;0,7512037660161578;142,56235335769247;1509,3882410956921;650,0;0,1541681803460847
85,33333333333333;998,0213199488028;992,3345028936368;951,328072037384;0,8176699860922861;0,7512037660161578;142,36614709523678;1507,8467228132492;650,0;0,15400600731746678
85,41666666666667;998,1673546545708;992,4883470766525;951,6841510423095;0,8176699860922861;0,7512037660161578;142,17042637914972;1506,3084556803872;650,0;0,153844183015752
85,5;998,3132471648868;992,642029782928;952,0388203842879;0,8176699860922861;0,7512037660161578;141,97518944795604;1504,773428970099;650,0;0,1536827062754537
85,58333333333333;998,4589977563961;992,7955513588648;952,3920874960577;0,8176699860922861;0,7512037660161578;141,78043454896851;1503,2416320072787;650,0;0,15352157593674876
85,66666666666667;998,6046067049373;992,9489121497104;952,7439597803732;0,8176699860922861;0,7512037660161578;141,5861599382822;1501,7130541692272;650,0;0,15336079084552476
85,75;998,7500742855449;993,1021124995636;953,0944446099845;0,8176699860922861;0,7512037660161578;141,39236388067218;1500,1876848843533;650,0;0,1532003498532489
85,83333333333333;998,8954007724537;993,2551527513806;953,44354932762;0,8176699860922861;0,7512037660161578;141,19904464953095;1498,6655136320946;650,0;0,15304025181695485
85,91666666666667;999,0405864391013;993,4080332469798;953,7912812459698;0,8176699860922861;0,7512037660161578;141,0062005268287;1497,1465299426636;650,0;0,15288049559921532
86,0;999,1856315581308;993,5607543270479;954,137647647673;0,8176699860922861;0,7512037660161578;140,81382980303658;1495,6307233962555;650,0;0,15272108006806112
86,08333333333333;999,3305364013949;993,7133163311449;954,4826557853053;0,8176699860922861;0,7512037660161578;140,62193077707263;1494,1180836233334;650,0;0,15256200409700246
86,16666666666667;999,4753012399576;993,8657195977098;954,8263128813699;0,8176699860922861;0,7512037660161578;140,43050175624785;1492,6086003035032;650,0;0,1524032665649192
86,25;999,6199263440985;994,0179644640659;955,1686261282898;0,8176699860922861;0,7512037660161578;140,2395410561951;1491,1022631656722;650,0;0,15224486635606888
86,33333333333333;999,764411983315;994,170051266426;955,5096026884027;0,8176699860922861;0,7512037660161578;140,0490470008151;1489,599061987716;650,0;0,15208680236005048
86,41666666666667;999,9087584263256;994,3219803398977;955,8492496939566;0,8176699860922861;0,7512037660161578;139,85901792222535;1488,0989865953056;650,0;0,1519290734716904
86,5;1000,0529659410732;994,4737520184888;956,1875742471093;0,8176699860922861;0,7512037660161578;139,66945216069746;1486,6020268627801;650,0;0,15177167859111804
86,58333333333333;1000,1970347947278;994,6253666351124;956,5245834199279;0,8176699860922861;0,7512037660161578;139,4803480646118;1485,108172711941;650,0;0,15161461662364878
86,66666666666667;1000,3409652536888;994,7768245215922;956,8602842543916;0,8176699860922861;0,7512037660161578;139,29170399038355;1483,617414111863;650,0;0,1514578864797598
86,75;1000,4847575835893;994,9281260086673;957,1946837623952;0,8176699860922861;0,7512037660161578;139,1035183024144;1482,1297410786553;650,0;0,15130148707506308
86,83333333333333;1000,6284120492982;995,0792714259976;957,5277889257561;0,8176699860922861;0,7512037660161578;138,91578937304985;1480,6451436752088;650,0;0,15114541733027775
86,91666666666667;1000,7719289149229;995,2302611021688;957,859606696221;0,8176699860922861;0,7512037660161578;138,72851558251398;1479,1636120106577;650,0;0,15098967617117393
87,0;1000,9153084438133;995,3810953646973;958,1901439954761;0,8176699860922861;0,7512037660161578;138,54169531885248;1477,6851362399502;650,0;0,15083426252852733
87,08333333333333;1001,0585508985632;995,5317745400355;958,5194077151584;0,8176699860922861;0,7512037660161578;138,35532697789859;1476,209706564119;650,0;0,15067917533814118
87,16666666666667;1001,2016565410148;995,6822989535763;958,847404716869;0,8176699860922861;0,7512037660161578;138,16940896319352;1474,7373132292034;650,0;0,15052441354073837
87,25;1001,3446256322601;995,8326689296582;959,1741418321878;0,8176699860922861;0,7512037660161578;137,98393968596372;1473,267946526218;650,0;0,15036997608195626
87,33333333333333;1001,4874584326446;995,9828847915705;959,4996258626899;0,8176699860922861;0,7512037660161578;137,79891756504696;1471,8015967912152;650,0;0,15021586191234565
87,41666666666667;1001,6301552017701;996,1329468615578;959,8238635799642;0,8176699860922861;0,7512037660161578;137,61434102685257;1470,3382544043666;650,0;0,15006206998728158
87,5;1001,7727161984972;996,2828554608247;960,1468617256332;0,8176699860922861;0,7512037660161578;137,4302085053074;1468,877909790058;650,0;0,14990859926696676
87,58333333333333;1001,9151416809484;996,4326109095412;960,4686270113748;0,8176699860922861;0,7512037660161578;137,2465184418104;1467,4205534164464;650,0;0,14975544871638613
87,66666666666667;1002,057431906511;996,5822135268464;960,7891661189449;0,8176699860922861;0,7512037660161578;137,06326928518138;1465,9661757948718;650,0;0,1496026173052475
87,75;1002,1995871318393;996,7316636308544;961,1084857002028;0,8176699860922861;0,7512037660161578;136,88045949161562;1464,5147674803823;650,0;0,14945010400802575
87,83333333333333;1002,3416076128578;996,8809615386583;961,4265923771374;0,8176699860922861;0,7512037660161578;136,69808752462131;1463,066319070544;650,0;0,1492979078038464
87,91666666666667;1002,4834936047645;997,0301075663348;961,7434927418947;0,8176699860922861;0,7512037660161578;136,51615185498827;1461,620821205616;650,0;0,14914602767649882
88,0;1002,6252453620326;997,1791020289492;962,0591933568078;0,8176699860922861;0,7512037660161578;136,33465096074247;1460,1782645680275;650,0;0,14899446261438323
88,08333333333333;1002,7668631384136;997,3279452405596;962,3737007544273;0,8176699860922861;0,7512037660161578;136,15358332708638;1458,7386398825836;650,0;0,14884321161052422
88,16666666666667;1002,9083471869405;997,4766375142221;962,6870214375541;0,8176699860922861;0,7512037660161578;135,9729474463478;1457,301937915419;650,0;0,1486922736624686
88,25;1003,0496977599304;997,6251791619944;962,999161879273;0,8176699860922861;0,7512037660161578;135,79274181795995;1455,868149474205;650,0;0,14854164777230255
88,33333333333333;1003,190915108986;997,773570494941;963,3101285229878;0,8176699860922861;0,7512037660161578;135,61296494839894;1454,4372654082117;650,0;0,14839133294665177
88,41666666666667;1003,3319994850003;997,9218118231375;963,619927782459;0,8176699860922861;0,7512037660161578;135,4336153511241;1453,0092766069306;650,0;0,14824132819654737
88,5;1003,472951138158;998,0699034556751;963,9285660418403;0,8176699860922861;0,7512037660161578;135,25469154656946;1451,5841740011354;650,0;0,14809163253752403
88,58333333333333;1003,6137703179377;998,2178457006646;964,2360496557196;0,8176699860922861;0,7512037660161578;135,07619206207266;1450,1619485614235;650,0;0,14794224498947725
88,66666666666667;1003,754457273116;998,3656388652413;964,5423849491589;0,8176699860922861;0,7512037660161578;134,89811543182668;1448,7425912989156;650,0;0,14779316457672403
88,75;1003,8950122517693;998,5132832555693;964,8475782177364;0,8176699860922861;0,7512037660161578;134,72046019686843;1447,3260932643655;650,0;0,14764439032791896
88,83333333333333;1004,0354355012762;998,6607791768453;965,1516357275908;0,8176699860922861;0,7512037660161578;134,54322490500203;1445,9124455482092;650,0;0,14749592127605152
88,91666666666667;1004,1757272683204;998,8081269333037;965,454563715465;0,8176699860922861;0,7512037660161578;134,36640811077325;1444,5016392800896;650,0;0,14734775645839926
89,0;1004,3158877988936;998,9553268282202;965,7563683887528;0,8176699860922861;0,7512037660161578;134,1900083754183;1443,0936656288713;650,0;0,14719989491652452
89,08333333333333;1004,4559173382977;999,1023791639165;966,0570559255456;0,8176699860922861;0,7512037660161578;134,01402426683546;1441,6885158020712;650,0;0,14705233569621862
89,16666666666667;1004,5958161311474;999,2492842417639;966,3566324746815;0,8176699860922861;0,7512037660161578;133,83845435953106;1440,2861810460317;650,0;0,14690507784751292
89,25;1004,7355844213728;999,3960423621885;966,6551041557946;0,8176699860922861;0,7512037660161578;133,66329723458819;1438,8866526451613;650,0;0,14675812042460504
89,33333333333333;1004,8752224522223;999,5426538246744;966,9524770593657;0,8176699860922861;0,7512037660161578;133,48855147960705;1437,4899219219812;650,0;0,14661146248585785
89,41666666666667;1005,0147304662644;999,6891189277682;967,2487572467747;0,8176699860922861;0,7512037660161578;133,31421568869644;1436,0959802372047;650,0;0,14646510309380564
89,5;1005,1541087053911;999,8354379690832;967,5439507503537;0,8176699860922861;0,7512037660161578;133,14028846240546;1434,7048189886439;650,0;0,14631904131504625
89,58333333333333;1005,2933574108196;999,9816112453035;967,8380635734408;0,8176699860922861;0,7512037660161578;132,96676840769805;1433,3164296119546;650,0;0,14617327622030776
89,66666666666667;1005,4324768230954;1000,1276390521879;968,1311016904363;0,8176699860922861;0,7512037660161578;132,79365413790174;1431,9308035795746;650,0;0,14602780688434486
89,75;1005,5714671820945;1000,2735216845739;968,4230710468584;0,8176699860922861;0,7512037660161578;132,62094427268778;1430,5479324010241;650,0;0,14588263238596502
89,83333333333333;1005,7103287270261;1000,4192594363818;968,7139775594014;0,8176699860922861;0,7512037660161578;132,44863743801432;1429,1678076223677;650,0;0,1457377518079729
89,91666666666667;1005,8490616964347;1000,564852600619;969,003827115994;0,8176699860922861;0,7512037660161578;132,27673226610648;1427,7904208264836;650,0;0,14559316423719373
90,0;1005,987666328203;1000,7103014693834;969,2926255758589;0,8176699860922861;0,7512037660161578;132,105227395391;1426,4157636319378;650,0;0,1454488687643619
90,08333333333333;1006,126142859554;1000,8556063338675;969,5803787695734;0,8176699860922861;0,7512037660161578;131,9341214704906;1425,0438276937778;650,0;0,1453048644841948
90,16666666666667;1006,2644915270537;1001,0007674843628;969,8670924991312;0,8176699860922861;0,7512037660161578;131,7634131421613;1423,6746047025013;650,0;0,14516115049529058
90,25;1006,4027125666132;1001,1457852102629;970,1527725380051;0,8176699860922861;0,7512037660161578;131,59310106727276;1422,3080863843097;650,0;0,14501772590015
90,33333333333333;1006,5408062134914;1001,290659800068;970,4374246312104;0,8176699860922861;0,7512037660161578;131,42318390875687;1420,9442645009035;650,0;0,14487458980515247
90,41666666666667;1006,6787727022974;1001,4353915413885;970,7210544953693;0,8176699860922861;0,7512037660161578;131,25366033558237;1419,5831308488152;650,0;0,14473174132049157
90,5;1006,8166122669928;1001,5799807209487;971,0036678187765;0,8176699860922861;0,7512037660161578;131,08452902272063;1418,224677259727;650,0;0,14458917956020134
90,58333333333333;1006,954325140894;1001,7244276245908;971,2852702614657;0,8176699860922861;0,7512037660161578;130,91578865110307;1416,8688955999953;650,0;0,14444690364210805
90,66666666666667;1007,0919115566746;1001,8687325372787;971,5658674552764;0,8176699860922861;0,7512037660161578;130,7474379075785;1415,5157777704283;650,0;0,14430491268780538
90,75;1007,229371746368;1002,0128957431014;971,8454650039223;0,8176699860922861;0,7512037660161578;130,57947548489892;1414,1653157060807;650,0;0,14416320582263406
90,83333333333333;1007,3667059413694;1002,156917525277;972,1240684830602;0,8176699860922861;0,7512037660161578;130,41190008166552;1412,8175013763012;650,0;0,14402178217568104
90,91666666666667;1007,5039143724384;1002,3007981661567;972,40168344036;0,8176699860922861;0,7512037660161578;130,24471040231163;1411,4723267841136;650,0;0,1438806408797205
91,0;1007,6409972697013;1002,4445379472279;972,6783153955746;0,8176699860922861;0,7512037660161578;130,077905157043;1410,129783966472;650,0;0,14373978107123161
91,08333333333333;1007,7779548626529;1002,5881371491182;972,9539698406121;0,8176699860922861;0,7512037660161578;129,91148306183504;1408,7898649936562;650,0;0,14359920189034237
91,16666666666667;1007,9147873801599;1002,731596051599;973,2286522396075;0,8176699860922861;0,7512037660161578;129,74544283836735;1407,4525619691317;650,0;0,14345890248080995
91,25;1008,0514950504618;1002,874914933589;973,5023680289961;0,8176699860922861;0,7512037660161578;129,57978321402095;1406,117867029928;650,0;0,1433188819900561
91,33333333333333;1008,1880781011748;1003,0180940731581;973,7751226175866;0,8176699860922861;0,7512037660161578;129,41450292181855;1404,7857723452928;650,0;0,14317913956903583
91,41666666666667;1008,3245367592925;1003,1611337475305;974,046921386636;0,8176699860922861;0,7512037660161578;129,2496007004189;1403,4562701178795;650,0;0,14303967437234769
91,5;1008,4608712511891;1003,3040342330886;974,3177696899246;0,8176699860922861;0,7512037660161578;129,08507529405142;1402,1293525824494;650,0;0,1429004855581065
91,58333333333333;1008,5970818026215;1003,4467958053766;974,5876728538321;0,8176699860922861;0,7512037660161578;128,9209254525133;1400,8050120061864;650,0;0,1427615722879727
91,66666666666667;1008,7331686387313;1003,5894187391037;974,8566361774141;0,8176699860922861;0,7512037660161578;128,75714993112126;1399,4832406885087;650,0;0,14262293372713
91,75;1008,8691319840472;1003,731903308148;975,1246649324788;0,8176699860922861;0,7512037660161578;128,59374749068877;1398,1640309607983;650,0;0,1424845690442581
91,83333333333333;1009,0049720624875;1003,8742497855595;975,3917643636659;0,8176699860922861;0,7512037660161578;128,43071689747774;1396,8473751861006;650,0;0,14234647741150028
91,91666666666667;1009,1406890973615;1004,016458443564;975,6579396885243;0,8176699860922861;0,7512037660161578;128,26805692319851;1395,5332657593462;650,0;0,14220865800448373
92,0;1009,2762833113727;1004,1585295535663;975,9231960975917;0,8176699860922861;0,7512037660161578;128,105766344936;1394,2216951063674;650,0;0,14207111000222145
92,08333333333333;1009,4117549266205;1004,3004633861534;976,1875387544743;0,8176699860922861;0,7512037660161578;127,943843945161;1392,9126556847868;650,0;0,1419338325871956
92,16666666666667;1009,547104164602;1004,4422602110986;976,4509727959272;0,8176699860922861;0,7512037660161578;127,78228851167626;1391,6061399830187;650,0;0,14179682494525978
92,25;1009,6823312462149;1004,5839202973643;976,7135033319355;0,8176699860922861;0,7512037660161578;127,62109883758512;1390,3021405205059;650,0;0,1416600862656579
92,33333333333333;1009,8174363917593;1004,7254439131053;976,9751354457956;0,8176699860922861;0,7512037660161578;127,4602737212632;1389,000649847119;650,0;0,1415236157409656
92,41666666666667;1009,9524198209399;1004,8668313256725;977,2358741941975;0,8176699860922861;0,7512037660161578;127,29981196634981;1387,7016605436938;650,0;0,1413874125671397
92,5;1010,0872817528682;1005,008082801616;977,4957246073078;0,8176699860922861;0,7512037660161578;127,1397123816854;1386,4051652210817;650,0;0,14125147594342333
92,58333333333333;1010,2220224060644;1005,1491986066884;977,7546916888521;0,8176699860922861;0,7512037660161578;126,97997378130594;1385,1111565206554;650,0;0,14111580507239319
92,66666666666667;1010,3566419984597;1005,2901790058482;978,0127804161992;0,8176699860922861;0,7512037660161578;126,82059498440026;1383,819627113502;650,0;0,1409803991598798
92,75;1010,4911407473985;1005,4310242632632;978,2699957404457;0,8176699860922861;0,7512037660161578;126,66157481528728;1382,5305697007552;650,0;0,14084525741499657
92,83333333333333;1010,6255188696405;1005,5717346423133;978,5263425864998;0,8176699860922861;0,7512037660161578;126,50291210338196;1381,2439770132305;650,0;0,14071037905010264
92,91666666666667;1010,7597765813626;1005,7123104055942;978,7818258531673;0,8176699860922861;0,7512037660161578;126,3446056831782;1379,9598418114106;650,0;0,14057576328079965
93,0;1010,893914098161;1005,85275181492;979,0364504132369;0,8176699860922861;0,7512037660161578;126,18665439421193;1378,6781568848094;650,0;0,1404414093258693
93,08333333333333;1011,0279316350537;1005,9930591313273;979,2902211135663;0,8176699860922861;0,7512037660161578;126,02905708102412;1377,3989150524499;650,0;0,14030731640731423
93,16666666666667;1011,1618294064818;1006,1332326150776;979,5431427751687;0,8176699860922861;0,7512037660161578;125,87181259316083;1376,1221091623229;650,0;0,1401734837503076
93,25;1011,2956076263126;1006,2732725256608;979,7952201933;0,8176699860922861;0,7512037660161578;125,71491978510494;1374,8477320913576;650,0;0,140039910583184
93,33333333333333;1011,4292665078403;1006,4131791217982;980,0464581375461;0,8176699860922861;0,7512037660161578;125,5583775162961;1373,5757767452299;650,0;0,13990659613742337
93,41666666666667;1011,5628062637894;1006,5529526614458;980,2968613519105;0,8176699860922861;0,7512037660161578;125,40218465105397;1372,30623605784;650,0;0,1397735396475951
93,5;1011,696227106316;1006,6925934017972;980,5464345549026;0,8176699860922861;0,7512037660161578;125,24634005858957;1371,0391029921202;650,0;0,1396407403514346
93,58333333333333;1011,8295292470096;1006,832101599287;980,7951824396265;0,8176699860922861;0,7512037660161578;125,09084261296834;1369,7743705388314;650,0;0,13950819748972723
93,66666666666667;1011,9627128968958;1006,9714775095933;981,0431096738695;0,8176699860922861;0,7512037660161578;124,93569119306756;1368,512031717101;650,0;0,13937591030635482
93,75;1012,0957782664382;1007,1107213876415;981,2902209001917;0,8176699860922861;0,7512037660161578;124,78088468256203;1367,2520795737894;650,0;0,13924387804823513
93,83333333333333;1012,2287255655393;1007,2498334876069;981,5365207360153;0,8176699860922861;0,7512037660161578;124,62642196991567;1365,9945071837433;650,0;0,1391120999653446
93,91666666666667;1012,3615550035444;1007,3888140629176;981,782013773715;0,8176699860922861;0,7512037660161578;124,47230194831036;1364,7393076493051;650,0;0,13898057531066613
94,0;1012,4942667892417;1007,5276633662578;982,0267045807079;0,8176699860922861;0,7512037660161578;124,31852351566874;1363,4864741006288;650,0;0,13884930334022047
94,08333333333333;1012,6268611308656;1007,6663816495708;982,2705976995443;0,8176699860922861;0,7512037660161578;124,16508557459736;1362,235999694873;650,0;0,13871828331298572
94,16666666666667;1012,7593382360978;1007,8049691640617;982,5136976479982;0,8176699860922861;0,7512037660161578;124,01198703236957;1360,987877616818;650,0;0,1385875144909533
94,25;1012,89169831207;1007,9434261602007;982,7560089191591;0,8176699860922861;0,7512037660161578;123,85922680090289;1359,7421010779146;650,0;0,1384569961390371
94,33333333333333;1013,0239415653649;1008,0817528877259;982,9975359815228;0,8176699860922861;0,7512037660161578;123,70680379673331;1358,4986633168726;650,0;0,13832672752512595
94,41666666666667;1013,1560682020194;1008,2199495956459;983,2382832790836;0,8176699860922861;0,7512037660161578;123,5547169409756;1357,2575575989129;650,0;0,1381967079200101
94,5;1013,2880784275251;1008,3580165322433;983,478255231426;0,8176699860922861;0,7512037660161578;123,40296515933744;1356,0187772162617;650,0;0,1380669365974288
94,58333333333333;1013,4199724468314;1008,4959539450772;983,717456233817;0,8176699860922861;0,7512037660161578;123,2515473820456;1354,7823154871974;650,0;0,1379374128339743
94,66666666666667;1013,5517504643467;1008,6337620809863;983,9558906572984;0,8176699860922861;0,7512037660161578;123,1004625438544;1353,548165756955;650,0;0,137808135909177
94,75;1013,6834126839407;1008,7714411860917;984,1935628487796;0,8176699860922861;0,7512037660161578;122,94970958400881;1352,3163213963478;650,0;0,13767910510537376
94,83333333333333;1013,8149593089461;1008,9089915057995;984,4304771311306;0,8176699860922861;0,7512037660161578;122,79928744622453;1351,0867758027487;650,0;0,1375503197077971
94,91666666666667;1013,9463905421602;1009,046413284804;984,6666378032749;0,8176699860922861;0,7512037660161578;122,64919507866523;1349,8595223993777;650,0;0,13742177900450692
95,0;1014,0777065858476;1009,1837067670904;984,9020491402827;0,8176699860922861;0,7512037660161578;122,49943143390567;1348,634554635096;650,0;0,1372934822863677
95,08333333333333;1014,2089076417412;1009,3208721959375;985,1367153934647;0,8176699860922861;0,7512037660161578;122,34999546893164;1347,4118659846124;650,0;0,13716542884706787
95,16666666666667;1014,3399939110446;1009,4579098139205;985,3706407904654;0,8176699860922861;0,7512037660161578;122,2008861450945;1346,191449948387;650,0;0,13703761798310643
95,25;1014,4709655944337;1009,5948198629143;985,603829535357;0,8176699860922861;0,7512037660161578;122,05210242810267;1344,973300051887;650,0;0,13691004899372292
95,33333333333333;1014,6018228920585;1009,7316025840952;985,8362858087337;0,8176699860922861;0,7512037660161578;121,90364328798466;1343,7574098460634;650,0;0,13678272118093815
95,41666666666667;1014,7325660035455;1009,8682582179447;986,0680137678052;0,8176699860922861;0,7512037660161578;121,75550769908341;1342,5437729071582;650,0;0,13665563384953608
95,5;1014,8631951279981;1010,0047870042517;986,2990175464915;0,8176699860922861;0,7512037660161578;121,6076946400193;1341,3323828362945;650,0;0,13652878630702167
95,58333333333333;1014,9937104640005;1010,1411891821153;986,5293012555172;0,8176699860922861;0,7512037660161578;121,46020309365895;1340,1232332593015;650,0;0,1364021778636019
95,66666666666667;1015,1241122096177;1010,2774649899476;986,7588689825056;0,8176699860922861;0,7512037660161578;121,31303204712935;1338,9163178271583;650,0;0,1362758078322286
95,75;1015,2544005623985;1010,4136146654761;986,9877247920738;0,8176699860922861;0,7512037660161578;121,16618049175258;1337,7116302153754;650,0;0,13614967552853438
95,83333333333333;1015,3845757193762;1010,549638445747;987,2158727259272;0,8176699860922861;0,7512037660161578;121,01964742305995;1336,5091641238844;650,0;0,13602378027082376
95,91666666666667;1015,5146378770716;1010,685536567127;987,4433168029544;0,8176699860922861;0,7512037660161578;120,87343184073234;1335,3089132769742;650,0;0,13589812138006171
96,0;1015,6445872314937;1010,8213092653068;987,6700610193221;0,8176699860922861;0,7512037660161578;120,72753274861441;1334,1108714233706;650,0;0,13577269817988238
96,08333333333333;1015,7744239781423;1010,9569567753033;987,8961093485701;0,8176699860922861;0,7512037660161578;120,58194915467197;1332,9150323357287;650,0;0,13564750999653769
96,16666666666667;1015,9041483120092;1011,0924793314622;988,1214657417063;0,8176699860922861;0,7512037660161578;120,43668007097494;1331,7213898111088;650,0;0,13552255615894016
96,25;1016,0337604275801;1011,2278771674607;988,3461341273019;0,8176699860922861;0,7512037660161578;120,29172451367458;1330,529937669978;650,0;0,1353978359985677
96,33333333333333;1016,1632605188368;1011,3631505163103;988,5701184115865;0,8176699860922861;0,7512037660161578;120,14708150298361;1329,340669756938;650,0;0,13527334884952955
96,41666666666667;1016,292648779258;1011,4982996103588;988,7934224785436;0,8176699860922861;0,7512037660161578;120,00275006316201;1328,1535799399192;650,0;0,13514909404848985
96,5;1016,4219254018221;1011,6333246812935;989,0160501900054;0,8176699860922861;0,7512037660161578;119,85872922248006;1326,9686621109868;650,0;0,13502507093473942
96,58333333333333;1016,5510905790081;1011,7682259601436;989,2380053857488;0,8176699860922861;0,7512037660161578;119,71501801321551;1325,7859101850104;650,0;0,13490127885007122
96,66666666666667;1016,6801445027977;1011,9030036772824;989,4592918835899;0,8176699860922861;0,7512037660161578;119,57161547161377;1324,605318100314;650,0;0,13477771713883743
96,75;1016,809087364677;1012,0376580624304;989,6799134794801;0,8176699860922861;0,7512037660161578;119,42852063788223;1323,4268798186438;650,0;0,13465438514794575
96,83333333333333;1016,9379193556383;1012,1721893446572;989,8998739476009;0,8176699860922861;0,7512037660161578;119,2857325561647;1322,2505893246935;650,0;0,134531282226813
96,91666666666667;1017,0666406661812;1012,3065977523846;990,1191770404598;0,8176699860922861;0,7512037660161578;119,14325027452719;1321,0764406260241;650,0;0,134408407727356
97,0;1017,1952514863153;1012,4408835133886;990,3378264889853;0,8176699860922861;0,7512037660161578;119,00107284491526;1319,9044277529854;650,0;0,13428576100398035
97,08333333333333;1017,3237520055611;1012,5750468548022;990,5558260026226;0,8176699860922861;0,7512037660161578;118,85919932316824;1318,734544758842;650,0;0,1341633414135937
97,16666666666667;1017,4521424129516;1012,7090880031177;990,7731792694282;0,8176699860922861;0,7512037660161578;118,71762876897378;1317,566785719585;650,0;0,13404114831558372
97,25;1017,5804228970347;1012,8430071841894;990,9898899561662;0,8176699860922861;0,7512037660161578;118,57636024584792;1316,4011447334376;650,0;0,1339191810717702
97,33333333333333;1017,7085936458743;1012,9768046232358;991,2059617084032;0,8176699860922861;0,7512037660161578;118,43539282113227;1315,237615920874;650,0;0,13379743904640642
97,41666666666667;1017,8366548470518;1013,1104805448421;991,4213981506032;0,8176699860922861;0,7512037660161578;118,29472556596272;1314,076193425173;650,0;0,13367592160622807
97,5;1017,9646066876686;1013,2440351729624;991,6362028862235;0,8176699860922861;0,7512037660161578;118,1543575552439;1312,9168714111486;650,0;0,13355462812033245
97,58333333333333;1018,0924493543466;1013,3774687309227;991,8503794978093;0,8176699860922861;0,7512037660161578;118,01428786765484;1311,7596440662462;650,0;0,133433557960281
97,66666666666667;1018,2201830332309;1013,5107814414228;992,0639315470892;0,8176699860922861;0,7512037660161578;117,8745155855978;1310,6045055996215;650,0;0,13331271050000879
97,75;1018,3478079099905;1013,6439735265386;992,2768625750699;0,8176699860922861;0,7512037660161578;117,73503979520399;1309,4514502421098;650,0;0,13319208511582217
97,83333333333333;1018,4753241698205;1013,777045207725;992,4891761021319;0,8176699860922861;0,7512037660161578;117,59585958629657;1308,3004722466217;650,0;0,13307168118643226
97,91666666666667;1018,6027319974438;1013,9099967058179;992,7008756281234;0,8176699860922861;0,7512037660161578;117,45697405238786;1307,1515658874298;650,0;0,13295149809288792
98,0;1018,7300315771122;1014,0428282410364;992,9119646324561;0,8176699860922861;0,7512037660161578;117,31838229064806;1306,004725460375;650,0;0,13283153521859248
98,08333333333333;1018,8572230926081;1014,1755400329857;993,1224465741997;0,8176699860922861;0,7512037660161578;117,18008340189385;1304,8599452829467;650,0;0,13271179194930968
98,16666666666667;1018,9843067272468;1014,3081323006588;993,3323248921758;0,8176699860922861;0,7512037660161578;117,04207649056002;1303,7172196933773;650,0;0,13259226767307686
98,25;1019,1112826638773;1014,4406052624391;993,541603005054;0,8176699860922861;0,7512037660161578;116,90436066469942;1302,5765430520069;650,0;0,13247296178033233
98,33333333333333;1019,2381510848837;1014,5729591361029;993,7502843114448;0,8176699860922861;0,7512037660161578;116,76693503595459;1301,4379097394124;650,0;0,13235387366373783
98,41666666666667;1019,364912172188;1014,7051941388212;993,9583721899953;0,8176699860922861;0,7512037660161578;116,62979871952075;1300,3013141575495;650,0;0,13223500271828192
98,5;1019,4915661072499;1014,8373104871624;994,1658699994828;0,8176699860922861;0,7512037660161578;116,49295083417144;1299,166750729419;650,0;0,13211634834125102
98,58333333333333;1019,6181130710703;1014,9693083970946;994,3727810789087;0,8176699860922861;0,7512037660161578;116,35639050218742;1298,0342138985432;650,0;0,13199790993217428
98,66666666666667;1019,7445532441914;1015,1011880839874;994,5791087475935;0,8176699860922861;0,7512037660161578;116,22011684939366;1296,9036981293325;650,0;0,13187968689286073
98,75;1019,8708868066984;1015,2329497626147;994,7848563052698;0,8176699860922861;0,7512037660161578;116,08412900509961;1295,7751979066554;650,0;0,131761678627354
98,83333333333333;1019,9971139382219;1015,3645936471567;994,9900270321765;0,8176699860922861;0,7512037660161578;115,94842610209355;1294,6487077360778;650,0;0,1316438845419539
98,91666666666667;1020,1232348179386;1015,4961199512018;995,1946241891525;0,8176699860922861;0,7512037660161578;115,8130072766312;1293,524222143323;650,0;0,13152630404516497
99,0;1020,2492496245733;1015,6275288877495;995,3986510177299;0,8176699860922861;0,7512037660161578;115,67787166842152;1292,4017356745576;650,0;0,1314089365477221
99,08333333333333;1020,3751585363999;1015,758820669212;995,6021107402279;0,8176699860922861;0,7512037660161578;115,54301842059544;1291,281242896217;650,0;0,13129178146257084
99,16666666666667;1020,5009617312438;1015,8899955074169;995,8050065598457;0,8176699860922861;0,7512037660161578;115,40844667969736;1290,1627383946725;650,0;0,13117483820483608
99,25;1020,6266593864823;1016,0210536136087;996,0073416607553;0,8176699860922861;0,7512037660161578;115,27415559567373;1289,0462167765168;650,0;0,13105810619184716
99,33333333333333;1020,7522516790467;1016,1519951984518;996,2091192081951;0,8176699860922861;0,7512037660161578;115,14014432183899;1287,9316726679301;650,0;0,1309415848430759
99,41666666666667;1020,8777387854243;1016,282820472032;996,4103423485622;0,8176699860922861;0,7512037660161578;115,0064120148727;1286,819100715409;650,0;0,13082527358020404
99,5;1021,0031208816587;1016,413529643859;996,6110142095049;0,8176699860922861;0,7512037660161578;114,87295783480818;1285,7084955848468;650,0;0,13070917182703667
99,58333333333333;1021,1283981433523;1016,5441229228685;996,8111379000156;0,8176699860922861;0,7512037660161578;114,73978094499273;1284,5998519615662;650,0;0,1305932790095013
99,66666666666667;1021,2535707456674;1016,6746005174242;997,0107165105228;0,8176699860922861;0,7512037660161578;114,60688051209615;1283,4931645510317;650,0;0,13047759455571523
99,75;1021,378638863327;1016,8049626353201;997,2097531129829;0,8176699860922861;0,7512037660161578;114,47425570607948;1282,3884280777406;650,0;0,13036211789587923
99,83333333333333;1021,5036026706181;1016,9352094837824;997,4082507609726;0,8176699860922861;0,7512037660161578;114,34190570017222;1281,285637285461;650,0;0,13024684846229748
99,91666666666667;1021,628462341391;1017,0653412694718;997,6062124897802;0,8176699860922861;0,7512037660161578;114,2098296708923;1280,1847869375636;650,0;0,1301317856894105
100,0;1021,753218049062;1017,1953581984856;997,8036413164976;0,8176699860922861;0,7512037660161578;114,07802679798067;1279,085871816341;650,0;0,13001692901372544
100,08333333333333;1021,8778699666149;1017,3252604763594;998,0005402401111;0,8176699860922861;0,7512037660161578;113,9464962644098;1277,9888867232776;650,0;0,12990227787384215
100,16666666666667;1022,0024182666018;1017,4550483080699;998,1969122415929;0,8176699860922861;0,7512037660161578;113,81523725638658;1276,8938264787787;650,0;0,12978783171042813
100,25;1022,1268631211449;1017,5847218980362;998,392760283992;0,8176699860922861;0,7512037660161578;113,68424896329827;1275,8006859222671;650,0;0,12967358996622247
100,33333333333333;1022,2512047019379;1017,7142814501221;998,5880873125245;0,8176699860922861;0,7512037660161578;113,55353057771822;1274,7094599118338;650,0;0,12955955208600378
100,41666666666667;1022,3754431802477;1017,8437271676388;998,782896254665;0,8176699860922861;0,7512037660161578;113,42308129539447;1273,6201433245071;650,0;0,1294457175166143
100,5;1022,4995787269147;1017,9730592533457;998,9771900202363;0,8176699860922861;0,7512037660161578;113,29290031522135;1272,5327310558569;650,0;0,1293320857069203
100,58333333333333;1022,6236115123558;1018,1022779094535;999,1709715014995;0,8176699860922861;0,7512037660161578;113,16298683922525;1271,447218019662;650,0;0,12921865610777974
100,66666666666667;1022,7475417065649;1018,2313833376256;999,3642435732442;0,8176699860922861;0,7512037660161578;113,03334007255614;1270,3635991487654;650,0;0,1291054281721212
100,75;1022,8713694791143;1018,3603757389805;999,5570090928778;0,8176699860922861;0,7512037660161578;112,90395922348182;1269,2818693939332;650,0;0,1289924013548368
100,83333333333333;1022,9950949991561;1018,4892553140933;999,7492709005156;0,8176699860922861;0,7512037660161578;112,77484350334532;1268,202023724537;650,0;0,1288795751128422
100,91666666666667;1023,118718435424;1018,6180222629984;999,9410318190693;0,8176699860922861;0,7512037660161578;112,6459921265706;1267,1240571279982;650,0;0,12876694890502494
101,0;1023,2422399562339;1018,7466767851906;1000,1322946543364;0,8176699860922861;0,7512037660161578;112,51740431063979;1266,0479646097249;650,0;0,1286545221922367
101,08333333333333;1023,3656597294864;1018,875219079628;1000,323062195089;0,8176699860922861;0,7512037660161578;112,38907927608182;1264,973741193334;650,0;0,1285422944373128
101,16666666666667;1023,4889779226673;1019,003649344733;1000,5133372131622;0,8176699860922861;0,7512037660161578;112,26101624646105;1263,9013819205086;650,0;0,12843026510505767
101,25;1023,6121947028488;1019,1319677783953;1000,7031224635425;0,8176699860922861;0,7512037660161578;112,13321444835742;1262,8308818507755;650,0;0,12831843366222281
101,33333333333333;1023,7353102366918;1019,2601745779727;1000,8924206844557;0,8176699860922861;0,7512037660161578;112,00567311133796;1261,7622360609516;650,0;0,1282067995774517
101,41666666666667;1023,8583246904464;1019,3882699402941;1001,0812345974551;0,8176699860922861;0,7512037660161578;111,87839146797671;1260,6954396463475;650,0;0,12809536232139465
101,5;1023,9812382299534;1019,5162540616607;1001,2695669075088;0,8176699860922861;0,7512037660161578;111,75136875380645;1259,6304877193409;650,0;0,12798412136657075
101,58333333333333;1024,1040510206467;1019,644127137848;1001,4574203030868;0,8176699860922861;0,7512037660161578;111,62460420731861;1258,567375409869;650,0;0,127873076187414
101,66666666666667;1024,226763227552;1019,7718893641083;1001,6447974562487;0,8176699860922861;0,7512037660161578;111,4980970699662;1257,5060978659035;650,0;0,12776222626031775
101,75;1024,349375015292;1019,8995409351718;1001,8317010227304;0,8176699860922861;0,7512037660161578;111,37184658609272;1256,4466502520077;650,0;0,12765157106349365
101,83333333333333;1024,4718865480838;1020,0270820452489;1002,0181336420301;0,8176699860922861;0,7512037660161578;111,24585200300601;1255,3890277505736;650,0;0,12754111007709382
101,91666666666667;1024,594297989743;1020,1545128880321;1002,2040979374952;0,8176699860922861;0,7512037660161578;111,12011257087318;1254,333225560966;650,0;0,12743084278312117
102,0;1024,7166095036832;1020,2818336566975;1002,3895965164085;0,8176699860922861;0,7512037660161578;110,9946275427717;1253,2792388998862;650,0;0,12732076866546818
102,08333333333333;1024,8388212529196;1020,4090445439074;1002,5746319700733;0,8176699860922861;0,7512037660161578;110,86939617464395;1252,2270630010398;650,0;0,12721088720988158
102,16666666666667;1024,960933400067;1020,5361457418113;1002,7592068738998;0,8176699860922861;0,7512037660161578;110,74441772530577;1251,1766931150264;650,0;0,127101197903953
102,25;1025,0829461073445;1020,6631374420484;1002,9433237874897;0,8176699860922861;0,7512037660161578;110,61969145639239;1250,128124509528;650,0;0,12699170023713122
102,33333333333333;1025,2048595365738;1020,7900198357491;1003,1269852547218;0,8176699860922861;0,7512037660161578;110,49521663240114;1249,0813524688363;650,0;0,12688239370068244
102,41666666666667;1025,3266738491834;1020,9167931135369;1003,3101938038365;0,8176699860922861;0,7512037660161578;110,3709925206175;1248,0363722940074;650,0;0,12677327778769742
102,5;1025,4483892062071;1021,04345746553;1003,4929519475198;0,8176699860922861;0,7512037660161578;110,24701839116346;1246,993179303262;650,0;0,12666435199313364
102,58333333333333;1025,5700057682873;1021,1700130813437;1003,6752621829887;0,8176699860922861;0,7512037660161578;110,12329351692927;1245,9517688306512;650,0;0,12655561581368427
102,66666666666667;1025,6915236956754;1021,2964601500915;1003,857126992074;0,8176699860922861;0,7512037660161578;109,99981717359049;1244,9121362273104;650,0;0,12644706874789677
102,75;1025,812943148233;1021,4227988603876;1004,0385488413043;0,8176699860922861;0,7512037660161578;109,87658863959666;1243,8742768607763;650,0;0,12633871029610816
102,83333333333333;1025,934264285434;1021,549029400348;1004,21953018199;0,8176699860922861;0,7512037660161578;109,75360719613434;1242,8381861148139;650,0;0,12623053996042538
102,91666666666667;1026,055487266364;1021,6751519575927;1004,4000734503054;0,8176699860922861;0,7512037660161578;109,63087212714981;1241,8038593895267;650,0;0,12612255724473775
103,0;1026,1766122497243;1021,8011667192474;1004,5801810673725;0,8176699860922861;0,7512037660161578;109,50838271928376;1240,7712921011505;650,0;0,12601476165469158
103,08333333333333;1026,2976393938302;1021,9270738719451;1004,7598554393427;0,8176699860922861;0,7512037660161578;109,38613826192238;1239,7404796824821;650,0;0,12590715269773495
103,16666666666667;1026,418568856615;1022,0528736018282;1004,9390989574799;0,8176699860922861;0,7512037660161578;109,26413804712638;1238,7114175817696;650,0;0,12579972988300747
103,25;1026,5394007956286;1022,1785660945496;1005,1179139982419;0,8176699860922861;0,7512037660161578;109,14238136966787;1237,684101263916;650,0;0,12569249272145622
103,33333333333333;1026,6601353680412;1022,3041515352753;1005,2963029233622;0,8176699860922861;0,7512037660161578;109,02086752697357;1236,6585262092922;650,0;0,12558544072571948
103,41666666666667;1026,7807727306426;1022,4296301086855;1005,4742680799316;0,8176699860922861;0,7512037660161578;108,89959581914752;1235,6346879145913;650,0;0,12547857341020868
103,5;1026,9013130398444;1022,5550019989765;1005,6518118004791;0,8176699860922861;0,7512037660161578;108,77856554892844;1234,6125818917678;650,0;0,12537189029100546
103,58333333333333;1027,021756451681;1022,6802673898625;1005,8289364030531;0,8176699860922861;0,7512037660161578;108,65777602169544;1233,5922036687975;650,0;0,12526539088593294
103,66666666666667;1027,1421031218113;1022,805426464577;1006,0056441913017;0,8176699860922861;0,7512037660161578;108,53722654546516;1232,5735487893933;650,0;0,1251590747145291
103,75;1027,2623532055181;1022,930479405875;1006,1819374545527;0,8176699860922861;0,7512037660161578;108,41691643085767;1231,5566128127189;650,0;0,125052941298017
103,83333333333333;1027,3825068577125;1023,0554263960342;1006,357818467894;0,8176699860922861;0,7512037660161578;108,29684499107941;1230,5413913135314;650,0;0,12494699015931597
103,91666666666667;1027,5025642329315;1023,1802676168572;1006,5332894922533;0,8176699860922861;0,7512037660161578;108,17701154195731;1229,5278798820088;650,0;0,12484122082302943
104,0;1027,6225254853416;1023,3050032496726;1006,7083527744769;0,8176699860922861;0,7512037660161578;108,05741540185636;1228,5160741235884;650,0;0,12473563281542145
104,08333333333333;1027,7423907687398;1023,429633475337;1006,8830105474094;0,8176699860922861;0,7512037660161578;107,93805589172507;1227,5059696591918;650,0;0,12463022566444242
104,16666666666667;1027,8621602365533;1023,5541584742367;1007,0572650299722;0,8176699860922861;0,7512037660161578;107,81893233506992;1226,497562125001;650,0;0,12452499889970563
104,25;1027,9818340418428;1023,6785784262892;1007,2311184272421;0,8176699860922861;0,7512037660161578;107,70004405791553;1225,490847172142;650,0;0,12441995205245394
104,33333333333333;1028,101412337301;1023,8028935109447;1007,4045729305293;0,8176699860922861;0,7512037660161578;107,58139038884167;1224,4858204671764;650,0;0,12431508465560932
104,41666666666667;1028,2208952752571;1023,9271039071884;1007,5776307174553;0,8176699860922861;0,7512037660161578;107,46297065890928;1223,4824776913247;650,0;0,12421039624369323
104,5;1028,3402830076748;1024,0512097935414;1007,7502939520309;0,8176699860922861;0,7512037660161578;107,3447842017174;1222,480814541195;650,0;0,12410588635290005
104,58333333333333;1028,4595756861552;1024,1752113480625;1007,9225647847328;0,8176699860922861;0,7512037660161578;107,22683035333489;1221,4808267279595;650,0;0,1240015545210139
104,66666666666667;1028,578773461938;1024,29910874835;1008,0944453525811;0,8176699860922861;0,7512037660161578;107,10910845231751;1220,482509977623;650,0;0,12389740028743523
104,75;1028,6978764859018;1024,4229021715432;1008,2659377792161;0,8176699860922861;0,7512037660161578;106,99161783970226;1219,485860031658;650,0;0,12379342319323955
104,83333333333333;1028,8168849085655;1024,5465917943243;1008,4370441749737;0,8176699860922861;0,7512037660161578;106,87435785896469;1218,4908726451492;650,0;0,12368962278100032
104,91666666666667;1028,9357988800903;1024,6701777929193;1008,6077666369629;0,8176699860922861;0,7512037660161578;106,75732785603032;1217,4975435885858;650,0;0,1235859985949573
105,0;1029,0546185502797;1024,7936603431;1008,7781072491402;0,8176699860922861;0,7512037660161578;106,64052717927461;1216,5058686468933;650,0;0,12348255018092603
105,08333333333333;1029,1733440685812;1024,9170396201864;1008,9480680823863;0,8176699860922861;0,7512037660161578;106,5239551794889;1215,5158436194822;650,0;0,12337927708629953
105,16666666666667;1029,2919755840871;1025,0403157990465;1009,1176511945799;0,8176699860922861;0,7512037660161578;106,40761120986895;1214,5274643202154;650,0;0,12327617886004379
105,25;1029,410513245536;1025,1634890540993;1009,286858630674;0,8176699860922861;0,7512037660161578;106,29149462601504;1213,5407265771391;650,0;0,12317325505267296
105,33333333333333;1029,5289572013141;1025,2865595593155;1009,4556924227693;0,8176699860922861;0,7512037660161578;106,17560478592054;1212,5556262329276;650,0;0,12307050521628968
105,41666666666667;1029,6473075994554;1025,40952748822;1009,6241545901888;0,8176699860922861;0,7512037660161578;106,05994104996626;1211,572159144406;650,0;0,12296792890453997
105,5;1029,765564587644;1025,5323930138925;1009,7922471395522;0,8176699860922861;0,7512037660161578;105,9445027808863;1210,5903211827572;650,0;0,12286552567262951
105,58333333333333;1029,8837283132134;1025,6551563089697;1009,9599720648484;0,8176699860922861;0,7512037660161578;105,82928934378515;1209,6101082329676;650,0;0,12276329507727328
105,66666666666667;1030,0017989231505;1025,7778175456465;1010,1273313475102;0,8176699860922861;0,7512037660161578;105,7143001060922;1208,6315161943019;650,0;0,12266123667673585
105,75;1030,1197765640939;1025,9003768956773;1010,2943269564862;0,8176699860922861;0,7512037660161578;105,5995344376015;1207,6545409801763;650,0;0,12255935003082316
105,83333333333333;1030,237661382336;1026,022834530378;1010,460960848314;0,8176699860922861;0,7512037660161578;105,48499171041499;1206,679178517668;650,0;0,12245763470083133
105,91666666666667;1030,3554535238247;1026,1451906206278;1010,6272349671924;0,8176699860922861;0,7512037660161578;105,37067129894808;1205,705424748053;650,0;0,12235609024959762
106,0;1030,4731531341636;1026,2674453368693;1010,7931512450534;0,8176699860922861;0,7512037660161578;105,25657257992407;1204,7332756262363;650,0;0,12225471624144654
106,08333333333333;1030,5907603586138;1026,3895988491115;1010,9587116016344;0,8176699860922861;0,7512037660161578;105,14269493235702;1203,7627271209258;650,0;0,12215351224220458
106,16666666666667;1030,708275342094;1026,5116513269306;1011,123917944549;0,8176699860922861;0,7512037660161578;105,02903773755747;1202,7937752146324;650,0;0,12205247781920064
106,25;1030,8256982291828;1026,633602939472;1011,2887721693588;0,8176699860922861;0,7512037660161578;104,91560037908698;1201,826415903433;650,0;0,1219516125412398
106,33333333333333;1030,9430291641188;1026,7554538554505;1011,4532761596436;0,8176699860922861;0,7512037660161578;104,80238224276945;1200,8606451968737;650,0;0,12185091597859528
106,41666666666667;1031,060268290802;1026,8772042431535;1011,6174317870723;0,8176699860922861;0,7512037660161578;104,68938271670822;1199,8964591185584;650,0;0,12175038770306493
106,5;1031,1774157527952;1026,9988542704414;1011,7812409114731;0,8176699860922861;0,7512037660161578;104,57660119121215;1198,9338537050533;650,0;0,12165002728786219
106,58333333333333;1031,2944716933248;1027,120404104749;1011,9447053809032;0,8176699860922861;0,7512037660161578;104,46403705884677;1197,9728250063795;650,0;0,12154983430766673
106,66666666666667;1031,4114362552807;1027,2418539130877;1012,1078270317186;0,8176699860922861;0,7512037660161578;104,35168971439452;1197,0133690863768;650,0;0,12144980833865483
106,75;1031,5283095812197;1027,363203862046;1012,270607688643;0,8176699860922861;0,7512037660161578;104,23955855482632;1196,0554820214998;650,0;0,12134994895838416
106,83333333333333;1031,6450918133644;1027,484454117792;1012,4330491648375;0,8176699860922861;0,7512037660161578;104,12764297934132;1195,0991599022436;650,0;0,12125025574593079
106,91666666666667;1031,7617830936058;1027,6056048460737;1012,5951532619682;0,8176699860922861;0,7512037660161578;104,01594238931011;1194,1443988313692;650,0;0,12115072828171805
107,0;1031,8783835635033;1027,7266562122213;1012,7569217702757;0,8176699860922861;0,7512037660161578;103,90445618830313;1193,1911949255996;650,0;0,12105136614767761
107,08333333333333;1031,994893364286;1027,8476083811483;1012,9183564686421;0,8176699860922861;0,7512037660161578;103,79318378205085;1192,2395443144933;650,0;0,12095216892714065
107,16666666666667;1032,1113126368539;1027,9684615173533;1013,0794591246594;0,8176699860922861;0,7512037660161578;103,68212457844379;1191,289443140462;650,0;0,12085313620483944
107,25;1032,2276415217787;1028,0892157849203;1013,2402314946966;0,8176699860922861;0,7512037660161578;103,57127798751549;1190,3408875588802;650,0;0,1207542675669159
107,33333333333333;1032,3438801593047;1028,2098713475211;1013,4006753239668;0,8176699860922861;0,7512037660161578;103,46064342145951;1189,3938737382596;650,0;0,1206555626009397
107,41666666666667;1032,460028689351;1028,330428368417;1013,5607923465941;0,8176699860922861;0,7512037660161578;103,35022029458969;1188,4483978598535;650,0;0,12055702089586738
107,5;1032,5760872515111;1028,450887010459;1013,7205842856802;0,8176699860922861;0,7512037660161578;103,24000802335149;1187,5044561176721;650,0;0,12045864204204507
107,58333333333333;1032,6920559850532;1028,57124743609;1013,8800528533701;0,8176699860922861;0,7512037660161578;103,13000602630495;1186,5620447187212;650,0;0,12036042563122894
107,66666666666667;1032,807935028924;1028,6915098073466;1014,0391997509186;0,8176699860922861;0,7512037660161578;103,02021372407921;1185,6211598821128;650,0;0,12026237125649815
107,75;1032,9237245217473;1028,811674285859;1014,198026668755;0,8176699860922861;0,7512037660161578;102,91063053943503;1184,6817978401293;650,0;0,12016447851235988
107,83333333333333;1033,0394246018259;1028,9317410328538;1014,3565352865494;0,8176699860922861;0,7512037660161578;102,80125589720797;1183,74395483754;650,0;0,12006674699468028
107,91666666666667;1033,1550354071428;1029,0517102091544;1014,5147272732768;0,8176699860922861;0,7512037660161578;102,69208922430266;1182,8076271315708;650,0;0,11996917630068113
108,0;1033,270557075361;1029,1715819751835;1014,672604287282;0,8176699860922861;0,7512037660161578;102,58312994970993;1181,87281099203;650,0;0,11987176602895311
108,08333333333333;1033,385989743826;1029,291356490963;1014,8301679763439;0,8176699860922861;0,7512037660161578;102,47437750443851;1180,939502701024;650,0;0,119774515779423
108,16666666666667;1033,5013335495657;1029,4110339161164;1014,9874199777396;0,8176699860922861;0,7512037660161578;102,36583132157762;1180,0076985531618;650,0;0,11967742515337854
108,25;1033,6165886292924;1029,5306144098697;1015,144361918308;0,8176699860922861;0,7512037660161578;102,25749083623441;1179,07739485505;650,0;0,11958049375341538
108,33333333333333;1033,7317551194028;1029,6500981310533;1015,3009954145132;0,8176699860922861;0,7512037660161578;102,1493554855681;1178,1485879261945;650,0;0,11948372118352464
108,41666666666667;1033,8468331559789;1029,769485238102;1015,4573220725075;0,8176699860922861;0,7512037660161578;102,04142470873876;1177,221274097638;650,0;0,11938710704896073
108,5;1033,96182287479;1029,8887758890585;1015,6133434881943;0,8176699860922861;0,7512037660161578;101,93369794691876;1176,295449713133;650,0;0,11929065095635208
108,58333333333333;1034,0767244112926;1030,0079702415721;1015,7690612472907;0,8176699860922861;0,7512037660161578;101,826174643287;1175,3711111280797;650,0;0,11919435251360132
108,66666666666667;1034,1915379006323;1030,127068452902;1015,9244769253892;0,8176699860922861;0,7512037660161578;101,71885424301195;1174,4482547102396;650,0;0,11909821132995044
108,75;1034,3062634776438;1030,246070679918;1016,0795920880201;0,8176699860922861;0,7512037660161578;101,61173619325723;1173,526876839386;650,0;0,11900222701594858
108,83333333333333;1034,4209012768526;1030,3649770791014;1016,234408290713;0,8176699860922861;0,7512037660161578;101,5048199431476;1172,606973907067;650,0;0,11890639918342683
108,91666666666667;1034,5354514324754;1030,483787806547;1016,3889270790575;0,8176699860922861;0,7512037660161578;101,39810494378025;1171,6885423169542;650,0;0,11881072744553177
109,0;1034,6499140784215;1030,6025030179637;1016,5431499887646;0,8176699860922861;0,7512037660161578;101,29159064820783;1170,7715784845252;650,0;0,11871521141669422
109,08333333333333;1034,7642893482935;1030,7211228686763;1016,6970785457275;0,8176699860922861;0,7512037660161578;101,18527651144404;1169,85607883689;650,0;0,11861985071261369
109,16666666666667;1034,8785773753884;1030,8396475136267;1016,8507142660817;0,8176699860922861;0,7512037660161578;101,07916199042961;1168,9420398132813;650,0;0,11852464495030082
109,25;1034,992778292698;1030,9580771073747;1017,0040586562648;0,8176699860922861;0,7512037660161578;100,9732465440436;1168,029457864295;650,0;0,1184295937480076
109,33333333333333;1035,1068922329107;1031,0764118041;1017,1571132130766;0,8176699860922861;0,7512037660161578;100,86752963308072;1167,1183294522216;650,0;0,11833469672525627
109,41666666666667;1035,2209193284116;1031,1946517576027;1017,3098794237387;0,8176699860922861;0,7512037660161578;100,76201072026834;1166,2086510513648;650,0;0,11823995350287049
109,5;1035,334859711284;1031,3127971213057;1017,4623587659532;0,8176699860922861;0,7512037660161578;100,65668927022102;1165,3004191472;650,0;0,1181453637028927
109,58333333333333;1035,44871351331;1031,4308480482543;1017,6145527079617;0,8176699860922861;0,7512037660161578;100,55156474945761;1164,3936302366449;650,0;0,11805092694861084
109,66666666666667;1035,5624808659713;1031,548804691119;1017,7664627086039;0,8176699860922861;0,7512037660161578;100,44663662638982;1163,488280828518;650,0;0,11795664286460024
109,75;1035,6761619004512;1031,6666672021956;1017,9180902173758;0,8176699860922861;0,7512037660161578;100,34190437131087;1162,5843674426844;650,0;0,11786251107664265
109,83333333333333;1035,7897567476336;1031,7844357334075;1018,0694366744879;0,8176699860922861;0,7512037660161578;100,23736745638985;1161,681886610466;650,0;0,11776853121176416
109,91666666666667;1035,9032655381052;1031,9021104363057;1018,2205035109222;0,8176699860922861;0,7512037660161578;100,13302535565458;1160,7808348748488;650,0;0,11767470289825278
110,0;1036,0166884021564;1032,0196914620713;1018,3712921484904;0,8176699860922861;0,7512037660161578;100,02887754498602;1159,8812087897054;650,0;0,11758102576558561
110,08333333333333;1036,1300254697821;1032,1371789615157;1018,5218039998902;0,8176699860922861;0,7512037660161578;99,92492350212956;1158,9830049201612;650,0;0,11748749944446378
110,16666666666667;1036,2432768706817;1032,2545730850825;1018,6720404687625;0,8176699860922861;0,7512037660161578;99,82116270666097;1158,0862198427506;650,0;0,11739412356682406
110,25;1036,3564427342612;1032,3718739828482;1018,8220029497478;0,8176699860922861;0,7512037660161578;99,71759463998069;1157,1908501448638;650,0;0,11730089776578655
110,33333333333333;1036,4695231896337;1032,489081804524;1018,9716928285424;0,8176699860922861;0,7512037660161578;99,61421878532519;1156,296892425349;650,0;0,11720782167571209
110,41666666666667;1036,5825183656202;1032,6061966994562;1019,1211114819539;0,8176699860922861;0,7512037660161578;99,51103462774427;1155,404343293862;650,0;0,11711489493213934
110,5;1036,6954283907498;1032,7232188166279;1019,2702602779575;0,8176699860922861;0,7512037660161578;99,408041654101;1154,5131993711357;650,0;0,11702211717180995
110,58333333333333;1036,8082533932622;1032,8401483046605;1019,4191405757507;0,8176699860922861;0,7512037660161578;99,30523935304905;1153,6234572888702;650,0;0,11692948803265617
110,66666666666667;1036,9209935011072;1032,9569853118144;1019,5677537258085;0,8176699860922861;0,7512037660161578;99,202627215044;1152,7351136894777;650,0;0,11683700715377818
110,75;1037,0336488419457;1033,07372998599;1019,7161010699383;0,8176699860922861;0,7512037660161578;99,10020473232066;1151,8481652267965;650,0;0,11674467417550845
110,83333333333333;1037,1462195431513;1033,1903824747292;1019,864183941334;0,8176699860922861;0,7512037660161578;98,99797139889301;1150,96260856476;650,0;0,11665248873928774
110,91666666666667;1037,2587057318103;1033,3069429252168;1020,0120036646302;0,8176699860922861;0,7512037660161578;98,89592671055425;1150,0784403786163;650,0;0,11656045048777867
111,0;1037,3711075347237;1033,4234114842816;1020,1595615559565;0,8176699860922861;0,7512037660161578;98,79407016483697;1149,195657354073;650,0;0,11646855906478243
111,08333333333333;1037,4834250784065;1033,5397882983968;1020,3068589229905;0,8176699860922861;0,7512037660161578;98,69240126105296;1148,314256187899;650,0;0,11637681411529847
111,16666666666667;1037,59565848909;1033,6560735136823;1020,4538970650112;0,8176699860922861;0,7512037660161578;98,59091950024208;1147,4342335870692;650,0;0,11628521528544002
111,25;1037,7078078927218;1033,7722672759048;1020,6006772729525;0,8176699860922861;0,7512037660161578;98,48962438519493;1146,5555862692393;650,0;0,11619376222248048
111,33333333333333;1037,8198734149667;1033,8883697304798;1020,747200829455;0,8176699860922861;0,7512037660161578;98,38851542042448;1145,678310962889;650,0;0,11610245457486419
111,41666666666667;1037,9318551812082;1034,004381022472;1020,8934690089193;0,8176699860922861;0,7512037660161578;98,28759211217175;1144,802404406783;650,0;0,11601129199215647
111,5;1038,0437533165486;1034,120301296597;1021,0394830775577;0,8176699860922861;0,7512037660161578;98,18685396840579;1143,9278633503193;650,0;0,1159202741250764
111,58333333333333;1038,15556794581;1034,2361306972225;1021,1852442934463;0,8176699860922861;0,7512037660161578;98,08630049878957;1143,0546845533713;650,0;0,11582940062547871
111,66666666666667;1038,2672991935353;1034,3518693683689;1021,3307539065762;0,8176699860922861;0,7512037660161578;97,9859312146857;1142,1828647857647;650,0;0,11573867114630552
111,75;1038,3789471839896;1034,4675174537106;1021,4760131589051;0,8176699860922861;0,7512037660161578;97,8857456291621;1141,3124008283226;650,0;0,11564808534168447
111,83333333333333;1038,4905120411595;1034,5830750965774;1021,6210232844084;0,8176699860922861;0,7512037660161578;97,78574325697491;1140,4432894716629;650,0;0,11555764286681482
111,91666666666667;1038,6019938887555;1034,6985424399554;1021,7657855091296;0,8176699860922861;0,7512037660161578;97,68592361455148;1139,575527516925;650,0;0,11546734337803376
112,0;1038,7133928502117;1034,813919626488;1021,9103010512313;0,8176699860922861;0,7512037660161578;97,58628622000174;1138,7091117753914;650,0;0,11537718653278206
112,08333333333333;1038,8247090486875;1034,9292067984777;1022,0545711210448;0,8176699860922861;0,7512037660161578;97,48683059308973;1137,8440390687404;650,0;0,11528717198962506
112,16666666666667;1038,9359426070678;1035,044404097886;1022,1985969211204;0,8176699860922861;0,7512037660161578;97,38755625524504;1136,9803062282695;650,0;0,11519729940818127
112,25;1039,047093647964;1035,1595116663352;1022,342379646277;0,8176699860922861;0,7512037660161578;97,2884627295457;1136,117910095751;650,0;0,11510756844920059
112,33333333333333;1039,1581622937147;1035,2745296451099;1022,4859204836513;0,8176699860922861;0,7512037660161578;97,18954954071819;1135,2568475230687;650,0;0,11501797877453039
112,41666666666667;1039,269148666387;1035,389458175157;1022,629220612747;0,8176699860922861;0,7512037660161578;97,09081621512041;1134,3971153721368;650,0;0,11492853004710643
112,5;1039,3800528877766;1035,5042973970878;1022,7722812054838;0,8176699860922861;0,7512037660161578;96,99226228075304;1133,5387105146008;650,0;0,11483922193092588
112,58333333333333;1039,4908750794093;1035,6190474511789;1022,9151034262455;0,8176699860922861;0,7512037660161578;96,89388726721972;1132,6816298321687;650,0;0,11475005409107471
112,66666666666667;1039,6016153625412;1035,7337084773726;1023,057688431929;0,8176699860922861;0,7512037660161578;96,79569070576122;1131,8258702165956;650,0;0,1146610261937292
112,75;1039,7122738581595;1035,8482806152788;1023,2000373719915;0,8176699860922861;0,7512037660161578;96,69767212921556;1130,971428569082;650,0;0,11457213790609622
112,83333333333333;1039,822850686984;1035,9627640041754;1023,3421513884987;0,8176699860922861;0,7512037660161578;96,5998310720181;1130,118301801161;650,0;0,11448338889649602
112,91666666666667;1039,9333459694672;1036,0771587830097;1023,4840316161723;0,8176699860922861;0,7512037660161578;96,50216707021855;1129,2664868339684;650,0;0,11439477883429568
113,0;1040,0437598257952;1036,1914650903996;1023,625679182437;0,8176699860922861;0,7512037660161578;96,40467966143547;1128,4159805981342;650,0;0,11430630738989471
113,08333333333333;1040,1540923758887;1036,3056830646344;1023,7670952074678;0,8176699860922861;0,7512037660161578;96,30736838489042;1127,5667800341118;650,0;0,11421797423475907
113,16666666666667;1040,264343739404;1036,4198128436758;1023,9082808042363;0,8176699860922861;0,7512037660161578;96,21023278135681;1126,7188820923243;650,0;0,11412977904142983
113,25;1040,3745140357328;1036,5338545651593;1024,049237078557;0,8176699860922861;0,7512037660161578;96,1132723932053;1125,8722837325756;650,0;0,1140417214834727
113,33333333333333;1040,4846033840042;1036,6478083663949;1024,1899651291344;0,8176699860922861;0,7512037660161578;96,0164867643357;1125,0269819239086;650,0;0,11395380123545827
113,41666666666667;1040,5946119030846;1036,761674384368;1024,3304660476074;0,8176699860922861;0,7512037660161578;95,91987544023368;1124,1829736456198;650,0;0,11386601797306206
113,5;1040,7045397115787;1036,875452755741;1024,4707409185964;0,8176699860922861;0,7512037660161578;95,82343796791406;1123,340255886086;650,0;0,11377837137294977
113,58333333333333;1040,8143869278308;1036,9891436168539;1024,610790819748;0,8176699860922861;0,7512037660161578;95,72717389594345;1122,4988256430502;650,0;0,11369086111280591
113,66666666666667;1040,9241536699246;1037,1027471037253;1024,7506168217797;0,8176699860922861;0,7512037660161578;95,63108277442325;1121,6586799240642;650,0;0,11360348687137373
113,75;1041,0338400556843;1037,2162633520536;1024,8902199885254;0,8176699860922861;0,7512037660161578;95,53516415498393;1120,8198157458723;650,0;0,11351624832839702
113,83333333333333;1041,1434462026764;1037,3296924972183;1025,02960137698;0,8176699860922861;0,7512037660161578;95,43941759076802;1119,982230134346;650,0;0,1134291451646125
113,91666666666667;1041,252972228209;1037,4430346742802;1025,1687620373436;0,8176699860922861;0,7512037660161578;95,34384263645279;1119,145920125024;650,0;0,11334217706180227
114,0;1041,3624182493331;1037,556290017983;1025,3077030130653;0,8176699860922861;0,7512037660161578;95,2484388482219;1118,3108827627004;650,0;0,11325534370275281
114,08333333333333;1041,4717843828435;1037,6694586627543;1025,4464253408876;0,8176699860922861;0,7512037660161578;95,15320578375395;1117,4771151014074;650,0;0,1131686447712523
114,16666666666667;1041,5810707452792;1037,7825407427065;1025,5849300508892;0,8176699860922861;0,7512037660161578;95,05814300222823;1116,644614204195;650,0;0,11308207995207047
114,25;1041,6902774529249;1037,8955363916375;1025,7232181665293;0,8176699860922861;0,7512037660161578;94,96325006431903;1115,813377143352;650,0;0,11299564893097883
114,33333333333333;1041,7994046218103;1038,0084457430323;1025,8612907046897;0,8176699860922861;0,7512037660161578;94,8685265321842;1114,9834010003588;650,0;0,11290935139474514
114,41666666666667;1041,908452367713;1038,1212689300635;1025,999148675719;0,8176699860922861;0,7512037660161578;94,77397196944821;1114,1546828657924;650,0;0,11282318703112298
114,5;1042,0174208061571;1038,2340060855925;1026,1367930834733;0,8176699860922861;0,7512037660161578;94,67958594123616;1113,3272198395157;650,0;0,11273715552887256
114,58333333333333;1042,1263100524152;1038,3466573421701;1026,2742249253604;0,8176699860922861;0,7512037660161578;94,58536801411697;1112,5010090299502;650,0;0,1126512565776876
114,66666666666667;1042,2351202215089;1038,4592228320384;1026,4114451923804;0,8176699860922861;0,7512037660161578;94,49131775612614;1111,6760475548504;650,0;0,11256548986826964
114,75;1042,3438514282084;1038,5717026871307;1026,5484548691686;0,8176699860922861;0,7512037660161578;94,39743473676003;1110,852332540941;650,0;0,11247985509229379
114,83333333333333;1042,4525037870353;1038,684097039073;1026,6852549340367;0,8176699860922861;0,7512037660161578;94,3037185269418;1110,0298611237583;650,0;0,11239435194239052
114,91666666666667;1042,5610774122624;1038,7964060191853;1026,821846359014;0,8176699860922861;0,7512037660161578;94,21016869905543;1109,2086304476015;650,0;0,11230898011214453
115,0;1042,669572417913;1038,9086297584813;1026,9582301098887;0,8176699860922861;0,7512037660161578;94,11678482692878;1108,388637665977;650,0;0,11222373929613455
115,08333333333333;1042,7779889177637;1039,020768387671;1027,0944071462488;0,8176699860922861;0,7512037660161578;94,02356648579371;1107,569879940823;650,0;0,11213862918985715
115,16666666666667;1042,8863270253448;1039,1328220371608;1027,230378421523;0,8176699860922861;0,7512037660161578;93,93051325231454;1106,752354442983;650,0;0,11205364948977369
115,25;1042,9945868539396;1039,244790837054;1027,3661448830203;0,8176699860922861;0,7512037660161578;93,83762470459942;1105,9360583523655;650,0;0,11196879989332631
115,33333333333333;1043,1027685165864;1039,356674917153;1027,5017074719706;0,8176699860922861;0,7512037660161578;93,74490042213779;1105,1209888571198;650,0;0,11188408009885513
115,41666666666667;1043,2108721260788;1039,4684744069586;1027,6370671235652;0,8176699860922861;0,7512037660161578;93,65233998583449;1104,3071431545548;650,0;0,11179948980568713
115,5;1043,3188977949662;1039,5801894356728;1027,7722247669956;0,8176699860922861;0,7512037660161578;93,55994297800407;1103,49451845003;650,0;0,11171502871403223
115,58333333333333;1043,4268456355553;1039,6918201321978;1027,9071813254934;0,8176699860922861;0,7512037660161578;93,46770898233672;1102,6831119579851;650,0;0,1116306965250761
115,66666666666667;1043,53471575991;1039,8033666251388;1028,0419377163691;0,8176699860922861;0,7512037660161578;93,37563758393799;1101,8729209014023;650,0;0,11154649294093374
115,75;1043,6425082798514;1039,9148290428034;1028,176494851052;0,8176699860922861;0,7512037660161578;93,2837283692777;1101,0639425117574;650,0;0,11146241766464011
115,83333333333333;1043,7502233069613;1040,0262075132034;1028,3108536351278;0,8176699860922861;0,7512037660161578;93,19198092620127;1100,2561740286876;650,0;0,11137847040012026
115,91666666666667;1043,8578609525794;1040,1375021640556;1028,4450149683778;0,8176699860922861;0,7512037660161578;93,10039484394679;1099,4496127010855;650,0;0,11129465085229297
116,0;1043,9654213278063;1040,2487131227824;1028,5789797448172;0,8176699860922861;0,7512037660161578;93,00896971309385;1098,644255785418;650,0;0,111210958726909
116,08333333333333;1044,0729045435037;1040,359840516513;1028,7127488527328;0,8176699860922861;0,7512037660161578;92,91770512559765;1097,8401005472806;650,0;0,11112739373069952
116,16666666666667;1044,1803107102942;1040,4708844720842;1028,8463231747212;0,8176699860922861;0,7512037660161578;92,82660067476627;1097,0371442601293;650,0;0,11104395557125549
116,25;1044,2876399385632;1040,5818451160412;1028,979703587726;0,8176699860922861;0,7512037660161578;92,73565595524929;1096,235384206183;650,0;0,11096064395711085
116,33333333333333;1044,394892338459;1040,692722574639;1029,1128909630756;0,8176699860922861;0,7512037660161578;92,64487056304915;1095,4348176755373;650,0;0,11087745859766092
116,41666666666667;1044,5020680198934;1040,8035169738423;1029,2458861665202;0,8176699860922861;0,7512037660161578;92,55424409549846;1094,6354419669244;650,0;0,11079439920323117
116,5;1044,6091670925425;1040,9142284393274;1029,3786900582686;0,8176699860922861;0,7512037660161578;92,46377615127699;1093,837254387381;650,0;0,11071146548504776
116,58333333333333;1044,7161896658474;1041,0248570964827;1029,5113034930248;0,8176699860922861;0,7512037660161578;92,3734663303776;1093,0402522519462;650,0;0,11062865715520623
116,66666666666667;1044,8231358490152;1041,1354030704094;1029,643727320025;0,8176699860922861;0,7512037660161578;92,2833142341176;1092,2444328836937;650,0;0,11054597392667563
116,75;1044,9300057510186;1041,2458664859228;1029,7759623830732;0,8176699860922861;0,7512037660161578;92,19331946514444;1091,4497936145087;650,0;0,1104634155133714
116,83333333333333;1045,036799480598;1041,3562474675527;1029,9080095205782;0,8176699860922861;0,7512037660161578;92,10348162739592;1090,6563317834712;650,0;0,11038098163000089
116,91666666666667;1045,1435171462608;1041,466546139545;1030,0398695655879;0,8176699860922861;0,7512037660161578;92,0138003261286;1089,8640447385667;650,0;0,11029867199222557
117,0;1045,2501588562834;1041,5767626258616;1030,1715433458264;0,8176699860922861;0,7512037660161578;91,92427516789508;1089,072929835499;650,0;0,11021648631654828
117,08333333333333;1045,356724718711;1041,6868970501819;1030,303031683729;0,8176699860922861;0,7512037660161578;91,83490576054396;1088,2829844377532;650,0;0,11013442432031889
117,16666666666667;1045,4632148413575;1041,7969495359037;1030,4343353964764;0,8176699860922861;0,7512037660161578;91,7456917132256;1087,4942059175933;650,0;0,1100524857218281
117,25;1045,5696293318083;1041,906920206144;1030,5654552960311;0,8176699860922861;0,7512037660161578;91,65663263634656;1086,7065916545257;650,0;0,10997067024015977
117,33333333333333;1045,6759682974193;1042,0168091837393;1030,6963921891713;0,8176699860922861;0,7512037660161578;91,56772814160945;1085,9201390359965;650,0;0,10988897759525962
117,41666666666667;1045,782231845318;1042,1266165912473;1030,8271468775254;0,8176699860922861;0,7512037660161578;91,47897784200154;1085,1348454578508;650,0;0,10980740750797714
117,5;1045,8884200824036;1042,2363425509473;1030,9577201576064;0,8176699860922861;0,7512037660161578;91,39038135176634;1084,3507083234297;650,0;0,10972595969997861
117,58333333333333;1045,9945331153492;1042,345987184841;1031,0881128208468;0,8176699860922861;0,7512037660161578;91,30193828640927;1083,5677250442352;650,0;0,1096446338938097
117,66666666666667;1046,1005710506008;1042,455550614654;1031,2183256536312;0,8176699860922861;0,7512037660161578;91,21364826270337;1082,7858930391867;650,0;0,10956342981282657
117,75;1046,2065339943783;1042,5650329618352;1031,3483594373306;0,8176699860922861;0,7512037660161578;91,12551089867225;1082,0052097353484;650,0;0,10948234718126226
117,83333333333333;1046,312422052677;1042,6744343475593;1031,4782149483365;0,8176699860922861;0,7512037660161578;91,03752581357867;1081,2256725674708;650,0;0,10940138572418276
117,91666666666667;1046,4182353312674;1042,7837548927268;1031,6078929580929;0,8176699860922861;0,7512037660161578;90,94969262794166;1080,4472789778479;650,0;0,10932054516747527
118,0;1046,5239739356957;1042,8929947179647;1031,7373942331303;0,8176699860922861;0,7512037660161578;90,86201096351374;1079,6700264165545;650,0;0,10923982523786828
118,08333333333333;1046,6296379712855;1043,0021539436277;1031,8667195350986;0,8176699860922861;0,7512037660161578;90,77448044327525;1078,8939123416526;650,0;0,10915922566295025
118,16666666666667;1046,7352275431372;1043,1112326897987;1031,995869620799;0,8176699860922861;0,7512037660161578;90,68710069144572;1078,1189342181772;650,0;0,10907874617107607
118,25;1046,8407427561294;1043,2202310762902;1032,1248452422174;0,8176699860922861;0,7512037660161578;90,59987133346112;1077,3450895194512;650,0;0,10899838649148758
118,33333333333333;1046,946183714919;1043,3291492226444;1032,2536471465555;0,8176699860922861;0,7512037660161578;90,51279199597957;1076,5723757260873;650,0;0,10891814635422102
118,41666666666667;1047,0515505239425;1043,4379872481345;1032,3822760762644;0,8176699860922861;0,7512037660161578;90,42586230686425;1075,8007903260836;650,0;0,10883802549011434
118,5;1047,156843287416;1043,5467452717653;1032,510732769075;0,8176699860922861;0,7512037660161578;90,33908189520048;1075,0303308154091;650,0;0,10875802363086344
118,58333333333333;1047,2620621093358;1043,6554234122743;1032,6390179580305;0,8176699860922861;0,7512037660161578;90,2524503912673;1074,2609946972111;650,0;0,1086781405089455
118,66666666666667;1047,3672070934801;1043,764021788132;1032,7671323715176;0,8176699860922861;0,7512037660161578;90,16596742653746;1073,4927794819755;650,0;0,10859837585763403
118,75;1047,4722783434077;1043,872540517543;1032,8950767332979;0,8176699860922861;0,7512037660161578;90,07963263370584;1072,7256826880948;650,0;0,10851872941105438
118,83333333333333;1047,5772759624606;1043,980979718447;1033,0228517625385;0,8176699860922861;0,7512037660161578;89,99344564661556;1071,959701840919;650,0;0,10843920090408851
118,91666666666667;1047,682200053763;1044,0893395085195;1033,1504581738436;0,8176699860922861;0,7512037660161578;89,90740610033754;1071,194834473453;650,0;0,10835979007244724
119,0;1047,7870507202226;1044,1976200051722;1033,2778966772848;0,8176699860922861;0,7512037660161578;89,82151363108528;1070,4310781258796;650,0;0,10828049665261796
119,08333333333333;1047,891828064532;1044,305821325554;1033,4051679784316;0,8176699860922861;0,7512037660161578;89,7357678762603;1069,6684303458778;650,0;0,1082013203818985
119,16666666666667;1047,996532189168;1044,4139435865525;1033,5322727783812;0,8176699860922861;0,7512037660161578;89,65016847445213;1068,9068886885434;650,0;0,10812226099838972
119,25;1048,1011631963925;1044,5219869047935;1033,65921177379;0,8176699860922861;0,7512037660161578;89,56471506538719;1068,1464507157386;650,0;0,10804331824093004
119,33333333333333;1048,2057211882536;1044,6299513966426;1033,785985656902;0,8176699860922861;0,7512037660161578;89,47940728997423;1067,3871139971388;650,0;0,10796449184919744
119,41666666666667;1048,310206266586;1044,7378371782063;1033,9125951155795;0,8176699860922861;0,7512037660161578;89,39424479027593;1066,6288761092337;650,0;0,1078857815636135
119,5;1048,414618533011;1044,8456443653317;1034,039040833332;0,8176699860922861;0,7512037660161578;89,30922720949184;1065,8717346359451;650,0;0,1078071871253995
119,58333333333333;1048,5189580889382;1044,9533730736082;1034,1653234893458;0,8176699860922861;0,7512037660161578;89,22435419198109;1065,1156871682788;650,0;0,10772870827654601
119,66666666666667;1048,6232250355654;1045,061023418368;1034,2914437585139;0,8176699860922861;0,7512037660161578;89,13962538325109;1064,3607313045145;650,0;0,10765034475982972
119,75;1048,7274194738789;1045,1685955146868;1034,4174023114635;0,8176699860922861;0,7512037660161578;89,0550404299347;1063,6068646496833;650,0;0,10757209631876231
119,83333333333333;1048,8315415046548;1045,2760894773844;1034,5431998145862;0,8176699860922861;0,7512037660161578;88,97059897980171;1062,8540848162957;650,0;0,10749396269765962
119,91666666666667;1048,9355912284589;1045,383505421026;1034,6688369300655;0,8176699860922861;0,7512037660161578;88,88630068175871;1062,1023894237717;650,0;0,10741594364158841
120,0;1049,039568745648;1045,4908434599224;1034,7943143159064;0,8176699860922861;0,7512037660161578;88,80214518582079;1061,3517760984412;650,0;0,10733803889636377
