time_min;T_gas;T_hanger;T_cable;phi_hanger;phi_cable;qconv_hanger;qrad_hanger;cp_hanger;dT_hanger
0,0;20,0;20,0;20,0;0,7617968735214569;0,6802060063015218;0,0;0,0;0,0;0,0
0,08333333333333333;96,53781861764294;20,0;20,0;0,7617968735214569;0,6802060063015218;0,0;0,0;439,80176;0,0
0,16666666666666666;146,95199092663503;20,31101896471867;20,097355483701843;0,7617968735214569;0,6802060063015218;1913,4454654410736;341,4830875024864;439,80176;0,3110189647186702
0,25;184,60683287828354;20,84640819666783;20,26465281718879;0,7617968735214569;0,6802060063015218;3166,024299047909;717,5606322917735;440,02183080540743;0,5353892319491611
0,3333333333333333;214,67364350130407;21,562080286061406;20,48811067419863;0,7617968735214569;0,6802060063015218;4094,010617040393;1101,7639531809582;440,3999572173513;0,7156720893935739
0,4166666666666667;239,70362366757516;22,43051710291043;20,75924244891101;0,7617968735214569;0,6802060063015218;4827,789080381066;1484,272677164591;440,90402253785913;0,8684368168490232
0,5;261,1446514959265;23,432506578651545;21,07220534339233;0,7617968735214569;0,6802060063015218;5431,827664116618;1861,0034236995905;441,5135568757072;1,0019894757411159
0,5833333333333334;279,89804499722095;24,553651168551923;21,42268126560625;0,7617968735214569;0,6802060063015218;5942,803622931873;2230,2247685652947;442,2139417441795;1,12114458990038
0,6666666666666666;296,5631594504424;25,782623692246897;21,80731860815806;0,7617968735214569;0,6802060063015218;6383,609845716725;2591,276020617818;442,9939646823638;1,2289725236949753
0,75;311,5588238049186;27,110192744687797;22,223420896500855;0,7617968735214569;0,6802060063015218;6769,513393954888;2944,014938236661;443,8445995038914;1,3275690524408996
0,8333333333333334;325,189270547786;28,528632287411344;22,668758569026988;0,7617968735214569;0,6802060063015218;7111,215776505769;3288,55741834116;444,7583257286648;1,4184395427235488
0,9166666666666666;337,6824701135694;30,031341381861047;23,141448039633122;0,7617968735214569;0,6802060063015218;7416,515956509366;3625,146875679183;445,72871682639965;1,5027090944497015
1,0;349,2136657565671;31,6125871865919;23,639870183324412;0,7617968735214569;0,6802060063015218;7691,2782182927085;3954,0858208035534;446,75017526857215;1,5812458047308533
1,0833333333333333;359,9204763968563;33,2673243664788;24,16261323325084;0,7617968735214569;0,6802060063015218;7940,0269642493795;4275,699054277688;447,81775353966606;1,6547371798869028
1,1666666666666667;369,91295149454055;34,99106404390058;24,708431487478393;0,7617968735214569;0,6802060063015218;8166,328800759437;4590,313660671906;448,92702832665924;1,723739677421776
1,25;379,2804763795877;36,77977608755811;25,276214642732505;0,7617968735214569;0,6802060063015218;8373,047186266;4898,248232133894;450,0740091092069;1,788712043657536
1,3333333333333333;388,0966424225615;38,62981454913799;25,864964498822665;0,7617968735214569;0,6802060063015218;8562,51750730074;5199,807284833695;451,2550698425629;1,8500384615798768
1,4166666666666667;396,42276192482973;40,53785960930744;26,473776914001657;0,7617968735214569;0,6802060063015218;8736,670696835588;5495,278640477779;452,4668966342832;1,9080450601694523
1,5;404,31045654585864;42,500871574898326;27,101827588740562;0,7617968735214569;0,6802060063015218;8897,122557888059;5784,932509226691;453,7064467987859;1,9630119655908849
1,5833333333333333;411,8035976900252;44,516053853585824;27,748360697757413;0,7617968735214569;0,6802060063015218;9045,239624274009;6069,0215418389525;454,97091619681265;2,015182278687499
1,6666666666666667;418,9397842966738;46,58082273752023;28,41267967913239;0,7617968735214569;0,6802060063015218;9182,188595910984;6347,781420207016;456,2577127327243;2,0647688839344043
1,75;425,75148437421007;48,69278243454565;29,094139683067624;0,7617968735214569;0,6802060063015218;9308,974038978839;6621,431730341652;457,5644345132012;2,1119596970254157
1,8333333333333333;432,2669281095389;50,8497042022881;29,792141315706452;0,7617968735214569;0,6802060063015218;9426,46754849161;6890,176965315335;458,8888515932673;2,156921767742451
1,9166666666666667;438,5108147315537;53,04950873214737;30,506125406412558;0,7617968735214569;0,6802060063015218;9535,43059768127;7154,207567799314;460,2288905248418;2,199804529859275
2,0;444,50487787550446;55,290251138262086;31,235568593189207;0,7617968735214569;0,6802060063015218;9636,532649985158;7413,700959550045;461,5826211251437;2,2407424061147156
2,0833333333333335;450,26834213398865;57,57010805730417;31,979979568947854;0,7617968735214569;0,6802060063015218;9730,365668431059;7668,822528262256;462,94824502605115;2,279856919042082
2,1666666666666665;455,81829499723057;59,88736647588349;32,73889586666426;0,7617968735214569;0,6802060063015218;9817,455851917111;7919,726556335023;464,32408566942206;2,317258418579321
2,25;461,169992328726;62,24041398505244;33,51188108780373;0,7617968735214569;0,6802060063015218;9898,273213033677;8166,5570847204735;465,70857948958695;2,353047509168954
2,3333333333333335;466,33711113825626;64,627730223837;34,29852249828746;0,7617968735214569;0,6802060063015218;9973,23945859184;8409,448710226216;467,1002680808351;2,3873162387845626
2,4166666666666665;471,33196020043107;67,04787932139132;35,098428931462834;0,7617968735214569;0,6802060063015218;10042,734522860483;8648,52731770458;468,4977911902858;2,420149097554309
2,5;476,16565668320214;69,49950318415186;35,9112289492661;0,7617968735214569;0,6802060063015218;10107,102021975992;8883,910750285282;469,89988040890205;2,4516238627605462
2,5833333333333335;480,8482751635016;71,98131550301922;36,736569221904865;0,7617968735214569;0,6802060063015218;10166,653837476257;9115,709421695172;471,30535345825734;2,48181231886736
2,6666666666666665;485,3889740535016;74,49209637811735;37,57411309357634;0,7617968735214569;0,6802060063015218;10221,67399151206;9344,026875077792;472,713108989934;2,510780875098134
2,75;489,7961034260695;77,03068747653339;38,42353930743903;0,7617968735214569;0,6802060063015218;10272,421941884606;9568,96029277989;474,1221218294994;2,5385910984160334
2,8333333333333335;494,07729742979745;79,59598765270381;39,28454086761403;0,7617968735214569;0,6802060063015218;10319,135398738403;9790,600961439284;475,5314386088886;2,5653001761704193
2,9166666666666665;498,2395538632738;82,18694897259236;40,1568240196631;0,7617968735214569;0,6802060063015218;10362,03274442734;10009,034696472212;476,94017374045893;2,5909613198885504
3,0;502,289302991853;84,80257309210816;41,040107333967875;0,7617968735214569;0,6802060063015218;10401,315122267037;10224,34222976902;478,34750569354156;2,615624119515798
3,0833333333333335;506,2324673062227;87,44190794780187;41,93412087886409;0,7617968735214569;0,6802060063015218;10437,16824749362;10436,59956409825;479,7526735404044;2,639334855693711
3,1666666666666665;510,07451361691875;90,1040447241075;42,83860547238003;0,7617968735214569;0,6802060063015218;10469,763983960522;10645,878297409678;481,1549737434824;2,6621367763056325
3,25;513,8204986348507;92,78811506654142;43,75331200307602;0,7617968735214569;0,6802060063015218;10499,261722320281;10852,245919929333;482,5537571597715;2,684070342433921
3,3333333333333335;517,475108991462;95,49328851454175;44,678000811849955;0,7617968735214569;0,6802060063015218;10525,80958920773;11055,766086659454;483,94842624159804;2,7051734480003304
3,4166666666666665;521,0426964931474;98,21877013119749;45,612441127715606;0,7617968735214569;0,6802060063015218;10549,545511923006;11256,498867637882;485,33843241572396;2,725481616655748
3,5;524,5273092751398;100,96379831010954;46,55641055151794;0,7617968735214569;0,6802060063015218;10570,598159048748;11454,500978074631;486,72327362502733;2,745028178912055
3,5833333333333335;527,9327194142114;103,72764274214957;47,50969458235646;0,7617968735214569;0,6802060063015218;10589,087774125757;11649,825990268906;488,1024920189158;2,763844432040025
3,6666666666666665;531,2624474724937;106,5096025270216;48,47208618216989;0,7617968735214569;0,6802060063015218;10605,126916801546;11842,524529016151;489,4756717802336;2,781959784872026
3,75;534,519784372824;109,30900441635174;49,4433853745156;0,7617968735214569;0,6802060063015218;10618,821123636804;12032,64445204074;490,84243707779353;2,799401889330148
3,8333333333333335;537,707810946369;112,12520117658826;50,42339887407172;0,7617968735214569;0,6802060063015218;10630,269498911806;12220,231016834026;492,202450134819;2,816196760236524
3,9166666666666665;540,829415443571;114,95757006133081;51,411939743813235;0,7617968735214569;0,6802060063015218;10639,565244244519;12405,327035137641;493,5554094045842;2,8323688847425466
4,0;543,8873092578712;117,8055113838604;52,40882707717739;0,7617968735214569;0,6802060063015218;10646,796134556003;12587,97301618752;494,9010478453898;2,8479413225295955
4,083333333333333;546,8840410767281;120,66844718163945;53,41388570284737;0,7617968735214569;0,6802060063015218;10652,044946850268;12768,207299722693;496,2391312877604;2,8629357977790413
4,166666666666667;549,8220096450009;123,54581996541798;54,42694591005438;0,7617968735214569;0,6802060063015218;10655,389847377215;12946,066179663048;497,5694568873923;2,8773727837785295
4,25;552,7034753008451;126,43709154633879;55,44784319253402;0,7617968735214569;0,6802060063015218;10656,904741989572;13121,584019271868;498,8918516579485;2,891271580920813
4,333333333333333;555,5305704231138;129,3417419350959;56,47641800947735;0,7617968735214569;0,6802060063015218;10656,659593862656;13294,793358539268;500,20617107829537;2,9046503887571204
4,416666666666667;558,3053089112316;132,2592683077824;57,51251556199605;0,7617968735214569;0,6802060063015218;10654,720712200447;13465,725014451878;501,5122977692168;2,9175263726864977
4,5;561,0295948031132;135,18918403357597;58,55598558377765;0,7617968735214569;0,6802060063015218;10651,151015086229;13634,408174750348;502,81014023503263;2,929915725793569
4,583333333333333;563,7052301234963;138,13101775986374;59,60668214474389;0,7617968735214569;0,6802060063015218;10646,010269238432;13800,870485719784;504,0996316659002;2,94183372628778
4,666666666666667;566,3339220437125;141,08431255080964;60,66446346664614;0,7617968735214569;0,6802060063015218;10639,355309090814;13965,138134506959;505,38072879688866;2,9532947909458906
4,75;568,9172894241422;144,04862507572477;61,729191749638424;0,7617968735214569;0,6802060063015218;10631,240237322572;14127,235926412604;506,65341082020353;2,96431252491513
4,833333333333333;571,4568688021395;147,02352484392054;62,80073300896263;0,7617968735214569;0,6802060063015218;10621,716608710434;14287,187357566094;507,91767834719116;2,974899768195759
4,916666666666667;573,9541198808918;150,00859348300875;63,87895692096387;0,7617968735214569;0,6802060063015218;10610,833598955474;14445,014683352741;509,17355241698596;2,9850686390882055
5,0;576,4104305683087;153,00342405786915;64,96373667772816;0,7617968735214569;0,6802060063015218;10598,638159947075;14600,738982930856;510,4210735488817;2,994830574860388
5,083333333333333;578,8271216094959;156,00762042773428;66,05494884970027;0,7617968735214569;0,6802060063015218;10585,175162760988;14754,380220145797;511,66030083569194;3,00419636986514
5,166666666666667;581,2054508515216;159,02079663904908;67,15247325569841;0,7617968735214569;0,6802060063015218;10570,48752954404;14905,95730112121;512,8913110755548;3,0131762113147884
5,25;583,5466171749573;162,042576351949;68,25619283979509;0,7617968735214569;0,6802060063015218;10554,616355311813;15055,488128783069;514,1141979397934;3,021779712899915
5,333333333333333;585,8517641229552;165,07259229837058;69,36599355458;0,7617968735214569;0,6802060063015218;10537,601020575206;15202,989654550325;515,3290711746005;3,03001594642156
5,416666666666667;588,1219832553611;168,11048576996092;70,48176425036333;0,7617968735214569;0,6802060063015218;10519,479295614614;15348,477927405927;516,5360558344553;3,037893471590334
5,5;590,3583172524936;171,15590613409273;71,60339656991539;0,7617968735214569;0,6802060063015218;10500,287437135004;15491,968140543433;517,7352915453106;3,045420364131824
5,583333333333333;592,5617627906768;174,20851037641793;72,73078484837275;0,7617968735214569;0,6802060063015218;10480,060277960023;15633,474675768659;518,9269317957147;3,0526042423251942
5,666666666666667;594,7332732093793;177,26796266850852;73,86382601797145;0,7617968735214569;0,6802060063015218;10458,83131035647;15773,011145820112;520,1111432541403;3,0594522920905884
5,75;596,8737609878225;180,33393395923943;75,00241951729578;0,7617968735214569;0,6802060063015218;10436,63276352177;15910,590434758824;521,2881051109069;3,0659712907309027
5,833333333333333;598,9841000471628;183,40610158866383;76,14646720475606;0,7617968735214569;0,6802060063015218;10413,495675714577;16046,224736565353;522,4580084431789;3,072167629424388
5,916666666666667;601,0651278927828;186,48414892322026;77,29587327603146;0,7617968735214569;0,6802060063015218;10389,449961462473;16179,925592070751;523,6210556016152;3,0780473345564294
6,0;603,1176476098371;189,56776501119163;78,45054418523452;0,7617968735214569;0,6802060063015218;10364,524474239064;16311,7039243375;524,7774596173417;3,083616087971357
6,083333333333333;605,1424297239511;192,65664425741014;79,61038856957282;0,7617968735214569;0,6802060063015218;10338,747064966137;16441,570072597166;525,927443627992;3,0888792462185215
6,166666666666667;607,1402139378599;195,75048611627088;80,77531717729984;0,7617968735214569;0,6802060063015218;10312,144636663525;16569,533824842725;527,0712403216511;3,093841858860755
6,25;609,111710753788;198,84899480217862;81,94524279876308;0,7617968735214569;0,6802060063015218;10284,743195539726;16695,604449165337;528,2090913976037;3,0985086859077517
6,333333333333333;611,057602990467;201,95187901661058;83,12008020037102;0,7617968735214569;0,6802060063015218;10256,567898790234;16819,79072391832;529,3412470428663;3,102884214431946
6,416666666666667;612,9785472029022;205,0588516910303;84,29974606131397;0,7617968735214569;0,6802060063015218;10227,643099346411;16942,100966783855;530,4679654235431;3,106972674419731
6,5;614,8751750122722;208,169629744937;85,48415891288496;0,7617968735214569;0,6802060063015218;10197,992387796796;17062,543062812063;531,5895121901201;3,1107780539067087
6,583333333333333;616,7480943527046;211,28393385837876;86,67323908025836;0,7617968735214569;0,6802060063015218;10167,63863168338;17181,12449149602;532,7061599958598;3,1143041134417593
6,666666666666667;618,5978906410819;214,40148825829993;87,86690862659304;0,7617968735214569;0,6802060063015218;10136,604012358146;17297,85235294142;533,8181880275284;3,1175543999211635
6,75;620,4251278755141;217,5220205181306;89,06509129933674;0,7617968735214569;0,6802060063015218;10104,910059569549;17412,7333931838;534,9258815477382;3,1205322598306586
6,833333333333333;622,2303496676327;220,645261370061;90,26771247861569;0,7617968735214569;0,6802060063015218;10072,577683934589;17525,774028702694;536,0295314482396;3,1232408519304014
6,916666666666667;624,0140802134338;223,7709445294759;91,4746991276022;0,7617968735214569;0,6802060063015218;10039,627207439293;17636,98037017706;537,1294338135508;3,1256831594149066
7,0;625,7768252070096;226,89880653105342;92,68597974475922;0,7617968735214569;0,6802060063015218;10006,078392098947;17746,358245522824;538,2258894943602;3,1278620015775114
7,083333333333333;627,5190727011509;230,0285865760599;93,9014843178679;0,7617968735214569;0,6802060063015218;9971,950466898903;17853,91322224944;539,319203690183;3,1297800450064837
7,166666666666667;629,241293918488;233,1600263903976;95,12114427974953;0,7617968735214569;0,6802060063015218;9937,262153127276;17959,650629169206;540,4096855407953;3,131439814337715
7,25;630,9439440165397;236,29287009298446;96,34489246559973;0,7617968735214569;0,6802060063015218;9902,031688202262;18063,57557748986;541,4976477260191;3,1328437025868423
7,333333333333333;632,6274628097796;239,42686407406623;97,57266307185688;0,7617968735214569;0,6802060063015218;9866,27684808888;18165,692981317876;542,58340607346;3,1339939810817863
7,416666666666667;634,2922754515852;242,5617568830811;98,80439161653237;0,7617968735214569;0,6802060063015218;9830,014968392834;18266,007577597396;543,6672791738495;3,1348928090148735
7,5;635,9387930787146;245,6972991257132;100,04001490093391;0,7617968735214569;0,6802060063015218;9793,262964212601;18364,523945506946;544,7495880036743;3,135542242632094
7,583333333333333;637,5674134207562;248,8332433697887;101,27947097271786;0,7617968735214569;0,6802060063015218;9756,037348825037;18461,24652533388;545,8306555548127;3,135944244075516
7,666666666666667;639,1785213768086;251,9693440596822;102,52269909020993;0,7617968735214569;0,6802060063015218;9718,354251274188;18556,179636844372;546,9108064709304;3,136100689893482
7,75;640,7724895614857;255,105357438914;103,76963968793714;0,7617968735214569;0,6802060063015218;9680,229432928161;18649,32749716426;547,9903666904247;3,1360133792318265
7,833333333333333;642,3496788221825;258,24104148063225;105,02023434331748;0,7617968735214569;0,6802060063015218;9641,678303064293;18740,694238184802;549,0696630957278;3,135684041718231
7,916666666666667;643,9104387293985;261,3761558256829;106,27442574445634;0,7617968735214569;0,6802060063015218;9602,715933538755;18830,28392350508;550,1490231688229;3,135114345050613
8,0;645,4551080417851;264,5104617279823;107,53215765900194;0,7617968735214569;0,6802060063015218;9563,357072592891;18918,100564921475;551,2287746528391;3,134305902299472
8,083333333333334;646,984015147466;267,64372200691537;108,79337490401456;0,7617968735214569;0,6802060063015218;9523,61615784507;19004,148138472832;552,3092452196324;3,1332602789330655
8,166666666666666;648,4974784830653;270,7757010064889;110,0580233168067;0,7617968735214569;0,6802060063015218;9483,507328513766;19088,430600049;553,3907621432717;3,131978999573507
8,25;649,9958069317851;273,9061645609798;111,32604972671378;0,7617968735214569;0,6802060063015218;9443,04443691441;19170,951900568383;554,4736519793846;3,130463554490908
8,333333333333334;651,4793002017749;277,0348799668219;112,59740192775696;0,7617968735214569;0,6802060063015218;9402,241059270133;19251,716000729823;555,5582402503304;3,1287154058421023
8,416666666666666;652,9482491859517;280,1616159604815;113,87202865216199;0,7617968735214569;0,6802060063015218;9361,110505873825;19330,72688534232;556,6448511361955;3,1267359936596435
8,5;654,402936304353;283,28614270207777;115,1498795446994;0,7617968735214569;0,6802060063015218;9319,665830636754;19407,98857723549;557,7338071716205;3,12452674159625
8,583333333333334;655,84363583003;286,40823176450704;116,43090513781367;0,7617968735214569;0,6802060063015218;9277,919840056882;19483,505150752677;558,8254289484925;3,1220890624292497
8,666666666666666;657,2706141994204;289,5276561278361;117,7150568275101;0,7617968735214569;0,6802060063015218;9235,885101638076;19557,28074482781;559,9200348245473;3,1194243633290863
8,75;658,684130308081;292,6441901787316;119,00228684997022;0,7617968735214569;0,6802060063015218;9193,573951789607;19629,319575646306;561,0179406379458;3,1165340508954746
8,833333333333334;660,0844357926003;295,757609714696;120,29254825886761;0,7617968735214569;0,6802060063015218;9150,998503233734;19699,625948889803;562,1194594279004;3,113419535964401
8,916666666666666;661,4717752994591;298,8676919528848;121,58579490335751;0,7617968735214569;0,6802060063015218;9108,170651947607;19768,204271563867;563,2249011614441;3,1100822381888076
9,0;662,8463867415572;301,9742155432803;122,88198140671501;0,7617968735214569;0,6802060063015218;9065,102083664357;19835,059063407403;564,3345724664406;3,1065235903954913
9,083333333333334;664,2085015430796;305,0769605860008;124,18106314559773;0,7617968735214569;0,6802060063015218;9021,804279956923;19900,194967881955;565,4487763709509;3,10274504272047
9,166666666666666;665,5583448733319;308,17570865252566;125,48299622990986;0,7617968735214569;0,6802060063015218;8978,28852392697;19963,6167627389;566,5678120490737;3,0987480665248874
9,25;666,8961358701365;311,270242810619;126,78773748324588;0,7617968735214569;0,6802060063015218;8934,565905520156;20025,329370162217;567,6919745733929;3,0945341580933103
9,333333333333334;668,2220878533439;314,3603476527352;128,0952444238931;0,7617968735214569;0,6802060063015218;8890,647326487939;20085,337866484326;568,8215546741626;3,0901048421161765
9,416666666666666;669,5364085289779;317,4458093276932;129,4054752463729;0,7617968735214569;0,6802060063015218;8846,543505015217;20143,64749147231;569,956838505373;3,0854616749580224
9,5;670,8393001845062;320,5264155754063;130,71838880350202;0,7617968735214569;0,6802060063015218;8802,264980032116;20200,26365718188;571,0981074178403;3,0806062477130833
9,583333333333334;672,130959875693;323,60195576445614;132,03394458895542;0,7617968735214569;0,6802060063015218;8757,822115227498;20255,191956376337;572,2456377394675;3,075540189049826
9,666666666666666;673,4115796054655;326,6722209323021;133,35210272031358;0,7617968735214569;0,6802060063015218;8713,22510278092;20308,438170507932;573,3997005628237;3,07026516784597
9,75;674,6813464952023;329,7370038279177;134,67282392257772;0,7617968735214569;0,6802060063015218;8668,483966829084;20360,008277259007;574,5605615401903;3,06478289561561
9,833333333333334;675,940442948824;332,7960989566478;135,99606951213687;0,7617968735214569;0,6802060063015218;8623,608566682115;20409,908457640602;575,7284806862227;3,059095128730111
9,916666666666666;677,1890468100461;335,84930262708235;137,32180138117195;0,7617968735214569;0,6802060063015218;8578,608599804405;20458,14510264643;576,9037121883694;3,0532036704345478
10,0;678,4273315131342;338,8964129997439;138,64998198248207;0,7617968735214569;0,6802060063015218;8533,493604574092;20504,72481946023;578,0865042251945;3,0471103726615576
10,083333333333334;679,6554662274801;341,93723013738855;139,98057431471935;0,7617968735214569;0,6802060063015218;8488,272962834757;20549,65443721503;579,2770987927377;3,040817137644661
10,166666666666666;680,873615996301;344,97155605672174;141,3135419080188;0,7617968735214569;0,6802060063015218;8442,95590225229;20592,941012302985;580,4757315390443;3,0343259193331997
10,25;682,0819418697455;347,999194781333;142,6488488100108;0,7617968735214569;0,6802060063015218;8397,551498489483;20634,591833235114;581,6826316069938;3,0276387246113035
10,333333333333334;683,2806010326747;351,01995239565645;143,9864595722036;0,7617968735214569;0,6802060063015218;8352,068677210313;20674,614425050422;582,8980214855405;3,020757614323428
10,416666666666666;684,4697469273736;354,03363709976566;145,32633923672432;0,7617968735214569;0,6802060063015218;8306,516215925456;20713,01655327453;584,1221168694813;3,0136847041092314
10,5;685,649529371431;357,0400592648165;146,66845332340733;0,7617968735214569;0,6802060063015218;8260,9027456902;20749,80622742846;585,3551265278456;3,006422165050836
10,583333333333334;686,8200946710131;360,0390314889521;148,0127678172189;0,7617968735214569;0,6802060063015218;8215,236752665362;20784,991704088512;586,597252181006;2,9989722241356365
10,666666666666666;687,9815857297483;363,0303686534903;149,35924915600805;0,7617968735214569;0,6802060063015218;8169,526579551524;20818,581489499036;587,8486883865814;2,9913371645382028
10,75;689,1341421534233;366,01388797921527;150,70786421857346;0,7617968735214569;0,6802060063015218;8123,78042690645;20850,58434174017;589,1096224342089;2,9835193257249313
10,833333333333334;690,2779003506829;368,98940908260073;152,05858031303717;0,7617968735214569;0,6802060063015218;8078,006354355201;20881,00927245348;590,3802342492354;2,975521103385459
10,916666666666666;691,4129936299151;371,95675403179575;153,41136516551543;0,7617968735214569;0,6802060063015218;8032,2122817020545;20909,865548128804;591,6606963053788;2,9673449491950263
11,0;692,5395522924949;374,915747402208;154,76618690907839;0,7617968735214569;0,6802060063015218;7986,405989952985;20937,1626909563;592,9511735463846;2,958993370412271
11,083333333333334;693,6577037225472;377,86621633152515;156,1230140729896;0,7617968735214569;0,6802060063015218;7940,595122257173;20962,91047924847;594,2518233166998;2,9504689293171635
11,166666666666666;694,7675724733864;380,8079905740192;157,48181557221787;0,7617968735214569;0,6802060063015218;7894,787184775552;20987,11894743718;595,5627953011673;2,941774242494024
11,25;695,8692803507773;383,74090255398403;158,8425606972128;0,7617968735214569;0,6802060063015218;7848,989547484181;21009,79838565174;596,8842314737274;2,9329119799648313
11,333333333333334;696,9629464931571;386,66478741816223;160,2052191039371;0,7617968735214569;0,6802060063015218;7803,209444919832;21030,959338884553;598,2162660551073;2,923884864178224
11,416666666666666;698,0486874489512;389,579483087022;161,56976080414813;0,7617968735214569;0,6802060063015218;7757,453976874872;21050,61260575117;599,5590254794548;2,914695668859821
11,5;699,1266172511076;392,48483030475177;162,93615615592157;0,7617968735214569;0,6802060063015218;7711,73010904823;21068,769236852895;600,912628369864;2,9053472177297195
11,583333333333334;700,1968474889691;395,38067268784494;164,30437585441075;0,7617968735214569;0,6802060063015218;7666,0446736588965;21085,440532749897;602,2771855227271;2,89584238309317
11,666666666666666;701,2594873775967;398,2668567721556;165,67439092283493;0,7617968735214569;0,6802060063015218;7620,404370028104;21100,638041553957;603,6527999008239;2,8861840843106634
11,75;702,3146438246525;401,14323205830937;167,04617270369027;0,7617968735214569;0,6802060063015218;7574,815765136026;21114,37355615011;605,0395666350588;2,876375286153759
11,833333333333334;703,3624214949439;404,00965105536255;168,41969285017763;0,7617968735214569;0,6802060063015218;7529,285294158579;21126,65911105748;606,437573034726;2,8664189970532155
11,916666666666666;704,4029228727254;406,8659693226086;169,79492331784107;0,7617968735214569;0,6802060063015218;7483,819260989533;21137,506978939557;607,8468986061837;2,8563182672460203
12,0;705,4362483218545;409,7120455094367;171,17183635641183;0,7617968735214569;0,6802060063015218;7438,423838752921;21146,92966677509;609,2676150797927;2,8460761868280846
12,083333333333334;706,4624961438842;412,5477413931561;172,550404501852;0,7617968735214569;0,6802060063015218;7393,105070310445;21154,939911701185;610,69978644497;2,835695883719453
12,166666666666666;707,4817626341827;415,37292191470505;173,9306005685929;0,7617968735214569;0,6802060063015218;7347,868868768202;21161,550676540326;612,143468993189;2,825180521548906
12,25;708,4941421361547;418,18745521217;175,312397641963;0,7617968735214569;0,6802060063015218;7302,721017986942;21166,77514502395;613,5987113687504;2,814533297464942
12,333333333333334;709,4997270936447;420,99121265205014;176,69576907080068;0,7617968735214569;0,6802060063015218;7257,667173099617;21170,626716725128;615,0655546271284;2,8037574398801173
12,416666666666666;710,4986081015925;423,7840688582059;178,0806884602469;0,7617968735214569;0,6802060063015218;7212,712861039863;21173,119001713676;616,5440323006976;2,7928562061557374
12,5;711,4908739550117;426,5659017384398;179,4671296647134;0,7617968735214569;0,6802060063015218;7167,863481084664;21174,265814946786;618,0341704716182;2,7818328802338836
12,583333333333334;712,4766116963575;429,3365925086635;180,85506678102206;0,7617968735214569;0,6802060063015218;7123,124305414298;21174,081170409194;619,5359878516672;2,7706907702237307
12,666666666666666;713,4559066613458;432,09602571461255;182,244474141711;0,7617968735214569;0,6802060063015218;7078,50047969235;21172,579275016717;621,0494958687718;2,7594332059490725
12,75;714,4288425232843;434,8440892510764;183,63532630850378;0,7617968735214569;0,6802060063015218;7033,997023668331;21169,774522297277;622,5746987600114;2,7480635364638584
12,833333333333334;715,3955013359754;437,5806743786189;185,02759806593704;0,7617968735214569;0,6802060063015218;6989,618831805197;21165,68148586359;624,1115936708352;2,7365851275424773
12,916666666666666;716,3559635752413;440,30567573777034;186,42126441514355;0,7617968735214569;0,6802060063015218;6945,370673933912;21160,31491269254;625,6601707602368;2,7250013591514803
13,0;717,3103081791287;443,0189913606795;187,81630056778636;0,7617968735214569;0,6802060063015218;6901,257195936773;21153,689716224857;627,220413311624;2,713315622909142
13,083333333333334;718,2586125868407;445,7205226802188;189,21268194014078;0,7617968735214569;0,6802060063015218;6857,282920461231;21145,82096930065;628,7922978491137;2,7015313195393076
13,166666666666666;719,200952776444;448,41017453654445;190,6103841473208;0,7617968735214569;0,6802060063015218;6813,452247665549;21136,723896944855;630,375794258976;2,689651856325678
13,25;720,1374033013974;451,087855181117;192,00938299764618;0,7617968735214569;0,6802060063015218;6769,769455997488;21126,413869017335;631,9708659159469;2,677680644572566
13,333333333333334;721,0680373259469;453,7534762781949;193,40965448714783;0,7617968735214569;0,6802060063015218;6726,23870300701;21114,906392742243;633,5774698141302;2,665621097077938
13,416666666666666;721,9929266594281;456,4069529038193;194,8111747942072;0,7617968735214569;0,6802060063015218;6682,864026193799;21102,217105131025;635,1955567021988;2,6534766256243882
13,5;722,9121417895152;459,04820354231276;196,2139202743278;0,7617968735214569;0,6802060063015218;6639,649343890222;21088,361765313737;636,8250712226118;2,6412506384934638
13,583333333333334;723,8257519144576;461,6771500803212;197,61786745503505;0,7617968735214569;0,6802060063015218;6596,5984561800615;21073,3562467922;638,4659520545547;2,628946538008461
13,666666666666666;724,7338249743394;464,29371779843194;199,02299303090226;0,7617968735214569;0,6802060063015218;6553,715045853409;21057,21652962979;640,1181320603149;2,6165677181107423
13,75;725,6364276813969;466,89783536040613;200,42927385869947;0,7617968735214569;0,6802060063015218;6511,002679397687;21039,958692591223;641,7815384348057;2,6041175619741934
13,833333333333334;726,5336255494282;469,4894348000684;201,83668695266297;0,7617968735214569;0,6802060063015218;6468,464808024768;21021,598905245715;643,4560928579455;2,5915994396622875
13,916666666666666;727,4254829223283;472,0684515059004;203,24520947988253;0,7617968735214569;0,6802060063015218;6426,104768733994;21002,15342004739;645,1417116496117;2,57901670583199
14,0;728,3120630017797;474,63482420338875;204,65481875580414;0,7617968735214569;0,6802060063015218;6383,925785410699;20981,638564405283;646,8383059268805;2,566372697488378
14,083333333333334;729,1934278741282;477,1884949351824;206,0654922398457;0,7617968735214569;0,6802060063015218;6341,930969959774;20960,070732756045;648,5457817632748;2,5536707317936793
14,166666666666666;730,0696385364723;479,7294090391165;207,4772075311233;0,7617968735214569;0,6802060063015218;6300,123323473646;20937,46637865145;650,2640403497412;2,540914103934098
14,25;730,9407549219961;482,25751512416406;208,889942364286;0,7617968735214569;0,6802060063015218;6258,505737433896;20913,842006872474;651,9929781570838;2,528106085047541
14,333333333333334;731,806835924568;484,7727650443792;210,3036746054566;0,7617968735214569;0,6802060063015218;6217,080994945802;20889,214165582125;653,7324870995874;2,5152499202151453
14,416666666666666;732,6679394226336;487,27511387089834;211,71838224827667;0,7617968735214569;0,6802060063015218;6175,851772004719;20863,599438527395;655,4824546995632;2,5023488265191274
14,5;733,5241223024258;489,76451986206763;213,13404341005338;0,7617968735214569;0,6802060063015218;6134,8206387933815;20837,014437301605;657,2427642525663;2,489405991169306
14,583333333333334;734,3754404805153;492,24094443176796;214,5506363280064;0,7617968735214569;0,6802060063015218;6093,9900610089535;20809,475793677266;659,0132949930298;2,47642456970032
14,666666666666666;735,221948925724;494,7043521160093;215,96813935561278;0,7617968735214569;0,6802060063015218;6053,362401218684;20781,000152019347;660,7939222600712;2,4634076842413677
14,75;736,063701680423;497,1547105378693;217,38653095904806;0,7617968735214569;0,6802060063015218;6012,939920242866;20751,60416178826;662,5845176632362;2,450358421859935
14,833333333333334;736,9007518812366;499,5919903708501;218,80578971372162;0,7617968735214569;0,6802060063015218;5972,724778563844;20721,304470141724;664,3849492479505;2,4372798329808547
14,916666666666666;737,7331517791685;502,0161653007318;220,22589430090454;0,7617968735214569;0,6802060063015218;5932,719037759663;20690,11771464379;666,195081660455;2,424174929881689
15,0;738,5609527591754;504,427211985997;221,64682350444832;0,7617968735214569;0,6802060063015218;5892,924661960916;20658,060516089;668,0147763120136;2,411046685265222
15,083333333333334;739,3842053592003;506,8251100169067;223,06855620759268;0,7617968735214569;0,6802060063015218;5853,343519329459;20625,149471449557;669,8438915421871;2,3978980309096847
15,166666666666666;740,2029592886872;509,2098418733037;224,4910713898609;0,7617968735214569;0,6802060063015218;5813,9773835573405;20591,401146952;671,6822827809749;2,3847318563969644
15,25;741,0172634465923;511,58139288122265;225,91434812404117;0,7617968735214569;0,6802060063015218;5774,827935384589;20556,832071290562;673,529802709639;2,3715510079190096
15,333333333333334;741,8271659389073;513,939751168385;227,338365573252;0,7617968735214569;0,6802060063015218;5735,8967641342415;20521,458728982867;675,3863014200274;2,358358287162298
15,416666666666666;742,6327140957137;516,2849076186551;228,76310298809088;0,7617968735214569;0,6802060063015218;5697,185369263059;20485,297553873665;677,2516265722293;2,3451564502701014
15,5;743,4339544877794;518,6168558255372;230,18853970386422;0,7617968735214569;0,6802060063015218;5658,6951619264655;20448,364922792072;679,1256235503972;2,3319482068821196
15,583333333333334;744,230932942715;520,935592044788;231,61465513789716;0,7617968735214569;0,6802060063015218;5620,427466556055;20410,67714936662;681,008135616587;2,318736219250798
15,666666666666666;745,0236945607014;523,2411151462215;233,0414287869222;0,7617968735214569;0,6802060063015218;5582,383522448174;20372,25047800263;682,8990040624683;2,305523101433571
15,75;745,8122837298051;525,5334265647816;234,46884022454515;0,7617968735214569;0,6802060063015218;5544,564485361997;20333,101078025444;684,7980683587738;2,2923114185600295
15,833333333333334;746,5967441408912;527,8125302509545;235,8968690987868;0,7617968735214569;0,6802060063015218;5506,971429125588;20293,245037993234;686,705166302359;2,279103686172953
15,916666666666666;747,3771188021491;530,0784326205965;237,32549512969962;0,7617968735214569;0,6802060063015218;5469,605347248418;20252,698360181963;688,6201341607577;2,2659023696419274
16,0;748,1534500532408;532,3311425042447;238,75469810705778;0,7617968735214569;0,6802060063015218;5432,4671545388155;20211,476955245216;690,5428068141252;2,252709883648213
16,083333333333332;748,9257795790855;534,570671095984;240,1844578881194;0,7617968735214569;0,6802060063015218;5395,5576887249035;20169,59663705092;692,4730178944656;2,2395285917393655
16,166666666666668;749,6941484232906;536,7970319019361;241,61475439545998;0,7617968735214569;0,6802060063015218;5358,877712077538;20127,073117696593;694,4105999220591;2,2263608059520217
16,25;750,4585970012388;539,0102406884373;243,04556761487575;0,7617968735214569;0,6802060063015218;5322,427913033863;20083,922002704705;696,3553844390023;2,213208786501203
16,333333333333332;751,2191651128453;541,2103154299716;244,47687759335585;0,7617968735214569;0,6802060063015218;5286,208907820037;20040,158786398675;698,3072021397875;2,200074741534322
16,416666666666668;751,9758919549911;543,3972762569197;245,90866443712216;0,7617968735214569;0,6802060063015218;5250,221242071842;19995,79884746058;700,2658829988568;2,1869608269481016
16,5;752,7288161336446;545,5711454031862;247,34090830973594;0,7617968735214569;0,6802060063015218;5214,465392451785;19950,857444670513;702,2312563950707;2,1738691462664783
16,583333333333332;753,4779756756794;547,7319471537637;248,77358943027;0,7617968735214569;0,6802060063015218;5178,941768261461;19905,349712827523;704,2031512330423;2,1608017505775097
16,666666666666668;754,2234080403992;549,879707792291;250,20668807154541;0,7617968735214569;0,6802060063015218;5143,650713047893;19859,290658851784;706,1813960612905;2,147760638527298
16,75;754,9651501307771;552,01445554866;251,64018455843197;0,7617968735214569;0,6802060063015218;5108,592506202705;19812,695158067723;708,1658191871813;2,1347477563688972
16,833333333333332;755,7032383044174;554,136220546724;253,07405926621112;0,7617968735214569;0,6802060063015218;5073,76736455293;19765,577950666328;710,1562487886227;2,121764998064056
16,916666666666668;756,4377083842494;556,2450347521597;254,5082926190007;0,7617968735214569;0,6802060063015218;5039,175443942335;19717,953638346014;712,152513022492;2,108814205435745
17,0;757,1685956689603;558,340931920529;255,94286508824044;0,7617968735214569;0,6802060063015218;5004,816840802243;19669,836681130557;714,154440129783;2,095897168369326
17,083333333333332;757,8959349431748;560,4239475455892;257,377757191237;0,7617968735214569;0,6802060063015218;4970,691593710782;19621,24139436194;716,161858537456;2,083015625060216
17,166666666666668;758,6197604873885;562,4941188078951;258,8129494897683;0,7617968735214569;0,6802060063015218;4936,79968493964;19572,18194586651;718,1745969569936;2,0701712623059114
17,25;759,3401060876628;564,5514845237353;260,2484225887458;0,7617968735214569;0,6802060063015218;4903,141041987334;19522,67235329234;720,1924844796577;2,057365715840251
17,333333333333332;760,0570050450884;566,5960850944431;261,68415713493374;0,7617968735214569;0,6802060063015218;4869,715539098186;19472,72648161523;722,2153506684595;2,0446005707077735
17,416666666666668;760,7704901850219;568,6279624561191;263,12013381572496;0,7617968735214569;0,6802060063015218;4836,522998766133;19422,358040810694;724,2430256468498;2,031877361676038
17,5;761,480593866106;570,647160029803;264,5563333579722;0,7617968735214569;0,6802060063015218;4803,56319322257;19371,58058368967;726,2753401841492;2,0191975736838548
17,583333333333332;762,1873479890739;572,6537226721264;265,99273652687407;0,7617968735214569;0,6802060063015218;4770,835845907575;19320,407503894934;728,3121257777377;2,0065626423233325
17,666666666666668;762,8907840053497;574,6476966264801;267,4293241249147;0,7617968735214569;0,6802060063015218;4738,34063292369;19268,852034054773;730,3532147320299;1,993973954353666
17,75;763,5909329254464;576,6291294747248;268,8660769908567;0,7617968735214569;0,6802060063015218;4706,077184471741;19216,927244091556;732,3984402342651;1,9814328482447148
17,833333333333332;764,2878253271688;578,5980700894731;270,3029759987867;0,7617968735214569;0,6802060063015218;4674,045086268041;19164,646039681353;734,4476364271436;1,9689406147483424
17,916666666666668;764,9814913636275;580,5545685869687;271,74000205721165;0,7617968735214569;0,6802060063015218;4642,243880942391;19112,021160861572;736,5006384783499;1,9564984974955988
18,0;765,6719607710663;582,4986762805866;273,17713610820675;0,7617968735214569;0,6802060063015218;4610,67306941647;19059,065180783316;738,5572826469963;1,9441076936178745
18,083333333333332;766,3592628765119;584,4304456349766;274,61435912661295;0,7617968735214569;0,6802060063015218;4579,332112261995;19005,790504604374;740,6174063470372;1,9317693543901064
18,166666666666668;767,0434266052484;586,349930220871;276,05165211928386;0,7617968735214569;0,6802060063015218;4548,220431038382;18952,20936852;742,6808482076924;1,9194845858943066
18,25;767,7244804881208;588,2571846705727;277,48899612438134;0,7617968735214569;0,6802060063015218;4517,337409609437;18898,33383892736;744,7474481309323;1,9072544497016113
18,333333333333332;768,4024526686754;590,1522646341438;278,9263722107188;0,7617968735214569;0,6802060063015218;4486,682395438703;18844,17581172007;746,8170473460743;1,895079963571142
18,416666666666668;769,0773709101379;592,0352267363079;280,3637614771518;0,7617968735214569;0,6802060063015218;4456,254700863292;18789,747011709598;748,8894884615409;1,882962102164084
18,5;769,7492626022346;593,9061285340791;281,80114505201516;0,7617968735214569;0,6802060063015218;4426,0536043457505;18735,0589921687;750,9646155138357;1,87090179777127
18,583333333333332;770,4181547678629;595,765028475132;283,2385040926056;0,7617968735214569;0,6802060063015218;4396,078351703886;18680,123134494363;753,0422740137942;1,858899941052838
18,666666666666668;771,0840740696129;597,6119858569203;284,6758197847096;0,7617968735214569;0,6802060063015218;4366,328157318273;18624,950647985548;755,1223109901628;1,8469573817883846
18,75;771,7470468161434;599,4470607865566;286,11307334217577;0,7617968735214569;0,6802060063015218;4336,802205317315;18569,55256973278;757,2045750305699;1,8350749296362503
18,833333333333332;772,4070989684202;601,270314141457;287,55024600653087;0,7617968735214569;0,6802060063015218;4307,499650739672;18513,93976461468;759,2889163199442;1,8232533549004544
18,916666666666668;773,0642561458147;603,0824797963841;288,98731904663873;0,7617968735214569;0,6802060063015218;4278,41962067408;18458,122925399264;761,092736579908;1,8121656549270453
19,0;773,7185436320716;604,8848507675839;290,4242737584018;0,7617968735214569;0,6802060063015218;4249,544408735766;18402,05787041612;762,3699894600608;1,8023709711998714
19,083333333333332;774,369986381145;606,6773818272067;291,8610914645043;0,7617968735214569;0,6802060063015218;4220,842321612193;18345,65317242994;763,6748332175085;1,7925310596228312
19,166666666666668;775,0186090229103;608,4600285819099;293,2977535141966;0,7617968735214569;0,6802060063015218;4192,31511384846;18288,92505832238;765,008077823213;1,7826467547032365
19,25;775,6644358687505;610,2327474482324;294,7342412831198;0,7617968735214569;0,6802060063015218;4163,9645110250085;18231,88979451935;766,3705640634739;1,7727188663224722
19,333333333333332;776,3074909170251;611,9954956269945;296,1705361731704;0,7617968735214569;0,6802060063015218;4135,792210512952;18174,563685589896;767,763164976346;1,762748178762129
19,416666666666668;776,9477978584201;613,7482310767025;297,60661961240373;0,7617968735214569;0,6802060063015218;4107,799882250765;18116,96307297378;769,1867873668291;1,7527354497079586
19,5;777,5853800811856;615,4909124859333;299,0424730549765;0,7617968735214569;0,6802060063015218;4079,989169542941;18059,10433384332;770,6423734057769;1,7426814092307934
19,583333333333332;778,2202606762614;617,223499244677;300,47807798112643;0,7617968735214569;0,6802060063015218;4052,361689881306;18001,003880106226;772,1309023178145;1,7325867587436254
19,666666666666668;778,8524624422954;618,9459514146109;301,9134158971899;0,7617968735214569;0,6802060063015218;4024,9190357896114;17942,678157555496;773,6533921639302;1,7224521699339204
19,75;779,4820078905557;620,6582296982812;303,34846833565564;0,7617968735214569;0,6802060063015218;3997,6627756921116;17884,143645173197;775,2109017248126;1,7122782836702848
19,833333333333332;780,1089192497407;622,3602954071637;304,7832168552547;0,7617968735214569;0,6802060063015218;3970,594454806863;17825,41685459398;776,8045324914409;1,7020657088824755
19,916666666666668;780,7332184706884;624,0521104285775;306,2176430410856;0,7617968735214569;0,6802060063015218;3943,715596064425;17766,514329736012;778,435430769904;1,6918150214138419
20,0;781,3549272309881;625,7336371914226;307,6517285047744;0,7617968735214569;0,6802060063015218;3917,027701052771;17707,45264660486;780,1047899079373;1,6815267628450923
20,083333333333332;781,9740669394974;627,4048386307111;309,0854548846688;0,7617968735214569;0,6802060063015218;3890,532250989136;17648,248413278146;781,8138526512113;1,6712014392884158
20,166666666666668;782,5906587407653;629,0656781508619;310,5188038460657;0,7617968735214569;0,6802060063015218;3864,230707719659;17588,918270077498;783,5639136380022;1,6608395201508614
20,25;783,2047235193654;630,7161195877278;311,9517570814714;0,7617968735214569;0,6802060063015218;3838,124514747585;17529,47888993426;785,3563220415172;1,6504414368658376
20,333333333333332;783,8162819041406;632,3561271693195;313,38429631089446;0,7617968735214569;0,6802060063015218;3812,21509829094;17469,946978957272;787,1924843698392;1,6400075815917265
20,416666666666668;784,4253542723608;633,9856654751959;314,81640328217003;0,7617968735214569;0,6802060063015218;3786,503868370528;17410,33927720888;789,0738674342127;1,6295383058764186
20,5;785,0319607537976;635,6046993944826;316,248059771315;0,7617968735214569;0,6802060063015218;3760,992219929122;17350,67255969696;791,0020014972017;1,6190339192866812
20,583333333333332;785,636121234716;637,2131940824838;317,6792475829136;0,7617968735214569;0,6802060063015218;3735,6815339828754;17290,96363759017;792,9784836131378;1,6084946880012578
20,666666666666668;786,237855361786;638,8111149158505;319,1099485505329;0,7617968735214569;0,6802060063015218;3710,573178805805;17231,229359664147;795,0049811742306;1,5979208333666013
20,75;786,8371825459162;640,3984274462647;320,5401445371674;0,7617968735214569;0,6802060063015218;3685,66851114839;17171,48661398611;797,0832356767536;1,5873125304141844
20,833333333333332;787,4341219660113;641,975097352603;321,9698174357119;0,7617968735214569;0,6802060063015218;3660,9688774912884;17111,752329845538;799,2150667228404;1,5766699063383578
20,916666666666668;788,0286925726546;643,5410903915368;323,3989491694627;0,7617968735214569;0,6802060063015218;3636,4756153352064;17052,04347993864;801,4023762746554;1,5659930389337917
21,0;788,6209130917173;645,0963723465285;324,8275216926457;0,7617968735214569;0,6802060063015218;3612,190054527943;16992,377082814804;803,6471531790271;1,5552819549916235
21,083333333333332;789,2108020278981;646,6409089751819;326,2555169909713;0,7617968735214569;0,6802060063015218;3588,11351862972;16932,77020559219;805,9514779820781;1,544536628653465
21,166666666666668;789,7983776681923;648,1746659549045;327,6829170822154;0,7617968735214569;0,6802060063015218;3564,2473263179054;16873,239966951416;808,3175280549578;1,5337569797226638
21,25;790,383658085293;649,6976088268367;329,1097040168258;0,7617968735214569;0,6802060063015218;3540,5927928321944;16813,803540414585;810,7475830534906;1,5229428719322027
21,333333333333332;790,9666611409274;651,2097029380055;330,5358598785532;0,7617968735214569;0,6802060063015218;3517,1512314614065;16754,478157917598;813,2440307364127;1,5120941111688833
21,416666666666668;791,5474044891267;652,7109133816592;331,96136678510675;0,7617968735214569;0,6802060063015218;3493,9239550730463;16695,281113684647;815,8093731688998;1,5012104436536708
21,5;792,1259055794344;654,2012049357375;333,3862068888328;0,7617968735214569;0,6802060063015218;3470,912277686688;16636,229768411642;818,4462333402926;1,4902915540781998
21,583333333333332;792,7021816600524;655,6805419994354;334,81036237741677;0,7617968735214569;0,6802060063015218;3448,117516092424;16577,34155376754;821,157362227335;1,4793370636978709
21,666666666666668;793,2762497809262;657,1488885278176;336,2338154746071;0,7617968735214569;0,6802060063015218;3425,5409915154246;16518,633977220674;823,9456463368699;1,4683465283821695
21,75;793,8481267967716;658,606207964441;337,6565484409616;0,7617968735214569;0,6802060063015218;3403,1840313277144;16460,124627198107;826,8141157647964;1,4573194366233369
21,833333333333332;794,4178293700451;660,0524631719459;339,07854357461366;0,7617968735214569;0,6802060063015218;3381,0479708082653;16401,831178585133;829,7659528112304;1,446255207504862
21,916666666666668;794,9853739738556;661,4876163605778;340,49978321206004;0,7617968735214569;0,6802060063015218;3359,13415495248;16343,771398572822;832,804501195225;1,4351531886319275
22,0;795,5507768948233;662,9116290146042;341,9202497289679;0,7617968735214569;0,6802060063015218;3337,4439403319457;16285,963152859336;835,9332759161467;1,4240126540263383
22,083333333333332;796,1140542358838;664,3244618165935;343,3399255410011;0,7617968735214569;0,6802060063015218;3315,9786970054797;16228,424412212747;839,1559738128931;1,412832801989366
22,166666666666668;796,6752219190403;665,72607456953;344,758793104665;0,7617968735214569;0,6802060063015218;3294,7398104822582;16171,173259400468;842,4764848766094;1,4016127529365503
22,25;797,2342956880632;667,1164261167395;346,1768349181696;0,7617968735214569;0,6802060063015218;3273,728683737755;16114,22789649103;845,8989043774629;1,3903515472094716
22,333333333333332;797,7912911111413;668,49547425961;347,5940335223095;0,7617968735214569;0,6802060063015218;3252,9467392830925;16057,606652532551;849,4275458713923;1,3790481428704902
22,416666666666668;798,3462235834829;669,8631756730977;349,01037150136057;0,7617968735214569;0,6802060063015218;3232,3954212882827;16001,327991612488;853,0669551586388;1,3677014134876546
22,5;798,8991083298687;671,2194858190159;350,4258314839933;0,7617968735214569;0,6802060063015218;3212,0761977596317;15945,41052130027;856,8219252723002;1,3563101459181643
22,583333333333332;799,4499604071581;672,5643588571162;351,84039614420084;0,7617968735214569;0,6802060063015218;3191,9905627713206;15889,873001475664;860,6975125822307;1,3448730381003826
22,666666666666668;799,99879470675;673,8977475539821;353,25404820224236;0,7617968735214569;0,6802060063015218;3172,140038751047;15834,734353542159;864,6990541073651;1,333388696865916
22,75;800,5456259569982;675,2196031897673;354,66677042560025;0,7617968735214569;0,6802060063015218;3152,5261788191983;15780,013670024759;868,8321861380659;1,3218556357852687
22,833333333333332;801,0904687255824;676,5298754628299;356,0785456299513;0,7617968735214569;0,6802060063015218;3133,1505691807706;15725,730224548623;873,1028642794558;1,3102722730625542
22,916666666666668;801,6333374218373;677,828512392327;357,4893566801504;0,7617968735214569;0,6802060063015218;3114,014831568812;15671,90348219303;877,5173850369845;1,2986369294971463
23,0;802,1742462990397;679,1154602188598;358,899186491227;0,7617968735214569;0,6802060063015218;3095,120625737758;15618,553110213696;882,0824090767866;1,2869478265328091
23,083333333333332;802,7132094566529;680,3906633032775;360,3080180293927;0,7617968735214569;0,6802060063015218;3076,469652004499;15565,698989122291;886,8049863058338;1,2752030844176847
23,166666666666668;803,2502408425325;681,6540640237793;361,71583431306067;0,7617968735214569;0,6802060063015218;3058,063653834384;15513,361224109305;891,692582930567;1,2634007205018047
23,25;803,7853542550922;682,9056026714818;363,1226184138749;0,7617968735214569;0,6802060063015218;3039,9044204688325;15461,560156793861;896,7531106677709;1,251538647702493
23,333333333333332;804,3185633454309;684,1452173446537;364,5283534577495;0,7617968735214569;0,6802060063015218;3021,9937895902603;15410,316377277848;901,9949582980528;1,2396146731718636
23,416666666666668;804,8498816194227;685,372843841859;365,93302262591766;0,7617968735214569;0,6802060063015218;3004,33365001943;15359,650736479685;907,4270257705564;1,2276264972052788
23,5;805,3793224397692;686,5884155542933;367,3366091559883;0,7617968735214569;0,6802060063015218;2986,9259444390937;15309,584358714823;913,0587610877144;1,2155717124342762
23,583333333333332;805,906899028016;687,7918633576464;368,73909634301174;0,7617968735214569;0,6802060063015218;2969,772672136898;15260,138654487539;918,9002002210375;1,2034478033531146
23,666666666666668;806,432624466534;688,9831155038802;370,14046754055204;0,7617968735214569;0,6802060063015218;2952,87589175924;15211,335333448733;924,9620103334414;1,191252146233773
23,75;806,9565117004661;690,162097513371;371,54070616176665;0,7617968735214569;0,6802060063015218;2936,237724066345;15163,196417469477;931,2555366106396;1,1789820094908463
23,833333333333332;807,478573539639;691,3287320679358;372,9397956804918;0,7617968735214569;0,6802060063015218;2919,8603546773766;15115,744253770365;937,7928530339336;1,1666345545647323
23,916666666666668;807,9988226604439;692,482938905335;374,3377196323337;0,7617968735214569;0,6802060063015218;2903,7460367925805;15069,001528038225;944,5868174596417;1,1542068373991752
24,0;808,517271607682;693,6246347159324;375,7344616157648;0,7617968735214569;0,6802060063015218;2887,897093877723;15022,991277450643;951,6511314067232;1,1416958105974353
24,083333333333332;809,0339327963804;694,7537330422826;377,1300052932244;0,7617968735214569;0,6802060063015218;2872,3159222937397;14977,736903518868;959,0004049942594;1,1290983263502834
24,166666666666668;809,5488185135763;695,870144182521;378,5243343922226;0,7617968735214569;0,6802060063015218;2857,004993852445;14933,26218464506;966,6502275147191;1,1164111402383878
24,25;810,0619409200687;696,9737750985429;379,91743270644844;0,7617968735214569;0,6802060063015218;2841,966858276382;14889,591288277958;974,6172441778375;1,1036309160218247
24,333333333333332;810,5733120521434;698,0645293300828;381,3092840968795;0,7617968735214569;0,6802060063015218;2827,204145538144;14846,748782534185;982,9192396139332;1,0907542315399552
24,416666666666668;811,0829438232665;699,1423069159389;382,69987249289443;0,7617968735214569;0,6802060063015218;2812,719568051514;14804,759647137394;991,5752287851265;1,077777585856085
24,5;811,5908480257496;700,2070043237316;384,0891818933865;0,7617968735214569;0,6802060063015218;2798,515922683191;14763,649283507393;1000,6055560187963;1,0646974077926552
24,583333333333332;812,097036332387;701,2585143897461;385,47719636787815;0,7617968735214569;0,6802060063015218;2784,59609255045;14723,443523813248;1010,0320029503355;1,0515100660145367
24,666666666666668;812,601520298066;702,2967262705758;386,8639000576357;0,7617968735214569;0,6802060063015218;2770,9630485660227;14684,16863878234;1019,8779062426199;1,038211880829694
24,75;813,1043113613489;703,3215254084639;388,249277176784;0,7617968735214569;0,6802060063015218;2757,6198506872543;14645,851344034623;1030,1682860382816;1,0247991378881074
24,833333333333332;813,6054208460289;704,3327935124348;389,63331201342015;0,7617968735214569;0,6802060063015218;2744,5696488221247;14608,518804686151;1040,9299861987984;1,0112681039709372
24,916666666666668;814,1048599626615;705,3304085575071;391,0159889307259;0,7617968735214569;0,6802060063015218;2731,8156833398516;14572,198637941201;1052,1918274924956;0,9976150450722858
25,0;814,6026398100687;706,314244804492;392,39729236807796;0,7617968735214569;0,6802060063015218;2719,361285128861;14536,9189133636;1063,9847750127806;0,9838362469848855
25,083333333333332;815,0987713768183;707,2841728431002;393,7772068421561;0,7617968735214569;0,6802060063015218;2707,209875139418;14502,708150489458;1076,3421212394915;0,9699280386082448
25,166666666666668;815,5932655426803;708,2400596613028;395,15571694804805;0,7617968735214569;0,6802060063015218;2695,3649633429504;14469,59531341439;1089,2996863012797;0,955886818202584
25,25;816,0861330800585;709,1817687441161;396,5328073603508;0,7617968735214569;0,6802060063015218;2683,830147034439;14437,609801956582;1102,896037156813;0,941709082813318
25,333333333333332;816,5773846553977;710,1091602052044;397,9084628342679;0,7617968735214569;0,6802060063015218;2672,6091083985607;14406,781438967639;1117,1727275887322;0,9273914610883318
25,416666666666668;817,0670308305696;711,0220909549068;399,28266820670217;0,7617968735214569;0,6802060063015218;2661,705611254834;14377,14045333146;1132,1745610982337;0,9129307497025134
25,5;817,5550820642352;711,9204149084969;400,6554083973434;0,7617968735214569;0,6802060063015218;2651,1234968915687;14348,717458163119;1147,949879001644;0,8983239535900762
25,583333333333332;818,0415487131849;712,8039832386605;402,02666840975013;0,7617968735214569;0,6802060063015218;2640,866678893457;14321,54342369026;1164,5508762651345;0,8835683301636184
25,666666666666668;818,5264410336572;713,672644676329;403,3964333324254;0,7617968735214569;0,6802060063015218;2630,939136863108;14295,64964427619;1182,0339478718772;0,8686614376684932
25,75;819,0097691826367;714,5262458641092;404,764688339886;0,7617968735214569;0,6802060063015218;2621,3449089332044;14271,067699022258;1200,460068799538;0,8536011877801918
25,833333333333332;819,49154321913;715,3646317666088;406,1314186937246;0,7617968735214569;0,6802060063015218;2612,088082963186;14247,829405370287;1219,8952109973868;0,8383859024995819
25,916666666666668;819,9717731054225;716,1876461419434;407,49660974366395;0,7617968735214569;0,6802060063015218;2603,17278631303;14225,966765119341;1240,4108010940035;0,8230143753346287
26,0;820,4504687083137;716,9951320786192;408,86024692860354;0,7617968735214569;0,6802060063015218;2594,6031740869757;14205,51190226853;1262,084222941286;0,8074859366757395
26,083333333333332;820,9276398003342;717,7869326017935;410,222315777657;0,7617968735214569;0,6802060063015218;2586,383415742361;14186,496992110533;1284,9993695111657;0,7918005231742329
26,166666666666668;821,4032960609427;718,5628913526116;411,5828019111813;0,7617968735214569;0,6802060063015218;2578,5176799635165;14168,954181022942;1309,247249111418;0,77595875081804
26,25;821,877447077704;719,3228533438768;412,9416910417959;0,7617968735214569;0,6802060063015218;2571,010117708278;14152,91549644373;1334,9266513796515;0,7599619912651753
26,333333333333332;822,3501023474481;720,0666657947202;414,29896897539203;0,7617968735214569;0,6802060063015218;2563,864843345681;14138,412746574102;1362,1448790539612;0,7438124508434045
26,416666666666668;822,8212712774124;720,7941790461746;415,65462161213213;0,7617968735214569;0,6802060063015218;2557,0859138181986;14125,477409429037;1391,0185521090675;0,7275132514544491
26,5;823,2909631863645;721,505247558609;417,0086349474379;0,7617968735214569;0,6802060063015218;2550,6773057809455;14114,140510955738;1421,6744914929052;0,7110685124343824
26,583333333333332;823,7591873057085;722,1997309908301;418,3609950729675;0,7617968735214569;0,6802060063015218;2544,6428906938877;14104,432492063845;1454,2506904058464;0,6944834322211288
26,666666666666668;824,2259527805732;722,8774953592992;419,7116881775813;0,7617968735214569;0,6802060063015218;2538,9864078719597;14096,383064564063;1488,8973818391373;0,6777643684692239
26,75;824,6912686708839;723,5384142743357;421,0607005482952;0,7617968735214569;0,6802060063015218;2533,7114355318477;14090,021056190839;1525,7782119376163;0,6609189150363677
26,833333333333332;825,1551439524181;724,1823702483888;422,4080185712217;0,7617968735214569;0,6802060063015218;2528,8213599137066;14085,374245093144;1565,0715296819708;0,6439559740531625
26,916666666666668;825,617587517844;724,8092560694743;423,7536287324987;0,7617968735214569;0,6802060063015218;2524,3193426007338;14082,469184416066;1606,9718044068954;0,6268858210854827
27,0;826,0786081777427;725,4189762306929;425,09751761920444;0,7617968735214569;0,6802060063015218;2520,2082862092425;14081,331017858505;1651,6911837937394;0,609720161218628
27,083333333333332;826,5382146616171;726,0114484044393;426,4396719202593;0,7617968735214569;0,6802060063015218;2516,4907986762446;14081,983287383591;1699,46120621121;0,592472173746346
27,166666666666668;826,9964156188817;726,5866049474882;427,7800784273137;0,7617968735214569;0,6802060063015218;2513,1691564294442;14084,447734566093;1750,5346826396094;0,5751565430488838
27,25;827,4532196198409;727,1443944206953;429,1187240356218;0,7617968735214569;0,6802060063015218;2510,2452667848356;14088,74409738455;1805,1877649182602;0,5577894732071175
27,333333333333332;827,9086351566499;727,6847831046341;430,4555957449007;0,7617968735214569;0,6802060063015218;2507,7206299786385;14094,889904595188;1863,7222187205532;0,5403886839387186
27,416666666666668;828,3626706442624;728,2077564902047;431,7906806601744;0,7617968735214569;0,6802060063015218;2505,5963013003948;14102,900270147808;1926,4679215074134;0,5229733855706187
27,5;828,8153344213631;728,7133207211964;433,1239659926033;0,7617968735214569;0,6802060063015218;2503,872853851442;14112,78769041303;1993,78560776128;0,5055642309917072
27,583333333333332;829,2666347512875;729,2015039640652;434,4554390602974;0,7617968735214569;0,6802060063015218;2502,550342504168;14124,561847268953;2066,069886086885;0,4881832428688191
27,666666666666668;829,7165798229258;729,6723576789274;435,7850872891143;0,7617968735214569;0,6802060063015218;2501,6282696805574;14138,229420329546;2143,752555311411;0,4708537148622018
27,75;830,1651777516154;730,1259577650691;437,1128982134408;0,7617968735214569;0,6802060063015218;2501,1055535999617;14153,79391177154;2227,3062495610757;0,4536000861417391
27,833333333333332;830,6124365800187;730,5624055542436;438,4388594769584;0,7617968735214569;0,6802060063015218;2500,9804996636576;14171,255487319731;2317,248445470658;0,4364477891745519
27,916666666666668;831,0583642789885;730,9818286257555;439,76295883339174;0,7617968735214569;0,6802060063015218;2501,2507756443765;14190,610836961509;2414,1458682408265;0,41942307151189917
28,0;831,5029687484201;731,3843814188812;441,0851841472409;0,7617968735214569;0,6802060063015218;2501,913391330825;14211,853058875306;2518,619337241483;0,40255279312562103
28,083333333333332;831,9462578180911;731,7702456205817;442,40552339449584;0,7617968735214569;0,6802060063015218;2502,964683238474;14234,97156986144;2631,349096320044;0,3858642017005767
28,166666666666668;832,3882392484895;732,1396303097243;443,72396466333373;0,7617968735214569;0,6802060063015218;2504,400304937735;14259,952045254959;2753,0806789679664;0,36938468914261413
28,25;832,8289207316272;732,4927718430941;445,040496154799;0,7617968735214569;0,6802060063015218;2506,21522346913;14286,77639087671;2884,6313640886383;0,3531415333697609
28,333333333333332;833,2683098918452;732,8299334732678;446,3551061834651;0,7617968735214569;0,6802060063015218;2508,4037222133275;14315,422749048374;3026,8972843618235;0,3371616301737164
28,416666666666668;833,7064142866034;733,1514046937938;447,6677831780788;0,7617968735214569;0,6802060063015218;2510,9594104644343;14345,865540071185;3180,8612561893156;0,3214712205259741
28,5;834,1432414072614;733,4575003129129;448,9785156821856;0,7617968735214569;0,6802060063015218;2513,87523982024;14378,075539860969;3347,6014080113864;0,3060956191191431
28,583333333333332;834,5787986798474;733,7485592630602;450,2872923547376;0,7617968735214569;0,6802060063015218;2517,143527358712;14412,019993671067;3528,3006924932893;0,29105895014733846
28,666666666666668;835,0130934658149;734,0249431593782;451,59410197068195;0,7617968735214569;0,6802060063015218;2520,75598541968;14447,66276504134;3724,2573777939765;0,27638389631800836
28,75;835,4461330627898;734,2870346262207;452,89893342153135;0,7617968735214569;0,6802060063015218;2524,7037576609187;14484,964518318055;3936,8966239501633;0,26209146684250473
28,833333333333332;835,8779247053058;734,5352354158991;454,2017757159151;0,7617968735214569;0,6802060063015218;2528,9774609142287;14523,882932328583;4167,783262461648;0,24820078967838535
28,916666666666668;836,3084755655296;734,7699643485109;455,50261798011167;0,7617968735214569;0,6802060063015218;2533,5672322351656;14564,37294209133;4418,635910579228;0,23472893261176894
29,0;836,7377927539765;734,9916551054154;456,8014494585614;0,7617968735214569;0,6802060063015218;2538,462780425468;14606,387004828646;4691,342566731739;0,22169075690437576
29,083333333333332;837,1658833202138;735,2007539116455;458,09825951436085;0,7617968735214569;0,6802060063015218;2543,6534412140277;14649,875386050271;4987,977850147791;0,20909880623010527
29,166666666666668;837,5927542535558;735,4192656675498;459,39303762973685;0,7617968735214569;0,6802060063015218;2549,1282352142066;14694,786461102876;4787,095674921267;0,2185117559042231
29,25;838,018412483749;735,6484374038656;460,6857734065019;0,7617968735214569;0,6802060063015218;2554,3372146501497;14738,393222302999;4577,344136006679;0,22917173631585655
29,333333333333332;838,4428648816468;735,8886661068426;461,9764565664892;0,7617968735214569;0,6802060063015218;2559,2493769970843;14780,539053156637;4378,546297769008;0,24022870297700952
29,416666666666668;838,8661182598744;736,1403498637675;463,26507695196887;0,7617968735214569;0,6802060063015218;2563,854969370104;14821,172419635788;4190,166106774517;0,2516837569248972
29,5;839,2881793734858;736,4038863984871;464,5516245260436;0,7617968735214569;0,6802060063015218;2568,1442099026726;14860,241371466298;4011,690103256766;0,2635365347196279
29,583333333333332;839,70905492061;736,6796715074103;465,83608937302523;0,7617968735214569;0,6802060063015218;2572,107324374969;14897,69370687243;3842,6266867839813;0,2757851089232045
29,666666666666668;840,1287515430893;736,9680974039478;467,11846169879095;0,7617968735214569;0,6802060063015218;2575,734585329994;14933,477149889492;3682,5053956466077;0,288425896537574
29,75;840,5472758271075;737,2695509813393;468,39873183112;0,7617968735214569;0,6802060063015218;2579,0163534785365;14967,53953945919;3530,8762003804313;0,301453577391536
29,833333333333332;840,964634303811;737,5844120057969;469,6768902200102;0,7617968735214569;0,6802060063015218;2581,943121144204;14999,829029295062;3387,308811753737;0,314861024457573
29,916666666666668;841,3808334499196;737,9130512538163;470,95292743797467;0,7617968735214569;0,6802060063015218;2584,5055574503504;15030,294297272048;3251,3920034638204;0,32863924801933186
30,0;841,7958796883296;738,2558286093113;472,2268341803185;0,7617968735214569;0,6802060063015218;2586,6945549025813;15058,884762870512;3122,732949710527;0,34277735549495975
30,083333333333332;842,2097793887093;738,6130911378602;473,49860126539573;0,7617968735214569;0,6802060063015218;2588,501276975458;15085,550810986651;3000,9565777410917;0,35726252854900414
30,166666666666668;842,6225388680846;738,9851711567566;474,7682196348459;0,7617968735214569;0,6802060063015218;2589,917206271227;15110,24402022529;2885,704935394817;0,372080018896318
30,25;843,0341643914177;739,3723843206747;476,035680353811;0,7617968735214569;0,6802060063015218;2590,9341927832;15132,91739361347;2776,636573615808;0,3872131639180869
30,333333333333332;843,4446621721784;739,7750277435525;477,3009746111327;0,7617968735214569;0,6802060063015218;2591,5445017685756;15153,525589530067;2673,4259438491767;0,40264342287785587
30,416666666666668;843,8540383729056;740,1933781777042;478,564093719529;0,7617968735214569;0,6802060063015218;2591,740860715646;15172,025150535965;2575,7628101909177;0,4183504341516995
30,5;844,2622991057638;740,6276902711854;479,82502911575176;0,7617968735214569;0,6802060063015218;2591,5165048800363;15188,37472771997;2483,3516761245774;0,4343120934812579
30,583333333333332;844,6694504330893;741,0781949240186;481,0837723607241;0,7617968735214569;0,6802060063015218;2590,865220864458;15202,535298151843;2395,9112256480885;0,45050465283318036
30,666666666666668;845,0754983679313;741,5450977630351;482,34031513965783;0,7617968735214569;0,6802060063015218;2589,781387726768;15214,470373055769;2313,1737785732803;0,4669028390165112
30,75;845,4804488745847;742,0285777538203;483,5946492621519;0,7617968735214569;0,6802060063015218;2588,260015122407;15224,14619438877;2234,8847597664258;0,48347999078526593
30,833333333333332;845,884307869115;742,5287859665711;484,84676666227045;0,7617968735214569;0,6802060063015218;2586,2967780191098;15231,531917626955;2160,802182092534;0,500208212750896
30,916666666666668;846,2870812198776;743,0458445106341;486,09665939860184;0,7617968735214569;0,6802060063015218;2583,888047563596;15236,599778728654;2090,6961428263867;0,5170585440628995
31,0;846,688774748029;743,579845650132;487,3443196542981;0,7617968735214569;0,6802060063015218;2581,030917731087;15239,325243450417;2024,3483333002089;0,5340011394979922
31,083333333333332;847,0893942280323;744,1308511104722;488,5897397370951;0,7617968735214569;0,6802060063015218;2577,7232274474245;15239,687137437657;1961,5515615696743;0,5510054603402272
31,166666666666668;847,4889453881545;744,698891582717;489,8329120793134;0,7617968735214569;0,6802060063015218;2573,963577939003;15237,667755789007;1902,1092878958952;0,5680404722447967
31,25;847,8874339109581;745,2839664298797;491,0738292378401;0,7617968735214569;0,6802060063015218;2569,751345135938;15233,252951093233;1845,835172860432;0,5850748471626284
31,333333333333332;848,2848654337864;745,8860435962441;492,3124838940914;0,7617968735214569;0,6802060063015218;2565,0866870269597;15226,432199256562;1792,5526379510052;0,6020771663644792
31,416666666666668;848,6812455492415;746,5050597178853;493,5488688539569;0,7617968735214569;0,6802060063015218;2559,9705459385577;15217,198642762143;1742,094438477672;0,6190161216411049
31,5;849,0765798056572;747,1409204297526;494,78297704772444;0,7617968735214569;0,6802060063015218;2554,4046457839045;15205,549111327415;1694,30224870043;0,6358607118673034
31,583333333333332;849,470873707564;747,7935008620483;496,0148015299868;0,7617968735214569;0,6802060063015218;2548,3914843976154;15191,484120242347;1649,0262590696127;0,6525804322957026
31,666666666666668;849,8641327161503;748,462646316231;497,24433547953;0,7617968735214569;0,6802060063015218;2541,9343211378928;15175,007846968027;1606,1247854979124;0,6691454541827523
31,75;850,2563622497145;749,1481731088651;498,4715721992027;0,7617968735214569;0,6802060063015218;2535,037159997981;15156,128086853854;1565,4638905981174;0,6855267926340103
31,833333333333332;850,647567684115;749,849869569742;499,69650511576833;0,7617968735214569;0,6802060063015218;2527,7047285212348;15134,856189076383;1526,9170168315854;0,7016964608769933
31,916666666666668;851,0377543532103;750,5674971792574;500,9191277797387;0,7617968735214569;0,6802060063015218;2519,9424528593227;15111,206974119035;1490,3646315200394;0,7176276095153711
32,0;851,4269275492967;751,3007918289334;502,13943386518963;0,7617968735214569;0,6802060063015218;2511,7564293488213;15085,198634287699;1455,693883676147;0,7332946496759112
32,083333333333336;851,8150925235385;752,0494651882511;503,35741716955965;0,7617968735214569;0,6802060063015218;2503,153393009083;15056,85261889941;1422,7982726073933;0,7486733593177721
32,166666666666664;852,2022544863936;752,8132061605728;504,5730716134306;0,7617968735214569;0,6802060063015218;2494,1406833821843;15026,19350588048;1391,5773282423502;0,7637409723216996
32,25;852,5884186080319;753,5916824108781;505,78639124029127;0,7617968735214569;0,6802060063015218;2484,72620814552;14993,248861575566;1361,9363031194152;0,7784762503053277
32,333333333333336;852,9735900187512;754,3845419482903;506,9973702162839;0,7617968735214569;0,6802060063015218;2474,918404928846;14958,04909059539;1333,7858759655505;0,7928595374122712
32,416666666666664;853,357773809385;755,1914147468818;508,20600282993394;0,7617968735214569;0,6802060063015218;2464,726201761522;14920,627277526199;1307,0418667769895;0,8068727985914316
32,5;853,7409750317069;756,0119143889963;509,412283491863;0,7617968735214569;0,6802060063015218;2454,1589765625786;14881,019022285884;1281,6249632959941;0,8204996421144743
32,583333333333336;854,1231986988286;756,8456397162681;510,6162067344852;0,7617968735214569;0,6802060063015218;2443,2265160677644;14839,262270851063;1257,4604587579956;0,8337253272718994
32,666666666666664;854,5044497855938;757,6921764746085;511,81776721168796;0,7617968735214569;0,6802060063015218;2431,938974564011;14795,397142992324;1234,478000762484;0,8465367583403641
32,75;854,8847332289665;758,5510989406354;513,0169596984956;0,7617968735214569;0,6802060063015218;2420,3068327746337;14749,465758553422;1212,6113510995133;0,8589224660269675
32,833333333333336;855,2640539284149;759,421971518307;514,2137790907184;0,7617968735214569;0,6802060063015218;2408,340857208279;14701,512063691338;1191,7981563420367;0,8708725776717151
32,916666666666664;855,6424167462898;760,3043502958374;515,4082204045851;0,7617968735214569;0,6802060063015218;2396,0520602526967;14651,581658368692;1171,9797289931792;0,8823787775303741
33,0;856,0198265081988;761,1977845543071;516,6002787763607;0,7617968735214569;0,6802060063015218;2383,45166126131;14599,721626255323;1153,100838957392;0,8934342584696594
33,083333333333336;856,3962880033753;762,1018182206964;517,7899494619485;0,7617968735214569;0,6802060063015218;2370,5510488472923;14545,980368059989;1135,109515085548;0,9040336663893344
33,166666666666664;856,7718059850436;763,0159912593418;518,9772278364777;0,7617968735214569;0,6802060063015218;2357,3617445669724;14490,40743917853;1117,9568565268596;0,9141730386455017
33,25;857,1463851707786;763,939840997032;520,1621093938767;0,7617968735214569;0,6802060063015218;2343,8953681425432;14433,053392409705;1101,596853605161;0,9238497376901185
33,333333333333336;857,5200302428615;764,8729033781;521,3445897464306;0,7617968735214569;0,6802060063015218;2330,1636043436647;14373,969626363765;1085,9862179239317;0,9330623810680132
33,416666666666664;857,8927458486311;765,814714146928;522,5246646243266;0,7617968735214569;0,6802060063015218;2316,1781716190376;14313,208240066522;1071,084221393353;0,9418107688280446
33,5;858,2645366008308;766,7648099562412;523,7023298751832;0,7617968735214569;0,6802060063015218;2301,9507925425755;14250,82189414825;1056,8525438639106;0,9500958093131164
33,583333333333336;858,6354070779505;767,7227294004389;524,8775814635675;0,7617968735214569;0,6802060063015218;2287,4931661147402;14186,863678902158;1043,2551290445292;0,9579194441977189
33,666666666666664;859,0053618245652;768,6880139739832;526,0504154704984;0,7617968735214569;0,6802060063015218;2272,8169419377905;14121,386989402548;1030,2580483788067;0,9652845735442835
33,75;859,37440535167;769,6602089555362;527,2208280929362;0,7617968735214569;0,6802060063015218;2257,93369626455;14054,445407786898;1017,8293725506874;0,9721949815530435
33,833333333333336;859,7425421370084;770,6388642191225;528,3888156432604;0,7617968735214569;0,6802060063015218;2242,854909903346;13986,09259273103;1005,9390502905743;0,9786552635864
33,916666666666664;860,1097766253997;771,6235349740817;529,5543745487333;0,7617968735214569;0,6802060063015218;2227,5919479471468;13916,382176079775;994,5587941544325;0,9846707549591942
34,0;860,4761132290608;772,6137824359839;530,717501350953;0,7617968735214569;0,6802060063015218;2212,1560412829494;13845,36766653909;983,6619729516242;0,9902474619021927
34,083333333333336;860,8415563279236;773,609174431012;531,8781927052921;0,7617968735214569;0,6802060063015218;2196,558269826923;13773,102360288338;973,2235105019158;0,9953919950280836
34,166666666666664;861,2061102699495;774,6092859365698;533,0364453803271;0,7617968735214569;0,6802060063015218;2180,809547422791;13699,639258329737;963,2197904080999;1,0001115055578111
34,25;861,5697793714406;775,6136995610705;534,1922562572538;0,7617968735214569;0,6802060063015218;2164,920608334492;13625,03099036108;953,6285665378562;1,004413624500621
34,333333333333336;861,9325679173452;776,622005965994;535,3456223292924;0,7617968735214569;0,6802060063015218;2148,9019952592544;13549,329744932322;944,4288789165914;1,0083064049235895
34,416666666666664;862,2944801615608;777,6338042333896;536,4965407010817;0,7617968735214569;0,6802060063015218;2132,7640487837784;13472,587205625825;935,6009747419428;1,0117982673955082
34,5;862,6555203272347;778,6487021820354;537,6450085880622;0,7617968735214569;0,6802060063015218;2116,5168982042815;13394,85449298765;927,1262342402031;1,0148979486458312
34,583333333333336;863,0156926070582;779,6663166354767;538,7910233158482;0,7617968735214569;0,6802060063015218;2100,1704536299826;13316,182111927867;918,9871010950328;1,0176144534412879
34,666666666666664;863,3750011635591;780,6862736451272;539,9345823195904;0,7617968735214569;0,6802060063015218;2083,734399289537;13236,619904302279;911,1670171892481;1,0199570096504698
34,75;863,7334501293911;781,708208671567;541,075683143328;0,7617968735214569;0,6802060063015218;2067,218187960796;13156,217006387296;903,6503614111866;1,0219350264398037
34,833333333333336;864,0910436076181;782,7317667270893;542,2143234393308;0,7617968735214569;0,6802060063015218;2050,6310364456026;13075,02181096193;896,4223922879764;1,0235580555222896
34,916666666666664;864,4477856719961;783,7566024824519;543,3505009674324;0,7617968735214569;0,6802060063015218;2033,98192201322;12993,081933712852;889,4691942188895;1,0248357553625458
35,0;864,8036803672526;784,78238034068;544,4842135943536;0,7617968735214569;0,6802060063015218;2017,2795797386073;12910,44418368872;882,7776270927866;1,0257778582281867
35,083333333333336;865,1587317093604;785,8087744806469;545,6154592930172;0,7617968735214569;0,6802060063015218;2000,5325006643147;12827,154537533916;876,3352790843526;1,0263941399669338
35,166666666666664;865,5129436858103;786,8354688730286;546,7442361418538;0,7617968735214569;0,6802060063015218;1983,7489307178373;12743,25811724311;870,1304224343182;1,0266943923816783
35,25;865,8663202558802;787,8621572710996;547,8705423240992;0,7617968735214569;0,6802060063015218;1966,9368703195432;12658,799171189243;864,1519720291624;1,0266883980710035
35,333333333333336;866,2188653508993;788,8885431786996;548,994376127084;0,7617968735214569;0,6802060063015218;1950,1040746195144;12573,821058186706;858,3894466057671;1,0263859076000519
35,416666666666664;866,570582874512;789,9143397975655;550,1157359415146;0,7617968735214569;0,6802060063015218;1933,2580543049914;12488,366234362526;852,8329324161843;1,0257966188659184
35,5;866,921476702936;790,9392699560884;551,234620260747;0,7617968735214569;0,6802060063015218;1916,4060769236612;12402,476242623185;847,4730491970372;1,0249301585228663
35,583333333333336;867,27155068522;791,9630660214231;552,3510276800531;0,7617968735214569;0,6802060063015218;1899,5551686711906;12316,191704513152;842,3009182970522;1,0237960653346032
35,666666666666664;867,620808643495;792,9854697967472;553,46495689588;0,7617968735214569;0,6802060063015218;1882,7121165949222;12229,552314273811;837,3081328248462;1,0224037753241288
35,75;867,9692543732274;794,006232405343;554,5764067051022;0,7617968735214569;0,6802060063015218;1865,883471168695;12142,596834924401;832,486729687336;1,0207626085957509
35,833333333333336;868,3168916434638;795,0251141630514;555,6853760042666;0,7617968735214569;0,6802060063015218;1849,07554919711;12055,363096196183;827,8291633969983;1,018881757708409
35,916666666666664;868,6637241970773;796,0418844405359;556,7918637888328;0,7617968735214569;0,6802060063015218;1832,29443701031;11967,887994162333;823,3282815336836;1,0167702774845309
36,0;869,0097557510089;797,05632151668;557,8958691524052;0,7617968735214569;0,6802060063015218;1815,545993913534;11880,207492417074;818,9773017537923;1,0144370761441095
36,083333333333336;869,3549899965064;798,0682124243393;558,997391285961;0,7617968735214569;0,6802060063015218;1798,8358558582236;11792,356624668115;814,7697902463467;1,0118909076593146
36,166666666666664;869,6994305993603;799,0773527895698;560,0964294770715;0,7617968735214569;0,6802060063015218;1782,169439304178;11704,369498613249;810,6996415418558;1,009140365230452
36,25;870,0430812001381;800,0835466653599;561,1929831091182;0,7617968735214569;0,6802060063015218;1765,5519452447634;11616,279300985674;806,7610595858866;1,0061938757901385
36,333333333333336;870,3859454144146;801,0866063608079;562,2870516605043;0,7617968735214569;0,6802060063015218;1748,9883633694546;11528,118303656978;802,9485399949126;1,0030596954479227
36,416666666666664;870,7280268330004;802,0863522666012;563,3786347038604;0,7617968735214569;0,6802060063015218;1732,4834763401668;11439,917870697156;799,256853417358;0,9997459057933069
36,5;871,0693290221678;803,0826126775818;564,4677319052465;0,7617968735214569;0,6802060063015218;1716,041864159979;11351,708466298212;795,6810299277719;0,9962604109805138
36,583333333333336;871,409855523873;804,0752236131053;565,5543430233495;0,7617968735214569;0,6802060063015218;1699,6679086146514;11263,519663474746;792,216344386781;0,9926109355235593
36,666666666666664;871,7496098559776;805,0640286358406;566,6384679086752;0,7617968735214569;0,6802060063015218;1683,3657977691928;11175,380153461883;788,8583027039025;0,9888050227352343
36,75;872,0885955124662;806,048878669589;567,7201065027385;0,7617968735214569;0,6802060063015218;1667,1395305034252;11087,317755737347;785,6026289444462;0,9848500337484389
36,833333333333336;872,4268159636621;807,0296318166519;568,7992588372483;0,7617968735214569;0,6802060063015218;1650,9929210719292;10999,359428599626;782,445253225628;0,980753147062823
36,916666666666664;872,7642746564402;808,006153175216;569,8759250332893;0,7617968735214569;0,6802060063015218;1634,9296036752548;10911,531280240153;779,3823003506521;0,9765213585640815
37,0;873,1009750144383;808,9783146571833;570,950105300501;0,7617968735214569;0,6802060063015218;1618,9530370306045;10823,858580252372;776,4100791329395;0,9721614819673307
37,083333333333336;873,436920438265;809,9459948068231;572,0217999362535;0,7617968735214569;0,6802060063015218;1603,0665089313743;10736,36577152472;773,5250723658521;0,9676801496398147
37,166666666666664;873,772114305706;810,909078620585;573,09100932482;0,7617968735214569;0,6802060063015218;1587,273140786047;10649,076482469947;770,7239273962491;0,96308381376189
37,25;874,1065599719282;811,8674573683734;574,1577339365475;0,7617968735214569;0,6802060063015218;1571,575892128027;10562,013539544996;768,0034472629932;0,9583787477884352
37,333333333333336;874,4402607696804;812,8210284165497;575,2219743270247;0,7617968735214569;0,6802060063015218;1555,9775650888696;10475,198980022222;765,360582364115;0,9535710481762375
37,416666666666664;874,7732200094932;813,7696950528953;576,2837311362476;0,7617968735214569;0,6802060063015218;1540,4808088282693;10388,654064973742;762,7924226187752;0,9486666363456379
37,5;875,105440979876;814,7133663137428;577,3430050877843;0,7617968735214569;0,6802060063015218;1525,0881239149494;10302,399292434317;760,2961900924228;0,943671260847499
37,583333333333336;875,4369269475116;815,651956813452;578,3997969879359;0,7617968735214569;0,6802060063015218;1509,8018666533308;10216,454410712135;757,8692320556531;0,9385904997091794
37,666666666666664;875,7676811574494;816,5853865763874;579,4541077248984;0,7617968735214569;0,6802060063015218;1494,6242533514892;10130,838431818065;755,509014449247;0,9334297629354154
37,75;876,0977068332952;817,5135808715296;580,5059382679217;0,7617968735214569;0,6802060063015218;1479,5573645265506;10045,569644986943;753,2131157296947;0,9281942951422444
37,833333333333336;876,4270071774008;818,4364700498337;581,5552896664677;0,7617968735214569;0,6802060063015218;1464,60314904414;9960,665630266853;750,9792210712238;0,9228891783040938
37,916666666666664;876,7555853710496;819,3539893844297;582,6021630493682;0,7617968735214569;0,6802060063015218;1449,7634281891778;9876,143272154233;748,8051169019476;0,9175193345960145
38,0;877,0834445746411;820,2660789137443;583,646559623981;0,7617968735214569;0,6802060063015218;1435,0398996654974;9792,01877325368;746,6886857532247;0,9120895293146356
38,083333333333336;877,4105879278737;821,1726832876075;584,6884806753467;0,7617968735214569;0,6802060063015218;1420,4341415224208;9708,307667944879;744,6279014027159;0,906604373863151
38,166666666666664;877,7370185499249;822,0737516163944;585,727927565344;0,7617968735214569;0,6802060063015218;1405,9476160066565;9625,024836039;742,6208242929044;0,9010683287869306
38,25;878,0627395396293;822,969237323242;586,764901731846;0,7617968735214569;0,6802060063015218;1391,5816733382626;9542,184516408272;740,6655972080564;0,895485706847654
38,333333333333336;878,3877539756562;823,8590979993672;587,7994046878753;0,7617968735214569;0,6802060063015218;1377,3375554096815;9459,800320575292;738,7604411937057;0,8898606761251916
38,416666666666664;878,7120649166827;824,7432952625047;588,8314380207604;0,7617968735214569;0,6802060063015218;1363,2163994072243;9377,885246249012;736,9036517038043;0,8841972631374938
38,5;879,0356754015679;825,6217946184743;589,861003391292;0,7617968735214569;0,6802060063015218;1349,21924135445;9296,451690793709;735,0935949616401;0,8784993559695978
38,583333333333336;879,3585884495228;826,4945653258784;590,8881025328798;0,7617968735214569;0,6802060063015218;1335,3470195773411;9215,511464622017;733,3287045215349;0,872770707404105
38,666666666666664;879,6808070602797;827,3615802639245;591,9127372507099;0,7617968735214569;0,6802060063015218;1321,6005780911105;9135,07580450068;731,60747801918;0,8670149380460159
38,75;880,0023342142589;828,2228158033602;592,9349094209041;0,7617968735214569;0,6802060063015218;1307,9806699088806;9055,155386759543;729,9284740992505;0,8612355394356858
38,833333333333336;880,3231728727351;829,0782516805045;593,9546209896785;0,7617968735214569;0,6802060063015218;1294,4879602724682;8975,760340396175;728,2903095096749;0,855435877144418
38,916666666666664;880,643325978;829,9278708743523;594,971873972505;0,7617968735214569;0,6802060063015218;1281,1230298057637;8896,900260068118;726,6916563526199;0,849619193847774
39,0;880,9627964535247;830,7716594867244;595,9866704532734;0,7617968735214569;0,6802060063015218;1267,8863775911937;8818,584218964757;725,1312394828863;0,843788612372179
39,083333333333336;881,28158720412;831,6096066254355;596,9990125834549;0,7617968735214569;0,6802060063015218;1254,7784241700072;8740,820781554243;723,6078340450088;0,8379471387111715
39,166666666666664;881,5997011160947;832,4417042904432;598,0089025812678;0,7617968735214569;0,6802060063015218;1241,7995144671124;8663,618016197339;722,1202631409043;0,8320976650077707
39,25;881,9171410574121;833,2679472629434;599,0163427308441;0,7617968735214569;0,6802060063015218;1228,949920641287;8586,983507624787;720,6673956204304;0,8262429725002052
39,333333333333336;882,2339098778458;834,0883329973717;600,0213353813998;0,7617968735214569;0,6802060063015218;1216,229844861718;8510,924369272097;719,2481439877013;0,8203857344283838
39,416666666666664;882,5500104091325;834,9028615162707;601,0235037019737;0,7617968735214569;0,6802060063015218;1203,6394220118523;8435,447255468058;717,8614624164534;0,8145285188989988
39,5;882,8654454651244;835,711535307978;602,0238342313482;0,7617968735214569;0,6802060063015218;1191,1787223215442;8360,558373472304;716,5063448681774;0,808673791707343
39,583333333333336;883,1802178419391;836,5143592270923;603,0223147624255;0,7617968735214569;0,6802060063015218;1178,847753928659;8286,263495358973;715,1818233071241;0,8028239191143413
39,666666666666664;883,494330318109;837,3113403976698;604,0189330347941;0,7617968735214569;0,6802060063015218;1166,64646537117;8212,567969743304;713,8869660066557;0,7969811705774846
39,75;883,8077856547275;838,1024881191044;605,0136767329672;0,7617968735214569;0,6802060063015218;1154,574748010978;8139,476733347186;712,6208759417597;0,7911477214345172
39,833333333333336;884,1205865955953;838,8878137746435;606,0065334845734;0,7617968735214569;0,6802060063015218;1142,632438390578;8066,994322402494;711,3826892628591;0,7853256555391183
39,916666666666664;884,4327358673645;839,6673307424913;606,9974908585042;0,7617968735214569;0,6802060063015218;1130,8193205237956;7995,124883889207;710,171573846352;0,7795169678478607
40,0;884,7442361796808;840,4410543094493;607,986536363011;0,7617968735214569;0,6802060063015218;1119,135128121829;7923,872186606194;708,9867279175928;0,7737235669579267
40,083333333333336;885,0550902253249;841,2090015870446;608,9736574437562;0,7617968735214569;0,6802060063015218;1107,5795467557869;7853,239632073457;707,8273787422879;0,7679472775952774
40,166666666666664;885,365300680352;841,9711914300976;609,9588414818121;0,7617968735214569;0,6802060063015218;1096,1522159570081;7783,230265263795;706,6927813825218;0,7621898430530255
40,25;885,6748702042305;842,7276443576776;610,9420757916108;0,7617968735214569;0,6802060063015218;1084,852731256359;7713,846785162933;705,5822175138587;0,7564529275799373
40,333333333333336;885,9838014399782;843,4783824763967;611,9233476188404;0,7617968735214569;0,6802060063015218;1073,6806461638225;7645,091555157224;704,494994300177;0,7507381187191077
40,416666666666664;886,2920970142978;844,2234294059937;612,9026441382875;0,7617968735214569;0,6802060063015218;1062,6354740895351;7576,966613247618;703,4304433230934;0,7450469295968789
40,5;886,5997595377116;844,9628102071559;613,8799524516261;0,7617968735214569;0,6802060063015218;1051,7166902076042;7509,4736820899025;702,3879195630217;0,7393808011622691
40,583333333333336;886,9067916046931;845,6965513115331;614,8552595851478;0,7617968735214569;0,6802060063015218;1040,9237332638922;7442,614178859664;701,3668004290846;0,7337411043770923
40,666666666666664;887,2131957937991;846,4246804538903;615,8285524874361;0,7617968735214569;0,6802060063015218;1030,256007329001;7376,38922494318;700,3664848352606;0,728129142357256
40,75;887,5189746677986;847,1472266063558;616,7998180269806;0,7617968735214569;0,6802060063015218;1019,7128834977178;7310,799655453077;699,3863923203037;0,7225461524655508
40,833333333333336;887,8241307738033;847,8642199147122;617,7690429897299;0,7617968735214569;0,6802060063015218;1009,293701536069;7245,846028568573;698,4259622091126;0,7169933083563792
40,916666666666664;888,1286666433924;848,5756916366852;618,7362140765835;0,7617968735214569;0,6802060063015218;998,9977714772778;7181,528634701789;697,4846528133683;0,7114717219730488
41,0;888,4325847927412;849,2816740821833;619,7013179008183;0,7617968735214569;0,6802060063015218;988,8243751676811;7117,847505488756;696,561940669375;0,705982445498025
41,083333333333336;888,7358877227434;849,9822005554402;620,6643409854508;0,7617968735214569;0,6802060063015218;978,7727677639481;7054,802422606833;695,6573198111695;0,7005264732568504
41,166666666666664;889,0385779191364;850,6773052990164;621,6252697605316;0,7617968735214569;0,6802060063015218;968,8421791825817;6992,392926418635;694,7703010770649;0,6951047435762915
41,25;889,340657852623;851,3670234396138;622,5840905603707;0,7617968735214569;0,6802060063015218;959,031815502999;6930,618324443152;693,9004114479043;0,6897181405973637
41,333333333333336;889,6421299789918;852,0513909356578;623,5407896206931;0,7617968735214569;0,6802060063015218;949,3408603252306;6869,477699654772;693,0471934153959;0,6843674960438865
41,416666666666664;889,9429967392377;852,730444526605;624,4953530757217;0,7617968735214569;0,6802060063015218;939,7684760833499;6808,969918611153;692,2102043789967;0,6790535909472469
41,5;890,2432605596803;853,4042216839331;625,4477669551859;0,7617968735214569;0,6802060063015218;930,3138053158193;6749,093639411337;691,3890160698897;0,6737771573281164
41,583333333333336;890,5429238520813;854,0727605637688;626,3980171812544;0,7617968735214569;0,6802060063015218;920,9759718936795;6689,847319484577;690,5832140006905;0,6685388798357571
41,666666666666664;890,8419890137608;854,7360999611145;627,3460895653903;0,7617968735214569;0,6802060063015218;911,7540822078126;6631,229223211366;689,7923969395872;0,6633393973456797
41,75;891,1404584277116;855,3942792656309;628,2919698051261;0,7617968735214569;0,6802060063015218;902,6472263161565;6573,2374293778585;689,0161764076946;0,6581793045163569
41,833333333333336;891,4383344627146;856,0473384189366;629,2356434807572;0,7617968735214569;0,6802060063015218;893,6544790520173;6515,869838465338;688,254176198467;0,6530591533057613
41,916666666666664;891,7356194734506;856,6953178733851;630,1770960519515;0,7617968735214569;0,6802060063015218;884,7749010944483;6459,124179775645;687,5060319180805;0,6479794544484134
42,0;892,0323158006117;857,3382585522788;631,1163128542735;0,7617968735214569;0,6802060063015218;876,0075400016376;6402,998018394448;686,771390545751;0,642940678893709
42,083333333333336;892,3284257710131;857,9762018114851;632,0532790956198;0,7617968735214569;0,6802060063015218;867,3514312083228;6347,488761993515;686,0499100130154;0,6379432592062293
42,166666666666664;892,6239516977014;858,6091894024139;632,9879798525654;0,7617968735214569;0,6802060063015218;858,8055989882008;6292,593667474045;685,3412588010501;0,6329875909288117
42,25;892,9188958800634;859,237263436323;633,9204000666168;0,7617968735214569;0,6802060063015218;850,3690573821871;6238,309847452845;684,645115555157;0,6280740339091178
42,333333333333336;893,2132606039336;859,8604663499134;634,8505245403713;0,7617968735214569;0,6802060063015218;842,0408110935085;6184,634276592036;683,9611687155866;0,6232029135903409
42,416666666666664;893,5070481417005;860,4788408721803;635,7783379335792;0,7617968735214569;0,6802060063015218;833,8198563505046;6131,563797775255;683,2891161639194;0,6183745222668854
42,5;893,8002607524116;861,092429992486;636,7038247591072;0,7617968735214569;0,6802060063015218;825,7051817380045;6079,0951281318985;682,6286648842621;0,61358912030571
42,583333333333336;894,0929006818782;861,7012769298201;637,6269693787998;0,7617968735214569;0,6802060063015218;817,6957689981407;6027,224864910968;681,9795306385565;0,6088469373340276
42,666666666666664;894,3849701627774;862,3054251032141;638,5477559992372;0,7617968735214569;0,6802060063015218;809,790593801452;5975,9494912062255;681,341437655337;0,6041481733940495
42,75;894,6764714147557;862,9049181032797;639,4661686673871;0,7617968735214569;0,6802060063015218;801,9886264890829;5925,2653815353415;680,7141183313057;0,5994930000655443
42,833333333333336;894,9674066445297;863,4997996648366;640,3821912661472;0,7617968735214569;0,6802060063015218;794,2888327869014;5875,1688072746065;680,0973129451261;0,5948815615568681
42,916666666666664;895,2577780459856;864,0901136406018;641,2958075097762;0,7617968735214569;0,6802060063015218;786,6901744923268;5825,655941951115;679,4907693828699;0,5903139757651473
43,0;895,5475878002795;864,6759039759081;642,2070009392118;0,7617968735214569;0,6802060063015218;779,1916101345947;5776,722866394494;678,8942428745786;0,5857903353062901
43,083333333333336;895,8368380759356;865,2572146844236;643,1157549172711;0,7617968735214569;0,6802060063015218;771,7920956092854;5728,365573750437;678,3074957414287;0,5813107085155207
43,166666666666664;896,1255310289426;865,8340898248427;644,0220526237332;0,7617968735214569;0,6802060063015218;764,4905847877993;5680,579974358323;677,7302971530174;0,5768751404191135
43,25;896,4136688028514;866,4065734785206;644,925877050298;0,7617968735214569;0,6802060063015218;757,2860301024974;5633,361900493956;677,1624228943082;0,5724836536778793
43,333333333333336;896,7012535288695;866,9747097280238;645,8272109954223;0,7617968735214569;0,6802060063015218;750,1773831082687;5586,707110980882;676,6036551417998;0,5681362495031756
43,416666666666664;896,9882873259565;867,5385426365698;646,7260370590278;0,7617968735214569;0,6802060063015218;743,1635950211444;5540,611295671946;676,0537822485043;0,5638329085460223
43,5;897,274772300917;868,0981162283297;647,622337637079;0,7617968735214569;0,6802060063015218;736,243617234669;5495,070079802574;675,5125985373392;0,5595735917598949
43,583333333333336;897,560710548494;868,6534744695675;648,5160949160287;0,7617968735214569;0,6802060063015218;729,416401814683;5450,079028218913;674,9799041025606;0,5553582412378948
43,666666666666664;897,8461041514599;869,2046612505924;649,4072908671276;0,7617968735214569;0,6802060063015218;722,6809019731604;5405,633649482537;674,4555046188801;0,551186781024859
43,75;898,1309551807092;869,7517203684973;650,2959072405953;0,7617968735214569;0,6802060063015218;716,036072521689;5361,729399853571;673,9392111579277;0,5470591179049765
43,833333333333336;898,415265695347;870,2946955106629;651,1819255596508;0,7617968735214569;0,6802060063015218;709,4808703052962;5318,3616871554495;673,4308400117388;0,5429751421655952
43,916666666666664;898,6990377427784;870,8336302390005;652,0653271143983;0,7617968735214569;0,6802060063015218;703,0142546171021;5275,525874521947;672,9302125229592;0,538934728337644
44,0;898,9822733587987;871,3685679749138;652,946092955566;0,7617968735214569;0,6802060063015218;696,6351875944468;5233,217284029696;672,4371549214767;0,5349377359133413
44,083333333333336;899,264974567679;871,8995519849557;653,8242038880958;0,7617968735214569;0,6802060063015218;690,3426345971212;5191,431200219105;671,9514981672016;0,5309840100418107
44,166666666666664;899,5471433822538;872,4266253671586;654,6996404645804;0,7617968735214569;0,6802060063015218;684,1355645680835;5150,162873503519;671,4730777987336;0,5270733822029279
44,25;899,8287818040075;872,9498310380187;655,5723829785447;0,7617968735214569;0,6802060063015218;678,0129503773793;5109,407523470454;671,0017337876611;0,5232056708601005
44,333333333333336;900,1098918231586;873,4692117201113;656,4424114575698;0,7617968735214569;0,6802060063015218;671,9737691497187;5069,160342077988;670,5373103982578;0,5193806820925826
44,416666666666664;900,3904754187449;873,9848099303189;657,3097056562557;0,7617968735214569;0,6802060063015218;666,0170025761829;5029,416496745201;670,0796560523434;0,5155982102075443
44,5;900,6705345587067;874,4966679686516;658,1742450490214;0,7617968735214569;0,6802060063015218;660,1416372106513;4990,171133342444;669,6286231990955;0,5118580383327377
44,583333333333336;900,9500711999696;875,0048279076417;659,0360088227386;0,7617968735214569;0,6802060063015218;654,3466647513753;4951,419379081186;669,184068189604;0,5081599389900385
44,666666666666664;901,2290872885268;875,5093315822921;659,8949758691974;0,7617968735214569;0,6802060063015218;648,6310823081965;4913,156345306179;668,7458511559693;0,5045036746504066
44,75;901,5075847595202;876,0102205805629;660,7511247774008;0,7617968735214569;0,6802060063015218;642,9938926558663;4875,377130192556;668,3138358947584;0,5008889982707925
44,833333333333336;901,7855655373206;876,5075362343763;661,6044338256866;0,7617968735214569;0,6802060063015218;637,4341044739339;4838,076821349018;667,8878897546383;0,4973156538133721
44,916666666666664;902,0630315356085;877,0013196111239;662,4548809736733;0,7617968735214569;0,6802060063015218;631,9507325736083;4801,250498329995;667,4678835280149;0,49378337674764344
45,0;902,339984657452;877,4916115056596;663,3024438540301;0,7617968735214569;0,6802060063015218;626,542798112115;4764,893235058364;667,0536913465149;0,4902918945357993
45,083333333333336;902,6164267953856;877,9784524327614;664,1470997640662;0,7617968735214569;0,6802060063015218;621,2093287948079;4729,000102160701;666,645190580155;0,48684092710179805
45,166666666666664;902,8923598314881;878,461882620046;664,9888256571403;0,7617968735214569;0,6802060063015218;615,9493590656041;4693,566169217281;666,2422617400476;0,4834301872845974
45,25;903,1677856374588;878,941942001322;665,8275981338876;0,7617968735214569;0,6802060063015218;610,7619302860513;4658,586506929055;665,8447883845038;0,48005938127598996
45,333333333333336;903,4427060746945;879,4186702103653;666,6633934332627;0,7617968735214569;0,6802060063015218;605,64609090342;4624,056189202519;665,4526570283954;0,47672820904335467
45,416666666666664;903,7171229943639;879,8921065751033;667,4961874233992;0,7617968735214569;0,6802060063015218;600,6008966082277;4589,970295156139;665,0657570556475;0,47343636473789485
45,5;903,9910382374837;880,3622901121919;668,3259555922823;0,7617968735214569;0,6802060063015218;595,6254104815145;4556,323911047956;664,683980634738;0,470183537088541
45,583333333333336;904,2644536349918;880,8292595219741;669,1526730382376;0,7617968735214569;0,6802060063015218;590,7187031322962;4523,112132129045;664,3072226370839;0,46696940978216916
45,666666666666664;904,5373710078206;881,2930531838043;669,976314460233;0,7617968735214569;0,6802060063015218;585,8798528254425;4490,330064421538;663,9353805582047;0,463793661830215
45,75;904,8097921669709;881,7537091517266;670,7968541479956;0,7617968735214569;0,6802060063015218;581,107945600408;4457,972826426424;663,5683544415498;0,4606559679223714
45,833333333333336;905,0817189135823;882,2112651504941;671,614265971945;0,7617968735214569;0,6802060063015218;576,4020753811053;4426,0355507595805;663,2060468048915;0,4575559987674226
45,916666666666664;905,3531530390062;882,665758571916;672,4285233729413;0,7617968735214569;0,6802060063015218;571,7613440772055;4394,51338572072;662,8483625691811;0,4544934214218286
46,0;905,6240963248757;883,1172264715221;673,2395993518543;0,7617968735214569;0,6802060063015218;567,1848616772564;4363,401496794904;662,4952089897748;0,45146789960622274
46,083333333333336;905,8945505431767;883,5657055655324;674,0474664589516;0,7617968735214569;0,6802060063015218;562,6717463338395;4332,695068090032;662,1464955899395;0,4484790940103055
46,166666666666664;906,1645174563157;884,0112322281187;674,8520967831116;0,7617968735214569;0,6802060063015218;558,221124441107;4302,3893037101525;661,8021340965495;0,4455266625863015
46,25;906,4339988171909;884,4538424889502;675,6534619408638;0,7617968735214569;0,6802060063015218;553,8321307049245;4272,479429068311;661,4620383778939;0,4426102608314809
46,333333333333336;906,7029963692585;884,8935720310101;676,4515330652614;0,7617968735214569;0,6802060063015218;549,5039082060174;4242,960692139074;661,126124383514;0,43972954205993586
46,416666666666664;906,9715118466016;885,330456188674;677,2462807945906;0,7617968735214569;0,6802060063015218;545,2356084562098;4213,828364652887;660,7943100859937;0,43688415766395283
46,5;907,2395469739973;885,7645299460394;678,037675260924;0,7617968735214569;0,6802060063015218;541,0263914481902;4185,077743234038;660,4665154246319;0,4340737573653124
46,583333333333336;907,5071034669822;886,1958279354961;678,8256860785239;0,7617968735214569;0,6802060063015218;536,875425698949;4156,704150483737;660,1426622509251;0,4312979894567965
46,666666666666664;907,7741830319194;886,6243844365302;679,6102823321047;0,7617968735214569;0,6802060063015218;532,7818882871526;4128,702936009279;659,8226742757963;0,42855650103413895
46,75;908,040787366063;887,050233374749;680,391432564963;0,7617968735214569;0,6802060063015218;528,7449648847286;4101,06947740177;659,5064770185015;0,42584893821879266
46,833333333333336;908,3069181576233;887,4734083211208;681,1691047669856;0,7617968735214569;0,6802060063015218;524,763849782849;4073,7991811633137;659,1939977571575;0,4231749463717259
46,916666666666664;908,5725770858303;887,8939424914194;681,9432663625486;0,7617968735214569;0,6802060063015218;520,8377459125614;4046,8874835848724;658,8851654808279;0,4205341702984994
47,0;908,8377658209986;888,3118687458652;682,7138841983193;0,7617968735214569;0,6802060063015218;516,9658648602734;4020,3298515768815;658,5799108431136;0,41792625444593773
47,083333333333336;909,1024860245885;888,7272195889559;683,480924530977;0,7617968735214569;0,6802060063015218;513,1474268783336;3994,121783454012;658,2781661171919;0,4153508430906562
47,166666666666664;909,3667393492703;889,1400271694755;684,2443530148678;0,7617968735214569;0,6802060063015218;509,3816608908156;3968,2588096744385;657,9798651522527;0,4128075805195845
47,25;909,6305274389849;889,5503232806784;685,0041346896135;0,7617968735214569;0,6802060063015218;505,6678044948711;3942,736493536516;657,6849433312836;0,41029611120289095
47,333333333333336;909,8938519290061;889,9581393606378;685,7602339676929;0,7617968735214569;0,6802060063015218;502,00510395766287;3917,550431832677;657,3933375301519;0,4078160799593838
47,416666666666664;910,1567144460005;890,3635064927525;686,5126146220198;0,7617968735214569;0,6802060063015218;498,39281420920827;3892,696255463055;657,1049860779428;0,4053671321147481
47,5;910,4191166080886;890,7664554064053;687,2612397735405;0,7617968735214569;0,6802060063015218;494,83019883119823;3868,1696300094145;656,8198287185053;0,402948913652765
47,583333333333336;910,6810600249044;891,1670164777651;688,0060718788789;0,7617968735214569;0,6802060063015218;491,3165300420843;3843,9662562707354;656,5378065731661;0,40056107135975444
47,666666666666664;910,9425462976537;891,5652197307276;688,7470727180583;0,7617968735214569;0,6802060063015218;487,85108867848237;3820,081870761803;656,2588621045696;0,3982032529624565
47,75;911,2035770191749;891,9610948379872;689,4842033823332;0,7617968735214569;0,6802060063015218;484,4331641731543;3796,51224617626;655,9829390816059;0,3958751072595891
47,833333333333336;911,4641537739947;892,3546711222343;690,2174242621641;0,7617968735214569;0,6802060063015218;481,0620545296928;3773,2531918142804;655,7099825453873;0,39357628424719254
47,916666666666664;911,7242781383877;892,7459775574724;690,9466950353761;0,7617968735214569;0,6802060063015218;477,7370662940086;3750,3005539774276;655,4399387762406;0,39130643523808256
48,0;911,9839516804327;893,135042770448;691,6719746555432;0,7617968735214569;0,6802060063015218;474,4575145228822;3727,650216330568;655,1727552616763;0,38906521297549923
48,083333333333336;912,2431759600701;893,5218950421892;692,3932213406405;0,7617968735214569;0,6802060063015218;471,2227227496186;3705,2981002325946;654,9083806653056;0,3868522717411913
48,166666666666664;912,501952529157;893,9065623096473;693,1103925620176;0,7617968735214569;0,6802060063015218;468,0320229470226;3683,240165036939;654,64676479667;0,38466726745811775
48,25;912,7602829315244;894,2890721674352;693,823445033744;0,7617968735214569;0,6802060063015218;464,8847554877449;3661,472408362807;654,3878585819542;0,3825098577879253
48,333333333333336;913,0181687030312;894,6694518696586;694,5323347023842;0,7617968735214569;0,6802060063015218;461,78026910223196;3639,990866338096;654,1316140355524;0,3803797022233805
48,416666666666664;913,2756113716196;895,0477283318345;695,237016737266;0,7617968735214569;0,6802060063015218;458,71792083431444;3618,791613814982;653,8779842324597;0,3782764621759136
48,5;913,5326124573692;895,423928132893;695,9374455213069;0,7617968735214569;0,6802060063015218;455,69707599462674;3597,870764559595;653,6269232814601;0,3761998010584886
48,583333333333336;913,7891734725513;895,7980775172568;696,6335746424729;0,7617968735214569;0,6802060063015218;452,7171081119036;3577,224471415644;653,378386299087;0,37414938436384937
48,666666666666664;914,0452959216818;896,1702023969954;697,3253568859444;0,7617968735214569;0,6802060063015218;449,777398882361;3556,848926444749;653,1323293843278;0,3721248797384765
48,75;914,300981301574;896,5403283540476;698,0127442270749;0,7617968735214569;0,6802060063015218;446,87733811716157;3536,7403610419865;652,8887095940506;0,37012595705217544
48,833333333333336;914,5562311013921;896,9084806425112;698,6956878252294;0,7617968735214569;0,6802060063015218;444,01632368816024;3516,8950460293045;652,647484919129;0,36815228846361125
48,916666666666664;914,8110468027013;897,2746841909932;699,3741380185982;0,7617968735214569;0,6802060063015218;441,1937614720216;3497,3092917279055;652,4086142612407;0,36620354848196013
49,0;915,0654298795222;897,6389636050178;700,0480443200881;0,7617968735214569;0,6802060063015218;438,40906529270285;3477,979448008034;652,1720574103203;0,3642794140245789
49,083333333333336;915,319381798379;898,0013431694889;700,717355414399;0,7617968735214569;0,6802060063015218;435,66165686260945;3458,901904319921;651,9377750226442;0,36237956447112346
49,166666666666664;915,5729040183523;898,3618468512029;701,3820191563998;0,7617968735214569;0,6802060063015218;432,95096572225304;3440,073089704776;651,7057285995272;0,3605036817140441
49,25;915,8259979911287;898,7204983014086;702,0419825709287;0,7617968735214569;0,6802060063015218;430,2764291787355;3421,4894727874953;651,4758804666113;0,3586514502056926
49,333333333333336;916,0786651610505;899,0773208584106;702,6971918541458;0,7617968735214569;0,6802060063015218;427,63749224300227;3403,147561750719;651,2481937537287;0,3568225570020459
49,416666666666664;916,330906965165;899,432337550214;703,3475923765761;0,7617968735214569;0,6802060063015218;425,0336075659959;3385,043904292982;651,0226323753202;0,3550166918033585
49,5;916,5827248332747;899,7855710972057;703,9931286879888;0,7617968735214569;0,6802060063015218;422,46423537377495;3367,1750875690427;650,7991610113907;0,35323354699161724
49,583333333333336;916,8341201879845;900,1370439148708;704,6337445242659;0,7617968735214569;0,6802060063015218;419,9288434017262;3349,5377381155877;650,5777450889877;0,35147281766514726
49,666666666666664;917,0850944447504;900,4869709281079;705,2693828164221;0,7617968735214569;0,6802060063015218;417,426906827842;3332,128521761089;650,0;0,3499270132371089
49,75;917,3356490119282;900,8350598230259;705,8999857019453;0,7617968735214569;0,6802060063015218;414,9530879160636;3314,9064433542517;650,0;0,34808889491802014
49,833333333333336;917,5857852908192;901,1813367975878;706,5254945386364;0,7617968735214569;0,6802060063015218;412,51472972255954;3297,929621952887;650,0;0,34627697456199774
49,916666666666664;917,835504675719;901,5258276120434;707,1458499211333;0,7617968735214569;0,6802060063015218;410,11121233078427;3281,1939872639855;650,0;0,34449081445554414
50,0;918,0848085539628;901,868557595834;707,7609917003142;0,7617968735214569;0,6802060063015218;407,74192659189055;3264,695532220299;650,0;0,3427299837905965
50,083333333333336;918,3336983059726;902,2095516544096;708,3708590057813;0,7617968735214569;0,6802060063015218;405,40627395322133;3248,430312199071;650,0;0,34099405857560877
50,166666666666664;918,582175305302;902,5488342759567;708,9753902716343;0,7617968735214569;0,6802060063015218;403,1036662890756;3232,3944442440047;650,0;0,33928262154714817
50,25;918,8302409186828;902,8864295380387;709,57452326575;0,7617968735214569;0,6802060063015218;400,83352573363413;3216,5841062903905;650,0;0,33759526208198826
50,333333333333336;919,0778965060695;903,2223611141484;710,1681951227898;0,7617968735214569;0,6802060063015218;398,5952845161023;3200,9955363931035;650,0;0,335931576109676
50,416666666666664;919,3251434206841;903,556652280174;710,756342381164;0,7617968735214569;0,6802060063015218;396,388384798027;3185,625031958542;650,0;0,3342911660256707
50,5;919,5719830090607;903,889325920779;711,3389010241862;0,7617968735214569;0,6802060063015218;394,2122785127509;3170,4689489798952;650,0;0,3326736406049925
50,583333333333336;919,8184166110889;904,2204045356955;711,9158065256532;0,7617968735214569;0,6802060063015218;392,0664272070411;3155,523701276844;650,0;0,33107861491648677
50,666666666666664;920,0644455600583;904,5499102459331;712,4869939000921;0,7617968735214569;0,6802060063015218;389,95030188483497;3140,785759739034;650,0;0,32950571023763964
50,75;920,3100711827009;904,8778647999031;713,0523977579122;0,7617968735214569;0,6802060063015218;387,8633828531292;3126,2516515743937;650,0;0,32795455397004475
50,833333333333336;920,5552947992348;905,2042895794585;713,6119523657048;0,7617968735214569;0,6802060063015218;385,8051595699436;3111,9179595616065;650,0;0,3264247795554513
50,916666666666664;920,8001177234066;905,529205605851;714,1655917119268;0,7617968735214569;0,6802060063015218;383,7751304944078;3097,781321307655;650,0;0,32491602639248385
51,0;921,0445412625329;905,8526335456049;714,7132495782015;0,7617968735214569;0,6802060063015218;381,7728029388917;3083,83842851038;650,0;0,3234279397540208
51,083333333333336;921,2885667175432;906,1745937163101;715,2548596164635;0,7617968735214569;0,6802060063015218;379,7976929231993;3070,086026225633;650,0;0,3219601707051941
51,166666666666664;921,5321953830206;906,4951060923323;715,7903554321641;0,7617968735214569;0,6802060063015218;377,84932503082587;3056,520912140431;650,0;0,32051237602214194
51,25;921,7754285472439;906,8141903104437;716,3196706737423;0,7617968735214569;0,6802060063015218;375,9272322672075;3043,1399358506956;650,0;0,3190842181113742
51,333333333333336;922,0182674922276;907,1318656753735;716,8427391285485;0,7617968735214569;0,6802060063015218;374,0309559200057;3029,9399981453757;650,0;0,31767536492992515
51,416666666666664;922,2607134937632;907,4481511652797;717,3594948253925;0,7617968735214569;0,6802060063015218;372,1600454213501;3016,9180502955574;650,0;0,31628548990615307
51,5;922,5027678214584;907,763065437141;717,8698721438609;0,7617968735214569;0,6802060063015218;370,31405821208807;3004,0710933494365;650,0;0,3149142718612747
51,583333333333336;922,7444317387783;908,0766268320726;718,3738059305232;0,7617968735214569;0,6802060063015218;368,4925596079353;2991,396177433671;650,0;0,3135613949316727
51,666666666666664;922,9857065030839;908,3888533805646;718,8712316221165;0,7617968735214569;0,6802060063015218;366,6951226676417;2978,8904010600218;650,0;0,3122265484918843
51,75;923,2265933656719;908,699762807643;719,3620853757585;0,7617968735214569;0,6802060063015218;364,9213280629823;2966,550910438555;650,0;0,31090942707837305
51,833333333333336;923,4670935718136;909,009372537957;719,8463042062017;0,7617968735214569;0,6802060063015218;363,17076395072263;2954,3748987965405;650,0;0,30960973031401623
51,916666666666664;923,7072083607932;909,3176997007904;720,3238261300945;0,7617968735214569;0,6802060063015218;361,44302584641537;2942,3596057043155;650,0;0,30832716283341316
52,0;923,9469389659464;909,6247611349993;720,794590317163;0,7617968735214569;0,6802060063015218;359,7377165000694;2930,502316406538;650,0;0,3070614342088712
52,083333333333336;924,1862866146982;909,9305733938766;721,2585372481739;0,7617968735214569;0,6802060063015218;358,0544457736778;2918,8003611604972;650,0;0,305812258877224
52,166666666666664;924,4252525286012;910,235152749944;721,7156088794749;0,7617968735214569;0,6802060063015218;356,39283052054225;2907,2511145804683;650,0;0,3045793560673815
52,25;924,6638379233718;910,5385151996726;722,1657488138466;0,7617968735214569;0,6802060063015218;354,75249446643033;2895,8519949888405;650,0;0,303362449728683
52,333333333333336;924,902044008929;910,8406764681325;722,6089024773248;0,7617968735214569;0,6802060063015218;353,13306809248104;2884,600463773418;650,0;0,30216126845998914
52,416666666666664;925,1398719894296;911,1416520135721;723,0450173015804;0,7617968735214569;0,6802060063015218;351,53418851991205;2873,494024751521;650,0;0,3009755454395775
52,5;925,3773230633055;911,4414570319279;723,4740429113622;0,7617968735214569;0,6802060063015218;349,9554993964381;2862,5302235407503;650,0;0,29980501835581885
52,583333333333336;925,6143984233;911,7401064612666;723,8959313164263;0,7617968735214569;0,6802060063015218;348,39665078444;2851,706646936022;650,0;0,2986494293386026
52,666666666666664;925,8510992565037;912,0376149861581;724,3106371072885;0,7617968735214569;0,6802060063015218;346,85729905083633;2841,020922293666;650,0;0,2975085248915799
52,75;926,0874267443896;912,3339970419834;724,7181176540487;0,7617968735214569;0,6802060063015218;345,3371067586403;2830,470716922117;650,0;0,29638205582517974
52,833333333333336;926,3233820628493;912,6292668191737;725,1183333074478;0,7617968735214569;0,6802060063015218;343,83574256015663;2820,0537374790415;650,0;0,295269777190378
52,916666666666664;926,5589663822276;912,923438267387;725,5112476012265;0,7617968735214569;0,6802060063015218;342,35288109188957;2809,7677293753695;650,0;0,2941714482132716
53,0;926,7941808673575;913,2165250996175;725,8968274547698;0,7617968735214569;0,6802060063015218;340,88820287101385;2799,610476186021;650,0;0,2930868322304225
53,083333333333336;927,0290266775947;913,5085407962424;726,2750433749334;0,7617968735214569;0,6802060063015218;339,44139419349995;2789,5797990675637;650,0;0,292015696625003
53,166666666666664;927,263504966852;913,799498609006;726,6458696558695;0,7617968735214569;0,6802060063015218;338,0121470338082;2779,673556182109;650,0;0,2909578127636702
53,25;927,4976168836333;914,0894115649403;727,0092845755927;0,7617968735214569;0,6802060063015218;336,600158946149;2769,8896421283985;650,0;0,28991295593425703
53,333333333333336;927,7313635710668;914,3782924702244;727,3652705879585;0,7617968735214569;0,6802060063015218;335,2051329673259;2760,2259873792186;650,0;0,28888090528420185
53,416666666666664;927,9647461669396;914,6661539139842;727,713814508671;0,7617968735214569;0,6802060063015218;333,8267775210596;2750,680557725876;650,0;0,28786144375977557
53,5;928,1977658037299;914,9530082720303;728,0549076938853;0,7617968735214569;0,6802060063015218;332,464806323884;2741,2513537293003;650,0;0,286854358046073
53,583333333333336;928,4304236086405;915,238867710538;728,3885462099391;0,7617968735214569;0,6802060063015218;331,11893829249084;2731,9364101774163;650,0;0,2858594385077256
53,666666666666664;928,6627207036314;915,5237441896684;728,7147309927258;0,7617968735214569;0,6802060063015218;329,78889745256197;2722,7337955497696;650,0;0,28487647913042924
53,75;928,8946582054524;915,8076494671316;729,0334679952166;0,7617968735214569;0,6802060063015218;328,47441284907575;2713,641611488271;650,0;0,2839052774631806
53,833333333333336;929,1262372256748;916,0905951016929;729,3447683216569;0,7617968735214569;0,6802060063015218;327,1752184580208;2704,6579922752912;650,0;0,28294563456133187
53,916666666666664;929,357458870724;916,3725924566231;729,6486483469879;0,7617968735214569;0,6802060063015218;325,8910530995479;2695,7811043170527;650,0;0,2819973549302723
54,0;929,5883242419111;916,6536527030931;729,945129820102;0,7617968735214569;0,6802060063015218;324,62166035252267;2687,0091456351984;650,0;0,28106024647000494
54,083333333333336;929,8188344354637;916,9337868235135;730,2342399496094;0,7617968735214569;0,6802060063015218;323,3667884704488;2678,340345363565;650,0;0,28013412042033675
54,166666666666664;930,0489905425582;917,2130056148204;730,5160114708865;0,7617968735214569;0,6802060063015218;322,126190298755;2669,7729632521923;650,0;0,2792187913068708
54,25;930,27879364935;917,4913196917081;730,790482693289;0,7617968735214569;0,6802060063015218;320,8996231934435;2661,3052891775255;650,0;0,2783140768877038
54,333333333333336;930,5082448370043;917,7687394898089;731,0576975265469;0,7617968735214569;0,6802060063015218;319,68684894104626;2652,9356426591708;650,0;0,2774197981008578
54,416666666666664;930,7373451817272;918,0452752688213;731,3177054855056;0,7617968735214569;0,6802060063015218;318,4876336798851;2644,662372382761;650,0;0,2765357790124025
54,5;930,9660957547956;918,3209371155867;731,570561672551;0,7617968735214569;0,6802060063015218;317,30174782264555;2636,4838557297485;650,0;0,2756618467653479
54,583333333333336;931,1944976225868;918,595734947116;731,8163267372353;0,7617968735214569;0,6802060063015218;316,12896598022076;2628,398498312781;650,0;0,2747978315291758
54,666666666666664;931,4225518466094;918,8696785135661;732,0550668128195;0,7617968735214569;0,6802060063015218;314,969066886772;2620,404733518202;650,0;0,2739435664501504
54,75;931,6502594835318;919,1427774011684;732,2868534296539;0,7617968735214569;0,6802060063015218;313,82183332608236;2612,50102205365;650,0;0,27309888760222417
54,833333333333336;931,8776215852125;919,4150410351072;732,511763405532;0,7617968735214569;0,6802060063015218;312,687052059087;2604,6858515031313;650,0;0,2722636339387526
54,916666666666664;932,1046391987283;919,6864786823519;732,7298787133717;0,7617968735214569;0,6802060063015218;311,5645137526343;2596,957735887074;650,0;0,27143764724478736
55,0;932,3313133664043;919,9570994544421;732,9412863267937;0,7617968735214569;0,6802060063015218;310,454012909409;2589,3152152294547;650,0;0,27062077209013913
55,083333333333336;932,5576451258416;920,2269123102251;733,1460780443829;0,7617968735214569;0,6802060063015218;309,3553477990554;2581,756855130012;650,0;0,2698128557830258
55,166666666666664;932,7836355099467;920,4959260585496;733,3443502936257;0,7617968735214569;0,6802060063015218;308,2683203904139;2574,281246343325;650,0;0,2690137483244664
55,25;933,009285546959;920,7641493609128;733,5362039157131;0,7617968735214569;0,6802060063015218;307,1927362849294;2566,8870043632287;650,0;0,268223302363282
55,333333333333336;933,2345962604793;921,0315907340646;733,7217439325824;0,7617968735214569;0,6802060063015218;306,1284046511531;2559,572769013357;650,0;0,2674413731517706
55,416666666666664;933,4595686694978;921,2982585525666;733,9010792977356;0,7617968735214569;0,6802060063015218;305,0751381603675;2552,337204043462;650,0;0,26666781850202553
55,5;933,6842037884214;921,5641610513095;734,0743226325205;0,7617968735214569;0,6802060063015218;304,03275292327976;2545,178996731867;650,0;0,2659024987429268
55,583333333333336;933,908502627101;921,8293063279872;734,241589949683;0,7617968735214569;0,6802060063015218;303,00106842779826;2538,0968574926906;650,0;0,26514527667767795
55,666666666666664;934,1324661908595;922,0937023455293;734,403000366098;0,7617968735214569;0,6802060063015218;301,97990747784615;2531,0895194899813;650,0;0,2643960175420851
55,75;934,3560954805181;922,3573569344927;734,5586758066645;0,7617968735214569;0,6802060063015218;300,9690961332552;2524,1557382565293;650,0;0,2636545889633732
55,833333333333336;934,5793914924233;922,6202777954123;734,7087407013939;0,7617968735214569;0,6802060063015218;299,9684636506345;2517,2942913189045;650,0;0,2629208609196742
55,916666666666664;934,8023552184736;922,8824725011124;734,8533216777465;0,7617968735214569;0,6802060063015218;298,97784242527337;2510,5039778273276;650,0;0,26219470570006304
56,0;935,0249876461465;923,1439484989776;734,9925472502641;0,7617968735214569;0,6802060063015218;297,9970679340312;2503,7836181916196;650,0;0,2614759978652529
56,083333333333336;935,2472897585234;923,4047131131864;735,1265475095189;0,7617968735214569;0,6802060063015218;297,02597867922407;2497,1320537222705;650,0;0,26076461420886066
56,166666666666664;935,4692625343171;923,6647735469056;735,2641341085781;0,7617968735214569;0,6802060063015218;296,0644161334244;2490,5481462767034;650,0;0,2600604337192438
56,25;935,6909069478963;923,9241368844476;735,4058981124169;0,7617968735214569;0,6802060063015218;295,11222468528615;2484,030777911333;650,0;0,2593633375419723
56,333333333333336;935,9122239693129;924,1828100933905;735,5519356289997;0,7617968735214569;0,6802060063015218;294,16925158621723;2477,578850538161;650,0;0,25867320894280377
56,416666666666664;936,1332145643257;924,4408000266618;735,7023430494773;0,7617968735214569;0,6802060063015218;293,2353468980608;2471,1912855872483;650,0;0,2579899332713011
56,5;936,353879694427;924,6981134245867;735,857216928637;0,7617968735214569;0,6802060063015218;292,31036344159804;2464,867023673467;650,0;0,2573133979249261
56,583333333333336;936,5742203168669;924,9547569169006;736,0166538603464;0,7617968735214569;0,6802060063015218;291,3941567460057;2458,6050242694673;650,0;0,2566434923138025
56,666666666666664;936,7942373846788;925,2107370247265;736,1807503482275;0,7617968735214569;0,6802060063015218;290,486584999158;2452,4042653824654;650,0;0,2559801078259138
56,75;937,0139318467038;925,4660601625194;736,3496026718249;0,7617968735214569;0,6802060063015218;289,5875089988067;2446,263743236507;650,0;0,2553231377928945
56,833333333333336;937,2333046476151;925,7207326399758;736,523306748576;0,7617968735214569;0,6802060063015218;288,6967921046107;2440,182471960032;650,0;0,25467247745639554
56,916666666666664;937,452356727943;925,9747606639107;736,701957991924;0,7617968735214569;0,6802060063015218;287,81430019098195;2434,1594832772926;650,0;0,2540280239348848
57,0;937,6710890240984;926,2281503401018;736,8856511659477;0,7617968735214569;0,6802060063015218;286,939901600806;2428,1938262054487;650,0;0,2533896761910599
57,083333333333336;937,889502468397;926,4809076751015;737,0744802369218;0,7617968735214569;0,6802060063015218;286,0734670999136;2422,2845667559272;650,0;0,25275733499972847
57,166666666666664;938,1075979890835;926,7330385780177;737,2685382222488;0,7617968735214569;0,6802060063015218;285,2148698323873;2416,4307876404623;650,0;0,25213090291620344
57,25;938,325376510355;926,984548862263;737,4679170372401;0,7617968735214569;0,6802060063015218;284,36398527664437;2410,631587981701;650,0;0,2515102842451968
57,333333333333336;938,5428389523846;927,2354442472732;737,6727073402479;0,7617968735214569;0,6802060063015218;283,5206912023011;2404,8860830288495;650,0;0,25089538501025643
57,416666666666664;938,7599862313443;927,4857303601968;737,8829983766814;0,7617968735214569;0,6802060063015218;282,6848676277848;2399,1934038768554;650,0;0,25028611292360325
57,5;938,9768192594286;927,7354127375534;738,0988778224596;0,7617968735214569;0,6802060063015218;281,8563967786872;2393,5526971910826;650,0;0,24968237735654972
57,583333333333336;939,1933389448776;927,9844968268636;738,3204316274786;0,7617968735214569;0,6802060063015218;281,03516304688014;2387,9631249353615;650,0;0,24908408931030462
57,666666666666664;939,4095461919998;928,232987988251;738,547743859682;0,7617968735214569;0,6802060063015218;280,22105295034976;2382,4238641054476;650,0;0,2484911613873495
57,75;939,6254419011939;928,4808914960141;738,7808965503432;0,7617968735214569;0,6802060063015218;279,41395509371887;2376,934106465421;650,0;0,24790350776315434
57,833333333333336;939,8410269689725;928,7282125401726;739,0199695411716;0,7617968735214569;0,6802060063015218;278,6137601294939;2371,49305828959;650,0;0,24732104415847353
57,916666666666664;940,0563022879838;928,9749562279846;739,2650403338621;0,7617968735214569;0,6802060063015218;277,820360719997;2366,099940107602;650,0;0,24674368781200612
58,0;940,2712687470341;929,2211275854382;739,5161839427074;0,7617968735214569;0,6802060063015218;277,0336514999798;2360,7539864543123;650,0;0,24617135745356308
58,083333333333336;940,4859272311093;929,4667315587159;739,773472750887;0,7617968735214569;0,6802060063015218;276,2535290398972;2355,4544456231724;650,0;0,24560397327762482
58,166666666666664;940,7002786213969;929,7117730156333;740,0369763710388;0,7617968735214569;0,6802060063015218;275,4798918098345;2350,2005794240317;650,0;0,2450414569173716
58,25;940,9143237953087;929,9562567470524;740,3067615107042;0,7617968735214569;0,6802060063015218;274,71264014409087;2344,9916629443223;650,0;0,24448373141909083
58,333333333333336;941,1280636265006;930,2001874682695;740,58289184322;0,7617968735214569;0,6802060063015218;273,9516762064085;2339,826984315042;650,0;0,24393072121709247
58,416666666666664;941,3414989848956;930,4435698203785;740,8654278846066;0,7617968735214569;0,6802060063015218;273,1969039557782;2334,705844479423;650,0;0,24338235210892892
58,5;941,5546307367038;930,6864083716096;741,1544268769752;0,7617968735214569;0,6802060063015218;272,4482291129277;2329,6275569663194;650,0;0,24283855123111892
58,583333333333336;941,7674597444444;930,9287076186448;741,4499426789442;0,7617968735214569;0,6802060063015218;271,70555912735495;2324,5914476668063;650,0;0,24229924703522188
58,666666666666664;941,9799868669664;931,1704719879092;741,7520256635198;0,7617968735214569;0,6802060063015218;270,96880314499003;2319,5968546148733;650,0;0,24176436926435346
58,75;942,1922129594692;931,4117058368392;742,0607226238569;0,7617968735214569;0,6802060063015218;270,23787197643117;2314,643127770963;650,0;0,24123384893001973
58,833333333333336;942,4041388735232;931,6524134551287;742,3760766872742;0,7617968735214569;0,6802060063015218;269,5126780657489;2309,7296288099974;650,0;0,24070761828942358
58,916666666666664;942,6157654570903;931,8925990659518;742,6981272378512;0,7617968735214569;0,6802060063015218;268,7931354598618;2304,855730912526;650,0;0,24018561082311543
59,0;942,827093554545;932,1322668271648;743,0269098478886;0,7617968735214569;0,6802060063015218;268,07915977846335;2300,0208185589518;650,0;0,2396677612129829
59,083333333333336;943,0381240066936;932,3714208324855;743,3624562184644;0,7617968735214569;0,6802060063015218;267,3706681845033;2295,22428732805;650,0;0,23915400532069275
59,166666666666664;943,2488576507945;932,6100651126519;743,7047941292648;0,7617968735214569;0,6802060063015218;266,6675793552031;2290,465543697993;650,0;0,23864428016641664
59,25;943,4592953205789;932,8482036365599;744,053947397821;0,7617968735214569;0,6802060063015218;265,96981345356596;2285,744004851138;650,0;0,23813852390795398
59,333333333333336;943,6694378462696;933,0858403123801;744,40993584823;0,7617968735214569;0,6802060063015218;265,2772921004754;2281,0590984821247;650,0;0,2376366758202188
59,416666666666664;943,8792860546012;933,3229789886552;744,772775289382;0,7617968735214569;0,6802060063015218;264,58993834723685;2276,4102626091862;650,0;0,23713867627506804
59,5;944,0888407688393;933,5596234553767;745,1424775026727;0,7617968735214569;0,6802060063015218;263,90767664864825;2271,7969453882597;650,0;0,23664446672143982
59,583333333333336;944,2981028088002;933,7957774450426;745,5190502391218;0,7617968735214569;0,6802060063015218;263,2304328365649;2267,2186049306433;650,0;0,23615398966586948
59,666666666666664;944,5070729908703;934,031444633696;745,9024972257766;0,7617968735214569;0,6802060063015218;262,5581340939391;2262,674709123704;650,0;0,2356671886533345
59,75;944,7157521280243;934,2666286419444;746,2928181812274;0,7617968735214569;0,6802060063015218;261,8907089293572;2258,164735454427;650,0;0,23518400824841082
59,833333333333336;944,9241410298451;934,5013330359611;746,6900088400222;0,7617968735214569;0,6802060063015218;261,2280871519971;2253,6881708360957;650,0;0,23470439401676044
59,916666666666664;945,1322405025427;934,7355613284681;747,0940609857234;0,7617968735214569;0,6802060063015218;260,5701998471005;2249,244511437995;650,0;0,2342282925069499
60,0;945,340051348972;934,9693169797006;747,5049624923128;0,7617968735214569;0,6802060063015218;259,9169793518655;2244,8332625177495;650,0;0,23375565123255312
60,083333333333336;945,547574368652;935,2026033983552;747,9226973736141;0,7617968735214569;0,6802060063015218;259,26835923178544;2240,4539382567777;650,0;0,23328641865458696
60,166666666666664;945,7548103577843;935,4354239425195;748,3472458403736;0,7617968735214569;0,6802060063015218;258,62427425742;2236,1060615984084;650,0;0,2328205441642358
60,25;945,9617601092717;935,6677819205854;748,7785843646067;0,7617968735214569;0,6802060063015218;257,98466038162076;2231,7891640889898;650,0;0,23235797806589772
60,333333333333336;946,1684244127354;935,899680592146;749,2166857507991;0,7617968735214569;0,6802060063015218;257,34945471715776;2227,5027857215064;650,0;0,2318986715605015
60,416666666666664;946,3748040545339;936,1311231688751;749,6615192135275;0,7617968735214569;0,6802060063015218;256,71859551473517;2223,246474781866;650,0;0,23144257672911045
60,5;946,580899817781;936,3621128153919;750,1130504610472;0,7617968735214569;0,6802060063015218;256,09202214147047;2219,0197876981642;650,0;0,230989646516846
60,583333333333336;946,786712482363;936,592652650109;750,5712417843854;0,7617968735214569;0,6802060063015218;255,4696750597259;2214,822288892168;650,0;0,2305398347170522
60,666666666666664;946,9922428249573;936,8227457460648;751,0360521514634;0,7617968735214569;0,6802060063015218;254,85149580634925;2210,653550633437;650,0;0,230093095955744
60,75;947,197491619049;937,0523951317412;751,507437305772;0,7617968735214569;0,6802060063015218;254,23742697231262;2206,513152896352;650,0;0,22964938567636448
60,833333333333336;947,4024596349487;937,2816037918659;751,9853498691157;0,7617968735214569;0,6802060063015218;253,6274121826949;2202,400683219161;650,0;0,22920866012476196
60,916666666666664;947,6071476398107;937,5103746682004;752,4697394479479;0,7617968735214569;0,6802060063015218;253,0213960770709;2198,3157365654693;650,0;0,22877087633443366
61,0;947,811556397649;937,7387106603124;752,9605527428184;0,7617968735214569;0,6802060063015218;252,41932429025837;2194,2579151888312;650,0;0,22833599211209157
61,083333333333336;948,015686669355;937,9666146263359;753,4577336604668;0,7617968735214569;0,6802060063015218;251,82114343341482;2190,226828498826;650,0;0,22790396602340032
61,166666666666664;948,2195392127144;938,1940893837149;753,9612234280992;0,7617968735214569;0,6802060063015218;251,22680107547808;2186,2220929298887;650,0;0,22747475737900347
61,25;948,4231147824241;938,4211377099357;754,4709607094024;0,7617968735214569;0,6802060063015218;250,63624572498782;2182,2433318125745;650,0;0,22704832622081256
61,333333333333336;948,6264141301092;938,6477623432442;754,9868817218622;0,7617968735214569;0,6802060063015218;250,0494268122111;2178,2901752468615;650,0;0,22662463330851565
61,416666666666664;948,829438004339;938,8739659833504;755,5089203549668;0,7617968735214569;0,6802060063015218;249,4662946716261;2174,362259977577;650,0;0,22620364010631605
61,5;949,0321871506444;939,0997512921203;756,0370082888968;0,7617968735214569;0,6802060063015218;248,88680052471273;2170,4592292724788;650,0;0,2257853087699485
61,583333333333336;949,2346623115334;939,3251208942543;756,5710751133206;0,7617968735214569;0,6802060063015218;248,31089646310147;2166,5807328019164;650,0;0,22536960213387627
61,666666666666664;949,4368642265083;939,550077377953;757,1110484459336;0,7617968735214569;0,6802060063015218;247,73853543197788;2162,7264265208864;650,0;0,22495648369873444
61,75;949,6387936320813;939,774623295572;757,6568540504031;0,7617968735214569;0,6802060063015218;247,16967121388222;2158,8959725536097;650,0;0,22454591761904685
61,833333333333336;949,8404512617907;939,9987611642631;758,2084159533993;0,7617968735214569;0,6802060063015218;246,60425841273081;2155,089039079069;650,0;0,22413786869105243
61,916666666666664;950,0418378462173;940,222493466604;758,7656565604169;0,7617968735214569;0,6802060063015218;246,04225243818973;2151,3053002196652;650,0;0,22373230234085573
62,0;950,2429541129995;940,4458226512168;759,3284967701151;0,7617968735214569;0,6802060063015218;245,4836094903328;2147,5444359313433;650,0;0,22332918461274126
62,083333333333336;950,4438007868503;940,6687511333745;759,8968560869213;0,7617968735214569;0,6802060063015218;244,92828654456957;2143,8061318955342;650,0;0,22292848215768213
62,166666666666664;950,6443785895713;940,8912812955966;760,4706527316741;0,7617968735214569;0,6802060063015218;244,3762413368944;2140,0900794135646;650,0;0,22253016222210947
62,25;950,8446882400694;941,1134154882335;761,0498037500948;0,7617968735214569;0,6802060063015218;243,82743234936584;2136,3959753024424;650,0;0,2221341926368314
62,333333333333336;951,0447304543728;941,3351560300397;761,6342251189038;0,7617968735214569;0,6802060063015218;243,28181879589863;2132,72352179245;650,0;0,22174054180614994
62,416666666666664;951,2445059456447;941,5565052087369;762,2238318494176;0,7617968735214569;0,6802060063015218;242,73936060832852;2129,07242642735;650,0;0,22134917869724718
62,5;951,4440154241998;941,7774652815666;762,8185380884815;0,7617968735214569;0,6802060063015218;242,20001842269596;2125,4424019653316;650,0;0,22096007282966118
62,583333333333336;951,6432595975189;941,9980384758317;763,4182572166147;0,7617968735214569;0,6802060063015218;241,66375356583103;2121,8331662824507;650,0;0,22057319426502242
62,666666666666664;951,8422391702644;942,2182269894286;764,0229019432611;0,7617968735214569;0,6802060063015218;241,13052804218;2118,2444422774856;650,0;0,220188513596945
62,75;952,0409548442949;942,4380329913697;764,6323843990599;0,7617968735214569;0,6802060063015218;240,6003045208962;2114,6759577786793;650,0;0,219806001941119
62,833333333333336;952,2394073186803;942,6574586222953;765,2466162250636;0,7617968735214569;0,6802060063015218;240,0730463231298;2111,127445452101;650,0;0,21942563092557152
62,916666666666664;952,4375972897159;942,8765059949764;765,8655086588507;0,7617968735214569;0,6802060063015218;239,5487174096246;2107,5986427117105;650,0;0,21904737268111663
63,0;952,6355254509382;943,0951771948083;766,4889726174925;0,7617968735214569;0,6802060063015218;239,02728236848816;2104,0892916306443;650,0;0,21867119983193414
63,083333333333336;952,8331924931385;943,3134742802947;767,1169187773503;0,7617968735214569;0,6802060063015218;238,50870640324615;2100,599138854918;650,0;0,21829708548640153
63,166666666666664;953,0305991043778;943,5313992835228;767,7492576506884;0,7617968735214569;0,6802060063015218;237,99295532109568;2097,1279355179236;650,0;0,2179250032280179
63,25;953,2277459700009;943,7489542106293;768,3858996591065;0,7617968735214569;0,6802060063015218;237,47999552137458;2093,6754371566203;650,0;0,2175549271065066
63,333333333333336;953,4246337726512;943,9661410422585;769,0267552037998;0,7617968735214569;0,6802060063015218;236,96979398428937;2090,241403629996;650,0;0,21718683162915334
63,416666666666664;953,621263192284;944,1829617340107;769,6717347326692;0,7617968735214569;0,6802060063015218;236,46231825981658;2086,825599037717;650,0;0,21682069175217875
63,5;953,8176349061818;944,3994182168831;770,320748804313;0,7617968735214569;0,6802060063015218;235,95753645683146;2083,4277916414153;650,0;0,21645648287237781
63,583333333333336;954,0137495889669;944,6155123977019;770,9737081489379;0,7617968735214569;0,6802060063015218;235,45541723246686;2080,0477537866905;650,0;0,21609418081884765
63,666666666666664;954,2096079126165;944,8312461595468;771,6305237262371;0,7617968735214569;0,6802060063015218;234,95592978162563;2076,685261826991;650,0;0,21573376184490475
63,75;954,4052105464759;945,046621362167;772,2911067802874;0,7617968735214569;0,6802060063015218;234,45904382674314;2073,3400960485706;650,0;0,21537520262012677
63,833333333333336;954,6005581572722;945,2616398423895;772,9553688915252;0,7617968735214569;0,6802060063015218;233,96472960772314;2070,012040596833;650,0;0,21501848022253847
63,916666666666664;954,7956514091285;945,4763034145205;773,6232220258659;0,7617968735214569;0,6802060063015218;233,4729578720669;2066,700883404409;650,0;0,2146635721309793
64,0;954,9904909635766;945,690613870738;774,2945785810339;0,7617968735214569;0,6802060063015218;232,98369986519845;2063,406416119863;650,0;0,21431045621754616
64,08333333333333;955,1850774795711;945,9045729814783;774,9693514301769;0,7617968735214569;0,6802060063015218;232,4969273209632;2060,1284340385773;650,0;0,21395911074025714
64,16666666666667;955,3794116135026;946,118182495814;775,6474539628387;0,7617968735214569;0,6802060063015218;232,0126124523199;2056,866736034024;650,0;0,21360951433576852
64,25;955,573494019211;946,3314441418263;776,3288001233698;0,7617968735214569;0,6802060063015218;231,5307279422143;2053,6211244909723;650,0;0,21326164601228964
64,33333333333333;955,7673253479982;946,5443596269689;777,0133044468539;0,7617968735214569;0,6802060063015218;231,0512469346179;2050,391405239651;650,0;0,21291548514260222
64,41666666666667;955,9609062486426;946,7569306384261;777,7008820926332;0,7617968735214569;0,6802060063015218;230,57414302573136;2047,1773874906366;650,0;0,21257101145716317
64,5;956,1542373674101;946,9691588434636;778,3914488755139;0,7617968735214569;0,6802060063015218;230,09939025541257;2043,9788837725812;650,0;0,21222820503749268
64,58333333333333;956,3473193480692;947,181045889773;779,0849212947356;0,7617968735214569;0,6802060063015218;229,6269630986643;2040,7957098686602;650,0;0,2118870463094491
64,66666666666667;956,540152831902;947,3925934058099;779,7812165607871;0,7617968735214569;0,6802060063015218;229,1568364574033;2037,6276847562042;650,0;0,2115475160368267
64,75;956,7327384577179;947,6038030011249;780,4802526201521;0,7617968735214569;0,6802060063015218;228,68898565230324;2034,4746305468268;650,0;0,2112095953150071
64,83333333333333;956,9250768618668;947,8146762666896;781,181948178067;0,7617968735214569;0,6802060063015218;228,2233864148253;2031,3363724269843;650,0;0,21087326556466807
64,91666666666667;957,1171686782504;948,0252147752153;781,8862227193739;0,7617968735214569;0,6802060063015218;227,76001487943063;2028,212738600762;650,0;0,21053850852571726
65,0;957,309014538336;948,2354200814666;782,5929965275478;0,7617968735214569;0,6802060063015218;227,29884757587797;2025,1035602329866;650,0;0,21020530625126474
65,08333333333333;957,5006150711677;948,4452937225683;783,3021907019797;0,7617968735214569;0,6802060063015218;226,83986142173467;2022,0086713934618;650,0;0,20987364110171913
65,16666666666667;957,69197090338;948,6548372183073;784,0137271735925;0,7617968735214569;0,6802060063015218;226,3830337149841;2018,9279090026039;650,0;0,20954349573902495
65,25;957,8830826592095;948,8640520714283;784,7275287188678;0,7617968735214569;0,6802060063015218;225,92834212681794;2015,861112777656;650,0;0,20921485312097
65,33333333333333;958,0739509605072;949,0729397679239;785,4435189723579;0,7617968735214569;0,6802060063015218;225,47576469453077;2012,8081251799922;650,0;0,2088876964956042
65,41666666666667;958,2645764267505;949,2815017773197;786,1616224377568;0,7617968735214569;0,6802060063015218;225,0252798145823;2009,7687913639893;650,0;0,208562009395821
65,5;958,4549596750552;949,4897395529537;786,8817644976015;0,7617968735214569;0,6802060063015218;224,57686623577047;2006,7429591258524;650,0;0,2082377756339444
65,58333333333333;958,6451013201879;949,6976545322501;787,6038714216734;0,7617968735214569;0,6802060063015218;224,1305030525382;2003,7304788540646;650,0;0,20791497929647956
65,66666666666667;958,835001974578;949,905248136989;788,3278703741669;0,7617968735214569;0,6802060063015218;223,68616969844481;2000,731203480769;650,0;0,20759360473896676
65,75;959,0246622483286;950,1125217735699;789,053689419691;0,7617968735214569;0,6802060063015218;223,24384593972297;1997,7449884338864;650,0;0,20727363658091122
65,83333333333333;959,2140827492292;950,3194768332708;789,7812575281665;0,7617968735214569;0,6802060063015218;222,8035118689661;1994,7716915898684;650,0;0,20695505970078476
65,91666666666667;959,4032640827672;950,5261146925019;790,510504578681;0,7617968735214569;0,6802060063015218;222,3651478989609;1991,8111732278255;650,0;0,2066378592311692
66,0;959,592206852139;950,7324367130559;791,2413613623589;0,7617968735214569;0,6802060063015218;221,92873475663362;1988,8632959844645;650,0;0,20632202055398594
66,08333333333333;959,7809116582624;950,9384442423517;791,9737595843053;0,7617968735214569;0,6802060063015218;221,49425347707847;1985,92792480919;650,0;0,20600752929574845
66,16666666666667;959,969379099787;951,1441386136747;792,7076318646763;0,7617968735214569;0,6802060063015218;221,06168539776831;1983,0049269212882;650,0;0,2056943713230262
66,25;960,1576097731069;951,3495211464126;793,4429117389302;0,7617968735214569;0,6802060063015218;220,63101215280767;1980,094171766562;650,0;0,20538253273786136
66,33333333333333;960,3456042723705;951,5545931462859;794,1795336573083;0,7617968735214569;0,6802060063015218;220,20221566735643;1977,1955309758143;650,0;0,20507199987337396
66,41666666666667;960,533363189493;951,7593559055753;794,9174329835943;0,7617968735214569;0,6802060063015218;219,77527815211317;1974,3088783234186;650,0;0,20476275928938026
66,5;960,7208871141675;951,9638107033434;795,6565459931985;0,7617968735214569;0,6802060063015218;219,3501820979435;1971,4340896871593;650,0;0,20445479776814376
66,58333333333333;960,9081766338749;952,1679588056536;796,3968098706113;0,7617968735214569;0,6802060063015218;218,9269102706021;1968,5710430088695;650,0;0,20414810231020938
66,66666666666667;961,0952323338964;952,3718014657838;797,1381627062673;0,7617968735214569;0,6802060063015218;218,50544570553154;1965,7196182548773;650,0;0,20384266013022642
66,75;961,2820547973238;952,5753399244369;797,8805434928616;0,7617968735214569;0,6802060063015218;218,08577170281467;1962,8796973786805;650,0;0,20353845865299408
66,83333333333333;961,4686446050704;952,7785754099464;798,6238921211561;0,7617968735214569;0,6802060063015218;217,6678718221723;1960,051164283091;650,0;0,20323548550946205
66,91666666666667;961,6550023358817;952,9815091384792;799,3681493753114;0,7617968735214569;0,6802060063015218;217,25172987810026;1957,2339047835744;650,0;0,20293372853285502
67,0;961,8411285663466;953,1841423142341;800,1132569277819;0,7617968735214569;0,6802060063015218;216,8373299350634;1954,427806572608;650,0;0,20263317575489803
67,08333333333333;962,0270238709081;953,3864761296361;800,8591573338042;0,7617968735214569;0,6802060063015218;216,4246563028115;1951,6327591837296;650,0;0,20233381540202433
67,16666666666667;962,2126888218734;953,5885117655279;801,6057940255126;0,7617968735214569;0,6802060063015218;216,01369353180075;1948,8486539578596;650,0;0,20203563589180468
67,25;962,3981239894249;953,7902503913571;802,3531113057105;0,7617968735214569;0,6802060063015218;215,60442640863755;1946,0753840080583;650,0;0,20173862582923363
67,33333333333333;962,5833299416305;953,9916931653604;803,101054341326;0,7617968735214569;0,6802060063015218;215,196839951696;1943,3128441875458;650,0;0,20144277400333557
67,41666666666667;962,7683072444541;954,192841234744;803,8495691565788;0,7617968735214569;0,6802060063015218;214,79091940675232;1940,5609310559503;650,0;0,2011480693836077
67,5;962,9530564617664;954,3936957358607;804,5986026258854;0,7617968735214569;0,6802060063015218;214,3866502427528;1937,8195428475935;650,0;0,20085450111666514
67,58333333333333;963,1375781553545;954,5942577943836;805,3481024665228;0,7617968735214569;0,6802060063015218;213,9840181476444;1935,088579440206;650,0;0,2005620585229323
67,66666666666667;963,3218728849329;954,794528525477;806,0980172310783;0,7617968735214569;0,6802060063015218;213,58300902427345;1932,3679423239498;650,0;0,2002707310933691
67,75;963,5059412081523;954,9945090339633;806,8482962997026;0,7617968735214569;0,6802060063015218;213,1836089863981;1929,6575345709746;650,0;0,19998050848625765
67,83333333333333;963,6897836806115;955,1942004144873;807,5988898721895;0,7617968735214569;0,6802060063015218;212,78580435472634;1926,9572608056374;650,0;0,19969138052405344
67,91666666666667;963,8734008558671;955,3936037516777;808,3497489599;0,7617968735214569;0,6802060063015218;212,38958165310464;1924,267027175816;650,0;0,19940333719035216
68,0;964,0567932854417;955,5927201203045;809,1008253775486;0,7617968735214569;0,6802060063015218;211,99492760473504;1921,58674132397;650,0;0,19911636862683602
68,08333333333333;964,2399615188361;955,7915505854348;809,8520717348697;0,7617968735214569;0,6802060063015218;211,60182912842913;1918,9163123591018;650,0;0,1988304651303078
68,16666666666667;964,4229061035387;955,9900962025846;810,6034414281787;0,7617968735214569;0,6802060063015218;211,21027333503264;1916,2556508294447;650,0;0,19854561714980767
68,25;964,6056275850336;956,1883580178684;811,3548886318448;0,7617968735214569;0,6802060063015218;210,8202475238528;1913,6046686954119;650,0;0,19826181528375578
68,33333333333333;964,7881265068128;956,3863370681455;812,106368289687;0,7617968735214569;0,6802060063015218;210,43173917913123;1910,9632793028895;650,0;0,19797905027713025
68,41666666666667;964,970403410384;956,5840343811643;812,8578361063086;0,7617968735214569;0,6802060063015218;210,04473596668163;1908,331397357663;650,0;0,19769731301876714
68,5;965,1524588352817;956,7814509757029;813,6092485383815;0,7617968735214569;0,6802060063015218;209,6592257304934;1905,7089388997276;650,0;0,19741659453864546
68,58333333333333;965,3342933190754;956,9785878617082;814,3605627858921;0,7617968735214569;0,6802060063015218;209,27519648946884;1903,0958212785577;650,0;0,1971368860052753
68,66666666666667;965,5159073973803;957,1754460404312;815,1117367833593;0,7617968735214569;0,6802060063015218;208,8926364341802;1900,491963128095;650,0;0,19685817872306058
68,75;965,6973016038658;957,3720265045611;815,8627291910358;0,7617968735214569;0,6802060063015218;208,51153392372623;1897,897284343467;650,0;0,196580464129833
68,83333333333333;965,8784764702659;957,5683302383553;816,6134993860995;0,7617968735214569;0,6802060063015218;208,13187748261726;1895,3117060567702;650,0;0,1963037337943013
68,91666666666667;966,0594325263876;957,764358217769;817,3640074538476;0,7617968735214569;0,6802060063015218;207,7536557977652;1892,7351506143943;650,0;0,19602797941365432
69,0;966,2401703001209;957,9601114105801;818,1142141788978;0,7617968735214569;0,6802060063015218;207,37685771546523;1890,1675415539592;650,0;0,19575319281112658
69,08333333333333;966,4206903174476;958,1555907765138;818,8640810364063;0,7617968735214569;0,6802060063015218;207,00147223851957;1887,6088035827138;650,0;0,19547936593371437
69,16666666666667;966,6009931024506;958,3507972673636;819,6135701833095;0,7617968735214569;0,6802060063015218;206,62748852334403;1885,0588625549326;650,0;0,195206490849796
69,25;966,7810791773234;958,5457318271106;820,362644449595;0,7617968735214569;0,6802060063015218;206,25489587717425;1882,51764545123;650,0;0,1949345597469405
69,33333333333333;966,9609490623782;958,7403953920402;821,111267329608;0,7617968735214569;0,6802060063015218;205,88368375532013;1879,9850803571967;650,0;0,1946635649296579
69,41666666666667;967,1406032760566;958,9347888908575;821,8594029734002;0,7617968735214569;0,6802060063015218;205,51384175844873;1877,46109644295;650,0;0,19439349881723697
69,5;967,3200423349365;959,1289132447992;822,6070161781237;0,7617968735214569;0,6802060063015218;205,14535962997797;1874,9456239431727;650,0;0,1941243539416393
69,58333333333333;967,4992667537425;959,3227693677445;823,3540723794773;0,7617968735214569;0,6802060063015218;204,77822725343344;1872,4385941366343;650,0;0,1938561229453412
69,66666666666667;967,6782770453547;959,5163581663239;824,1005376432073;0,7617968735214569;0,6802060063015218;204,41243464995011;1869,9399393278102;650,0;0,19358879857938546
69,75;967,857073720816;959,7096805400253;824,8463786566679;0,7617968735214569;0,6802060063015218;204,0479719757684;1867,4495928271403;650,0;0,19332237370130498
69,83333333333333;968,0356572893432;959,9027373812984;825,5915627204446;0,7617968735214569;0,6802060063015218;203,68482951976716;1864,9674889321902;650,0;0,19305684127313474
69,91666666666667;968,214028258334;960,095529575658;826,3360577400442;0,7617968735214569;0,6802060063015218;203,32299770112172;1862,4935629104211;650,0;0,19279219435958492
70,0;968,3921871333757;960,2880580017841;827,079832217653;0,7617968735214569;0,6802060063015218;202,96246706689942;1860,0277509799953;650,0;0,1925284261260255
70,08333333333333;968,5701344182548;960,4803235316208;827,8228552439674;0,7617968735214569;0,6802060063015218;202,60322828979156;1857,5699902929603;650,0;0,19226552983670483
70,16666666666667;968,7478706149647;960,6723270304738;828,5650964900991;0,7617968735214569;0,6802060063015218;202,24527216585102;1855,1202189177811;650,0;0,19200349885290888
70,25;968,9253962237144;960,8640693571049;829,306526199556;0,7617968735214569;0,6802060063015218;201,88858961227254;1852,6783758222002;650,0;0,19174232663115395
70,33333333333333;969,1027117429372;961,0555513638263;830,0471151803013;0,7617968735214569;0,6802060063015218;201,53317166523834;1850,244400857173;650,0;0,19148200672148677
70,41666666666667;969,2798176692991;961,246773896592;830,7868347968935;0,7617968735214569;0,6802060063015218;201,1790094777723;1847,8182347397997;650,0;0,19122253276569115
70,5;969,4567144977063;961,4377377950877;831,5256569627069;0,7617968735214569;0,6802060063015218;200,8260943176765;1845,399819038325;650,0;0,1909638984956955
70,58333333333333;969,6334027213146;961,6284438928196;832,2635541322353;0,7617968735214569;0,6802060063015218;200,47441756546505;1842,9890961556462;650,0;0,19070609773184116
70,66666666666667;969,8098828315372;961,8188930172009;833,0004992934794;0,7617968735214569;0,6802060063015218;200,12397071237444;1840,5860093143565;650,0;0,19044912438130057
70,75;969,9861553180527;962,0090859896375;833,736465960419;0,7617968735214569;0,6802060063015218;199,77474535840543;1838,190502541759;650,0;0,19019297243649605
70,83333333333333;970,1622206688139;962,199023625611;834,4714281655706;0,7617968735214569;0,6802060063015218;199,4267332103817;1835,8025206550142;650,0;0,18993763597353266
70,91666666666667;970,3380793700546;962,3887067347616;835,2053604526317;0,7617968735214569;0,6802060063015218;199,0799260800742;1833,4220092464186;650,0;0,18968310915064912
71,0;970,5137319062997;962,5781361209683;835,9382378692106;0,7617968735214569;0,6802060063015218;198,73431588232506;1831,0489146695131;650,0;0,1894293862067463
71,08333333333333;970,6891787603707;962,7673125824283;836,6700359596448;0,7617968735214569;0,6802060063015218;198,3898946332829;1828,6831840253349;650,0;0,18917646145993958
71,16666666666667;970,864420413396;962,9562369117343;837,400730757905;0,7617968735214569;0,6802060063015218;198,04665444856084;1826,3247651482163;650,0;0,18892432930606162
71,25;971,0394573448176;963,1449098959516;838,1302987805877;0,7617968735214569;0,6802060063015218;197,70458754154276;1823,9736065927757;650,0;0,18867298421729015
71,33333333333333;971,2142900323988;963,3333323166923;838,8587170199947;0,7617968735214569;0,6802060063015218;197,36368622164946;1821,629657620955;650,0;0,1884224207407764
71,41666666666667;971,3889189522326;963,5215049501896;839,5859629372998;0,7617968735214569;0,6802060063015218;197,0239428926618;1819,2928681887163;650,0;0,1881726334972472
71,5;971,5633445787495;963,7094285673693;840,3120144558026;0,7617968735214569;0,6802060063015218;196,68535005107515;1816,9631889334632;650,0;0,18792361717967737
71,58333333333333;971,7375673847247;963,8971039339214;841,0368499542697;0,7617968735214569;0,6802060063015218;196,34790028450482;1814,6405711622435;650,0;0,18767536655204015
71,66666666666667;971,9115878412863;964,0845318103693;841,7604482603621;0,7617968735214569;0,6802060063015218;196,01158627008317;1812,3249668390079;650,0;0,18742787644796813
71,75;972,0854064179225;964,2717129521388;842,482788644149;0,7617968735214569;0,6802060063015218;195,6764007729248;1810,0163285728859;650,0;0,18718114176951642
71,83333333333333;972,2590235824897;964,4586481096247;843,2038508117067;0,7617968735214569;0,6802060063015218;195,3423366445918;1807,714609606508;650,0;0,1869351574859289
71,91666666666667;972,4324398012197;964,6453380282571;843,9236148988041;0,7617968735214569;0,6802060063015218;195,00938682162428;1805,4197638047406;650,0;0,18668991863245046
72,0;972,6056555387273;964,8317834485663;844,6420614646711;0,7617968735214569;0,6802060063015218;194,67754432406537;1803,1317456432428;650,0;0,18644542030912092
72,08333333333333;972,7786712580179;965,0179851062459;845,3591714858529;0,7617968735214569;0,6802060063015218;194,34680225402587;1800,8505101975702;650,0;0,18620165767962443
72,16666666666667;972,9514874204945;965,203943732216;846,0749263501465;0,7617968735214569;0,6802060063015218;194,01715379430016;1798,5760131323534;650,0;0,18595862597015034
72,25;973,1241044859654;965,3896600526842;846,7893078506198;0,7617968735214569;0,6802060063015218;193,68859220696208;1796,3082106907846;650,0;0,18571632046828085
72,33333333333333;973,2965229126522;965,5751347892061;847,502298179714;0,7617968735214569;0,6802060063015218;193,36111083202923;1794,0470596842235;650,0;0,1854747365218966
72,41666666666667;973,4687431571958;965,7603686587443;848,2138799234255;0,7617968735214569;0,6802060063015218;193,0347030861526;1791,792517481952;650,0;0,18523386953809798
72,5;973,6407656746641;965,9453623737264;848,9240360555696;0,7617968735214569;0,6802060063015218;192,7093624612894;1789,5445420012657;650,0;0,18499371498215672
72,58333333333333;973,81259091856;966,130116642103;849,6327499321231;0,7617968735214569;0,6802060063015218;192,38508252344104;1787,3030916976707;650,0;0,18475426837648318
72,66666666666667;973,9842193408276;966,3146321674026;850,3400052856463;0,7617968735214569;0,6802060063015218;192,06185691142537;1785,0681255554052;650,0;0,18451552529962723
72,75;974,1556513918598;966,4989096487878;851,0457862197813;0,7617968735214569;0,6802060063015218;191,73967933562608;1782,8396030779015;650,0;0,18427748138527122
72,83333333333333;974,3268875205054;966,6829497811091;851,75007720383;0,7617968735214569;0,6802060063015218;191,41854357679904;1780,6174842785874;650,0;0,18404013232126049
72,91666666666667;974,4979281740758;966,8667532549578;852,4528630674052;0,7617968735214569;0,6802060063015218;191,09844348490697;1778,4017296719387;650,0;0,18380347384865922
73,0;974,6687737983523;967,0503207567185;853,1541289951598;0,7617968735214569;0,6802060063015218;190,7793729779513;1776,192300264489;650,0;0,1835675017608026
73,08333333333333;974,8394248375931;967,2336529686208;853,8538605215878;0,7617968735214569;0,6802060063015218;190,46132604084391;1773,9891575460722;650,0;0,18333221190237425
73,16666666666667;975,0098817345406;967,4167505687894;854,5520435259003;0,7617968735214569;0,6802060063015218;190,14429672430708;1771,7922634818071;650,0;0,18309760016855547
73,25;975,180144930427;967,5996142312936;855,2486642269735;0,7617968735214569;0,6802060063015218;189,82827914377935;1769,60158050312;650,0;0,1828636625040852
73,33333333333333;975,3502148649825;967,782244626196;855,9437091783675;0,7617968735214569;0,6802060063015218;189,51326747833548;1767,417071499565;650,0;0,18263039490239616
73,41666666666667;975,5200919764418;967,9646424196008;856,6371652634169;0,7617968735214569;0,6802060063015218;189,19925596966323;1765,2386998114273;650,0;0,18239779340482865
73,5;975,68977670155;968,1468082737005;857,3290196903899;0,7617968735214569;0,6802060063015218;188,886238921026;1763,0664292212625;650,0;0,1821658540997446
73,58333333333333;975,859269475571;968,3287428468221;858,0192599877167;0,7617968735214569;0,6802060063015218;188,57421069623967;1760,900223946368;650,0;0,1819345731217291
73,66666666666667;976,0285707322922;968,510446793473;858,7078739992852;0,7617968735214569;0,6802060063015218;188,26316571872042;1758,740048631104;650,0;0,18170394665078501
73,75;976,1976809040332;968,6919207643846;859,3948498798035;0,7617968735214569;0,6802060063015218;187,95309847048145;1756,585868339556;650,0;0,18147397091155476
73,83333333333333;976,3666004216503;968,8731654065572;860,0801760902284;0,7617968735214569;0,6802060063015218;187,64400349121502;1754,437648548316;650,0;0,18124464217256067
73,91666666666667;976,5353297145455;969,0541813633026;860,763841393259;0,7617968735214569;0,6802060063015218;187,33587537732888;1752,2953551392459;650,0;0,18101595674543985
74,0;976,7038692106706;969,2349692742869;861,4458348488932;0,7617968735214569;0,6802060063015218;187,02870878107092;1750,158954392363;650,0;0,18078791098419858
74,08333333333333;976,8722193365354;969,4155297755714;862,1261458100486;0,7617968735214569;0,6802060063015218;186,7224984095941;1748,0284129793274;650,0;0,180560501284517
74,16666666666667;977,0403805172139;969,5958634996543;862,8047639182439;0,7617968735214569;0,6802060063015218;186,41723902410092;1745,9036979562084;650,0;0,18033372408299472
74,25;977,2083531763496;969,7759710755108;863,481679099343;0,7617968735214569;0,6802060063015218;186,112925438988;1743,7847767574006;650,0;0,1801075758565025
74,33333333333333;977,3761377361637;969,9558531286323;864,156881559358;0,7617968735214569;0,6802060063015218;185,80955252097056;1741,6716171886262;650,0;0,17988205312144806
74,41666666666667;977,5437346174601;970,1355102810654;864,8303617803127;0,7617968735214569;0,6802060063015218;185,50711518828678;1739,5641874210592;650,0;0,17965715243315325
74,5;977,7111442396323;970,3149431514506;865,5021105161635;0,7617968735214569;0,6802060063015218;185,20560840986775;1737,4624559847384;650,0;0,1794328703851619
74,58333333333333;977,8783670206695;970,4941523550592;866,1721187887781;0,7617968735214569;0,6802060063015218;184,90502720454174;1735,3663917628264;650,0;0,17920920360862955
74,66666666666667;978,0454033771631;970,6731385038308;866,8403778839715;0,7617968735214569;0,6802060063015218;184,60536664025824;1733,275963985186;650,0;0,17898614877165198
74,75;978,2122537243125;970,8519022064095;867,5068793475972;0,7617968735214569;0,6802060063015218;184,3066218333064;1731,1911422229314;650,0;0,17876370257868343
74,83333333333333;978,3789184759316;971,0304440681793;868,1716149816928;0,7617968735214569;0,6802060063015218;184,00878794757602;1729,1118963821693;650,0;0,1785418617698836
74,91666666666667;978,5453980444555;971,2087646913;868,834576840681;0,7617968735214569;0,6802060063015218;183,7118601938073;1727,0381966988455;650,0;0,1783206231205667
75,0;978,7116928409451;971,3868646747405;869,4957572276231;0,7617968735214569;0,6802060063015218;183,4158338288887;1724,9700137331047;650,0;0,1780999834406097
75,08333333333333;978,877803275095;971,5647446143143;870,1551486905244;0,7617968735214569;0,6802060063015218;183,12070415511528;1722,9073183635326;650,0;0,17787993957384549
75,16666666666667;979,0437297552379;971,7424051027119;870,8127440186918;0,7617968735214569;0,6802060063015218;182,82646651951495;1720,8500817822242;650,0;0,17766048839753984
75,25;979,2094726883522;971,9198467295338;871,4685362391426;0,7617968735214569;0,6802060063015218;182,53311631314943;1718,7982754893515;650,0;0,17744162682181946
75,33333333333333;979,3750324800666;972,097070081323;872,1225186130624;0,7617968735214569;0,6802060063015218;182,24064897046048;1716,7518712880387;650,0;0,1772233517891322
75,41666666666667;979,540409534667;972,2740757415967;872,7746846323125;0,7617968735214569;0,6802060063015218;181,94905996859063;1714,7108412794469;650,0;0,17700566027372552
75,5;979,7056042551018;972,4508642908778;873,4250280159858;0,7617968735214569;0,6802060063015218;181,6583448267579;1712,6751578576648;650,0;0,1767885492811108
75,58333333333333;979,8706170429883;972,6274363067254;874,0735427070106;0,7617968735214569;0,6802060063015218;181,3684991055993;1710,6447937051466;650,0;0,17657201584757665
75,66666666666667;980,0354482986183;972,8037923637651;874,7202228688004;0,7617968735214569;0,6802060063015218;181,07951840657392;1708,6197217877514;650,0;0,1763560570396701
75,75;980,2000984209639;972,9799330337188;875,3650628819515;0,7617968735214569;0,6802060063015218;180,79139837133198;1706,599915350181;650,0;0,17614066995371203
75,83333333333333;980,3645678076832;973,1558588854341;876,0080573409842;0,7617968735214569;0,6802060063015218;180,50413468112652;1704,585347911373;650,0;0,17592585171531225
75,91666666666667;980,5288568551267;973,331570484913;876,6492010511299;0,7617968735214569;0,6802060063015218;180,2177230562279;1702,575993260101;650,0;0,17571159947890425
76,0;980,6929659583419;973,5070683953402;877,2884890251619;0,7617968735214569;0,6802060063015218;179,932159255344;1700,5718254505755;650,0;0,17549791042728066
76,08333333333333;980,8568955110802;973,6823531771113;877,9259164802695;0,7617968735214569;0,6802060063015218;179,64743907504328;1698,5728187980724;650,0;0,17528478177113138
76,16666666666667;981,0206459058018;973,8574253878598;878,5614788349748;0,7617968735214569;0,6802060063015218;179,36355834922324;1696,5789478747263;650,0;0,17507221074860121
76,25;981,1842175336811;974,0322855824847;879,1951717060913;0,7617968735214569;0,6802060063015218;179,08051294854772;1694,590187505646;650,0;0,17486019462487515
76,33333333333333;981,3476107846137;974,2069343131765;879,8269909057242;0,7617968735214569;0,6802060063015218;178,79829877990971;1692,6065127641923;650,0;0,17464873069168724
76,41666666666667;981,5108260472203;974,3813721294434;880,4569324383108;0,7617968735214569;0,6802060063015218;178,51691178593114;1690,6278989690516;650,0;0,17443781626700103
76,5;981,6738637088532;974,555599578138;881,0849924977015;0,7617968735214569;0,6802060063015218;178,23634794442285;1688,6543216793364;650,0;0,17422744869450166
76,58333333333333;981,8367241556016;974,7296172034812;881,7111674642797;0,7617968735214569;0,6802060063015218;177,95660326788152;1686,6857566911438;650,0;0,17401762534322812
76,66666666666667;981,999407772297;974,9034255470884;882,3354539021209;0,7617968735214569;0,6802060063015218;177,67767380300938;1684,7221800339983;650,0;0,17380834360719605
76,75;982,1619149425188;975,0770251479934;882,9578485561898;0,7617968735214569;0,6802060063015218;177,39955563021397;1682,7635679668203;650,0;0,17359960090497506
76,83333333333333;982,3242460485997;975,2504165426727;883,5783483495749;0,7617968735214569;0,6802060063015218;177,1222448631363;1680,8098969746488;650,0;0,17339139467933878
76,91666666666667;982,4864014716312;975,4236002650696;884,19695038076;0,7617968735214569;0,6802060063015218;176,84573764817344;1678,8611437646102;650,0;0,1731837223968441
77,0;982,6483815914684;975,5965768466172;884,8136519209328;0,7617968735214569;0,6802060063015218;176,57003016404076;1676,9172852631582;650,0;0,17297658154753262
77,08333333333333;982,8101867867362;975,7693468162616;885,4284504113284;0,7617968735214569;0,6802060063015218;176,29511862128027;1674,9782986118798;650,0;0,1727699696444936
77,16666666666667;982,9718174348337;975,9419107004852;886,0413434606088;0,7617968735214569;0,6802060063015218;176,0209992618627;1673,0441611648087;650,0;0,17256388422357585
77,25;983,1332739119407;976,1142690233282;886,6523288422769;0,7617968735214569;0,6802060063015218;175,74766835871287;1671,1148504846155;650,0;0,1723583228429881
77,33333333333333;983,2945565930215;976,2864223064113;887,2614044921248;0,7617968735214569;0,6802060063015218;175,47512221531179;1669,190344339818;650,0;0,17215328308300126
77,41666666666667;983,4556658518311;976,4583710689569;887,8685685057159;0,7617968735214569;0,6802060063015218;175,20335716525608;1667,2706207013262;650,0;0,17194876254558522
77,5;983,6166020609201;976,630115827811;888,4738191358998;0,7617968735214569;0,6802060063015218;174,93236957185445;1665,3556577395323;650,0;0,1717447588540992
77,58333333333333;983,7773655916402;976,8016570974639;889,0771547903606;0,7617968735214569;0,6802060063015218;174,6621558277269;1663,4454338210792;650,0;0,1715412696529531
77,66666666666667;983,9379568141485;976,9729953900712;889,6785740291966;0,7617968735214569;0,6802060063015218;174,39271235440685;1661,539927506276;650,0;0,17133829260732905
77,75;984,0983760974135;977,144131215474;890,2780755625325;0,7617968735214569;0,6802060063015218;174,12403560193184;1659,6391175454355;650,0;0,17113582540280134
77,83333333333333;984,2586238092198;977,3150650812191;890,875658248162;0,7617968735214569;0,6802060063015218;173,85612204848826;1657,7429828767051;650,0;0,17093386574510097
77,91666666666667;984,4187003161734;977,485797492579;891,471321089222;0,7617968735214569;0,6802060063015218;173,58896820001632;1655,8515026230841;650,0;0,1707324113598003
78,0;984,578605983706;977,656328952571;892,0650632318965;0,7617968735214569;0,6802060063015218;173,32257058986045;1653,9646560894553;650,0;0,17053145999200348
78,08333333333333;984,738341176081;977,826659961977;892,6568839631506;0,7617968735214569;0,6802060063015218;173,0569257783742;1652,0824227600606;650,0;0,17033100940607399
78,16666666666667;984,8979062563978;977,9967910193624;893,2467827084939;0,7617968735214569;0,6802060063015218;172,7920303525991;1650,204782295608;650,0;0,17013105738533466
78,25;985,0573015865972;978,1667226210942;893,8347590297733;0,7617968735214569;0,6802060063015218;172,52788092588673;1648,3317145309966;650,0;0,16993160173181987
78,33333333333333;985,2165275274658;978,3364552613602;894,420812622993;0,7617968735214569;0,6802060063015218;172,26447413757455;1646,4631994725567;650,0;0,16973264026598828
78,41666666666667;985,3755844386415;978,5059894321867;895,0049433161646;0,7617968735214569;0,6802060063015218;172,0018066526393;1644,5992172954352;650,0;0,16953417082644587
78,5;985,5344726786178;978,6753256234564;895,5871510671832;0,7617968735214569;0,6802060063015218;171,73987516137004;1642,73974834156;650,0;0,16933619126972585
78,58333333333333;985,693192604749;978,8444643229263;896,1674359617318;0,7617968735214569;0,6802060063015218;171,47867637903573;1640,8847731165374;650,0;0,16913869946996785
78,66666666666667;985,8517445732551;979,0134060162451;896,7457982112124;0,7617968735214569;0,6802060063015218;171,21820704556683;1639,0342722878227;650,0;0,16894169331871767
78,75;986,0101289392263;979,1821511869698;897,3222381507037;0,7617968735214569;0,6802060063015218;170,95846392525118;1637,1882266823277;650,0;0,16874517072467543
78,83333333333333;986,1683460566279;979,3507003165832;897,8967562369443;0,7617968735214569;0,6802060063015218;170,6994438064129;1635,3466172838225;650,0;0,16854912961342342
78,91666666666667;986,3263962783051;979,5190538845104;898,469353046343;0,7617968735214569;0,6802060063015218;170,4411435011167;1633,5094252310605;650,0;0,16835356792722306
79,0;986,4842799559875;979,6872123681352;899,0400292730136;0,7617968735214569;0,6802060063015218;170,18355984486675;1631,6766318153263;650,0;0,16815848362475844
79,08333333333333;986,6419974402943;979,8551762428161;899,6087857268344;0,7617968735214569;0,6802060063015218;169,92668969630813;1629,8482184784152;650,0;0,16796387468091956
79,16666666666667;986,7995490807386;980,0229459819027;900,1756233315338;0,7617968735214569;0,6802060063015218;169,67052993695404;1628,0241668103129;650,0;0,16776973908656043
79,25;986,9569352257315;980,190522056751;900,7408336866579;0,7617968735214569;0,6802060063015218;169,41507747089872;1626,2044585473955;650,0;0,16757607484830445
79,33333333333333;987,1141562225883;980,3579049367393;901,3038210185679;0,7617968735214569;0,6802060063015218;169,16032922451336;1624,3890755700227;650,0;0,16738287998829104
79,41666666666667;987,2712124175315;980,5250950892832;901,8645934867811;0,7617968735214569;0,6802060063015218;168,90628214622723;1622,577999901268;650,0;0,16719015254403724
79,5;987,4281041556959;980,6920929798514;902,4231592494609;0,7617968735214569;0,6802060063015218;168,6529332062065;1620,771213703685;650,0;0,16699789056810538
79,58333333333333;987,5848317811335;980,8588990719794;902,979526463075;0,7617968735214569;0,6802060063015218;168,40027939611275;1618,9686992787167;650,0;0,16680609212802588
79,66666666666667;987,7413956368177;981,0255138272854;903,5337032820571;0,7617968735214569;0,6802060063015218;168,1483177288527;1617,1704390637883;650,0;0,16661475530600228
79,75;987,8977960646481;981,1919377054842;904,0856978584716;0,7617968735214569;0,6802060063015218;167,89704523830835;1615,3764156312275;650,0;0,16642387819878543
79,83333333333333;988,0540334054541;981,3581711644016;904,6355183416808;0,7617968735214569;0,6802060063015218;167,64645897909816;1613,5866116856519;650,0;0,1662334589174074
79,91666666666667;988,2101079990008;981,5242146599886;905,1831728780166;0,7617968735214569;0,6802060063015218;167,39655602631274;1611,8010100628917;650,0;0,1660434955870562
80,0;988,366020183992;981,6900686463355;905,7286696104533;0,7617968735214569;0,6802060063015218;167,14733347530455;1610,0195937277745;650,0;0,16585398634684947
80,08333333333333;988,5217702980757;981,8557335756851;906,272016678285;0,7617968735214569;0,6802060063015218;166,8987884414122;1608,242345772457;650,0;0,16566492934965293
80,16666666666667;988,6773586778477;982,0212098984471;906,8132222168058;0,7617968735214569;0,6802060063015218;166,6509180597643;1606,4692494150077;650,0;0,1654763227619301
80,25;988,8327856588566;982,1864980632106;907,3522943569922;0,7617968735214569;0,6802060063015218;166,40371948501524;1604,7002879972954;650,0;0,16528816476352023
80,33333333333333;988,9880515756076;982,3515985167581;907,8892412251897;0,7617968735214569;0,6802060063015218;166,15718989114896;1602,9354449837638;650,0;0,1651004535475059
80,41666666666667;989,1431567615672;982,5165117040782;908,424070942802;0,7617968735214569;0,6802060063015218;165,91132647123743;1601,1747039594682;650,0;0,16491318732000707
80,5;989,2981015491673;982,6812380683782;908,9567916259829;0,7617968735214569;0,6802060063015218;165,66612643722465;1599,4180486287312;650,0;0,1647263643000355
80,58333333333333;989,4528862698097;982,8457780510976;909,4874113853317;0,7617968735214569;0,6802060063015218;165,42158701972767;1597,665462813652;650,0;0,16453998271933734
80,66666666666667;989,6075112538698;983,0101320919198;910,0159383255921;0,7617968735214569;0,6802060063015218;165,17770546780355;1595,9169304522609;650,0;0,16435404082219865
80,75;989,7619768307017;983,1743006287851;910,5423805453528;0,7617968735214569;0,6802060063015218;164,9344790487504;1594,1724355973085;650,0;0,1641685368653143
80,83333333333333;989,9162833286414;983,3382840979027;911,0667461367527;0,7617968735214569;0,6802060063015218;164,69190504791413;1592,431962414715;650,0;0,16398346911762476
80,91666666666667;990,0704310750122;983,5020829337628;911,5890431851883;0,7617968735214569;0,6802060063015218;164,44998076846673;1590,6954951820499;650,0;0,16379883586015412
81,0;990,2244203961274;983,6656975691487;912,1092797690242;0,7617968735214569;0,6802060063015218;164,2087035312329;1588,9630182871147;650,0;0,16361463538586105
81,08333333333333;990,3782516172957;983,8291284351483;912,6274639593066;0,7617968735214569;0,6802060063015218;163,9680706744656;1587,2345162267911;650,0;0,16343086599951065
81,16666666666667;990,5319250628252;983,9923759611657;913,1436038194807;0,7617968735214569;0,6802060063015218;163,7280795536867;1585,5099736053282;650,0;0,16324752601749978
81,25;990,6854410560263;984,1554405749334;913,6577074051098;0,7617968735214569;0,6802060063015218;163,48872754148545;1583,7893751332942;650,0;0,1630646137677403
81,33333333333333;990,8387999192171;984,3183227025229;914,1697827635985;0,7617968735214569;0,6802060063015218;163,2500120273221;1582,072705626086;650,0;0,16288212758950169
81,41666666666667;990,9920019737268;984,4810227683562;914,6798379339183;0,7617968735214569;0,6802060063015218;163,01193041735473;1580,3599500024363;650,0;0,1627000658332555
81,5;991,1450475399005;984,6435411952168;915,1878809463366;0,7617968735214569;0,6802060063015218;162,7744801342658;1578,651093283736;650,0;0,162518426860596
81,58333333333333;991,2979369371019;984,8058784042609;915,6939198221488;0,7617968735214569;0,6802060063015218;162,53765861709155;1576,9461205922028;650,0;0,1623372090440535
81,66666666666667;991,4506704837186;984,9680348150279;916,197962573413;0,7617968735214569;0,6802060063015218;162,30146332102606;1575,2450171498326;650,0;0,16215641076697776
81,75;991,6032484971652;985,1300108454512;916,7000172026877;0,7617968735214569;0,6802060063015218;162,06589171726762;1573,5477682773376;650,0;0,16197603042342504
81,83333333333333;991,7556712938875;985,2918069118692;917,2000917027734;0,7617968735214569;0,6802060063015218;161,83094129284825;1571,8543593928011;650,0;0,16179606641801633
81,91666666666667;991,9079391893672;985,4534234290351;917,6981940564559;0,7617968735214569;0,6802060063015218;161,59660955045752;1570,1647760104386;650,0;0,16161651716580536
82,0;992,0600524981244;985,6148608101273;918,1943322362536;0,7617968735214569;0,6802060063015218;161,36289400830321;1568,4790037397852;650,0;0,1614373810921899
82,08333333333333;992,2120115337225;985,7761194667601;918,6885142041671;0,7617968735214569;0,6802060063015218;161,12979219992667;1566,797028284204;650,0;0,16125865663275524
82,16666666666667;992,3638166087718;985,9371998089932;919,1807479114324;0,7617968735214569;0,6802060063015218;160,8973016740606;1565,1188354398685;650,0;0,16108034223316572
82,25;992,5154680349333;986,0981022453423;919,6710412982767;0,7617968735214569;0,6802060063015218;160,6654199944643;1563,4444110947873;650,0;0,16090243634905874
82,33333333333333;992,6669661229232;986,2588271827882;920,159402293677;0,7617968735214569;0,6802060063015218;160,43414473977577;1561,77374122777;650,0;0,1607249374459341
82,41666666666667;992,8183111825151;986,4193750267872;920,645838815122;0,7617968735214569;0,6802060063015218;160,20347350337545;1560,1068119069969;650,0;0,16054784399900815
82,5;992,9695035225459;986,5797461812804;921,1303587683769;0,7617968735214569;0,6802060063015218;159,97340389319845;1558,443609289633;650,0;0,1603711544931599
82,58333333333333;993,1205434509176;986,7399410487031;921,6129700472509;0,7617968735214569;0,6802060063015218;159,74393353163805;1556,7841196201318;650,0;0,16019486742276381
82,66666666666667;993,2714312746027;986,8999600299948;922,0936805333677;0,7617968735214569;0,6802060063015218;159,5150600553609;1555,1283292296582;650,0;0,16001898129161887
82,75;993,4221672996467;987,0598035246076;922,5724980959392;0,7617968735214569;0,6802060063015218;159,286781115199;1553,4762245350562;650,0;0,159843494612842
82,83333333333333;993,5727518311727;987,2194719305163;923,0494305915415;0,7617968735214569;0,6802060063015218;159,05909437597927;1551,8277920377698;650,0;0,15966840590875142
82,91666666666667;993,7231851733846;987,378965644227;923,5244858638947;0,7617968735214569;0,6802060063015218;158,83199751640973;1550,183018322899;650,0;0,15949371371076815
83,0;993,8734676295711;987,5382850607864;923,9976717436444;0,7617968735214569;0,6802060063015218;158,60548822894032;1548,541890058402;650,0;0,15931941655932824
83,08333333333333;994,0235995021089;987,6974305737901;924,4689960481473;0,7617968735214569;0,6802060063015218;158,37956421961792;1546,904393993959;650,0;0,15914551300376348
83,16666666666667;994,1735810924669;987,8564025753924;924,9384665812588;0,7617968735214569;0,6802060063015218;158,15422320796984;1545,270516960322;650,0;0,1589720016022297
83,25;994,3234127012095;988,015201456314;925,4060911331235;0,7617968735214569;0,6802060063015218;157,92946292686167;1543,6402458681628;650,0;0,15879888092158598
83,33333333333333;994,4730946280002;988,1738276058513;925,8718774799692;0,7617968735214569;0,6802060063015218;157,7052811223865;1542,0135677074834;650,0;0,15862614953732945
83,41666666666667;994,6226271716059;988,3322814118848;926,3358333839029;0,7617968735214569;0,6802060063015218;157,48167555372277;1540,3904695465965;650,0;0,15845380603348677
83,5;994,772010629899;988,4905632608873;926,7979665927105;0,7617968735214569;0,6802060063015218;157,25864399302907;1538,7709385313583;650,0;0,1582818490025326
83,58333333333333;994,9212452998624;988,6486735379325;927,2582848396582;0,7617968735214569;0,6802060063015218;157,0361842252936;1537,1549618839424;650,0;0,15811027704526126
83,66666666666667;995,0703314775924;988,8066126267032;927,7167958432977;0,7617968735214569;0,6802060063015218;156,81429404824883;1535,5425269026484;650,0;0,15793908877076102
83,75;995,2192694583023;988,9643809094995;928,1735073072737;0,7617968735214569;0,6802060063015218;156,59297127222942;1533,933620960898;650,0;0,15776828279630686
83,83333333333333;995,3680595363256;989,1219787672467;928,6284269201338;0,7617968735214569;0,6802060063015218;156,3722137200699;1532,3282315060824;650,0;0,1575978577472436
83,91666666666667;995,5167020051206;989,2794065795036;929,0815623551424;0,7617968735214569;0,6802060063015218;156,15201922697395;1530,7263460591205;650,0;0,15742781225693234
84,0;995,665197157272;989,4366647244703;929,5329212700957;0,7617968735214569;0,6802060063015218;155,93238564042338;1529,1279522138384;650,0;0,15725814496668408
84,08333333333333;995,8135452844963;989,593753578996;929,9825113071408;0,7617968735214569;0,6802060063015218;155,71331082004178;1527,5330376358027;650,0;0,15708885452563814
84,16666666666667;995,961746677644;989,7506735185867;930,4303400925968;0,7617968735214569;0,6802060063015218;155,4947926375064;1525,941590061745;650,0;0,15691993959070027
84,25;996,1098016267035;989,9074249174132;930,8764152367784;0,7617968735214569;0,6802060063015218;155,2768289764316;1524,3535972989866;650,0;0,15675139882647798
84,33333333333333;996,2577104208044;990,0640081483184;931,3207443338231;0,7617968735214569;0,6802060063015218;155,059417732258;1522,7690472245656;650,0;0,15658323090518872
84,41666666666667;996,4054733482209;990,220423582825;931,7633349615203;0,7617968735214569;0,6802060063015218;154,84255681215018;1521,1879277847668;650,0;0,1564154345066066
84,5;996,5530906963747;990,3766715911429;932,204194681143;0,7617968735214569;0,6802060063015218;154,6262441348972;1519,6102269938797;650,0;0,1562480083179372
84,58333333333333;996,7005627518397;990,5327525421767;932,6433310372828;0,7617968735214569;0,6802060063015218;154,4104776307961;1518,0359329339337;650,0;0,15608095103378172
84,66666666666667;996,8478898003439;990,6886668035328;933,0807515576868;0,7617968735214569;0,6802060063015218;154,19525524157507;1516,465033754284;650,0;0,15591426135609146
84,75;996,995072126773;990,8444147415269;933,5164637530976;0,7617968735214569;0,6802060063015218;153,98057492027704;1514,897517670239;650,0;0,1557479379940287
84,83333333333333;997,1421100151747;990,9999967211908;933,9504751170958;0,7617968735214569;0,6802060063015218;153,76643463115443;1513,3333729629867;650,0;0,15558197966395007
84,91666666666667;997,2890037487607;991,1554131062801;934,382793125945;0,7617968735214569;0,6802060063015218;153,55283234959813;1511,7725879787374;650,0;0,15541638508931993
85,0;997,4357536099109;991,3106642592808;934,8134252384393;0,7617968735214569;0,6802060063015218;153,33976606201531;1510,2151511279865;650,0;0,1552511530006301
85,08333333333333;997,5823598801758;991,4657505414161;935,2423788957535;0,7617968735214569;0,6802060063015218;153,12723376575264;1508,6610508851893;650,0;0,15508628213536238
85,16666666666667;997,7288228402809;991,620672312654;935,6696615212959;0,7617968735214569;0,6802060063015218;152,91523346899112;1507,1102757878893;650,0;0,1549217712378974
85,25;997,8751427701288;991,7754299317135;936,0952805205633;0,7617968735214569;0,6802060063015218;152,70376319067225;1505,5628144362618;650,0;0,15475761905946514
85,33333333333333;998,0213199488028;991,9300237560715;936,5192432809988;0,7617968735214569;0,6802060063015218;152,49282096038428;1504,0186554922266;650,0;0,15459382435805144
85,41666666666667;998,1673546545708;992,0844541419699;936,9415571718522;0,7617968735214569;0,6802060063015218;152,28240481828266;1502,4777876794492;650,0;0,15443038589839075
85,5;998,3132471648868;992,2387214444218;937,3622295440424;0,7617968735214569;0,6802060063015218;152,0725128150218;1500,9401997823063;650,0;0,15426730245186326
85,58333333333333;998,4589977563961;992,3928260172182;937,7812677300229;0,7617968735214569;0,6802060063015218;151,8631430116244;1499,4058806449862;650,0;0,1541045727963986
85,66666666666667;998,6046067049373;992,5467682129347;938,198679043649;0,7617968735214569;0,6802060063015218;151,65429347944723;1497,8748191719599;650,0;0,15394219571651682
85,75;998,7500742855449;992,7005483829379;938,6144707800481;0,7617968735214569;0,6802060063015218;151,4459623000647;1496,347004326639;650,0;0,15378017000319202
85,83333333333333;998,8954007724537;992,8541668773917;939,0286502154921;0,7617968735214569;0,6802060063015218;151,23814756517504;1494,8224251309173;650,0;0,15361849445380107
85,91666666666667;999,0405864391013;993,0076240452637;939,4412246072723;0,7617968735214569;0,6802060063015218;151,03084737655195;1493,3010706648604;650,0;0,15345716787208996
86,0;999,1856315581308;993,1609202343318;939,8522011935761;0,7617968735214569;0,6802060063015218;150,82405984593947;1491,7829300658202;650,0;0,15329618906808146
86,08333333333333;999,3305364013949;993,3140557911898;940,2615871933676;0,7617968735214569;0,6802060063015218;150,61778309497527;1490,2679925285827;650,0;0,15313555685808153
86,16666666666667;999,4753012399576;993,4670310612544;940,6693898062688;0,7617968735214569;0,6802060063015218;150,4120152551252;1488,756247304054;650,0;0,1529752700645509
86,25;999,6199263440985;993,6198463887705;941,0756162124438;0,7617968735214569;0,6802060063015218;150,20675446758105;1487,2476836993926;650,0;0,15281532751610774
86,33333333333333;999,764411983315;993,7725021168179;941,4802735724859;0,7617968735214569;0,6802060063015218;150,00199888320083;1485,742291077139;650,0;0,15265572804744076
86,41666666666667;999,9087584263256;993,9249985873172;941,883369027306;0,7617968735214569;0,6802060063015218;149,79774666242633;1484,2400588547428;650,0;0,1524964704992575
86,5;1000,0529659410732;994,0773361410354;942,2849096980243;0,7617968735214569;0,6802060063015218;149,59399597520928;1482,7409765043851;650,0;0,1523375537182608
86,58333333333333;1000,1970347947278;994,2295151175924;942,6849026858632;0,7617968735214569;0,6802060063015218;149,3907450009459;1481,2450335522863;650,0;0,15217897655707818
86,66666666666667;1000,3409652536888;994,3815358554666;943,0833550720433;0,7617968735214569;0,6802060063015218;149,1879919283832;1479,7522195780687;650,0;0,15202073787419346
86,75;1000,4847575835893;994,5333986920006;943,4802739176813;0,7617968735214569;0,6802060063015218;148,98573495555354;1478,2625242144932;650,0;0,15186283653391627
86,83333333333333;1000,6284120492982;994,685103963407;943,87566626369;0,7617968735214569;0,6802060063015218;148,78397228971778;1476,7759371473094;650,0;0,1517052714063626
86,91666666666667;1000,7719289149229;994,8366520047742;944,269539130681;0,7617968735214569;0,6802060063015218;148,5827021472801;1475,2924481140326;650,0;0,15154804136733277
87,0;1000,9153084438133;994,9880431500726;944,6618995188686;0,7617968735214569;0,6802060063015218;148,38192275371682;1473,8120469042365;650,0;0,15139114529833209
87,08333333333333;1001,0585508985632;995,1392777321591;945,0527544079773;0,7617968735214569;0,6802060063015218;148,18163234351687;1472,3347233588022;650,0;0,1512345820864953
87,16666666666667;1001,2016565410148;995,2903560827837;945,44211075715;0,7617968735214569;0,6802060063015218;147,98182916010205;1470,8604673694597;650,0;0,1510783506245362
87,25;1001,3446256322601;995,4412785325943;945,8299755048591;0,7617968735214569;0,6802060063015218;147,78251145577883;1469,3892688783594;650,0;0,15092244981070327
87,33333333333333;1001,4874584326446;995,5920454111431;946,2163555688201;0,7617968735214569;0,6802060063015218;147,5836774916445;1467,9211178778662;650,0;0,15076687854875162
87,41666666666667;1001,6301552017701;995,7426570468909;946,6012578459059;0,7617968735214569;0,6802060063015218;147,38532553753885;1466,4560044098948;650,0;0,15061163574787648
87,5;1001,7727161984972;995,8931137672137;946,9846892120652;0,7617968735214569;0,6802060063015218;147,18745387197885;1464,9939185655842;650,0;0,15045672032267682
87,58333333333333;1001,9151416809484;996,0434158984068;947,3666565222406;0,7617968735214569;0,6802060063015218;146,99006078208754;1463,5348504850772;650,0;0,15030213119312796
87,66666666666667;1002,057431906511;996,1935637656914;947,7471666102911;0,7617968735214569;0,6802060063015218;146,79314456354007;1462,07879035659;650,0;0,15014786728448984
87,75;1002,1995871318393;996,3435576932187;948,1262262889147;0,7617968735214569;0,6802060063015218;146,5967035204926;1460,6257284169283;650,0;0,14999392752734847
87,83333333333333;1002,3416076128578;996,4933980040762;948,5038423495746;0,7617968735214569;0,6802060063015218;146,40073596551417;1459,175654950056;650,0;0,14984031085747604
87,91666666666667;1002,4834936047645;996,6430850202921;948,8800215624259;0,7617968735214569;0,6802060063015218;146,2052402195411;1457,7285602876116;650,0;0,1496870162158748
88,0;1002,6252453620326;996,7926190628408;949,2547706762456;0,7617968735214569;0,6802060063015218;146,01021461180892;1456,2844348077565;650,0;0,14953404254866337
88,08333333333333;1002,7668631384136;996,9420004516479;949,6280964183635;0,7617968735214569;0,6802060063015218;145,8156574797954;1454,8432689355736;650,0;0,14938138880710847
88,16666666666667;1002,9083471869405;997,0912295055955;950,0000054945959;0,7617968735214569;0,6802060063015218;145,62156716914103;1453,4050531420785;650,0;0,1492290539475252
88,25;1003,0496977599304;997,2403065425268;950,3705045891809;0,7617968735214569;0,6802060063015218;145,42794203362632;1451,969777944086;650,0;0,14907703693126265
88,33333333333333;1003,190915108986;997,3892318792515;950,7396003647151;0,7617968735214569;0,6802060063015218;145,2347804350893;1450,5374339041955;650,0;0,14892533672469468
88,41666666666667;1003,3319994850003;997,5380058315505;951,1072994620932;0,7617968735214569;0,6802060063015218;145,04208074336304;1449,108011629581;650,0;0,14877395229910115
88,5;1003,472951138158;997,6866287141813;951,4736085004487;0,7617968735214569;0,6802060063015218;144,84984133624437;1447,681501772684;650,0;0,14862288263072987
88,58333333333333;1003,6137703179377;997,835100840882;951,8385340770966;0,7617968735214569;0,6802060063015218;144,65806059941713;1446,2578950299742;650,0;0,14847212670067345
88,66666666666667;1003,754457273116;997,9834225243768;952,2020827674784;0,7617968735214569;0,6802060063015218;144,4667369263925;1444,8371821421108;650,0;0,1483216834948791
88,75;1003,8950122517693;998,1315940763809;952,5642611251081;0,7617968735214569;0,6802060063015218;144,27586871848064;1443,419353893634;650,0;0,14817155200411697
88,83333333333333;1004,0354355012762;998,2796158076048;952,9250756815212;0,7617968735214569;0,6802060063015218;144,08545438471094;1442,0044011124612;650,0;0,1480217312239259
88,91666666666667;1004,1757272683204;998,4274880277594;953,284532946224;0,7617968735214569;0,6802060063015218;143,8954923417839;1440,5923146692392;650,0;0,14787222015454823
89,0;1004,3158877988936;998,5752110455604;953,6426394066458;0,7617968735214569;0,6802060063015218;143,7059810140255;1439,1830854779625;650,0;0,14772301780098346
89,08333333333333;1004,4559173382977;998,7227851687333;953,9994015280928;0,7617968735214569;0,6802060063015218;143,51691883333046;1437,7767044946315;650,0;0,14757412317285754
89,16666666666667;1004,5958161311474;998,8702107040177;954,354825753703;0,7617968735214569;0,6802060063015218;143,32830423911105;1436,3731627175464;650,0;0,1474255352844457
89,25;1004,7355844213728;999,0174879571723;954,7089185044038;0,7617968735214569;0,6802060063015218;143,14013567824304;1434,972451186658;650,0;0,14727725315460682
89,33333333333333;1004,8752224522223;999,1646172329791;955,06168617887;0,7617968735214569;0,6802060063015218;142,95241160501178;1433,5745609836272;650,0;0,14712927580678367
89,41666666666667;1005,0147304662644;999,3115988352481;955,4131351534854;0,7617968735214569;0,6802060063015218;142,76513048107802;1432,17948323147;650,0;0,1469816022689669
89,5;1005,1541087053911;999,4584330668217;955,7632717823042;0,7617968735214569;0,6802060063015218;142,5782907754069;1430,7872090936426;650,0;0,14683423157360295
89,58333333333333;1005,2933574108196;999,6051202295794;956,112102397015;0,7617968735214569;0,6802060063015218;142,39189096423388;1429,3977297746019;650,0;0,14668716275764312
89,66666666666667;1005,4324768230954;999,7516606244418;956,4596333069062;0,7617968735214569;0,6802060063015218;142,20592953100493;1428,0110365189648;650,0;0,14654039486245957
89,75;1005,5714671820945;999,8980545513756;956,8058707988334;0,7617968735214569;0,6802060063015218;142,0204049663397;1426,6271206115516;650,0;0,1463939269338458
89,83333333333333;1005,7103287270261;1000,0443023093975;957,150821137188;0,7617968735214569;0,6802060063015218;141,8353157679718;1425,245973376589;650,0;0,14624775802193704
89,91666666666667;1005,8490616964347;1000,1904041965787;957,4944905638672;0,7617968735214569;0,6802060063015218;141,65066044071466;1423,8675861782717;650,0;0,14610188718125908
90,0;1005,987666328203;1000,3363605100493;957,8368852982463;0,7617968735214569;0,6802060063015218;141,46643749639907;1422,4919504194766;650,0;0,14595631347060267
90,08333333333333;1006,126142859554;1000,4821715460024;958,1780115371521;0,7617968735214569;0,6802060063015218;141,28264545384184;1421,1190575423846;650,0;0,14581103595307868
90,16666666666667;1006,2644915270537;1000,6278375996984;958,5178754548376;0,7617968735214569;0,6802060063015218;141,099282838789;1419,7488990275783;650,0;0,1456660536960283
90,25;1006,4027125666132;1000,7733589654695;958,8564832029589;0,7617968735214569;0,6802060063015218;140,91634818388172;1418,3814663941616;650,0;0,1455213657710313
90,33333333333333;1006,5408062134914;1000,9187359367234;959,1938409105529;0,7617968735214569;0,6802060063015218;140,7338400285937;1417,0167511992715;650,0;0,14537697125385457
90,41666666666667;1006,6787727022974;1001,0639688059478;959,5299546840171;0,7617968735214569;0,6802060063015218;140,5517569192;1415,65474503796;650,0;0,14523286922443807
90,5;1006,8166122669928;1001,2090578647146;959,8648306070904;0,7617968735214569;0,6802060063015218;140,37009740873998;1414,2954395428849;650,0;0,14508905876686262
90,58333333333333;1006,954325140894;1001,3540034036839;960,1984747408358;0,7617968735214569;0,6802060063015218;140,18886005695492;1412,9388263839687;650,0;0,14494553896931228
90,66666666666667;1007,0919115566746;1001,4988057126079;960,530893123624;0,7617968735214569;0,6802060063015218;140,00804343025095;1411,5848972680756;650,0;0,14480230892404058
90,75;1007,229371746368;1001,6434650803353;960,8620917711191;0,7617968735214569;0,6802060063015218;139,82764610166782;1410,2336439391138;650,0;0,14465936772737747
90,83333333333333;1007,3667059413694;1001,787981794815;961,1920766762654;0,7617968735214569;0,6802060063015218;139,6476666508164;1408,8850581776069;650,0;0,144516714479683
90,91666666666667;1007,5039143724384;1001,9323561431003;961,5208538092751;0,7617968735214569;0,6802060063015218;139,4681036638616;1407,539131800252;650,0;0,1443743482853049
91,0;1007,6409972697013;1002,0765884113529;961,8484291176183;0,7617968735214569;0,6802060063015218;139,28895573345415;1406,195856659949;650,0;0,14423226825257485
91,08333333333333;1007,7779548626529;1002,2206788848466;962,1748085260137;0,7617968735214569;0,6802060063015218;139,11022145871073;1404,8552246452534;650,0;0,14409047349375553
91,16666666666667;1007,9147873801599;1002,3646278479716;962,4999979364214;0,7617968735214569;0,6802060063015218;138,93189944515711;1403,517227680555;650,0;0,14394896312505184
91,25;1008,0514950504618;1002,5084355842382;962,8240032280355;0,7617968735214569;0,6802060063015218;138,75398830470544;1402,1818577257661;650,0;0,14380773626658003
91,33333333333333;1008,1880781011748;1002,6521023762805;963,14683025728;0,7617968735214569;0,6802060063015218;138,57648665558884;1400,8491067752752;650,0;0,14366679204226346
91,41666666666667;1008,3245367592925;1002,7956285058605;963,4684848578047;0,7617968735214569;0,6802060063015218;138,39939312235856;1399,5189668592736;650,0;0,1435261295799568
91,5;1008,4608712511891;1002,9390142538717;963,7889728404824;0,7617968735214569;0,6802060063015218;138,2227063358016;1398,1914300419708;650,0;0,14338574801127105
91,58333333333333;1008,5970818026215;1003,0822599003434;964,1082999934084;0,7617968735214569;0,6802060063015218;138,046424932935;1396,8664884223465;650,0;0,1432456464716438
91,66666666666667;1008,7331686387313;1003,2253657244437;964,4264720819002;0,7617968735214569;0,6802060063015218;137,8705475569518;1395,544134133575;650,0;0,1431058241002801
91,75;1008,8691319840472;1003,3683320044838;964,7434948484987;0,7617968735214569;0,6802060063015218;137,69507285718987;1394,2243593427738;650,0;0,1429662800401263
91,83333333333333;1009,0049720624875;1003,5111590179217;965,059374012971;0,7617968735214569;0,6802060063015218;137,5199994890835;1392,9071562510346;650,0;0,14282701343786824
91,91666666666667;1009,1406890973615;1003,6538470413656;965,374115272314;0,7617968735214569;0,6802060063015218;137,34532611414352;1391,592517092934;650,0;0,14268802344388393
92,0;1009,2762833113727;1003,7963963505778;965,6877243007597;0,7617968735214569;0,6802060063015218;137,1710513998977;1390,280434136269;650,0;0,14254930921221312
92,08333333333333;1009,4117549266205;1003,9388072204783;966,0002067497807;0,7617968735214569;0,6802060063015218;136,99717401987357;1388,9708996822783;650,0;0,14241086990057641
92,16666666666667;1009,547104164602;1004,0810799251486;966,3115682480983;0,7617968735214569;0,6802060063015218;136,82369265355305;1387,6639060649634;650,0;0,1422727046703079
92,25;1009,6823312462149;1004,223214737835;966,6218144016906;0,7617968735214569;0,6802060063015218;136,65060598633545;1386,359445651294;650,0;0,1421348126863703
92,33333333333333;1009,8174363917593;1004,3652119309522;966,930950793802;0,7617968735214569;0,6802060063015218;136,47791270949767;1385,0575108403539;650,0;0,14199719311727227
92,41666666666667;1009,9524198209399;1004,5070717760874;967,2389829849544;0,7617968735214569;0,6802060063015218;136,3056115201772;1383,758094064032;650,0;0,1418598451351307
92,5;1010,0872817528682;1004,648794544003;967,5459165129586;0,7617968735214569;0,6802060063015218;136,13370112131236;1382,4611877860957;650,0;0,14172276791557897
92,58333333333333;1010,2220224060644;1004,7903805046408;967,8517568929275;0,7617968735214569;0,6802060063015218;135,962180221631;1381,166784502409;650,0;0,1415859606377863
92,66666666666667;1010,3566419984597;1004,9318299271251;968,1565096172902;0,7617968735214569;0,6802060063015218;135,7910475355908;1379,8748767404177;650,0;0,14144942248440384
92,75;1010,4911407473985;1005,0731430797667;968,4601801558072;0,7617968735214569;0,6802060063015218;135,620301783365;1378,5854570592223;650,0;0,1413131526415704
92,83333333333333;1010,6255188696405;1005,2143202300656;968,7627739555862;0,7617968735214569;0,6802060063015218;135,44994169079416;1377,2985180491216;650,0;0,14117715029886524
92,91666666666667;1010,7597765813626;1005,3553616447149;969,0642964410999;0,7617968735214569;0,6802060063015218;135,27996598937193;1376,0140523319506;650,0;0,1410414146493383
93,0;1010,893914098161;1005,4962675896043;969,3647530142038;0,7617968735214569;0,6802060063015218;135,11037341619385;1374,7320525600333;650,0;0,1409059448894078
93,08333333333333;1011,0279316350537;1005,6370383298232;969,6641490541555;0,7617968735214569;0,6802060063015218;134,9411627139176;1373,452511416817;650,0;0,14077074021891553
93,16666666666667;1011,1618294064818;1005,7776741296643;969,9624899176353;0,7617968735214569;0,6802060063015218;134,772332630763;1372,1754216162235;650,0;0,14063579984106636
93,25;1011,2956076263126;1005,9181752526267;970,2597809387672;0,7617968735214569;0,6802060063015218;134,60388192043808;1370,9007759026185;650,0;0,14050112296241868
93,33333333333333;1011,4292665078403;1006,0585419614196;970,5560274291414;0,7617968735214569;0,6802060063015218;134,43580934214765;1369,6285670508125;650,0;0,1403667087928849
93,41666666666667;1011,5628062637894;1006,1987745179651;970,851234677837;0,7617968735214569;0,6802060063015218;134,26811366051936;1368,358787865071;650,0;0,14023255654563263
93,5;1011,696227106316;1006,3388731834024;971,1454079514468;0,7617968735214569;0,6802060063015218;134,1007936456066;1367,0914311802812;650,0;0,14009866543719351
93,58333333333333;1011,8295292470096;1006,4788382180897;971,4385524941017;0,7617968735214569;0,6802060063015218;133,93384807284008;1365,8264898604455;650,0;0,1399650346873181
93,66666666666667;1011,9627128968958;1006,6186698816088;971,7306735274974;0,7617968735214569;0,6802060063015218;133,76727572299956;1364,5639567994945;650,0;0,13983166351904938
93,75;1012,0957782664382;1006,7583684327674;972,0217762509207;0,7617968735214569;0,6802060063015218;133,60107538217676;1363,3038249203853;650,0;0,13969855115863483
93,83333333333333;1012,2287255655393;1006,897934129603;972,3118658412776;0,7617968735214569;0,6802060063015218;133,43524584176976;1362,046087175531;650,0;0,13956569683556622
93,91666666666667;1012,3615550035444;1007,0373672293855;972,6009474531222;0,7617968735214569;0,6802060063015218;133,26978589840905;1360,7907365461201;650,0;0,13943309978250892
94,0;1012,4942667892417;1007,1766679886208;972,8890262186859;0,7617968735214569;0,6802060063015218;133,1046943539718;1359,5377660423533;650,0;0,1393007592353258
94,08333333333333;1012,6268611308656;1007,3158366630538;973,1761072479078;0,7617968735214569;0,6802060063015218;132,93997001552214;1358,2871687029713;650,0;0,13916867443302708
94,16666666666667;1012,7593382360978;1007,4548735076716;973,4621956284662;0,7617968735214569;0,6802060063015218;132,77561169529406;1357,0389375954023;650,0;0,13903684461778273
94,25;1012,89169831207;1007,5937787767064;973,7472964258106;0,7617968735214569;0,6802060063015218;132,6116182106574;1355,793065815142;650,0;0,13890526903486144
94,33333333333333;1013,0239415653649;1007,7325527236391;974,0314146831947;0,7617968735214569;0,6802060063015218;132,44798838409224;1354,5495464860774;650,0;0,13877394693265854
94,41666666666667;1013,1560682020194;1007,8711956012017;974,3145554217098;0,7617968735214569;0,6802060063015218;132,2847210431462;1353,3083727599426;650,0;0,13864287756264096
94,5;1013,2880784275251;1008,0097076613811;974,5967236403196;0,7617968735214569;0,6802060063015218;132,12181502044018;1352,0695378165972;650,0;0,13851206017937398
94,58333333333333;1013,4199724468314;1008,1480891554215;974,8779243158956;0,7617968735214569;0,6802060063015218;131,9592691536002;1350,8330348632744;650,0;0,13838149404044464
94,66666666666667;1013,5517504643467;1008,286340333828;975,1581624032526;0,7617968735214569;0,6802060063015218;131,7970822852459;1349,598857135024;650,0;0,1382511784065019
94,75;1013,6834126839407;1008,4244614463692;975,4374428351863;0,7617968735214569;0,6802060063015218;131,63525326296792;1348,3669978941655;650,0;0,13812111254120374
94,83333333333333;1013,8149593089461;1008,5624527420804;975,7157705225103;0,7617968735214569;0,6802060063015218;131,47378093928808;1347,1374504299931;650,0;0,13799129571118554
94,91666666666667;1013,9463905421602;1008,7003144692665;975,9931503540945;0,7617968735214569;0,6802060063015218;131,31266417164227;1345,9102080593818;650,0;0,13786172718611547
95,0;1014,0777065858476;1008,838046875505;976,2695871969042;0,7617968735214569;0,6802060063015218;131,15190182234358;1344,6852641256787;650,0;0,13773240623858723
95,08333333333333;1014,2089076417412;1008,9756502076492;976,54508589604;0,7617968735214569;0,6802060063015218;130,9914927585652;1343,4626119991908;650,0;0,13760333214416423
95,16666666666667;1014,3399939110446;1009,1131247118306;976,8196512747777;0,7617968735214569;0,6802060063015218;130,83143585230061;1342,2422450769197;650,0;0,13747450418135088
95,25;1014,4709655944337;1009,2504706334621;977,0932881346101;0,7617968735214569;0,6802060063015218;130,67172998035232;1341,0241567822366;650,0;0,13734592163156145
95,33333333333333;1014,6018228920585;1009,3876882172412;977,3660012552884;0,7617968735214569;0,6802060063015218;130,5123740242891;1339,808340564793;650,0;0,13721758377910753
95,41666666666667;1014,7325660035455;1009,5247777071525;977,6377953948647;0,7617968735214569;0,6802060063015218;130,35336687043184;1338,5947899005657;650,0;0,1370894899112011
95,5;1014,8631951279981;1009,6617393464704;977,9086752897351;0,7617968735214569;0,6802060063015218;130,19470740982513;1337,3834982915469;650,0;0,13696163931792274
95,58333333333333;1014,9937104640005;1009,7985733777626;978,1786456546836;0,7617968735214569;0,6802060063015218;130,03639453819176;1336,1744592653297;650,0;0,13683403129217903
95,66666666666667;1015,1241122096177;1009,9352800428924;978,4477111829262;0,7617968735214569;0,6802060063015218;129,87842715594695;1334,9676663755677;650,0;0,13670666512974636
95,75;1015,2544005623985;1010,0718595830216;978,7158765461564;0,7617968735214569;0,6802060063015218;129,720804168133;1333,763113201515;650,0;0,13657954012922213
95,83333333333333;1015,3845757193762;1010,2083122386136;978,9831463945903;0,7617968735214569;0,6802060063015218;129,56352448442203;1332,5607933478655;650,0;0,1364526555920102
95,91666666666667;1015,5146378770716;1010,3446382494359;979,2495253570132;0,7617968735214569;0,6802060063015218;129,406587019065;1331,360700444516;650,0;0,13632601082229354
96,0;1015,6445872314937;1010,4808378545629;979,5150180408261;0,7617968735214569;0,6802060063015218;129,24999069089154;1330,1628281465373;650,0;0,1361996051270319
96,08333333333333;1015,7744239781423;1010,6169112923789;979,7796290320933;0,7617968735214569;0,6802060063015218;129,09373442327023;1328,9671701343204;650,0;0,1360734378159717
96,16666666666667;1015,9041483120092;1010,7528588005805;980,0433628955903;0,7617968735214569;0,6802060063015218;128,9378171440859;1327,773720112958;650,0;0,1359475082015859
96,25;1016,0337604275801;1010,8886806161796;980,3062241748526;0,7617968735214569;0,6802060063015218;128,7822377857168;1326,5824718123472;650,0;0,13582181559908207
96,33333333333333;1016,1632605188368;1011,024376975506;980,5682173922238;0,7617968735214569;0,6802060063015218;128,62699528501196;1325,3934189870708;650,0;0,13569635932638832
96,41666666666667;1016,292648779258;1011,1599481142101;980,8293470489066;0,7617968735214569;0,6802060063015218;128,47208858326837;1324,2065554162211;650,0;0,13557113870413562
96,5;1016,4219254018221;1011,2953942672658;981,0896176250117;0,7617968735214569;0,6802060063015218;128,31751662619695;1323,0218749034439;650,0;0,13544615305565813
96,58333333333333;1016,5510905790081;1011,4307156689728;981,3490335796091;0,7617968735214569;0,6802060063015218;128,16327836390826;1321,839371276362;650,0;0,13532140170693824
96,66666666666667;1016,6801445027977;1011,5659125529594;981,6075993507793;0,7617968735214569;0,6802060063015218;128,00937275088415;1320,6590383867833;650,0;0,1351968839866235
96,75;1016,809087364677;1011,7009851521855;981,8653193556643;0,7617968735214569;0,6802060063015218;127,85579874595783;1319,4808701107877;650,0;0,13507259922603257
96,83333333333333;1016,9379193556383;1011,8359336989446;982,1221979905204;0,7617968735214569;0,6802060063015218;127,70255531228827;1318,3048603479463;650,0;0,13494854675908022
96,91666666666667;1017,0666406661812;1011,9707584248669;982,3782396307706;0,7617968735214569;0,6802060063015218;127,5496414173432;1317,1310030218508;650,0;0,13482472592232508
97,0;1017,1952514863153;1012,1054595609218;982,6334486310576;0,7617968735214569;0,6802060063015218;127,39705603285927;1315,9592920796144;650,0;0,13470113605491926
97,08333333333333;1017,3237520055611;1012,2400373374204;982,8878293252973;0,7617968735214569;0,6802060063015218;127,24479813483924;1314,7897214918096;650,0;0,13457777649860234
97,16666666666667;1017,4521424129516;1012,3744919840182;983,1413860267329;0,7617968735214569;0,6802060063015218;127,09286670351787;1313,6222852526037;650,0;0,13445464659771086
97,25;1017,5804228970347;1012,5088237297173;983,3941230279894;0,7617968735214569;0,6802060063015218;126,94126072333631;1312,4569773791513;650,0;0,13433174569911924
97,33333333333333;1017,7085936458743;1012,6430328028696;983,6460446011282;0,7617968735214569;0,6802060063015218;126,78997918293646;1311,2937919117444;650,0;0,13420907315225317
97,41666666666667;1017,8366548470518;1012,7771194311787;983,8971549977026;0,7617968735214569;0,6802060063015218;126,63902107511831;1310,1327229139717;650,0;0,13408662830910056
97,5;1017,9646066876686;1012,9110838417029;984,1474584488135;0,7617968735214569;0,6802060063015218;126,48838539682856;1308,9737644719391;650,0;0,1339644105241378
97,58333333333333;1018,0924493543466;1013,0449262608572;984,3969591651653;0,7617968735214569;0,6802060063015218;126,33807114914362;1307,816910694829;650,0;0,13384241915438022
97,66666666666667;1018,2201830332309;1013,1786469144165;984,6456613371226;0,7617968735214569;0,6802060063015218;126,18807733723543;1306,6621557143098;650,0;0,1337206535593239
97,75;1018,3478079099905;1013,3122460275175;984,8935691347671;0,7617968735214569;0,6802060063015218;126,03840297036015;1305,5094936846845;650,0;0,1335991131009584
97,83333333333333;1018,4753241698205;1013,4457238246613;985,1406867079543;0,7617968735214569;0,6802060063015218;125,88904706182404;1304,3589187825203;650,0;0,1334777971437292
97,91666666666667;1018,6027319974438;1013,5790805297158;985,3870181863721;0,7617968735214569;0,6802060063015218;125,7400086289806;1303,2104252068273;650,0;0,13335670505455383
98,0;1018,7300315771122;1013,7123163659187;985,6325676795979;0,7617968735214569;0,6802060063015218;125,59128669319932;1302,0640071788796;650,0;0,13323583620280244
98,08333333333333;1018,8572230926081;1013,8454315558789;985,8773392771574;0,7617968735214569;0,6802060063015218;125,44288027983725;1300,9196589418625;650,0;0,13311518996026223
98,16666666666667;1018,9843067272468;1013,9784263215801;986,1213370485833;0,7617968735214569;0,6802060063015218;125,2947884182305;1299,777374760842;650,0;0,13299476570113367
98,25;1019,1112826638773;1014,1113008843821;986,364565043474;0,7617968735214569;0,6802060063015218;125,1470101416686;1298,6371489231637;650,0;0,13287456280206544
98,33333333333333;1019,2381510848837;1014,2440554650242;986,6070272915533;0,7617968735214569;0,6802060063015218;124,99954448738038;1297,498975737508;650,0;0,13275458064206513
98,41666666666667;1019,364912172188;1014,3766902836267;986,8487278027297;0,7617968735214569;0,6802060063015218;124,8523904964884;1296,3628495341854;650,0;0,13263481860252196
98,5;1019,4915661072499;1014,5092055596939;987,0896705671569;0,7617968735214569;0,6802060063015218;124,7055472140346;1295,2287646653874;650,0;0,13251527606723332
98,58333333333333;1019,6181130710703;1014,6416015121162;987,3298595552933;0,7617968735214569;0,6802060063015218;124,55901368890068;1294,0967155042856;650,0;0,1323959524223127
98,66666666666667;1019,7445532441914;1014,7738783591724;987,5692987179634;0,7617968735214569;0,6802060063015218;124,4127889738536;1292,9666964456967;650,0;0,13227684705625628
98,75;1019,8708868066984;1014,9060363185323;987,8079919864182;0,7617968735214569;0,6802060063015218;124,26687212547449;1291,8387019054765;650,0;0,1321579593598797
98,83333333333333;1019,9971139382219;1015,0380756072586;988,0459432723964;0,7617968735214569;0,6802060063015218;124,12126220415303;1290,7127263205205;650,0;0,13203928872631748
98,91666666666667;1020,1232348179386;1015,1699964418096;988,2831564681859;0,7617968735214569;0,6802060063015218;123,97595827408168;1289,5887641488225;650,0;0,1319208345510281
99,0;1020,2492496245733;1015,3017990380414;988,5196354466854;0,7617968735214569;0,6802060063015218;123,83095940322448;1288,466809869283;650,0;0,13180259623177318
99,08333333333333;1020,3751585363999;1015,43348361121;988,7553840614662;0,7617968735214569;0,6802060063015218;123,68626466329715;1287,3468579813546;650,0;0,13168457316858231
99,16666666666667;1020,5009617312438;1015,5650503759738;988,990406146835;0,7617968735214569;0,6802060063015218;123,54187312974716;1286,2289030054703;650,0;0,13156676476379156
99,25;1020,6266593864823;1015,6964995463958;989,2247055178956;0,7617968735214569;0,6802060063015218;123,39778388175091;1285,112939482394;650,0;0,13144917042198223
99,33333333333333;1020,7522516790467;1015,8278313359458;989,4582859706119;0,7617968735214569;0,6802060063015218;123,25399600216258;1283,998961973456;650,0;0,13133178954999822
99,41666666666667;1020,8777387854243;1015,9590459575028;989,6911512818707;0,7617968735214569;0,6802060063015218;123,11050857752264;1282,886965060392;650,0;0,1312146215569319
99,5;1021,0031208816587;1016,0901436233569;989,9233052095451;0,7617968735214569;0,6802060063015218;122,96732069803795;1281,7769433450758;650,0;0,13109766585409705
99,58333333333333;1021,1283981433523;1016,2211245452119;990,1547514925575;0,7617968735214569;0,6802060063015218;122,82443145754485;1280,6688914496233;650,0;0,13098092185503538
99,66666666666667;1021,2535707456674;1016,3519889341874;990,3854938509432;0,7617968735214569;0,6802060063015218;122,68183995351194;1279,5628040162455;650,0;0,1308643889755029
99,75;1021,378638863327;1016,4827370008209;990,6155359859144;0,7617968735214569;0,6802060063015218;122,53954528700035;1278,4586757071147;650,0;0,13074806663345367
99,83333333333333;1021,5036026706181;1016,6133689550699;990,8448815799239;0,7617968735214569;0,6802060063015218;122,39754656265234;1277,3565012041727;650,0;0,13063195424902124
99,91666666666667;1021,628462341391;1016,7438850063144;991,0735342967293;0,7617968735214569;0,6802060063015218;122,2558428887055;1276,2562752092492;650,0;0,13051605124453042
100,0;1021,753218049062;1016,8742853633588;991,3014977814572;0,7617968735214569;0,6802060063015218;122,11443337691605;1275,1579924437517;650,0;0,13040035704446162
100,08333333333333;1021,8778699666149;1017,0045702344343;991,5287756606679;0,7617968735214569;0,6802060063015218;121,97331714257871;1274,0616476487248;650,0;0,1302848710754582
100,16666666666667;1022,0024182666018;1017,1347398272005;991,7553715424199;0,7617968735214569;0,6802060063015218;121,83249330451531;1272,9672355847165;650,0;0,13016959276631265
100,25;1022,1268631211449;1017,2647943487484;991,9812890163348;0,7617968735214569;0,6802060063015218;121,69196098503221;1271,8747510315868;650,0;0,1300545215479451
100,33333333333333;1022,2512047019379;1017,3947340056018;992,2065316536623;0,7617968735214569;0,6802060063015218;121,55171930991173;1270,7841887886261;650,0;0,12993965685341338
100,41666666666667;1022,3754431802477;1017,5245590037197;992,4311030073452;0,7617968735214569;0,6802060063015218;121,41176740840365;1269,695543674112;650,0;0,12982499811787085
100,5;1022,4995787269147;1017,6542695484983;992,6550066120847;0,7617968735214569;0,6802060063015218;121,2721044131996;1268,6088105256338;650,0;0,1297105447785944
100,58333333333333;1022,6236115123558;1017,7838658447732;992,8782459844059;0,7617968735214569;0,6802060063015218;121,13272946041036;1267,523984199517;650,0;0,12959629627492847
100,66666666666667;1022,7475417065649;1017,9133480968216;993,1008246227233;0,7617968735214569;0,6802060063015218;120,99364168956299;1266,4410595714287;650,0;0,12948225204834152
100,75;1022,8713694791143;1018,0427165083639;993,3227460074064;0,7617968735214569;0,6802060063015218;120,8548402435838;1265,3600315355507;650,0;0,12936841154234707
100,83333333333333;1022,9950949991561;1018,1719712825665;993,5440136008456;0,7617968735214569;0,6802060063015218;120,71632426875851;1264,28089500486;650,0;0,12925477420252615
100,91666666666667;1023,118718435424;1018,301112622043;993,7646308475179;0,7617968735214569;0,6802060063015218;120,57809291474086;1263,2036449110994;650,0;0,12914133947652554
101,0;1023,2422399562339;1018,430140728857;993,9846011740533;0,7617968735214569;0,6802060063015218;120,44014533452412;1262,1282762044375;650,0;0,12902810681402313
101,08333333333333;1023,3656597294864;1018,5590558045238;994,2039279893005;0,7617968735214569;0,6802060063015218;120,3024806844212;1261,0547838534692;650,0;0,12891507566672641
101,16666666666667;1023,4889779226673;1018,6878580500122;994,4226146843932;0,7617968735214569;0,6802060063015218;120,16509812406468;1259,9831628453487;650,0;0,12880224548838462
101,25;1023,6121947028488;1018,816547665747;994,6406646328167;0,7617968735214569;0,6802060063015218;120,02799681637839;1258,913408185641;650,0;0,1286896157347723
101,33333333333333;1023,7353102366918;1018,9451248516106;994,8580811904739;0,7617968735214569;0,6802060063015218;119,8911759275461;1257,84551489754;650,0;0,1285771858636136
101,41666666666667;1023,8583246904464;1019,0735898069453;995,0748676957519;0,7617968735214569;0,6802060063015218;119,75463462703146;1256,779478023035;650,0;0,1284649553346927
101,5;1023,9812382299534;1019,2019427305551;995,2910274695888;0,7617968735214569;0,6802060063015218;119,61837208752684;1255,7152926217739;650,0;0,12835292360974318
101,58333333333333;1024,1040510206467;1019,3301838207076;995,5065638155401;0,7617968735214569;0,6802060063015218;119,48238748495896;1254,652953771358;650,0;0,12824109015247584
101,66666666666667;1024,226763227552;1019,4583132751362;995,7214800198451;0,7617968735214569;0,6802060063015218;119,34667999847761;1253,5924565675484;650,0;0,1281294544285972
101,75;1024,349375015292;1019,5863312910419;995,9357793514943;0,7617968735214569;0,6802060063015218;119,21124881039589;1252,533796123426;650,0;0,12801801590572517
101,83333333333333;1024,4718865480838;1019,7142380650954;996,1494650622956;0,7617968735214569;0,6802060063015218;119,07609310625276;1251,4769675702169;650,0;0,12790677405347234
101,91666666666667;1024,594297989743;1019,8420337934388;996,3625403869416;0,7617968735214569;0,6802060063015218;118,94121207471073;1250,4219660564652;650,0;0,12779572834335884
102,0;1024,7166095036832;1019,9697186716876;996,5750085430764;0,7617968735214569;0,6802060063015218;118,8066049076042;1249,3687867484039;650,0;0,1276848782488517
102,08333333333333;1024,8388212529196;1020,0972928949329;996,786872731362;0,7617968735214569;0,6802060063015218;118,67227079989107;1248,31742482954;650,0;0,12757422324532147
102,16666666666667;1024,960933400067;1020,224756657743;996,9981361355462;0,7617968735214569;0,6802060063015218;118,53820894966702;1247,267875501039;650,0;0,12746376281007965
102,25;1025,0829461073445;1020,3521101541653;997,208801922529;0,7617968735214569;0,6802060063015218;118,40441855810013;1246,2201339810015;650,0;0,1273534964223048
102,33333333333333;1025,2048595365738;1020,4793535777284;997,4188732424298;0,7617968735214569;0,6802060063015218;118,27089882947917;1245,1741955050823;650,0;0,12724342356310506
102,41666666666667;1025,3266738491834;1020,6064871214438;997,6283532286544;0,7617968735214569;0,6802060063015218;118,13764897113685;1244,1300553255915;650,0;0,12713354371542693
102,5;1025,4483892062071;1020,733510977808;997,8372449979623;0,7617968735214569;0,6802060063015218;118,00466819348969;1243,0877087125414;650,0;0,12702385636415678
102,58333333333333;1025,5700057682873;1020,860425338804;998,0455516505335;0,7617968735214569;0,6802060063015218;117,87195570997824;1242,0471509522736;650,0;0,12691436099598719
102,66666666666667;1025,6915236956754;1020,9872303959036;998,2532762700357;0,7617968735214569;0,6802060063015218;117,73951073708133;1241,0083773482277;650,0;0,12680505709948986
102,75;1025,812943148233;1021,1139263400687;998,4604219236917;0,7617968735214569;0,6802060063015218;117,6073324942962;1239,9713832209547;650,0;0,1266959441651152
102,83333333333333;1025,934264285434;1021,2405133617539;998,6669916623459;0,7617968735214569;0,6802060063015218;117,4754202041072;1238,9361639073504;650,0;0,1265870216851177
102,91666666666667;1026,055487266364;1021,3669916509075;998,8729885205323;0,7617968735214569;0,6802060063015218;117,34377309200283;1237,902714761201;650,0;0,1264782891536085
103,0;1026,1766122497243;1021,493361396974;999,0784155165406;0,7617968735214569;0,6802060063015218;117,21239038641329;1236,8710311524299;650,0;0,12636974606647935
103,08333333333333;1026,2976393938302;1021,6196227888955;999,2832756524841;0,7617968735214569;0,6802060063015218;117,08127131875585;1235,8411084683094;650,0;0,12626139192151978
103,16666666666667;1026,418568856615;1021,7457760151137;999,4875719143662;0,7617968735214569;0,6802060063015218;116,95041512336672;1234,812942111526;650,0;0,12615322621823033
103,25;1026,5394007956286;1021,8718212635717;999,6913072721479;0,7617968735214569;0,6802060063015218;116,81982103752944;1233,786527501848;650,0;0,12604524845798065
103,33333333333333;1026,6601353680412;1021,9977587217156;999,8944846798147;0,7617968735214569;0,6802060063015218;116,68948830142085;1232,7618600749458;650,0;0,1259374581438946
103,41666666666667;1026,7807727306426;1022,1235885764966;1000,0971070754434;0,7617968735214569;0,6802060063015218;116,55941615813958;1231,7389352830996;650,0;0,1258298547809187
103,5;1026,9013130398444;1022,2493110143723;1000,2991773812695;0,7617968735214569;0,6802060063015218;116,429603853652;1230,7177485940629;650,0;0,12572243787571122
103,58333333333333;1027,021756451681;1022,374926221309;1000,5006985037536;0,7617968735214569;0,6802060063015218;116,30005063680073;1229,6982954920072;650,0;0,1256152069367311
103,66666666666667;1027,1421031218113;1022,5004343827833;1000,7016733336488;0,7617968735214569;0,6802060063015218;116,17075575930187;1228,68057147733;650,0;0,1255081614742196
103,75;1027,2623532055181;1022,6258356837834;1000,9021047460674;0,7617968735214569;0,6802060063015218;116,04171847569944;1227,6645720658141;650,0;0,12540130100011793
103,83333333333333;1027,3825068577125;1022,7511303088115;1001,1019956005474;0,7617968735214569;0,6802060063015218;115,91293804336829;1226,650292789453;650,0;0,12529462502814412
103,91666666666667;1027,5025642329315;1022,8763184418852;1001,3013487411199;0,7617968735214569;0,6802060063015218;115,78441372252541;1225,6377291959795;650,0;0,12518813307375048
104,0;1027,6225254853416;1023,0014002665393;1001,5001669963752;0,7617968735214569;0,6802060063015218;115,65614477615611;1224,626876848393;650,0;0,1250818246540724
104,08333333333333;1027,7423907687398;1023,1263759658274;1001,6984531795301;0,7617968735214569;0,6802060063015218;115,52813047005657;1223,6177313257122;650,0;0,12497569928800248
104,16666666666667;1027,8621602365533;1023,2512457223236;1001,8962100884938;0,7617968735214569;0,6802060063015218;115,40037007281114;1222,6102882225914;650,0;0,12486975649615292
104,25;1027,9818340418428;1023,3760097181244;1002,0934405059351;0,7617968735214569;0,6802060063015218;115,27286285574405;1221,604543148745;650,0;0,12476399580079689
104,33333333333333;1028,101412337301;1023,5006681348503;1002,2901471993482;0,7617968735214569;0,6802060063015218;115,145608092962;1220,600491729626;650,0;0,1246584167259362
104,41666666666667;1028,2208952752571;1023,6252211536475;1002,4863329211199;0,7617968735214569;0,6802060063015218;115,01860506126889;1219,598129605806;650,0;0,12455301879723522
104,5;1028,3402830076748;1023,7496689551896;1002,6820004085954;0,7617968735214569;0,6802060063015218;114,89185304023977;1218,5974524333162;650,0;0,12444780154205977
104,58333333333333;1028,4595756861552;1023,8740117196791;1002,8771523841447;0,7617968735214569;0,6802060063015218;114,76535131212984;1217,5984558832906;650,0;0,12434276448943521
104,66666666666667;1028,578773461938;1023,9982496268491;1003,0717915552285;0,7617968735214569;0,6802060063015218;114,63909916190289;1216,6011356417762;650,0;0,12423790717003137
104,75;1028,6978764859018;1024,1223828559653;1003,2659206144651;0,7617968735214569;0,6802060063015218;114,51309587722278;1215,6054874104254;650,0;0,12413322911622668
104,83333333333333;1028,8168849085655;1024,2464115858272;1003,4595422396957;0,7617968735214569;0,6802060063015218;114,38734074841364;1214,611506905346;650,0;0,12402872986199664
104,91666666666667;1028,9357988800903;1024,3703359947701;1003,6526590940504;0,7617968735214569;0,6802060063015218;114,26183306845701;1213,6191898576453;650,0;0,12392440894296466
105,0;1029,0546185502797;1024,4941562606666;1003,8452738260142;0,7617968735214569;0,6802060063015218;114,13657213300326;1212,6285320135653;650,0;0,12382026589641572
105,08333333333333;1029,1733440685812;1024,617872560928;1004,0373890694932;0,7617968735214569;0,6802060063015218;114,01155724032606;1211,639529133861;650,0;0,12371630026123394
105,16666666666667;1029,2919755840871;1024,7414850725058;1004,2290074438793;0,7617968735214569;0,6802060063015218;113,88678769133094;1210,652176994318;650,0;0,12361251157795189
105,25;1029,410513245536;1024,8649939718946;1004,4201315541164;0,7617968735214569;0,6802060063015218;113,76226278953254;1209,666471385087;650,0;0,12350889938868617
105,33333333333333;1029,5289572013141;1024,9883994351317;1004,6107639907661;0,7617968735214569;0,6802060063015218;113,63798184103757;1208,682408110996;650,0;0,12340546323716511
105,41666666666667;1029,6473075994554;1025,1117016378005;1004,8009073300724;0,7617968735214569;0,6802060063015218;113,51394415456184;1207,6999829913257;650,0;0,1233022026687093
105,5;1029,765564587644;1025,2349007550308;1004,9905641340272;0,7617968735214569;0,6802060063015218;113,39014904137343;1206,7191918601818;650,0;0,12319911723026108
105,58333333333333;1029,8837283132134;1025,3579969615012;1005,1797369504355;0,7617968735214569;0,6802060063015218;113,26659581532681;1205,7400305655776;650,0;0,12309620647030206
105,66666666666667;1030,0017989231505;1025,48099043144;1005,3684283129809;0,7617968735214569;0,6802060063015218;113,14328379280596;1204,7624949700105;650,0;0,12299346993890167
105,75;1030,1197765640939;1025,6038813386276;1005,5566407412894;0,7617968735214569;0,6802060063015218;113,0202122927642;1203,7865809506977;650,0;0,12289090718774288
105,83333333333333;1030,237661382336;1025,7266698563976;1005,7443767409953;0,7617968735214569;0,6802060063015218;112,89738063665595;1202,8122843982487;650,0;0,12278851776999179
105,91666666666667;1030,3554535238247;1025,849356157638;1005,9316388038054;0,7617968735214569;0,6802060063015218;112,77478814845949;1201,8396012181397;650,0;0,12268630124043761
106,0;1030,4731531341636;1025,9719404147936;1006,1184294075637;0,7617968735214569;0,6802060063015218;112,65243415466557;1200,8685273296235;650,0;0,12258425715538965
106,08333333333333;1030,5907603586138;1026,0944227998664;1006,3047510163154;0,7617968735214569;0,6802060063015218;112,530317984249;1199,899058665845;650,0;0,12248238507268555
106,16666666666667;1030,708275342094;1026,216803484418;1006,4906060803721;0,7617968735214569;0,6802060063015218;112,40843896868569;1198,9311911742864;650,0;0,12238068455173438
106,25;1030,8256982291828;1026,3390826395714;1006,6759970363752;0,7617968735214569;0,6802060063015218;112,28679644190152;1197,9649208158799;650,0;0,12227915515342912
106,33333333333333;1030,9430291641188;1026,4612604360116;1006,8609263073604;0,7617968735214569;0,6802060063015218;112,16538974028367;1197,0002435657907;650,0;0,12217779644022064
106,41666666666667;1031,060268290802;1026,5833370439875;1007,0453963028214;0,7617968735214569;0,6802060063015218;112,04421820268067;1196,037155412694;650,0;0,12207660797605042
106,5;1031,1774157527952;1026,705312633314;1007,2294094187739;0,7617968735214569;0,6802060063015218;111,92328117036254;1195,0756523590837;650,0;0,12197558932637559
106,58333333333333;1031,2944716933248;1026,827187373372;1007,4129680378192;0,7617968735214569;0,6802060063015218;111,80257798703224;1194,1157304210233;650,0;0,12187474005814662
106,66666666666667;1031,4114362552807;1026,948961433112;1007,5960745292075;0,7617968735214569;0,6802060063015218;111,6821079988199;1193,157385628528;650,0;0,12177405973984252
106,75;1031,5283095812197;1027,0706349810532;1007,7787312489017;0,7617968735214569;0,6802060063015218;111,56187055422038;1192,2006140245023;650,0;0,12167354794136603
106,83333333333333;1031,6450918133644;1027,1922081852874;1007,9609405396407;0,7617968735214569;0,6802060063015218;111,4418650041614;1191,245411666085;650,0;0,12157320423417523
106,91666666666667;1031,7617830936058;1027,3136812134785;1008,1427047310016;0,7617968735214569;0,6802060063015218;111,32209070192403;1190,2917746229775;650,0;0,12147302819112027
107,0;1031,8783835635033;1027,435054232865;1008,3240261394639;0,7617968735214569;0,6802060063015218;111,20254700318242;1189,3396989789833;650,0;0,12137301938659066
107,08333333333333;1031,994893364286;1027,5563274102615;1008,5049070684713;0,7617968735214569;0,6802060063015218;111,08323326595837;1188,3891808310743;650,0;0,12127317739642403
107,16666666666667;1032,1113126368539;1027,6775009120593;1008,6853498084953;0,7617968735214569;0,6802060063015218;110,96414885061563;1187,4402162889944;650,0;0,12117350179786845
107,25;1032,2276415217787;1027,7985749042289;1008,8653566370969;0,7617968735214569;0,6802060063015218;110,84529311986557;1186,4928014762186;650,0;0,12107399216967257
107,33333333333333;1032,3438801593047;1027,9195495523209;1009,0449298189893;0,7617968735214569;0,6802060063015218;110,72666543874448;1185,5469325291403;650,0;0,12097464809200761
107,41666666666667;1032,460028689351;1028,0404250214674;1009,2240716061003;0,7617968735214569;0,6802060063015218;110,60826517459645;1184,602605596984;650,0;0,12087546914645764
107,5;1032,5760872515111;1028,1612014763834;1009,402784237634;0,7617968735214569;0,6802060063015218;110,49009169709052;1183,659816842424;650,0;0,12077645491607891
107,58333333333333;1032,6920559850532;1028,2818790813687;1009,5810699401329;0,7617968735214569;0,6802060063015218;110,37214437819216;1182,7185624410688;650,0;0,12067760498534899
107,66666666666667;1032,807935028924;1028,4024580003088;1009,7589309275397;0,7617968735214569;0,6802060063015218;110,25442259211218;1181,7788385808253;650,0;0,12057891894010289
107,75;1032,9237245217473;1028,5229383966764;1009,9363694012587;0,7617968735214569;0,6802060063015218;110,13692571538058;1180,840641463066;650,0;0,12048039636764858
107,83333333333333;1033,0394246018259;1028,643320433533;1010,1133875502175;0,7617968735214569;0,6802060063015218;110,01965312677271;1179,9039673018754;650,0;0,12038203685669004
107,91666666666667;1033,1550354071428;1028,7636042735303;1010,2899875509277;0,7617968735214569;0,6802060063015218;109,90260420732056;1178,9688123237697;650,0;0,120283839997302
108,0;1033,270557075361;1028,8837900789113;1010,4661715675468;0,7617968735214569;0,6802060063015218;109,78577834031285;1178,0351727684058;650,0;0,12018580538099609
108,08333333333333;1033,385989743826;1029,003878011512;1010,6419417519385;0,7617968735214569;0,6802060063015218;109,66917491124377;1177,103044887621;650,0;0,12008793260062664
108,16666666666667;1033,5013335495657;1029,1238682327623;1010,8173002437336;0,7617968735214569;0,6802060063015218;109,55279330785288;1176,1724249460096;650,0;0,11999022125044793
108,25;1033,6165886292924;1029,2437609036883;1010,9922491703909;0,7617968735214569;0,6802060063015218;109,43663292008523;1175,2433092207152;650,0;0,11989267092609134
108,33333333333333;1033,7317551194028;1029,3635561849128;1011,1667906472572;0,7617968735214569;0,6802060063015218;109,32069314010278;1174,315694001372;650,0;0,11979528122456075
108,41666666666667;1033,8468331559789;1029,483254236657;1011,3409267776279;0,7617968735214569;0,6802060063015218;109,20497336225026;1173,3895755900028;650,0;0,11969805174421995
108,5;1033,96182287479;1029,602855218742;1011,5146596528068;0,7617968735214569;0,6802060063015218;109,08947298304383;1172,4649503008243;650,0;0,11960098208477338
108,58333333333333;1034,0767244112926;1029,7223592905893;1011,6879913521661;0,7617968735214569;0,6802060063015218;108,9741914011995;1171,5418144606633;650,0;0,11950407184730759
108,66666666666667;1034,1915379006323;1029,8417666112236;1011,8609239432064;0,7617968735214569;0,6802060063015218;108,85912801758195;1170,6201644082316;650,0;0,11940732063421884
108,75;1034,3062634776438;1029,9610773392728;1012,033459481616;0,7617968735214569;0,6802060063015218;108,7442822352159;1169,6999964948352;650,0;0,1193107280492803
108,83333333333333;1034,4209012768526;1030,0802916329703;1012,20560001133;0,7617968735214569;0,6802060063015218;108,62965345927478;1168,7813070837833;650,0;0,11921429369758595
108,91666666666667;1034,5354514324754;1030,1994096501558;1012,3773475645903;0,7617968735214569;0,6802060063015218;108,51524109705792;1167,8640925502712;650,0;0,11911801718553733
109,0;1034,6499140784215;1030,3184315482767;1012,5487041620038;0,7617968735214569;0,6802060063015218;108,40104455799064;1166,9483492819102;650,0;0,11902189812089319
109,08333333333333;1034,7642893482935;1030,4373574843894;1012,7196718126016;0,7617968735214569;0,6802060063015218;108,2870632536185;1166,0340736778437;650,0;0,1189259361126863
109,16666666666667;1034,8785773753884;1030,5561876151608;1012,890252513898;0,7617968735214569;0,6802060063015218;108,17329659760162;1165,1212621497498;650,0;0,11883013077131671
109,25;1034,992778292698;1030,6749220968693;1013,0604482519482;0,7617968735214569;0,6802060063015218;108,05974400569198;1164,2099111207929;650,0;0,11873448170845147
109,33333333333333;1035,1068922329107;1030,7935610854063;1013,2302610014074;0,7617968735214569;0,6802060063015218;107,94640489571634;1163,3000170258758;650,0;0,11863898853704692
109,41666666666667;1035,2209193284116;1030,9121047362776;1013,3996927255884;0,7617968735214569;0,6802060063015218;107,83327868761035;1162,391576312082;650,0;0,11854365087139285
109,5;1035,334859711284;1031,0305532046045;1013,5687453765197;0,7617968735214569;0,6802060063015218;107,72036480335032;1161,4845854381288;650,0;0,11844846832705527
109,58333333333333;1035,44871351331;1031,1489066451254;1013,7374208950033;0,7617968735214569;0,6802060063015218;107,60766266698738;1160,5790408741473;650,0;0,118353440520859
109,66666666666667;1035,5624808659713;1031,2671652121962;1013,9057212106723;0,7617968735214569;0,6802060063015218;107,49517170461331;1159,6749391021976;650,0;0,11825856707093262
109,75;1035,6761619004512;1031,3853290597929;1014,0736482420479;0,7617968735214569;0,6802060063015218;107,38289134437764;1158,7722766159159;650,0;0,11816384759667702
109,83333333333333;1035,7897567476336;1031,5033983415117;1014,241203896597;0,7617968735214569;0,6802060063015218;107,2708210164592;1157,8710499204392;650,0;0,11806928171875582
109,91666666666667;1035,9032655381052;1031,6213732105707;1014,4083900707891;0,7617968735214569;0,6802060063015218;107,15896015304907;1156,9712555323622;650,0;0,11797486905908972
110,0;1036,0166884021564;1031,7392538198117;1014,5752086501531;0,7617968735214569;0,6802060063015218;107,04730818836197;1156,0728899797223;650,0;0,11788060924085617
110,08333333333333;1036,1300254697821;1031,8570403217002;1014,7416615093337;0,7617968735214569;0,6802060063015218;106,93586455861919;1155,175949802102;650,0;0,11778650188849733
110,16666666666667;1036,2432768706817;1031,974732868328;1014,907750512148;0,7617968735214569;0,6802060063015218;106,82462870204859;1154,2804315503352;650,0;0,11769254662769263
110,25;1036,3564427342612;1032,0923316114133;1015,0734775116421;0,7617968735214569;0,6802060063015218;106,7136000588448;1153,3863317864023;650,0;0,11759874308534536
110,33333333333333;1036,4695231896337;1032,209836702303;1015,2388443501462;0,7617968735214569;0,6802060063015218;106,60277807119769;1152,493647083963;650,0;0,11750509088963493
110,41666666666667;1036,5825183656202;1032,3272482919729;1015,4038528593316;0,7617968735214569;0,6802060063015218;106,49216218326956;1151,6023740274693;650,0;0,117411589669932
110,5;1036,6954283907498;1032,4445665310297;1015,5685048602652;0,7617968735214569;0,6802060063015218;106,38175184118381;1150,7125092128754;650,0;0,11731823905686371
110,58333333333333;1036,8082533932622;1032,561791569712;1015,732802163466;0,7617968735214569;0,6802060063015218;106,27154649300223;1149,8240492470015;650,0;0,11722503868225227
110,66666666666667;1036,9209935011072;1032,6789235578913;1015,8967465689595;0,7617968735214569;0,6802060063015218;106,16154558875337;1148,936990747683;650,0;0,11713198817913126
110,75;1037,0336488419457;1032,7959626450731;1016,0603398663336;0,7617968735214569;0,6802060063015218;106,05174858039845;1148,0513303443295;650,0;0,1170390871817949
110,83333333333333;1037,1462195431513;1032,912908980399;1016,2235838347926;0,7617968735214569;0,6802060063015218;105,94215492181434;1147,167064676716;650,0;0,1169463353256835
110,91666666666667;1037,2587057318103;1033,0297627126463;1016,3864802432126;0,7617968735214569;0,6802060063015218;105,83276406881055;1146,2841903957506;650,0;0,11685373224745677
111,0;1037,3711075347237;1033,1465239902313;1016,5490308501955;0,7617968735214569;0,6802060063015218;105,72357547910087;1145,4027041632357;650,0;0,11676127758496876
111,08333333333333;1037,4834250784065;1033,2631929612087;1016,7112374041236;0,7617968735214569;0,6802060063015218;105,61458861230903;1144,5226026520345;650,0;0,1166689709772841
111,16666666666667;1037,59565848909;1033,3797697732732;1016,8731016432134;0,7617968735214569;0,6802060063015218;105,50580292994596;1143,6438825455946;650,0;0,11657681206463127
111,25;1037,7078078927218;1033,4962545737617;1017,0346252955698;0,7617968735214569;0,6802060063015218;105,39721789542114;1142,7665405381133;650,0;0,11648480048841924
111,33333333333333;1037,8198734149667;1033,612647509653;1017,1958100792394;0,7617968735214569;0,6802060063015218;105,28883297400284;1141,8905733343884;650,0;0,11639293589121961
111,41666666666667;1037,9318551812082;1033,7289487275698;1017,3566577022644;0,7617968735214569;0,6802060063015218;105,18064763284087;1141,0159776502614;650,0;0,11630121791681035
111,5;1038,0437533165486;1033,84515837378;1017,5171698627357;0,7617968735214569;0,6802060063015218;105,07266134096085;1140,1427502120273;650,0;0,11620964621011996
111,58333333333333;1038,15556794581;1033,9612765941972;1017,6773482488459;0,7617968735214569;0,6802060063015218;104,96487356921875;1139,2708877565524;650,0;0,1161182204172344
111,66666666666667;1038,2672991935353;1034,0773035343825;1017,8371945389421;0,7617968735214569;0,6802060063015218;104,85728379031798;1138,4003870307874;650,0;0,11602694018535313
111,75;1038,3789471839896;1034,1932393395455;1017,996710401579;0,7617968735214569;0,6802060063015218;104,7498914788207;1137,5312447930069;650,0;0,1159358051629059
111,83333333333333;1038,4905120411595;1034,309084154545;1018,1558974955711;0,7617968735214569;0,6802060063015218;104,6426961111024;1136,6634578113928;650,0;0,11584481499941626
111,91666666666667;1038,6019938887555;1034,4248381238906;1018,3147574700449;0,7617968735214569;0,6802060063015218;104,53569716536322;1135,7970228646836;650,0;0,11575396934556326
112,0;1038,7133928502117;1034,5405013917439;1018,4732919644913;0,7617968735214569;0,6802060063015218;104,4288941216223;1134,931936742027;650,0;0,11566326785316713
112,08333333333333;1038,8247090486875;1034,656074101919;1018,631502608817;0,7617968735214569;0,6802060063015218;104,32228646169506;1134,0681962427427;650,0;0,11557271017516509
112,16666666666667;1038,9359426070678;1034,7715563978848;1018,7893910233965;0,7617968735214569;0,6802060063015218;104,21587366921017;1133,2057981766784;650,0;0,115482295965646
112,25;1039,047093647964;1034,8869484227646;1018,9469588191239;0,7617968735214569;0,6802060063015218;104,10965522957554;1132,3447393636325;650,0;0,11539202487979354
112,33333333333333;1039,1581622937147;1035,0022503193386;1019,1042075974634;0,7617968735214569;0,6802060063015218;104,00363062998395;1131,4850166337092;650,0;0,11530189657391969
112,41666666666667;1039,269148666387;1035,117462230044;1019,261138950501;0,7617968735214569;0,6802060063015218;103,89779935940169;1130,6266268273184;650,0;0,1152119107054637
112,5;1039,3800528877766;1035,2325842969772;1019,4177544609952;0,7617968735214569;0,6802060063015218;103,79216090857426;1129,7695667948653;650,0;0,11512206693296373
112,58333333333333;1039,4908750794093;1035,3476166618932;1019,5740557024272;0,7617968735214569;0,6802060063015218;103,68671476998657;1128,9138333966628;650,0;0,11503236491604481
112,66666666666667;1039,6016153625412;1035,4625594662086;1019,7300442390524;0,7617968735214569;0,6802060063015218;103,5814604379027;1128,059423503609;650,0;0,11494280431548602
112,75;1039,7122738581595;1035,5774128510018;1019,8857216259496;0,7617968735214569;0,6802060063015218;103,47639740831482;1127,206333995845;650,0;0,11485338479309018
112,83333333333333;1039,822850686984;1035,6921769570135;1020,0410894090718;0,7617968735214569;0,6802060063015218;103,3715251789431;1126,3545617638915;650,0;0,11476410601179016
112,91666666666667;1039,9333459694672;1035,8068519246492;1020,1961491252954;0,7617968735214569;0,6802060063015218;103,26684324926418;1125,5041037082499;650,0;0,11467496763561409
113,0;1040,0437598257952;1035,921437893979;1020,3509023024706;0,7617968735214569;0,6802060063015218;103,16235112044865;1124,6549567390628;650,0;0,11458596932964804
113,08333333333333;1040,1540923758887;1036,035935004739;1020,50535045947;0,7617968735214569;0,6802060063015218;103,05804829540648;1123,8071177763059;650,0;0,11449711076005807
113,16666666666667;1040,264343739404;1036,150343396333;1020,6594951062389;0,7617968735214569;0,6802060063015218;102,9539342787416;1122,9605837499948;650,0;0,11440839159410526
113,25;1040,3745140357328;1036,264663207833;1020,8133377438431;0,7617968735214569;0,6802060063015218;102,8500085767746;1122,1153515997864;650,0;0,11431981150011068
113,33333333333333;1040,4846033840042;1036,3788945779806;1020,966879864519;0,7617968735214569;0,6802060063015218;102,74627069749158;1121,271418274861;650,0;0,11423137014743961
113,41666666666667;1040,5946119030846;1036,493037645187;1021,1201229517211;0,7617968735214569;0,6802060063015218;102,64272015058964;1120,4287807342312;650,0;0,11414306720653467
113,5;1040,7045397115787;1036,607092547536;1021,2730684801711;0,7617968735214569;0,6802060063015218;102,53935644743706;1119,5874359467289;650,0;0,11405490234891073
113,58333333333333;1040,8143869278308;1036,7210594227831;1021,4257179159061;0,7617968735214569;0,6802060063015218;102,43617910106764;1118,7473808902655;650,0;0,1139668752470855
113,66666666666667;1040,9241536699246;1036,8349384083579;1021,5780727163265;0,7617968735214569;0,6802060063015218;102,33318762619206;1117,908612552896;650,0;0,11387898557467983
113,75;1041,0338400556843;1036,9487296413643;1021,7301343302435;0,7617968735214569;0,6802060063015218;102,23038153916946;1117,0711279319478;650,0;0,11379123300633369
113,83333333333333;1041,1434462026764;1037,062433258582;1021,8819041979273;0,7617968735214569;0,6802060063015218;102,12776035800175;1116,2349240338424;650,0;0,11370361721768919
113,91666666666667;1041,252972228209;1037,1760493964673;1022,0333837511542;0,7617968735214569;0,6802060063015218;102,02532360236205;1115,3999978751306;650,0;0,11361613788548959
114,0;1041,3624182493331;1037,2895781911548;1022,184574413254;0,7617968735214569;0,6802060063015218;101,9230707935435;1114,5663464813688;650,0;0,11352879468746993
114,08333333333333;1041,4717843828435;1037,403019778457;1022,3354775991565;0,7617968735214569;0,6802060063015218;101,82100145445929;1113,7339668875632;650,0;0,1134415873023982
114,16666666666667;1041,5810707452792;1037,516374293867;1022,4860947154391;0,7617968735214569;0,6802060063015218;101,7191151096597;1112,90285613811;650,0;0,11335451541007159
114,25;1041,6902774529249;1037,6296418725583;1022,6364271603725;0,7617968735214569;0,6802060063015218;101,61741128530366;1112,0730112864123;650,0;0,11326757869127793
114,33333333333333;1041,7994046218103;1037,7428226493862;1022,7864763239679;0,7617968735214569;0,6802060063015218;101,51588950916448;1111,2444293955725;650,0;0,11318077682786093
114,41666666666667;1041,908452367713;1037,8559167588887;1022,9362435880229;0,7617968735214569;0,6802060063015218;101,41454931060139;1110,4171075373752;650,0;0,11309410950262257
114,5;1042,0174208061571;1037,9689243352882;1023,0857303261672;0,7617968735214569;0,6802060063015218;101,31339022060502;1109,5910427935412;650,0;0,11300757639944434
114,58333333333333;1042,1263100524152;1038,0818455124913;1023,234937903909;0,7617968735214569;0,6802060063015218;101,21241177172351;1108,7662322541782;650,0;0,11292117720313588
114,66666666666667;1042,2351202215089;1038,1946804240908;1023,3838676786798;0,7617968735214569;0,6802060063015218;101,11161349809663;1107,9426730189014;650,0;0,11283491159954251
114,75;1042,3438514282084;1038,3074292033664;1023,5325209998808;0,7617968735214569;0,6802060063015218;101,01099493545007;1107,1203621964064;650,0;0,11274877927550514
114,83333333333333;1042,4525037870353;1038,4200919832851;1023,680899208927;0,7617968735214569;0,6802060063015218;100,91055562104998;1106,299296904159;650,0;0,11266277991882681
114,91666666666667;1042,5610774122624;1038,5326688965035;1023,829003639293;0,7617968735214569;0,6802060063015218;100,81029509375412;1105,4794742687795;650,0;0,11257691321831348
115,0;1042,669572417913;1038,6451600753674;1023,9768356165573;0,7617968735214569;0,6802060063015218;100,71021289397208;1104,6608914261597;650,0;0,11249117886378121
115,08333333333333;1042,7779889177637;1038,7575656519134;1024,1243964584473;0,7617968735214569;0,6802060063015218;100,61030856364255;1103,8435455204742;650,0;0,11240557654596174
115,16666666666667;1042,8863270253448;1038,86988575787;1024,2716874748833;0,7617968735214569;0,6802060063015218;100,51058164625601;1103,0274337051405;650,0;0,11232010595659424
115,25;1042,9945868539396;1038,9821205246583;1024,418709968023;0,7617968735214569;0,6802060063015218;100,41103168687187;1102,2125531428483;650,0;0,11223476678842959
115,33333333333333;1043,1027685165864;1039,0942700833934;1024,565465232305;0,7617968735214569;0,6802060063015218;100,3116582320331;1101,3989010044515;650,0;0,11214955873511906
115,41666666666667;1043,2108721260788;1039,2063345648846;1024,7119545544936;0,7617968735214569;0,6802060063015218;100,21246082982316;1100,586474469826;650,0;0,11206448149129969
115,5;1043,3188977949662;1039,3183140996373;1024,8581792137209;0,7617968735214569;0,6802060063015218;100,11343902985459;1099,7752707277796;650,0;0,11197953475258476
115,58333333333333;1043,4268456355553;1039,4302088178529;1025,0041404815313;0,7617968735214569;0,6802060063015218;100,01459238322354;1098,9652869753884;650,0;0,1118947182154977
115,66666666666667;1043,53471575991;1039,5420188494304;1025,1498396219245;0,7617968735214569;0,6802060063015218;99,91592044256095;1098,1565204188526;650,0;0,1118100315775566
115,75;1043,6425082798514;1039,6537443239677;1025,2952778913982;0,7617968735214569;0,6802060063015218;99,81742276198702;1097,3489682730399;650,0;0,11172547453722746
115,83333333333333;1043,7502233069613;1039,7653853707616;1025,4404565389912;0,7617968735214569;0,6802060063015218;99,71909889709423;1096,5426277610413;650,0;0,11164104679388118
115,91666666666667;1043,8578609525794;1039,8769421188094;1025,5853768063255;0,7617968735214569;0,6802060063015218;99,62094840499276;1095,7374961149692;650,0;0,11155674804787212
116,0;1043,9654213278063;1039,98841469681;1025,7300399276494;0,7617968735214569;0,6802060063015218;99,522970844248;1094,9335705751298;650,0;0,11147257800045522
116,08333333333333;1044,0729045435037;1040,0998032331638;1025,874447129879;0,7617968735214569;0,6802060063015218;99,42516577490892;1094,1308483906148;650,0;0,1113885363538437
116,16666666666667;1044,1803107102942;1040,211107855975;1026,0185996326406;0,7617968735214569;0,6802060063015218;99,32753275849677;1093,3293268188133;650,0;0,1113046228111626
116,25;1044,2876399385632;1040,3223286930513;1026,162498648313;0,7617968735214569;0,6802060063015218;99,2300713579823;1092,5290031256482;650,0;0,11122083707646863
116,33333333333333;1044,394892338459;1040,433465871906;1026,3061453820674;0,7617968735214569;0,6802060063015218;99,13278113779711;1091,7298745854139;650,0;0,11113717885473609
116,41666666666667;1044,5020680198934;1040,5445195197578;1026,4495410319107;0,7617968735214569;0,6802060063015218;99,03566166382234;1090,9319384807914;650,0;0,11105364785185727
116,5;1044,6091670925425;1040,6554897635324;1026,592686788726;0,7617968735214569;0,6802060063015218;98,93871250338862;1090,1351921029948;650,0;0,11097024377465606
116,58333333333333;1044,7161896658474;1040,7663767298632;1026,7355838363133;0,7617968735214569;0,6802060063015218;98,84193322525334;1089,3396327513005;650,0;0,11088696633084191
116,66666666666667;1044,8231358490152;1040,8771805450922;1026,8782333514305;0,7617968735214569;0,6802060063015218;98,74532339960638;1088,5452577332967;650,0;0,11080381522903365
116,75;1044,9300057510186;1040,987901335271;1027,0206365038343;0,7617968735214569;0,6802060063015218;98,64888259807572;1087,7520643652242;650,0;0,1107207901787919
116,83333333333333;1045,036799480598;1041,0985392261616;1027,1627944563204;0,7617968735214569;0,6802060063015218;98,5526103936877;1086,9600499707199;650,0;0,11063789089049789
116,91666666666667;1045,1435171462608;1041,2090943432372;1027,3047083647639;0,7617968735214569;0,6802060063015218;98,45650636090681;1086,169211882546;650,0;0,1105551170755188
117,0;1045,2501588562834;1041,3195668116832;1027,446379378159;0,7617968735214569;0,6802060063015218;98,3605700755902;1085,3795474409058;650,0;0,11047246844604613
117,08333333333333;1045,356724718711;1041,4299567563985;1027,5878086386592;0,7617968735214569;0,6802060063015218;98,26480111500473;1084,5910539945953;650,0;0,11038994471520495
117,16666666666667;1045,4632148413575;1041,5402643019954;1027,728997281617;0,7617968735214569;0,6802060063015218;98,16919905780992;1083,8037289003835;650,0;0,11030754559699431
117,25;1045,5696293318083;1041,6504895728017;1027,8699464356232;0,7617968735214569;0,6802060063015218;98,07376348405228;1083,0175695230566;650,0;0,11022527080629092
117,33333333333333;1045,6759682974193;1041,7606326928606;1028,010657222546;0,7617968735214569;0,6802060063015218;97,97849397516529;1082,2325732350785;650,0;0,11014312005881745
117,41666666666667;1045,782231845318;1041,8706937859317;1028,1511307575702;0,7617968735214569;0,6802060063015218;97,88339011396943;1081,4487374176679;650,0;0,11006109307124305
117,5;1045,8884200824036;1041,9806729754928;1028,2913681492369;0,7617968735214569;0,6802060063015218;97,78845148465507;1080,6660594593227;650,0;0,10997918956104408
117,58333333333333;1045,9945331153492;1042,0905703847393;1028,4313704994809;0,7617968735214569;0,6802060063015218;97,69367767277117;1079,8845367569127;650,0;0,10989740924660495
117,66666666666667;1046,1005710506008;1042,2003861365865;1028,5711389036699;0,7617968735214569;0,6802060063015218;97,59906826524798;1079,1041667150287;650,0;0,10981575184715957
117,75;1046,2065339943783;1042,3101203536694;1028,7106744506427;0,7617968735214569;0,6802060063015218;97,50462285035724;1078,3249467462497;650,0;0,10973421708281252
117,83333333333333;1046,312422052677;1042,419773158344;1028,8499782227477;0,7617968735214569;0,6802060063015218;97,41034101772357;1077,5468742709209;650,0;0,1096528046745194
117,91666666666667;1046,4182353312674;1042,529344672688;1028,9890512958802;0,7617968735214569;0,6802060063015218;97,31622235832447;1076,769946717094;650,0;0,1095715143440814
118,0;1046,5239739356957;1042,6388350185023;1029,127894739521;0,7617968735214569;0,6802060063015218;97,22226646448462;1075,9941615209418;650,0;0,10949034581418318
118,08333333333333;1046,6296379712855;1042,7482443173105;1029,266509616773;0,7617968735214569;0,6802060063015218;97,12847292983611;1075,2195161260338;650,0;0,10940929880832176
118,16666666666667;1046,7352275431372;1042,8575726903614;1029,404896984399;0,7617968735214569;0,6802060063015218;97,03484134937526;1074,446007983809;650,0;0,10932837305085595
118,25;1046,8407427561294;1042,9668202586283;1029,5430578928597;0,7617968735214569;0,6802060063015218;96,94137131939442;1073,673634553502;650,0;0,10924756826699297
118,33333333333333;1046,946183714919;1043,075987142811;1029,6809933863492;0,7617968735214569;0,6802060063015218;96,84806243752746;1072,9023933019957;650,0;0,10916688418277903
118,41666666666667;1047,0515505239425;1043,185073463336;1029,818704502833;0,7617968735214569;0,6802060063015218;96,75491430269858;1072,132281703629;650,0;0,10908632052507662
118,5;1047,156843287416;1043,2940793403577;1029,9561922740845;0,7617968735214569;0,6802060063015218;96,66192651516212;1071,3632972405505;650,0;0,10900587702160122
118,58333333333333;1047,2620621093358;1043,4030048937586;1030,0934577257208;0,7617968735214569;0,6802060063015218;96,56909867645709;1070,5954374023368;650,0;0,10892555340088134
118,66666666666667;1047,3672070934801;1043,511850243151;1030,2305018772397;0,7617968735214569;0,6802060063015218;96,47643038942988;1069,8286996862405;650,0;0,10884534939228394
118,75;1047,4722783434077;1043,620615507877;1030,3673257420555;0,7617968735214569;0,6802060063015218;96,38392125822861;1069,0630815970303;650,0;0,10876526472599883
118,83333333333333;1047,5772759624606;1043,7293008070098;1030,503930327535;0,7617968735214569;0,6802060063015218;96,291570888269;1068,2985806470783;650,0;0,10868529913304376
118,91666666666667;1047,682200053763;1043,8379062593551;1030,6403166350333;0,7617968735214569;0,6802060063015218;96,1993788862685;1067,535194355903;650,0;0,10860545234522492
119,0;1047,7870507202226;1043,9464319834503;1030,7764856599288;0,7617968735214569;0,6802060063015218;96,1073448601951;1066,772920250508;650,0;0,10852572409516371
119,08333333333333;1047,891828064532;1044,0548780975666;1030,9124383916594;0,7617968735214569;0,6802060063015218;96,01546841930713;1066,0117558656334;650,0;0,10844611411632396
119,16666666666667;1047,996532189168;1044,1632447197096;1031,048175813757;0,7617968735214569;0,6802060063015218;95,92374917413622;1065,251698743299;650,0;0,10836662214296773
119,25;1048,1011631963925;1044,2715319676197;1031,1836989038834;0,7617968735214569;0,6802060063015218;95,83218673645888;1064,492746432537;650,0;0,10828724791012768
119,33333333333333;1048,2057211882536;1044,3797399587734;1031,3190086338636;0,7617968735214569;0,6802060063015218;95,74078071931922;1063,7348964902344;650,0;0,10820799115368782
119,41666666666667;1048,310206266586;1044,4878688103836;1031,4541059697224;0,7617968735214569;0,6802060063015218;95,64953073700622;1062,9781464799817;650,0;0,10812885161027393
119,5;1048,414618533011;1044,595918639401;1031,5889918717169;0,7617968735214569;0,6802060063015218;95,55843640505941;1062,2224939732828;650,0;0,10804982901736704
119,58333333333333;1048,5189580889382;1044,7038895625142;1031,7236672943725;0,7617968735214569;0,6802060063015218;95,46749734025184;1061,467936548522;650,0;0,10797092311320534
119,66666666666667;1048,6232250355654;1044,811781696151;1031,858133186516;0,7617968735214569;0,6802060063015218;95,37671316060141;1060,714471791023;650,0;0,10789213363679095
119,75;1048,7274194738789;1044,9195951564789;1031,9923904913096;0,7617968735214569;0,6802060063015218;95,28608348535954;1059,962097293949;650,0;0,10781346032797261
119,83333333333333;1048,8315415046548;1045,0273300594063;1032,1264401462854;0,7617968735214569;0,6802060063015218;95,19560793499977;1059,2108106572264;650,0;0,10773490292734429
119,91666666666667;1048,9355912284589;1045,1349865205825;1032,260283083378;0,7617968735214569;0,6802060063015218;95,1052861312121;1058,4606094878523;650,0;0,10765646117627346
120,0;1049,039568745648;1045,2425646553995;1032,3939202289587;0,7617968735214569;0,6802060063015218;95,01511769690865;1057,7114914002075;650,0;0,10757813481693063
