time_min;T_gas_C;T_deck_C;qconv_deck_W_m2;qrad_deck_W_m2;T_hanger_C;qconv_hanger_W_m2;qrad_hanger_W_m2;T_cable_C;qconv_cable_W_m2;qrad_cable_W_m2;ky_hanger;kE_hanger
0,0;20,0;20,0;0,0;0,0;20,0;0,0;0,0;20,0;0,0;0,0;1,0;1,0
0,08333333333333333;96,53781861764294;20,0;0,0;0,0;20,0;0,0;0,0;20,0;0,0;0,0;1,0;1,0
0,16666666666666666;146,95199092663503;20,342033877862573;1913,4454654410736;448,260027537207;20,316472373819355;1913,4454654410736;381,021023406626;20,09577763139088;1913,4454654410736;268,9560165223242;1,0;1,0
0,25;184,60683287828354;20,936510968897085;3165,248926219311;941,8072419282438;20,863289007316926;3165,887963820392;800,6233537976798;20,259759232546532;3171,4053323811036;565,6766572413575;1,0;1,0
0,3333333333333333;214,67364350130407;21,73729802402696;4091,758047734661;1445,906293536038;21,596446195397686;4093,5885967741656;1229,271592041215;20,478127827533143;4108,676841143425;869,1778674588527;1,0;1,0
0,4166666666666667;239,70362366757516;22,715194556685667;4823,4086369319275;1947,6710503475529;22,48834383481149;4826,92993264766;1656,0074816706235;20,742407738014105;4854,887891844273;1171,6588952064224;1,0;1,0
0,5;261,1446514959265;23,849524388850995;5424,710727772237;2441,7440179398936;23,51961696269674;5430,381995819092;2076,2743893451075;21,04678674244099;5474,030398239027;1469,8651862466213;1,0;1,0
0,5833333333333334;279,89804499722095;25,124581600524458;5932,378177676887;2925,8536456136485;24,675683841961053;5940,625863330743;2488,1400581892053;21,386985863624773;6002,446618837138;1762,4085229374198;1,0;1,0
0,6666666666666666;296,5631594504424;26,527851673470135;6369,336584917412;3399,132863851238;25,945020356706554;6380,559028881497;2890,8669341685695;21,75969604338481;6462,776478339904;2048,75208565329;1,0;1,0
0,75;311,5588238049186;28,04901466928468;6750,8826944243065;3861,394335962806;27,318194778657812;6765,453477343397;3284,295894488084;22,162264286692274;6870,08658517644;2328,772546618265;1,0;1,0
0,8333333333333334;325,189270547786;29,67933930224561;7087,745228390847;4312,788902374453;28,787282300720335;7106,015725656519;3668,5557799890685;22,592504169889185;7234,913987955658;2602,553409748359;1,0;1,0
0,9166666666666666;337,6824701135694;31,411291222460076;7387,748281138511;4753,634224029642;30,345487443446345;7410,049706176642;4043,9176451248577;23,04857425409964;7564,9191594474205;2870,2811392039266;1,0;1,0
1,0;349,2136657565671;33,238267223793024;7656,7794722777335;5184,325045513875;31,986888495675956;7683,424566753077;4410,718413317032;23,528896250986897;7865,847396486744;3132,190629080481;1,0;1,0
1,0833333333333333;359,9204763968563;35,154407697184766;7899,384963319352;5605,284941641911;33,70625767329679;7930,6694315222785;4769,319811462287;24,032097779408524;8142,119237639504;3388,5357818585926;1,0;1,0
1,1666666666666667;369,91295149454055;37,15445993742534;8119,151717491789;6016,940103632164;35,49893041613743;8155,355468088987;5120,086050308666;24,556971031191154;8397,209465436195;3639,573447489382;1,0;1,0
1,25;379,2804763795877;39,23367575300226;8318,962288927882;6419,705231108101;37,36070778200349;8360,350526960077;5463,371803327343;25,102442118946378;8633,899511583735;3885,554715584104;1,0;1,0
1,3333333333333333;388,0966424225615;41,3877329512033;8501,170015664635;6813,976233434543;39,287781843119795;8547,994214939605;5799,515979683384;25,66754782447002;8854,450856516032;4126,720354067229;1,0;1,0
1,4166666666666667;396,42276192482973;43,61267389158833;8667,722736783955;7200,126817694689;41,27667750330432;8720,221514486044;6128,838805412676;26,251417613431457;9060,727364952287;4363,298622444962;1,0;1,0
1,5;404,31045654585864;45,9048565279446;8820,252200831035;7578,507305757394;43,32420631251275;8878,652110538136;6451,640802769997;26,85325948534683;9254,283607784957;4595,50445317633;1,0;1,0
1,5833333333333333;411,8035976900252;48,26091477541768;8960,140000447851;7949,444720241427;45,42742922676571;9024,656255833648;6768,202850783044;27,472348673722962;9436,429926512796;4823,539416911415;1,0;1,0
1,6666666666666667;418,9397842966738;50,67772596731762;9088,567072865188;8313,24357452779;47,58362615869367;9159,404211581486;7078,78684630287;28,108018502353712;9608,281225407554;5047,592127038617;1,0;1,0
1,75;425,75148437421007;53,15238378954844;9206,551458233906;8670,187031386506;49,790270766205055;9283,903953449502;7383,636679991555;28,759652898737226;9770,794144858002;5267,838878259047;1,0;1,0
1,8333333333333333;432,2669281095389;55,68217550912617;9314,977514616541;9020,53823046906;52,04500934034397;9399,030340200125;7682,979357124425;29,426680199202607;9924,795786886822;5484,444396416664;1,0;1,0
1,9166666666666667;438,5108147315537;58,264562613769485;9414,618815010319;9364,54166637933;54,34564294318062;9505,547969229874;7977,026162402135;30,10856797378167;10071,006197758408;5697,562626449896;1,0;1,0
2,0;444,50487787550446;60,89716419412774;9506,156302944604;9702,424548485178;56,69011215333089;9604,129294709326;8265,973810055571;30,80481866541795;10210,056168944302;5907,3375155364865;1,0;1,0
2,0833333333333335;450,26834213398865;63,57774255593032;9590,192842034417;10034,398103854648;59,07648392664446;9695,369143054339;8550,005546256667;31,514965886297123;10342,501480252164;6113,903767021571;1,0;1,0
2,1666666666666665;455,81829499723057;66,30419066401294;9667,264989451458;10360,65880320841;61,502940189962445;9779,796455183605;8829,292186611456;32,23857124950346;10468,834406192287;6317,387552105058;1,0;1,0
2,25;461,169992328726;69,07452110575244;9737,85260833044;10681,389501068856;63,96776786817348;9857,883870181704;9103,993081131406;32,975221640598264;10589,493093693178;6517,907173246058;1,0;1,0
2,3333333333333335;466,33711113825626;71,886856326087;9802,386780574338;10996,760488089758;66,46935010697251;9930,055611513812;9374,257004881014;33,724526853627005;10704,869267203194;6715,5736774808975;1,0;1,0
2,4166666666666665;471,33196020043107;74,73941993568042;9861,25637030423;11306,93045755045;69,00615850121471;9996,694025782093;9640,222975914481;34,4861175312567;10815,314607115732;6910,491420370295;1,0;1,0
2,5;476,16565668320214;77,63052893190357;9914,813506618766;11612,047390245263;71,57674617540715;10058,14504248041;9902,02100403587;35,259643360464636;10921,14606672936;7102,758582730923;1,0;1,0
2,5833333333333335;480,8482751635016;80,55858670200527;9963,378193782464;11912,24936315082;74,1797415914398;10114,722762694875;10159,772774905607;36,04477148432683;11022,650333068437;7292,467643068852;1,0;1,0
2,6666666666666665;485,3889740535016;83,52207670119441;10007,242211537408;12207,665287727837;76,81384298111183;10166,713339301547;10413,592274426763;36,84118509762881;11120,08759197937;7479,705808972545;1,0;1,0
2,75;489,7961034260695;86,51955671686666;10046,67243380768;12498,415583777156;79,47781331881218;10214,378276809744;10663,586358404322;37,6485821997072;11213,69472389682;7664,555410805105;1,0;1,0
2,8333333333333335;494,07729742979745;89,54965364499964;10081,913667730072;12784,612794588427;82,17047576393814;10257,957252681434;10909,855272321593;38,466674482473245;11303,688030659057;7847,094260961915;1,0;1,0
2,9166666666666665;498,2395538632738;92,61105871664668;10113,191094619946;13066,362148803846;84,89070951408735;10297,670541646483;11152,49312581348;39,2951863352251;11390,265573683106;8027,395981798522;1,0;1,0
3,0;502,289302991853;95,70252312211086;10140,712378665678;13343,76207403491;87,63744601933945;10333,72110872966;11391,588326093064;40,133853950818214;11473,609188201217;8205,530305125903;1,0;1,0
3,0833333333333335;506,2324673062227;98,82285398825773;10164,669496743554;13616,90466686045;90,40966551551706;10366,296424312839;11627,223974242534;40,98242452017926;11553,88622602587;8381,563345943154;1,0;1,0
3,1666666666666665;510,07451361691875;101,97091067089465;10185,240332949124;13885,876123424565;93,20639384053283;10395,57004476764;11859,478227933905;41,84065550413177;11631,251069651085;8555,557852847262;1,0;1,0
3,25;513,8204986348507;105,14560132949099;10202,590073650603;14150,757134459524;96,02669950306424;10421,702994409648;12088,424633812368;42,70831397313801;11705,846452819675;8727,573437336137;1,0;1,0
3,3333333333333335;517,475108991462;108,34587975595832;10216,87243263399;14411,623248188269;98,86969097706324;10444,844978294659;12314,132432462295;43,58517600691937;11777,804616542817;8897,666784009503;1,0;1,0
3,4166666666666665;521,0426964931474;111,57074243292595;10228,230730887592;14668,545204219883;101,73451419916934;10465,135450359969;12536,666838587156;44,47102614704995;11847,248324613565;9065,891843476227;1,0;0,9982654858008306
3,5;524,5273092751398;114,81922580007121;10236,798851505537;14921,589241238271;104,62035024908542;10482,704557349452;12756,089298770114;45,36565689656728;11914,291758652438;9232,30000959638;1,0;0,9953796497509145
3,5833333333333335;527,9327194142114;118,09040370970513;10242,702086876716;15170,817381001198;107,52641319549863;10497,673975651362;12972,457728942458;46,26886826144296;11979,041309464314;9396,940282522723;1,0;0,9924735868045014
3,6666666666666665;531,2624474724937;121,38338505505759;10246,057892612658;15416,287690910822;110,45194809226776;10510,15765546782;13185,826733470762;47,180467329431856;12041,596278819212;9559,8594188582;1,0;0,9895480519077322
3,75;534,519784372824;124,69731155662217;10246,976560435902;15658,054527187027;113,39622911142088;10520,262484505649;13396,247807579082;48,100267882392274;12102,049503576547;9721,102070112673;1,0;0,9866037708885791
3,8333333333333335;537,707810946369;128,031355693565;10245,561820405046;15896,168760468769;116,35855780106655;10528,088881535077;13603,769524648622;49,02809003865853;12160,487912260794;9880,710910522714;1,0;0,9836414421989335
3,9166666666666665;540,829415443571;131,38471876861925;10241,9113813201;16130,677985483864;119,33826145766139;10533,73132863256;13808,437709780821;49,96375992246597;12216,993022692763;10038,726755190703;1,0;0,9806617385423386
4,0;543,8873092578712;134,7566290961147;10236,117416873793;16361,626716262956;122,33469160323423;10537,27884964774;14010,295600870964;50,90710935778784;12271,641388027625;10195,188669404042;1,0;0,9776653083967658
4,083333333333333;546,8840410767281;138,14634030385915;10228,267004043912;16589,056568225988;125,34722255916893;10538,815441365923;14209,3839983148;51,85797558425325;12324,504997502083;10350,134069909413;1,0;0,9746527774408311
4,166666666666667;549,8220096450009;141,55312974052214;10218,442519321723;16813,00642833717;128,37525010902013;10538,420462938979;14405,741404359103;52,81620099308303;12375,65163731187;10503,598818840248;1,0;0,9716247498909799
4,25;552,7034753008451;144,97629698098825;10206,721997611969;17033,512614407242;131,41819024359808;10536,168988399519;14599,404153008356;53,78163288121262;12425,145216297946;10655,617310927519;1,0;0,968581809756402
4,333333333333333;555,5305704231138;148,41516242286906;10193,17945799642;17250,60902451607;134,47547798222607;10532,132126431175;14790,406531310475;54,75412322197316;12473,046060490811;10806,222554562448;1,0;0,965524522017774
4,416666666666667;558,3053089112316;151,86906596799793;10177,885200006118;17464,327277434342;137,5465662646618;10526,377311022194;14978,780892765588;55,73352845087796;12519,411180028515;10955,446247225367;1,0;0,9624534337353382
4,5;561,0295948031132;155,33736578329757;10160,906073580842;17674,69684483848;140,6309249086919;10518,968566164243;15164,557763530347;56,71970926521589;12564,29451150884;11103,31884574566;1,0;0,9593690750913081
4,583333333333333;563,7052301234963;158,8194371359115;10142,305725495391;17881,745176037195;143,72803962886846;10509,966747360533;15347,765942027174;57,71253043628816;12607,747138447434;11249,86963181429;1,0;0,9562719603711316
4,666666666666667;566,3339220437125;162,31467129793927;10122,144824689622;18085,497815859817;146,83741111226433;10499,429762365697;15528,432592510417;58,71186063324412;12649,817492180206;11395,126773130869;1,0;0,9531625888877356
4,75;568,9172894241422;165,82247451651622;10100,48126864433;18285,978516295243;149,95855414748712;10487,412773286203;15706,583333090433;59,717572257576194;12690,55153526171;11539,11738053215;1,0;0,9500414458525129
4,833333333333333;571,4568688021395;169,34226704533845;10077,37037269065;18483,20934241534;153,0909968035168;10473,968381916377;15882,24231867063;60,729541287426876;12729,99292916415;11681,86756141726;1,0;0,9469090031964832
4,916666666666667;573,9541198808918;172,87348223405724;10052,865043920028;18677,210773066425;156,23427965522313;10459,146799965569;16055,432319210946;61,74764713094257;12768,183187867817;11823,4024697564;1,0;0,9437657203447769
5,0;576,4104305683087;176,41556567225953;10027,015941170863;18868,001796767778;159,38795505268018;10442,996005641717;16226,174793694185;62,7717724879818;12805,16181874873;11963,746352944367;1,0;0,9406120449473199
5,083333333333333;578,8271216094959;179,96797438501386;9999,87162240123;19055,60000321523;162,55158643163057;10425,561887890713;16394,489960137962;63,8018032195502;12840,966452008171;12102,922595737176;1,0;0,9374484135683694
5,166666666666667;581,2054508515216;183,53017607720014;9971,47868061205;19240,021670750975;165,7247476626655;10406,888379446633;16560,396861964673;64,83762822439209;12875,632959748642;12240,95376148937;1,0;0,9342752523373345
5,25;583,5466171749573;187,10164842405786;9941,881869358036;19421,28185012695;168,90702243687758;10387,017579721403;16723,913431014244;65,8791393222202;12909,195565678237;12377,86163089069;1,0;0,9310929775631225
5,333333333333333;585,8517641229552;190,6818784055826;9911,124218772486;19599,394444858855;172,0980036859187;10365,989868451994;16885,056547459903;66,92623114311104;12941,686946318427;12513,66723838412;1,0;0,9279019963140813
5,416666666666667;588,1219832553611;194,2703616825797;9879,247142934313;19774,372288439976;175,29729303455272;10343,844010925912;17043,842096864522;67,97880102263474;12973,138324496102;12648,390906431985;1,0;0,9247027069654473
5,5;590,3583172524936;197,86660201234477;9846,290539319534;19946,227218658016;178,50450028393718;10320,61725552021;17200,28502459425;69,03674890232529;13003,579555818158;12782,05227778261;1,0;0,9214954997160628
5,583333333333333;592,5617627906768;201,47011070208842;9812,292881003723;20114,970149235716;181,7192429239989;10296,34542421391;17354,39938778827;70,09997723513031;13033,03920875421;12914,670345878038;1,0;0,9182807570760011
5,666666666666667;594,7332732093793;205,08040609835598;9777,29130221471;20280,61113899371;184,94114567338812;10271,062996666948;17506,19840506568;71,16839089550994;13061,544638888663;13046,263483531402;1,0;0,9150588543266119
5,75;596,8737609878225;208,69701311081457;9741,321677775582;20443,159458715196;188,16984004560453;10244,80318839978;17655,694504135736;72,24189709388101;13089,122057846735;13176,849469992569;1,0;0,9118301599543954
5,833333333333333;598,9841000471628;212,31946276889045;9704,418696925199;20602,623655873205;191,40496393998944;10217,598023555449;17802,89936746296;73,32040529512749;13115,796597348537;13306,445516510936;1,0;0,9085950360600106
5,916666666666667;601,0651278927828;215,94729180983975;9666,615931956809;20759,011617365428;194,64616125636837;10189,478402679333;17947,823976126154;74,40382714092055;13141,592368800882;13435,068290496116;1,0;0,9053538387436316
6,0;603,1176476098371;219,58004229692696;9627,945902073578;20912,33063038525;197,893081532213;10160,47416591036;18090,478651998095;75,49207637561129;13166,532518796555;13562,733938368963;1,0;0,902106918467787
6,083333333333333;605,1424297239511;223,2172612664674;9588,440132822754;21062,58744154411;201,1453796012677;10130,614151940605;18230,87309836199;76,58506877547765;13190,639280855647;13689,458107188668;1,0;0,8988546203987323
6,166666666666667;607,1402139378599;226,85850040256534;9548,129211437092;21209,78831434682;204,40271527265605;10099,926253067084;18369,016439070758;77,68272208112386;13213,934023711834;13815,25596513495;1,0;0,895597284727344
6,25;609,111710753788;230,5033157384458;9507,042838382364;21353,939085109174;207,66475302954743;10068,437466630097;18504,91725634576;78,78495593284542;13236,437296418402;13940,14222091841;1,0;0,8923352469704526
6,333333333333333;611,057602990467;234,15126738333933;9465,209875383554;21495,045217396237;210,93116174652272;10036,173943106012;18638,58362730353;79,89169180878689;13258,168870523565;14064,131142186927;1,0;0,8890688382534773
6,416666666666667;612,9785472029022;237,80191927393292;9422,65839017819;21633,111855048664;214,20161442483266;10003,161031098607;18770,023159290635;81,00285296573193;13279,147779542003;14187,236572990607;1,0;0,8857983855751673
6,5;614,8751750122722;241,45483894944888;9379,415698224231;21768,14387385506;217,4757879447913;9969,423319451738;18899,243024099997;82,11836438237688;13299,392355929256;14309,471950363552;1,0;0,8825242120552087
6,583333333333333;616,7480943527046;245,10959734945683;9335,508401570582;21900,145931919076;220,75336283459373;9934,984676687021;19026,249991135042;83,23815270494946;13318,920265747383;14430,850320076448;1,0;0,8792466371654063
6,666666666666667;618,5978906410819;248,76576863356235;9290,962425081194;22029,122518761877;224,03402305488774;9899,868287952771;19151,050459582122;84,36214619504396;13337,748541193878;14551,384351610135;1,0;0,8759659769451122
6,75;620,4251278755141;252,42293002214925;9245,80305018799;22155,07800319208;227,31745579846813;9864,096689654854;19273,650489645166;85,4902746795531;13355,89361115095;14671,08635239656;1,0;0,8726825442015319
6,833333333333333;622,2303496676327;256,0806616573821;9200,054946334123;22278,01667996905;230,60335130449684;9827,69180192615;19394,05583289218;86,62246950258466;13373,371329899026;14789,968281370751;1,0;0,8693966486955031
6,916666666666667;624,0140802134338;259,73854648370155;9153,742200256265;22397,942815277973;233,89140268668382;9790,674959078397;19512,271961757342;87,7586634792591;13390,197004126201;14908,041761873981;1,0;0,8661085973133162
7,0;625,7768252070096;263,3961701470665;9106,888343243305;22514,860691029364;237,18130577489288;9753,06693816875;19628,304098238274;88,89879085129022;13406,385418354366;15025,318093945792;1,0;0,8628186942251072
7,083333333333333;627,5190727011509;267,05312091221685;9059,516376498575;22628,774647989907;240,4727589696631;9714,887985802918;19742,157241823683;90,0427872442584;13421,950858892984;15141,808266039972;1,0;0,859527241030337
7,166666666666667;629,241293918488;270,70898959724485;9011,64879472335;22739,689127746366;243,76546310915992;9676,157843287194;19853,83619668233;91,19058962649096;13436,907136422311;15257,522966197095;1,0;0,8562345368908401
7,25;630,9439440165397;274,3633695247785;8963,30760803108;22847,6087134999;247,0591213480928;9636,895770233205;19963,34559814109;92,34213626946985;13451,267607299927;15372,47259270435;1,0;0,8529408786519073
7,333333333333333;632,6274628097796;278,0158564890883;8914,51436229403;22952,5381696832;250,35343904815437;9597,120566711174;20070,68993847562;93,49736670969216;13465,045193676746;15486,667264271024;1,0;0,8496465609518457
7,416666666666667;634,2922754515852;281,66604873844017;8865,29015801728;23054,48248039005;253,6481236795556;9556,85059404063;20175,873592034735;94,65622171191305;13478,252402502185;15600,116829746481;1,0;0,8463518763204444
7,5;635,9387930787146;285,31354697202033;8815,655667828625;23153,44688660248;256,94288473324565;9516,10379430074;20278,900839715952;95,8186432337053;13490,901343491802;15712,83087740547;1,0;0,8430571152667544
7,583333333333333;637,5674134207562;288,9579543507668;8765,631152667358;23249,43692219872;260,2374336434206;9474,897708636725;20379,775892807233;96,98457439127367;13503,003746125234;15824,818743824244;1,0;0,8397625663565794
7,666666666666667;639,1785213768086;292,59887652144204;8715,236476749737;23342,45844872206;263,53148371993746;9433,24949443339;20478,50291620745;98,15395942646566;13514,570975737064;15936,089522369437;1,0;0,8364685162800626
7,75;640,7724895614857;296,2359216532854;8664,491121384164;23432,517688888543;266,82475009026064;9391,175941421778;20575,086051035254;99,3267436749241;13525,614048758573;16046,652071320073;1,0;0,8331752499097393
7,833333333333333;642,3496788221825;299,86870048658443;8613,414197705008;23519,62125881029;270,1169496505792;9348,693486780627;20669,52943663437;100,50287353532967;13536,143647164039;16156,51502164213;1,0;0,8298830503494208
7,916666666666667;643,9104387293985;303,4968263925048;8562,024458389951;23603,776198909145;273,4078010257412;9305,81822929008;20761,837231981077;101,68229643968489;13546,17013217132;16265,686784433668;1,0;0,8265921989742588
8,0;645,4551080417851;307,1199154435178;8510,340308422343;23684,990003495157;276,6970245376586;9262,565942591433;20852,01363649769;102,8649608245936;13555,70355724284;16374,175558057548;1,0;0,8233029754623414
8,083333333333334;646,984015147466;310,73758649376475;8458,379814956683;23763,27064898299;279,9843421818446;9218,952087603164;20940,062910274373;104,0508161034924;13564,753680429789;16481,98933497762;1,0;0,8200156578181554
8,166666666666666;648,4974784830653;314,3494612686951;8406,160716342532;23838,626620720235;283,2694776117495;9174,991824140536;21025,98939370013;105,23981263979344;13573,329976099341;16589,135908313598;1,0;0,8167305223882505
8,25;649,9958069317851;317,95516446331663;8353,700430359255;23911,066938400338;286,5521561305661;9130,700021782894;21109,797526501938;106,43190172089945;13581,441646081797;16695,62287812836;1,0;0,8134478438694339
8,333333333333334;651,4793002017749;321,5543238483928;8301,01606171171;23980,601180034886;289,83210469018195;9086,091270030474;21191,49186619066;107,62703553305457;13589,097630272141;16801,45765746147;1,0;0,8101678953098181
8,416666666666666;652,9482491859517;325,14657038392437;8248,124408834552;24047,239504459605;293,10905189695615;9041,179887789824;21271,07710591044;108,8251671369963;13596,306616718008;16906,647478120998;1,0;0,8068909481030438
8,5;654,402936304353;328,7315383392511;8195,041970050683;24110,992672350043;296,3827280240048;8995,97993222489;21348,55809168775;110,02625044437563;13603,077051223885;17011,199396245698;1,0;0,8036172719759953
8,583333333333334;655,84363583003;332,30886541911093;8141,784949127549;24171,872065724565;299,652865029679;8950,505207008706;21423,939839075538;111,23024019491417;13609,417146499436;17115,120297648584;1,0;0,8003471349703211
8,666666666666666;657,2706141994204;335,8781928949956;8088,369260272978;24229,889705913694;302,91919658192325;8904,769270008777;21497,22754918695;112,43709193426879;13615,334890877897;17218,41690295244;1,0;0,7970808034180767
8,75;658,684130308081;339,43916574114365;8034,81053261062;24285,058269976846;306,1814580882035;8858,785440437428;21568,426624112828;113,6467619925757;13620,83805662879;17321,095772527107;1,0;0,7938185419117966
8,833333333333334;660,0844357926003;342,9914327745168;7981,124114173433;24337,391105550123;309,4393867306951;8812,566805496937;21637,54268171662;114,85920746364734;13625,934207887633;17423,163311237993;1,0;0,7905606132693049
8,916666666666666;661,4717752994591;346,53464679810884;7927,325075452088;24386,902244111046;312,69272150642297;8766,126226547629;21704,58156980003;116,07438618479667;13630,630708223825;17524,625773014566;1,0;0,7873072784935771
9,0;662,8463867415572;350,0684647469433;7873,428212533756;24433,60641264893;315,94120327204763;8719,476344825902;21769,549379632797;117,29225671726496;13634,93472786656;17625,48926524728;1,0;0,7840587967279524
9,083333333333334;664,2085015430796;353,5925478361229;7819,448049865349;24477,519043732664;319,1845747929916;8672,62958673774;21832,45245883948;118,51277832723004;13638,853250607306;17725,75975302075;1,0;0,7808154252070084
9,166666666666666;665,5583448733319;357,10656171030314;7765,398842673918;24518,656283970537;322,42258079660144;8625,5981687522;21893,297423636577;119,73591096737314;13642,393080396238;17825,443063190683;1,0;0,7775774192033986
9,25;666,8961358701365;360,6101765939712;7711,2945790757185;24557,03500086043;325,6549680290434;8578,39410191826;21952,091170413398;120,96161525898388;13645,560847648969;17924,54488831172;1,0;0,7743450319709566
9,333333333333334;668,2220878533439;364,1030674419241;7657,1489819041335;24592,67278803164;328,88148531563075;8531,029196027328;22008,840886650032;122,18985247458322;13648,363015278816;18023,070790422764;1,0;0,7711185146843693
9,416666666666666;669,5364085289779;367,58491408935333;7602,975510285493;24625,58796888362;332,10188362428244;8483,515063442828;22063,55406116657;123,42058452104581;13650,805884469017;18121,026204696285;1,0;0,7678981163757176
9,5;670,8393001845062;371,0554014009553;7548,787360990613;24655,79959863006;335,31591613181536;8435,863122617386;22116,238493697856;124,65377392320362;13652,8956001983;18218,416442957503;1,0;0,7646840838681846
9,583333333333334;672,130959875693;374,51421941850646;7494,597469588773;24683,327464760852;338,5233382927736;8388,084601317272;22166,902303788658;125,88938380791365;13654,638156532565;18315,24669707927;1,0;0,7614766617072264
9,666666666666666;673,4115796054655;377,9610635063558;7440,418511429662;24708,192085937982;341,72390791050054;8340,190539572985;22215,553939004916;127,12737788857348;13656,039401694483;18411,52204225802;1,0;0,7582760920894994
9,75;674,6813464952023;381,395634494309;7386,262902477742;24730,41470934503;344,91738521016276;8292,191792374124;22262,20218245707;128,3677204500688;13657,1050429223;18507,24744017589;1,0;0,7550826147898373
9,833333333333334;675,940442948824;384,8176388173967;7332,142800022333;24750,01730651391;348,10353291343614;8244,099032125989;22306,856159632625;129,610376334138;13657,84065112834;18602,427742053966;1,0;0,7518964670865639
9,916666666666666;677,1890468100461;388,2267886520421;7278,070103285684;24767,022567656237;351,2821163145703;8195,922750884698;22349,525344535763;130,85531092513995;13658,251665367152;18697,067691601333;1,0;0,7487178836854297
10,0;678,4273315131342;391,62280204816506;7224,056453950099;24781,453894529837;354,45290335754834;8147,673262386894;22390,21956513256;132,10249013621018;13658,343397122653;18791,171927864154;1,0;0,7455470966424517
10,083333333333334;679,6554662274801;395,0054030567835;7170,113236624227;24793,335391875255;357,61566471406553;8099,360703889645;22428,9490081017;133,35188039579387;13658,1210344231;18884,744987979226;1,0;0,7423843352859345
10,166666666666666;680,873615996301;398,37432185269887;7116,251579267416;24802,69185745966;360,7701738620531;8050,995037835365;22465,72422289105;134,60344863454176;13657,589645792157;18977,791309835775;1,0;0,7392298261379469
10,25;682,0819418697455;401,7292948518765;7062,482353590055;24809,548770769845;363,9162071644802;8002,586053356198;22500,556125082123;135,85716227255782;13656,75418404398;19070,315234649428;1,0;0,7360837928355197
10,333333333333334;683,2806010326747;405,0700648231602;7008,8161754467255;24813,932280398356;367,05354394817016;7954,143367631632;22533,45599906494;137,11298920698667;13655,619489929692;19162,32100945192;1,0;0,7329464560518298
10,416666666666666;684,4697469273736;408,39638099398593;6955,263405237863;24815,869190170237;370,1819665823759;7905,676427112613;22564,43550002722;138,37089779993025;13654,1902956422;19253,812789499934;1,0;0,7298180334176241
10,5;685,649529371431;411,70799914978903;6901,834148334693;24815,3869440609;373,30126055686344;7857,194508624944;22593,506655263143;139,63085686668254;13652,471228186085;19344,79464060649;1,0;0,7266987394431366
10,583333333333334;686,8200946710131;415,0046817268266;6848,538255541048;24812,51360995772;376,4112145592605;7808,706720364188;22620,68186480752;140,8928356642727;13650,466812618712;19435,27054139783;1,0;0,7235887854407395
10,666666666666666;687,9815857297483;418,28619789816617;6795,385323604662;24807,277862320887;379,5116205514335;7760,222002793815;22645,973901402896;142,15680388030657;13648,181475168509;19525,244385498863;1,0;0,7204883794485665
10,75;689,1341421534233;421,5523236526205;6742,384695789553;24799,70896380097;382,6022738446657;7711,7491294578695;22669,395909807998;143,42273162209753;13645,619546236043;19614,719983650037;1,0;0,7173977261553343
10,833333333333334;690,2779003506829;424,8028418664379;6689,545462520071;24789,836745873057;385,68297317341506;7663,2967077189405;22690,961405457256;144,69058940607724;13642,785263283145;19703,70106575826;1,0;0,7143170268265849
10,916666666666666;691,4129936299151;428,0375423675854;6636,876462106125;24777,691588548365;388,753520767441;7614,8731794316955;22710,68427248208;145,9603481474782;13639,68277361514;19792,19128288453;1,0;0,711246479232559
11,0;692,5395522924949;431,2562219924921;6584,386281558244;24763,304399226592;391,81372242209676;7566,486821561854;22728,578761105895;147,23197915027941;13636,316137060925;19880,194209170684;1,0;0,7081862775779032
11,083333333333334;693,6577037225472;434,4586846351487;6532,08325750007;24746,706590752783;394,8633875665944;7518,145746759954;22744,659484426054;148,50545409740752;13632,689328555387;19967,71334370764;1,0;0,7051366124334055
11,166666666666666;694,7675724733864;437,64474128848605;6479,975477184964;24727,93005874395;397,9023293300579;7469,857903898821;22758,941414596582;149,7807450411855;13628,806240628492;20054,752112347396;1,0;0,702097670669942
11,25;695,8692803507773;440,8142100779848;6428,070779622509;24707,007158251265;400,9303646051915;7421,631078583212;22771,439878427216;151,05782439402168;13624,670685805024;20141,31386946088;0,9979531978685786;0,6990696353948084
11,333333333333334;696,9629464931571;443,9669162874944;6376,376756819814;24683,970679824215;403,9473141093986;7373,472893639645;22782,170552414755;152,336664919332;13620,286398918892;20227,4018996438;0,9913159089593231;0,6960526858906014
11,416666666666666;698,0486874489512;447,102692377266;6324,900755141567;24658,853825043007;406,9530024431982;7325,390809593963;22791,14945722396;153,6172397226888;13615,657039345626;20313,019419372315;0,9847033946249639;0,6930469975568018
11,5;699,1266172511076;450,2213779942293;6273,64987679213;24631,69018158623;409,9472581457975;7277,392125143825;22798,39295163629;154,8995222431891;13610,78619315656;20398,169578610556;0,9781160320792455;0,6900527418542025
11,583333333333334;700,1968474889691;453,3228199745682;6222,630981421959;24602,51369789967;412,9299137476868;7229,4839776327535;22803,917725985335;156,18348624503696;13605,677375197962;20482,855462371685;0,9715541897550891;0,6870700862523131
11,666666666666666;701,2594873775967;456,4068723386734;6171,850687860022;24571,3586575323;415,9008058201382;7181,6733435320575;22807,74079509883;157,46910580933283;13600,334031098302;20567,08009223424;0,965018227195696;0,6840991941798618
11,75;702,3146438246525;459,4733962785718;6121,315375973081;24538,259653204357;418,85977502149683;7133,967038936461;22809,879490767886;158,75635532606466;13594,759539206594;20650,8464278154;0,958508494952707;0,6811402249785031
11,833333333333334;703,3624214949439;462,52226013795496;6071,0311886520185;24503,251560671895;421,8066661401669;7086,371720078892;22810,35145376481;160,045209486295;13588,957212464698;20734,15736820282;0,9520253344916328;0,678193333859833
11,916666666666666;704,4029228727254;465,5533393849481;6021,0040339247225;24466,369512450576;424,7413281342051;7038,893883869425;22809,174625431373;161,3356432745385;13582,930300216221;20817,01575334641;0,9455690781047488;0,6752586718657948
12,0;705,4362483218545;468,56651657777996;5971,239587194433;24427,64887146036;427,6636141674452;6991,539868463007;22806,367238860057;162,62763196132477;13576,681989954674;20899,424365411604;0,9391400488316206;0,6723363858325547
12,083333333333334;706,4624961438842;471,5616813235315;5921,743293601862;24387,125204651453;430,57338164208835;6944,315853860232;22801,94780969157;163,9211510959412;13570,21540901324;20981,385930095483;0,9327385603874057;0,6694266183579116
12,166666666666666;707,4817626341827;474,5387302301572;5872,520370508818;24344,83425666938;433,47049222770573;6897,227862544896;22795,935126551645;165,21617649935143;13563,533626198574;21062,90311790701;0,9263649170990473;0,6665295077722942
12,25;708,4941421361547;477,4975668519882;5823,575810100637;24300,811923616453;436,3548118866099;6850,2817601619245;22788,34824115147;166,51268425728398;13556,639653370781;21143,978545412803;0,9200194138494582;0,66364518811339
12,333333333333334;709,4997270936447;480,43810162893817;5774,914382104162;24255,094226963432;439,2262108955625;6803,483256238618;22779,20645807551;167,8106507134873;13549,536446971768;21224,614776449445;0,9137023360297626;0,6607737891044375
12,416666666666666;710,4986081015925;483,36025181964754;5726,540636617662;24207,717287664313;442,0845638637962;6756,8379049520545;22768,529324281317;169,11005246314616;13542,226909503932;21304,814323303748;0,9074139594996484;0,6579154361362037
12,5;711,4908739550117;486,26394142880963;5678,458907048624;24158,717300524066;444,9297497473401;6710,351105944907;22756,336618335612;170,4108663464557;13534,713890961157;21384,579647861876;0,9011545505558518;0,6550702502526599
12,583333333333334;712,4766116963575;489,1491011289333;5630,673313155052;24108,130508867154;447,761651859646;6664,02810519179;22742,64833941135;171,71306944234857;13527,0001902139;21463,913162728495;0,8949243659087788;0,652238348140354
12,666666666666666;713,4559066613458;492,0156681768038;5583,187764185605;24055,993179552486;450,5801578785243;6617,873995917787;22727,484696070456;173,01663906237155;13519,088556350223;21542,817232317095;0,8887236526672466;0,6494198421214756
12,75;714,4288425232843;494,8635863249105;5536,005962113551;24002,34157837706;453,38515984940733;6571,8937195705375;22710,866094856447;174,3215527447077;13510,981689974358;21621,294173912236;0,8825526483313039;0,6466148401505927
12,833333333333334;715,3955013359754;497,69280572811584;5489,131404959345;23947,211945909065;456,17655418496673;6526,092066846924;22692,813128721504;175,62778824834027;13502,682244464415;21699,346258704823;0,8764115807930732;0,6438234458150333
12,916666666666666;716,3559635752413;500,50328284584276;5442,567390196488;23890,640473788004;458,9542416611206;6480,473678775216;22673,346565312357;176,93532354735495;13494,192827190878;21776,975712801457;0,8703006683455348;0,6410457583388793
13,0;717,3103081791287;503,29498034006235;5396,317018234963;23832,663281526544;461,7181274094739;6435,043047853017;22652,487335138332;178,24413682537698;13485,516000697156;21854,184718208304;0,8642201196991575;0,638281872590526
13,083333333333334;718,2586125868407;506,06786696936416;5350,3831959766585;23773,316393847;464,46812090624485;6389,80451924137;22630,256519645904;179,5542064701396;13476,654283843794;21930,975413790897;0,8581701340062613;0,6355318790937551
13,166666666666666;719,200952776444;508,82191747939237;5304,768640436914;23712,635718581703;467,2041359577361;6344,762292014897;22606,67533922234;180,86551106818095;13467,61015291753;22007,34989621025;0,8521509008929805;0,6327958640422638
13,25;720,1374033013974;511,5571124899312;5259,47588242629;23650,657025164663;469,9260906824177;6299,920420467695;22581,76514115157;182,17802939966595;13458,386042706576;22083,31022083625;0,8461626004986811;0,6300739093175823
13,333333333333334;721,0680373259469;514,2734383789209;5214,507270286655;23587,415923738616;472,6339074896945;6255,282815474493;22555,54738754431;183,49174043333034;13448,984347543284;22158,858402639038;0,8402054035226721;0,6273660925103055
13,416666666666666;721,9929266594281;516,9708871636832;5169,86497367565;23522,94784489968;475,327513055439;6210,85324590631;22528,04364326431;184,80662332154404;13439,407422315413;22233,996417059072;0,8342794712780343;0,624672486944561
13,5;722,9121417895152;519,6494563796332;5125,5509873936235;23457,28802009894;478,0068382943734;6166,635340099728;22499,275563872103;186,1226573954907;13429,6575834471;22308,726200856763;0,8283849557523786;0,6219931617056266
13,583333333333334;723,8257519144576;522,3091489567487;5081,56713524705;23390,471462717076;480,671818329392;6122,632587378545;22469,26488360602;187,43982216046103;13419,737109850612;22383,04965294193;0,8225219996753376;0,619328181670608
13,666666666666666;724,7338249743394;524,9499730940645;5037,915073942721;23322,532949827524;483,3223924579204;6078,848339626638;22438,033403421305;188,75809729125703;13409,648243849912;22456,9686351842;0,8166907365925752;0,6166776075420796
13,75;725,6364276813969;527,5719421324541;4994,596297006873;23253,507004659197;485,9585041154098;6035,285812910476;22405,602979105734;190,07746262770468;13399,39319207706;22530,484973204733;0,8108912909460984;0,6140414958845901
13,833333333333334;726,5336255494282;530,1750744259532;4951,61213872357;23183,427879768773;488,580100836072;5991,948089149676;22371,99550949035;191,39789817027255;13388,974126342306;22603,600457149732;0,8051237781606416;0,6114198991639279
13,916666666666666;727,4254829223283;532,7593932118748;4908,963778086874;23112,329540930197;491,1871342109607;5948,838117833904;22337,23292477307;192,719384075794;13378,39318447889;22676,31684244666;0,7993883047358864;0,6088128657890393
14,0;728,3120630017797;535,3249264799579;4866,652242761339;23040,24565174642;493,77955984351127;5905,95871778419;22301,337174971908;194,04190065329055;13367,65247116336;22748,635850543415;0,7936849683442753;0,6062204401564887
14,083333333333334;729,1934278741282;537,8717068407834;4824,678413045547;22967,20955898678;496,35733730265025;5863,312578956712;22264,33021852386;195,3654283598941;13356,75405871223;22820,559169631153;0,7880138579341694;0,6036426626973497
14,166666666666666;730,0696385364723;540,3997713936837;4783,043025833621;22893,254278651293;498,9204300735914;5820,9022642869495;22226,23401104469;196,6899477968661;13345,699987855853;22892,088455351277;0,782375053838099;0,6010795699264087
14,25;730,9407549219961;542,9091615943642;4741,746678569714;22818,41248276109;501,46880550643345;5778,730211572024;22187,07049426381;198,01543970571115;13334,492268490154;22963,22533148684;0,7754467029300564;0,595740464031343
14,333333333333334;731,806835924568;545,3999231224449;4700,7898331908;22742,71648687322;504,0024347626796;5736,798735389067;22146,861585148265;199,34188496438327;13323,132880407124;23033,97139063935;0,7675924522356932;0,5883929391882291
14,416666666666666;732,6679394226336;547,8721057491248;4660,172820053077;22666,198238315017;506,521292759796;5695,110029047209;22105,62916522786;200,66926458358284;13311,623774004618;23104,328194890855;0,7597839924446325;0,5810882509965917
14,5;733,5241223024258;550,3257632051576;4619,895841837721;22588,88930513317;509,0253581139303;5653,66616657094;22063,395070133767;201,9975597031421;13299,966870976268;23174,297276452162;0,7520213898468161;0,5738264614696021
14,583333333333334;734,3754404805153;552,760953049324;4579,958977431705;22510,82086574993;511,51461308090984;5612,469104712388;22020,1810793612;203,32675158849727;13288,164064982093;23243,88013829744;0,7443046994491795;0,5666076220653614
14,666666666666666;735,221948925724;555,1777365375715;4540,362185779782;22432,023699318404;513,9890434956385;5571,520684990136;21976,008906266576;204,65682162724602;13276,21722230045;23313,078254785658;0,7366339651635206;0,5594317738626483
14,75;736,063701680423;557,5761784929865;4501,105309703811;22352,52817676692;516,4486387100121;5530,822635752136;21930,900188308075;205,98775132578768;13264,12818246195;23381,893072269217;0,7290092199989624;0,5522989477409649
14,833333333333334;736,9007518812366;559,9563471767544;4462,188079685913;22272,36425252194;518,8933915294707;5490,376574260273;21884,876477538364;207,31952230604531;13251,898758865884;23450,32600969028;0,7214304862586408;0,5452091645645349
14,916666666666666;737,7331517791685;562,3183141602512;4423,610117612054;22191,561456897387;521,3232981483044;5450,184008794147;21837,959231356825;208,65211630226733;13239,530739379783;23518,378459165036;0,7138977757402564;0,5381624353699173
15,0;738,5609527591754;564,6621541984044;4385,37094047293;22110,148889137286;523,7383580838292;5410,246340771601;21790,169803528028;209,98551515790746;13227,025886922527;23586,051786556218;0,7064110899401295;0,5311587615568952
15,083333333333334;739,3842053592003;566,98794510445;4347,469964019274;22028,155211098594;526,138574109547;5370,564866883655;21741,529435472763;211,3197008225813;13214,385940031698;23653,347332034507;0,6989704202604043;0,5241981350823137
15,166666666666666;740,2029592886872;569,2957676262042;4309,906506368759;21945,608641558694;528,5239521874013;5331,140781241334;21692,05924783629;212,65465534909802;13201,612613415477;23720,26641062873;0,6915757482190561;0,5172805386565362
15,25;741,0172634465923;571,5857053239598;4272,6797915620755;21862,536951133214;530,8945013992399;5291,975177532148;21641,78023233875;213,99036089056563;13188,707598489731;23786,81031276556;0,6842270456623565;0,5104059459422043
15,333333333333334;741,8271659389073;573,8578444501071;4235,788953065813;21778,967457787523;533,2502338775915;5253,069051183812;21590,71324391114;215,32679969756856;13175,672563900667;23852,980304798803;0,6769242749794663;0,5035743217549845
15,416666666666666;742,6327140957137;576,1122738305739;4199,233037220006;21694,927022925775;535,5911647358624;5214,4233015328955;21538,878993119688;216,66395411541592;13162,509156033468;23918,77762952855;0,6696673893188265;0,4967856222659989
15,5;743,4339544877794;578,3490847481683;4163,011006628494;21610,44204804069;537,9173119980546;5176,038733996282;21486,298038881312;218,0018065814594;13149,218999507446;23984,203506710695;0,6624563328060307;0,49003979520564156
15,583333333333334;744,230932942715;580,5683708279;4127,121743490278;21525,538471906562;540,2286965281068;5137,916062243119;21432,99078147142;219,34033962247904;13135,803697657999;24049,259133556876;0,655291040762869;0,4833367800684904
15,666666666666666;745,0236945607014;582,7702279243517;4091,5640528703734;21440,241768298056;542,5253419589534;5100,055910365205;21378,97745582519;220,67953585213618;13122,264833005898;24113,945685225244;0,6481714399272445;0,4766765083190352
15,75;745,8122837298051;584,9547540111594;4056,3366659087424;21354,57694421675;544,8072746213973;5062,4588150437;21324,278125132405;222,01937796849174;13108,60396771413;24178,26431530218;0,6410974486736685;0,47005890359794794
15,833333333333334;746,5967441408912;587,1220490726575;4021,438242966144;21268,568538607702;547,0745234728846;5025,125227710197;21268,912674726063;223,3598487515891;13094,822644032834;24242,216156275397;0,6340689772340578;0,46348388192863466
15,916666666666666;747,3771188021491;589,2722149977373;3986,8673767058426;21182,240621547608;549,3271200262708;4988,055516700166;21212,900806263504;224,7009310611001;13080,922384732554;24305,802319998533;0,6270859279185605;0,4569513519238147
16,0;748,1534500532408;591,4053554759564;3952,622595110296;21095,61679388658;551,5650982786606;4951,249969396958;21156,26203219893;226,04260783403316;13066,904693526227;24369,023898147483;0,6201481953361523;0,4504612149918843
16,083333333333332;748,9257795790855;593,5215758959386;3918,7023644321102;21008,720187325143;553,7884946404038;4914,7087943645065;21099,01567054548;227,38486208250234;13052,77105548019;24431,881962668776;0,6132556666147483;0,44401336554282905
16,166666666666668;749,6941484232906;595,6209832460881;3885,1050920786747;20921,573464908368;555,9973478643225;4878,432123467044;21041,180839924295;228,7276768915563;13038,52293741458;24494,377566220046;0,6064082216206004;0,43760769119346477
16,25;750,4585970012388;597,703686017645;3851,829129430061;20834,19882191917;558,1916989752443;4842,420013974202;20982,77645489829;230,07103541706624;13024,161788293355;24556,51174260306;0,5996057331767426;0,43124407297179146
16,333333333333332;751,2191651128453;599,7697941100961;3818,872774589843;20746,61798715257;560,3715911999124;4806,672450649861;20923,82122158684;231,41492088367124;13009,689039604313;24618,2855071892;0,5928480672802717;0,4249223855202542
16,416666666666668;751,9758919549911;601,8194187389558;3786,2342750687303;20658,852224553484;562,537069897337;4771,189347823323;20864,33363355832;232,75931658278085;12995,106105729352;24679,69985733792;0,5861350833182553;0,4186424972977227
16,5;752,7288161336446;603,854088450961;3753,9118304008807;20570,92233520026;564,6881824896549;4735,970551441352;20804,3319679963;234,1042058706332;12980,414384305255;24740,755772808134;0,5794666342820699;0,41240427078000086
16,583333333333332;753,4779756756794;605,8748551626788;3721,8681920670915;20482,697000319946;566,8249783935529;4701,015841099744;20743,834282135052;235,44957216640805;12965,615256575285;24801,45421616276;0,572842566979986;0,4062075626586966
16,666666666666668;754,2234080403992;607,8816710958935;3690,078012825015;20394,09176543208;568,9475089523154;4666,324932053163;20682,85840995981;236,79539895039395;12950,710087731784;24861,796133166525;0,5662627222478223;0,40005222403828533
16,75;754,9651501307771;609,8744906271102;3658,543423612645;20305,13848044398;571,0558273685463;4631,8974772020965;20621,42195916737;238,1416697622081;12935,700227250132;24921,782453177617;0,5597269351575066;0,3939381006312158
16,833333333333332;755,7032383044174;611,8532702359244;3627,2664875916744;20215,86892427245;573,1499886376163;4597,733069055772;20559,542308381126;239,4883681990687;12920,587009214229;24981,41408953275;0,5532350352233896;0,3878650329509128
16,916666666666668;756,4377083842494;613,8179684514714;3596,2492017123254;20126,314798391126;575,2300494818821;4563,831241670027;20497,236604615668;240,83547791411843;12905,371752633715;25040,69193992607;0,5467868466061654;0,38183285650254184
17,0;757,1685956689603;615,768545796943;3565,4934983194494;20036,50772080409;577,2960682857198;4530,191472559181;20434,521760985474;242,18298261479833;12890,055761753274;25099,616886782333;0,5403821883142687;0,3758414019714126
17,083333333333332;757,8959349431748;617,7049647321525;3535,0012468004306;19946,47922046123;579,3481050314134;4496,813184581012;20371,414454651567;243,5308660612715;12874,640326354049;25158,189797623952;0,5340208744026185;0,36989049540890107
17,166666666666668;758,6197604873885;619,6271895941295;3504,774255275558;19856,2607321318;581,3862212359351;4463,695747794034;20307,93112500035;244,87911206489542;12859,126722047582;25216,411525432424;0,5277027141686013;0,3639799584157883
17,25;759,3401060876628;621,5351865357275;3474,814272331474;19765,883591752412;583,4104798886509;4430,838481286335;20244,087972048954;246,22770448674254;12843,516210562324;25274,2829090043;0,5214275123451821;0,3581096083229124
17,333333333333332;760,0570050450884;623,4289234622199;3445,1229887983827;19675,37903226459;585,4209453899833;4398,240654975297;20179,90095507042;247,57662723616798;12827,810040023007;25331,804773301657;0,5151950692910516;0,35227925836904833
17,416666666666668;760,7704901850219;625,3083699658652;3415,7020395717127;19584,778179957633;587,4176834910586;4365,901491377627;20115,385791432564;248,9258642694238;12812,009445223011;25388,97792979713;0,5090051811777183;0,34648871787593005
17,5;761,480593866106;627,1734972584154;3386,5530054789187;19494,112051332537;589,4007612343647;4333,820167349083;20050,55795564442;250,2753995883193;12796,115647889952;25445,803176813934;0,5028576401734693;0,3407377924203423
17,583333333333332;762,1873479890739;629,0242781015443;3357,677415192265;19403,41155050225;591,3702468954416;4301,9958157935325;19985,432678603833;251,62521723892596;12780,129856944668;25502,281299860904;0,49675223462413104;0,3350262840032194
17,666666666666668;762,8907840053497;630,8606867351658;3329,076747188242;19312,707467142758;593,3262099256251;4270,427527340808;19920,024947039245;252,9753013103273;12764,0532687537;25558,41307196224;0,49068874923056216;0,3293539912156872
17,75;763,5909329254464;632,6826988036167;3300,752431754597;19222,030475011223;595,2687208958621;4239,114351993115;19854,349503140034;254,32563593341206;12747,887067375561;25614,19925398281;0,48466696522282754;0,32372070940199993
17,833333333333332;764,2878253271688;634,49029127967;3272,705853045741;19131,41113104503;597,1978514416106;4208,055300739607;19788,4208443681;255,67620527971064;12731,632424800859;25669,640594948432;0,47868666053100706;0,31812623081932917
17,916666666666668;764,9814913636275;636,2834423863484;3244,9383511874685;19040,879875057362;599,1136742088403;4177,249347138953;19722,253223444808;257,02699356027375;12715,290501186453;25724,73783236169;0,4727476099525951;0,3125703447943632
18,0;765,6719607710663;638,0621315165023;3217,451224431977;18950,467030043892;601,016262801142;4146,69542886968;19655,860648506772;258,37798502459304;12698,862445083843;25779,491692513286;0,4675609692772591;0,30817072695794434
18,083333333333332;766,3592628765119;639,8263391501172;3190,2457313641007;18860,20280311471;602,906106874738;4116,392449248107;19589,256883423397;259,7291639595626;12682,349393661832;25833,902890788715;0,4630253435006287;0,30476900762547154
18,166666666666668;767,0434266052484;641,5760467693103;3163,323093159869;18770,11728706684;604,7849471782386;4086,3289000443474;19522,417779120413;261,080514688481;12665,752472923734;25887,97213197085;0,4585161267722275;0,3013870950791706
18,25;767,7244804881208;643,3112367709782;3136,684495898453;18680,240462611284;606,6527353822223;4056,461985675247;19455,203798801358;262,4320215700934;12649,072797919185;25941,700110538168;0,4540334350826664;0,2980250763119998
18,333333333333332;768,4024526686754;645,0318923770523;3110,331092928564;18590,602201268917;608,5094243347692;4026,7936276474616;19387,63577935594;263,7836689976727;12632,311472950683;25995,08751095873;0,44957738159655397;0,2946830361974155
18,416666666666668;769,0773709101379;646,7379975423195;3084,2640072905797;18501,232268950273;610,354968030754;3997,325708347657;19319,73458350998;265,13544139813945;12615,469591775069;26048,13500798045;0,44514807672619044;0,2913610575446428
18,5;769,7492626022346;648,4295368597625;3058,484334195461;18412,16033023173;612,189321579908;3968,0600719845984;19251,521097211094;266,48732323122005;12598,548237799961;26100,84326691685;0,44074562820822083;0,2880592211561656
18,583333333333332;770,4181547678629;650,1064954633731;3032,9931435618023;18323,41595334379;614,0124411736256;3938,998525558165;19183,016227205604;267,8392989886423;12581,548484275363;26153,21294392931;0,4363701411832986;0,284777605887474
18,666666666666668;771,0840740696129;651,7688589283912;3007,791482612245;18235,028615883923;615,8242840504909;3910,1428398559337;19114,240898814536;269,1913531933681;12564,471394480515;26205,244686305185;0,4320217182788219;0,28151628870911644
18,75;771,7470468161434;653,4166131689218;2982,880378530544;18147,027711268634;617,6248084604993;3881,494750478052;19045,21605391866;270,5434703988624;12547,318021906121;26256,939132732485;0,42770045969480175;0,27827534477110133
18,833333333333332;772,4070989684202;655,0497443328801;2958,260841180541;18059,442555936494;619,4139736279471;3853,0559588911046;18975,962649160403;271,8956351883982;12530,089410432027;26308,296913570368;0,42340646329292686;0,27505484746969516
18,916666666666668;773,0642561458147;656,6682386942169;2933,9338658885026;17972,302397317304;621,191739712963;3824,8281335118263;18906,5016543735;273,2478321743971;12512,786594500549;26359,318651116595;0,4191398246888888;0,2718548685166666
19,0;773,7185436320716;658,2720825423759;2909,900436289945;17885,636422577463;622,9580677716501;3796,8129108212934;18836,85405124763;274,6000459978044;12495,41059928544;26410,004959870792;0,41490063734803967;0,26867547801102976
19,083333333333332;774,369986381145;659,8612620689356;2886,1615272423933;17799,473768155884;624,7129197148122;3769,011896510537;18767,04083223915;275,95226132749855;12477,96244085668;26460,356446794685;0,41068899268445075;0,26551674451333807
19,166666666666668;775,0186090229103;661,4357632513918;2862,718107805236;17713,843530100363;626,4562582652308;3741,4266666583217;18697,082999736005;277,3044628597348;12460,443126341162;26510,373711568587;0,40650498016344616;0,26237873512258464
19,25;775,6644358687505;662,9955717340374;2839,5711442879615;17628,774775216327;628,1880469134613;3714,058768941987;18627,001565487117;278,6566353176218;12442,853654079387;26560,05734684469;0,4023486874076928;0,2592615155557696
19,333333333333332;776,3074909170251;664,5406727059025;2816,7216033678274;17544,29655303687;629,9082498721165;3686,909723882229;18556,81755030507;280,0087634506311;12425,195013778217;26609,407938496763;0,39822020030692046;0,2561651502301904
19,416666666666668;776,9477978584201;666,0710507757209;2794,1704552780666;17460,437908624164;631,6168320285988;3659,9810261227162;18486,551984052476;281,36083203413904;12407,468186659851;26658,426065866828;0,39411960313136296;0,25308970234852224
19,5;777,5853800811856;667,5866898438973;2771,918677067481;17377,227896208995;633,3137588962504;3633,274145745534;18416,225905921234;282,71282586900077;12389,674145607027;26707,11230200842;0,39004697864899895;0,25003523398674926
19,583333333333332;778,2202606762614;669,0875729714555;2749,967255932208;17294,69559367526;634,9989965638796;3606,790529623379;18345,86036501458;284,06472978115505;12371,813855304621;26755,467213926695;0,38600240824668897;0,24700180618501674
19,666666666666668;778,8524624422954;670,5736822459614;2728,3171926201476;17212,87011789362;636,6725116436259;3580,5316028095463;18275,4764212419;285,41652862126045;12353,888272377659;26803,49136281537;0,38198597205529794;0,24398947904147344
19,75;779,4820078905557;672,0449986444216;2706,9695049083493;17131,780640907313;638,3342712171252;3554,498769966739;18205,095146536543;286,76820726436193;12335,898345525873;26851,185304290717;0,3779977490788995;0,24099831180917464
19,833333333333332;780,1089192497407;673,5015018931786;2685,925231153351;17051,45640696928;639,9842427799323;3528,693416835762;18134,737626405873;288,119750609587;12317,845015654844;26898,54958862212;0,3740378173281625;0,2380283629961219
19,916666666666668;780,7332184706884;674,9431703248363;2665,1854339140527;16971,92675042927;641,6223941841581;3503,1169117452096;18064,424961824996;289,4711435798721;12299,729216003841;26945,58476096013;0,37010625395802055;0,2350796904685154
20,0;781,3549272309881;676,3699807322731;2644,751203646302;16893,22111446326;643,2486935792787;3477,7706071632565;17994,17827148285;290,8223711217172;12281,551872270407;26992,291361560972;0,3662031354097312;0,2321523515572984
20,083333333333332;781,9740669394974;677,781908219822;2624,6236624678745;16815,36907063706;644,8631093510702;3452,6558412927357;17924,01869439244;292,1734182049697;12263,313902731772;27038,669926008595;0,36232853755743155;0,22924640316807365
20,166666666666668;782,5906587407653;679,1789260517246;2604,8039679918875;16738,40033928868;646,4656100586251;3427,7739397106816;17853,967392874645;293,52426982263626;12245,016218363193;27084,720985433625;0,3584825358592998;0,22636190189447486
20,25;783,2047235193654;680,5610054980029;2585,293317226018;16662,34481071012;648,0561643694012;3403,1262170535056;17784,04555592575;294,874910990722;12226,659722953227;27130,445066729186;0,354665205513437;0,22349890413507778
20,333333333333332;783,8162819041406;681,9281156779238;2566,092950534062;16587,23256710417;649,6347409922579;3378,713978749104;17714,274402980125;296,2253267480977;12208,245313216084;27175,842692764356;0,350876621618581;0,22065746621393578
20,416666666666668;784,4253542723608;683,2802234012801;2547,204155655422;16513,093905283127;651,2013086084291;3354,5385227970683;17644,67518807743;297,575502156393;12189,773878901073;27220,914382594456;0,34711685933977005;0,21783764450482754
20,5;785,0319607537976;684,6172930077599;2528,6282717770177;16439,959360069974;652,7558358003878;3330,6011415982907;17575,269204445194;298,92542229991676;12171,246302899195;27265,66065166872;0,34338599407906933;0,215039495559302
20,583333333333332;785,636121234716;685,9392862047317;2510,3666936509426;16367,859728352912;654,2982909785502;3306,9031238352463;17506,077789506664;300,2750722856029;12152,663461347021;27310,082012035084;0,3396841016514795;0,21226307623860963
20,666666666666668;786,237855361786;687,2461619038411;2492,4208757496076;16296,826093734657;655,8286423057749;3283,445756404146;17437,12233032454;301,62443724298186;12134,026223727828;27354,178972542344;0,3360112584661402;0,20950844384960515
20,75;786,8371825459162;688,5378760568849;2474,792336448624;16226,889851705393;657,3468576196072;3260,2303264002785;17368,424269490184;302,97350232417733;12115,335452970105;27397,952039039625;0,3323675417129426;0,20677565628470695
20,833333333333332;787,4341219660113;689,8143814915171;2457,4826622257833;16158,082735255972;658,8529043522244;3237,258123157724;17300,00511146824;304,3222527039276;12096,592005543473;27441,40171457309;0,3287530295546614;0,20406477216599606
20,916666666666668;788,0286925726546;691,0756277474296;2440,4935118623544;16090,436840832419;660,3467494480362;3214,5304403446717;17231,886429405913;305,670673579631;12077,796731552093;27484,528499580014;0,325167801324713;0,20137585099353478
21,0;788,6209130917173;692,3215609137638;2423,8266206306234;16023,984654517182;661,8283592789003;3192,0485781154584;17164,089872416585;307,01875017141555;12058,95047482559;27527,332892080365;0,32161193773063934;0,1987089532979795
21,083333333333332;789,2108020278981;693,5521234686231;2407,483804448836;15958,75907830141;663,2976995569122;3169,813845320425;17096,63717334522;308,3664677222316;12040,054073007543;27569,81538786544;0,31808552106341065;0,19606414079755802
21,166666666666668;789,7983776681923;694,767254121693;2391,4669639818753;15894,793456294925;664,7547352447372;3147,8275617746476;17029,55015702514;309,7138114979679;12021,108357641662;27611,976480684298;0,3145886354126308;0,1934414765594731
21,25;790,383658085293;695,9668876611248;2375,778088662483;15832,121600693476;666,1994304634514;3126,0910605863783;16962,850749032386;311,0607667875898;12002,114154255609;27653,816662427456;0,3111213668877165;0,19084102516578738
21,333333333333332;790,9666611409274;697,1509548060018;2360,4192606042034;15770,777817298005;667,6317483978725;3104,6056905460373;16896,560984944208;312,40731890329994;11983,07228244258;27695,336423307806;0,3076838038451061;0,18826285288382957
21,416666666666668;791,5474044891267;698,3193820658913;2345,39265837314;15710,796930352768;669,0516511993587;3083,372818576373;16830,703020108187;313,7534531807208;11963,983555940686;27736,536252039485;0,30427603712153906;0,18570702784115428
21,5;792,1259055794344;699,4720916091893;2330,7005605808854;15652,214306433763;670,459099886074;3062,3938322442;16765,299139924966;315,09915497909816;11944,848782710149;27777,416636013695;0,3008981602734224;0,1831736202050668
21,583333333333332;792,7021816600524;700,6090011421809;2316,3453492561275;15595,065877086317;671,8540542407178;3041,67014233401;16700,371770648577;316,44440968152605;11925,668765008406;27817,97806147243;0,2975502698222773;0,18066270236670795
21,666666666666668;793,2762497809262;701,7300238009854;2302,329512946787;15539,38815986959;673,2364727057371;3021,203185483364;16635,94349070498;317,78920269519165;11906,444299463157;27858,221013679475;0,2942324655062309;0,17817434912967317
21,75;793,8481267967716;702,8350680588144;2288,65564949852;15485,218277424094;674,6063122760501;3000,9944268797253;16572,037042528482;319,1335194516408;11887,176177143363;27898,14597708906;0,29094485053747987;0,1757086379031099
21,833333333333332;794,4178293700451;703,9240376512536;2275,3264684489295;15432,593974131336;675,9635283893268;2981,0453630180377;16508,67534491273;320,4773454070627;11867,86518362827;27937,753435511815;0,2876875318656156;0,17326564889921173
21,916666666666668;794,9853739738556;704,9968315225815;2262,3447929697877;15381,553629885964;677,308074813895;2961,3575245179563;16445,881505871665;321,8206660425947;11848,512099074558;27977,04387227875;0,28446062044665194;0,17084546533498896
22,0;795,5507768948233;706,0533437964609;2249,713561281854;15332,136270444793;678,6399035343561;2941,9324789990155;16383,678836000474;323,1634668646451;11829,117698281523;28016,017770402126;0,2812642315175453;0,168448173638159
22,083333333333332;796,1140542358838;707,0934637746752;2237,4358274590604;15284,38157376312;679,9589646350291;2922,7718340116808;16322,090862326348;324,5057334052348;11809,682750754457;28054,67561273451;0,27809848487593003;0,16607386365694757
22,166666666666668;796,6752219190403;708,1170759679364;2225,514761530215;15238,32987166603;681,2652061813643;2903,8772400213675;16261,141342631894;325,84745122235745;11790,208020766226;28093,017882125077;0,2749635051647257;0,16372262887354425
22,25;797,2342956880632;709,1240601631525;2213,953648777596;15194,022146140938;682,5585740995043;2885,250393441899;16200,85428023147;327,1886059003564;11770,694267417071;28131,04506157364;0,27185942216118963;0,16139456662089224
22,333333333333332;797,7912911111413;710,1142915319116;2202,755888122766;15151,50001947254;683,8390120542099;2866,893039713972;16141,253939174505;328,5291830503197;11751,14224469267;28168,75763438204;0,2687863710698962;0,1590897783024222
22,416666666666668;798,3462235834829;711,0876407853018;2191,924989480742;15110,805737376619;685,1064613254092;2848,8069764232846;16082,364859845471;329,8691683104916;11731,552701520539;28206,1560843036;0,2657444928190179;0,15680836961426342
22,5;798,8991083298687;712,0439743805425;2181,464569954528;15071,982144221774;686,3608606836809;2830,994056451843;16024,211874921133;331,2085473467005;11711,926381824784;28243,24089568966;0,2627339343591658;0,15455045076937435
22,583333333333332;799,4499604071581;712,9831547852283;2171,378348733154;15035,072649367501;687,6021462650348;2813,456191154694;15966,82012564115;332,54730585280316;11692,264024579204;28280,01255363422;0,25975484896391654;0,1523161367229374
22,666666666666668;799,99879470675;713,9050408052824;2161,6701405482445;15000,121183584852;688,8302514454197;2796,1953535530824;15910,215078337193;333,8854295511441;11672,566363858872;28316,471544115775;0,2568073965309928;0,1501055473982446
22,75;800,5456259569982;714,8094879829549;2152,34384753669;14967,172144474775;690,0451067154561;2779,2135815332585;15854,422541158032;335,222904193031;11652,834128890147;28352,618354137165;0,25389174388290536;0,14791880791217904
22,833333333333332;801,0904687255824;715,696349071365;2143,403449351081;14936,270329753435;691,2466395559712;2762,5129810385515;15799,468680916318;336,55971555922423;11633,068044099178;28388,453471862962;0,2510080650656691;0,1457560487992518
22,916666666666668;801,6333374218373;716,565474592158;2134,852991355433;14907,460857242882;692,434774315002;2746,095729240278;15745,380039971087;337,89584946044124;11613,268829158953;28423,977386754188;0,24815654164399528;0,1436174062329965
23,0;802,1742462990397;717,4167134827945;2126,6965707419813;14880,78907039148;693,6094320870293;2729,964077670883;15692,183553047764;339,23129173787476;11593,437199034901;28459,190589701193;0,2453373629911297;0,1415030222433473
23,083333333333332;802,7132094566529;718,2499138397876;2118,93832040613;14856,30042815277;694,7705305953169;2714,120355300261;15639,906563881215;340,56602826372483;11573,573864029124;28494,093573154023;0,24255072657123936;0,13941304492842954
23,166666666666668;803,2502408425325;719,0649237638178;2111,5823904216313;14834,040378084275;695,9179840783459;2698,5669715333984;15588,576841551429;341,900044941744;11553,679529823201;28528,6868312501;0,23979683821196995;0,13734762865897746
23,25;803,7853542550922;719,8615923120587;2104,6329269678695;14814,05421159296;697,0517031814709;2683,3064191046674;15538,22259636466;343,2333277077953;11533,754897519713;28562,97085994018;0,23707591236446987;0,1353069342733524
23,333333333333332;804,3185633454309;720,6397705621966;2098,0940485758365;14796,38690035225;698,1715948550683;2668,3412768405333;15488,872495110447;344,5658625304227;11513,800663682423;28596,946157111426;0,2343881723478361;0,13329112926087708
23,416666666666668;804,8498816194227;721,3993127914961;2091,9698195808564;14781,082913063321;699,2775622606058;2653,6742122590654;15440,555675505833;345,89763541143367;11493,817520375205;28630,613222708707;0,23173385057454607;0,13130038793090956
23,5;805,3793224397692;722,1400777728178;2086,2642206981664;14768,186011923692;700,3695046862356;2639,307983970423;15393,301759610891;347,22863238649325;11473,806155199727;28663,97255885298;0,2295565943765173;0,12985219812550577
23,583333333333332;805,906899028016;722,8619301877065;2080,981116673786;14757,73902841935;701,4473174737024;2625,245443838341;15347,140865977437;348,55883952572947;11453,7672513319;28697,024669957973;0,2282632190315572;0,12942107301051906
23,666666666666668;806,432624466534;723,5647421545157;2076,124221007737;14749,783618361133;702,510891958558;2611,4895388578416;15302,103620260388;349,88824293434965;11433,701487557164;28729,770062844076;0,22698692964973044;0,1289956432165768
23,75;806,9565117004661;724,2483948670092;2071,6970578004575;14744,35999646216;703,5601154258917;2598,0433126994003;15258,22116399414;351,216828753267;11413,609538304609;28762,20924685021;0,22572786148892998;0,12857595382964332
23,833333333333332;807,478573539639;724,9127803359892;2067,702920836422;14741,506651189173;704,5948710840156;2584,9099068643595;15215,525161201478;352,54458315973733;11393,492073679976;28794,342733943296;0,2244861546991813;0,12816205156639376
23,916666666666668;807,9988226604439;725,5578032232497;2064,1448300912457;14741,260041124911;705,6150380587886;2572,0925613905847;15174,047802468775;353,8714923680055;11373,349759497542;28826,17103882557;0,22326195432945364;0,12775398477648456
24,0;808,517271607682;726,1833827536079;2061,0254859298548;14743,654274642908;706,6204914115157;2559,5946150413824;15133,821806083279;355,1975426299609;11353,18325731096;28857,694679039258;0,2220554103061812;0,12735180343539373
24,083333333333332;809,0339327963804;726,7894546869642;2058,3472213518517;14748,720775317794;707,6111021836239;2547,419504904158;15094,88041579161;356,52272023580224;11332,993224443027;28888,914175069505;0,22086667737965138;0,12695555912655046
24,166666666666668;809,5488185135763;727,3759733283993;2056,1119527354067;14756,487936155152;708,586737471586;2535,5707653189143;15057,257394696011;357,84701151471023;11312,780314014455;28919,83005044451;0,21969591503409674;0,1265653050113656
24,25;810,0619409200687;727,9429135503373;2054,3211296294257;14766,980766418774;709,5472605358342;2524,052026049756;15020,9870147663;359,1704028355289;11292,545174971652;28950,442831833785;0,21854328735699896;0,12618109578566633
24,333333333333332;810,5733120521434;728,4902727969464;2052,9756842432844;14780,220535529275;710,4925309476722;2512,8670096058613;14986,104041402054;360,49288060745397;11272,288452113495;28980,753049143736;0,21740896286279335;0,12580298762093112
24,416666666666668;811,0829438232665;729,0180730373806;2052,075981379923;14796,22441918928;711,4224047784563;2502,019527611779;14952,643712440753;361,8144312807293;11252,010786117235;29010,761235611433;0,2162931142658524;0,12543103808861747
24,5;811,5908480257496;729,5263626313844;2051,621769647147;14815,00515351883;712,3367348355507;2491,5134761202553;14920,641710965674;363,1350413473495;11231,71281356343;29040,46792789583;0,21519591819733916;0,12506530606577973
24,583333333333332;812,097036332387;730,0152180683962;2051,6121348591296;14836,57070353392;713,2353709497785;2481,352829754971;14890,13413123191;364,4546973417696;11211,395166960001;29069,873666166706;0,21411755486026582;0,12470585162008861
24,666666666666668;812,601520298066;730,484745539798;2052,045456599771;14860,923952729841;714,118160319259;2471,541634565213;14861,157436995501;365,77338584162055;11191,058474765436;29098,978994191486;0,2130582076168892;0,12435273587229641
24,75;813,1043113613489;730,9350823035743;2052,9193689566996;14888,062420804825;714,9849479146452;2462,0839994701755;14833,748411503419;367,09109346843053;11170,703361411137;29127,784459419872;0,21201806250242577;0,12400602083414192
24,833333333333332;813,6054208460289;731,3663978015281;2054,2307264443652;14917,978016642463;715,8355769508219;2452,984086167592;14807,944098381511;368,4078068883517;11150,330447322958;29156,290613065918;0,21099730765901378;0,12366576921967126
24,916666666666668;814,1048599626615;731,7788944914948;2055,975576112519;14950,65683353775;716,6698894300947;2444,246097380176;14783,781732650314;369,7235128128917;11129,940348941931;29184,498010188217;0,20999613268388634;0,12333204422796212
25,0;814,6026398100687;732,1728083607512;2058,149136779167;14986,078993269868;717,4877267617572;2435,87426331417;14761,298661099361;371,0381979996504;11109,533678744245;29212,407209767705;0,20901472788589132;0,1230049092952971
25,083333333333332;815,0987713768183;732,5484090920609;2060,745786232937;15024,218544990981;718,2889304626564;2427,872826207786;14740,532251270555;372,35184925305975;11089,111045260457;29240,018774783104;0,20805328344481236;0,12268442781493746
25,166666666666668;815,5932655426803;732,9059998604253;2063,759057118935;15065,043424008909;719,0733429429614;2420,2460228540476;14721,519788338997;373,66445342512867;11068,673053093962;29267,333272284468;0,20711198846844633;0,12237066282281545
25,25;816,0861330800585;733,2459167464718;2067,1816420563773;15108,515474404438;719,8408083807526;2412,9980649929735;14704,298359237691;374,9759974161905;11048,220302938791;29294,351273464115;0,20619102994309688;0,12206367664769896
25,333333333333332;816,5773846553977;733,5685277612472;2071,005408339667;15154,59053807592;720,5911736882588;2406,133117482648;14688,904723459518;376,28646817565414;11027,7533915967;29321,07335372573;0,20529059157408946;0,12176353052469649
25,416666666666668;817,0670308305696;733,8742314866728;2075,2214223537635;15203,218611279037;721,3242895715738;2399,655274178474;14675,37517008244;377,5958527027574;11007,27291199359;29347,500092750866;0,20441085251411145;0,12147028417137049
25,5;817,5550820642352;734,1634553456787;2079,81998359742;15254,344068093;722,0400116844371;2393,5685314748953;14663,745360712273;378,9041380473233;10986,779453195306;29373,632074563735;0,2035519859786755;0,12118399532622516
25,583333333333332;818,0415487131849;734,436653525637;2084,7906679639123;15307,905948552678;722,7382018751705;2387,8767594949522;14654,050158217524;380,21131131051783;10966,273600422797;29399,46988759333;0,20271415774979543;0,1209047192499318
25,666666666666668;818,5264410336572;734,6943045877423;2090,1223796886966;15363,83830752191;723,4187295241031;2382,583670950359;14646,323441352895;381,5173596456097;10945,755935066676;29425,014124733494;0,20189752457107626;0,12063250819035876
25,75;819,0097691826367;734,9369088030234;2095,8034111478723;15422,070618812217;724,0814729667915;2377,6927877388516;14640,597905626872;382,82227025873095;10925,227034701187;29450,265383401118;0,20110223243985026;0,12036741081328342
25,833333333333332;819,49154321913;735,1649852623566;2101,8215094903326;15482,528227647077;724,7263209960572;2373,2074053961296;14636,904851067216;384,12603040963893;10904,687473097643;29475,22426559166;0,20032841480473135;0,12010947160157712
25,916666666666668;819,9717731054225;735,3980955807494;2108,163948919335;15545,132843401996;725,3531744333454;2369,1305555768195;14635,273957878797;385,42862741247853;10884,137820237276;29499,891377933007;0,1995761906799855;0,11985873022666182
26,0;820,4504687083137;735,6436447497764;2114,341938116826;15606,704129573793;725,9619477571839;2365,464966801926;14635,7330513596;386,73004863654467;10863,578642323599;29524,26733173675;0,19884566269137932;0,11961522089712644
26,083333333333332;820,9276398003342;735,9021452754778;2120,170598963432;15666,034297168333;726,5525707736527;2362,2130237782444;14638,307857847647;388,0302815070447;10843,010501794226;29548,352743047493;0,1981369150716167;0,1193789716905389
26,166666666666668;821,4032960609427;736,1741116021685;2125,63736312141;15723,036182494787;727,1249903108238;2359,376725667036;14643,021753897976;389,3293135058602;10822,433957332236;29572,148232690164;0,19745001162701142;0,11915000387567047
26,25;821,877447077704;736,4600578167531;2130,7296114693545;15777,621799293163;727,6791719161926;2356,9576437529718;14649,895511329283;390,627132172308;10801,849563877062;29595,654426314963;0,19678499370056893;0,11892833123352298
26,333333333333332;822,3501023474481;736,7604951723473;2135,4347315237733;15829,702678756168;728,2151015333018;2354,956879037786;14658,947041219608;391,92372510389987;10781,2578726349;29618,871954440285;0,19614187816003786;0,1187139593866793
26,416666666666668;822,8212712774124;737,0759294452919;2139,7401793775202;15879,190239487376;728,7327871311813;2353,3750203536583;14670,19114035403;393,2190799571009;10760,659431088707;29641,80145249344;0,1955206554425824;0,11850688514752747
26,5;823,2909631863645;737,4068581439101;2143,633545803013;15925,996185607999;729,232260258024;2352,2121036557764;14683,639244016278;394,513184448086;10740,054783007787;29664,44356084953;0,19492128769037123;0,1183070958967904
26,583333333333332;823,7591873057085;737,753767591653;2147,10262606136;15970,032930576399;729,7135774888387;2351,4675732085125;14699,299189349242;395,8060263534939;10719,444468456963;29686,798924867944;0,19434370701339354;0,11811456900446451
26,666666666666668;824,2259527805732;738,1171299114574;2150,1354928513874;16011,214043629587;730,1768217358067;2351,140245421743;14717,174993769046;397,09759351117896;10698,829023805363;29708,868194926887;0,19378781391703198;0,11792927130567732
26,75;824,6912686708839;738,4973999420714;2152,720571727895;16049,454715106342;730,622103389846;2351,2282761191614;14737,266653077526;398,38787382096007;10678,208981734855;29730,65202645591;0,19325347593218484;0,11775115864406162
26,833333333333332;825,1551439524181;738,8950121206318;2154,8467182203126;16084,672236292487;731,0495612625907;2351,7291320259487;14759,569963961501;399,6768552453662;10657,584871248097;29752,151079966174;0,19274052648489115;0,11758017549496372
26,916666666666668;825,617587517844;739,3103773687591;2156,5032957946587;16116,786488863021;731,4593632996899;2352,6395672456856;14784,076375477493;400,9645258103788;10636,9572176763;29773,366021078968;0,1922487640403721;0,11741625468012404
27,0;826,0786081777427;739,7438800217303;2157,680253727122;16145,720438499879;731,8517070390874;2353,9556054538507;14810,772873879674;402,25087360617005;10616,32654268663;29794,29752055191;0,19177795155309513;0,11725931718436505
27,083333333333332;826,5382146616171;740,1958748417649;2158,3682039003093;16171,400626867939;732,2268197917551;2355,6725284663826;14839,641904755998;403,5358867878371;10595,693364289316;29814,946254303275;0,19132781624989384;0,11710927208329795
27,166666666666668;826,9964156188817;740,6666841570203;2158,558495496305;16193,757655847005;732,5849585271701;2357,7848717465486;14870,661335884724;404,81955357613236;10575,058196844499;29835,3129034343;0,19089804976739588;0,11696601658913196
27,25;827,4532196198409;741,1565951674659;2158,2432865465335;16212,726657765497;732,9264094515383;2360,286427292789;14903,80446352358;406,1018622581882;10554,421551068732;29855,398154249364;0,190488308658154;0,11682943621938466
27,333333333333332;827,9086351566499;741,665857457342;2157,415611309375;16228,247745373124;733,2514872732239;2363,1702542075627;14939,040064009356;407,38280118823747;10533,783934041317;29875,202698274454;0,1900982152721313;0,11669940509071043
27,416666666666668;828,3626706442624;742,194680751432;2156,069442482698;16240,266435430594;733,5605341568089;2366,428697085649;14976,332491599838;408,6623587883284;10513,14584921031;29894,727232273457;0,18972735901182933;0,11657578633727644
27,5;828,8153344213631;742,7432329489081;2154,1997473207603;16248,734040089159;733,8539183744473;2370,053412186337;15015,641822466789;409,94052354903374;10492,50779639835;29913,972458262415;0,18937529795066327;0,11645843265022109
27,583333333333332;829,2666347512875;743,3116384641513;2151,802536811374;16253,608020674938;734,1320326703923;2374,0354011728955;15056,924043684097;411,21728403015453;10471,870271808235;29932,939083522033;0,18904156079552928;0,1163471869318431
27,666666666666668;829,7165798229258;743,8999768988089;2148,874907178404;16254,852299071277;734,3952923614753;2378,36505202238;15100,131284989235;412,4926288614172;10451,233768028324;29951,627820608384;0,18872564916622964;0,11624188305540989
27,75;830,1651777516154;744,5082820636001;2145,4150731029245;16252,437522591701;734,6441332026142;2383,0321865362635;15145,212090075034;413,76654674316455;10430,598774037717;29970,039387361183;0,188427040156863;0,11614234671895433
27,833333333333332;830,6124365800187;745,136541362185;2141,422392200383;16246,34127903813;734,8790090518538;2388,02611372503;15192,111723235575;415,0390264470402;10409,96577521127;29988,1745069107;0,18814518913777542;0,11604839637925848
27,916666666666668;831,0583642789885;745,7846955429765;2136,897380445842;16236,548259511375;735,1003893737861;2393,3356882041207;15240,772506379322;416,3100568166656;10389,335253324462;30006,03390768255;0,18787953275145663;0,11595984425048556
28,0;831,5029687484201;746,4526388183008;2131,841718400301;16223,050367463227;735,3197959285418;2398,9493726300593;15291,134180771904;417,57962676831056;10368,707686558073;30023,618323400748;0,18761624488574985;0,11587208162858328
28,083333333333332;831,9462578180911;747,140219344;2126,258248252984;16205,846773418169;735,5503013087289;2404,5793204969586;15341,606327379406;418,8477252915555;10348,083549502739;30040,92849308867;0,18733963842952536;0,11577987947650845
28,166666666666668;832,3882392484895;747,8472400466012;2120,1509618522778;16184,943915720847;735,7923394426911;2409,898912734056;15390,379480801148;420,1143414499467;10327,463313163391;30057,96516106846;0,18704919266877074;0,11568306422292357
28,25;832,8289207316272;748,573459779731;2113,5249800472084;16160,35544855368;736,0463462498116;2414,897495144962;15437,390952748385;421,37946438164346;10306,84744496357;30074,7290769586;0,18674438450022612;0,11558146150007538
28,333333333333332;833,2683098918452;749,3185947866504;2106,3865237974055;16132,102139292583;736,312757974115;2419,564362045392;15482,577437681768;422,64308330005673;10286,236408749595;30091,22099566943;0,186424690431062;0,115474896810354
28,416666666666668;833,7064142866034;750,0823204417487;2098,742877629871;16100,211718010649;736,5920093920329;2423,8887979432548;15525,875221468172;423,90518749447983;10265,630664794711;30107,441677397284;0,18608958872956055;0,11536319624318685
28,5;834,1432414072614;750,8642732406213;2090,6023461213663;16064,718682574308;736,8845319030876;2427,8601223642627;15567,220407651408;425,1657663307101;10245,030669803089;30123,391887616443;0,1857385617162949;0,11524618723876497
28,583333333333332;834,5787986798474;751,6640530060083;2081,974204166002;16025,66406330351;737,1907515148386;2431,4677376043446;15606,549160399165;426,424809251662;10224,436876913782;30139,072397069696;0,18537109818219374;0,11512369939406458
28,666666666666668;835,0130934658149;752,4812252753901;2072,8686418459774;15983,095151569225;737,5110867360409;2434,7011791252216;15643,797962855502;427,6823057779712;10203,849735704634;30154,483981757203;0,184986695916751;0,11499556530558366
28,75;835,4461330627898;753,315323835387;2063,29670476062;15937,065196983676;737,8459463945264;2437,5501682443514;15678,903889290184;428,93824550858903;10183,269692196092;30169,62742292327;0,1845848643265683;0,11486162144218942
28,833333333333332;835,8779247053058;754,1658533682436;2053,2702306850724;15887,633078001742;738,19572739876;2440,0046667065853;15711,80488910277;430,19261812136784;10162,69718885502;30184,50350704189;0,18416512712148797;0,11472170904049599
28,916666666666668;836,3084755655296;755,0322921765137;2042,8017834265547;15834,862950799725;738,5608124642562;2442,0549326636433;15742,4400804134;431,4454133736364;10142,132664598448;30199,113025800365;0,1837270250428926;0,11457567501429754
29,0;836,7377927539765;755,9140949535048;2031,9045847253988;15778,823881244396;738,9415678280022;2443,6915775318366;15770,750050671644;432,6966211027657;10121,57655479733;30213,456776081337;0,18327011860639733;0,11442337286879911
29,083333333333332;837,1658833202138;756,8106955689977;2020,5924450117918;15719,589464620396;739,3383409756299;2444,905623149356;15796,677161444875;433,94623122672436;10101,029291280269;30227,535559943397;0,18279399082924416;0,11426466360974805
29,166666666666668;837,5927542535558;757,7215098421094;2008,8796937804004;15657,237437558973;739,7514584072449;2445,6885586145972;15820,165854317507;435,1942337446242;10080,491302337236;30241,35018459977;0,18229824991130616;0,11409941663710206
29,25;838,018412483749;758,6459382758193;1996,7811102861588;15591,849286329589;740,1812234685015;2446,032396157773;15841,162954657666;436,44061873725525;10059,963012723289;30254,90146239569;0,18178253183779824;0,11392751061259943
29,333333333333332;838,4428648816468;759,5833687305267;1984,311855198243;15523,509855317448;740,6279142736432;2445,9297253811883;15859,61796988776;437,68537636760976;10039,444843662344;30268,19021078418;0,18124650287162813;0,11374883429054271
29,416666666666668;838,8661182598744;760,5331790169544;1971,487403778002;15452,306959146172;741,0917817467956;2445,373765200088;15875,483378844438;438,9284968813963;10018,937212850924;30281,217252300186;0,18068986190384526;0,11356328730128176
29,5;839,2881793734858;761,494739391682;1958,3234810730005;15378,331001513689;741,5730478067735;2444,358412826969;15888,71490883206;440,1699706075422;9998,440534461952;30293,983414533366;0,1801123426318718;0,1133707808772906
29,583333333333332;839,70905492061;762,4674149415052;1944,8359995450971;15301,674603412821;742,0719037190664;2442,8782891678084;15899,271797065174;441,40978795868534;9977,955219148591;30306,48953009917;0,17951371553712028;0,11317123851237343
29,666666666666668;840,1287515430893;763,4505678456233;1931,0409994776194;15222,432243013644;742,5885086365112;2440,9287800385896;15907,11703336131;442,6479394316547;9957,481674048116;30318,73643660889;0,1788937896361866;0,11296459654539553
29,75;840,5472758271075;764,4435595072943;1916,9545924366503;15140,699909096267;743,1229883475089;2438,5060726644524;15912,217581179022;443,8844156079395;9937,020302785864;30330,72497663768;0,1782524139829893;0,11275080466099643
29,833333333333332;840,964634303811;765,445752549055;1902,59290799533;15056,574769559293;743,6754342475532;2435,607186989964;15914,544574399159;445,1192071541468;9916,571505479198;30342,455997691774;0,17758947890293617;0,11252982630097871
29,916666666666668;841,3808334499196;766,4565126678255;1887,9720438688992;14970,154856179926;744,2459025463928;2432,230001406444;15914,073487602773;446,3523048224477;9896,135678741604;30353,93035217377;0,17690491694432864;0,11230163898144288
30,0;841,7958796883296;767,475210348221;1873,1080195523532;14881,538766488165;744,834413719456;2428,373272588169;15910,784278008217;447,5836994510117;9875,713215686797;30365,148897347008;0,17619870353665273;0,11206623451221759
30,083333333333332;842,2097793887093;768,5012224341523;1858,016733502714;14790,825383326213;745,4409522083114;2424,0366492218386;15904,661497669851;448,8133819644291;9855,304505932947;30376,1124952982;0,17547085735002635;0,11182361911667545
30,166666666666668;842,6225388680846;769,5339335603159;1842,7139238639256;14698,113612409432;746,0654663710458;2419,2206795099482;15895,69437501066;450,0413433741218;9834,909935607006;30386,82201289918;0,17472144035474507;0,1115738134515817
30,25;843,0341643914177;770,5727374464694;1827,215132694218;14603,502137976251;746,7078686796082;2413,92681242597;15883,876865235809;451,26757477874185;9814,529887349068;30397,278321766953;0,1739505575844702;0,11131685252815673
30,333333333333332;843,4446621721784;771,6170380584581;1811,535673623706;14507,089196422347;747,3680361575023;2408,1573927952377;15869,207669652385;452,4920673645575;9794,164740316895;30407,48229822266;0,17315835661099727;0,1110527855369991
30,416666666666668;843,8540383729056;772,6662506408254;1795,690602843007;14408,97236764572;748,0458110478012;2401,9156503669024;15851,690224379421;453,7148124058278;9773,814870190521;30417,434823249452;0,17234502674263857;0,11078167558087954
30,5;844,2622991057638;773,719802626523;1779,6946933020054;14309,248383692191;748,7410016983844;2395,205683127611;15831,332659365913;454,9358012651641;9753,480649176945;30427,13678244884;0,17151079796193877;0,11050359932064625
30,583333333333332;844,6694504330893;774,7771344297437;1763,5624119810188;14208,012954178346;749,4533836486287;2388,0324351844847;15808,1477290326;456,1550253938797;9733,16244601499;30436,589065996013;0,17065593962164557;0,11021864654054853
30,666666666666668;845,0754983679313;775,8377001282606;1747,3079000836406;14105,360607880648;750,1827008995585;2380,4016696115154;15782,15271620331;457,37247633232664;9712,86062598024;30445,792568593977;0,16978075892052974;0,10992691964017659
30,75;845,4804488745847;776,9009680418835;1730,944955991768;14001,384549810147;750,9286673477183;2372,3199367093202;15753,369311292483;458,58814571022;9692,575550890118;30454,7481894267;0,1688855991827381;0,10962853306091269
30,833333333333332;845,884307869115;777,966421213755;1714,4870208175291;13896,176533044438;751,6909683617696;2363,7945381716604;15721,823468957631;459,8020252469499;9672,307579109118;30463,456832110805;0,1679708379658765;0,10932361265529217
30,916666666666668;846,2870812198776;779,0335578012237;1697,9471663840002;13789,826744554668;752,4692624800456;2354,833487683635;15687,545244612542;461,0141067518805;9652,057065554127;30471,91940464646;0,16703688502394531;0,10901229500798176
31,0;846,688774748029;780,1018913829652;1681,3380854663478;13682,423704248169;753,2631832069849;2345,4454684957996;15650,568613323097;462,2243821246363;9631,824361699926;30480,136819367108;0,16608418015161813;0,10869472671720605
31,083333333333332;847,0893942280323;781,1709511888886;1664,672084126596;13574,054176439222;754,0723408864914;2335,639788526103;15610,931273677797;463,4328433553758;9611,609815584818;30488,10999288801;0,16511319093621035;0,10837106364540346
31,166666666666668;847,4889453881545;782,240282259177;1647,9610759785942;13464,803092964832;754,8963246307809;2325,426333538525;15568,674439244132;464,6394825250523;9591,413771816415;30495,839846054212;0,16412441044306292;0,10804147014768764
31,25;847,8874339109581;783,3094455385822;1631,2165782244392;13354,75348717287;755,7347042841297;2314,8155189343415;15523,842620187606;465,8442918056619;9571,236571577556;30503,32730388698;0,1631183548590443;0,1077061182863481
31,333333333333332;848,2848654337864;784,378017911832;1614,4497093093973;13243,986438029524;756,5870324020805;2303,818240670708;15476,483397558237;467,0472634604784;9551,078552632403;30510,573295529604;0,16209556111750345;0,10736518703916781
31,416666666666668;848,6812455492415;785,4455921857235;1597,6711880488608;13132,581023615925;757,4528462280333;2292,445825792649;15426,64719263706;468,24838984427566;9530,940049332701;30517,578754192265;0,16105658452636;0,10701886150878667
31,5;849,0765798056572;786,5117770231775;1580,8913340879485;13020,614283309873;758,3316696506969;2280,7099830302036;15374,387033591975;469,4476634035368;9510,821392624144;30524,34461709572;0,16000199641916374;0,10666733213972125
31,583333333333332;849,470873707564;787,5761968342194;1564,1200695619914;12908,161187982241;759,2230151275376;2268,622753874007;15319,758321529747;470,64507667665043;9490,72291005301;30530,8718254146;0,1589323818469549;0,10631079394898497
31,666666666666668;849,8641327161503;788,6384916285441;1547,366921833614;12795,294617565338;760,1263855611041;2256,196464500661;15262,818597844009;471,8406222940942;9470,64492577284;30537,161324219258;0,15784833732667503;0,10594944577555834
31,75;850,2563622497145;789,6983168340078;1530,641027190154;12682,08534538885;761,0412761168664;2243,443678876153;15203,627314569187;473,0342929786052;9450,587760551402;30543,21406241728;0,1567504686597604;0,10558348955325346
31,833333333333332;850,647567684115;790,7553430850897;1513,9511353926678;12568,602028708247;761,967175972951;2230,377153321203;15142,245609246611;474,2260815453375;9430,551731777732;30549,03099269386;0,15563938883245876;0,10521312961081958
31,916666666666668;851,0377543532103;791,8092559850668;1497,3056149756303;12454,911204889275;762,903569993857;2217,0097927790976;15078,7360856117;475,4159809020066;9410,537153469437;30554,613071451677;0,15451571600737163;0,1048385720024572
32,0;851,4269275492967;792,8597558453577;1480,7124592035875;12341,07729274154;763,8499403218522;2203,3546089838323;15013,16260121077;476,6039840490213;9390,544336280092;30559,961258749685;0,15338007161377742;0,10446002387125913
32,083333333333336;851,8150925235385;793,9065574052191;1464,179292598476;12227,162598529836;764,8057678812772;2189,4246806861133;14945,590062868783;477,7900840796024;9370,573587506886;30565,076518241513;0,15223307854246731;0,1040776928474891
32,166666666666664;852,2022544863936;794,9493895347135;1447,7133779579844;12113,227326223217;765,7705337923885;2175,233116056532;14876,08423074619;478,9742741798887;9350,625211098402;30569,95981711294;0,1510753594491338;0,1036917864830446
32,25;852,5884186080319;795,9879949236184;1431,3216237920017;11999,32959157101;766,7437206926573;2160,7930173501272;14804,711531555693;480,15654762902994;9330,699507662623;30574,612126018856;0,14990753516881117;0,10330251172293706
32,333333333333336;852,9735900187512;797,0221297587152;1415,0105921103375;11885,525439626126;767,724813964594;2146,1174478843645;14731,538881354649;481,3368977992671;9310,79677447505;30579,034419019306;0,14873022324248725;0,10291007441416242
32,416666666666664;853,357773809385;798,0515633916723;1398,7865065009005;11771,86886536323;768,7133028701835;2131,219401353931;14656,633518186909;482,5153181559999;9290,917305487103;30583,227673515255;0,1475440365557798;0,1025146788519266
32,5;853,7409750317069;799,0760779995335;1382,6552604428173;11658,411837064947;769,7086815929088;2116,1117734800373;14580,062844723096;483,69180225784174;9271,061391334626;30587,19287018356;0,14634958208850948;0,1021165273628365
32,583333333333336;854,1231986988286;800,09546823963;1366,6224258043344;11545,204322175241;770,7104501890933;2100,8073359699524;14501,894280935057;484,8663437566614;9251,229319346628;30590,930992911326;0,14514745977308802;0,10171581992436268
32,666666666666664;854,5044497855938;801,109540900555;1350,693261479964;11432,29431534188;771,7181154509362;2085,318712743381;14422,195126746583;486,0389363976129;9231,421373554178;30594,443028729896;0,1439382614588765;0,10131275381962551
32,75;854,8847332289665;802,1181145506758;1334,8727221259708;11319,727868391243;772,731191684132;2069,658358366439;14341,032434515397;487,2095740191519;9211,637834699523;30597,729967748128;0,1427225699790416;0,1009075233263472
32,833333333333336;855,2640539284149;803,1210191855057;1319,1654669572672;11207,549122000184;773,7492014033872;2053,838538620863;14258,472891136975;488,37825055304063;9191,878980245367;30600,792803085245;0,1415009583159353;0,1005003194386451
32,916666666666664;855,6424167462898;804,1180958751148;1303,57586857273;11095,800338848552;774,7716759494689;2037,8713131256916;14174,582709498723;489,54496002433933;9172,145084384358;30603,632530803316;0,14027398886063736;0,10009132962021244
33,0;856,0198265081988;805,1091964126341;1288,1080217793738;10984,52193805177;775,7981560316528;2021,768519920522;14089,427528970935;490,70969655138606;9152,436418048761;30606,250149839212;0,1390422127620167;0,09968073758733889
33,083333333333336;856,3962880033753;806,094182964783;1272,7657523891166;10873,752530691389;776,8281921996003;2005,5417619136506;14003,072324581797;491,8724543457637;9132,753248920319;30608,646661936014;0,13780616936047968;0,09926872312015989
33,166666666666664;856,7718059850436;807,0729277252468;1257,5526259648059;10763,528956276325;777,8613452487864;1989,2023950943753;13915,581324500543;493,0332277122551;9113,09584144029;30610,823071574247;0,13656638570145635;0,09885546190048544
33,25;857,1463851707786;808,0453125716265;1242,4719564949187;10653,886319980058;778,8971865636325;1972,761518406429;13827,017935431611;494,1920110487859;9093,46445681971;30612,780385902617;0,13532337612364095;0,09844112537454698
33,333333333333336;857,5200302428615;809,011228726598;1227,526814978802;10544,85803051349;779,9352984024875;1956,2299651786502;13737,444675512035;495,3487988463553;9073,859353049816;30614,51961466833;0,13407764191701493;0,09802588063900497
33,416666666666664;857,8927458486311;809,970576423831;1212,7200379065869;10436,475838504628;780,9752741285401;1939,6182960093483;13646,923114300085;496,5035856889548;9054,280784912655;30616,041770147312;0,13282967104575183;0,09760989034858394
33,5;858,2645366008308;810,923264579144;1198,0542356200033;10328,769875267188;782,0167183906603;1922,9367930022731;13555,51381944067;497,65636625347514;9034,729003991908;30617,347867073964;0,1315799379312076;0,09719331264373586
33,583333333333336;858,6354070779505;811,8692104673063;1183,5318005421698;10221,768691849653;783,0592472580478;1906,1954552542602;13463,276309598974;498,8071353096016;9015,20425868389;30618,438922570625;0,13032890329034266;0,0967763010967809
33,666666666666664;859,0053618245652;812,8083394048324;1169,1549152661055;10115,499298267609;784,1024883124267;1889,4039954975683;13370,269013260073;499,9558877196972;8995,706794208721;30619,315956076844;0,129077014025088;0,09635900467502934
33,75;859,37440535167;813,7405844390619;1154,9255604933194;10009,987202828219;785,1460807013726;1872,5718378034628;13276,54923300425;501,1026184386747;8976,2368526217;30619,979989278396;0,12782470315835287;0,09594156771945095
33,833333333333336;859,7425421370084;814,6658860437653;1140,8455228152036;9905,256451465952;786,1896751561908;1855,708116257435;13182,173114878415;502,2473225138569;8956,794672824883;30620,4320460361;0,12657238981257107;0,09552412993752368
33,916666666666664;860,1097766253997;815,5841918214729;1126,9164023310764;9801,32966701477;787,2329339775879;1838,8216745204404;13087,195622500529;503,3899950848256;8937,380490578787;30620,673152314575;0,12532047922689454;0,09510682640896484
34,0;860,4761132290608;816,4954562126809;1113,1396200981699;9698,228088347423;788,2755309922037;1821,9210661952957;12991,67051554764;504,5306313832596;8917,994538514353;30620,704336110484;0,12406936280935556;0,09468978760311852
34,083333333333336;860,8415563279236;817,3996402120547;1099,5164254094989;9595,971609322673;789,3171514828863;1805,0145559214286;12895,650332296587;505,669226732761;8898,637046145031;30620,526627381067;0,12281941822053645;0,09427313940684548
34,166666666666664;861,2061102699495;818,2967110917147;1086,0479028967234;9494,57881748209;790,3574920954147;1788,1101211259333;12799,186375901903;506,8057765486709;8879,308239879067;30620,141057972323;0,12157100948550233;0,09385700316183411
34,25;861,5697793714406;819,1866421316614;1072,7349794558704;9394,067032446283;791,3962607241957;1771,2154543633687;12702,328704113366;507,94027633787414;8860,008343031965;30619,548661546978;0,12032448713096515;0,0934414957103217
34,333333333333336;861,9325679173452;820,0694123573704;1059,5784309944804;9294,452343965479;792,4331763792867;1754,337966181123;12605,126122153426;509,072721698593;8840,737575839163;30618,750473512824;0,11908018834485597;0,09302672944828533
34,416666666666664;862,2944801615608;820,9450062845643;1046,578888999369;9195,749649581308;793,4679690369311;1737,4847884514622;12507,626178489732;510,20310832017066;8821,496155468805;30617,747530950473;0,11783843715568268;0,09261281238522756
34,5;862,6555203272347;821,8134136711479;1033,7368469249127;9097,972691863397;794,5003794756271;1720,6627781157435;12409,87516325768;511,33143198284364;8802,284296034755;30616,540872541416;0,11659954462924743;0,09219984820974914
34,583333333333336;863,0156926070582;822,674629276275;1021,05266640217;9001,134095186957;795,5301590995992;1703,8785212901898;12311,91810910128;512,4576885575043;8783,102208609778;30615,131538495963;0,11536380908048091;0,0917879363601603
34,666666666666664;863,3750011635591;823,528652626499;1008,5265832695796;8905,245402020902;796,5570697513901;1687,1383376864742;12213,798794217817;513,581874005453;8763,950101238848;30613,52057048129;0,11413151629833182;0,09137717209944393
34,75;863,7334501293911;824,375487788944;996,1587134265017;8810,317108699523;797,5808835151562;1670,4482853042236;12115,55974740576;514,7039843781395;8744,828178952654;30611,709011549283;0,11290293978181257;0,09096764659393752
34,833333333333336;864,0910436076181;825,215143151423;983,9490585111776;8716,358700654442;798,6013825121112;1653,814165355874;12017,242254930965;515,8240158168954;8725,736643781293;30609,69790606483;0,1116783409854666;0,09055944699515553
34,916666666666664;864,4477856719961;826,0476312094162;971,897511404876;8623,37868708422;799,6183586894437;1637,2415273876727;11918,886369037564;516,9419645526561;8706,675694768066;30607,48829963359;0,11045796957266761;0,09015265652422254
35,0;864,8036803672526;826,872968359815;960,0038615644991;8531,384635045257;800,631613603914;1620,7356745638122;11820,530917945212;518,0578269056731;8687,645527983499;30605,081239030576;0,10968419319804297;0,08985788693911934
35,083333333333336;865,1587317093604;827,6911747013287;948,2678001859398;8440,38320294508;801,6409582012301;1604,3016690834634;11722,213517184044;519,1715992852165;8668,646336539487;30602,477772128277;0,10917952089938496;0,08963078440472323
35,166666666666664;865,5129436858103;828,5022738414426;936,6889252007923;8350,380173425889;802,6462125921961;1587,9443377032571;11623,970582131478;520,283278189269;8649,678310603596;30599,678947825018;0,10867689370390195;0,08940460216675587
35,25;865,8663202558802;829,3062927098129;925,2667461091932;8261,380485625883;803,6472058265394;1571,6682773403563;11525,837341625218;521,3928602042096;8630,741637413534;30596,68581597375;0,10817639708673028;0,08917937868902862
35,333333333333336;866,2188653508993;830,1032613779751;914,0006886516829;8173,388266807743;804,6437756652281;1555,477860733518;11427,847852536499;522,5003420044883;8611,836501291766;30593,499427310824;0,10767811216738596;0,08895515047532368
35,416666666666664;866,570582874512;830,8932128852437;902,8900993231048;8086,406863345878;805,6357683520133;1539,3772421417793;11330,03501519587;523,6057203522928;8592,963083660274;30590,120833384666;0,10718211582399334;0,088731952120797
35,5;866,921476702936;831,6761830706718;891,9342497317075;8000,438871066838;806,6230383848562;1523,370363062466;11232,430589574762;524,708992097205;8574,12156305548;30586,551086485128;0,10668848080757193;0,08850981636340736
35,583333333333336;867,27155068522;832,4522104109412;881,1323408066073;7915,486164936222;807,6054482878288;1507,4609579519972;11135,06521213161;525,8101541758501;8555,312115143275;30582,79123957287;0,10619727585608559;0,08828877413523852
35,666666666666664;867,620808643495;833,2213358640495;870,4835068569679;7831,5499280888025;808,5828683840169;1491,6525599347779;11037,968413239212;526,909203611536;8536,534912734245;30578,842346208785;0,10570856580799154;0,08806885461359619
35,75;867,9692543732274;833,9836027186586;859,9868194861386;7748,630680199417;809,5551765698916;1475,9485064869523;10941,16863511784;528,0061375138852;8517,790125798976;30574,705460483896;0,1052224117150542;0,08785008527177439
35,833333333333336;868,3168916434638;834,7390564489715;849,6412913642189;7666,728305193584;810,5222580915673;1460,3519450833942;10844,693250203716;529,1009530784581;8499,077921483555;30570,381636949598;0,10473887095421634;0,08763249192939734
35,916666666666664;868,6637241970773;835,4877445749979;839,4458798623077;7585,842078296507;811,4840053233116;1444,865838797412;10748,56857988823;530,1936475863687;8480,39846412514;30565,87193054788;0,10425799733834418;0,08741609880225489
36,0;869,0097557510089;836,2297165280753;829,3994905519838;7505,9706924224365;812,4403175486299;1429,4929718441408;10652,819913569323;531,2842184038913;8461,751915267714;30561,177396541927;0,10377984122568507;0,08720092855155828
36,083333333333336;869,3549899965064;836,9650235215087;819,5009805733406;7427,112283906136;813,391100744205;1414,235955059476;10557,471527961612;532,372662982061;8443,138433677941;30556,299090447523;0,1033044496278975;0,08698700233255387
36,166666666666664;869,6994305993603;837,6937184261926;809,7491618749444;7349,264457577478;814,3362673669387;1399,097231307536;10462,546706613692;533,4589788562653;8424,558175361137;30551,238067963837;0,10283186631653064;0,08677433984243879
36,25;870,0430812001381;838,4158556510827;800,1428043291924;7272,42431118526;815,2757361443036;1384,0790808105396;10368,067759589598;534,543163645829;8406,011293577376;30545,995384905425;0,10236213192784822;0,0865629593675317
36,333333333333336;870,3859454144146;839,1314910283812;790,6806387263856;7196,588459172334;816,2094318681865;1369,1836263958635;10274,056043271275;535,6252150535919;8387,497938857727;30540,57209713421;0,10189528406590677;0,08635287782965805
36,416666666666664;870,7280268330004;839,8406817033067;781,3613596508333;7121,753055808017;817,1372851923776;1354,412838655702;10180,531980244277;536,7051308654784;8369,018259020566;30534,969260491813;0,1014313574038112;0,08614411083171504
36,5;871,0693290221678;840,5434860283148;772,1836282423425;7047,913817683161;818,05923243383;1339,7685410155702;10087,515079231644;537,7829089500618;8350,57239918805;30529,187930732354;0,10097038378308502;0,08593667270238826
36,583333333333336;871,409855523873;841,2399634616422;763,1460748463269;6975,066045573772;818,9752153777961;1325,2524147084473;9995,02395504429;538,8585472581203;8332,16050180265;30523,229163455624;0,10051239231110196;0,08573057653999588
36,666666666666664;871,7496098559776;841,9301744700477;754,2473015557704;6903,204645680636;819,8851810869254;1310,866003651924;9903,07634851835;539,9320438221872;8313,782706643819;30517,09401404062;0,1000574094565373;0,08552583425544179
36,75;872,0885955124662;842,6141804356221;745,4858846482466;6832,324150251521;820,7890817143884;1296,6107192263053;9811,689146412606;541,0033967560946;8295,43915084476;30510,78353757963;0,09960545914280579;0,0853224566142626
36,833333333333336;872,4268159636621;843,2920435665459;736,8603769211035;6762,418737593652;821,6868743210764;1282,4878449519447;9720,87840124189;542,0726042545103;8277,12996890929;30504,29878881263;0,0991565628394618;0,0851204532777578
36,916666666666664;872,7642746564402;843,9638268116734;728,3693099279049;6693,482251485288;822,5785206969113;1268,4985410646418;9630,659351023416;543,1396645924694;8258,855292728793;30497,640822062167;0,09871073965154437;0,08491983284319496
37,0;873,1009750144383;844,6295937788229;720,0111961191709;6625,5082199937015;823,4639871862868;1254,6438489882235;9541,04643891572;544,2045761248991;8240,615251599269;30490,810691168706;0,09826800640685661;0,08472060288308547
37,083333333333336;873,436920438265;845,2894086566578;711,7845308903838;6558,489873709515;824,3432445176485;1240,924695703788;9452,053332732166;545,2673372861378;8222,40997223848;30483,809449426368;0,09782837774117575;0,08452276998352909
37,166666666666664;873,772114305706;845,9433361400421;703,6877945401812;6492,420163406016;825,2162676372128;1227,3418980154133;9363,692944310907;546,3279465894495;8204,239578803179;30476,638149519462;0,09739186618139359;0,08432633978162711
37,25;874,1065599719282;846,591441358761;695,7194541415987;6427,291777132274;826,0830355468116;1213,8961667123313;9275,977448725987;547,3864026265313;8186,104192906413;30469,297843458935;0,09695848222659419;0,08413131700196738
37,333333333333336;874,4402607696804;847,2337898094939;687,8779653291787;6363,097156751027;826,9435311458445;1200,5881106279135;9188,918303326065;548,4427040670166;8168,003933634921;30461,78958251988;0,09652823442707774;0,08393770549218497
37,416666666666664;874,7732200094932;847,8704472909345;680,1617740046623;6299,828513929744;827,7977410773096;1187,4182405958977;9102,526266586852;549,4968496579727;8149,938917566596;30454,114417179288;0,09610112946134518;0,08374550825760534
37,5;875,105440979876;848,5014798419519;672,5693179639677;6237,477845595858;828,6456555778805;1174,38697330459;9016,811416766135;550,5488382233933;8131,909258788013;30446,273397054352;0,09567717221105977;0,08355472749497689
37,583333333333336;875,4369269475116;849,1269536826909;665,0990284481026;6176,036948865745;829,4872683319884;1161,4946350498883;8931,783170350403;551,5986686636867;8113,915068912067;30438,267570841235;0,0952563658340058;0,08336536462530261
37,666666666666664;875,7676811574494;849,7469351585113;657,7493316205164;6115,497435458405;830,322576329866;1148,7414653880792;8847,450300283766;552,6463399551584;8095,956457095622;30430,09798625461;0,094838711835067;0,08317742032578014
37,75;876,0977068332952;850,3614906866677;650,518649973452;6055,850745603219;831,1515797295017;1136,1276206895836;8763,82095396972;553,69185114949;8078,033530057274;30421,765689967444;0,09442421013524915;0,08299089456086212
37,833333333333336;876,4270071774008;850,9706867056359;643,4054036656875;5997,088161453349;831,9742817224529;1123,6531775948379;8680,90267103923;554,7352013732134;8060,146392095129;30413,271727551495;0,09401285913877354;0,08280578661244808
37,916666666666664;876,7555853710496;851,5745896269918;636,4080117941228;5939,200820015084;832,7906884034612;1111,3181363736971;8598,702400876493;555,7763898271803;8042,295145104686;30404,617143418567;0,09360465579826939;0,08262209510922122
38,0;877,0834445746411;852,1732657897535;629,5248936014445;5882,179725602434;833,6008086438097;1099,12242418971;8517,226519897258;556,8154157860288;8024,479888596733;30395,802980761764;0,09319959567809513;0,0824398180551428
38,083333333333336;877,4105879278737;852,7667814170968;622,7544696221912;5826,0157618302555;834,4046539683617;1087,065898270785;8436,480848573474;557,8522785976445;8006,700719715309;30386,83028149797;0,09279767301581915;0,08225895285711862
38,166666666666664;877,7370185499249;853,3552025753607;616,0951627694232;5770,699703153592;835,2022384362158;1075,1483489878012;8356,470668200063;558,8869776826195;7988,957733255731;30377,70008621064;0,0923988807818921;0,08207949635185144
38,25;878,0627395396293;853,9385951352575;609,545399364103;5716,2222259660775;835,9935785249136;1063,369502842727;8277,20073739792;559,9195125337064;7971,251021682633;30368,413434092956;0,09200321073754321;0,08190144483189445
38,333333333333336;878,3877539756562;854,5170247352064;603,1036101092951;5662,573919266418;836,7786930181313;1051,7290253678937;8198,675308351332;560,9498827152695;7953,580675148072;30358,971362891927;0,09161065349093434;0,08172479407092045
38,416666666666664;878,7120649166827;855,0905567467138;596,7682310112451;5609,745294905482;837,5576028967896;1040,2265239381222;8120,898142775415;561,9780878627327;7935,946781509668;30349,374908853133;0,0912211985516052;0,08154953934822234
38,5;879,0356754015679;855,6592562417206;590,5377042492233;5557,726797421466;838,3303312335114;1028,861550497328;8043,872527610206;563,0041276820239;7918,349426348752;30339,62510666554;0,0908348343832443;0,08137567547245994
38,583333333333336;879,3585884495228;856,2231879618445;584,4104789961818;5506,50881347731;839,0969030903598;1017,6336042014128;7967,601290440962;564,0280019490168;7900,788692988601;30329,722989407608;0,09045154845482012;0,08120319680466904
38,666666666666664;879,6808070602797;856,7824162894431;578,3850121919585;5456,0816809075295;839,8573454197855;1006,542133979076;7892,086814641182;565,0497105089696;7883,26466251265;30319,669588493645;0,09007132729010726;0,08103209728054826
38,75;880,0023342142589;857,3370052204297;572,4597692709153;5406,4356973866925;840,6116869687154;995,586541012355;7817,331054237375;566,0692532759607;7865,777413782752;30309,46593362081;0,0896941565156423;0,08086237043203903
38,833333333333336;880,3231728727351;857,887018338771;566,6332248457309;5357,561128728748;841,3599581857119;984,7661811385876;7743,335548494465;567,0866302323224;7848,327023457455;30299,113052716773;0,08932002090714405;0,08069400940821482
38,916666666666664;880,643325978;858,432518792603;560,9038633491025;5309,448216828135;842,1021911311333;974,0803671755799;7670,101436221779;568,1018414280716;7830,913566010318;30288,6119718882;0,08894890443443336;0,08052700699549502
39,0;880,9627964535247;858,9735692718995;555,2701796349254;5262,087187251522;842,8384193902268;963,5283711716681;7597,629469797691;569,1148869803386;7813,537113748211;30277,963715369428;0,0885807903048866;0,08036135563719897
39,083333333333336;881,28158720412;859,5102319876318;549,7306795406303;5215,4682564916875;843,568677989085;953,1094265824464;7525,920028914755;570,1257670727935;7796,197736829652;30267,169305472355;0,0882156610054575;0,08019704745245587
39,166666666666664;881,5997011160947;860,0425686523589;544,2838804122061;5169,581638891283;844,2930033133974;942,8227303758746;7454,973134043843;571,1344819550703;7778,895503283164;30256,22976253653;0,08785349834330128;0,08003407425448558
39,25;881,9171410574121;860,5706404621905;538,9283115933949;5124,417553247748;845,0114330299294;932,6674450674318;7384,78845961892;572,1410319421904;7761,630479025609;30245,14610488008;0,08749428348503528;0,07987242756826587
39,333333333333336;882,2339098778458;861,0945080800651;533,662514880541;5079,966229107995;845,7240060106619;922,6427006870665;7315,365346942763;573,1454174139822;7744,402727880543;30233,919348751224;0,08713799699466904;0,07971209864760107
39,416666666666664;882,5500104091325;861,6142316202903;528,4850449445173;5036,217912762526;846,430762259525;912,747596679597;7246,702816814638;574,1476388145011;7727,2123115965915;30222,550508280587;0,08678461887023753;0,0795530784916069
39,5;882,8654454651244;862,1298706342906;523,3944697210546;4993,162872947814;847,1317428416602;902,9812037401882;7178,799581881377;575,1476966514468;7710,059289865785;30211,04059543394;0,0864341285791699;0,07939535786062646
39,583333333333336;883,1802178419391;862,6414840975121;518,389370770845;4950,791406266251;847,8269898151473;893,3425655866046;7111,65405871274;576,1455914955799;7692,943720341938;30199,390619965754;0,08608650509242637;0,07923892729159186
39,666666666666664;883,494330318109;863,1491303974358;513,4683436106741;4909,093842332812;848,5165461651308;883,830700669796;7045,264379604262;577,1413239801365;7675,8656586589805;30187,601589373542;0,08574172691743462;0,07908377711284557
39,75;883,8077856547275;863,6528673226487;508,6299980168292;4868,060548656306;849,2004557402844;874,4446038244547;6979,628404106952;578,1348948002426;7658,825158449312;30175,67450885253;0,0853997721298578;0,07892989745843601
39,833333333333336;884,1205865955953;864,1527520529295;503,87295830196877;4827,6819352641705;849,8787631915511;865,1832478610771;6914,743730288252;579,1263047123269;7641,822271362122;30163,61038125116;0,08506061840422444;0,078777278281901
39,916666666666664;884,4327358673645;864,6488411503022;499,1958635666464;4787,948459079812;850,5515139130983;856,0455851011056;6850,607705725194;580,1155545335333;7624,85704708171;30151,410207027464;0,08472424304345083;0,07862590936955287
40,0;884,7442361796808;865,141190551015;494,59736792655633;4748,850628059902;851,2187539854278;847,0305488566538;6787,2174382325275;581,1026451411317;7607,929533345779;30139,074984205752;0,08439062300728609;0,07847578035327873
40,083333333333336;885,0550902253249;865,6298555584025;490,0761407166442;4710,379005099588;851,8805301205822;838,137054856324;6724,569806327876;582,0875774719291;7591,039775963728;30126,60570833423;0,0840597349397089;0,078326880722869
40,166666666666664;885,365300680352;866,114890836591;485,6308666730598;4672,524211714296;852,5368896093905;829,364002618567;6662,661469437432;583,07035252168;7574,187818834895;30114,003372443196;0,08373155519530473;0,07817919983788713
40,25;885,6748702042305;866,5963504050085;481,26024609402407;4635,276931504881;853,1878802706954;820,7102767740366;6601,488877843897;584,0509713444962;7557,3737039668;30101,268967003765;0,08340605986465233;0,07803272693909355
40,333333333333336;885,9838014399782;867,07428763366;476,96299498055055;4598,627913414686;853,8335504025066;812,1747483383785;6541,048282380698;585,0294350522565;7540,597471493356;30088,403479887635;0,08308322479874669;0,07788745115943602
40,416666666666664;886,2920970142978;867,5487552391348;472,737845157954;4562,567974784782;854,4739487350278;803,7562759367887;6481,335743874022;586,0057448140161;7523,85915969304;30075,407896327073;0,08276302563248612;0,07774336153461875
40,5;886,5997595377116;868,0198052813079;468,5835443790751;4527,088004215807;855,1091243855004;795,4537069817519;6422,347142337898;586,9799018554162;7507,158805007043;30062,28319887606;0,08244543780724979;0,07760044701326241
40,583333333333336;886,9067916046931;868,4874891607034;464,49885641009416;4492,178964241598;855,7391268148154;787,2658788052803;6364,078185922657;587,9519074580934;7490,496442057386;30049,030367371553;0,08213043659259228;0,07745869646666653
40,666666666666664;887,2131957937991;868,9518576164877;460,48256109974375;4457,831893823793;856,3640057858395;779,1916197469419;6306,5244196230215;588,9217629590895;7473,872103664993;30035,650378895793;0,08181799710708026;0,07731809869818612
40,75;887,5189746677986;869,4129607250596;456,53345443278397;4424,037910672504;856,9838113234063;771,2297501989894;6249,681233747261;589,8894697502616;7457,285820867739;30022,144207739457;0,08150809433829687;0,07717864245223359
40,833333333333336;887,8241307738033;869,870847899209;452,6503485684742;4390,788213399226;857,5985936759246;763,3790836098086;6193,543872150684;590,8550292776922;7440,737622938425;30008,51282536467;0,08120070316203772;0,07704031642291698
40,916666666666664;888,1286666433924;870,3255678878136;448,83207186485663;4358,074083510689;858,2084032785538;755,6384274469679;6138,107440239405;591,8184430411006;7424,227537402777;29994,7572003699;0,08089579836072312;0,07690310926232541
41,0;888,4325847927412;870,7771687760467;445,0774688894711;4325,886887246344;858,8132907179008;748,0065841209665;6083,3669127438625;592,779712593254;7407,755590057294;29980,87829845424;0,08059335464104958;0,07676700958847231
41,083333333333336;888,7358877227434;871,2256979860691;441,3854004173629;4294,218077269064;859,4133066981931;740,4823518710089;6029,317141270195;593,7388395393795;7391,32180498718;29966,877082383366;0,08029334665090346;0,07663200599290657
41,166666666666664;889,0385779191364;871,6712022781785;437,75474341685765;4263,05919421158;860,0085020088807;733,0645256137586;5975,952861628863;594,6958255365774;7374,9262045841;29952,75451195546;0,07999574899555967;0,07649808704800184
41,25;889,340657852623;872,1137277523917;434,18439102394757;4232,401868087824;860,5989274936268;725,7518977563933;5923,268700948256;595,6506722932354;7358,568809563974;29938,511543968336;0,07970053625318661;0,07636524131393398
41,333333333333336;889,6421299789918;872,5533198504367;430,6732525057839;4202,237819571613;861,1846340206415;718,543258974907;5871,2591845732;596,6033815684426;7342,249638984691;29924,149132186925;0,07940768298967925;0,07623345734535567
41,416666666666664;889,9429967392377;872,99002335813;427,22025321387775;4172,558861149459;861,7656724543178;711,4373989587563;5819,918742754968;597,553955171406;7325,968710263729;29909,668227311315;0,07911716377284109;0,07610272369777848
41,5;890,2432605596803;873,4238824081187;423,8243345276942;4143,356898152907;862,3420936281298;704,4331071229976;5769,2417171348;598,5023949608672;7309,726039195794;29895,069776945642;0,07882895318593512;0,0759730289336708
41,583333333333336;890,5429238520813;873,8549404829647;420,48445378903807;4114,623929675438;862,9139483187517;697,5291732887626;5719,2223670259245;599,4487028445212;7293,521639970328;29880,354725567766;0,07854302584062413;0,07584436162828086
41,666666666666664;890,8419890137608;874,283240418551;417,1995842279159;4086,3520493781066;863,4812872213618;690,7243883332399;5669,854875496943;600,3928807784358;7277,355525189003;29865,52401449926;0,07825935638931912;0,0757167103751936
41,75;891,1404584277116;874,7088244077919;413,96871488024374;4058,533446189228;864,044160926089;684,0175448099757;5621,133355260619;601,3347856735269;7261,227705883124;29850,578581876118;0,07797791953695549;0,07559006379162997
41,833333333333336;891,4383344627146;875,1317340046256;410,79085049799176;4031,1604049030434;864,6026198955707;677,4074375405633;5573,051854372245;602,2750951455948;7245,141818854617;29835,528605859694;0,07769869005221466;0,0754644105234966
41,916666666666664;891,7356194734506;875,5520101282737;407,6650114522238;4004,2253066811886;865,1567144435803;670,8928641785974;5525,604361741086;603,2137990900608;7229,080982927993;29820,331931422912;0,07742164277820984;0,07533973925019444
42,0;892,0323158006117;875,9696930677488;404,5902336294233;3977,720629462141;865,706494714694;664,4726257467568;5478,784812458748;604,150887355567;7213,045509584746;29804,98994198882;0,07714675264265299;0,07521603868919384
42,083333333333336;892,3284257710131;876,3848224865947;401,56556832157264;3951,6389482817435;866,2520106649603;658,1455271479427;5432,587092948;605,0863497426134;7197,035711126119;29789,504033601734;0,07687399466751987;0,07509329760038394
42,166666666666664;892,6239516977014;876,7974374278415;398,59008211046216;3925,9729355097825;866,7933120435385;651,9103776513219;5387,005045936081;606,0201760021617;7181,051900709994;29773,875615067296;0,07660334397823072;0,07497150479020383
42,25;892,9188958800634;877,2075763191632;395,6628567464975;3900,7153610069645;867,3304483752764;645,7659913540709;5342,032475256887;606,9523558342062;7165,094392388491;29758,106108095726;0,07633477581236178;0,0748506491155628
42,333333333333336;893,2132606039336;877,6152769782203;392,7829890225041;3875,859092204137;867,8634689441926;639,7111876196732;5297,6631504840925;607,8828788863099;7149,16350114643;29742,196947448032;0,07606826552790369;0,07473071948755666
42,416666666666664;893,5070481417005;878,0205766181754;389,94959064283137;3851,397094109886;868,3924227778348;633,744791493524;5253,890811400733;608,8117347521072;7133,259542940593;29726,149581085905;0,07580378861108261;0,07461170487498718
42,5;893,8002607524116;878,4235118533674;387,1617880881274;3827,322429248593;868,9173586324828;627,8656340966421;5210,709172307682;609,7389129697698;7117,382834739831;29709,965470324885;0,07554132068375861;0,07449359430769138
42,583333333333336;894,0929006818782;878,8241187051326;384,4187224761072;3803,6282575329856;869,4383249791688;622,0725529982218;5168,111926176045;610,6644030204367;7101,5336945660465;29693,646089991307;0,07528083751041562;0,07437637687968703
42,666666666666664;894,3849701627774;879,2224326077591;381,7195494186393;3780,3078360737663;869,9553699904847;616,3643925677349;5126,092748644936;611,5881943266069;7085,712441536038;29677,192928582463;0,07502231500475767;0,07426004175214096
42,75;894,6764714147557;879,6184884145637;379,0634388754597;3757,3545189309116;870,46854152815;610,7400043073199;5084,645301870456;612,5102762504932;7069,919395904264;29660,607488430862;0,07476572923592499;0,07414457815616625
42,833333333333336;894,9674066445297;880,0123204040805;376,4495750048013;3734,761756808061;870,9778871313141;605,1982471651428;5043,763238228659;613,4306380923381;7054,1548791065625;29643,89128587227;0,07451105643434294;0,07402997539545433
42,916666666666664;895,2577780459856;880,4039622863495;373,8771560112298;3712,523096694878;871,483454005565;599,7379878303889;5003,44020387535;614,349269088688;7038,419213804789;29627,045851417617;0,07425827299721749;0,07391622284874788
43,0;895,5475878002795;880,7934472092958;371,3453939909016;3690,6321814582793;871,9852890126211;594,3581010105135;4963,669842167258;615,2661584106274;7022,71272393244;29610,072729929063;0,07400735549368943;0,07380330997216025
43,083333333333336;895,8368380759356;881,1808077651897;368,8535147745938;3669,082749386834;872,4834386606806;589,0574696914598;4924,445796947345;616,1812951619715;7007,035734741302;29592,97348080005;0,07375828066965971;0,07369122630134688
43,166666666666664;896,1255310289426;881,5660759971778;366,4007577686476;3647,868633690933;872,9779490954041;583,8349853813753;4885,7617156983915;617,0946683774143;6991,388572849101;29575,74967814006;0,07351102545229793;0,07357996145353407
43,25;896,4136688028514;881,9492834058774;363,9863757941214;3626,98376195966;873,4688660915087;578,6895483384626;4847,611252567007;618,0062670206336;6975,771566288207;29558,40291096318;0,07326556695424563;0,07346950512941053
43,333333333333336;896,7012535288695;882,3304609560248;361,60963492434917;3606,422155579405;873,956235044949;573,6200677835654;4809,9880712630975;618,9160799823508;6960,185044555445;29540,93478338172;0,07302188247752547;0,07335984711488647
43,416666666666664;896,9882873259565;882,7096390831698;359,269814321118;3586,1779291147645;874,440100965665;568,6254620980122;4772,885847836501;619,8240960783445;6944,6293386629695;29523,34691480425;0,07277994951716749;0,07325097728272538
43,5;897,274772300917;883,0868477004093;356,9662060696686;3566,2452896538325;874,9205084708743;563,7046590072885;4736,298273334902;620,7303040474166;6929,104781190301;29505,640940138204;0,07253974576456285;0,07314288559405328
43,583333333333336;897,560710548494;883,4621162051521;354,6981150126925;3546,6185361228177;875,3975017788886;558,8565957510667;4700,219056346274;621,6346925493098;6913,611706337511;29487,818509997902;0,07230124911055572;0,07303556209975007
43,666666666666664;897,8461041514599;883,8354734859088;352,46485858354504;3527,2920585677475;875,8711247034339;554,0802192401344;4664,641925428353;622,5372501625764;6898,150449979605;29469,881290917052;0,07206443764828305;0,07292899694172737
43,75;898,1309551807092;884,206947929099;350,26576663877904;3508,2603374099012;876,3414206484565;549,3744862006508;4629,56063142911;623,437965382395;6882,721349722089;29451,830965566776;0,07182928967577175;0,0728231803540973
43,833333333333336;898,415265695347;884,5765674258714;348,1001812902548;3489,517942672988;876,8084326033928;544,7383633063168;4594,968949700496;624,3368266183363;6867,324744957856;29433,669232978787;0,07159578369830359;0,07271810266423662
43,916666666666664;898,6990377427784;884,9443593789294;345,9674567368893;3471,0595331874606;877,2722031388885;540,1708272988543;4560,860682208806;625,2338221920756;6851,960976925267;29415,397808774018;0,07136389843055577;0,0726137542937501
44,0;898,9822733587987;885,3103507093575;343,86695909622347;3452,879855770084;877,7327744029458;535,6708650972479;4527,229659544567;626,1289403350501;6836,630388767569;29397,01842539657;0,07113361279852712;0,0725101257593372
44,083333333333336;899,264974567679;885,6745678634429;341,7980662360293;3434,97374438467;878,1901881174844;531,2374738963229;4494,069742835723;627,0221691860609;6821,333325593716;29378,532832354238;0,07090490594125783;0,07240720767356602
44,166666666666664;899,5471433822538;886,0370368194875;339,76016760590255;3417,336119281936;878,6444855752976;526,8696612548666;4461,37482556474;627,9134967888185;6806,070134540454;29359,94279646383;0,0706777572123512;0,07230499074555805
44,25;899,8287818040075;886,3977830946055;337,75266406915705;3399,9619861217952;879,0957076373878;522,566445173905;4429,138835294345;628,8029110894291;6790,841164835882;29341,250102102942;0,07045214618130609;0,07220346578158775
44,333333333333336;900,1098918231586;886,7568317515023;335,77496773504834;3382,8464350804684;879,5438947306665;518,3268541654911;4397,355735305322;629,6903999338214;6775,6467678644585;29322,456551468465;0,07022805263466678;0,07210262368560005
44,416666666666664;900,3904754187449;887,1142074052304;333,8265017914068;3365,984639941587;879,9890868460024;514,1499273123031;4366,019526145786;630,5759510651119;6760,487297233431;29303,563964840392;0,07000545657699883;0,07200245545964948
44,5;900,6705345587067;887,4699342299183;331,90670033786205;3349,371857174654;880,4313235366042;510,0347143185644;4335,124247098291;631,4595521209085;6745,363108840826;29284,57418085298;0,06978433823169791;0,07190295220426407
44,583333333333336;900,9500711999696;887,8240359654687;330,0150082197092;3333,0034250018625;880,8706439167223;505,9802755525624;4304,663977565081;632,3411906305492;6730,274560944955;29265,48905677223;0,06956467804163885;0,07180410511873749
44,666666666666664;901,2290872885268;888,1765359242231;328,15088086252047;3316,8747624530897;881,3070866606574;501,98568208118104;4274,632838374532;633,2208540122756;6715,222014235507;29246,310468780062;0,06934645666967129;0,07170590550135209
44,75;901,5075847595202;888,5274569975883;326,3137841075917;3300,9813684129426;881,7406900020612;498,0500156967338;4245,024993012042;634,098529570339;6700,20583190628;29227,040312265926;0,06912965499896939;0,07160834474953623
44,833333333333336;901,7855655373206;888,876821662623;324,50319404829884;3285,3188206582345;882,1714917335165;494,172368936475;4215,834648776245;634,9742044920387;6685,226379729531;29207,680502125146;0,06891425413324173;0,07151141435995878
44,916666666666664;902,0630315356085;889,224651988581;322,7185968674405;3269,8827748888075;882,5995292063851;490,3518450951026;4187,056057864643;635,8478658446891;6670,284026132049;29188,232973064798;0,06870023539680745;0,07141510592856336
45,0;902,339984657452;889,5709696434078;320,95948867568893;3254,668963752884;883,0248393309108;486,5875582305847;4158,683518390164;636,7195005725158;6655,3791422729855;29168,699679917376;0,06848758033454458;0,07131941115054508
45,083333333333336;902,6164267953856;889,9157959001902;319,22537535110393;3239,6731958660707;883,4474585765652;482,87863316352855;4130,711375330082;637,5890954934785;6640,512102123404;29149,082597961715;0,06827627071171741;0,07122432182027284
45,166666666666664;902,8923598314881;890,2591516435533;317,5157723798833;3224,8913548275987;883,8674229726258;479,2242054705099;4103,134021411591;638,4566372960174;6625,683282547678;29129,383723252147;0,06806628851368708;0,07112982983115919
45,25;903,1677856374588;890,6010573760055;315,83020469836924;3210,319398232234;884,2847681089759;475,6234214715562;4075,945897934285;639,322112535725;6610,893063386766;29109,605072955772;0,06785761594551207;0,07103592717548043
45,333333333333336;903,4427060746945;890,9415332242285;314,16820653633124;3195,9533566809255;884,6995291371139;472,0754382120731;4049,141495532387;640,1855076319374;6596,141827543346;29089,748685697803;0,06765023543144304;0,07094260594414938
45,416666666666664;903,7171229943639;891,2805989453099;312,5293212616498;3181,7893327895486;885,111740771364;468,5794234395132;4022,7153548793817;641,0468088642473;6581,429961068926;29069,816621915757;0,067444129614318;0,07084985832644311
45,5;903,9910382374837;891,6182739329179;310,91310122635036;3167,823500196587;885,5214372902767;465,13455557499697;3996,6620673358784;641,9060023689334;6566,757853252915;29049,81096422189;0,06723928135486165;0,07075767660968774
45,583333333333336;904,2644536349918;891,9545772234154;309,31910761414656;3154,052102571991;885,9286525382107;461,7400236801757;3970,9762755438537;642,7630741353072;6552,125896713758;29029,7338177751;0,06703567373089464;0,0706660531789026
45,666666666666664;904,5373710078206;892,2895275019127;307,7469102894099;3140,4714526258213;886,3334199270861;458,3950274195274;3945,6526739681103;643,6180100019737;6537,534487492116;29009,587310661373;0,06683329003645697;0,07057498051640564
45,75;904,8097921669709;892,6231431082571;306,19608764769737;3127,077931118986;886,735772438301;455,0987770183639;3920,6860093882146;644,4707956530054;6522,984025146172;28989,37359428409;0,06663211378084952;0,07048445120138229
45,833333333333336;905,0817189135823;892,9554420429582;304,6662264678446;3113,8679858760997;887,1357426248015;451,8504932167474;3896,0710813409637;645,3214166140261;6508,474912849135;28969,094843763392;0,06643212868759923;0,07039445790941966
45,916666666666664;905,3531530390062;893,2864419730491;303,15692176560276;3100,8381308008334;887,5333626132992;448,64940721951996;3871,802742517129;646,1698582482045;6494,007557488905;28948,7532583457;0,06623331869335039;0,07030499341200767
46,0;905,6240963248757;893,61616023788;301,66777664892663;3087,984944894713;887,9286641066249;445,49476064267424;3847,875899112053;647,0161057521541;6479,5823697700425;28928,351061822814;0,06603566794668757;0,07021605057600941
46,083333333333336;905,8945505431767;893,9446138548452;300,1984021748939;3075,3050712803883;888,3216783862135;442,38580545627144;3824,285511134722;647,8601441517392;6465,199764318041;28907,890502961804;0,06583916080689323;0,07012762236310197
46,166666666666664;906,1645174563157;894,2718195250434;298,74841720828726;3062,795216228174;888,7124363147127;439,3218039240793;3801,026592673101;648,701958297783;6450,860159785938;28887,37385594458;0,06564378184264365;0,07003970182918964
46,25;906,4339988171909;894,5977936388673;297,3174482818081;3050,4521481883485;889,1009683387052;436,30202854007507;3778,0942121212274;649,5415328616778;6436,563978963318;28866,803420818535;0,06544951583064738;0,06995228212379133
46,333333333333336;906,7029963692585;894,9225522815264;295,9051294580888;3038,2726968287902;889,487304491542;433,32576196214063;3755,4834923671915;650,3788523308939;6422,311648887828;28846,181523958283;0,065256347754229;0,06986535648940306
46,416666666666664;906,9715118466016;895,2461112384985;294,51110219330303;3026,2537520777273;889,8714743962762;430,39229694291237;3733,1896109437284;651,2139010043866;6408,103600959114;28825,510518537765;0,0650642628018619;0,06977891826083786
46,5;907,2395469739973;895,5684860009126;293,13501520257716;3014,3922631732607;890,2535072686937;427,50093625813577;3711,2078001443056;652,046662987898;6393,940271055377;28804,792785014386;0,06487324636565313;0,0696929608645439
46,583333333333336;907,5071034669822;895,8896917708595;291,7765243271191;3002,685237719514;890,633431920433;424,6509926325899;3689,5333471047493;652,8771221891528;6379,822099652483;28784,0307316245;0,06468328403978348;0,06960747781790257
46,666666666666664;907,7741830319194;896,2097434666342;290,43529240306896;2991,1297407488287;891,0112767621886;421,84178866372974;3668,1615938523146;653,7052623129453;6365,749531945736;28763,22679489043;0,0644943616189057;0,06952246272850758
46,75;908,040787366063;896,5286557279057;289,11098913212925;2979,7228937923164;891,3870698069924;419,0726567432705;3647,0879373231774;654,5310668561159;6351,723017974354;28742,383440139707;0,06430646509650381;0,06943790929342672
46,833333333333336;908,3069181576233;896,8464429208161;287,8032909539314;2968,46187395736;891,760838673568;416,3429389767657;3626,3078293512112;655,3545191024162;6337,743012748678;28721,503162036828;0,06411958066321602;0,06935381129844721
46,916666666666664;908,5725770858303;897,1631191430093;286,5118809201789;2957,3439130124793;892,1326105897517;413,65198710138316;3605,8167766263796;656,1756021172591;6323,809976380176;28700,588485126755;0,06393369470512414;0,06927016261730587
47,0;908,8377658209986;897,4786982285882;285,23644857052375;2946,3662964815067;892,5024123959759;410,9991624019642;3585,610340627383;656,994298742353;6309,924374214279;28679,641964391867;0,06374879380201207;0,06918695721090544
47,083333333333336;909,1024860245885;897,7931937530005;283,9766898102596;2935,5263627446675;892,8702705488091;408,3838356255683;3565,6841375272206;657,810591590218;6296,086676966141;28658,666185821403;0,06356486472559544;0,06910418912651795
47,166666666666664;909,3667393492703;898,1066190378547;282,7323067896998;2924,8215021496258;893,2362111245499;405,8053868944853;3546,0338380741778;658,6244630385834;6282,297360859264;28637,663766994272;0,06338189443772507;0,06902185249697629
47,25;909,6305274389849;898,4189871556637;281,5030077853919;2914,2491561298334;893,600259822867;403,26320561801197;3526,6551674486695;659,4358952246624;6268,556907767174;28616,63735767494;0,0631998700885665;0,06893994153985494
47,333333333333336;909,8938519290061;898,7303109345195;280,2885070830314;2903,8068163332523;893,9624419704849;400,75669040294883;3507,543905097558;660,244870039305;6254,865805358062;28595,58964042321;0,06301877901475757;0,06885845055664092
47,416666666666664;910,1567144460005;899,0406029626963;279,0885248621663;2893,492023759163;894,3227825249078;398,2852489630318;3488,6958845468985;661,0513691210251;6241,224547242527;28574,52333121762;0,06283860873754611;0,06877737393189576
47,5;910,4191166080886;899,3498755931842;277,90278708260416;2883,302367904583;894,6813060781795;395,84829802731747;3470,1069931933885;661,8553738499019;6227,633633124384;28553,44118009278;0,06265934696091022;0,06869670613240961
47,583333333333336;910,6810600249044;899,6581409481523;276,7310253726123;2873,235485920137;895,0380368606754;393,44526324772744;3451,7731720774213;662,6568653413533;6214,0935689546695;28532,345971790943;0,062480981569662274;0,06861644170634804
47,666666666666664;910,9425462976537;899,9654109233438;275,5729769188008;2863,2890617759194;895,392998744922;391,0755791057227;3433,690415636165;663,4558244397808;6200,604867088777;28511,24052642803;0,06230350062753899;0,06853657528239256
47,75;911,2035770191749;900,2716971924006;274,42838435774775;2853,460825436191;895,7462152494412;388,7386888182931;3415,854771439873;664,2522317120831;6187,168046446823;28490,127700174133;0,062126892375279394;0,06845710156887573
47,833333333333336;911,4641537739947;900,5771401662088;273,296995669358;2843,748552044155;896,0977095426164;386,43404424334165;3398,2623399109184;665,0460674410389;6173,783632677294;28469,010385948448;0,061951145228691815;0,06837801535291133
47,916666666666664;911,7242781383877;900,8815294160951;272,1753401946472;2834,116954895173;896,4475044465755;384,1611057844574;3380,909274027125;665,8373116185566;6160,452158323895;28447,891514129606;0,061776247776712236;0,06829931149952051
48,0;911,9839516804327;901,1848796846859;271,068718057316;2824,620772912829;896,79562244109;381,9193422953049;3363,7917790098936;666,6259439387912;6147,174162995779;28426,7740532805;0,06160218877945499;0,06822098495075475
48,083333333333336;912,2431759600701;901,4872053891019;269,9767998936693;2815,257013670887;897,1420856674853;379,7082309835673;3346,90611199813;667,4119437911269;6133,950193541037;28405,661010888452;0,06142895716625736;0,06814303072481581
48,166666666666664;912,501952529157;901,7885206285596;268,89926427420505;2806,02275439207;897,4869159325602;377,52725731461965;3330,2485817090164;668,1952902530247;6120,780804223579;28384,555434120597;0,06125654203371988;0,06806544391517395
48,25;912,7602829315244;902,0888391918044;267,83579751493676;2796,9151403978003;897,830134712514;375,3759149149204;3313,815548085592;668,975962082736;6107,666556903308;28363,460410594576;0,061084932643743005;0,06798821968968435
48,333333333333336;913,0181687030312;902,3881745643748;266,7860934930019;2787,9313835882126;898,1717631568754;373,2537054752612;3297,603421932936;669,7539377118807;6094,60802121971;28342,379069164563;0,06091411842156231;0,06791135328970305
48,416666666666664;913,2756113716196;902,6865399357044;265,7498534664086;2779,0687609528572;898,5118220924353;371,1601386538945;3281,608664542805;670,5291952378903;6081,605774778763;28321,314580722625;0,06074408895378235;0,06783484002920206
48,5;913,5326124573692;902,9839482060631;264,7267858978779;2770,3246131121314;898,8503320271768;369,09473197960665;3265,827787307986;671,301712416318;6068,66040334323;28300,27015901569;0,06057483398641159;0,06775867529388523
48,583333333333336;913,7891734725513;903,280411993341;263,7166062826509;2761,6963428871923;899,1873131542033;367,05701075480874;3250,257351326362;672,0714666530135;6055,77250102628;28279,249061477687;0,06040634342289837;0,06768285454030427
48,666666666666664;914,0452959216818;903,5759436396792;262,71903698025767;2753,1814139006947;899,5227853556606;365,0465079587008;3234,8939669970077;672,8384349961674;6042,942670488444;28258,254590077588;0,060238607322169686;0,06760737329497636
48,75;914,300981301574;903,87055521795;261,7338070500665;2744,777349204208;899,8567682066528;363,0627641505299;3219,734293605988;673,6025941282226;6030,171523137861;28237,2900921818;0,06007161589667362;0,06753222715350313
48,833333333333336;914,5562311013921;904,1642585380897;260,7606520905989;2736,4817299353613;900,1892809791474;361,1053273730306;3204,7750389054286;674,3639203576581;6017,459679333786;28216,35896143261;0,059962143804170524;0,06745741177969185
48,916666666666664;914,8110468027013;904,4570651532866;259,79931408255936;2728,292194002322;900,5205085950912;359,17375305611756;3190,0129586854146;675,1223896106459;6004,8077685933495;28195,464638641482;0,059895898280981755;0,06738288556610449
49,0;915,0654298795222;904,7489863660285;258,8495412353666;2720,206434794673;900,8501949863286;357,26345519025244;3175,4086485162043;675,8779774225826;5992,216429801385;28174,61061269646;0,059829961002734286;0,06730870612807607
49,083333333333336;915,319381798379;905,0400332340108;257,91108783734273;2712,2221999225544;901,1783627599146;355,38087232984026;3161,0188635889485;676,6306589295017;5979,686311423489;28153,800421485186;0,05976432744801707;0,06723486837901921
49,166666666666664;915,5729040183523;905,3302165759109;256,98371410920515;2704,337289980996;901,5050341035346;353,52547596160946;3146,8396387629246;677,3804088593678;5967,2180717219335;28133,037652831226;0,05969899317929307;0,06716136732670472
49,25;915,8259979911287;905,6195469770281;256,067186061037;2696,549557340593;901,83023079314;351,696747870443;3132,867080423967;678,1272015232583;5954,812378974614;28112,325945445053;0,059633953841371996;0,06708819807154351
49,333333333333336;916,0786651610505;905,9080347947955;255,16127535251485;2688,856904963413;902,1539742004617;349,89417994971745;3119,097365353962;678,8710108064383;5942,469911696759;28091,668989887774;0,059569205159907664;0,06701535580489612
49,416666666666664;916,330906965165;906,1956901641636;254,26575915637386;2681,2572852443122;902,4762853004013;348,1172740147201;3105,5267396137083;679,6118101593323;5930,191358865303;28071,070529548513;0,05950474293991974;0,06694283580740971
49,5;916,5827248332747;906,4825230028604;253,38042002503585;2673,7486988761493;902,7971846783024;346,36554161909316;3092,151517436415;680,3495725884014;5917,977420145818;28050,534361633538;0,059440563064339515;0,06687063344738196
49,583333333333336;916,8341201879845;906,7685430165301;252,50504576035837;2666,3291937394865;903,1166925371026;344,6385038743074;3078,968080134536;681,0842706469319;5905,828806121832;28030,06433816765;0,059376661492579474;0,06679874417915192
49,666666666666664;917,0850944447504;907,0537597037522;251,63942928635947;2658,996863816142;903,434828704368;342,9356912720465;3065,972875018134;681,8158764257441;5893,746238526313;28009,664367006353;0,0593130342591264;0,06672716354151721
49,75;917,3356490119282;907,3381823609448;250,7833685249551;2651,7498481252383;903,7516126392119;341,2566435095613;3053,162414326049;682,5443615438301;5881,730450475157;27989,338412858146;0,05924967747215762;0,06665588715617733
49,833333333333336;917,5857852908192;907,6218200871532;249,93666627458708;2644,586329683095;904,0670634390987;339,6009093179089;3040,5332741692396;683,2696971389303;5869,782186702454;27969,09049831642;0,05918658731218027;0,0665849107262028
49,916666666666664;917,835504675719;907,9046817887285;249,09913009165052;2637,5045344843315;904,3811998465347;337,9680462930139;3028,0820934863095;683,9918538580611;5857,902203797224;27948,924704898945;0,05912376003069305;0,06651423003452969
50,0;918,0848085539628;908,1867761838956;248,27057217476352;2630,5027305060244;904,6940402556471;336,3576207296063;3015,8055730121905;684,7108018480044;5846,091270441449;27928,845174095342;0,05906119194887058;0,0664438409424794
50,083333333333336;918,3336983059726;908,468111807216;247,45080925167997;2623,5792267328047;905,0056027186523;334,769207457893;3003,7004742587133;685,426510745774;5834,350167648961;27908,85610841958;0,05899887945626953;0,06637373938830324
50,166666666666664;918,582175305302;908,7486970139453;246,6396624689139;2616,732372203035;905,3159049522158;333,2023896830066;2991,7636185077195;686,1389496690724;5822,679689004965;27888,96177246716;0,05893681900955684;0,06630392138575146
50,25;918,8302409186828;909,0285399842892;245,83695728391888;2609,96055507608;905,624964343704;331,65675882715675;2979,99188581715;686,848087206756;5811,08064090574;27869,166493975346;0,05887500713125919;0,0662343830226666
50,333333333333336;919,0778965060695;909,3076487275601;245,0425233598395;2603,262201720094;905,9327979573308;330,1319143744678;2968,3822140392062;687,5538914093245;5799,55384279817;27849,474664884423;0,05881344040853385;0,06616512045960059
50,416666666666664;919,3251434206841;909,5860310862355;244,25619446273288;2596,6357758190525;906,2394225401981;328,62746371846754;2956,931597851588;688,2563297794565;5788,100127418625;27829,890742398195;0,058752115491960376;0,06609612992845543
50,5;919,5719830090607;909,863694739921;243,47780836121444;2590,079777499749;906,544854528235;327,1430220121488;2945,63708780014;688,9553692626101;5776,72034103069;27810,41925004175;0,058691029094353;0,06602740773114714
50,583333333333336;919,8184166110889;910,140647209221;242,7072067284911;2583,592742478508;906,849110052033;325,6782120206424;2934,4957893555443;689,6509762377134;5765,415343661263;27791,064778714484;0,0586301779895934;0,06595895023829258
50,666666666666664;920,0644455600583;910,4168958595172;241,94423504669658;2577,173241225713;907,1522049425822;324,23266397639736;2923,5048619808013;690,3431165079686;5754,186009334388;27771,831987735513;0,05856955901148356;0,06589075388791901
50,75;920,3100711827009;910,6924479046581;241,18874251352622;2570,8198781496926;907,4541547369081;322,8060154369018;2912,66151821287;691,0317552917986;5743,033226302242;27752,725605879365;0,05850916905261838;0,06582281518419568
50,833333333333336;920,5552947992348;910,967310410562;240,44058195106857;2564,531290798172;907,7549746836102;321,39791114481966;2901,963022754986;691,7168572139633;5731,957897272557;27733,750432398316;0,058449005063277965;0,06575513069618771
50,916666666666664;920,8001177234066;911,241490298734;239,69960971681985;2558,3061490775385;908,0546797483051;320,00800289061715;2891,406691582757;692,3983862968794;5720,960939631788;27714,91133802944;0,05838906405033897;0,06568769705663134
51,0;921,0445412625329;911,5149943496998;238,9656856168159;2552,1431544898733;908,3532846189744;318,63594937753703;2880,9898910615025;693,0763059521771;5710,043285663181;27696,21326598191;0,05832934307620512;0,06562051096073077
51,083333333333336;921,2885667175432;911,787829206359;238,23867282082745;2546,041039386439;908,6508037112181;317,28141608896294;2870,710037076379;693,7505789725304;5699,205882758895;27677,661232901333;0,05826983925775637;0,06555356916497593
51,166666666666664;921,5321953830206;912,0600013772573;237,5184377796046;2539,998566238259;908,9472511734176;315,94407515812577;2860,564594174539;694,4211675238017;5688,449693625318;27659,260329807617;0,05821054976531648;0,06548686848598104
51,25;921,7754285472439;912,3315172397822;236,80485014408248;2534,014526922658;909,2426408918059;314,6236052400752;2850,551074719402;695,0880331375421;5677,775696480472;27641,01572300139;0,05815147182163882;0,06542040579934368
51,333333333333336;922,0182674922276;912,6023830432819;236,09778268654225;2528,087742026839;909,5369864954496;313,3196913859507;2840,667038056952;695,7511367038949;5667,1848852425455;27622,932654935277;0,05809260270091008;0,06535417803852385
51,416666666666664;922,2607134937632;912,8726049121098;235,39711122364224;2522,217060165462;909,8303013611422;312,0320249194492;2830,9100896940445;696,4104384649504;5656,678269708317;27605,0164450444;0,05803393972777155;0,06528818219374301
51,5;922,5027678214584;913,1421888485975;234,70271454133638;2516,401357315552;910,1225986182108;310,7603033155243;2821,2778804883983;697,065898008605;5646,25687572032;27587,27249053138;0,05797548027635785;0,06522241531090259
51,583333333333336;922,7444317387783;913,4111407359552;234,01447432152338;2510,6395361646123;910,4138911532362;309,50423008119117;2811,7681058505555;697,7174742629807;5635,921745321335;27569,706267100133;0,057917221769352746;0,06515687449052185
51,666666666666664;922,9857065030839;913,6794663411042;233,33227507057757;2504,9305254750393;910,7041916146903;308,2635146385513;2802,378504957632;698,365125491465;5625,673936894941;27552,323329632345;0,057859161677061934;0,06509155688669468
51,75;923,2265933656719;913,9471713174405;232,65600404949112;2499,2732794618987;910,993512417489;307,03787220983827;2793,1068599785335;699,008809288437;5615,51452529047;27535,12931280055;0,0578012975165022;0,06502645970606498
51,833333333333336;923,4670935718136;914,2142612075328;231,9855512057842;2493,6667771856387;911,281865747464;305,82702370457184;2783,9509953106563;699,6484825757441;5605,4446019308725;27518,12993161046;0,057743626850507185;0,0649615802068206
51,916666666666664;923,7072083607932;914,4807414457557;231,32080910702086;2488,1100219578802;911,5692635657546;304,6306956087392;2774,9087768284417;700,2841016000065;5595,465274901739;27501,330981865925;0,057686147286849086;0,06489691569770523
52,0;923,9469389659464;914,7466173608599;230,66167287593657;2482,602040761592;911,8557176131187;303,44861987596516;2765,978111142509;700,9156219308229;5585,577669019668;27484,738340548163;0,057628856477376256;0,06483246353704829
52,083333333333336;924,1862866146982;915,0118941784798;230,00804012716287;2477,1418836837747;912,1412394141678;302,2805338206922;2757,1569448708224;701,5429984599614;5575,782925878088;27468,357966101634;0,05757175211716644;0,06476822113181226
52,166666666666664;924,4252525286012;915,2765770235819;229,35981090546136;2471,728623362052;912,4258402815235;301,12618001326155;2748,443263920654;702,16618540162;5566,082203868422;27452,195898617363;0,0575148319436953;0,06470418593665722
52,25;924,6638379233718;915,5406709228537;228,71688762548104;2466,3613544429068;912,7095313198995;299,98530617694144;2739,835092781463;702,7851362938508;5556,4766781745275;27436,258259904662;0,0574580937360201;0,06464035545302262
52,333333333333336;924,902044008929;915,8041808070345;228,07917501295378;2461,039193053179;912,9923234301084;298,8576650868083;2731,3304938290185;703,3998040012408;5546,967540738026;27420,55125344142;0,05740153531397832;0,06457672722822562
52,416666666666664;925,1398719894296;916,0671115131914;227,4465800473621;2455,7612762835556;913,2742273129959;297,7430144705153;2722,9275666399008;704,0101407189552;5537,556000192206;27405,08116419294;0,05734515453740082;0,06451329885457593
52,5;925,3773230633055;916,3294677869386;226,81901190595397;2450,526761683769;913,5552534733027;296,6411169108426;2714,6244473175075;704,6160979782454;5528,24328176186;27389,854358287997;0,05728894930533945;0,06445006796850689
52,583333333333336;925,6143984233;916,5912542846044;226,19638190917328;2445,3348267699002;913,8354122234558;295,55173975006994;2706,419307827619;705,217626653538;5519,030627126503;27374,877282540787;0,057232917555308835;0,06438703224972245
52,666666666666664;925,8510992565037;916,8524755753451;225,57860346739176;2440,18466854263;914,1147136872893;294,4746549961053;2698,310355345457;705,814676971219;5509,919294244051;27360,15646380705;0,057177057262542144;0,06432418942035992
52,75;926,0874267443896;917,1131361432085;224,9655920289655;2435,0755030171863;914,3931678036975;293,40963923036156;2690,295831612609;706,4071985202386;5500,910557132119;27345,698508161575;0,05712136643926051;0,06426153724416808
52,833333333333336;926,3233820628493;917,3732403891461;224,35726502952775;2430,0065647636357;914,67078433022;292,3564735173045;2682,3740123041134;706,9951402646623;5492,005705603777;27331,51009988344;0,05706584313395599;0,06419907352570049
52,916666666666664;926,5589663822276;917,6327926329776;223,75354184258072;2424,977106458381;914,947572846561;291,3149433157315;2674,5432064062184;707,5784505583039;5483,206044954676;27317,598000236136;0,0570104854306878;0,06413679610952377
53,0;926,7941808673575;917,8917971153076;223,15434373124958;2419,986398445753;915,2235427580418;290,28483839166483;2666,801755603634;708,1570771615764;5474,512895598093;27303,969046027476;0,05695529144839163;0,06407470287944059
53,083333333333336;927,0290266775947;918,150257999395;222,5595938012475;2415,033728310525;915,4987032989915;289,26595273289024;2659,148033677292;708,730967260706;5465,927592644528;27290,63014793482;0,0569002593402017;0,06401279175772692
53,166666666666664;927,263504966852;918,408179372978;221,9692169549944;2410,118400459488;915,773063536072;288,25808446508177;2651,580445911473;709,3000674894562;5457,451485422217;27277,58828857987;0,056845387292785605;0,06395106070438382
53,25;927,4976168836333;918,665565250054;221,38313984684999;2405,2397357134264;916,046632371543;287,26103576950095;2644,097428510665;709,8643239535128;5449,0859369348955;27264,850520337193;0,05679067352569141;0,06388950771640284
53,333333333333336;927,7313635710668;918,9224195726163;220,8012908394835;2400,397070908651;916,3194185464646;286,2746128022593;2636,6974480262807;710,4236822576884;5440,832323253014;27252,423962860386;0,05673611629070708;0,06382813082704547
53,416666666666664;927,9647461669396;919,1787462123486;220,22359996126397;2395,5897585076996;916,5914306438406;285,2986256150558;2629,3790007926027;710,9780875361033;5432,692032834461;27240,315800308403;0,05668171387123189;0,06376692810513587
53,5;928,1977658037299;919,4345489722785;219,649998864773;2390,817166219535;916,8626770917023;284,3328880774749;2622,1406123726397;711,527484485506;5424,666465770906;27228,533278255567;0,05662746458165954;0,06370589765436699
53,583333333333336;928,4304236086405;919,6898315883897;219,08042078628398;2386,078676628171;917,1331661661347;283,377217800691;2614,9808370119736;712,0718174018967;5416,757032955598;27217,083700266572;0,05657336676677305;0,06364503761261969
53,666666666666664;928,6627207036314;919,9445977311958;218,51480050627003;2381,3736868306914;917,4029059942457;282,4314360626431;2607,898257103081;712,6110302206201;5408,965155168593;27205,974424119933;0,05651941880115087;0,06358434615129473
53,75;928,8946582054524;920,1988510072756;217,95307431088986;2376,70160808337;917,6719045570783;281,49536773464376;2600,891482658152;713,1450665600914;5401,2922620752815;27195,212857661212;0,05646561908858434;0,06352382147465739
53,833333333333336;929,1262372256748;920,45259496077;217,39517995441986;2372,061865456501;917,9401696924695;280,5688412093531;2593,95915079038;713,6738697693222;5393,739791134024;27184,806454267884;0,05641196606150611;0,06346346181919438
53,916666666666664;929,357458870724;920,7058330748436;216,84105662261857;2367,453897497079;918,2077090978529;279,65168833013365;2587,099925204619;714,197382979408;5386,309186408815;27174,762707907987;0,05635845818042942;0,0634032654529831
54,0;929,5883242419111;920,9585687731088;216,29064489701193;2362,8771558998055;918,4745303330101;278,7437443217783;2580,3124956965503;714,7155491591365;5379,001897282902;27165,08914777504;0,056305093933397984;0,06334323067507273
54,083333333333336;929,8188344354637;921,2108054210173;215,74388672005682;2358,331105185834;918,7406408227685;277,8448477225254;2573,595577660316;715,2283111748724;5371,819377069366;27155,793332481226;0,056251871835446304;0,0632833558148771
54,166666666666664;930,0489905425582;921,4625463272153;215,20072536116004;2353,815222389011;919,0060478596479;276,95484031738147;2566,9479116043317;715,7356118548655;5364,763081514783;27146,882843791816;0,056198790428070425;0,06322363923157923
54,25;930,27879364935;921,7137947448667;214,6611053835727;2349,3289967498067;919,2707586064572;276,073567072757;2560,3682626759546;716,2373940581226;5357,834467192316;27138,365279885;0,056145848278708554;0,06316407931354713
54,333333333333336;930,5082448370043;921,9645538729441;214,12497261208046;2344,8719294165558;919,5347800988411;275,2008760723186;2553,8554201940096;716,7336007479715;5351,034989780684;27130,248248120843;0,05609304398023178;0,06310467447776075
54,416666666666664;930,7373451817272;922,2148268574865;213,59227410150652;2340,4435331536047;919,7981192477778;274,3366184540804;2547,4081971891396;717,224175070435;5344,36610222582;27122,539357305217;0,056040376150444444;0,06304542316925
54,5;930,9660957547956;922,4646167928283;213,06295810601625;2336,04333205673;920,0607828420291;273,4806483487347;2541,0254299529465;717,7090604375153;5337,829252782305;27115,246209435652;0,05598784343159418;0,06298632386054345
54,583333333333336;931,1944976225868;922,7139267227965;212,53697404918057;2331,6708612755206;920,322777550544;272,6328228191619;2534,7059775942707;718,1882006154741;5331,425882932007;27108,37639091707;0,05593544448989121;0,06292737505112761
54,666666666666664;931,4225518466094;922,962759641879;212,01427249475842;2327,325666741608;920,5841099248147;271,7930018010719;2528,448721603152;718,6615398181722;5325,157425177818;27101,937463237653;0,05588317801503706;0,0628685752669167
54,75;931,6502594835318;923,2111184963643;211,49480511826084;2323,0073049042658;920,8447864011888;270,9610480448674;2522,2525654230462;719,1290228055092;5319,02530071093;27095,936953096854;0,05583104271976224;0,06280992305973253
54,833333333333336;931,8776215852125;923,4590061854532;210,9785246791887;2318,7153424725934;921,1048133031359;270,13682705857605;2516,1164340302976;719,5905949869804;5313,030916950566;27090,382341980905;0,055779037339372825;0,06275141700679443
54,916666666666664;932,1046391987283;923,7064255623426;210,46538499398366;2314,44935616264;921,3641968434707;269,3202070519163;2510,0392735205387;720,046202530336;5307,175664955804;27085,281055181556;0,05572716063130585;0,06269305571021909
55,0;932,3313133664043;923,9533794352834;209,95534090964156;2310,2089324518456;921,6229431265332;268,5110588814382;2504,0200507031377;720,4957924752982;5301,460916709806;27080,64045025982;0,05567541137469336;0,06263483779653004
55,083333333333336;932,5576451258416;924,1998705686119;209,44834827802197;2305,9936673391007;921,8810581503263;267,70925599677753;2498,0577527024757;720,9393128522551;5295,8880222776515;27076,46780495749;0,05562378836993473;0,06257676191617657
55,166666666666664;932,7836355099467;924,4459016837556;208,9443639307433;2301,80316611013;922,1385478086128;266,91467438788266;2492,1513865662455;721,376712805813;5290,458306839665;27072,770304563608;0,055572290438277445;0,06251882674306213
55,25;933,009285546959;924,6914754602145;208,44334565477993;2297,6370431093146;922,3954178929705;266,12719253334944;2486,2999788809166;721,8079427230475;5285,173067603344;27069,55502874767;0,0555209164214059;0,06246103097408164
55,333333333333336;933,2345962604793;924,9365945365188;207,94525216861075;2293,4949215163774;922,6516740948084;265,34669134971125;2480,5025753940263;722,2329543662478;5280,033570597786;27066,828937874812;0,05546966518103832;0,06240337332866811
55,416666666666664;933,4595686694978;925,1812615111614;207,45004309901276;2289,3764331289703;922,9073220073428;264,573054141772;2474,758240643162;722,6517010099022;5275,041047355788;27064,59885882326;0,05541853559853143;0,06234585254834787
55,5;933,6842037884214;925,4254789435092;206,95767895840902;2285,281218150356;923,1623671275356;263,8061665538743;2469,0660575918037;723,0641375816239;5270,196691489889;27062,871470329515;0,05536752657449288;0,06228846739630449
55,583333333333336;933,908502627101;925,6692493546905;206,46812112280486;2281,208924981902;923,4168148579939;263,04591652214526;2463,4251272714505;723,4702208066608;5265,501655169939;27061,653287891517;0,055316637028401214;0,06223121665695137
55,666666666666664;934,1324661908595;925,9125752284614;205,98133181026412;2277,1592100215094;923,6706705088335;262,29219422767756;2457,834568430527;723,8699093555816;5260,957045511006;27060,950648266407;0,0552658658982333;0,062174099135512466
55,75;934,3560954805181;926,1554590120504;205,49727405995384;2273,131737465884;923,9239392995047;261,5448920506509;2452,293517189221;724,2631639946715;5256,5639208819475;27060,76969360412;0,05521521214009906;0,062117113657611446
55,833333333333336;934,5793914924233;926,3979031169823;205,01591171169196;2269,1261791187794;924,1766263605837;260,80390452533493;2446,801126701396;724,6499477385139;5252,323287146166;27061,116355265312;0,055164674727883264;0,06206025906886868
55,916666666666664;934,8023552184736;926,6399099198818;204,53720938602373;2265,1422142027386;924,4287367355275;260,06912829599;2441,3565668215115;725,0302260041792;5248,236093847734;27061,9963373768;0,05511425265289449;0,06200353423450631
56,0;935,0249876461465;926,8814817632567;204,0611324647955;2261,1795291762232;924,6802753823955;259,34046207365213;2435,959023778834;725,4039667663782;5244,30323035736;27063,415100185575;0,055063944923520895;0,061946938038961015
56,083333333333336;935,2472897585234;927,1226209562628;203,58764707224566;2257,237817555093;924,9312471755361;258,61780659377587;2430,6076998564554;725,7711407128858;5240,525521994209;27065,377843276874;0,05501375056489278;0,06189046938550438
56,166666666666664;935,4692625343171;927,363329775449;203,1167200565136;2253,316779738263;925,1816569072411;257,901064574682;2425,301813077304;726,1317213994818;5236,90372614094;27067,889488729157;0,054963668618551786;0,06183412719587077
56,25;935,6909069478963;927,6036104654842;202,64831897170268;2249,416122838089;925,4315092893668;257,1901406769001;2420,0405968951845;726,4856854036036;5233,4385283708825;27070,954664284407;0,05491369814212664;0,06177791040989248
56,333333333333336;935,9122239693129;927,8434652398668;202,18241206030427;2245,535560513913;925,6808089549234;256,4849414632391;2414,82329989149;726,8330124758548;5230,130538607318;27074,577686617522;0,05486383820901533;0,06172181798514225
56,416666666666664;936,1332145643257;928,0828962816156;201,71896823615327;2241,6748128110526;925,9295604596329;255,7853753597385;2409,649185478279;727,1736856884706;5226,9802873364515;27078,762544794856;0,054814087908073426;0,06166584889658261
56,5;936,353879694427;928,3219057439449;201,25795706775307;2237,833606002498;926,1777682834562;255,09135261732183;2404,5175316055997;727,5076915797977;5223,988221896378;27083,512884015363;0,05476444634330876;0,06161000213622236
56,583333333333336;936,5742203168669;928,5604957509216;200,79934876205243;2234,011672435596;926,4254368320902;254,4027852742687;2399,4276304758646;727,8350202938163;5221,154702865732;27088,83198973453;0,054714912633581955;0,0615542767127797
56,666666666666664;936,7942373846788;928,7986683981073;200,34311414863168;2230,208750381633;926,6725704384346;253,71958711941716;2394,3787882618976;728,1556657137043;5218,480000576264;27094,722772271896;0,05466548591231308;0,06149867165135222
56,75;937,0139318467038;929,0364257531836;199,88922466428676;2226,4245838896127;926,9191733640301;253,0416736561051;2389,3703248312167;728,4696255884248;5215,964291774364;27101,187752008656;0,05461616532719397;0,06144318599309322
56,833333333333336;937,2333046476151;929,2737698565625;199,43765233800548;2222,6589226435067;927,1652498004681;252,36896206684207;2384,401573475351;728,7769016513155;5213,607656456975;27108,229045282664;0,05456695003990637;0,061387818794894675
56,916666666666664;937,452356727943;929,5107027219813;198,98836977631618;2218,9115218230277;927,4108038707719;251,70137117867455;2379,471880643991;729,0774997296529;5211,4100749074905;27115,848351088534;0,05451783922584561;0,06133256912907632
57,0;937,6710890240984;929,7472263370834;198,54135014904273;2215,1821419679327;927,6558396307507;251,03882142927603;2374,5806056841143;729,371429844187;5209,371424957251;27124,04693869215;0,05446883207384985;0,06127743608308109
57,083333333333336;937,889502468397;929,983342663984;198,09656717537507;2211,470548845351;927,9003610703269;250,38123483369077;2369,727120584426;729,6587062976593;5207,491479497784;27132,825636266363;0,05441992778593462;0,06122241875917646
57,166666666666664;938,1075979890835;930,2190536398224;197,65399511032626;2207,7765133211383;928,144372114836;249,728534951754;2364,910809723914;729,9393477513605;5205,769904268444;27142,184820652616;0,0543711255770328;0,061167516274161914
57,25;938,325376510355;930,4543611773006;197,21360873152776;2204,0998112334664;928,3878766263016;249,08064685618854;2360,13106962583;730,213377288831;5204,206255943074;27152,124408349875;0,05432242467473968;0,06111272775908214
57,333333333333336;938,5428389523846;930,6892671652082;196,77538332636004;2200,4402232704297;928,6308784046845;248,43749710133523;2355,3873087160946;730,4808224658711;5202,7999805381005;27162,643847827094;0,0542738243190631;0,06105805235894599
57,416666666666664;938,7599862313443;930,9237734689348;196,33929467941016;2196,7975348500177;928,8733811891066;247,79901369250297;2350,678947085918;730,7417153461039;5201,550412162836;27173,742113248212;0,05422532376217869;0,061003489232451025
57,5;938,9768192594286;931,1578819309694;195,90531906023898;2193,1715360033627;929,1153886590504;247,16512605594403;2346,0054162593506;730,9960925214186;5200,456772131011;27185,41769969292;0,054176922268189924;0,060949037551713665
57,583333333333336;939,1933389448776;931,3915943713881;195,4734332114782;2189,5620212609147;929,3569044355348;246,53576500945462;2341,366158965242;731,2439951167252;5199,518168450249;27197,668619945613;0,05412861911289303;0,060894696502004665
57,666666666666664;939,4095461919998;931,6249125883287;195,04361433723716;2185,9687895416587;929,597932082267;245,9108627335695;2336,7606289132045;731,4854687785544;5198,733595703811;27210,49240291584;0,0540804135835466;0,06084046528148993
57,75;939,6254419011939;931,8578383584547;194,6158400917767;2182,391644044405;929,838475106771;245,29035274331932;2332,1882905741936;731,7205636471625;5198,101935336134;27223,886093741996;0,054032304978645786;0,06078634310097651
57,833333333333336;939,8410269689725;932,0903734374073;194,1900885684788;2178,830392142599;930,0785369614945;244,6741698605706;2327,648618965064;731,9493343119224;5197,621956350784;27237,84625561793;0,0539842926077011;0,060732329183663745
57,916666666666664;940,0563022879838;932,3225195602461;193,76633828913157;2175,2848452809126;930,3181210448919;244,06225018695125;2323,1410994374355;732,1718397499177;5197,292316426254;27252,36897336868;0,053936375791021625;0,06067842276489933
58,0;940,2712687470341;932,5542784418794;193,3445681934444;2171,7548188755277;930,5572307024871;243,45453107729895;2318,6652274702974;732,3881432477962;5197,111563451654;27267,449858787964;0,05388855385950257;0,0606246230919404
58,083333333333336;940,4859272311093;932,785651777484;192,92475762886738;2168,2401322158153;930,7958692279141;242,85095111367525;2314,2205084671446;732,5983123070766;5197,078137480949;27283,084057735585;0,05384082615441718;0,06057092942371934
58,166666666666664;940,7002786213969;933,0166412429137;192,50688634063238;2164,7406083692335;931,0340398639362;242,25145007987976;2309,806457556332;732,8024185332484;5197,190373100815;27299,266258977914;0,05379319202721276;0,06051734103061436
58,25;940,9143237953087;933,2472484950989;192,090934462081;2161,256074087861;931,2717458034459;241,65596893651866;2305,4225993957084;733,0005375091422;5197,446502203712;27315,99070474046;0,053745650839310814;0,060463857194224674
58,333333333333336;941,1280636265006;933,4774751724358;191,67688250524577;2157,7863597180913;931,5089901904437;241,06444979657056;2301,068467980973;733,1927486531869;5197,8446571541635;27333,25120292635;0,05369820196191126;0,060410477207150176
58,416666666666664;941,3414989848956;933,7073228951662;191,2647113516215;2154,3312991121934;931,7457761209968;240,47683590142412;2296,7436064577428;733,3791350633019;5198,382874332845;27351,041140939706;0,05365084477580065;0,060357200372775734
58,5;941,5546307367038;933,9367932657477;190,8544022432352;2150,890729541993;931,9821066441796;239,89307159747;2292,4475669369353;733,5597833472951;5199,059098039842;27369,35350104015;0,05360357867116408;0,0603040260050596
58,583333333333336;941,7674597444444;934,1658878692155;190,44593677390083;2147,4644916146676;932,2179847629941;239,31310231310476;2288,179910314264;733,7347834407548;5199,871184735215;27388,180877140487;0,05355640304740118;0,06025095342832633
58,666666666666664;941,9799868669664;934,3946082735341;190,0392968807239;2144,0524291913166;932,4534134352723;238,73687453625791;2283,940206093059;733,9042284135234;5200,8169075922415;27407,515492948325;0,05350931731294554;0,06019798197706373
58,75;942,1922129594692;934,622956029942;189,6344648358081;2140,654389306542;932,68839557456;238,16433579235365;2279,7280322100314;734,0682142659373;5201,893961336077;27427,34922134029;0,053462320885088;0,060145110995724005
58,833333333333336;942,4041388735232;934,8509326732864;189,2314232381807;2137,2702220909487;932,9229340509827;237,5954346227303;2275,5429748650636;734,2268397160888;5203,099967338298;27447,673604849337;0,05341541318980346;0,0600923398385289
58,916666666666664;942,6157654570903;935,0785397223507;188,83015500591966;2133,8997806950865;933,1570316920939;237,03012056351156;2271,3846283542293;734,3802059794291;5204,43247893586;27468,479877135716;0,05336859366158121;0,06003966786927887
59,0;942,827093554545;935,3057786801737;188,43064336849125;2130,542921215374;933,3906912837069;236,4683441249099;2267,2525949057854;734,5284165420812;5205,888986941531;27489,75898530664;0,05332186174325861;0,05998709446116594
59,083333333333336;943,0381240066936;935,532651034361;188,0328718592807;2127,199502622243;933,6239155707082;235,9100567709504;2263,1464845195524;734,6715769292551;5207,466925311593;27511,50161294428;0,053275216885858366;0,059934618996590666
59,166666666666664;943,2488576507945;935,7591582573888;187,63682430831352;2123,869386689843;933,8567072578559;235,35521089963538;2259,0659148097184;734,8097944701768;5209,163676935961;27533,69820369781;0,05322865854842882;0,059882240866982434
59,25;943,4592953205789;935,9853018069;187,2424848351443;2120,552437926666;934,0890690105609;234,80375982346686;2255,0105108495386;734,9431780609373;5210,9765795154435;27556,338985293743;0,05318218619788781;0,05982995947262379
59,333333333333336;943,6694378462696;936,2110831259938;186,849837841973;2117,2485235100385;934,3210034556529;234,2556577504496;2250,9799050212264;735,0718379266497;5212,902931491041;27579,41399382019;0,05313579930886942;0,059777774222478104
59,416666666666664;943,8792860546012;936,4365036435074;186,45886800689482;2113,957513219868;934,5525131821298;233,71085976541792;2246,9737368664732;735,2005465737325;5214,939997990498;27602,91309813878;0,05308949736357404;0,059725684534020794
59,5;944,0888407688393;936,6615647742917;186,06956027734327;2110,6792793760783;934,7836007418931;233,16932181178345;2242,9916529417774;735,3329632281736;5216,968487021717;27626,370774890496;0,053043279851621376;0,059673689833074056
59,583333333333336;944,2981028088002;936,8862679194793;185,68189986368964;2107,413696776011;935,0142686504672;232,63100067365485;2239,033306675225;735,4691692520679;5218,896938516642;27649,429555928207;0,05299714626990656;0,05962178955364488
59,666666666666664;944,5070729908703;937,110614466747;185,29587223302144;2104,160642634138;935,2445193877048;232,09585395832448;2235,098358227056;735,6092462792153;5220,7233389183075;27672,081128156045;0,05295109612245903;0,059569983137766416
59,75;944,7157521280243;937,3346057905713;184,9114631030801;2100,919996523968;935,4743553984775;231,56384007913573;2231,1864743526075;735,753276126606;5222,445667791373;27694,317126201404;0,05290512892030449;0,05951827003534255
59,833333333333336;944,9241410298451;937,5582432524778;184,52865843632367;2097,6916403199616;935,7037790933523;231,03491823866875;2227,297328267861;735,9013407022645;5224,061900035457;27716,129140086432;0,05285924418132954;0,05946664970399573
59,916666666666664;945,1322405025427;937,7815282012849;184,14744443418272;2094,4754581421075;935,9327928492544;230,50904841232125;2223,4305995179734;736,0535219095967;5225,570008189516;27737,508723252984;0,05281344143014912;0,059415121608917765
60,0;945,340051348972;938,004461973341;183,7678075314443;2091,2713363014186;936,1613990101167;229,98619133220757;2219,5859738482764;736,20990154841;5226,967964823649;27758,447400929537;0,05276772019797665;0,05936368522272374
60,083333333333336;945,547574368652;938,2270458927567;183,38973439077506;2088,0791632467635;936,3895998875157;229,4663084713818;2215,763143077583;736,3705612127962;5228,25374501405;27778,936678826598;0,052722080022496856;0,05931234002530897
60,166666666666664;945,7548103577843;938,4492812716308;183,0132118973836;2084,898829513075;936,617397761294;228,94936202840768;2211,9618049742876;736,5355821860932;5229,425328896395;27798,968052145727;0,052676520447741196;0,05926108550370885
60,25;945,9617601092717;938,6711694102711;182,63822715383924;2081,730227671063;936,8447948801711;228,43531491225804;2208,1816631350175;736,7050453331614;5230,4807042922785;27818,53301488442;0,05263104102396578;0,059209921151961505
60,333333333333336;946,1684244127354;938,8927115974101;182,2647674750158;2078,5732522785206;937,0717934623408;227,92413072751572;2204,42242686579;736,8790309902374;5231,417869402759;27837,62306941753;0,05258564130753184;0,059158846470973324
60,416666666666664;946,3748040545339;939,113909110415;181,89282038313195;2075,427799831473;937,2983956960567;227,41577375986424;2200,6838110646772;737,0576188526438;5232,234835562448;27856,22973633309;0,052540320860788664;0,05910786096838725
60,5;946,580899817781;939,334763215493;181,52237360297363;2072,2937687182934;937,5246037402059;226,91020896193095;2196,9655361082746;737,2408878606594;5232,929630047252;27874,3445644999;0,05249507925195883;0,059056964158453684
60,583333333333336;946,786712482363;939,555275167892;181,15341505719869;2069,171059173963;937,7504197248705;226,40740193937745;2193,2673277388944;737,4289160838725;5233,500298928038;27891,95914134054;0,05244991605502589;0,05900615556190413
60,666666666666664;946,9922428249573;939,7754462120955;180,78593286177522;2066,0595732355814;937,9758457518781;225,90731893731117;2189,5889169552643;737,6217806043574;5233,944909962262;27909,065103282785;0,052404830849624384;0,05895543470582744
60,75;947,197491619049;939,9952775820143;180,41991532154498;2062,959214699748;938,2008838953401;225,40992682698118;2185,9300399048734;737,8195573990321;5234,261555514999;27925,654146360393;0,05235982322093198;0,058904801123548484
60,833333333333336;947,4024596349487;940,2147705011721;180,05535092586626;2059,869889079477;938,4255362021804;224,9151930927212;2182,2904377781474;738,0223212215718;5234,448355500422;27941,71803693217;0,052314892759563913;0,05885425435450941
60,916666666666664;947,6071476398107;940,4339261828878;179,6922283444161;2056,79150356407;938,649804692652;224,42308581920827;2178,6698567056233;738,2301454842625;5234,503460334423;27957,24862248756;0,052270039061469604;0,05880379394415331
61,0;947,811556397649;940,6527458304529;179,33053642307186;2053,7239669787036;938,8736913608432;223,9335736789684;2175,0680476565626;738,4431021401938;5234,425053888705;27972,237842504972;0,05222526172783137;0,05875341944381029
61,083333333333336;948,015686669355;940,871230637305;178,9702641799039;2050,6671897455153;939,0971981751741;223,44662592014686;2171,4847663394044;738,6612615661968;5234,211356436382;27986,677739328166;0,052180560364965184;0,058703130410585835
61,166666666666664;948,2195392127144;941,0893817871969;178,6114008012504;2047,6210838453912;939,3203270788823;222,96221235452265;2167,919773105157;738,8846924469407;5233,860627578954;28000,560469025248;0,05213593458422354;0,058652926407251484
61,25;948,4231147824241;941,3072004543619;178,2539356379374;2044,585562781579;939,5430799904987;222,48030334580164;2164,3728328516904;739,1134616606031;5233,371169144342;28013,878312193956;0,05209138400190027;0,058602807002137804
61,333333333333336;948,6264141301092;941,5246878036754;177,89785820155544;2041,5605415428824;939,7654588043134;222,00086979813705;2160,843714930666;739,3476341665336;5232,741328045526;28026,623684676404;0,05204690823913731;0,05855277176902948
61,416666666666664;948,829438004339;941,7418449908121;177,54315816084443;2038,5459365689794;939,9874653908328;221,52388314489428;2157,332193055917;739,587272895326;5231,96949908939;28038,789148146043;0,05200250692183345;0,05850282028706263
61,5;949,0321871506444;941,9586731623999;177,1898253381721;2035,5416657159228;940,2091015972258;221,04931533765466;2153,8380452142515;739,8324386417108;5231,054127725323;28050,367420530103;0,05195817968055485;0,05845295214062421
61,583333333333336;949,2346623115334;942,1751734561705;176,83784970611214;2032,5476482226218;940,4303692477624;220,57713883546626;2150,3610535773637;740,0831899606723;5229,993712723339;28061,35138623014;0,051913926150447515;0,05840316691925346
61,666666666666664;949,4368642265083;942,3913470011056;176,48722138407322;2029,5638046787744;940,6512701442426;220,1073265942739;2146,901004415693;740,3395830671845;5228,786808771528;28071,734106104712;0,051869745971151474;0,05835346421754541
61,75;949,6387936320813;942,6071949175806;176,13793063506762;2026,590056992764;940,8718060664163;219,63985205664187;2143,457688015123;740,6016717399488;5227,432028983094;28081,508827178433;0,05182563878671674;0,058303843635056335
61,833333333333336;949,8404512617907;942,8227183175045;175,7899678625165;2023,6263283608218;941,0919787723947;219,1746891416244;2140,0308985932766;740,869507229495;5225,928047303313;28090,668992041912;0,051781604245521064;0,0582543047762112
61,916666666666664;950,0418378462173;943,0379183044564;175,44332360715487;2020,6725432368244;941,3117899990533;218,71181223490055;2136,620434219412;741,1431381709983;5224,273600807393;28099,208247910297;0,051737642000189335;0,05820484725021301
62,0;950,2429541129995;943,2527959738192;175,09798854402163;2017,7286273032478;941,5312414624269;218,25119617909934;2133,226096735239;741,422610502135;5222,467491880474;28107,120455307304;0,05169375170751461;0,058155470670953946
62,083333333333336;950,4438007868503;943,4673524129099;174,7539534795095;2014,7945074420886;941,7503348580958;217,79281626431555;2129,847691676926;741,7079673862814;5220,508590271615;28114,39969634468;0,051649933028380834;0,058106174656928446
62,166666666666664;950,6443785895713;943,6815887011074;174,41120934850858;2011,8701117074384;941,9690718615645;217,33664821886123;2126,485028199612;741,9992491413369;5218,39583501422;28121,040282568654;0,05160618562768709;0,05805695883114798
62,25;950,8446882400694;943,8955059099766;174,06974721159543;2008,9553692979912;942,1874541286328;216,88266820016793;2123,1379190028074;742,296493174418;5216,128236205858;28127,036762346466;0,051562509174273435;0,058007822821057625
62,333333333333336;951,0447304543728;944,1091051033899;173,72955825232168;2006,050210530628;942,4054832957585;216,43085278591627;2119,806180257084;742,5997339226503;5213,704876641287;28132,383927769166;0,051518903340848306;0,05795876625845435
62,416666666666664;951,2445059456447;944,3223873376465;173,39063377457364;2003,154566814833;942,6231609804134;215,98117896535882;2116,489631533492;742,9090028002488;5211,1249132930625;28137,0768210487;0,05147536780391731;0,05790978877940697
62,5;951,4440154241998;944,5353536615885;173,05296519995466;2000,2683706272562;942,840488781432;215,5336241307822;2113,188095732926;743,2243281520473;5208,387578634898;28141,110740389682;0,0514319022437136;0,057860890024177804
62,583333333333336;951,6432595975189;944,7480051167137;172,71654406528398;1997,3915554873122;943,057468279352;215,08816606919652;2109,901399017926;743,5457352136069;5205,492181803814;28144,481245319606;0,05138850634412961;0,057812069637145816
62,666666666666664;951,8422391702644;944,9603427372873;172,3813620201298;1994,524055933312;943,274101036749;214,6447829541728;2106,6293707452796;743,873246078;5202,438109597799;28147,184161463192;0,05134517979265019;0,05776332726673147
62,75;952,0409548442949;945,1723675504498;172,04741082442752;1991,665807499061;943,4903885985641;214,20345333788475;2103,371843400639;744,2068796693309;5199,224827306611;28149,21558475023;0,05130192228028718;0,05771466256532308
62,833333333333336;952,2394073186803;945,3840805763232;171,71468234612632;1988,8167466914347;943,7063324924236;213,76415614327016;2100,128652534171;744,5466517230261;5195,8518793741005;28150,571885048135;0,051258733501515275;0,05766607518920469
62,916666666666664;952,4375972897159;945,5954828281142;171,38316855892697;1985,9768109680222;943,9219342289537;213,32687065641665;2096,8996366971596;744,892574772889;5192,318889891354;28151,24970921388;0,051215613154209264;0,05761756479848543
63,0;952,6355254509382;945,8065753122157;171,05286154004204;1983,1459387155069;944,1371953020877;212,89157651905555;2093,684637380391;745,2446581448849;5188,625562920672;28151,245983563145;0,051172560939582466;0,05756913105703028
63,083333333333336;952,8331924931385;946,0173590283056;170,72375346806155;1980,3240692292386;944,3521171893675;212,4582537212632;2090,483498953901;745,6029079575901;5184,771682651333;28150,55791575642;0,051129576562126494;0,057520773632392316
63,166666666666664;953,0305991043778;946,2278349694435;170,39583662082407;1977,5111426918563;944,5667013522384;212,0268825942759;2087,2960686075285;745,9673271292091;5180,75711338871;28149,18299610525;0,05108665972955232;0,057472492195746364
63,25;953,2277459700009;946,4380041221655;170,06910337335626;1974,7071001540228;944,7809492363378;211,597443803484;2084,1221962927793;746,3379153910317;5176,581799379215;28147,118998304217;0,05104381015273243;0,05742428642182398
63,333333333333336;953,4246337726512;946,6478674665761;169,7435461958861;1971,9118835149277;944,9948622717787;211,1699183415766;2080,9617346665914;746,7146693071795;5172,245764474229;28144,36397959731;0,05100102754564425;0,057376155988849785
63,416666666666664;953,621263192284;946,8574259764395;169,41915765187616;1969,1254355029837;945,2084418734265;210,7442875218112;2077,8145390348877;747,0975823004603;5167,749111636792;28140,91628038844;0,050958311625314695;0,057328100578479035
63,5;953,8176349061818;947,0666806192669;169,09593039611366;1966,3476996575694;945,4216894411707;210,32053297143705;2074,6804672987864;747,4866446841291;5163,092022295592;28136,774523310058;0,05091566211176587;0,057280119875736606
63,583333333333336;954,0137495889669;947,275632356404;168,77385717287154;1963,5786203112377;945,6346063601903;209,8986366252774;2071,5593799007916;747,8818436993288;5158,274755551315;28131,937611764602;0,05087307872796193;0,05723221356895718
63,666666666666664;954,2096079126165;947,484282143115;168,4529308140725;1960,8181425716714;945,8471940012153;209,47858071941425;2068,451139772989;748,2831635579666;5153,297647240953;28126,404727955993;0,05083056119975694;0,057184381349726573
63,75;954,4052105464759;947,6926309286655;168,1331442375381;1958,0662123053064;946,0594537207804;209,06034778503226;2065,355612285417;748,6905854907632;5148,161108866248;28120,175330430146;0,05078810925584391;0,057136622912824404
63,833333333333336;954,6005581572722;947,9006796564033;167,81449044526084;1955,3227761196567;946,271386861476;208,64392064238757;2062,272665196166;749,1040878001955;5142,865626392819;28113,24915114523;0,0507457226277048;0,0570889379561679
63,916666666666664;954,7956514091285;948,1084292638379;167,49696252172157;1952,5877813482928;946,4829947521922;208,22928239490466;2059,2021686025028;749,5236459180431;5137,411758926916;28105,6261920938;0,05070340104956156;0,05704132618075675
64,0;954,9904909635766;948,3158806827175;167,1805536322637;1949,8611760336514;946,694278708359;207,81641642340674;2056,1439948925645;749,9492324672342;5131,800137277133;28097,306721500092;0,050661144258328204;0,056993787290619234
64,08333333333333;955,1850774795711;948,5230348391051;166,86525702147605;1947,1429089131002;946,9052400321805;207,40530638043992;2053,098018698396;750,3808173276817;5126,0314624085595;28088,291269617068;0,05061895199356391;0,0569463209927594
64,16666666666667;955,3794116135026;948,7298926534523;166,5510660116496;1944,4329294023087;947,1158800128654;206,99593618476513;2050,0641168499674;750,8183677057913;5120,106503797234;28078,58062414819;0,05057682399742691;0,056898926997105276
64,25;955,573494019211;948,9364550406726;166,23797400125682;1941,7311875822052;947,3261999268522;206,5882900159295;2047,0421683299048;751,2618482073195;5114,026097692784;28068,175825320548;0,050534760014629566;0,056851605016458265
64,33333333333333;955,7673253479982;949,1427229102118;165,92597446345962;1939,037634183316;947,536201038029;206,18235230897142;2044,0320542296377;751,7112209132598;5107,791145297287;28057,07816063516;0,05049275979239419;0,056804354766443466
64,41666666666667;955,9609062486426;949,3486971661174;165,61506094465983;1936,3522205723734;947,7458845979511;205,77810774922796;2041,033657705592;752,1664454584304;5101,402610868459;28045,2891593215;0,05045082308040978;0,05675717596546101
64,5;956,1542373674101;949,5543787071074;165,30522706312922;1933,6748987392534;947,9552518460513;205,37554126728708;2038,0468639378762;752,6274791124446;5094,861519755304;28032,810586524134;0,05040894963078974;0,056710068334638465
64,58333333333333;956,3473193480692;949,7597684266361;164,99646650756858;1931,0056212826519;948,1643040098479;204,97463803397125;2035,0715600873973;753,0942768627432;5088,168956374139;28019,644437246126;0,05036713919803042;0,05666303159778422
64,66666666666667;956,540152831902;949,9648672129599;164,68877303582588;1928,3443413981465;948,3730423051478;204,57538345553132;2032,1076352565055;753,566791499377;5081,326062133149;28005,792930078856;0,050325391538970435;0,056616065481341744
64,75;956,7327384577179;950,1696759492008;164,38214047355189;1925,6910128652114;948,5814679362453;204,17776316885465;2029,1549804488307;754,0449737012332;5074,334033313125;27991,25850074253;0,05028370641275094;0,05656916971434481
64,83333333333333;956,9250768618668;950,3741955134093;164,07656271292694;1923,045590034697;948,7895820961171;203,78176303681528;2026,2134885300738;754,5287721234062;5067,194118912119;27976,043795464044;0,05024208358077658;0,05652234402837365
64,91666666666667;957,1171686782504;950,5784267786253;163,77203371143878;1920,4080278173744;948,9973859666133;203,3873691437435;2023,2830541903318;755,018133485426;5059,907618461517;27960,15166421809;0,05020052280667735;0,056475588157512024
65,0;957,309014538336;950,7823706129382;163,46854749062913;1917,7782816721153;949,2048807186441;202,99456779092964;2020,3635739067493;755,5130026600646;5052,475879820611;27943,585153855354;0,05015902385627119;0,05642890183830509
65,08333333333333;957,5006150711677;950,9860278795456;163,1660981349455;1915,156307594397;949,4120675123633;202,6033454922981;2017,454945906652;756,0133227624534;5044,9002969567855;27926,347501142303;0,050117586497527344;0,05638228480971827
65,16666666666667;957,69197090338;951,1893994368113;162,86467979055033;1912,542062105256;949,6189474973474;202,21368897011018;2014,5570701322413;756,5190352392581;5037,182307717856;27908,442125735448;0,05007621050053051;0,05633573681309682
65,25;957,8830826592095;951,3924861383208;162,56428666421812;1909,9355022406473;949,8255218127723;201,8255851508144;2011,6698482055056;757,0300799576679;5029,323391603049;27889,872623111954;0,05003489563744554;0,05628925759212623
65,33333333333333;958,0739509605072;951,5952888329374;162,2649130222186;1907,3365855405525;950,0317915875843;201,43902116093102;2008,793183393509;757,5463952939717;5021,325067538541;27870,64275747779;0,049993641682483145;0,05624284689279354
65,41666666666667;958,2645764267505;951,7978083648559;161,96655318924513;1904,7452700393474;950,2377579406697;201,0539843230731;2005,926980575592;758,067918221506;5013,188891663387;27850,756454673996;0,049952448411866066;0,056196504463349325
65,5;958,4549596750552;952,0000455736557;161,66920154736601;1902,1615142551032;950,4434219810198;200,6704621520214;2003,0711462099296;758,5945843977745;5004,916455131112;27830,217795098488;0,04991131560379604;0,05615023005427054
65,58333333333333;958,6451013201879;952,202001294353;161,37285253498703;1899,5852771801872;950,648784807893;200,28844235088457;2000,2255883015537;759,1263282505519;4996,509381932017;27809,03100666258;0,0498702430384214;0,05610402341822408
65,66666666666667;958,835001974578;952,4036763574512;161,07750064587378;1897,0165182715912;950,853847510973;199,90791280737312;1997,39021637094;759,6630830628012;4987,969326740901;27787,200457798433;0,0498292304978054;0,056057884310031086
65,75;959,0246622483286;952,6050715889917;160,78314042816828;1894,4551974420745;951,0586111705248;199,5288615901245;1994,564941423429;760,2047810562461;4979,2979727944185;27764,73065053257;0,049788277765895034;0,05601181248663191
65,83333333333333;959,2140827492292;952,8061878106021;160,4897664834226;1891,9012750504146;951,2630768575469;199,1512769450935;1991,7496759184883;760,7513534734537;4970,497029802062;27741,626213639305;0,04974738462849061;0,055965807707051944
65,91666666666667;959,4032640827672;953,0070258395447;160,19737346567808;1889,354711892978;951,4672456339201;198,77514729205643;1988,9443337406017;761,3027306582982;4961,568231894387;27717,891895888795;0,049706550873215974;0,05591986973236797
66,0;959,592206852139;953,2075864887632;159,90595608056424;1886,8154691954032;951,671118552554;198,4004612211777;1986,1488301705388;761,8588421346893;4952,513335611727;27693,53255939994;0,04966577628948919;0,05587399832567534
66,08333333333333;959,7809116582624;953,4078705669297;159,61550908439506;1884,2835086033583;951,8746966575302;198,02720748962486;1983,3630818562287;762,4196166834621;4943,334117936243;27668,553173109525;0,04962506066849396;0,05582819325205571
66,16666666666667;959,969379099787;953,6078788784886;159,32602728331915;1881,7587921752715;952,0779809842426;197,6553750183058;1980,5870067862377;762,9849824173358;4934,032374370008;27642,958806368184;0,04958440380315148;0,055782454278545425
66,25;960,1576097731069;953,8076122237023;159,0375055324614;1879,2412823737654;952,2809725595348;197,28495288861154;1977,8205242615977;763,5548668538656;4924,609917061281;27616,754622670454;0,049543805488093035;0,055736781174104674
66,33333333333333;960,3456042723705;954,0070713986943;158,749938735113;1876,7309420582142;952,4836724018352;196,91593033930133;1975,063554870042;764,1291969863197;4915,06857298103;27589,945873527613;0,049503265519632966;0,05569117370958709
66,41666666666667;960,533363189493;954,2062571954917;158,4633218419043;1874,2277344766426;952,6860815212885;196,5482967633818;1972,3160204595306;764,7078993524256;4905,410182151269;27562,53789248929;0,04946278369574229;0,05564563165771008
66,5;960,7208871141675;954,4051704020678;158,1776498500318;1871,7316232590006;952,8882009198857;196,1820417051115;1969,577844112848;765,2909001009426;4895,636595926686;27534,53608932022;0,049422359816022866;0,05560015479302573
66,58333333333333;960,9081766338749;954,6038118023826;157,89291780249073;1869,2425724095658;953,09003159159;195,81715485704478;1966,8489501233203;765,8781250560243;4885,74967533062;27505,945944336352;0,049381993681682;0,05555474289189225
66,66666666666667;961,0952323338964;954,8021821764233;157,6091207873077;1866,760546299385;953,291574522462;195,4536260571217;1964,1292639692804;766,4694997793464;4875,751289446265;27476,773002903858;0,04934168509550759;0,055509395732446044
66,75;961,2820547973238;955,0002823002447;157,32625393682724;1864,2855096606536;953,4928306907808;195,09144528585978;1961,4187122914825;767,0649496299845;4865,643313863751;27447,02287010589;0,04930143386184384;0,05546411309457432
66,83333333333333;961,4686446050704;955,1981129460072;157,0443124269758;1861,8174275788274;953,6938010671633;194,73060266357436;1958,7172228688682;767,6643998220329;4855,427629183481;27416,70120557717;0,04926123978656733;0,055418894759888246
66,91666666666667;961,6550023358817;955,3956748820153;156,76329147657952;1859,3562654865175;953,8944866146815;194,3710884476758;1956,0247245960807;768,2677754799641;4845,106119575937;27385,81371850944;0,049221102677063706;0,055373740511696676
67,0;961,8411285663466;955,5929688727556;156,4831863466594;1856,9019891573082;954,0948882889766;194,01289303000624;1953,3411474612396;768,8750016917376;4834,680671397939;27354,366162828872;0,049181022342204686;0,05532865013498028
67,08333333333333;962,0270238709081;955,7899956789329;156,2039923397748;1854,4545646990312;954,2950070383719;193,6560069342505;1950,66642252339;769,4860035596689;4824,153171865226;27322,364332544446;0,049140998592325624;0,055283623416366334
67,16666666666667;962,2126888218734;955,9867560575069;155,92570479938104;1852,0139585483769;954,4948438039821;193,3004208134065;1948,000481892024;770,1007062490809;4813,52550778098;27289,81405726874;0,04910103123920358;0,05523866014410402
67,25;962,3981239894249;956,1832507617277;155,64831910916155;1849,580137464152;954,6943995198219;192,94612544728125;1945,3432587051045;770,7190350347598;4802,799564319813;27256,72119790891;0,04906112009603562;0,05519376010804007
67,33333333333333;962,5833299416305;956,3794805411706;155,371830692431;1847,153068522083;954,8936751129112;192,59311174007507;1942,6946871094292;771,3409153452483;4791,977223866626;27223,091642527936;0,04902126497741776;0,05514892309959499
67,41666666666667;962,7683072444541;956,5754461417703;155,0962350114986;1844,7327191089255;955,0926715033787;192,24137071798282;1940,054702239773;771,9662728050068;4781,060364909556;27188,93130237295;0,04898146569932425;0,05510414891173979
67,5;962,9530564617664;956,7711483058549;154,82152756709695;1842,3190569168632;955,2913896045641;191,89089352688598;1937,4232401997467;772,5950332744846;4770,050860986183;27154,246108070143;0,04894172207908719;0,05505943733897309
67,58333333333333;963,1375781553545;956,9665877721789;154,54770389778787;1839,9120499383907;955,4898303231168;191,54167143005907;1934,8002380423072;773,2271228881392;4758,950579682045;27119,042005982796;0,04890203393537663;0,05501478817729871
67,66666666666667;963,3218728849329;957,1617652759554;154,27475957939123;1837,5116664609448;955,6879945590942;191,1936958059414;1932,185633750912;773,8624680904502;4747,761381680382;27083,32495472999;0,04886240108818115;0,0549702012242038
67,75;963,5059412081523;957,3566815488889;154,00269022443638;1835,1178750617887;955,885883206057;190,84695814596557;1929,5793662212986;774,5009956699746;4736,485119862067;27047,100921862882;0,048822823358788604;0,05492567627863718
67,83333333333333;963,6897836806115;957,5513373192058;153,73149148158518;1832,730644602565;956,0834971511628;190,50145005238335;1926,981375242753;775,1426327914924;4725,123638454443;27010,375880695123;0,04878330056976744;0,05488121314098838
67,91666666666667;963,8734008558671;957,745733311686;153,46115903514317;1830,3499442252457;956,2808372752586;190,15716323621916;1924,3916014813901;775,787307026294;4713,678772227979;26973,155807285195;0,04874383254494828;0,05483681161306682
68,0;964,0567932854417;957,939870247693;153,19168860452805;1827,9757433468217;956,4779044529705;189,81408951521246;1921,8099864622945;776,4349463806628;4702,152345739327;26935,44667756482;0,0487044191094059;0,05479247149808164
68,08333333333333;964,2399615188361;958,1337488452039;152,92307594371835;1825,608011654534;956,6746995527922;189,47222081177983;1919,2364725523555;777,0854793226049;4690,546172619472;26897,25446461118;0,04866506008944157;0,05474819260062176
68,16666666666667;964,4229061035387;958,3273698188386;152,65531684080713;1823,2467191018056;956,8712234371715;189,13154915109942;1916,6710029445169;777,7388348068828;4678,862054905781;26858,58513605901;0,0486257553125657;0,05470397472663642
68,25;964,6056275850336;958,5207338798891;152,38840711750186;1820,8918359032973;957,0674769625955;188,79206665918105;1914,1135216405467;778,3949422984076;4667,101782416398;26819,444651647813;0,0485865046074809;0,05465981768341602
68,33333333333333;964,7881265068128;958,7138417363477;152,12234262861273;1818,5433325310714;957,2634609796737;188,45376556095346;1911,5639734360939;779,0537317940448;4655,267132165651;26779,83896090028;0,04854730780406526;0,05461572127957342
68,41666666666667;964,970403410384;958,9066940929348;151,8571192616264;1816,2011797097657;957,4591763332196;188,1166381784766;1909,0223039042316;779,7151338428903;4643,3598678192;26739,774000928428;0,04850816473335608;0,05457168532502559
68,5;965,1524588352817;959,0992916511268;151,5927329362313;1813,865348412872;957,6546238623309;187,78067692911122;1906,4884593811905;780,3790795650729;4631,3817391873445;26699,255694362448;0,04846907522753381;0,05452770963097554
68,58333333333333;965,3342933190754;959,291635109183;151,32917960387147;1811,5358098587437;957,8498044004681;187,44587432376818;1903,9623869508073;781,0455006691371;4619,334481755221;26658,28994739832;0,048430039119906385;0,054483794009894684
68,66666666666667;965,5159073973803;959,483725162172;151,06645524731164;1809,2125355063706;958,0447187755312;187,11222296518315;1901,4440344301427;781,7143294680632;4607,2198162484565;26616,882647959974;0,04839105624489375;0,05443993827550547
68,75;965,6973016038658;959,6755625019988;150,80455588020527;1806,8954970516775;958,2393678099356;186,7797155462256;1898,933350355199;782,3854988939773;4595,0394482329275;26575,03966397231;0,04835212643801287;0,054396142242764484
68,83333333333333;965,8784764702659;959,8671478174296;150,5434775466739;1804,5846664237831;958,4337523206858;186,4483448482531;1896,4302839670984;783,0589425116077;4582,79506774721;26532,76684173989;0,048313249535862836;0,05435240572784569
68,91666666666667;966,0594325263876;960,0584817941177;150,28321632090922;1802,2800157813176;958,6278731194482;186,11810373950277;1893,934785198409;783,734594530537;4570,488348966455;26490,070004428097;0,04827442537611036;0,054308728548124165
69,0;966,2401703001209;960,2495651146288;150,02376830674677;1799,9815175084505;958,8217310126222;185,78898517348534;1891,4468046592406;784,4123898163057;4558,1209498962635;26446,95495064205;0,04823565379747556;0,05426511052216001
69,08333333333333;966,4206903174476;960,4403984584651;149,76512963730215;1797,6891442122535;959,0153268014104;185,4609821874675;1888,9662936251543;785,0922639004149;4545,694512095381;26403,42745310018;0,048196934639717914;0,054221551469682654
69,16666666666667;966,6009931024506;960,6309825020901;149,5072964745617;1795,4028687183404;959,2086612818867;185,13408790092853;1886,4932040233884;785,7741529892811;4533,210660425817;26359,493257397004;0,04815826774362265;0,054178051211575484
69,25;966,7810791773234;960,8213179189521;149,2502650090131;1793,122664068134;959,401735245064;184,8082955140967;1884,0274884209823;786,4579939721892;4520,671002829238;26315,158080852772;0,04811965295098721;0,05413460956986062
69,33333333333333;966,9609490623782;961,0114053795081;148,99403145928147;1790,848503515049;959,5945494769595;184,48359830648542;1881,569100012073;787,1437244282927;4508,077130128353;26270,427611445422;0,04808109010460809;0,05409122636768411
69,41666666666667;967,1406032760566;961,2012455512469;148,73859207175144;1788,580360521913;959,78710475866;184,15998963546656;1879,11799260602;787,8312826327062;4495,430615852138;26225,307506821133;0,048042579048267996;0,0540479014293015
69,5;967,3200423349365;961,3908390987116;148,4839431202431;1786,3182087575558;959,979401866385;183,8374629349147;1876,6741206160193;788,5206075617375;4482,733016083759;26179,803393380276;0,04800411962672299;0,05400463458006337
69,58333333333333;967,4992667537425;961,5801866835228;148,23008090562269;1784,0620220933408;960,1714415715493;183,51601171378604;1874,2374390468317;789,2116388972988;4469,985869329975;26133,920865434382;0,047965711685690145;0,05396142564640141
69,66666666666667;967,6782770453547;961,7692889644005;147,97700175549267;1781,8117746009548;960,3632246408233;183,19562955483093;1871,8079034841735;789,904317030543;4457,190696411092;26087,665484432473;0,047927355071835334;0,053918274455814756
69,75;967,857073720816;961,9581465971856;147,72470202385364;1779,5674405488812;960,5547518361941;182,87631011328358;1869,3854700834968;790,5985830647642;4444,349000370292;26041,042778250983;0,04788904963276118;0,05387518083685633
69,83333333333333;968,0356572893432;962,1467602348623;147,47317809075753;1777,3289943995696;960,7460239150233;182,55804711554617;1866,9700955588871;791,2943788176018;4431,462266401294;25994,058240546183;0,04785079521699533;0,053832144619119754
69,91666666666667;968,214028258334;962,3351305275786;147,22242636202338;1775,0964108073051;960,9370416301052;182,24083435799798;1864,5617371732608;791,9916468225866;4418,5319617935365;25946,717330165422;0,04781259167397896;0,053789165633226325
70,0;968,3921871333757;962,5232581226676;146,97244326888494;1772,8696646144663;961,1278057297234;181,92466570571924;1862,1603527271131;792,6903303300661;4405,559535893684;25899,02547061294;0,04777443885405532;0,05374624371081224
70,08333333333333;968,5701344182548;962,7111436646683;146,72322526770358;1770,648730849646;961,318316957706;181,60953509130877;1859,7659005490134;793,3903733075431;4392,546420082741;25850,988049569394;0,0477363366084588;0,053703378684516155
70,16666666666667;968,7478706149647;962,8987877953458;146,4747688396642;1768,4335847246284;961,5085760534806;181,2954365137216;1857,3783394855059;794,0917204394628;4379,494027767794;25802,610418460863;0,04769828478930387;0,05366057038796686
70,25;968,9253962237144;963,0861911537115;146,22707049047108;1766,2242016320233;961,6985837521278;180,98236403710075;1854,9976288914233;794,7943171264809;4366,403754387546;25753,897892074976;0,04766028324957444;0,053617818655771254
70,33333333333333;969,1027117429372;963,273354376043;145,98012675007226;1764,0205571427284;961,8883407844331;180,67031178966602;1852,6237286204637;795,4981094842432;4353,276977430838;25704,855748221995;0,047622331843113375;0,053575123323502546
70,41666666666667;969,2798176692991;963,4602780959034;145,73393417235536;1761,822627003137;962,0778478769395;180,35927396260263;1850,256599015652;796,2030443417079;4340,115056467352;25655,489227437592;0,047584430424612106;0,05353248422768862
70,5;969,4567144977063;963,6469629441609;145,48848933489182;1759,6303871335697;962,267105751997;180,04924480898978;1847,8962009007403;796,9090692390391;4326,919333189779;25605,803532725946;0,04754657884960061;0,05348990120580069
70,58333333333333;969,6334027213146;963,8334095490079;145,24378883863562;1757,443813624998;962,4561151278131;179,74021864273482;1845,5424955707197;797,616132425098;4313,69113146668;25555,80382933963;0,04750877697443739;0,05344737409624206
70,66666666666667;969,8098828315372;964,0196185359795;144,99982930766748;1755,2628827372419;962,6448767185012;179,43218983753866;1843,1954447834835;798,3241828545607;4300,431757405414;25505,495244595313;0,04747102465629975;0,05340490273833723
70,75;969,9861553180527;964,2055905279722;144,75660738894192;1753,0875708966641;962,8333912341287;179,12515282589823;1840,8550107513104;799,0331701846849;4287,142499424411;25454,882867722397;0,04743332175317425;0,05336248697232104
70,83333333333333;970,1622206688139;964,3913261452624;144,51411975201438;1750,9178546941148;963,0216593807637;178,8191020981003;1838,521156132348;799,7430447717517;4273,824628334197;25403,971749742817;0,047395668123847254;0,05332012663932817
70,91666666666667;970,3380793700546;964,5768260055241;144,27236308878832;1748,7537108825488;963,2096818605214;178,5140322012552;1836,1938440225235;800,4537576672047;4260,479397426556;25352,766903380067;0,04735806362789571;0,05327782158138268
71,0;970,5137319062997;964,7620907238473;144,03133411326223;1746,5951163744853;963,3974593716094;178,20993773833038;1833,8730379472904;801,1652606135086;4247,108042571247;25301,27330299534;0,04732050812567811;0,053235571641387876
71,08333333333333;970,6891787603707;964,947120912755;143,79102956130794;1744,4420482414278;963,5849926083722;177,90681336725527;1831,5587018547094;801,8775060397473;4233,711782319776;25249,49588455032;0,04728300147832556;0,05319337666311626
71,16666666666667;970,864420413396;965,1319171822211;143,55144619039208;1742,2944837098512;963,7722822613347;177,60465379996333;1829,250800106305;802,5904470569826;4220,291818015585;25197,43954559219;0,04724554354773306;0,053151236491199697
71,25;971,0394573448176;965,3164801396871;143,31258077937434;1740,1524001609696;963,9593290172454;177,3034538015338;1826,9492974708228;803,3040374533917;4206,849333910335;25145,109145262937;0,04720813419655091;0,05310915097111978
71,33333333333333;971,2142900323988;965,5008103900797;143,07443012826297;1738,0157751277907;964,1461335591185;177,00320818930493;1824,6541591165353;804,0182316892016;4193,385497285646;25092,509504328176;0,04717077328817629;0,05306711994919833
71,41666666666667;971,3889189522326;965,6849085358269;142,83699105797893;1735,8845862934872;964,3326965662752;176,70391183200707;1822,3653506036312;804,7329848914368;4179,901458579931;25039,645405225823;0,047133460686744955;0,053025143272588074
71,5;971,5633445787495;965,8687751768754;142,6002604101427;1733,7588114894786;964,5190187143844;176,40555964893565;1820,0828378776753;805,4482528484984;4166,398351519896;24986,5215921329;0,04709619625712312;0,05298322078926351
71,58333333333333;971,7375673847247;966,0524109107059;142,36423504685263;1731,6384286938603;964,7051006755025;176,10814660912695;1817,8065872625573;806,1639920045876;4152,877293256276;24933,142771049253;0,04705897986489949;0,05294135234801193
71,66666666666667;971,9115878412863;966,2358163323502;142,12891185046885;1729,5234160292925;964,8909431181132;175,81166773055372;1815,5365654538366;806,8801594539888;4139,339384503427;24879,5136098961;0,047021811376377357;0,052899537798424524
71,75;972,0854064179225;966,4189920344065;141,89428772340307;1727,4137517616234;965,0765467071653;175,5161180793266;1813,2727395116917;807,5967129352274;4125,785709682438;24825,638738629896;0,04698469065856693;0,0528577769908878
71,83333333333333;972,2590235824897;966,6019386070558;141,66035958789962;1725,309414297602;965,2619121041112;175,22149276892947;1811,0150768551866;808,3136108251142;4112,217337067378;24771,522749368498;0,046947617579177765;0,05281606977657499
71,91666666666667;972,4324398012197;966,7846566380769;141,42712438584795;1723,210382183851;965,4470399669435;174,92778695946356;1808,7635452551378;809,0308121326879;4098,635318934387;24717,170196530253;0,046910592006611296;0,05277441600743771
72,0;972,6056555387273;966,9671467128621;141,19457907857225;1721,1166341047933;965,6319309502323;174,63499585690556;1806,5181128288102;809,7482764930687;4085,0406917132973;24662,58559698399;0,04687361380995353;0,05273281553619773
72,08333333333333;972,7786712580179;967,1494094144327;140,9627206466297;1719,028148881315;965,8165857051606;174,34311471237436;1804,278748033096;810,4659641612343;4071,434476141465;24607,77343020908;0,046836682858967874;0,05269126821633886
72,16666666666667;972,9514874204945;967,3314453234536;140,73154608962852;1716,9449054687489;966,0010048795598;174,05213882143187;1802,0454196589474;811,1838360057259;4057,8176774195895;24552,73813846522;0,04679979902408804;0,052649773902099045
72,25;973,1241044859654;967,5132550182485;140,50105242602058;1714,866882956022;966,1851891179442;173,7620635233668;1799,8180968251652;811,9018535022976;4044,1912853692147;24497,48412697054;0,046762962176411155;0,05260833244846255
72,33333333333333;973,2965229126522;967,6948390748146;140,27123669292223;1712,794060563272;966,3691390615455;173,47288420052962;1797,5967489735551;812,6199787275158;4030,5562745916945;24442,015764087606;0,046726172187690894;0,05256694371115226
72,41666666666667;973,4687431571958;967,8761980668369;140,042095945941;1710,7264176412662;966,5528553483462;173,18459627766742;1795,38134586234;813,3381743523179;4016,913604628411;24386,337381516198;0,04668942893033077;0,05252560754662212
72,5;973,6407656746641;968,057332565703;139,81362725897384;1708,6639336690932;966,736338613112;172,89719522124187;1793,1718575614293;814,0564036355386;4003,2642201219487;24330,453274492647;0,046652732277377595;0,052484323812049795
72,58333333333333;973,81259091856;968,238243140517;139,58582772402792;1706,6065882535065;966,9195894874254;172,61067653880104;1790,9682544466389;814,7746304174115;3989,6090509781375;24274,36770199468;0,04661608210251493;0,0524430923653293
72,66666666666667;973,9842193408276;968,4189303581142;139,358694451073;1704,5543611268106;967,1026085997161;172,32503577836553;1788,770507194797;815,4928191130524;3975,949012528713;24218,08488695133;0,046579478280056784;0,052401913065063886
72,75;974,1556513918598;968,5993947830739;139,13222456783672;1702,5072321460273;967,2853965752935;172,04026852778895;1786,5785867783407;816,2109347059323;3962,2850056943803;24161,609016457194;0,0465429206849413;0,05236078577055897
72,83333333333333;974,3268875205054;968,7796369777344;138,90641521964824;1700,465181291094;967,4679540363769;171,75637041415825;1784,3924644603912;816,9289427413445;3948,6179171481863;24104,944241990688;0,04650640919272462;0,05231971034181519
72,91666666666667;974,4979281740758;968,9596575022061;138,68126356927348;1698,4281886641854;967,650281602126;171,47333710321107;1782,2121117900579;817,6468093198731;3934,9486194790215;24048,094679635884;0,04646994367957479;0,05227868663952165
73,0;974,6687737983523;969,1394569143849;138,4567667967417;1696,3962344874255;967,8323798886705;171,19116429874452;1780,037500597134;818,3645010908684;3921,277971355067;23991,064410306662;0,046433524022265894;0,052237714525049134
73,08333333333333;974,8394248375931;969,3190357699657;138,2329220991835;1694,369299102482;968,0142495091395;170,909847742044;1777,8686029878463;819,081985245933;3907,6068176870963;23933,857479974005;0,046397150098172094;0,05219679386044361
73,16666666666667;975,0098817345406;969,4983946224556;138,00972669068585;1692,3473629691894;968,1958910736902;170,62938321134027;1775,7053913401269;819,7992295124241;3893,9359897915037;23876,477899895028;0,04636082178526196;0,052155924508419715
73,25;975,180144930427;969,6775340231873;137,78717780212446;1690,3304066637074;968,3773051895363;170,3497665212609;1773,5478382990998;820,5162021469773;3880,2663055529138;23818,929646843542;0,046324538962092744;0,05211510633235433
73,33333333333333;975,3502148649825;969,8564545213312;137,5652726809932;1688,3184108779794;968,558492460976;170,0709935222676;1771,395916772237;821,2328719290546;3866,598569586242;23761,21666334201;0,046288301507804795;0,05207433919628039
73,41666666666667;975,5200919764418;970,0351566639093;137,34400859128186;1686,3113564180455;968,7394534894192;169,7930601001616;1769,2495999257346;821,9492081545199;3852,933573398198;23703,342857894673;0,04625210930211615;0,05203362296488067
73,5;975,68977670155;970,2136409958072;137,12338281331142;1684,3092242036746;968,9201888734145;169,51596217556357;1767,1088611799164;822,6651806292484;3839,2720955480486;23645,312105221066;0,04621596222531709;0,051992957503481735
73,58333333333333;975,859269475571;970,3919080597865;136,90339264357192;1682,3119952659413;969,1006992086758;169,23969570338784;1764,9736742049342;823,38075966277;3825,6149018075403;23587,12824648968;0,04617986015826484;0,05195234267804795
73,66666666666667;976,0285707322922;970,5699583964981;136,68403539461167;1680,3196507473424;969,2809850881083;168,96425667237907;1762,8440129168969;824,0959160619504;3811,962745320025;23528,795089552375;0,046143802982378336;0,05191177835517563
73,75;976,1976809040332;970,7477925444937;136,4653083948525;1678,332171899937;969,4610471018344;168,68964110459785;1760,7198514738989;824,8106211247151;3798,3163667585445;23470,316409177845;0,046107790579633115;0,05187126440208725
73,83333333333333;976,3666004216503;970,9254110402381;136,2472089884875;1676,3495400843574;969,6408858372188;168,41584505496883;1758,6011642718538;825,5248466338146;3784,6764944829515;23411,69594728523;0,046071822832556245;0,05183080068662578
73,91666666666667;976,5353297145455;971,102814418122;136,02973453530467;1674,3717367692657;969,8205018788932;168,14286461078893;1756,4879259410834;826,2385648506371;3771,0438446958933;23352,937413176795;0,04603589962422136;0,051790387077249034
74,0;976,7038692106706;971,2800032104727;135,81288241058758;1672,398743529495;969,9998958087813;167,8706958913068;1754,3801113423476;826,9517485090682;3757,4191215977094;23294,04448376995;0,04600002083824374;0,051750023443024214
74,08333333333333;976,8722193365354;971,4569779475673;135,5966500049476;1670,430542045718;970,1790682061225;167,59933504723392;1752,2776955630557;827,6643708094008;3743,80301754006;23235,02080382832;0,045964186358775506;0,051709709653622454
74,16666666666667;977,0403805172139;971,6337391576435;135,38103472420175;1668,4671141028016;970,3580196474957;167,32877826032393;1750,1806539137895;828,3764054122962;3730,1962131783653;23175,86998619134;0,045928396070500865;0,05166944557931348
74,25;977,2083531763496;971,8102873669114;135,16603398925895;1666,508441589611;970,5367507068427;167,05902174295488;1748,0889619249274;829,0878264327988;3716,5993776229416;23116,59561200301;0,045892649858631465;0,051629231090960404
74,33333333333333;977,3761377361637;971,9866230995653;134,9516452359552;1664,5545064972284;970,7152619554911;166,79006173767448;1746,0025953428378;829,7986084344046;3703,013168588771;23057,20123093882;0,045856947608901785;0,05158906606001451
74,41666666666667;977,5437346174601;972,1627468777949;134,7378659149598;1662,6052909181765;970,8935539621772;166,52189451681636;1743,921530126931;830,5087264231862;3689,438232543978;22997,690361431145;0,045821289207564564;0,051548950358510134
74,5;977,7111442396323;972,3386592217967;134,5246934916304;1660,660777046109;971,071627293068;166,2545163820738;1741,8457424459027;831,2181558419743;3675,875204856848;22938,066490893416;0,0457856745413864;0,051508883859059704
74,58333333333333;977,8783670206695;972,5143606497849;134,31212544589073;1658,7209471739113;971,2494825117833;165,98792366410748;1739,7752086749997;831,9268725645971;3662,32470994145;22878,33307594186;0,045750103497643343;0,051468866434848756
74,66666666666667;978,0454033771631;972,6898516780029;134,10015927211703;1656,7857836936037;971,4271201794172;165,7221127221561;1737,7099053922964;832,6348528901785;3648,78736140181;22818,49354261574;0,04571457596411656;0,051428897959631126
74,75;978,2122537243125;972,8651328207343;133,88879247900434;1654,8552690947513;971,6045408545597;165,45707994364705;1735,6498093760256;833,3420735374958;3635,263762174614;22758,551286595535;0,04567909182908807;0,05138897830772407
74,83333333333333;978,3789184759316;973,0402045903132;133,67802258945574;1652,929385964155;971,781745093317;165,19282174382113;1733,59489760117;834,0485116393972;3621,754504670417;22698,50967341928;0,0456436509813366;0,05134910735400368
74,91666666666667;978,5453980444555;973,2150674971359;133,4678471404601;1651,0081169846294;971,9587334493332;164,92933456536605;1731,5451472368409;834,7541447372806;3608,2601709133596;22638,372038696525;0,045608253310133365;0,051309284973900034
75,0;978,7116928409451;973,3897220496707;133,25826368298976;1649,0914449341901;972,1355064738096;164,66661487805823;1729,5005356429353;835,4589507756328;3594,781332679372;22578,141688320407;0,04557289870523807;0,051269511043392835
75,08333333333333;978,877803275095;973,564168754469;133,0492697818613;1647,1793526853353;972,3120647155255;164,40465917838765;1727,4610403676315;836,1629080966304;3581,3185516328076;22517,821898677452;0,0455375870568949;0,05122978543900677
75,16666666666667;979,0437297552379;973,7384081161761;132,84086301564741;1645,271823204155;972,4884087208575;164,1434639892367;1725,4266391443903;836,8659954348025;3567,8723794616135;22457,41591685515;0,045502318255828504;0,05119010803780707
75,25;979,2094726883522;973,9124406375407;132,6330409765461;1643,3688395494783;972,6645390337992;163,88302585951067;1723,3973098892704;837,5681919117548;3554,4433580108857;22396,926960847362;0,04546709219324016;0,051150478717395184
75,33333333333333;979,3750324800666;974,0862668194263;132,42580127028702;1641,4703848718455;972,8404561959804;163,62334136382515;1721,3730306981442;838,2694770309564;3541,0320194149363;22336,35821975714;0,04543190876080391;0,051110897355904406
75,41666666666667;979,540409534667;974,2598871608207;132,2191415160063;1639,5764424133151;973,0161607466858;163,36440710215356;1719,3537798440123;838,9698306725882;3527,6388862277545;22275,71285399788;0,04539676785066283;0,05107136383199569
75,5;979,7056042551018;974,4333021588463;132,01305934615846;1637,6869955060488;973,1916532228739;163,10621969952876;1717,3395357746479;839,6692330884528;3514,264471551971;22214,993995491448;0,04536166935542521;0,05103187802485337
75,58333333333333;979,8706170429883;974,6065123087707;131,80755240638575;1635,802027571826;973,3669341591951;162,84877580569628;1715,3302771097797;840,3676648969474;3500,9092791662256;22154,204747864587;0,04532661316816097;0,0509924398141811
75,66666666666667;980,0354482986183;974,7795181040158;131,60261835544134;1633,9215221213092;973,54200408801;162,5920720948301;1713,3259826387855;841,0651070780978;3487,573803651023;22093,348186642477;0,045291599182398;0,05095304908019775
75,75;980,2000984209639;974,9523200361684;131,39825486506425;1632,0454627531117;973,7168635394072;162,33610526520863;1711,3266313180563;841,7615409686535;3474,258530513015;22032,427359440473;0,04525662729211856;0,05091370570363338
75,83333333333333;980,3645678076832;975,1249185949899;131,1944596198856;1630,1738331532952;973,8915130412207;162,08087203891637;1709,3322022689042;842,4569482572458;3460,9639363077576;21971,44528615334;0,045221697391755855;0,05087440956572534
75,91666666666667;980,5288568551267;975,2973142684257;130,991230317332;1628,306617094419;974,0659531190478;161,8263691615624;1707,3426747749268;843,1513109796048;3447,6904887609353;21910,404959141822;0,04518680937619044;0,050835160548214256
76,0;980,6929659583419;975,469507542615;130,78856466752597;1626,4437984350757;974,2401842962654;161,57259340197356;1705,3580282797168;843,8446115138389;3434,4386468880484;21849,30934341747;0,04515196314074692;0,05079595853334029
76,08333333333333;980,8568955110802;975,6414989019008;130,5864603931724;1624,5853611188834;974,4142070940477;161,31954155191295;1703,3782423848197;844,5368325757743;3421,208861112575;21788,161376825006;0,04511715858119046;0,05075680340383927
76,16666666666667;981,0206459058018;975,813288828839;130,38491522948448;1622,7312891739225;974,5880220313821;161,06721042581285;1701,4032968474107;845,2279572143536;3408,0015733826485;21726,963970222198;0,04508239559372357;0,05071769504293902
76,25;981,1842175336811;975,9848778042076;130,1839269240702;1620,8815667125045;974,7616296250864;160,81559686049047;1699,4331715780706;845,9179688070956;3394,8172172862032;21665,72000765778;0,045047674074982724;0,05067863333435557
76,33333333333333;981,3476107846137;976,1562663070166;129,9834932368384;1619,0361779292139;974,9350303898239;160,56469771486945;1697,4678466384798;846,6068510556124;3381,656218164639;21604,432346546793;0,04501299392203523;0,05063961816228964
76,41666666666667;981,5108260472203;976,3274548145171;129,78361193992782;1617,1951071017997;975,1082248381205;160,31450986974676;1695,5073022399852;847,2945879811872;3368,5189932250323;21543,10381784437;0,044978355032375905;0,05060064941142289
76,5;981,6738637088532;976,4984438022101;129,584280817582;1615,358338589625;975,2812134803797;160,06503022749712;1693,5515187407325;847,9811639204083;3355,4059516508287;21481,737226216715;0,04494375730392405;0,050561726966914564
76,58333333333333;981,8367241556016;976,6692337438562;129,3854976660782;1613,5258568329689;975,4539968248986;159,81625571183713;1691,6004766442677;848,6665635208626;3342,317494711122;21420,335350210073;0,04490920063502028;0,05052285071439782
76,66666666666667;981,999407772297;976,8398251114845;129,1872602936337;1611,6976463528333;975,6265753778829;159,56818326757514;1689,6541565972955;849,3507717368846;3329,254015868474;21358,900942417844;0,044874684924423425;0,05048402053997635
76,75;982,1619149425188;977,0102183754012;128,98956652031188;1609,8736917499161;975,7989496434622;159,3208098603526;1687,712539387587;850,0337738253631;3316,215900885311;21297,436729645386;0,04484021007130757;0,05044523633022102
76,83333333333333;982,3242460485997;977,1804140041991;128,79241417793992;1608,0539777044542;975,9711201237047;159,0741324764167;1685,7756059427616;850,715555341604;3303,203527928892;21235,945413073106;0,04480577597525905;0,05040649797216644
76,91666666666667;982,4864014716312;977,3504124647659;128,59580111001492;1606,2384889747723;976,1430873186325;158,82814812237314;1683,843337327436;851,3961021352472;3290,2172676748905;21174,42966841675;0,044771382536273496;0,05036780535330768
77,0;982,6483815914684;977,5202142222936;128,3997251716329;1604,4272103979984;976,3148517262355;158,58285382496717;1681,9157147425162;852,0754003462399;3277,257483409599;21112,892146086982;0,0447370296547529;0,050329158361597015
77,08333333333333;982,8101867867362;977,6898197402865;128,2041842293694;1602,6201268876996;976,486413842486;158,33824663082225;1679,9927195221992;852,7534364008632;3264,324531130711;21051,33547134542;0,044702717231502806;0,050290556885440665
77,16666666666667;982,9718174348337;977,8592294805702;128,00917616124252;1600,817223435007;976,6577741613529;158,09432360625522;1678,074333133298;853,4301970078125;3251,4187596468246;20989,762244460515;0,044668445167729415;0,0502520008136956
77,25;983,1332739119407;978,0284439033006;127,81469885658794;1599,0184851070837;976,8289331748159;157,8510818370205;1676,1605371730168;854,1056691543312;3238,5405106755316;20928,175040860046;0,04463421336503681;0,05021349003566642
77,33333333333333;983,2945565930215;978,1974634669716;127,62075021600197;1597,2238970467374;976,999891372879;157,60851842811974;1674,2513133672383;854,7798401023963;3225,6901189402383;20866,576411282826;0,044600021725424197;0,05017502444110222
77,41666666666667;983,4556658518311;978,3662886284242;127,42732815124782;1595,4334444717617;977,1706492435841;157,366630503563;1672,3466435688595;855,4526973849562;3212,867912265631;20804,96888192801;0,04456587015128318;0,05013660392019358
77,5;983,6166020609201;978,5349198428544;127,23443058517319;1593,647112674548;977,3412072730246;157,1254152061755;1670,4465097565069;856,124228802219;3200,0742116718725;20743,35495460299;0,04453175854539509;0,050098228363569475
77,58333333333333;983,7773655916402;978,7033575638219;127,042055451642;1591,8648870216018;977,5115659453588;156,88486969738733;1668,550894032593;856,7944224179919;3187,309331467526;20681,737106869423;0,044497686810928236;0,05005989766229427
77,66666666666667;983,9379568141485;978,8716022432583;126,85020069545772;1590,0867529529019;977,6817257428231;156,6449911570345;1666,659778621915;857,4632665560699;3174,573579341208;20620,117792187775;0,04446365485143537;0,0500216117078648
77,75;984,0983760974135;979,0396543314752;126,6588642722553;1588,312695980913;977,8516871457444;156,40577678313434;1664,7731458698595;858,1307497966741;3161,8672564519643;20558,499440059702;0,04442966257085111;0,0499833703922075
77,83333333333333;984,2586238092198;979,2075142771723;126,4680441484586;1586,5427016906824;978,0214506325538;156,16722379172643;1662,890978241267;858,7968609729378;3149,1906575184858;20496,884456169577;0,044395709873489245;0,049945173607675405
77,91666666666667;984,4187003161734;979,3751825274458;126,27773830118656;1584,7767557391421;978,1910166797982;155,92932941665083;1661,013258318865;859,4615891674414;3136,54407090705;20435,275222524157;0,044361796664040366;0,049907021247045415
78,0;984,578605983706;979,5426595277959;126,08794471819067;1583,0148438546432;978,3603857621538;155,69209090938045;1659,1399688018355;860,1249237087936;3123,9277787183;20373,674097590516;0,04432792284756924;0,0498689132035154
78,08333333333333;984,738341176081;979,7099457221353;125,89866139775268;1581,2569518360076;978,529558352438;155,45550553880503;1657,271092503872;860,7868541682602;3111,342056872809;20312,083416432593;0,0442940883295124;0,04983084937070145
78,16666666666667;984,8979062563978;979,8770415527969;125,70988634864193;1579,5030655524872;978,6985349216216;155,21957059107478;1655,4066123526018;861,4473703564375;3098,78717519552;20250,505490846717;0,04426029301567569;0,04979282964263515
78,25;985,0573015865972;980,0439474605414;125,52161759002445;1577,7531709430878;978,8673159388406;154,9842833694072;1653,5465113877074;862,1064623199724;3086,2633974990076;20188,942609495192;0,04422653681223187;0,04975485391376085
78,33333333333333;985,2165275274658;980,2106638845656;125,33385315139469;1576,0072540161602;979,035901871409;154,7496411939136;1651,690772759825;862,7641203383258;3073,7709816656206;20127,39703803889;0,044192819625718194;0,049716922078932975
78,41666666666667;985,3755844386415;980,3771912625099;125,14659107250452;1574,265300848762;979,2042931848296;154,5156414014201;1649,83937972873;863,4203349205815;3061,3101797285;20065,87101926819;0,04415914136303409;0,04967903403341335
78,5;985,5344726786178;980,5435300304657;124,95982940328929;1572,527297586366;979,3724903428061;154,28228134529718;1647,9923156629097;864,075096802297;3048,8812379514998;20004,366773233192;0,04412550193143877;0,04964118967286862
78,58333333333333;985,693192604749;980,7096806229837;124,77356620380249;1570,7932304419496;979,5404938072547;154,0495583952918;1646,149564037373;864,7283969423981;3036,48439690802;19942,886497371852;0,04409190123854905;0,049603388893367684
78,66666666666667;985,8517445732551;980,8756434730807;124,5877995441333;1569,0630856962273;979,7083040383152;153,81746993735703;1644,3111084329566;865,3802265201153;3024,1198915587715;19881,432366637884;0,04405833919233696;0,049565631591379083
78,75;986,0101289392263;981,0414190122478;124,40252750436116;1567,3368496965268;979,8759214943623;153,58601337349853;1642,4769325351247;866,0305769319616;3011,7879513284947;19820,00653362666;0,04402481570112754;0,04952791766376849
78,83333333333333;986,1683460566279;981,2070076704576;124,21774817446192;1565,6145088566532;980,0433466320169;153,35518612160115;1640,6470201322697;866,6794397887514;2999,488800181618;19758,611128700533;0,04399133067359662;0,049490247007796195
78,91666666666667;986,3263962783051;981,3724098761716;124,03345965425672;1563,8960496564237;980,210579906157;153,12498561527548;1638,8213551149897;867,3268069126598;2987,222656696912;19697,24826011273;0,043957884018768593;0,04945261952111467
79,0;986,4842799559875;981,5376260563474;123,84966005333808;1562,1814586411447;980,3776217699286;152,8954093037015;1636,9999214749334;867,9726703343213;2974,9897341411324;19635,920014130297;0,043924475646014274;0,049415035101766064
79,08333333333333;986,6419974402943;981,7026566364466;123,66634749100172;1560,4707224209521;980,5444726747563;152,66645465147235;1635,1827033032698;868,617022289968;2962,790240541656;19574,62845515617;0,043891105465048735;0,049377493648179824
79,16666666666667;986,7995490807386;981,8675020404414;123,48352009619248;1558,7638276708512;980,711133070354;152,43811913844922;1633,3696847898789;869,2598552186059;2950,624378758158;19513,375625849905;0,04385777338592921;0,049339995059170354
79,25;986,9569352257315;982,0321626908224;123,30117600743051;1557,0607611299984;980,8776034047355;152,21040025961656;1631,5608502222335;869,9011617592301;2938,4923465533175;19452,1635472477;0,043824479319052895;0,04930253923393451
79,33333333333333;987,1141562225883;982,1966390086052;123,11931337272881;1555,3615096009462;981,0438841242249;151,9832955249001;1629,7561839839648;870,540934748076;2926,394336662534;19390,994218881577;0,04379122317515503;0,04926512607204941
79,41666666666667;987,2712124175315;982,3609314133381;122,937930349579;1553,6660599500692;981,2099756734667;151,75680245908723;1627,9556705546647;871,1791672159083;2914,330536862809;19329,869618897443;0,043758004865306656;0,04922775547346999
79,5;987,4281041556959;982,5250403231089;122,75702510483484;1551,97439910613;981,3758784954363;151,53091860161965;1626,1592945076957;871,8158523853461;2902,3011300405815;19268,791704172138;0,04372482430091275;0,04919042733852684
79,58333333333333;987,5848317811335;982,6889661545518;122,57659581467522;1550,286514060589;981,5415930314496;151,30564150649093;1624,3670405098107;872,450983668224;2890,306294258744;19207,762410430223;0,04369168139371009;0,049153141567923844
79,66666666666667;987,7413956368177;982,8527093228548;122,39664066454168;1548,602391866946;981,7071197211733;151,08096874209878;1622,5788933202807;873,0845546629873;2878,3462028227377;19146,78365235938;0,04365857605576534;0,049115898062736016
79,75;987,8977960646481;983,016270241766;122,21715784907303;1546,922019640294;981,8724590026349;150,85689789111143;1620,7948377895439;873,7165591521233;2866,42102434576;19085,857323725464;0,04362550819947303;0,04907869672440716
79,83333333333333;988,0540334054541;983,1796493236013;122,03814557205135;1545,2453845568155;982,0376113122318;150,63342655033125;1619,0148588582333;874,3469910996255;2854,53092281312;19024,98529748627;0,04359247773755365;0,04904153745474785
79,91666666666667;988,2101079990008;983,3428469792506;121,85960204631954;1543,572473853685;982,2025770847417;150,4105523305583;1617,2389415565679;874,9758446484921;2842,6760576457154;18964,169425905297;0,04355948458305165;0,04900442015593311
80,0;988,366020183992;983,5058636181847;121,68152549375577;1541,9032748283346;982,3673567533318;150,1882728564766;1615,467071002968;875,6031141182573;2830,8565837627184;18903,41154066432;0,04352652864933364;0,04896734473050034
80,08333333333333;988,5217702980757;983,6686996484623;121,50391414518253;1540,2377748383146;982,5319507495681;149,9665857665036;1613,6992324035286;876,2287940025556;2819,072651643367;18842,713452975288;0,043493609850086386;0,04893031108134718
80,16666666666667;988,6773586778477;983,8313554767368;121,32676624033536;1538,5759613008127;982,6963595034248;149,74548871269064;1611,935411050817;876,8528789667171;2807,3244073880032;18782,076953691787;0,043460728099315046;0,04889331911172942
80,25;988,8327856588566;983,9938315082625;121,15008002777188;1536,9178216922255;982,860583443294;149,52497936057227;1610,175592323015;877,4753638453957;2795,611992778265;18721,503813419888;0,0434278833113412;0,04885636872525885
80,33333333333333;988,9880515756076;984,1561281469017;120,97385376485192;1535,2633435477326;983,0246229959944;149,30505538906402;1608,4197616832125;878,0962436402276;2783,9355453365215;18660,99578262831;0,04339507540080112;0,04881945982590127
80,41666666666667;989,1431567615672;984,3182457951308;120,79808571764943;1533,6125144609869;983,1884785867803;149,0857144903316;1606,6679046783177;878,7155135175204;2772,2951983845005;18600,55459175798;0,04336230428264394;0,048782592317974424
80,5;989,2981015491673;984,4801848540475;120,62277416090978;1531,965322083862;983,3521506393511;148,8669543696716;1604,9200069384501;879,3331688059731;2760,6910811011685;18540,181951330982;0,04332956987212978;0,04874576610614601
80,58333333333333;989,4528862698097;984,6419457233766;120,44791737799585;1530,3217541259098;983,5156395758594;148,64877274540618;1603,1760541758513;879,9492049944242;2749,1233185798565;18479,879552059527;0,043296872084828124;0,04870898109543164
80,66666666666667;989,6075112538698;984,803528801477;120,27351366082826;1528,681798353954;983,6789458169208;148,4311673487582;1601,4360321841775;880,5636177296316;2737,592031884637;18419,64906495351;0,04326421083661584;0,04867223719119283
80,75;989,7619768307017;984,9649344853478;120,09956130982005;1527,0454425918178;983,8420697816217;148,21413592372608;1599,6999268377422;881,1764028140782;2726,0973381059557;18359,492141428436;0,043231586043675656;0,048635534299135114
80,83333333333333;989,9162833286414;985,1261631706349;119,9260586338454;1525,4126747200337;984,0050118875284;147,99767622699846;1597,9677240905753;881,7875562038084;2714,6393504155867;18299,41041341233;0,04319899762249431;0,0485988723253061
80,91666666666667;990,0704310750122;985,2872152516369;119,7530039501629;1523,7834826754176;984,1677725506958;147,7817860278236;1596,2394099758487;882,3970740062912;2703,2181781208237;18239,405493452527;0,043166445489860844;0,04856225117609345
81,0;990,2244203961274;985,448091121312;119,58039558438145;1522,157854450525;984,3303521856751;147,56646310790984;1594,5149706048041;883,0049524783109;2691,8339267180245;18179,478974821985;0,04313392956286498;0,0485256707582231
81,08333333333333;990,3782516172957;985,608791171284;119,40823187038347;1520,5357780936715;984,4927512055232;147,35170526130617;1592,7943921662597;883,6111880238855;2680,486697945412;18119,63243162491;0,04310144975889536;0,04848913097875729
81,16666666666667;990,5319250628252;985,7693157918483;119,23651115029372;1518,9172417081568;984,6549700218103;147,1375102943142;1591,0776609258348;884,2157771922108;2669,176589835257;18059,86741890253;0,04306900599563794;0,04845263174509268
81,25;990,6854410560263;985,9296653719783;119,06523177442239;1517,302233452517;984,8170090446283;146,92387602537167;1589,3647632250284;884,8187166756318;2657,903696765359;18000,185472738147;0,04303659819107433;0,04841617296495863
81,33333333333333;990,8387999192171;986,0898402993316;118,89439210119974;1515,6907415395356;984,978868682599;146,71080028494998;1587,6556854806743;885,4200033076389;2646,668109509864;17940,588110361736;0,0430042262634802;0,04837975454641523
81,41666666666667;990,9920019737268;986,2498409602559;118,72399049713636;1514,0827542359348;985,1405493428822;146,49828091545203;1585,9504141840368;886,0196340608904;2635,469915289454;17881,07683025429;0,042971890131423565;0,04834337639785151
81,5;991,1450475399005;986,4096677397954;118,55402533677193;1512,478259862936;985,3020514311836;146,28631577111548;1584,24893590043;886,6176060452595;2624,3091978209095;17821,653112252574;0,04293958971376328;0,04830703842798369
81,58333333333333;991,2979369371019;986,5693210216962;118,38449500262698;1510,877246794807;985,4633753517628;146,07490271792187;1582,5512372681976;887,2139165059066;2613,186037366023;17762,318417652354;0,04290732492964744;0,04827074054585337
81,66666666666667;991,4506704837186;986,728801188413;118,21539788514315;1509,2797034590362;985,624521507441;145,8640396334772;1580,8573049981524;887,808562821375;2602,100510779883;17703,074189311985;0,04287509569851179;0,048234482660825764
81,75;991,6032484971652;986,8881086211144;118,04673238264058;1507,6856183360032;985,7854902996093;145,65372440693807;1579,1671258731308;888,4015425017116;2591,0526915585906;17643,92185175597;0,04284290194007815;0,04819826468258792
81,83333333333333;991,7556712938875;987,0472436996896;117,87849690126961;1506,0949799589207;985,9462821282353;145,44395493889795;1577,4806867468415;888,9928531866105;2580,0426498863403;17584,862811277722;0,04281074357435293;0,04816208652114705
81,91666666666667;991,9079391893672;987,2062068027535;117,71068985494821;1504,5077769126524;986,1068973918722;145,2347291413048;1575,7979745435664;889,5824926435804;2569,0704526819245;17525,89845604239;0,042778620521625565;0,04812594808682876
82,0;992,0600524981244;987,3649983076531;117,54330966534212;1502,923997834468;986,267336487665;145,0260449373758;1574,1189762576523;890,170458766134;2558,13616364467;17467,030156189503;0,04274653270246699;0,04808984929027536
82,08333333333333;992,2120115337225;987,5236185904728;117,37635476178241;1501,3436314130565;986,4275998113592;144,8179002614836;1572,4436789524716;890,7567495720007;2547,2398432997607;17408,259263935164;0,04271448003772817;0,048053790042444186
82,16666666666667;992,3638166087718;987,6820680260406;117,20982358124274;1499,766666388214;986,5876877573072;144,61029305908255;1570,7720697602088;891,3413632013619;2536,381549043045;17349,58711367417;0,04268246244853856;0,04801777025460588
82,25;992,5154680349333;987,8403469879337;117,04371456827971;1498,1930915508258;986,7476007184763;144,40322128661478;1569,1041358805746;891,9242979151069;2525,5613351852476;17291,015022081727;0,04265047985630474;0,047981789838342837
82,33333333333333;992,6669661229232;987,9984558484841;116,87802617499017;1496,6228957424007;986,9073390864559;144,196682911425;1567,439864581269;892,5055520931116;2514,7792529956605;17232,544288215602;0,04261853218270883;0,04794584870554743
82,41666666666667;992,8183111825151;988,1563949787845;116,71275686097715;1495,0560678548968;987,0669032514644;143,99067591168375;1565,7792431965127;893,0851242325381;2504,035350745289;17174,176193617317;0,04258661934970712;0,04790994676842051
82,5;992,9695035225459;988,3141647486938;116,5479050932646;1493,4925968301206;987,2262936023571;143,78519827626803;1564,122259126835;893,6630129461545;2493,329673749426;17115,9120024135;0,042554741279528574;0,04787408393946964
82,58333333333333;993,1205434509176;988,4717655268423;116,38346934630306;1491,9324716598235;987,3855105266326;143,58024800471867;1562,4688998382821;894,2392169606767;2482,662264409785;17057,752961417256;0,04252289789467348;0,04783826013150766
82,66666666666667;993,2714312746027;988,6291976806382;116,21944810188154;1490,3756813849077;987,5445544104402;143,37582310712378;1560,8191528620878;894,8137351151295;2472,0331622560225;16999,700300228997;0,042491089117911954;0,047802475257650946
82,75;993,4221672996467;988,7864615762722;116,05583984911334;1488,8222150958916;987,7034256385869;143,17192160406194;1559,1730057940306;895,3865663592281;2461,442403986831;16941,755231337556;0,04245931487228263;0,04776672923131796
82,83333333333333;993,5727518311727;988,9435575787236;115,89264308436213;1487,272061931765;987,8621245945441;142,968541526497;1557,5304462937265;895,9577097517797;2450,8900235104647;16883,91895022091;0,042427575081091184;0,04773102196622758
82,91666666666667;993,7231851733846;989,1004860517654;115,72985631122776;1485,7252110801846;988,0206516604549;142,76568091571562;1555,8914620843802;896,5271644591037;2440,3760519848247;16826,192635446518;0,04239586966790902;0,04769535337639766
83,0;993,8734676295711;989,25724735797;115,56747804048086;1484,1816517770658;988,1790072171405;142,56333782324475;1554,2560409519629;897,094929753472;2429,900517857024;16768,577448772197;0,042364198556571905;0,047659723376143395
83,08333333333333;994,0235995021089;989,4138418587144;115,40550679002877;1482,6413733064865;988,3371916441072;142,36151031076645;1552,6241707449972;897,6610050115678;2419,4634469024777;16711,074535246284;0,04233256167117856;0,04762413188007589
83,16666666666667;994,1735810924669;989,5702699141857;115,24394108486433;1481,1043650000856;988,4952053195533;142,16019645004394;1550,9958393735526;898,225389712963;2409,0648622635285;16653,685023308;0,042300958936089345;0,04758857880310051
83,25;994,3234127012095;989,7265318833864;115,082779457029;1479,5706162367921;988,6530486203752;141,95939432283922;1549,371034809114;898,7880834386142;2398,7047844875974;16596,410024887544;0,04226939027592495;0,04755306406041558
83,33333333333333;994,4730946280002;989,8826281241398;114,92202044557587;1478,0401164431355;988,8107219221745;141,75910202085618;1547,7497450842018;899,349085869377;2388,3832315648815;16539,25063550616;0,042237855615565104;0,04751758756751075
83,41666666666667;994,6226271716059;990,0385589930951;114,76166259650995;1476,5128550921015;988,9682255992643;141,559317645644;1546,1319582915658;899,9083967845373;2378,1002189655824;16482,207934376238;0,04220635488014714;0,04748214924016553
83,5;994,772010629899;990,1943248457327;114,60170446277118;1474,988821703559;989,125560024676;141,3600393085403;1544,517662583657;900,4660160603619;2367,855759676715;16425,28298450088;0,042174887995064796;0,047446748994447896
83,58333333333333;994,9212452998624;990,3499260363694;114,44214460415765;1473,4680058433491;989,2827255701652;141,16126513057452;1542,9068461723325;901,0220752320993;2357,649864238428;16368,476832773844;0,042143454885966956;0,04741138674671283
83,66666666666667;995,0703314775924;990,5053629181638;114,2829815873256;1471,950397123847;989,4397226062185;140,9629932424309;1541,2994973284253;901,5761485316763;2347,4792516940797;16311,77022151144;0,042112055478756294;0,04737606241360083
83,75;995,2192694583023;990,660635843121;114,12421398571553;1470,435985202935;989,59655150206;140,7652217843463;1539,69560438112;902,1282422591881;2337,354573647903;16255,229840907075;0,04208068969958799;0,04734077591203649
83,83333333333333;995,3680595363256;990,8157451620983;113,96584037953232;1468,9247597841377;989,753212625657;140,56794890605602;1538,0951557174242;902,6783627174584;2327,2756799778535;16198,855932960789;0,042049357474868584;0,04730552715922716
83,91666666666667;995,5167020051206;990,9706912248099;113,8078593556827;1467,41671061608;989,909706343727;140,37117276671438;1536,4981397818403;903,2265162117912;2317,2424204716804;16142,648731429266;0,04201805873125461;0,04727031607266144
84,0;995,665197157272;991,125474379832;113,65026950776667;1465,9118274926611;990,066033021743;140,17489153484064;1534,9045450761178;903,772709049726;2307,254644833233;16086,608461877822;0,041986793395651395;0,04723514257010782
84,08333333333333;995,8135452844963;991,2800949746079;113,49306943600084;1464,410100252473;990,2221930239405;139,9791033882252;1533,3143601583631;904,3169475407931;2297,31220268865;16030,735341732585;0,04195556139521191;0,0472000065696134
84,16666666666667;995,961746677644;991,4345533554531;113,33625774720986;1462,9115187782581;990,3781867133231;139,78380651389557;1531,7275736428762;904,8592379962716;2287,41494359258;15975,029580333152;0,04192436265733538;0,047164907989502305
84,25;996,1098016267035;991,5888498675602;113,17983305477242;1461,4160729975683;990,5340144516687;139,58899910802245;1530,1441741995068;905,3995867289493;2277,5627170343087;15919,491378985287;0,04189319710966627;0,047129846748374546
84,33333333333333;996,2577104208044;991,7429848550036;113,02379397858431;1459,923752881369;990,6896765995355;139,39467937587153;1528,5641505535893;905,9380000528831;2267,7553724438553;15864,120931013804;0,0418620646800929;0,04709482276510452
84,41666666666667;996,4054733482209;991,8969586607449;112,86813914502147;1458,4345484448922;990,8451735162679;139,20084553172387;1526,9874914853986;906,4744842831628;2257,992759198032;15808,918421815939;0,04183096529674642;0,047059835958839724
84,5;996,5530906963747;992,0507716266374;112,71286718690021;1456,9484497464541;991,0005055600026;139,00749579882472;1525,4141858291455;907,0090457356755;2248,274726626451;15753,88402891439;0,04179989888799948;0,04702488624899942
84,58333333333333;996,7005627518397;992,2044240934312;112,55797674343455;1455,465446887766;991,1556730876741;138,81462840930396;1523,8442224734877;907,5416907268719;2238,601124017481;15699,017922010977;0,04176886538246517;0,04698997355527332
84,66666666666667;996,8478898003439;992,357916400778;112,40346646021351;1453,9855300136999;991,3106764550212;138,62224160413916;1522,2775903606557;908,0724255735355;2228,971800624194;15644,32026304052;0,041737864708995764;0,046955097797620235
84,75;996,995072126773;992,5112488872356;112,24933498914709;1452,508689311438;991,4655160165917;138,43033363306745;1520,714278485795;908,6012565925515;2219,386605670209;15589,791206224085;0,041706896796681665;0,04692025889626687
84,83333333333333;997,1421100151747;992,6644218902733;112,09558098843502;1451,034915011188;991,6201921257493;138,23890275453437;1519,1542758972287;909,1281901006797;2209,845388355538;15535,430898123719;0,04167596157485014;0,0468854567717064
84,91666666666667;997,2890037487607;992,817435746276;111,94220312253549;1449,5641973851764;991,7747051346788;138,04794723563418;1517,5975716954367;909,6532324143275;2200,3479978623745;15481,239477696077;0,04164505897306424;0,04685069134469727
85,0;997,4357536099109;992,9702907905494;111,78920006211683;1448,0965267474924;991,9290553943914;137,85746535204737;1516,044155032842;910,1763898493253;2190,8942833608307;15427,217076346797;0,04161418892112172;0,04681596253626193
85,08333333333333;997,5823598801758;993,1229873573243;111,63657048403763;1446,6318934543604;992,0832432547309;137,6674553879866;1514,4940151138414;910,6976687207045;2181,4840940146382;15373,363817985179;0,04158335134905383;0,046781270267685554
85,16666666666667;997,7288228402809;993,2755257797618;111,48431307128703;1445,1702879034417;992,2372690643788;137,47791563612282;1512,9471411937218;911,2170753424754;2172,1172789867805;15319,679819078357;0,04155254618712424;0,04674661446051477
85,25;997,8751427701288;993,4279063899575;111,33242651297905;1443,711700533679;992,3911331708604;137,28884439755404;1511,4035225789537;911,7346160274085;2162,7936874451393;15266,165188706123;0,04152177336582792;0,04671199503655642
85,33333333333333;998,0213199488028;993,5801295189461;111,18090950428439;1442,2561218250457;992,5448359205496;137,10023998171152;1509,863148626352;912,2502970868173;2153,5131685680085;15212,820028615775;0,041491032815890075;0,04667741191787633
85,41666666666667;998,1673546545708;993,7321954967066;111,02976074641617;1440,8035422985638;992,6983776586751;136,9121007063285;1508,3260087429285;912,7641248303426;2144,275571549636;15159,644433276746;0,041460324468264975;0,046642865026798104
85,5;998,3132471648868;993,8841046521659;110,87897894660443;1439,3539525159558;992,8517587293252;136,72442489739183;1506,7920923856436;913,2761055657379;2135,0807456057055;15106,638489935862;0,04142964825413496;0,046608354285901835
85,58333333333333;998,4589977563961;994,0358573132042;110,72856281802217;1437,907343078928;993,0049794754533;136,53721088903978;1505,2613890603361;913,7862455986585;2125,928539978722;15053,802278671876;0,04139900410490934;0,046573879618023006
85,66666666666667;998,6046067049373;994,1874538066594;110,57851107979673;1436,463704629848;993,1580402388836;136,35045702357047;1503,733888322646;914,2945512324504;2116,81880394344;15001,135872451321;0,041368391952223284;0,04653944094625119
85,75;998,7500742855449;994,338894458331;110,42882245694727;1435,0230278509896;993,310941360316;136,1641616513424;1502,2095797766299;914,8010287679424;2107,7513868121714;14948,639337182973;0,04133781172793681;0,04650503819392891
85,83333333333333;998,8954007724537;994,490179592985;110,27949568034785;1433,5853034641245;993,4636831793314;135,9783231307233;1500,6884530746793;915,3056845032389;2098,726137940062;14896,312731773556;0,04130726336413372;0,04647067128465044
85,91666666666667;999,0405864391013;994,6413095343586;110,13052948671884;1432,1505222307183;993,6162660343973;135,79293982805893;1499,1704979173228;915,8085247335156;2089,7429067303706;14844,156108182822;0,04127674679312054;0,046436340142260606
86,0;999,1856315581308;994,7922846051641;109,9819226185673;1430,7186749515795;993,7686902628726;135,60801011759906;1497,6557040527646;916,309555750816;2080,8015426396423;14792,169511479004;0,04124626194742548;0,04640204469085366
86,08333333333333;999,3305364013949;994,9431051270936;109,83367382416702;1429,2897524665889;993,9209562010129;135,42353238145495;1496,1440612765714;916,8087838438505;2071,9018951828702;14740,352979894318;0,04121580875979741;0,046367784854772096
86,16666666666667;999,4753012399576;995,0937714208234;109,68578185753017;1427,8637456544486;994,0730641839756;135,2395050095481;1494,635559431459;917,3062152977967;2063,0438139386088;14688,706544880148;0,041185387163204884;0,04633356055860549
86,25;999,6199263440985;995,244283806018;109,53824547835609;1426,4406454326029;994,2250145458249;135,05592639955069;1493,13018840683;917,8018563941017;2054,2271485540227;14637,23023116277;0,04115499709083501;0,04629937172718939
86,33333333333333;999,764411983315;995,3946426013349;109,39106345201424;1425,020442757065;994,3768076195372;134,87279495683993;1491,6279381386262;918,2957134102866;2045,4517487499202;14585,924056798745;0,04112463847609256;0,04626521828560413
86,41666666666667;999,9087584263256;995,5448481244287;109,24423454950158;1423,6031286216023;994,5284437370055;134,6901090944442;1490,1287986084553;918,7877926197518;2036,7174643257101;14534,788033230183;0,041094311252598895;0,046231100159173755
86,5;1000,0529659410732;995,694900691955;109,0977575474227;1422,1886940587447;994,6799232290451;134,5078672330004;1488,6327598441344;919,2781002915855;2028,0241451643433;14483,8221653408;0,04106401535419098;0,04619701727346484
86,58333333333333;1000,1970347947278;995,8448006195754;108,95163122795566;1420,7771301382923;994,8312464253979;134,32606780070273;1487,1398119190314;919,7666426903725;2019,3716412371941;14433,026451510988;0,041033750714920415;0,04616296955428546
86,66666666666667;1000,3409652536888;995,9945482219612;108,80585437880939;1419,3684279679735;994,9824136547378;134,14470923324586;1485,6499449513396;920,2534260760059;2010,7598026088822;14382,400883673517;0,041003517269052436;0,046128956927684
86,75;1000,4847575835893;996,1441438127977;108,66042579318957;1417,962578692865;995,1334252446753;133,96378997377383;1484,1631491041446;920,7384567035002;2002,1884794420714;14331,945447369031;0,04097331495106493;0,04609497931994805
86,83333333333333;1000,6284120492982;996,2935877047884;108,51534426979015;1416,559573495061;995,2842815217625;133,78330847284872;1482,6794145853733;921,221740822806;1993,6575220022264;14281,660121801522;0,0409431436956475;0,04606103665760343
86,91666666666667;1000,7719289149229;996,4428802096592;108,37060861274495;1415,1594035940227;995,4349828114978;133,603263188391;1481,1987316469551;921,703284678627;1985,1667806623027;14231,544879893776;0,04091300343770045;0,046027128867413
87,0;1000,9153084438133;996,5920216381626;108,22621763159361;1413,7620602457446;995,5855294383306;133,42365258562836;1479,7210905847885;922,1830945102381;1976,716105907397;14181,599688342903;0,04088289411233388;0,04599325587637562
87,08333333333333;1001,0585508985632;996,7410123000817;108,0821701412674;1412,3675347430847;995,7359217256665;133,2444751370673;1478,2464817388563;922,6611765513057;1968,3053483393792;14131,824507675825;0,0408528156548667;0,04595941761172505
87,16666666666667;1001,2016565410148;996,8898525042343;107,93846496203798;1410,975818415085;995,8861599958715;133,0657293224192;1476,774895492122;923,1375370297102;1959,934358681437;14082,219292304377;0,0408227680008257;0,04592561400092891
87,25;1001,3446256322601;997,038542558477;107,79510091951181;1409,586902627186;996,0362445702771;132,88741362858332;1475,3063222706119;923,6121821673689;1951,6029877826156;14032,783990580954;0,04079275108594459;0,04589184497168766
87,33333333333333;1001,4874584326446;997,1870827697093;107,65207684457607;1408,20077878076;996,1861757691845;132,70952654957568;1473,8407525435143;924,0851181800625;1943,3110866222792;13983,518544853609;0,0407627648461631;0,045858110451933484
87,41666666666667;1001,6301552017701;997,3354734438775;107,5093915733845;1406,8174383130547;996,3359539118699;132,53206658650356;1472,3781768223394;924,5563512772619;1935,0585063145531;13934,422891521308;0,04073280921762602;0,04582441036982928
87,5;1001,7727161984972;997,4837148859789;107,36704394731476;1405,4368726969979;996,4855793165882;132,35503224750573;1470,918585661034;925,0258876619575;1926,8450981127046;13885,49696108923;0,040702884136682355;0,04579074465376766
87,58333333333333;1001,9151416809484;997,6318074000656;107,22503281295701;1404,0590734410243;996,6350523005786;132,1784220477241;1469,4619696554548;925,4937335304901;1918,6707134134906;13836,740678223827;0,04067298953988427;0,045757113232369806
87,66666666666667;1002,057431906511;997,7797512892483;107,08335702207137;1402,6840320885121;996,7843731800683;132,00223450924398;1468,0083194429735;925,9598950723833;1910,535203761458;13788,15396180749;0,040643125363986336;0,04572351603448463
87,75;1002,1995871318393;997,927546855701;106,94201543156794;1401,311740218579;996,9335422702775;131,82646816106853;1466,5576257030518;926,4243784701785;1902,4384208531928;13739,736724994218;0,04061329154594451;0,045689952989187564
87,83333333333333;1002,3416076128578;998,0751944006641;106,80100690345569;1399,9421894444918;997,0825598854236;131,65112153904488;1465,109879155596;926,8871898992701;1894,3802165415207;13691,488875263833;0,040583488022915275;0,045656424025779685
87,91666666666667;1002,4834936047645;998,2226942244486;106,66033030484243;1398,575371414714;997,231426338726;131,47619318585555;1463,6650705621416;927,3483355277444;1886,3604428396939;13643,410314477236;0,040553714732254796;0,04562292907378665
88,0;1002,6252453620326;998,3700466264397;106,5199845078979;1397,2112778119551;997,3801419424101;131,30168165096165;1462,223190724289;927,8078215162187;1878,378951925501;13595,500938930598;0,04052397161151798;0,04558946806295773
88,08333333333333;1002,7668631384136;998,5172519051015;106,37996838982247;1395,8499003535594;997,5287070077119;131,1275854905631;1460,7842304846756;928,2656540176828;1870,4355961453473;13547,760639410682;0,04049425859845762;0,045556040923264825
88,16666666666667;1002,9083471869405;998,6643103579798;106,24028083280166;1394,4912307906711;997,6771218448825;130,9539032675417;1459,3481807255584;928,7218391773421;1862,5302280182696;13500,1893012485;0,040464575631023486;0,045522647584901425
88,25;1003,0496977599304;998,8112222817067;106,10092072401756;1393,135260908662;997,8253867631926;130,7806335514499;1457,9150323694403;929,1763831324625;1854,6627002399619;13452,786804374307;0,04043492264736148;0,04548928797828167
88,33333333333333;1003,190915108986;998,9579879720038;105,96188695559192;1391,7819825268211;997,973502070936;130,60777491844533;1456,4847763786256;929,6292920122172;1846,8328656866959;13405,553023371815;0,04040529958581281;0,045455962034039406
88,41666666666667;1003,3319994850003;999,1046077236865;105,82317842455495;1390,4313874977147;998,1214680754348;130,435325951251;1455,057403754363;930,0805719375346;1839,0405774192204;13358,487827531948;0,04037570638491304;0,045422669683027175
88,5;1003,472951138158;999,2510818306674;105,68479403284528;1389,083467707574;998,2692850830433;130,26328523913833;1453,632905537669;930,5302290209487;1831,2856886866427;13311,591080907483;0,040346142983391335;0,04538941085631525
88,58333333333333;1003,6137703179377;999,3974105859602;105,54673268726447;1387,7382150758885;998,4169533991522;130,09165137786738;1452,2112728080444;930,9782693664506;1823,5680529302329;13264,862642366325;0,04031660932016955;0,04535618548519074
88,66666666666667;1003,754457273116;999,5435942816833;105,40899329943727;1386,3956215550181;998,564473328193;129,92042296963575;1450,7924966837686;931,4246990693423;1815,8875237871769;13218,302365645804;0,0402871053343614;0,045322993501156573
88,75;1003,8950122517693;999,6896332090637;105,27157478581728;1385,0556791307163;998,7118451736418;129,7495986230757;1449,3765683219347;931,8695242160916;1808,2439550943434;13171,910099406223;0,04025763096527164;0,0452898348359306
88,83333333333333;1004,0354355012762;999,8355276584404;105,13447606764146;1383,7183798210451;998,859069238024;129,57917695318883;1447,9634789175745;932,3127508841887;1800,6372008919443;13125,685687284142;0,04022818615239521;0,04525670942144461
88,91666666666667;1004,1757272683204;999,9812779192681;104,99769607089604;1382,3837156768013;999,0061458229179;129,4091565813062;1446,5532197036105;932,7543851420057;1793,0671154271863;13079,628967945906;0,04019877083541641;0,04522361718984347
89,0;1004,3158877988936;1000,1268842801214;104,861233726308;1381,0516787812646;999,1530752289594;129,23953613506285;1445,1457819511024;933,1944330486557;1785,5335531578676;13033,73977514089;0,04016938495420811;0,04519055807348413
89,08333333333333;1004,4559173382977;1000,2723470286975;104,72508796930526;1379,7222612497321;999,2998577558456;129,0703142483551;1443,7411569683577;933,6329006538555;1778,0363687559486;12988,017937754532;0,04014002844883089;0,04515753200493475
89,16666666666667;1004,5958161311474;1000,4176664518204;104,58925774000534;1378,3954552299067;999,4464937023389;128,9014895613036;1442,3393361010465;934,0697939977888;1770,5754171110557;12942,463279861317;0,04011070125953222;0,04512453891697375
89,25;1004,7355844213728;1000,5628428354446;104,45374198317552;1377,071252901024;999,5929833662714;128,73306072021364;1440,9403107320377;934,5051191109719;1763,1505533339664;12897,075620777456;0,04008140332674573;0,04509157874258894
89,33333333333333;1004,8752224522223;1000,7078764646579;104,31853964820448;1375,7496464743376;999,7393270445484;128,56502637753522;1439,5440722809203;934,9388820141202;1755,7616327600215;12851,85477511339;0,04005213459109032;0,04505865141497661
89,41666666666667;1005,0147304662644;1000,8527676236861;104,18364968910794;1374,4306281926533;999,885525033153;128,39738519184607;1438,1506122043004;935,371088718017;1748,4085109525522;12806,800552826753;0,04002289499336939;0,04502575686754057
89,5;1005,1541087053911;1000,9975165958953;104,04907106445762;1373,114190329942;1000,0315776271497;128,23013582778344;1436,759921994533;935,8017452233836;1741,0910437061857;12761,91275927366;0,03999368447457007;0,044992895033891325
89,58333333333333;1005,2933574108196;1001,1421236637962;103,91480273739546;1371,8003251917853;1000,1774851206881;128,06327695603557;1435,3719931810558;936,2308575207516;1733,8090870501874;12717,191195261908;0,03996450297586239;0,04496006584784518
89,66666666666667;1005,4324768230954;1001,2865891090476;103,78084367558529;1370,4890251145032;1000,3232478070073;127,89680725328765;1433,986817328544;936,6584315903358;1726,5624972517003;12672,635657101926;0,03993535043859854;0,04492726924342336
89,75;1005,5714671820945;1001,4309132124594;103,64719285119577;1369,1802824657357;1000,4688659784396;127,73072540220198;1432,604386037867;937,08447340191;1719,3511308189898;12628,245936659272;0,039906226804312085;0,0448945051548511
89,83333333333333;1005,7103287270261;1001,5750962539962;103,51384924087768;1367,8740896432414;1000,6143399264143;127,56503009137248;1431,224690945362;937,5089889146833;1712,174844504611;12584,021821405498;0,03987713201471713;0,04486177351655677
89,91666666666667;1005,8490616964347;1001,7191385127813;103,38081182574683;1366,5704390763892;1000,7596699414619;127,39972001529338;1429,8477237229665;937,9319840771788;1705,0334953085694;12539,96309447033;0,03984806601170762;0,04482907426317108
90,0;1005,987666328203;1001,8630402670993;103,24807959133295;1365,2693232238717;1000,9048563132172;127,23479387431951;1428,4734760773786;938,3534648271134;1697,9269404813977;12496,06953469187;0,03981902873735655;0,04479640732952612
90,08333333333333;1006,126142859554;1002,0068017944;103,11565152759101;1363,9707345756049;1001,0498993304241;127,07025037464348;1427,1019397505504;938,7734370912797;1690,8550375272398;12452,340916668421;0,03979002013391519;0,044763772650654586
90,16666666666667;1006,2644915270537;1002,1504233713015;102,98352662885009;1362,6746656510609;1001,1947992809382;126,90608822824743;1425,7331065190788;939,1919067854288;1683,8176442068573;12408,777010808808;0,039761040143812355;0,044731170161788895
90,25;1006,4027125666132;1002,2939052735939;102,85170389380482;1361,3811090000236;1001,3395564517319;126,74230615288593;1424,3669681942222;939,6088798141558;1676,8146185406208;12365,377583382982;0,03973208870965361;0,044698599798360314
90,33333333333333;1006,5408062134914;1002,4372477762423;102,72018232548419;1360,0900572019113;1001,4841711288971;126,57890287203202;1423,0035166215866;940,0243620707853;1669,845818811436;12322,142396572706;0,03970316577422059;0,04466606149599816
90,41666666666667;1006,6787727022974;1002,5804511533905;102,58896093122587;1358,8015028659113;1001,6286435976491;126,41587711485727;1421,6427436807978;940,4383594372601;1662,9111035676515;12279,071208521334;0,03967427128047018;0,04463355519052895
90,5;1006,8166122669928;1002,7235156783639;102,45803872267061;1357,515438630845;1001,7729741423309;126,25322761620623;1420,284641285582;940,8508777840304;1656,0103316259301;12236,163773384089;0,039645405171533823;0,04460108081797555
90,58333333333333;1006,954325140894;1002,8664416236732;102,3274147157224;1356,2318571647218;1001,9171630464161;126,09095311654812;1418,9292013834208;941,261922969945;1649,1433620740595;12193,419841377634;0,03961656739071678;0,04456863831455637
90,66666666666667;1007,0919115566746;1003,0092292610171;102,19708793052007;1354,9507511648549;1002,0612105925132;125,92905236194554;1417,5764159553207;941,6715008421438;1642,3100542737245;12150,83915882958;0,03958775788149735;0,04453622761668452
90,75;1007,229371746368;1003,1518788612865;102,06705739143729;1353,6721133576104;1002,2051170623688;125,76752410403458;1416,2262770157627;942,0796172359522;1635,5102678632704;12108,421468228076;0,03955897658752624;0,044503848660967016
90,83333333333333;1007,3667059413694;1003,2943906945668;101,93732212703708;1352,3959364984653;1002,3488827368712;125,60636709997937;1414,87877661239;942,486277974777;1628,7438627603933;12066,166508270737;0,03953022345262575;0,04447150138420397
90,91666666666667;1007,5039143724384;1003,4367650301417;101,80788117006614;1351,1222133714439;1002,4925078960545;125,44558011245499;1413,5339068257454;942,891488870003;1622,0106991648122;12024,074013913325;0,03950149842078911;0,044439185723387745
91,0;1007,6409972697013;1003,5790021364961;101,6787335574179;1349,8509367893912;1002,6359928191014;125,2851619095992;1412,1916597694337;943,2952557208924;1615,3106375608872;11982,14371641889;0,039472801436179726;0,04440690161570219
91,08333333333333;1007,7779548626529;1003,7211022813195;101,54987833012967;1348,5820995934096;1002,7793377843476;125,12511126499817;1410,8520275894482;943,6975843144852;1608,6435387202214;11940,375343405673;0,039444132443130484;0,04437464899852179
91,16666666666667;1007,9147873801599;1003,8630657315093;101,42131453333434;1347,3156946532856;1002,9225430692846;124,96542695763253;1409,51500246445;944,0984804255003;1602,0092637041926;11898,768618895767;0,03941549138614307;0,04434242780941095
91,25;1008,0514950504618;1004,0048927531735;101,29304121626319;1346,05171486687;1003,0656089505638;124,80610777188019;1408,1805766053892;944,4979498162395;1595,4076738664894;11857,323263362923;0,03938687820988723;0,04431023798612314
91,33333333333333;1008,1880781011748;1004,1465836116342;101,16505743220614;1344,7901531599025;1003,2085357039996;124,64715249744813;1406,8487422549285;944,8959982364921;1588,8386308555569;11816,03899377999;0,03935829285920008;0,04427807946660009
91,41666666666667;1008,3245367592925;1004,2881385714309;101,03736223851456;1343,5310024864195;1003,3513236045728;124,48855992938093;1405,5194916881346;945,292631423441;1582,3019966170677;11774,915523666985;0,03932973527908543;0,044245952188971115
91,5;1008,4608712511891;1004,429557896323;100,9099546965416;1342,2742558278435;1003,4939729264346;124,33032886799253;1404,1928172116552;945,6878551015707;1575,7976333962888;11733,95256313802;0,03930120541471308;0,04421385609155221
91,58333333333333;1008,5970818026215;1004,5708418492936;100,78283387165357;1341,0199061935828;1003,6364839429094;124,17245811886346;1402,86871116357;946,0816749825764;1569,3254037404613;11693,149818948263;0,03927270321141812;0,04418179111284538
91,66666666666667;1008,7331686387313;1004,7119906925521;100,65599883319578;1339,7679466202376;1003,7788569264989;124,01494649280096;1401,5471659134244;946,4740967652748;1562,885170501127;11652,506994540972;0,03924422861470023;0,044149757191537756
91,75;1008,8691319840472;1004,8530046875376;100,52944865447841;1338,5183701722199;1003,9210921488846;123,85779280581062;1400,2281738620475;946,8651261355161;1556,4767968364122;11612,02379009386;0,03921578157022309;0,044117754266500976
91,83333333333333;1009,0049720624875;1004,9938840949216;100,40318241273951;1337,2711699406882;1004,0631898809319;123,70099587906509;1398,9117274413056;947,2547687660976;1550,1001462132763;11571,699902565471;0,03918736202381363;0,044085782276790324
91,91666666666667;1009,1406890973615;1005,1346291746113;100,27719918914784;1336,0263390443413;1004,2051503926934;123,54455453888988;1397,5978191138718;947,643030316679;1543,7550824097457;11531,535025741236;0,03915896992146131;0,04405384116164397
92,0;1009,2762833113727;1005,2752401857526;100,15149806875456;1334,7838706282168;1004,346973953412;123,38846761670084;1396,2864413730433;948,0299164336981;1537,4414695170628;11491,52885027911;0,039130605209317604;0,044021930860482304
92,08333333333333;1009,4117549266205;1005,4157173867331;100,0260781405018;1333,543757865068;1004,4886608315242;123,23273394901832;1394,9775867428752;948,4154327502897;1531,1591719418657;11451,681063755575;0,03910226783369517;0,043990051312907064
92,16666666666667;1009,547104164602;1005,5560610351849;99,90093849718278;1332,30599395358;1004,6302112946636;123,07735237740758;1393,6712477777012;948,799584886204;1524,9080544082688;11411,991350710316;0,03907395774106728;0,04395820245870069
92,25;1009,6823312462149;1005,696271387988;99,77607823542769;1331,0705721193572;1004,7716256096642;122,92232174846163;1392,3674170621182;949,1823784477276;1518,6879819599512;11372,459392691877;0,03904567487806717;0,043926384237825564
92,33333333333333;1009,8174363917593;1005,8363487012726;99,65149645567237;1329,8374856143255;1004,9129040425635;122,7676409137672;1391,0660872104584;949,5638190276057;1512,4988199621812;11333,08486830185;0,03901741919148731;0,04389459659042322
92,41666666666667;1009,9524198209399;1005,9762932304229;99,52719226216686;1328,606727716884;1005,0540468586058;122,61330872989618;1389,7672508674318;949,9439122049652;1506,3404341038392;11293,867453239982;0,03898919062827883;0,043862839456813685
92,5;1010,0872817528682;1006,1161052300794;99,40316476292423;1327,378291731229;1005,1950543222455;122,45932405835163;1388,4709007069077;950,3226635452395;1500,2126903993685;11254,806820348158;0,038960989135550905;0,04383111277749476
92,58333333333333;1010,2220224060644;1006,2557849541419;99,27941306972059;1326,152170988147;1005,3359266971503;122,30568576556777;1387,1770294329524;950,7000786000951;1494,1154551907175;11215,902639654536;0,03893281466056994;0,04379941649314118
92,66666666666667;1010,3566419984597;1006,3953326557727;99,1559362980638;1324,9283588438534;1005,4766642462043;122,15239272285316;1385,8856297785596;951,0761629073588;1488,048595149232;11177,154578417067;0,03890466715075913;0,04376775054460402
92,75;1010,4911407473985;1006,5347485873991;99,03273356717648;1323,706848680398;1005,6172672315115;121,99944380638499;1384,5966945060313;951,4509219909467;1482,0119772775229;11138,562301167247;0,0388765465536977;0,04373611487290991
92,83333333333333;1010,6255188696405;1006,6740330007167;98,90980399998455;1322,4876339057632;1005,7577359143984;121,84683789717496;1383,3102164067952;951,824361360794;1476,0054689112962;11100,125469753297;0,03884845281712032;0,043704509419260365
92,91666666666667;1010,7597765813626;1006,8131861466918;98,78714672309457;1321,270707953417;1005,8980705554177;121,69457388105229;1382,0261883014869;952,1964865127874;1470,0289377211618;11061,843743383197;0,03882038588891646;0,04367293412503102
93,0;1010,893914098161;1006,9522082755648;98,66476086677096;1320,0560642818295;1006,0382714143512;121,54265064862386;1380,7446030390613;952,567302928697;1464,0822517143818;11023,716778667082;0,03879234571712975;0,04364138893177097
93,08333333333333;1011,0279316350537;1007,0910996368524;98,54264556490477;1318,843696375209;1006,178338750213;121,39106709524299;1379,465453497352;952,9368160761113;1458,1652792365985;10985,744229660117;0,0387643322499574;0,04360987378120207
93,16666666666667;1011,1618294064818;1007,2298604793509;98,42079995503354;1317,6335977428623;1006,3182728212523;121,23982212101794;1378,1887325826926;953,305031408372;1452,2778889735605;10947,925747904368;0,03873634543574954;0,043578388615218226
93,25;1011,2956076263126;1007,368491051139;98,29922317827311;1316,4257619187877;1006,4580738849569;121,08891463073803;1376,914433229472;953,6719543645112;1446,4199499527467;10910,260982470842;0,03870838522300862;0,0435469333758847
93,33333333333333;1011,4292665078403;1007,5069915995801;98,17791437934034;1315,2201824624697;1006,5977421980559;120,93834353389354;1375,6425484007932;954,0375903691894;1440,5913315450362;10872,749580001106;0,038680451560388816;0,043515508005437416
93,41666666666667;1011,5628062637894;1007,6453623713257;98,0568727065048;1314,0168529573289;1006,7372780165232;120,78810774461033;1374,3730710870402;954,4019448326346;1434,7919034662737;10835,391184748405;0,03865254439669536;0,04348411244628228
93,5;1011,696227106316;1007,7836036123178;97,93609731159165;1312,8157670124463;1006,8766815955801;120,6382061816555;1373,1059943071625;954,7650231505833;1429,0215357788697;10798,185438619385;0,038624663680883985;0,04345274664099448
93,58333333333333;1011,8295292470096;1007,9217155677917;97,81558734995315;1311,616918260703;1007,0159531896983;120,48863776839767;1371,8413111073585;955,1268307042218;1423,2800988933177;10761,131981214137;0,03859680936206034;0,043421410532317885
93,66666666666667;1011,9627128968958;1008,0596984822787;97,6953419804488;1310,4203003597877;1007,1550930526034;120,33940143278414;1370,5790145618146;955,4873728601299;1417,5674635696964;10724,230449867388;0,03856898138947931;0,04339010406316422
93,75;1012,0957782664382;1008,1975525996091;97,57536036542831;1309,2259069914612;1007,2941014372775;120,19049610730974;1369,3190977717193;955,8466549702247;1411,8835009191484;10687,480479688344;0,0385411797125445;0,04335882717661256
93,83333333333333;1012,2287255655393;1008,3352781629146;97,45564167072587;1308,0337318620395;1007,432978595962;120,04192072901674;1368,0615538659201;956,2046823717067;1406,2280824053373;10650,881703601028;0,038513404280807594;0,04332757981590854
93,91666666666667;1012,3615550035444;1008,4728754146312;97,33618506561754;1306,8437687013097;1007,5717247801612;119,89367423943236;1366,8063760000518;956,561460387006;1400,6010798458165;10614,433752383684;0,03848565504396777;0,04329636192446374
94,0;1012,4942667892417;1008,6103445965015;97,2169897228298;1305,656011263692;1007,7103402406443;119,74575558458014;1365,5535573572272;956,9169943237312;1395,0023654134584;10578,136254708617;0,03845793195187114;0,04326517344585503
94,08333333333333;1012,6268611308656;1008,747685949578;97,09805481850537;1304,4704533269228;1007,8488252274493;119,59816371493446;1364,3030911470496;957,2712894746173;1389,4318116377633;10541,988837180943;0,03843023495451014;0,043234014323823906
94,16666666666667;1012,7593382360978;1008,8848997142252;96,97937953218911;1303,2870886928667;1007,9871799898852;119,45089758540632;1363,0549706061233;957,6243511174777;1383,8892914062058;10505,991124378033;0,03840256400202295;0,043202884502275815
94,25;1012,89169831207;1009,0219861301226;96,86096304681655;1302,105911186589;1008,1254047765353;119,30395615531495;1361,8091889973944;957,9761845151542;1378,3746779655048;10470,14273888752;0,03837491904469294;0,043171783925279546
94,33333333333333;1013,0239415653649;1009,1589454362672;96,74280454868551;1300,9269146568574;1008,26349983526;119,15733838836786;1360,5657396104473;958,3267949154709;1372,8878449228973;10434,443301346091;0,03834730003294801;0,04314071253706651
94,41666666666667;1013,1560682020194;1009,295777870976;96,6249032274419;1299,7500929759685;1008,4014654131992;119,01104325262395;1359,3246157610272;958,676187551188;1367,4286662473492;10398,8924304775;0,03831970691736017;0,04310967028203019
94,5;1013,2880784275251;1009,4324836718889;96,50725827608255;1298,575440039205;1008,539301756776;118,86506972050483;1358,0858107913366;959,0243676399562;1361,997016270783;10363,489743130302;0,0382921396486448;0,043078657104725394
94,58333333333333;1013,4199724468314;1009,5690630759708;96,38986889090404;1297,402949765262;1008,6770091116989;118,71941676872666;1356,849318069343;959,3713403842736;1356,5927696892231;10328,234854315335;0,03826459817766022;0,04304767294986774
94,66666666666667;1013,5517504643467;1009,7055163195149;96,27273427151408;1296,2326160957625;1008,8145877229648;118,57408337831146;1355,6151309891256;959,7171109714429;1351,2158015639443;10293,127377243074;0,03823708245540704;0,043016717762332915
94,75;1013,6834126839407;1009,8418436381446;96,15585362079457;1295,0644329952186;1008,9520378348618;118,42906853454735;1354,3832429703805;960,06168457353;1345,865987322594;10258,166923360615;0,038209592433027635;0,04298579148715609
94,83333333333333;1013,8149593089461;1009,9780452668164;96,03922614490159;1293,8983944509152;1009,0893596909721;118,28437122697153;1353,1536474585855;960,4050663473232;1340,5432027602671;10223,353102388097;0,03818212806180559;0,042954894069531284
94,91666666666667;1013,9463905421602;1010,1141214398224;95,92285105324265;1292,7344944731042;1009,2265535341744;118,13999044935031;1351,926337924753;960,7472614342947;1335,2473240405716;10188,685522355689;0,03815468929316512;0,042924025454810756
95,0;1014,0777065858476;1010,2500723907928;95,80672755844546;1291,572727094345;1009,3636196066473;117,99592519964506;1350,7013078650184;961,0882749605619;1329,9782276966368;10154,163789638991;0,03812727607867055;0,042893185588504364
95,08333333333333;1014,2089076417412;1010,3858983526983;95,6908548763721;1290,413086369873;1009,5005581498713;117,85217448000935;1349,4785508012662;961,4281120368503;1324,735790632144;10119,787508995596;0,038099888370025745;0,042862374416278964
95,16666666666667;1014,3399939110446;1010,5215995578529;95,57523222607358;1289,2555663773674;1009,6373694046322;117,70873729674918;1348,2580602801736;961,766777758458;1319,5198901222739;10085,556283600157;0,038072526119073566;0,042831591883957756
95,25;1014,4709655944337;1010,6571762379162;95,45985882979267;1288,1001612166974;1009,7740536110234;117,56561266031156;1347,0398298735904;962,1042772052205;1314,3304038146653;10051,46971507995;0,038045189277795315;0,04280083793751973
95,33333333333333;1014,6018228920585;1010,7926286238959;95,34473391293545;1286,946865009751;1009,9106110084489;117,42279958525614;1345,8238531778966;962,4406154414766;1309,1672097303303;10017,527403549837;0,03801787779831022;0,042770112523099
95,41666666666667;1014,7325660035455;1010,9279569461502;95,2298567040657;1285,7956719009167;1010,0470418356256;117,28029709024099;1344,6101238147094;962,7757975160363;1304,0301862645492;9983,728947647123;0,03799059163287488;0,04273941558698424
95,5;1014,8631951279981;1011,0631614343904;95,11522643488206;1284,6465760561157;1010,1833463305863;117,138104197997;1343,3986354300614;963,1098284621487;1298,9192121877295;9950,073944565775;0,03796333073388273;0,04270874707561807
95,58333333333333;1014,9937104640005;1011,1982423176833;95,00084234019255;1283,499571663325;1010,3195247306825;116,99621993529377;1342,1893816943825;963,4427132974712;1293,834166646235;9916,561990090833;0,03793609505386351;0,04267810693559644
95,66666666666667;1015,1241122096177;1011,3331998244535;94,88670365793155;1282,3546529320347;1010,4555772725863;116,85464333295101;1340,9823563025338;963,77445702404;1288,774929163233;9883,19267863218;0,03790888454548274;0,042647495113668075
95,75;1015,2544005623985;1011,4680341824861;94,77280962910584;1281,2118140939845;1010,5915041922942;116,71337342578454;1339,7775529739229;964,1050646282416;1283,741379639443;9849,965603258568;0,03788169916154115;0,0426169115567338
95,83333333333333;1015,3845757193762;1011,602745618929;94,65915949780879;1280,0710494020004;1010,7273057251286;116,57240925260623;1338,574965451811;964,4345410807853;1278,7333983539213;9816,880355730373;0,03785453885497427;0,04258635621184605
95,91666666666667;1015,5146378770716;1011,7373343602952;94,54575251118058;1278,9323531303446;1010,8629821057413;116,43174985618998;1337,37458750343;964,7628913366758;1273,7508659647744;9783,93652653316;0,037827403578851754;0,04255582902620822
96,0;1015,6445872314937;1011,8718006324651;94,4325879194082;1277,7957195747338;1010,9985335681152;116,29139428325743;1336,176412920112;965,0901203351888;1268,7936635098936;9751,133704910226;0,03780029328637695;0,04252532994717407
96,08333333333333;1015,7744239781423;1012,0061446606893;94,31966497571409;1276,6611430521848;1011,1339603455681;116,15134158446097;1334,9804355168633;965,4162329998452;1263,8616724076228;9718,471478895413;0,037773207930886385;0,04249485892224718
96,16666666666667;1015,9041483120092;1012,1403666695905;94,20698293632483;1275,5286179009563;1011,2692626707538;116,01159081435526;1333,7866491324617;965,7412342383884;1258,9547744574274;9685,949435345226;0,03774614746584923;0,042464415899080385
96,25;1016,0337604275801;1012,2744668831663;94,09454106046553;1274,3981384798894;1011,404440775666;115,87214103138308;1332,595047629045;966,0651289427612;1254,072851840519;9653,567159970571;0,0377191118448668;0,04243400082547515
96,33333333333333;1016,1632605188368;1012,408445524791;93,98233861034555;1273,2696991694547;1011,53949489164;115,73299129785255;1331,405624892309;966,387921989084;1249,215787120471;9621,324237368917;0,03769210102167201;0,042403613649381014
96,41666666666667;1016,292648779258;1012,5423028172183;93,87037485114433;1272,1432943702407;1011,6744252493554;115,59414067992009;1330,2183748311945;966,7096182376341;1244,3834632438184;9589,220251055402;0,03766511495012892;0,042373254318895034
96,5;1016,4219254018221;1012,6760389825839;93,7586490509915;1271,0189185042907;1011,8092320788392;115,45558824756483;1329,0332913779691;967,0302225328262;1239,575763540597;9557,254783494396;0,03763815358423217;0,042342922782261185
96,58333333333333;1016,5510905790081;1012,8096542424071;93,64716048095545;1269,8965660138235;1011,9439156094672;115,31733307457444;1327,850368487898;967,3497397031929;1234,7925717248984;9525,42741612984;0,037611216878106556;0,04231261898786987
96,66666666666667;1016,6801445027977;1012,9431488175934;93,53590841502637;1268,7762313617188;1012,0784760699677;115,17937423852231;1326,669600139047;967,6681745613673;1230,0337718953813;9493,737729416154;0,03758430478600647;0,04228234288425727
96,75;1016,809087364677;1013,0765229284373;93,42489213010765;1267,657909031516;1012,212913688423;115,04171082075061;1325,4909803327587;967,9855319040657;1225,2992485357595;9462,185302848913;0,0375574172623154;0,04225209442010483
96,83333333333333;1016,9379193556383;1013,2097767946237;93,31411090599318;1266,5415935268923;1012,3472286922726;114,90434190635028;1324,314503092666;968,3018165120716;1220,5888865152815;9430,769714994303;0,03753055426154549;0,042221873544238675
96,91666666666667;1017,0666406661812;1013,342910635231;93,20356402536447;1265,4272793718546;1012,481421308315;114,76726658414407;1323,1401624652838;968,6170331502201;1215,9025710891683;9399,490543519429;0,037503715738336996;0,04219168020562912
97,0;1017,1952514863153;1013,4759246687327;93,09325077375661;1264,3149611105866;1012,6154917627109;114,6304839466552;1321,9679525195477;968,931186567384;1211,2401878990283;9368,347365221538;0,037476901647457816;0,042161514353390044
97,08333333333333;1017,3237520055611;1013,6088191129999;92,98317043956672;1263,2046333073508;1012,749440280985;114,49399309011028;1320,7978673469136;969,2442814964601;1206,6016229732838;9337,339756057412;0,037450111943802995;0,04213137593677837
97,16666666666667;1017,4521424129516;1013,7415941853037;92,87332231403127;1262,0962905466818;1012,8832670880288;114,35779311440228;1319,6299010612754;969,5563226543566;1201,9867627275262;9306,46729117271;0,03742334658239424;0,042101264905193524
97,25;1017,5804228970347;1013,8742501023173;92,76370569119763;1260,9899274325344;1013,0169724081027;114,22188312307071;1318,4640477982057;969,8673147419813;1197,3954939648763;9275,72954493001;0,037396605518379464;0,0420711812081769
97,33333333333333;1017,7085936458743;1014,0067870801181;92,65431986793544;1259,8855385888844;1013,1505564648386;114,08626222330156;1317,300301715864;970,1772624442311;1192,8277038763354;9245,126090937662;0,037369888707032284;0,04204112479541132
97,41666666666667;1017,8366548470518;1014,1392053341899;92,54516414390537;1258,7831186593792;1013,2840194812424;113,95092952589323;1316,1386569941383;970,4861704299814;1188,2832800410797;9214,656502078335;0,03734319610375153;0,04201109561672047
97,5;1017,9646066876686;1014,2715050794254;92,4362378215477;1257,682662307435;1013,417361679696;113,81588414523662;1314,979107834811;970,7940433520773;1183,7621104267612;9184,32035053618;0,0373165276640608;0,0419810936220684
97,58333333333333;1018,0924493543466;1014,4036865301282;92,32754020607956;1256,5841642157525;1013,5505832819601;113,68112519931515;1313,8216484616403;971,1008858473252;1179,2640833897822;9154,117207825253;0,03728988334360797;0,041951118761558964
97,66666666666667;1018,2201830332309;1014,5357499000147;92,21907060546073;1255,4876190867622;1013,6836845091765;113,54665180966208;1312,6662731198173;971,4067025364851;1174,789087675535;9124,0466448164;0,0372632630981647;0,04192117098543529
97,75;1018,3478079099905;1014,6676954022169;92,11082833040507;1254,3930216419462;1013,8166655818699;113,41246310136057;1311,5129760760321;971,711498024264;1170,337012418645;9094,108231764689;0,03723666688362603;0,041891250244079276
97,83333333333333;1018,4753241698205;1014,7995232492837;92,00281269434072;1253,300366622265;1013,9495267199508;113,27855820301522;1310,3617516187032;972,0152768993097;1165,9077471431629;9064,301538336256;0,03721009465600985;0,04186135648801108
97,91666666666667;1018,6027319974438;1014,9312336531838;91,89502301342145;1252,2096487876918;1014,0822681427178;113,14493624674355;1309,2125940573364;972,3180437342064;1161,5011817627703;9034,626133634763;0,03718354637145644;0,041831489667888494
98,0;1018,7300315771122;1015,0628268253076;91,7874586065011;1251,1208629174257;1014,2148900688596;113,01159636815044;1308,0654977228862;972,6198030854695;1157,117206580935;9005,081586228041;0,03715702198622808;0,041801649734506584
98,08333333333333;1018,8572230926081;1015,1943029764693;91,68011879511369;1250,0340038095435;1014,3473927164575;112,87853770631386;1306,9204569673118;972,9205594935423;1152,755712291068;8975,667464173925;0,0371305214567085;0,04177183663879705
98,16666666666667;1018,9843067272468;1015,3256623169087;91,57300290347052;1248,9490662809603;1014,4797763029877;112,74575940376508;1305,7774661634942;973,2203174827937;1148,4165899766454;8946,383335046212;0,03710404473940246;0,04174205033182776
98,25;1019,1112826638773;1015,456905056294;91,46611025845175;1247,8660451678365;1014,6120410453234;112,61326060647718;1304,6365197056152;973,5190815615153;1144,0997311113279;8917,228765960426;0,037077591790935324;0,041712290764802235
98,33333333333333;1019,2381510848837;1015,5880314037231;91,35944018958355;1246,7849353244928;1014,7441871597372;112,4810404638481;1303,4976120084987;973,8168562219212;1139,8050275590492;8888,2033235989;0,03705116256805256;0,041682557889059134
98,41666666666667;1019,364912172188;1015,7190415677263;91,25299202901545;1245,7057316240305;1014,8762148619033;112,34909812866363;1302,3607375074787;974,1136459401463;1135,5323715740637;8859,306574235698;0,03702475702761933;0,04165285165607174
98,5;1019,4915661072499;1015,8499357562682;91,146765111543;1244,6284289586217;1015,0081243669001;112,21743275711731;1301,2258906590084;974,4094551762475;1131,281655801044;8830,538083762149;0,03699837512661998;0,041623172017447474
98,58333333333333;1019,6181130710703;1015,9807141767496;91,0407587745425;1243,5530222381526;1015,1399158892116;112,08604350874509;1300,0930659396397;974,7042883742041;1127,0527732750593;8801,89741771056;0,036972016822157686;0,041593518924927395
98,66666666666667;1019,7445532441914;1016,1113770360098;90,93497235801635;1242,4795063914842;1015,2715896427304;111,95492954646795;1298,9622578467809;974,9981499619196;1122,8456174216547;8773,384141279077;0,03694568207145392;0,041563892330385654
98,75;1019,8708868066984;1016,2419245403282;90,82940520453917;1241,407876365521;1015,4031458407597;111,82409003652367;1297,8334608977564;975,2910443512241;1118,6600820567946;8744,99781935568;0,03691937083184805;0,041534292185829054
98,83333333333333;1019,9971139382219;1016,3723568954272;90,72405665925487;1240,338127125599;1015,5345846960155;111,69352414846685;1296,7066696304842;975,5829759378773;1114,496061386859;8716,738016541745;0,0368930830607969;0,04150471844339652
98,91666666666667;1020,1232348179386;1016,5026743064732;90,61892606986817;1239,2702536547488;1015,6659064206284;111,56323105516037;1295,581878602831;975,8739491015726;1110,3534500086141;8688,604297175945;0,03686681871587432;0,041475171055358605
99,0;1020,2492496245733;1016,6328769780794;90,51401278663604;1238,204250954356;1015,7971112261463;111,43320993275552;1294,4590823927467;976,1639682059412;1106,2321429091498;8660,596225357202;0,036840577754770745;0,04144564997411709
99,08333333333333;1020,3751585363999;1016,7629651143073;90,40931616234786;1237,1401140439848;1015,9281993235363;111,3034599606749;1293,3382755983278;976,4530375985572;1102,132035465803;8632,7133649683;0,03681436013529274;0,04141615515220433
99,16666666666667;1020,5009617312438;1016,8929389186692;90,30483555231399;1236,077837960798;1016,0591709231871;111,17398032158974;1292,2194528373084;976,741161610944;1098,0530234460673;8604,955279698088;0,036788165815362574;0,04138668654228289
99,25;1020,6266593864823;1017,0227985941297;90,20057031436579;1235,017417759866;1016,190026234911;111,04477020141701;1291,1026087474218;977,0283445585802;1093,9950030074954;8577,321533064529;0,0367619947530178;0,04135724409714503
99,33333333333333;1020,7522516790467;1017,1525443431078;90,09651980881586;1233,9588485139163;1016,3207654679456;110,9158287892825;1289,9877379858735;977,3145907409072;1089,9578706975517;8549,811688436723;0,03673584690641087;0,04132782776971223
99,41666666666667;1020,8777387854243;1017,2821763674795;89,9926833984722;1232,9021253134676;1016,451388830957;110,7871552775265;1288,8748352295884;977,5999044413365;1085,941523453488;8522,425309057253;0,03670972223380861;0,041298437513034685
99,5;1021,0031208816587;1017,4116948685785;89,8890604486212;1231,8472432665596;1016,5818965320406;110,65874886168388;1287,763895174898;977,8842899272589;1081,9458586021938;8495,161958063933;0,03668362069359189;0,04126907328029087
99,58333333333333;1021,1283981433523;1017,5411000471993;89,78565032700487;1230,7941974984615;1016,7122887787243;110,53060874045286;1286,6549125375561;978,167751450053;1077,9707738599939;8468,021198511336;0,03665754224425514;0,041239735024787026
99,66666666666667;1021,2535707456674;1017,6703921035987;89,68245240382657;1229,742983152312;1016,8425657779701;110,4027341157007;1285,5478820528058;978,4502932450947;1074,0161673324849;8441,002593392312;0,03663148684440598;0,04121042269995673
99,75;1021,378638863327;1017,7995712374977;89,57946605171685;1228,6935953883058;1016,9727277361761;110,27512419243237;1284,4427984749668;978,7319195317687;1070,081937514317;8414,105705659193;0,03660545445276477;0,041181136259360374
99,83333333333333;1021,5036026706181;1017,9286376480836;89,47669064573063;1227,6460293838663;1017,1027748591789;110,14777817877075;1283,3396565772875;979,0126345134779;1066,1679832889577;8387,330098244174;0,036579445028164216;0,041151875656684746
99,91666666666667;1021,628462341391;1018,0575915340119;89,37412556336142;1226,6002803338806;1017,2327073522555;110,02069528597929;1282,2384511526202;979,2924423776565;1062,2742039285044;8360,67533408096;0,0365534585295489;0,04112264084574251
100,0;1021,753218049062;1018,1864330934077;89,27177018447878;1225,5563434498833;1017,3625254201252;109,89387472838814;1281,13917701212;979,5713472957809;1058,4004990933636;8334,140976124048;0,03652749491597497;0,04109343178047184
100,08333333333333;1021,8778699666149;1018,3151625238685;89,16962389135676;1224,514213960775;1017,4922292669519;109,76731572341976;1280,0418289862657;979,8493534233833;1054,546768832026;8307,726587369778;0,036501554146609626;0,041064248414935826
100,16666666666667;1022,0024182666018;1018,4437800224654;89,06768606865967;1223,4738871123757;1017,621819096346;109,64101749157464;1278,946401924284;980,1264649000645;1050,71291358079;8281,431730876104;0,0364756361807308;0,04103509070332214
100,25;1022,1268631211449;1018,5722857857452;88,9659561034108;1222,435358167193;1017,7512951113667;109,51497925639444;1277,8528906937856;980,4026858495084;1046,8988341634315;8255,255969781922;0,03644974097772665;0,04100595859994248
100,33333333333333;1022,2512047019379;1018,7006800097324;88,86443338499248;1221,3986224047317;1017,8806575145235;109,38920024445338;1276,7612901812618;980,6780203794957;1043,1044317909113;8229,198867327212;0,03642386849709531;0,04097685205923222
100,41666666666667;1022,3754431802477;1018,828962889931;88,76311730513748;1220,3636751209701;1018,0099065077786;109,26367968536113;1275,6715952918019;980,9524725819198;1039,3296080610553;8203,259986871826;0,03639801869844428;0,04094777103574981
100,5;1022,4995787269147;1018,9571346213261;88,66200725791771;1219,3305116290587;1018,139042292549;109,13841681172585;1274,5838009487488;981,2260465328017;1035,574264958197;8177,43889191481;0,036372191541490205;0,04091871548417648
100,58333333333333;1022,6236115123558;1019,0851953983861;88,56110263971573;1218,2991272577692;1018,268065069708;109,01341085914282;1273,4979020935173;981,4987462923066;1031,8383048528262;8151,735146112858;0,0363463869860584;0,040889685359315704
100,66666666666667;1022,7475417065649;1019,2131454150644;88,46040284924186;1217,269517353413;1018,3969750395876;108,88866106619446;1272,4138936863192;981,7705759047603;1028,1216305012294;8126,148313299612;0,036320604992082485;0,0408606806160928
100,75;1022,8713694791143;1019,3409848648014;88,35990728751142;1216,241677278097;1018,5257724019804;108,76416667443323;1271,3317707054377;982,041539398667;1024,424145045114;8100,677957503337;0,03629484551960393;0,040831701209554414
100,83333333333333;1022,9950949991561;1019,4687139405258;88,25961535782199;1215,2156024104806;1018,6544573561415;108,63992692834756;1270,2515281469489;982,3116407867262;1020,7457520111802;8075,323642965492;0,0362691085287717;0,04080274709486816
100,91666666666667;1023,118718435424;1019,5963328346572;88,15952646575624;1214,191288145386;1018,7830301007906;108,51594107536471;1269,1731610252634;982,5808840658517;1017,0863553107466;8050,084934158502;0,03624339397984188;0,040773818227322116
101,0;1023,2422399562339;1019,7238417391073;88,05964001916777;1213,168729894032;1018,9114908341135;108,39220836583365;1268,0966643725185;982,84927321719;1013,445859239306;8024,961395803461;0,03621770183317731;0,04074491456232447
101,08333333333333;1023,3656597294864;1019,851240845282;87,959955428164;1212,1479230833365;1019,0398397537646;108,26872805301093;1267,0220332386596;983,1168122061397;1009,8241684760978;7999,9525928876565;0,036192032049247085;0,04071603605540297
101,16666666666667;1023,4889779226673;1019,9785303440827;87,86047210511185;1211,1288631568275;1019,1680770568686;108,1454993930464;1265,9492626916874;983,3835049823714;1006,2211880836685;7975,058090682126;0,03616638458862628;0,040687182662204564
101,25;1023,6121947028488;1020,1057104259091;87,76118946461509;1210,111545573963;1019,2962029400222;108,02252164496906;1264,878347817148;983,6493554798478;1002,6368235073988;7950,277454758348;0,03614075941199556;0,040658354338495
101,33333333333333;1023,7353102366918;1020,23278128066;87,66210692349148;1209,095965809552;1019,4242175992965;107,89979407066426;1263,809283717885;983,9143676168449;999,0709805750242;7925,6102510051;0,036115156480140694;0,04062955104015828
101,41666666666667;1023,8583246904464;1020,3597430977355;87,5632239007956;1208,082119354877;1019,5521212302384;107,77731593488227;1262,7420655147637;984,1785452959725;995,523565496174;7901,056045645462;0,036089575753952316;0,04060077272319636
101,5;1023,9812382299534;1020,4865960660387;87,46453981777051;1207,070001716629;1019,6799140278728;107,65508650519848;1261,6766883457503;984,4418924041968;991,9944848618456;7876,614405252899;0,036064017194425445;0,04057201934372862
101,58333333333333;1024,1040510206467;1020,6133403739775;87,36605409786762;1206,0596084173326;1019,8075961867041;107,53310505201625;1260,6131473662242;984,704412812862;988,483645643916;7852,284896767714;0,03603848076265918;0,04054329085799157
101,66666666666667;1024,226763227552;1020,7399762094662;87,26776616672964;1205,0509349954057;1019,935167900719;107,41137084856405;1259,551437749224;984,966110377713;984,9909551946183;7828,067087512956;0,036012966419856206;0,04051458722233823
101,75;1024,349375015292;1020,8665037599275;87,16967545214516;1204,0439770040923;1020,0626293633871;107,28988317082724;1258,4915546841644;985,226988938919;981,5163212459765;7803,9605452100295;0,035987474127322575;0,04048590839323789
101,83333333333333;1024,4718865480838;1020,9929232122937;87,07178138411393;1203,0387300130137;1020,1899807676639;107,168641297622;1257,4334933785149;985,4870523210966;978,0596519093251;7779,964837994923;0,03596200384646722;0,04045725432727562
101,91666666666667;1024,594297989743;1021,1192347530092;86,97408339475317;1202,0351896066375;1020,3172223059917;107,04764451049869;1256,3772490561696;985,7463043333338;974,6208556746808;7756,07953443277;0,035936555538801665;0,04042862498115187
102,0;1024,7166095036832;1021,2454385680315;86,87658091834294;1201,0333513851294;1020,4443541703021;106,92689209378159;1255,3228169582712;986,0047487692148;971,1998414102283;7732,304203533795;0,03591112916593959;0,040400020311682036
102,08333333333333;1024,8388212529196;1021,3715348428336;86,77927339129212;1200,0332109637534;1020,5713765520176;106,80638333452919;1254,2701923427328;986,2623894068442;967,7965183617118;7708,638414767763;0,035885724689596485;0,04037144027579605
102,16666666666667;1024,960933400067;1021,497523762405;86,68216025214974;1199,0347639729875;1020,6982896420534;106,68611752255117;1253,2193704844028;986,5192300088733;964,4107961518841;7685,081738079041;0,03586034207158932;0,04034288483053798
102,25;1025,0829461073445;1021,6234055112536;86,58524094155098;1198,0380060587183;1020,8250936308194;106,56609395034025;1252,1703466748672;986,7752743225246;961,0425847798439;7661,633743901323;0,035834981273836115;0,04031435393306563
102,33333333333333;1025,2048595365738;1021,7491802734079;86,48851490227116;1197,042932881561;1020,9517887082218;106,44631191312612;1251,123116222136;987,0305260796191;957,6917946204958;7638,294003171566;0,035809642258355645;0,040285847540650094
102,41666666666667;1025,3266738491834;1021,8748482324179;86,39198157914905;1196,0495401173655;1021,0783750636647;106,32677070880163;1250,077674451024;987,2849889966018;954,3583364238685;7615,062087344613;0,035784324987267066;0,040257365610675444
102,5;1025,4483892062071;1022,0004095713573;86,29564041913795;1195,0578234571954;1021,2048528860524;106,20746963796819;1249,0340167029995;987,5386667745693;951,0421213145406;7591,937568407238;0,035759029422789516;0,0402289081006382
102,58333333333333;1025,5700057682873;1022,125864472825;86,1994908712461;1194,067778606398;1021,3312223637911;106,08840800386758;1247,992138335693;987,7915630992967;947,7430607909469;7568,92001889137;0,035733755527241784;0,04020047496814701
102,66666666666667;1025,6915236956754;1022,2512131189467;86,10353238655648;1193,0794012854774;1021,4574836847902;105,96958511240473;1246,9520347231262;988,0436816412655;944,4610667247645;7546,009011888449;0,035708503263041966;0,040172066170922206
102,75;1025,812943148233;1022,3764556913767;86,00776441821836;1192,092687230209;1021,5836370364644;105,85100027213059;1245,9137012558112;988,2950260556917;941,196051360248;7523,204121062562;0,035683272592707115;0,0401436816667955
102,83333333333333;1025,934264285434;1022,5015923712995;85,91218642140745;1191,107632190188;1021,7096826057358;105,73265279421378;1244,8771333404052;988,5455999825539;937,9479273135331;7500,504920663404;0,03565806347885284;0,040115321413709444
102,91666666666667;1026,055487266364;1022,6266233394311;85,81679785336291;1190,124231930204;1021,8356205790348;105,61454199245475;1243,8423263996758;988,7954070466227;934,7166075720025;7477,91098553984;0,035632875884193047;0,04008698536971718
103,0;1026,1766122497243;1022,7515487760213;85,72159817332192;1189,1424822292722;1021,9614511423026;105,4966671832318;1242,8092758722398;989,0444508574892;931,5020054935331;7455,421891152193;0,03560770977153947;0,04005867349298191
103,08333333333333;1026,2976393938302;1022,8763688608547;85,62658684257372;1188,1623788815834;1022,0871744809928;105,3790276855409;1241,7779772133683;989,292735009595;928,3040348058762;7433,037213585726;0,03558256510380145;0,04003038574177663
103,16666666666667;1026,418568856615;1023,0010837732524;85,53176332438852;1187,1839176947014;1022,2127907800725;105,26162282093594;1240,748425893374;989,540263082262;925,1226096058787;7410,756529562198;0,0355574418439855;0,040002122074483684
103,25;1026,5394007956286;1023,1256936920742;85,43712708406304;1186,2070944917532;1022,338300224025;105,14445191356003;1239,7206173993222;989,7870386397223;921,9576443588238;7388,579416452946;0,035532339955194996;0,039973882449594364
103,33333333333333;1026,6601353680412;1023,2501987957193;85,34267758886074;1185,2319051091806;1022,463702996851;105,02751429008867;1238,6945472333375;990,0330652311492;918,8090538976581;7366,50545229047;0,0355072594006298;0,03994566682570852
103,41666666666667;1026,7807727306426;1023,3745992621285;85,24841430804884;1184,2583453985815;1022,5889992820701;104,91080927975531;1237,6702109138848;990,2783463906878;915,6767534223007;7344,534215780989;0,03548220014358599;0,03991747516153424
103,5;1026,9013130398444;1023,4988952687859;85,1543367128528;1183,2864112250038;1022,7141892627228;104,7943362143144;1236,6476039745203;990,5228856374865;912,5606584988702;7322,665286315478;0,03545716214745544;0,039889307415887365
103,58333333333333;1027,021756451681;1023,6230869927197;85,06044427646202;1182,316098467916;1022,8392731213722;104,67809442803855;1235,626721964582;990,7666864757281;909,4606850589457;7300,898243981726;0,03543214537572555;0,039861163547691245
103,66666666666667;1027,1421031218113;1023,7471746105045;84,96673647403554;1181,347403021147;1022,9642510401055;104,56208325772138;1234,607560449239;991,0097523946619;906,3767493988252;7279,232669575981;0,0354071497919789;0,03983304351597625
103,75;1027,2623532055181;1023,8711582982629;84,8732127826679;1180,3803207920546;1023,0891232005358;104,44630204264342;1233,5901150086522;991,2520868686361;903,308768178735;7257,668144613546;0,03538217535989284;0,03980494727987944
103,83333333333333;1027,3825068577125;1023,9950382316665;84,77987268138065;1179,414847702299;1023,2138897838039;104,33075012455788;1232,5743812386986;991,4936933571299;900,2566584220517;7236,204251340418;0,035357222043239225;0,03977687479864412
103,91666666666667;1027,5025642329315;1024,1188145859378;84,68671565115073;1178,4509796873217;1023,3385509705796;104,21542684771623;1231,5603547502467;991,7345753047865;897,2203375145654;7214,840572743966;0,03533228980588408;0,03974882603161959
104,0;1027,6225254853416;1024,2424875358518;84,59374117484231;1177,4887126963818;1023,4631069410635;104,10033155879717;1230,5480311696003;991,9747361414461;894,1997232036243;7193,576692563508;0,035307378611787295;0,039720800938260706
104,08333333333333;1027,7423907687398;1024,3660572557371;84,50094873724652;1176,5280426925185;1023,587557874989;103,98546360695207;1229,5374061381713;992,2141792821792;891,1947335973878;7172,412195301157;0,0352824884250022;0,039692799478127476
104,16666666666667;1027,8621602365533;1024,4895239194782;84,40833782506729;1175,568965652571;1023,7119039516234;103,8708223437709;1228,5284753126411;992,4529081273204;888,2052871640155;7151,346666232301;0,035257619209675316;0,039664821610884735
104,25;1027,9818340418428;1024,6128877005162;84,31590792687871;1174,6114775668675;1023,8361453497697;103,7564071232481;1227,521234364322;992,6909260625021;885,2313027308242;7130,379691415227;0,03523277093004606;0,039636867296301816
104,33333333333333;1028,101412337301;1024,736148771851;84,22365853316478;1173,655574439594;1023,9602822477685;103,64221730182805;1226,5156789800928;992,9282364586888;882,2726994835193;7109,510857702106;0,03520794355044629;0,03960893649425208
104,41666666666667;1028,2208952752571;1024,8593073060426;84,13158913625125;1172,7012522882696;1024,0843148234994;103,52825223831417;1225,5118048611157;993,164842672212;879,3293969653064;7088,739752747927;0,03518313703530011;0,03958102916471263
104,5;1028,3402830076748;1024,9823634752122;84,03969923036243;1171,7485071439432;1024,2082432543823;103,41451129394272;1224,5096077238245;993,4007480448041;876,4013150761286;7068,065965021085;0,03515835134912354;0,03955314526776398
104,58333333333333;1028,4595756861552;1025,105317451044;83,94798831156436;1170,7973350510547;1024,3320677173797;103,30099383231186;1223,5090832993967;993,635955903634;873,4883740717663;7047,489083812226;0,03513358645652406;0,03952528476358957
104,66666666666667;1028,578773461938;1025,2281694047867;83,85645587778185;1169,847732067379;1024,4557883889975;103,18769921938724;1222,510227333211;993,8704695613421;870,5904945630294;7027,008699244246;0,03510884232220051;0,03949744761247557
104,75;1028,6978764859018;1025,3509195072554;83,76510142878146;1168,899694264606;1024,5794054452874;103,07462682351343;1221,513035586263;994,104292316076;867,7075975148966;7006,6244022814835;0,03508411891094251;0,03946963377481033
104,83333333333333;1028,8168849085655;1025,4735679288324;83,67392446616009;1167,9532177266753;1024,7029190618478;102,96177601535987;1220,5175038332548;994,3374274515261;864,8396042456454;6986,33578473826;0,03505941618763045;0,03944184321108425
104,91666666666667;1028,9357988800903;1025,5961148394688;83,58292449332794;1167,0082985511317;1024,8263294138258;102,84914616794367;1219,5236278635173;994,5698782369615;861,9864364259854;6966,142439288431;0,035034734117234845;0,0394140758818892
105,0;1029,0546185502797;1025,7185604086862;83,49210101553695;1166,0649328491638;1024,9496366759183;102,73673665661249;1218,5314034813894;994,8016479272663;859,1480160782197;6946,043959474096;0,03501007266481634;0,03938633174791838
105,08333333333333;1029,1733440685812;1025,8409048055785;83,4014535398353;1165,1231167442297;1025,0728410223744;102,62454685903322;1217,540826505015;995,0327397629763;856,3242655753328;6926,039939714031;0,03498543179552512;0,03935861076996576
105,16666666666667;1029,2919755840871;1025,9631481988122;83,31098157506744;1164,18284637376;1025,1959426269962;102,5125761551692;1216,5518927673647;995,2631569703153;853,5151076401206;6906,129975312444;0,03496081147460077;0,03933091290892586
105,25;1029,410513245536;1026,0852907566289;83,22068463187406;1163,24411788697;1025,31894166314;102,40082392727459;1215,5645981150499;995,4929027612321;850,7204653442955;6886,313662466767;0,03493621166737198;0,03930323812579348
105,33333333333333;1029,5289572013141;1026,2073326468465;83,13056222268074;1162,3069274471256;1025,4418383037196;102,2892895599;1214,5789384094417;995,7219803334378;847,9402621075991;6866,590598276609;0,034911632339256086;0,03927558638166309
105,41666666666667;1029,6473075994554;1026,3292740368604;83,04061386169224;1161,371271229607;1025,5646327212055;102,1779724398641;1213,5949095256683;995,9503928704428;845,1744216969075;6846,960380751165;0,0348870734557589;0,03924795763772876
105,5;1029,765564587644;1026,451115093645;82,95083906487548;1160,437145423108;1025,687325087628;102,06687195624795;1212,6125073535184;996,1781435415945;842,4228682253158;6827,422608817773;0,03486253498247438;0,03922035185528368
105,58333333333333;1029,8837283132134;1026,5728559837557;82,8612373499709;1159,5045462286882;1025,8099155745786;101,95598750039494;1211,6317277960763;996,4052355021154;839,6855261512343;6807,976882328752;0,03483801688508429;0,03919276899571982
105,66666666666667;1030,0017989231505;1026,6944968733292;82,7718082364413;1158,5734698602573;1025,9324043532106;101,84531846587106;1210,652566770643;996,6316718931402;836,9623202774505;6788,622802069765;0,03481351912935789;0,039165209020527614
105,75;1030,1197765640939;1026,8160379280857;82,68255124553434;1157,643912544632;1026,0547915942416;101,73486424849898;1209,6750202087858;996,8574558417547;834,2531757502599;6769,35996976726;0,03478904168115168;0,03913767189129564
105,83333333333333;1030,237661382336;1026,9374793133304;82,593465900203;1156,7158705206848;1026,1770774679544;101,6246242463069;1208,6990840553992;997,0825904610339;831,5580180584789;6750,187988095165;0,03476458450640912;0,03911015756971026
105,91666666666667;1030,3554535238247;1027,0588211939541;82,50455172513966;1155,7893400404282;1026,299262144199;101,51459785953989;1207,7247542695134;997,3070788500801;828,8767730325532;6731,106460682779;0,034740147571160195;0,039082666017555216
106,0;1030,4731531341636;1027,1800637344356;82,41580824676475;1154,864317367891;1026,4213457923934;101,4047844906429;1206,7520268236167;997,5309240940622;826,2093668436165;6712,114992121476;0,034715730841521325;0,039055197196711494
106,08333333333333;1030,5907603586138;1027,3012070988425;82,32723499319832;1153,940798779836;1026,5433285815254;101,295183544255;1205,7808977040856;997,7541292642543;823,5557260025331;6693,213187971614;0,03469133428369491;0,03902775106915678
106,16666666666667;1030,708275342094;1027,4222514508326;82,23883149428275;1153,018780565119;1026,6652106801548;101,18579442720943;1204,8113629108545;997,9766974180745;820,915777358988;6674,4006547694225;0,03466695786396904;0,039000327596965166
106,25;1030,8256982291828;1027,5431969536555;82,15059728153733;1152,0982590253107;1026,7869922564134;101,07661654848243;1203,8434184569878;998,1986315991246;818,2894481004894;6655,677000033416;0,03464260154871731;0,03897292674230697
106,33333333333333;1030,9430291641188;1027,6640437701535;82,06253188818096;1151,179230473784;1026,9086734780078;100,96764931923303;1202,8770603697008;998,419934837229;815,6766657514538;6637,041832271224;0,03461826530439844;0,03894554846744824
106,41666666666667;1031,060268290802;1027,7847920627635;81,97463484913214;1150,2616912366072;1027,03025451222;100,85889215277462;1201,9122846892067;998,6406101484745;813,0773581722451;6618,494760985739;0,03459394909755602;0,038918192734750515
106,5;1031,1774157527952;1027,9054419935183;81,88690570096355;1149,3456376519812;1027,151735525909;100,7503444645522;1200,9490874691126;998,8606605352498;810,4914535581884;6600,035396681472;0,034569652894818184;0,038890859506670455
106,58333333333333;1031,2944716933248;1028,0259937240476;81,79934398192472;1148,4310660697931;1027,2731166855133;100,6420056721538;1199,987464776698;999,0800889862857;807,9188804386348;6581,663350870594;0,034545376662897344;0,03886354874575951
106,66666666666667;1031,4114362552807;1028,1464474155796;81,7119492319307;1147,5179728526834;1027,3943981570503;100,53387519528769;1199,0274126919944;999,2988984766946;805,3595676759784;6563,378236078912;0,03452112036858994;0,038836260414663676
106,75;1031,5283095812197;1028,2668032289423;81,62472099252795;1146,6063543745336;1027,5155801061196;100,42595245575967;1198,0689273084754;999,517091968011;802,8134444646525;6545,179665851538;0,03449688397877608;0,038808994476123085
106,83333333333333;1031,6450918133644;1028,387061324565;81,53765880693413;1145,696207022094;1027,6366626979034;100,31823687750148;1197,112004732794;999,7346724082315;800,2804403302179;6527,067254759235;0,034472667460419326;0,03878175089297174
106,91666666666667;1031,7617830936058;1028,507221862479;81,45076221998693;1144,7875271928913;1027,7576460971682;100,21072788652532;1196,1566410844857;999,9516427318557;797,7604851283218;6509,0406184031835;0,03444847078056637;0,03875452962813716
107,0;1031,8783835635033;1028,6272850023197;81,36403077817249;1143,8803112976696;1027,878530468266;100,10342491094093;1195,2028324964633;1000,1680058599262;795,2535090437522;6491,09937342117;0,03442429390634679;0,03872733064464014
107,08333333333333;1031,994893364286;1028,7472509033278;81,27746402959133;1142,9745557579683;1027,9993159751366;99,99632738093283;1194,2505751144556;1000,3837647000694;792,7594425894284;6473,243137492598;0,034400136804972684;0,03870015390559427
107,16666666666667;1032,1113126368539;1028,86711972435;81,1910615239583;1142,0702570076155;1028,1200027813077;99,88943472873757;1193,299865096943;1000,5989221465364;790,278216605418;6455,471529343733;0,03437599944373847;0,03867299937420577
107,25;1032,2276415217787;1028,9868916238408;81,10482281259692;1141,1674114920277;1028,2405910498971;99,78274638865514;1192,3506986154694;1000,8134810802443;787,8097622579361;6437,7841687527625;0,03435188179002057;0,03864586701377314
107,33333333333333;1032,3438801593047;1029,106566759864;81,01874744844508;1140,2660156682318;1028,361080943614;99,67626179703757;1191,4030718541812;1001,0274443688162;785,3540110383591;6420,1806765551055;0,034327783811277185;0,038618756787686837
107,41666666666667;1032,460028689351;1029,2261452900934;80,93283498601522;1139,3660660048251;1028,4814726247603;99,56998039226619;1190,4569810101245;1001,2408148666236;782,9108947622132;6402,660674647941;0,03430370547504795;0,03859166865942894
107,5;1032,5760872515111;1029,3456273718145;80,84708498143982;1138,4675589824014;1028,6017662552315;99,4639016147687;1189,5124222931947;1001,4535954148267;780,4803455681849;6385,223785995103;0,0342796467489537;0,03856460259257291
107,58333333333333;1032,6920559850532;1029,4650131619258;80,76149699241455;1137,5704910928928;1028,7219619965192;99,35802490699075;1188,5693919257742;1001,6657888414164;778,0622959171097;6367,869634631948;0,03425560760069616;0,038537558550783176
107,66666666666667;1032,807935028924;1029,5843028169397;80,67607057818691;1136,674858839182;1028,8420600097113;99,25234971335044;1187,6278861425355;1001,8773979612555;775,65667859092;6350,597845669203;0,03423158799805774;0,038510536497814954
107,75;1032,9237245217473;1029,7034964929844;80,59080529960738;1135,7806587362254;1028,9620604554939;99,14687548031793;1186,687901191215;1002,0884255761201;773,2634266917131;6333,4080452982425;0,03420758790890122;0,038483536397513875
107,83333333333333;1033,0394246018259;1029,8225943458046;80,50570071907259;1134,8878873103374;1029,0819634941527;99,04160165633584;1185,7494333317227;1002,2988744747419;770,8824736406797;6316,299860794891;0,03418360730116947;0,03845655821381565
107,91666666666667;1033,1550354071428;1029,941596530763;80,42075640053099;1133,9965410989378;1029,201769285574;98,93652769183063;1184,812478836638;1002,5087474328492;768,5137531771005;6299,272920523709;0,034159646142885185;0,038429601910745834
108,0;1033,270557075361;1030,0605032028416;80,33597190949422;1133,106616650978;1029,321477989247;98,83165303921828;1183,8770339908785;1002,7180472132094;766,1571993573403;6282,326853942123;0,03413570440215062;0,03840266745241945
108,08333333333333;1033,385989743826;1030,1793145166425;80,25134681298596;1132,2181105263983;1029,4410897642633;98,72697715285312;1182,9430950912567;1002,9267765656706;763,8127465537906;6265,461291604305;0,034111782047147335;0,03837575480304075
108,16666666666667;1033,5013335495657;1030,2980306263903;80,1668806795874;1131,3310192965744;1029,5606047693202;98,62249948906765;1182,0106584473851;1003,1349382272036;761,4803294538859;6248,675865165112;0,03408787904613596;0,038348863926902954
108,25;1033,6165886292924;1030,416651685932;80,08257307938607;1130,4453395437156;1029,680023162721;98,5182195061384;1181,0797203809018;1003,3425349219445;759,1598830590527;6231,970207383853;0,0340639953674558;0,03832199478838777
108,33333333333333;1033,7317551194028;1030,535177848739;79,99842358400997;1129,561067861854;1029,7993451023763;98,41413666428593;1180,150277225686;1003,5495693612364;756,8513426836972;6215,34395212814;0,03404013097952475;0,03829514735196534
108,41666666666667;1033,8468331559789;1030,6536092679082;79,91443176659345;1128,6782008552357;1029,9185707458053;98,31025042566353;1179,2223253275595;1003,7560442436717;754,5546439541596;6198,796734376924;0,03401628585083895;0,038268321582193815
108,5;1033,96182287479;1030,7719460961632;79,83059720176584;1127,79673513958;1030,0377002501377;98,20656025434005;1178,2958610447665;1003,9619622551346;752,2697228076794;6182,32819022436;0,03399245994997245;0,03824151744371901
108,58333333333333;1034,0767244112926;1030,8901884858553;79,7469194656685;1126,9166673415182;1030,1567337721146;98,10306561630568;1177,370880747082;1004,1673260688437;749,9965154913838;6165,9379568831455;0,033968653245577074;0,0382147349012742
108,66666666666667;1034,1915379006323;1031,008336588965;79,66339813593208;1126,0379940986509;1030,2756714680897;97,9997659794492;1176,4473808167527;1004,3721383453941;747,7349585612217;6149,625672687588;0,033944865706382055;0,038187973919679805
108,75;1034,3062634776438;1031,1263905571034;79,58003279168224;1125,160712059394;1030,3945134940304;97,89666081356359;1175,52535764754;1004,5764017328;745,4849888809548;6133,390977096805;0,033921097301193914;0,038161234463843154
108,83333333333333;1034,4209012768526;1031,2443505415126;79,49682301351118;1124,2848178832487;1030,5132600055197;97,79374959033476;1174,604807645314;1004,7801188665378;743,2465436210947;6117,233510697955;0,033897347998896064;0,03813451649875807
108,91666666666667;1034,5354514324754;1031,3622166930681;79,41376838350038;1123,4103082399308;1030,631911157757;97,69103178332443;1173,685727227806;1004,983292369588;741,019560257871;6101,152915208821;0,03387361776844859;0,03810781998950467
109,0;1034,6499140784215;1031,479989162279;79,33086848518087;1122,5371798107456;1030,7504671055597;97,58850686795881;1172,7681128243776;1005,1859248524783;738,8039765721857;6085,148833481063;0,03384990657888807;0,03808114490124907
109,08333333333333;1034,7642893482935;1031,5976680992894;79,24812290356158;1121,6654292869407;1030,8689280033639;97,4861743215456;1171,8519608759889;1005,3880189133264;736,5997306485809;6069,22090950263;0,03382621439932723;0,03805449119924313
109,16666666666667;1034,8785773753884;1031,71525365388;79,16553122510095;1120,7950533708893;1030,9872940052264;97,38403362323993;1170,9372678357568;1005,5895771378829;734,4067608741767;6053,368788400827;0,03380254119895471;0,03802785884882405
109,25;1034,992778292698;1031,8327459754687;79,08309303771262;1119,9260487756428;1031,1055652648258;97,28208425405;1170,0240301679025;1005,7906020995738;732,2250059376387;6037,59211644442;0,033778886947034834;0,03800124781541419
109,33333333333333;1035,1068922329107;1031,9501452131126;79,0008079307313;1119,058412224215;1031,223741935463;97,18032569680304;1169,1122443484915;1005,9910963595436;730,054404828104;6021,890541046287;0,033755251612907385;0,03797465806452081
109,41666666666667;1035,2209193284116;1032,067451515508;78,9186754949526;1118,19214045088;1031,3418241700633;97,0787574361907;1168,2019068650059;1006,1910624666984;727,894896834178;6006,2637107661285;0,03373163516598734;0,03794808956173575
109,5;1035,334859711284;1032,1846650309928;78,8366953225875;1117,3272302003002;1031,4598121211775;96,9773789587066;1167,2930142165917;1006,3905029577487;725,7464215428286;5990,711275312259;0,0337080375757645;0,03792154227273506
109,58333333333333;1035,44871351331;1032,301785907547;78,75486700727947;1116,4636782271389;1031,5777059409825;96,87618975266332;1166,385562913646;1006,5894203572523;723,6089188383829;5975,232885544129;0,03368445881180351;0,03789501616327894
109,66666666666667;1035,5624808659713;1032,4188142927935;78,67319014407599;1115,6014812967182;1031,6955057812836;96,77518930818678;1165,479549478016;1006,7878171776574;721,4823289014419;5959,828193474244;0,03366089884374328;0,03786851119921119
109,75;1035,6761619004512;1032,535750334;78,59166432944562;1114,7406361848273;1031,8132117935147;96,67437711719344;1164,5749704429152;1006,9856959193461;719,366592207848;5944,496852270372;0,03363735764129706;0,03784202734645919
109,83333333333333;1035,7897567476336;1032,6525941780803;78,51028916127802;1113,881139677546;1031,9308241287404;96,57375267341308;1163,671822352711;1007,1830590706767;717,2616495276287;5929,238516257549;0,03361383517425193;0,03781556457103342
109,91666666666667;1035,9032655381052;1032,7693459715942;78,42906423883278;1113,0229885714393;1032,0483429376563;96,47331547233193;1162,7701017633508;1007,3799091080275;715,1674419239242;5914,0528409196795;0,033590331412468734;0,03778912283902732
110,0;1036,0166884021564;1032,8860058607502;78,3479891627735;1112,1661796727435;1032,165768370591;96,37306501122112;1161,869805241623;1007,5762484958395;713,0839107519421;5898,939482901396;0,033566846325881805;0,03776270211661703
110,08333333333333;1036,1300254697821;1033,0025739914051;78,26706353515647;1111,3107097983357;1032,2831005775067;96,27300078913663;1160,970929365699;1007,77207968666;711,0109976579224;5883,898100009763;0,03354337988449865;0,03773630237006098
110,16666666666667;1036,2432768706817;1033,1190505090665;78,18628695942493;1110,4565757754222;1032,4003397080012;96,17312230688526;1160,0734707247545;1007,9674051211855;708,9486445780523;5868,92835121621;0,033519932058399766;0,03770992356569973
110,25;1036,3564427342612;1033,2354355588932;78,10565904038071;1109,603774440726;1032,5174859113083;96,0734290670132;1159,177425918954;1008,1622272283046;706,8967937374055;5854,029896657285;0,03349650281773834;0,03768356566995563
110,33333333333333;1036,4695231896337;1033,3517292856964;78,02517938420124;1108,7523026413974;1032,6345393362992;95,97392057382308;1158,2827915595487;1008,3565484251417;704,8553876489166;5839,2023976370065;0,033473092132740155;0,03765722864933267
110,41666666666667;1036,5825183656202;1033,4679318339406;77,94484759843385;1107,902157234761;1032,751500131484;95,87459633336266;1157,3895642688274;1008,5503711171002;702,8243691123009;5824,445516627453;0,03344969997370322;0,03763091247041612
110,5;1036,6954283907498;1033,5840433477456;77,86466329199015;1107,053335088395;1032,8683684450123;95,77545585340772;1156,4977406801986;1008,7436976979053;700,8036812130001;5809,758917270886;0,033426326310997546;0,03760461709987224
110,58333333333333;1036,8082533932622;1033,7000639708865;77,78462607510619;1106,205833078676;1032,985144424675;95,67649864343934;1155,607317437351;1008,9365305496476;698,7932673211134;5795,1422643797605;0,033402971115065024;0,037578342504448144
110,66666666666667;1036,9209935011072;1033,8159938467957;77,70473555939361;1105,3596480932415;1033,1018282179052;95,57772421468371;1154,7182911953732;1009,1288720428262;696,7930710903659;5780,595223939114;0,033379634356418955;0,03755208865097132
110,75;1037,0336488419457;1033,9318331185632;77,62499135778853;1104,5147770288374;1033,2184199717794;95,47913208004957;1153,8306586199792;1009,3207245363918;694,8030364570258;5766,117463107074;0,033356316005644114;0,037525855506349626
110,83333333333333;1037,1462195431513;1034,0475819289381;77,54539308456287;1103,67121679225;1033,3349198330184;95,38072175415664;1152,9444163875582;1009,5120903777903;692,8231076388471;5751,708650215432;0,03333301603339633;0,03749964303757086
110,91666666666667;1037,2587057318103;1034,16324042033;77,46594035533008;1102,828964300188;1033,451327947989;95,28249275332428;1152,0595611853398;1009,7029719030054;690,8532291340265;5737,368454771333;0,03330973441040219;0,03747345121170246
111,0;1037,3711075347237;1034,27880873481;77,38663278700528;1101,988016478741;1033,5676444627047;95,18444459553166;1151,1760897108989;1009,8933714366024;688,8933457201233;5723,096547457483;0,033286471107459054;0,03744727999589144
111,08333333333333;1037,4834250784065;1034,3942870141104;77,30746999784515;1101,1483702643868;1033,6838695228269;95,08657680047463;1150,2939986728973;1010,083291291771;686,9434024530335;5708,892600133517;0,03326322609543463;0,037421129357363955
111,16666666666667;1037,59565848909;1034,5096753996283;77,22845160740235;1100,3100226025765;1033,800003273666;94,98888888949182;1149,4132847903093;1010,272733770369;685,003344665887;5694,756285835938;0,03323999934526678;0,03739499926342513
111,25;1037,7078078927218;1034,6249740324245;77,14957723654265;1099,4729704489173;1033,9160458601832;94,89138038559872;1148,533944792571;1010,4617011629646;683,0731179680271;5680,6872787793645;0,03321679082796336;0,03736888968145878
111,33333333333333;1037,8198734149667;1034,7401830532256;77,07084650743354;1098,637210768222;1034,0319974269905;94,79405081346499;1147,6559754196446;1010,6501957488806;681,1526682439307;5666,685254356835;0,03319360051460189;0,03734280057892713
111,41666666666667;1037,9318551812082;1034,855302602425;76,99225904352716;1097,8027405351497;1034,147858118353;94,69689969940305;1146,7793734221677;1010,8382197962369;679,2419416521511;5652,749889140245;0,03317042837632939;0,037316731923370566
111,5;1038,0437533165486;1034,9703328200833;76,91381446958303;1096,9695567338747;1034,263628078189;94,59992657137946;1145,9041355610416;1011,0257755619936;677,340884624283;5638,880860880848;0,033147274384362206;0,03729068368240748
111,58333333333333;1038,15556794581;1035,0852738459305;76,835512411634;1096,1376563580495;1034,3793074500718;94,50313095899219;1145,030258607364;1011,2128652919944;675,4494438638773;5625,077848509772;0,03312413850998564;0,037264655823733846
111,66666666666667;1038,2672991935353;1035,200125819366;76,75735249698619;1095,3070364103578;1034,4948963772304;94,40651239345357;1144,1577393425134;1011,3994912210096;673,567566345389;5611,3405321376285;0,033101020724553926;0,03723864831512317
111,75;1038,3789471839896;1035,3148888794597;76,67933435423606;1094,4776939036003;1034,6103950025508;94,31007040762438;1143,2865745586585;1011,5856555727792;671,6951993131431;5597,668593055636;0,033077920999489835;0,03721266112442606
111,83333333333333;1038,4905120411595;1035,4295631649543;76,6014576132477;1093,6496258599393;1034,7258034685776;94,21380453596839;1142,4167610578847;1011,7713605600557;669,8322902802602;5584,061713735357;0,03305483930628447;0,037186694219570035
111,91666666666667;1038,6019938887555;1035,5441488142649;76,52372190513006;1092,8228293099671;1034,841121917514;94,11771431454667;1141,5482956522615;1011,9566083846472;667,9787870275959;5570,51957782845;0,03303177561649718;0,037160747568559326
112,0;1038,7133928502117;1035,6586459654807;76,44612686226537;1091,9973012945873;1034,956350491224;94,02179928103465;1140,6811751640716;1012,1414012374606;666,1346376027069;5557,041870167242;0,03300872990175521;0,03713482113947461
112,08333333333333;1038,8247090486875;1035,7730547563658;76,36867211827507;1091,1730388634637;1035,0714893312324;93,92605897469366;1139,815396426257;1012,3257412985442;664,2997903187762;5543,628276764483;0,032985702133753514;0,0371089149004727
112,16666666666667;1038,9359426070678;1035,8873753243602;76,2913573080425;1090,350039075505;1035,186538578727;93,83049293637669;1138,9509562811163;1012,509630737131;662,4741937535816;5530,278484813125;0,03296269228425458;0,0370830288197864
112,25;1039,047093647964;1036,0016078065812;76,21418206769022;1089,5282989990194;1035,3014983745593;93,73510070851694;1138,0878515814427;1012,6930717116811;660,6577967484185;5516,992182686229;0,03293970032508814;0,03705716286572416
112,33333333333333;1039,1581622937147;1036,1157523398242;76,13714603456856;1088,7078157114247;1035,4163688592446;93,63988183511651;1137,226079189567;1012,8760663699248;658,8505484070708;5503,7690599368625;0,03291672622815108;0,037031317006669964
112,41666666666667;1039,269148666387;1036,2298090605636;76,06024884726139;1087,8885862991506;1035,5311501729648;93,54483586175206;1136,3656359785948;1013,0586168489056;657,0523980947456;5490,608807297932;0,03289376996540705;0,03700549121108292
112,5;1039,3800528877766;1036,343778104954;75,98349014558607;1087,0706078577941;1035,645842455568;93,44996233555776;1135,506518830527;1013,2407252750222;655,2632954370381;5477,511116681305;0,03287083150888639;0,03697968544749718
112,58333333333333;1039,4908750794093;1036,457659608831;75,90686957056505;1086,253877491868;1035,760445846571;93,3552608052139;1134,648724637892;1013,4223937640724;653,4831903188604;5464,475681177803;0,032847910830685806;0,03695389968452153
112,66666666666667;1039,6016153625412;1036,5714537077117;75,83038676445994;1085,4383923151488;1035,8749604851585;93,26073082095832;1133,7922503031186;1013,6036244212945;651,7120328834238;5451,502195057178;0,03282500790296831;0,03692813389083935
112,75;1039,7122738581595;1036,6851605367976;75,75404137073747;1084,6241494503865;1035,9893865101856;93,16637193456927;1132,9370927378448;1013,7844193414109;649,9497735311678;5438,590353766548;0,032802122697962885;0,03690238803520825
112,83333333333333;1039,822850686984;1036,7987802309733;75,67783303404667;1083,8111460288783;1036,1037240601786;93,07218369934844;1132,083248863988;1013,9647806086699;648,1963629187163;5425,73985393078;0,03277925518796428;0,036876662086459816
112,91666666666667;1039,9333459694672;1036,912312924809;75,6017614002701;1082,9993791914378;1036,217973273336;92,97816567013797;1131,230715613054;1014,144710296889;646,451751957855;5412,950393351548;0,03275640534533281;0,036850956013499414
113,0;1040,0437598257952;1037,0257587525605;75,52582611645562;1082,1888460870184;1036,3321342875288;92,88431740328065;1130,3794899260538;1014,3242104694966;644,7158918144538;5400,221671006364;0,03273357314249424;0,03682526978530602
113,08333333333333;1040,1540923758887;1037,139117848171;75,4500268308675;1081,3795438740121;1036,4462072403026;92,79063845665974;1129,5295687536193;1014,5032831795751;642,9887339074639;5387,553387048438;0,03271075855193949;0,036799603370931924
113,16666666666667;1040,264343739404;1037,2523903452718;75,37436319294102;1080,5714697195133;1036,5601922688784;92,69712838965347;1128,6809490564806;1014,6819304699026;641,2702299078404;5374,9452428054765;0,032687961546224324;0,03677395673950236
113,25;1040,3745140357328;1037,3655763771828;75,29883485330515;1079,764620799415;1036,674089510153;92,60378676314076;1127,8336278044621;1014,8601543729957;639,5603317375361;5362,39694077916;0,03266518209796941;0,03674832986021558
113,33333333333333;1040,4846033840042;1037,4786760769146;75,22344146374849;1078,9589942980028;1036,7878991007008;92,51061313949549;1126,9876019768437;1015,0379569111517;637,8589915684273;5349,908184643763;0,03264242017985985;0,03672272270234232
113,41666666666667;1040,5946119030846;1037,591689577168;75,14818267724195;1078,1545874085161;1036,9016211767741;92,41760708258653;1126,142868562691;1015,2153400964906;636,1661618213134;5337,478679245859;0,032619675764645174;0,03669713523522582
113,5;1040,7045397115787;1037,704617010336;75,07305814791607;1077,3513973330125;1037,015255874305;92,32476815776067;1125,2994245604436;1015,3923059309974;634,481795164848;5325,108130602985;0,032596948825139;0,03667156742828137
113,58333333333333;1040,8143869278308;1037,8174585085048;74,99806753106668;1076,5494212819226;1037,1288033289056;92,23209593184265;1124,4572669776837;1015,5688564065639;632,8058445145331;5312,79624590256;0,03257423933421887;0,03664601925099623
113,66666666666667;1040,9241536699246;1037,9302142034542;74,9232104831492;1075,7486564743986;1037,2422636758695;92,13958997312943;1123,6163928317465;1015,7449935050312;631,1382630316729;5300,5427335012;0,032551547264826106;0,036620490672929364
113,75;1041,0338400556843;1038,0428842266585;74,84848666176163;1074,9491001383526;1037,3556370501726;92,04724985137887;1122,7767991493076;1015,920719198231;629,4790041223365;5288,3473029231445;0,03252887258996548;0,03659498166371116
113,83333333333333;1041,1434462026764;1038,1554687092882;74,77389572564448;1074,1507495095075;1037,468923586474;91,95507513779262;1121,9384829656422;1016,0960354480283;627,828021436332;5276,209664859203;0,03250621528270522;0,03656949219304337
113,91666666666667;1041,252972228209;1038,26796778221;74,69943733470359;1073,3536018329864;1037,5821234191171;91,86306540506166;1121,1014413261735;1016,2709442063622;626,1852688662032;5264,129531165949;0,03248357531617658;0,03654402223069864
114,0;1041,3624182493331;1038,3803815759888;74,62511114997596;1072,5576543619939;1037,6952366821313;91,77122022729804;1120,2656712852042;1016,4454474152885;624,5507005461718;5252,1066148639175;0,032460952663573746;0,036518571746520456
114,08333333333333;1041,4717843828435;1038,4927102208876;74,55091683360706;1071,7629043581073;1037,8082635092317;91,67953918004628;1119,431169906279;1016,6195470070213;622,9242708511151;5240,140630136668;0,03243834729815367;0,036493140710422874
114,16666666666667;1041,5810707452792;1038,604953846869;74,47685404889626;1070,969349091451;1037,9212040338207;91,58802184029469;1118,5979342617227;1016,7932449039739;621,3059343955535;5228,2312923292775;0,03241575919323586;0,03646772909239034
114,25;1041,6902774529249;1038,7171125835962;74,40292246025706;1070,1769858405225;1038,0340583889893;91,49666778646406;1117,7659614333827;1016,9665430188012;619,6956460326334;5216,378317946892;0,03239318832220215;0,036442336862477415
114,33333333333333;1041,7994046218103;1038,8291865604335;74,32912173321711;1069,385811891765;1038,1468267075177;91,40547659839058;1116,9352485122163;1017,1394432544405;618,0933608530921;5204,5814246535965;0,03237063465849647;0,03641696399080852
114,41666666666667;1041,908452367713;1038,9411759064478;74,25545153441817;1068,5958245404402;1038,2595091218761;91,31444785731446;1116,105792597846;1017,3119475041533;616,499034184244;5192,840331270509;0,03234809817562477;0,03639161044757787
114,5;1042,0174208061571;1039,0530807504088;74,18191153162752;1067,8070210899891;1038,3721057642265;91,22358114591975;1115,2775907994985;1017,4840576515666;614,9126215889908;5181,154757774939;0,0323255788471547;0,03636627620304904
114,58333333333333;1042,1263100524152;1039,1649012207904;74,1085013937095;1067,0193988519925;1038,4846167664227;91,1328760482661;1114,4506402346876;1017,6557755707138;613,3340788647644;5169,524425297941;0,03230307664671545;0,03634096122755488
114,66666666666667;1042,2351202215089;1039,276637445772;74,03522079061986;1066,2329551462487;1038,597042260012;91,0423321498115;1113,6249380303661;1017,8271031260763;611,7633620425352;5157,949056123507;0,03228059154799762;0,03631566549149732
114,75;1042,3438514282084;1039,3882895532383;73,96206939342278;1065,4476873006768;1038,709382376235;90,95194903742367;1112,800481322251;1017,9980421726242;610,2004273858142;5146,428373686486;0,032258123524753005;0,03629038896534712
114,83333333333333;1042,4525037870353;1039,4998576707812;73,88904687425111;1064,6635926514714;1038,8216372460283;90,86172629933458;1111,97726725484;1018,1685945558577;608,6452313896046;5134,962102571108;0,032235672550794334;0,03626513161964362
114,91666666666667;1042,5610774122624;1039,6113419257003;73,81615290635182;1063,8806685427742;1038,9338070000244;90,77166352517452;1111,155292981395;1018,3387621118475;607,0977307794408;5123,549968509192;0,032213238599995114;0,0362398934249945
115,0;1042,669572417913;1039,7227424450036;73,74338716405191;1063,0989123271374;1039,0458917685526;90,68176030594941;1110,3345556643706;1018,508546667276;605,5578825103737;5112,191698378588;0,03219082164628949;0,03621467435207567
115,08333333333333;1042,7779889177637;1039,8340593554092;73,67074932273567;1062,3183213648276;1039,1578916816397;90,59201623401236;1109,5150524745236;1018,6779500394782;604,0256437659252;5100,88702020097;0,03216842166367205;0,03618947437163106
115,16666666666667;1042,8863270253448;1039,9452927833447;73,59823905886174;1061,53889302396;1039,2698068690124;90,50243090309777;1108,696780591376;1018,846974036482;602,5009719571358;5089,635663140437;0,03214603862619751;0,0361642934544722
115,25;1042,9945868539396;1040,0564428549499;73,52585605000286;1060,760624681411;1039,3816374600963;90,41300390830997;1107,879737203625;1019,015620457049;600,9838247215697;5078,437357501769;0,03212367250798075;0,03613913157147834
115,33333333333333;1043,1027685165864;1040,1675096960764;73,45359997474361;1059,9835137214404;1039,4933835840181;90,32373484608343;1107,0639195083365;1019,1838910907148;599,4741599222664;5067,291834727966;0,03210132328319637;0,036113988693595916
115,41666666666667;1043,2108721260788;1040,278493432289;73,38147051274859;1059,2075575363324;1039,6050453696064;90,23462331420546;1106,2493247110285;1019,35178771783;597,9719356467882;5056,198827398859;0,03207899092607872;0,036088864791838565
115,5;1043,3188977949662;1040,3893941888662;73,30946734474537;1058,4327535261425;1039,7166229453921;90,14566891181062;1105,435950025949;1019,5193121095998;596,4771102062201;5045,158069228704;0,03205667541092157;0,03606375983728677
115,58333333333333;1043,4268456355553;1040,5002120908016;73,23759015250175;1057,6590990991833;1039,8281164396099;90,05687123935218;1104,6237926758313;1019,6864660281245;594,9896421341606;5034,169295064582;0,032034376712078025;0,03603867380108778
115,66666666666667;1043,53471575991;1040,6109472628045;73,16583861884283;1056,8865916711313;1039,9395259801984;89,96822989863631;1103,812849892073;1019,85325122644;593,5094901857696;5023,232240884356;0,03201209480396033;0,03601360665445537
115,75;1043,6425082798514;1040,7215998293007;73,09421242763392;1056,1152286659592;1040,050851694802;89,87974449278795;1103,0031189148033;1020,0196694485572;592,036613336748;5012,346643794363;0,03198982966103958;0,03598855836866953
115,83333333333333;1043,7502233069613;1040,8321699144333;73,02271126376922;1055,345007515062;1040,1620937107716;89,79141462623375;1102,1945969918945;1020,1857224295027;590,5709707823547;5001,512242027389;0,03196758125784568;0,035963528915076384
115,91666666666667;1043,8578609525794;1040,942657642064;72,95133481320022;1054,5759256577614;1040,273252155165;89,70323990474185;1101,3872813805426;1020,3514118953581;589,1125219364653;4990,728774940889;0,031945349568967;0,03593851826508788
116,0;1043,9654213278063;1041,0530631357733;72,88008276288451;1053,8079805408995;1040,384327154748;89,61521993535939;1100,5811693454727;1020,5167395633;587,6612264305322;4979,995983014288;0,031923134569050396;0,035913526390181694
116,08333333333333;1044,0729045435037;1041,163386518862;72,80895480082563;1053,0411696192261;1040,4953188359955;89,52735432645795;1099,7762581603058;1020,6817071416398;586,217044112658;4969,313607847371;0,03190093623280091;0,03588855326190102
116,16666666666667;1044,1803107102942;1041,2736279143514;72,7379506160446;1052,2754903553007;1040,6062273250923;89,43964268770515;1098,9725451070476;1020,8463163298632;584,7799350465976;4958,681392157516;0,03187875453498155;0,035863598851854236
116,25;1044,2876399385632;1041,3837874449853;72,66706989856857;1051,5109402188937;1040,717052747934;89,35208463004756;1098,1700274756613;1021,0105688186695;583,3498595107756;4948,099079777971;0,031856589450413184;0,03583866313171483
116,33333333333333;1044,394892338459;1041,493865233229;72,59631233944788;1050,7475166876818;1040,8277952301282;89,2646797657278;1097,3687025646766;1021,1744662900117;581,9267779973416;4937,566415655189;0,031834440953974356;0,035813746073221145
116,41666666666667;1044,5020680198934;1041,6038614012718;72,52567763075035;1049,9852172465917;1040,9384548969945;89,17742770826749;1096,568567680382;1021,3380104171347;580,510651211182;4927,083145846894;0,03181230902060111;0,03578884764817624
116,5;1044,6091670925425;1041,7137760710273;72,45516546553858;1049,2240393887469;1041,0490318735663;89,09032807247286;1095,7696201381436;1021,5012028646155;579,1014400689676;4916,649017519431;0,03179019362528675;0,03576396782844759
116,58333333333333;1044,7161896658474;1041,8236093641337;72,3847755378813;1048,4639806143264;1041,1595262845913;89,00338047440641;1094,971857260642;1021,6640452884019;577,6991056981757;4906,263778945746;0,031768094743081746;0,03573910658596696
116,66666666666667;1044,8231358490152;1041,9333614019558;72,31450754284197;1047,7050384306804;1041,2699382545322;88,91658453140394;1094,1752763788436;1021,8265393358515;576,3036094361382;4895,927179502497;0,03174601234909355;0,03571426389273025
116,75;1044,9300057510186;1042,0430323055843;72,24436117648452;1046,9472103534151;1041,3802679075684;88,82993986207453;1093,3798748325949;1021,9886866457708;574,9149128290924;4885,638969668374;0,03172394641848632;0,035689439720797106
116,83333333333333;1045,036799480598;1042,1526221958381;72,17433613585627;1046,190493904862;1041,4905153675954;88,74344608625506;1092,5856499685624;1022,1504888484537;573,5329776311943;4875,398901021055;0,03170189692648091;0,035664634042291025
116,91666666666667;1045,1435171462608;1042,2621311932644;72,1044321189936;1045,4348866153375;1041,6006807582273;88,65710282506143;1091,7925991425884;1022,3119475657206;572,157765803604;4865,206726235043;0,031679863848354535;0,03563984682939885
117,0;1045,2501588562834;1042,3715594181392;72,03464882491062;1044,6803860219227;1041,7107642027963;88,57090970083732;1091,0007197179457;1022,4730644109567;570,7892395135048;4855,062199079282;0,031657847159440734;0,03561507805437082
117,08333333333333;1045,356724718711;1042,4809069904688;71,96498595360481;1043,9269896696635;1041,8207658243546;88,48486633717698;1090,210009065863;1022,6338409891506;569,4273611331681;4844,965074414213;0,031635846835129086;0,035590327689520224
117,16666666666667;1045,4632148413575;1042,5901740299903;71,89544320605137;1043,1746951106416;1041,9306857456747;88,39897235890817;1089,420464566021;1022,7942788969328;568,0720932390074;4834,915108190011;0,03161386285086505;0,03556559570722318
117,25;1045,5696293318083;1042,6993606561723;71,82602028418046;1042,4234999042064;1042,0405240892503;88,3132273920694;1088,6320836055133;1022,954379722614;566,7233986106169;4824,912057443263;0,031591895182149936;0,03554088207991868
117,33333333333333;1045,6759682974193;1042,8084669882162;71,75671689089995;1041,673401616821;1042,1502809772971;88,22763106394973;1087,8448635793081;1023,1141450462233;565,381240229857;4814,955680294688;0,03156994380454057;0,03551618678010814
117,41666666666667;1045,782231845318;1042,9174931450561;71,68753273007837;1040,9243978226998;1042,259956531754;88,1421830030547;1087,0588018906437;1023,2735764395458;564,0455812799019;4805,045735946753;0,03154800869364922;0,03549150978035537
117,5;1045,8884200824036;1043,0264392453607;71,6184675065449;1040,176486102628;1042,3695508742835;88,05688283910058;1086,2738959503033;1023,4326754661615;562,7163851443044;4795,181984680952;0,0315260898251433;0,03546685105328621
117,58333333333333;1045,9945331153492;1043,1353054075332;71,54952092607232;1039,429664045337;1042,479064126273;87,97173020300306;1085,4901431769613;1023,5914436814826;561,3936154060525;4785,364187855014;0,0315041871747454;0,03544221057158858
117,66666666666667;1046,1005710506008;1043,2440917497127;71,48069269539974;1038,683929245838;1042,5884964088352;87,88672472690564;1084,7075409970346;1023,7498826327912;560,0772358466656;4775,592107900347;0,03148230071823296;0,035417588308012074
117,75;1046,2065339943783;1043,3527983897743;71,4119825222042;1037,9392793070297;1042,697847842809;87,80186604413984;1083,9260868448976;1023,9079938592776;558,7672104452395;4765,865508319455;0,03146043043143818;0,03539298423536795
117,83333333333333;1046,312422052677;1043,4614254453309;71,34339011510065;1037,1957118384591;1042,807118548761;87,7171537892309;1083,1457781622382;1024,0657788920767;557,4635033775195;4756,184153683041;0,03143857629024778;0,03536839832652876
117,91666666666667;1046,4182353312674;1043,5699730337326;71,27491518365332;1036,453224456941;1042,9163086469853;87,63258759789778;1082,366612398653;1024,2232392543067;556,1660790150086;4746,547809627497;0,03141673827060294;0,035343830554428315
118,0;1046,5239739356957;1043,6784412720692;71,20655743837006;1035,7118147864608;1043,0254182575047;87,54816710705313;1081,5885870114146;1024,380376461106;554,8749019240176;4736,956242852162;0,03139491634849906;0,03531928089206143
118,08333333333333;1046,6296379712855;1043,7868302771694;71,1383165906625;1034,9714804577493;1043,1344475000722;87,46389195477491;1080,8116994655713;1024,5371920196699;553,5899368647449;4727,409221116385;0,03137311049998557;0,03529474931248376
118,16666666666667;1046,7352275431372;1043,8951401656027;71,07019235290295;1034,2322191085334;1043,2433964941706;87,37976178033477;1080,0359472332395;1024,6936874292887;552,3111487903918;4717,906513236776;0,03135132070116588;0,03527023578881161
118,25;1046,8407427561294;1044,0033710536793;71,00218443836184;1033,494028384021;1043,3522653590146;87,295776224164;1079,2613277947062;1024,8498641813837;551,038502846211;4708,447889084864;0,031329546928197075;0,035245740294221714
118,33333333333333;1046,946183714919;1044,1115230574517;70,93429256125319;1032,7569059358163;1043,4610542135504;87,21193492787052;1078,4878386375067;1025,0057237595452;549,7719643686423;4699,033119583657;0,03130778915728993;0,03522126280195116
118,41666666666667;1047,0515505239425;1044,2195962927146;70,86651643668347;1032,020849422539;1043,5697631764576;87,12823753421617;1077,715477256722;1025,161267639568;548,5114988843463;4689,661976705037;0,031286047364708476;0,035196803285297035
118,5;1047,156843287416;1044,3275908750068;70,79885578069707;1031,28585650998;1043,6783923661492;87,04468368712241;1076,9442411548953;1025,3164972894895;547,2570721093632;4680,3342334672925;0,03126432152677017;0,03517236171761643
118,58333333333333;1047,2620621093358;1044,4355069196104;70,73131031023081;1030,5519248705782;1043,7869419007727;86,96127303167032;1076,1741278420984;1025,471414169625;546,0086499481633;4671,049663931797;0,031242611619845456;0,035147938072326135
118,66666666666667;1047,3672070934801;1044,543344541553;70,6638797431367;1029,8190521834006;1043,895411898211;86,8780052140778;1075,4051348357345;1025,6260197326048;544,766198492772;4661,808043200006;0,031220917620357794;0,035123532322902516
118,75;1047,4722783434077;1044,6511038556082;70,59656379817625;1029,0872361352276;1044,003802476083;86,7948798817281;1074,6372596607519;1025,780315423411;543,5296840218825;4652,609147411594;0,03119923950478342;0,03509914444288134
118,83333333333333;1047,5772759624606;1044,7587849762954;70,52936219498633;1028,35647441848;1044,1121137517446;86,71189668311854;1073,8704998494618;1025,9343026794127;542,2990729999185;4643,452753740112;0,031177577249651086;0,03507477440585747
118,91666666666667;1047,682200053763;1044,8663880178815;70,4622746541304;1027,6267647331565;1044,2203458422894;86,62905526790041;1073,1048529413922;1026,0879829304026;541,0743320761981;4634,338640391038;0,03115593083154213;0,03505042218548489
119,0;1047,7870507202226;1044,9739130943815;70,3953008970359;1026,8981047854775;1044,3284988645491;86,54635528683912;1072,3403164832037;1026,2413575986336;539,8554280840074;4625,266586598632;0,03113430022709017;0,03502608775547644
119,08333333333333;1047,891828064532;1045,0813603195588;70,32844064602841;1026,1704922888914;1044,4365729350955;86,46379639183692;1071,576888029267;1026,3944280988537;538,6423280397253;4616,2363726229905;0,031112685412980907;0,03500177108960352
119,16666666666667;1047,996532189168;1045,1887298069266;70,26169362433166;1025,443924963147;1044,5445681702395;86,38137823591592;1070,8145651412667;1026,5471958383423;537,4349991419592;4607,2477797469055;0,031091086365952106;0,03497747216169612
119,25;1048,1011631963925;1045,296021669748;70,19505955603336;1024,718400534795;1044,6524846860334;86,29910047321232;1070,0533453873459;1026,6996622169459;536,2334087706415;4598,300590272928;0,031069503062793317;0,03495319094564248
119,33333333333333;1048,2057211882536;1045,4032360210367;70,12853816611369;1023,9939167371499;1044,760322598271;86,21696275897648;1069,2932263439338;1026,8518286271135;535,0375244861652;4589,394587520954;0,031047935480345814;0,03492892741538904
119,41666666666667;1048,310206266586;1045,510372973559;70,06212918042252;1023,270471309981;1044,8680820224881;86,13496474956719;1068,5342055938188;1027,003696453932;533,8473140285032;4580,529555824194;0,031026383595502374;0,03490468154494017
119,5;1048,414618533011;1045,617432639833;69,99583232567375;1022,5480619998791;1044,9757630739643;86,05310610244601;1067,776280727202;1027,1552670751616;532,6627453163496;4571,705280527066;0,031004847385207132;0,034880453308358025
119,58333333333333;1048,5189580889382;1045,7244151321297;69,92964732945097;1021,8266865596759;1045,0833658677225;85,97138647616589;1067,0194493416818;1027,3065418612714;531,4837864462334;4562,92154798172;0,030983326826455507;0,03485624267976244
119,66666666666667;1048,6232250355654;1045,8313205624745;69,86357392021318;1021,1063427488122;1045,1908905185305;85,88980553039391;1066,2637090413969;1027,4575221754737;530,3104056916709;4554,17814554512;0,030961821896293894;0,03483204963333063
119,75;1048,7274194738789;1045,938149042647;69,79761182727202;1020,3870283335895;1045,2983371409018;85,8083629258715;1065,5090574380636;1027,6082093737598;529,142571502291;4545,474861576015;0,030940332571819634;0,034807874143297085
119,83333333333333;1048,8315415046548;1046,0449006841823;69,73176078079746;1019,6687410867634;1045,4057058490957;85,7270583244258;1064,7554921503177;1027,7586048049338;527,9802525029766;4536,811485431842;0,030918858830180855;0,034783716183953456
119,91666666666667;1048,9355912284589;1046,1515755983712;69,66602051181212;1018,9514787868457;1045,5129967571186;85,64589138897531;1064,003010803565;1027,9087098106488;526,8234174930228;4528,187807465522;0,03089740064857629;0,03475957572964832
120,0;1049,039568745648;1046,2581738962617;69,60039075219129;1018,2352392199068;1045,6202099787247;85,56486178350724;1063,2516110306096;1028,0585257254402;525,6720354452511;4519,603619022848;0,030875958004255064;0,03473545275478694
