time_min;T_gas_C;T_deck_C;qconv_deck_W_m2;qrad_deck_W_m2;T_hanger_C;qconv_hanger_W_m2;qrad_hanger_W_m2;T_cable_C;qconv_cable_W_m2;qrad_cable_W_m2
0,0;20,0;20,0;0,0;0,0;20,0;0,0;0,0;20,0;0,0;0,0
0,08333333333333333;96,53781861764293;20,0;0,0;0,0;20,0;0,0;0,0;20,0;0,0;0,0
0,16666666666666666;146,95199092663503;20,342033877862573;1913,445465441073;448,260027537207;20,276884567793513;1626,4286456249122;381,021023406626;20,062187977793194;1148,067279264644;268,9560165223242
0,25;184,60683287828354;20,936510968897085;3165,248926219311;941,8072419282438;20,758399813067783;2691,8460101253822;800,7583550271089;20,170537105855022;1903,3470442326275;565,7573337743256
0,3333333333333333;214,67364350130407;21,73729802402696;4091,758047734661;1445,906293536038;21,40744652373886;3481,779202635835;1229,6311657382535;20,316899024430178;2466,5444365864278;869,3924622391409
0,4166666666666667;239,70362366757516;22,715194556685667;4823,4086369319275;1947,6710503475529;22,200615042834883;4106,9066857732605;1656,6599774859183;20,496188612356846;2915,3511671531087;1172,0474022517244
0,5;261,1446514959265;23,849524388850995;5424,710727772237;2441,7440179398936;23,121381447782873;4621,938933275731;2077,2762797878295;20,704858419181896;3288,1115258282744;1470,4598371685454
0,5833333333333334;279,89804499722095;25,124581600524458;5932,378177676887;2925,8536456136485;24,157231905908212;5057,994488523052;2489,5405266463586;20,9402540847312;3606,596896151169;1763,236489241801
0,6666666666666666;296,5631594504424;26,527851673470135;6369,336584917412;3399,132863851238;25,29822342994616;5434,492278190395;2892,7104609446383;21,20029179689575;3884,3668636873467;2049,8370093561584
0,75;311,5588238049186;28,04901466928468;6750,8826944243065;3861,394335962806;26,536177418980774;5764,379890435545;3286,623852721619;21,483277587082156;4130,443014803201;2330,135490702544
0,8333333333333334;325,189270547786;29,67933930224561;7087,745228390847;4312,788902374453;27,864189515634372;6056,731235701178;3671,4074860650726;21,787797520355774;4351,133193267546;2604,213488323143
0,9166666666666666;337,6824701135694;31,411291222460076;7387,748281138511;4753,634224029642;29,276312829534103;6318,157971933222;4047,331084233327;22,112646742972025;4551,022095411454;2872,2559563602263
1,0;349,2136657565671;33,238267223793024;7656,7794722777335;5184,325045513875;30,767343097097275;6553,63084228575;4414,730759824412;22,456781381636866;4733,547350558962;3134,4965964558146
1,0833333333333333;359,9204763968563;35,154407697184766;7899,384963319352;5605,284941641911;32,33266719860618;6766,984356513733;4773,967813552583;22,819284650824066;4901,353265623953;3391,1883556013054
1,1666666666666667;369,91295149454055;37,15445993742534;8119,151717491789;6016,940103632164;33,96815286577348;6961,240945462815;5125,406321429924;23,19934220173308;5056,5178761904845;3642,587309590454
1,25;379,2804763795877;39,23367575300226;8318,962288927882;6419,705231108101;35,67006618354682;7138,8269708613;5469,401047650365;23,5962237112135;5200,704139392112;3888,9439155878927
1,3333333333333333;388,0966424225615;41,3877329512033;8501,170015664635;6813,976233434543;37,43500844303168;7301,721216665869;5806,29116961182;24,00926881840619;5335,263790025613;4130,498421812271
1,4166666666666667;396,42276192482973;43,61267389158833;8667,722736783955;7200,126817694689;39,259866831944834;7451,559722065009;6136,397323471623;24,437876172959946;5461,31060406233;4367,478659142809
1,5;404,31045654585864;45,9048565279446;8820,252200831035;7578,507305757394;41,14177525101798;7589,711520723805;6460,020556515807;24,88149476225234;5579,773286278047;4600,099205977037
1,5833333333333333;411,8035976900252;48,26091477541768;8960,140000447851;7949,444720241427;43,07808269125371;7717,334477515365;6777,442366928823;25,33961694181488;5691,434426754095;4828,561340667116
1,6666666666666667;418,9397842966738;50,67772596731762;9088,567072865188;8313,24357452779;45,06632735806512;7835,417193723893;7088,925348584903;25,81177276141042;5796,959711223155;5053,05343599472
1,75;425,75148437421007;53,15238378954844;9206,551458233906;8670,187031386506;47,10421523326041;7944,810959945435;7394,7141541378;26,29752529233841;5896,920173028951;5273,751589716248
1,8333333333333333;432,2669281095389;55,68217550912617;9314,977514616541;9020,53823046906;49,18960211306755;8046,25446924518;7695,036605458031;26,796466739368363;5991,809386228075;5490,820367917399
1,9166666666666667;438,5108147315537;58,264562613769485;9414,618815010319;9364,54166637933;51,320478404062676;8140,393177425017;7990,104850013317;27,30821517534262;6082,056920552558;5704,413587687299
2,0;444,50487787550446;60,89716419412774;9506,156302944604;9702,424548485178;53,49495613298528;8227,794646959184;8280,116504033926;27,832411775560857;6168,038993343166;5914,675095921434
2,0833333333333335;450,26834213398865;63,57774255593032;9590,192842034417;10034,398103854648;55,71125775289019;8308,960837028533;8565,255749146807;28,368718457461497;6250,0869914991545;6121,739519646877
2,1666666666666665;455,81829499723057;66,30419066401294;9667,264989451458;10360,65880320841;57,96770642130821;8384,338043098342;8845,694365005957;28,916815852073803;6328,494355147907;6325,732974696631
2,25;461,169992328726;69,07452110575244;9737,85260833044;10681,389501068856;60,26271749573117;8454,32500723835;9121,592690124615;29,476401549391703;6403,522187177352;6526,77372657629
2,3333333333333335;466,33711113825626;71,886856326087;9802,386780574338;10996,760488089758;62,59479104440753;8519,27959020114;9393,100508960131;30,047188571694697;6475,403861690014;6724,9728016305335
2,4166666666666665;471,33196020043107;74,73941993568042;9861,25637030423;11306,93045755045;64,9625052107175;8579,524301994285;9660,35786674933;30,628904037937957;6544,348838498424;6920,434549155209
2,5;476,16565668320214;77,63052893190357;9914,813506618766;11612,047390245263;67,36451030052514;8635,350918531414;9923,495815538212;31,22128798937698;6610,5458424373965;7113,25715655495
2,5833333333333335;480,8482751635016;80,55858670200527;9963,378193782464;11912,24936315082;69,79952348619008;8687,024360631887;10182,63709585692;31,82409235209845;6674,165530407377;7303,533120419653
2,6666666666666665;485,3889740535016;83,52207670119441;10007,242211537408;12207,665287727837;72,26632404003514;8734,78597314287;10437,896758915731;32,43708001647298;6735,362742171048;7491,349676741941
2,75;489,7961034260695;86,51955671686666;10046,67243380768;12498,415583777156;74,76374902523474;8778,856312786162;10689,382734268824;33,06002401700122;6794,278410555429;7676,78919358648
2,8333333333333335;494,07729742979745;89,54965364499964;10081,913667730072;12784,612794588427;77,29068938421865;8819,437531017738;10937,196347752239;33,69270679879564;6851,041191136024;7859,929529453716
2,9166666666666665;498,2395538632738;92,61105871664668;10113,191094619946;13066,362148803846;79,84608637445564;8856,71542096855;11181,432794244936;34,334919559178374;6905,768859465027;8040,844360423564
3,0;502,289302991853;95,70252312211086;10140,712378665678;13343,76207403491;82,42892830940436;8890,861184137386;11422,18156948404;34,986461654695226;6958,569514561431;8219,603478960133
3,0833333333333335;506,2324673062227;98,82285398825773;10164,669496743554;13616,90466686045;85,03824756888459;8922,032962002033;11659,526864824444;35,6471400653356;7009,542620057367;8396,273067034268
3,1666666666666665;510,07451361691875;101,97091067089465;10185,240332949124;13885,876123424565;87,673117848431;8950,377169418436;11893,547928490818;36,31676890897451;7058,779908613307;8570,915945992376
3,25;513,8204986348507;105,14560132949099;10202,590073650603;14150,757134459524;90,3326516215755;8976,029660080365;12124,319396540457;36,99516900006837;7106,366170619164;8743,591805378412
3,3333333333333335;517,475108991462;108,34587975595832;10216,87243263399;14411,623248188269;93,01599779264444;8999,116749032097;12351,911596444887;37,68216744748189;7152,379944521735;8914,357412705684
3,4166666666666665;521,0426964931474;111,57074243292595;10228,230730887592;14668,545204219883;95,72233952069601;9019,756112974872;12576,390825911363;38,37759728703064;7196,894123159701;9083,266805980411
3,5;524,5273092751398;114,81922580007121;10236,798851505537;14921,589241238271;98,4508921977714;9038,057585664594;12797,819609302522;39,08129714491904;7239,976488091752;9250,371470599548
3,5833333333333335;527,9327194142114;118,09040370970513;10242,702086876716;15170,817381001198;101,2009015667829;9054,12386289408;13016,256933774213;39,79311092875547;7281,690181953311;9415,720502082777
3,6666666666666665;531,2624474724937;121,38338505505759;10246,057892612658;15416,287690910822;103,97164196618178;9068,051129257856;13231,758467036352;40,512887543252575;7322,094127281839;9579,36075595099
3,75;534,519784372824;124,69731155662217;10246,976560435902;15658,054527187027;106,76241469009688;9079,92961700913;13444,376758448087;41,240480628083795;7361,243398938616;9741,336985930946
3,8333333333333335;537,707810946369;128,031355693565;10245,561820405046;15896,168760468769;109,57254645395834;9089,844105757951;13654,16142498543;41,97574831567717;7399,1895561711035;9901,691971546745
3,9166666666666665;540,829415443571;131,38471876861925;10241,9113813201;16130,677985483864;112,40138795675585;9097,874370463727;13861,159323463855;42,71855300699415;7435,980939460378;10060,466636051735
4,0;543,8873092578712;134,7566290961147;10236,117416873793;16361,626716262956;115,24831253205937;9104,09558409482;14065,414710260009;43,46876116357011;7471,6629365486515;10217,700155559234
4,083333333333333;546,8840410767281;138,14634030385915;10228,267004043912;16589,056568225988;118,11271488077635;9108,578680423501;14266,969389652637;44,22624311429174;7506,278221414515;10373,43006014501
4,166666666666667;549,8220096450009;141,55312974052214;10218,442519321723;16813,00642833717;120,99400987935476;9111,390681663974;14465,862851791786;44,99087287555808;7539,866969436545;10527,692327617828
4,25;552,7034753008451;144,97629698098825;10206,721997611969;17033,512614407242;123,8916314577819;9112,594995019981;14662,132401206984;45,762527983621474;7572,467051541642;10680,521470586651
4,333333333333333;555,5305704231138;148,41516242286906;10193,17945799642;17250,60902451607;126,80503154228957;9112,251681665093;14855,813276676208;46,54108933803495;7604,114209758354;10831,950617391696
4,416666666666667;558,3053089112316;151,86906596799793;10177,885200006118;17464,327277434342;129,7336790581689;9110,417701217515;15046,938763198896;47,32644105524657;7634,842216276182;10982,011587412315
4,5;561,0295948031132;155,33736578329757;10160,906073580842;17674,69684483848;132,67705898853137;9107,147134377583;15235,540296745085;48,118470331481106;7664,683017839775;11130,734961215612
4,583333333333333;563,7052301234963;158,8194371359115;10142,305725495391;17881,745176037195;135,63467148523702;9102,491386059864;15421,647562389839;48,91706731413741;7693,666867074481;11278,150145966281
4,666666666666667;566,3339220437125;162,31467129793927;10122,144824689622;18085,497815859817;138,60603102854998;9096,49937106301;15605,288586385204;49,72212498100717;7721,822442140384;11424,285436478829
4,75;568,9172894241423;165,82247451651622;10100,48126864433;18285,978516295243;141,59066563238525;9089,217684072204;15786,489822670983;50,5335390266893;7749,17695594058;11569,168072258271
4,833333333333333;571,4568688021396;169,34226704533845;10077,370372690651;18483,20934241535;144,58811609228033;9080,690755574837;15965,276234280036;51,351207755634704;7775,756255961795;11712,824290843952
4,916666666666667;573,9541198808918;172,87348223405724;10052,86504392003;18677,210773066436;147,5979352734669;9070,960995084512;16141,671370052452;52,175031981310106;7801,584915697574;11855,279377742594
5,0;576,4104305683087;176,41556567225953;10027,015941170863;18868,001796767778;150,61968743663562;9060,06892290778;16315,6974370361;53,00491493101725;7826,686318493725;11996,557713211456
5,083333333333333;578,827121609496;179,96797438501386;9999,87162240123;19055,60000321523;153,65294759918143;9048,053291548053;16487,37536891763;53,84076215594669;7851,0827345593725;12136,682816129325
5,166666666666667;581,2054508515216;183,53017607720014;9971,478680612054;19240,021670750986;156,69730092989406;9034,951197719185;16656,72489079776;54,68248144608333;7874,79539180324;12275,67738517251
5,25;583,5466171749574;187,10164842405786;9941,881869358036;19421,28185012695;159,75234217521668;9020,798185834587;16823,764580597424;55,529982749614895;7897,844541081575;12413,56333749409
5,333333333333333;585,8517641229552;190,6818784055826;9911,12421877249;19599,394444858866;162,8176751153415;9005,62834374449;16988,511927357053;56,383178096525285;7920,249516380138;12550,361845088279
5,416666666666667;588,1219832553611;194,2703616825797;9879,247142934313;19774,372288439976;165,8929120485407;8989,47439141179;17150,9833866682;57,24198152608197;7942,028790396448;12686,093369005845
5,5;590,3583172524936;197,86660201234477;9846,290539319534;19946,227218658016;168,97767330225201;8972,367763144934;17311,194433457196;58,10630901795147;7963,200025939187;12820,777691573325
5,583333333333333;592,5617627906768;201,47011070208842;9812,292881003723;20114,970149235716;172,07158676954634;8954,338683942635;17469,159612321506;58,97607842669896;7983,780123518132;12954,433946755817
5,666666666666667;594,7332732093793;205,08040609835598;9777,29130221471;20280,61113899371;175,17428746970415;8935,416240449022;17624,89258560294;59,851209419448516;8003,785265459668;13087,080648791994
5,75;596,8737609878225;208,69701311081457;9741,321677775582;20443,159458715196;178,28541713171907;8915,628446968096;17778,406179366502;60,73162341649814;8023,230956848961;13218,735719219636
5,833333333333333;598,9841000471628;212,31946276889042;9704,418696925199;20602,623655873205;181,4046237996296;8895,002306942197;17929,712427439586;61,61724353470065;8042,132063569866;13349,416512400368
5,916666666666667;601,0651278927828;215,94729180983973;9666,615931956809;20759,01161736543;184,531561458657;8873,56387026008;18078,822613653607;62,50799453343609;8060,502847686932;13479,139839644162
6,0;603,1176476098371;219,58004229692693;9627,945902073578;20912,33063038525;187,66588968119675;8851,338286725173;18225,74731241829;63,40380276301498;8078,3570003902005;13607,921992025922
6,083333333333333;605,1424297239511;223,21726126646737;9588,440132822756;21062,58744154411;190,80727329177626;8828,349855983608;18370,49642774815;64,30459611536396;8095,707672702333;13735,778761979713
6,166666666666667;607,1402139378599;226,8585004025653;9548,129211437092;21209,78831434682;193,95538205015023;8804,622074183715;18513,07923085086;65,21030397685671;8112,567504128806;13862,725463749519
6,25;609,111710753788;230,50331573844576;9507,042838382366;21353,939085109178;197,10989035175967;8780,177677613832;18653,50439637801;66,12085718316301;8128,948649415048;13988,776952769464
6,333333333333333;611,057602990467;234,1512673833393;9465,209875383556;21495,045217396237;200,27047694483082;8755,038683543102;18791,780037430584;67,03618797599852;8144,862803559374;14113,947644041291
6,416666666666667;612,9785472029022;237,8019192739329;9422,658390178192;21633,111855048664;203,43682466343645;8729,226428469769;18927,9137394035;67,95622996166584;8160,321225217028;14238,251529571493
6,5;614,8751750122723;241,45483894944886;9379,415698224233;21768,143873855064;206,60862017588437;8702,761603963647;19061,91259274655;68,88091807128578;8175,3347586185455;14361,702194926262
6,583333333333333;616,7480943527047;245,1095973494568;9335,508401570585;21900,14593191909;209,78555374783704;8675,664290273244;19193,7832247125;69,81018852262437;8189,913854114797;14484,312834958155
6,666666666666667;618,5978906410819;248,76576863356235;9290,962425081198;22029,122518761895;212,9673190196026;8647,953987853438;19323,53183015699;70,74397878342829;8204,068587451206;14606,096268754567
6,75;620,4251278755141;252,42293002214925;9245,80305018799;22155,07800319208;216,15361279707;8619,649646956435;19451,164201448828;71,68222753618677;8217,808677864805;14727,064953854393
6,833333333333333;622,2303496676327;256,0806616573821;9200,054946334123;22278,01667996905;219,3441348557919;8590,769695416939;19576,685757544634;72,62487464424413;8231,143505089909;14847,230999776346
6,916666666666667;624,0140802134338;259,73854648370155;9153,742200256265;22397,942815277973;222,53858775774663;8561,332064751616;19700,101572276108;73,57186111919175;8244,08212535083;14966,606180899082
7,0;625,7768252070096;263,3961701470665;9106,888343243305;22514,860691029364;225,73667668033576;8531,354214683352;19821,416401894232;74,52312908947334;8256,63328641363;15085,20194873079
7,083333333333333;627,5190727011509;267,05312091221685;9059,516376498575;22628,774647989907;228,93810925719794;8500,853156191817;19940,63471191009;75,47862177014139;8268,805441763045;15203,029443603218
7,166666666666667;629,241293918488;270,70898959724485;9011,64879472335;22739,689127746366;232,14259543043997;8469,845473184001;20057,760703267846;76,43828343370681;8280,606763965141;15320,099505822705
7,25;630,9439440165397;274,3633695247785;8963,30760803108;22847,6087134999;235,34984731390648;8438,34734287102;20172,798337882326;77,40205938202769;8292,045157271717;15436,422686308963
7,333333333333333;632,6274628097796;278,0158564890883;8914,51436229403;22952,5381696832;238,5595790671263;8406,374554930957;20285,751363569194;78,36989591918578;8303,12826951768;15552,00925674981
7,416666666666667;634,2922754515852;281,66604873844017;8865,29015801728;23054,48248039005;241,77150677959037;8373,942529531383;20396,62333839332;79,34174032530359;8313,863503358907;15666,869219298796
7,5;635,9387930787146;285,31354697202033;8815,655667828625;23153,44688660248;244,9853483650299;8341,066334279889;20505,41765445727;80,31754083125678;8324,258026894224;15781,01231584039
7,583333333333333;637,5674134207562;288,9579543507668;8765,631152667358;23249,43692219872;248,2008234653766;8307,760700165802;20612,137561149262;81,29724659424;8334,318783711868;15894,448036846272
7,666666666666667;639,1785213768086;292,59887652144204;8715,236476749737;23342,45844872206;251,41765336409856;8274,040036551816;20716,786187867292;82,28080767414649;8344,052502397744;16007,18562984459
7,75;640,7724895614857;296,2359216532854;8664,491121384164;23432,517688888543;254,63556090861522;8239,918445270088;20819,36656623322;83,26817501072433;8353,465705539933;16119,234107522514
7,833333333333333;642,3496788221825;299,86870048658443;8613,414197705008;23519,62125881029;257,8542704415045;8205,409733873497;20919,88165180883;84,25930040147416;8362,564718261421;16230,60225548157
7,916666666666667;643,9104387293985;303,4968263925048;8562,024458389951;23603,776198909145;261,07350774022285;8170,527428089406;21018,334345323172;85,25413648025524;8371,355676310624;16341,2986396636
8,0;645,4551080417853;307,1199154435178;8510,340308422343;23684,990003495157;264,29299996506535;8135,284783519983;21114,72751341882;86,25263669656898;8379,844533737149;16451,3316134645
8,083333333333334;646,984015147466;310,73758649376475;8458,379814956686;23763,270648983005;267,51247561510087;8099,694796630298;21209,064008922443;87,25475529549026;8388,037070178245;16560,709324551444
8,166666666666666;648,4974784830653;314,3494612686951;8406,160716342532;23838,626620720235;270,73166449181963;8063,77021506276;21301,346690643768;88,2604472982188;8395,938897779637;16669,43972139888
8,25;649,9958069317851;317,95516446331663;8353,700430359255;23911,066938400338;273,9502976702375;8027,52354731397;21391,578442704762;89,26966848322463;8403,555467772698;16777,530559557104
8,333333333333334;651,479300201775;321,5543238483928;8301,01606171171;23980,601180034886;277,16810747720245;7990,967071807886;21479,762193399947;90,28237536796237;8410,892076728405;16884,989407666875
8,416666666666666;652,9482491859517;325,14657038392437;8248,124408834556;24047,239504459623;280,38482747665364;7954,112845397167;21565,900933587145;91,29852519113128;8417,95387250719;16991,82365323254
8,5;654,402936304353;328,7315383392511;8195,041970050683;24110,992672350043;283,600192461584;7916,972711322584;21649,997734606335;92,31807589545859;8424,745859922306;17098,04050816535
8,583333333333334;655,84363583003;332,30886541911093;8141,784949127549;24171,872065724565;286,8139384524597;7879,5583066588415;21732,055765724122;93,34098611098523;8431,272906133416;17203,647014108345
8,666666666666666;657,2706141994204;335,8781928949956;8088,369260272978;24229,889705913694;290,025802701851;7841,8810692733705;21812,078311098965;94,36721513883371;8437,539745785672;17308,650047552892
8,75;658,684130308081;339,43916574114365;8034,81053261062;24285,058269976846;293,2355237050292;7803,95224432335;21890,068786262575;95,39672293543963;8443,550985908802;17413,05632475716
8,833333333333334;660,0844357926003;342,9914327745168;7981,124114173433;24337,391105550123;296,4428412162853;7765,78289031485;21966,03075411149;96,4294700972284;8449,31111058962;17516,872406475628
8,916666666666666;661,4717752994591;346,53464679810884;7927,325075452088;24386,902244111046;299,6474962707249;7727,383884746694;22039,967940402166;97,46541784572048;8454,824485430578;17620,10470250859
9,0;662,8463867415572;350,0684647469433;7873,428212533756;24433,60641264893;302,84923121129555;7688,765929360601;22111,884248742557;98,50452801304856;8460,09536180608;17722,75947607991
9,083333333333334;664,2085015430796;353,5925478361229;7819,448049865349;24477,519043732664;306,04778972079913;7649,939555018061;22181,783775072447;99,5467630278716;8465,12788092763;17824,842848051027
9,166666666666666;665,5583448733319;357,10656171030314;7765,398842673918;24518,656283970537;309,24291685864466;7610,91512622346;22249,670821624542;100,5920859016708;8469,92607772812;17926,360800978517
9,25;666,8961358701365;360,6101765939712;7711,2945790757185;24557,03500086043;312,4343591020929;7571,702845312103;22315,549910358055;101,64046021541355;8474,493884574917;18027,31918302254
9,333333333333334;668,2220878533439;364,1030674419241;7657,1489819041335;24592,67278803164;315,62186439174604;7532,312756320926;22379,425795856223;102,69185010657223;8478,835134820843;18127,723711712562
9,416666666666666;669,5364085289779;367,58491408935333;7602,975510285493;24625,58796888362;318,80518218103214;7492,754748558953;22441,303477679252;103,74622025648496;8482,953566201573;18227,579977576992
9,5;670,8393001845062;371,0554014009553;7548,787360990613;24655,79959863006;321,9840634894355;7453,0385598938465;22501,188212164037;104,80353587804633;8486,852824087393;18326,8934476425
9,583333333333334;672,130959875693;374,51421941850646;7494,597469588773;24683,327464760852;325,1582609592222;7413,173779770252;22559,085523662292;105,8637627037166;8490,536464596898;18425,66946880892
9,666666666666666;673,4115796054655;377,9610635063558;7440,418511429662;24708,192085937982;328,32752891540883;7373,169851975003;22615,00121520873;106,92686697383819;8494,007957579646;18523,91327110505
9,75;674,6813464952023;381,395634494309;7386,262902477742;24730,41470934503;331,4916234287236;7333,036077163703;22668,941378611282;107,99281542524916;8497,27068947441;18621,629970830487
9,833333333333334;675,940442948824;384,8176388173967;7332,142800022333;24750,01730651391;334,65030238130686;7292,781615162673;22720,912403955732;109,06157528018353;8500,327966049297;18718,82457358836
9,916666666666666;677,1890468100461;388,2267886520421;7278,070103285684;24767,022567656237;337,8033255348995;7252,41548705974;22770,920988517573;110,13311423544877;8503,183015029608;18815,50197721375
10,0;678,4273315131342;391,62280204816506;7224,056453950099;24781,453894529837;340,95045460126687;7211,9465770968645;22818,974145074313;111,20740045187145;8505,83898861896;18911,66697460194
10,083333333333334;679,6554662274801;395,0054030567835;7170,113236624227;24793,335391875255;344,09145331460695;7171,38363437718;22865,079209612195;112,2844025440021;8508,29896591894;19007,324256440977
10,166666666666666;680,873615996301;398,37432185269887;7116,251579267416;24802,69185745966;347,226087505692;7130,735274398555;22909,24384842174;113,36408957007099;8510,56595525217;19102,47841385223
10,25;682,0819418697455;401,7292948518765;7062,482353590055;24809,548770769845;350,35412517749484;7090,009980425442;22951,476064577495;114,44643102218663;8512,64289639345;19197,133940942993
10,333333333333334;683,2806010326747;405,0700648231602;7008,8161754467255;24813,932280398356;353,4753365820509;7049,216104710326;22991,784203797946;115,53139681676953;8514,532662713384;19291,295237274622
10,416666666666666;684,4697469273736;408,39638099398593;6955,263405237863;24815,869190170237;356,5894942983115;7008,361869575755;23030,17695968237;116,61895728521351;8516,238063238578;19384,96661024954
10,5;685,6495293714311;411,70799914978903;6901,834148334693;24815,3869440609;359,69637331074387;6967,455368367571;23066,66337832257;117,70908316476778;8517,761844632403;19478,15227742066
10,583333333333334;686,8200946710131;415,0046817268266;6848,538255541051;24812,513609957736;362,795751088438;6926,504566289603;23101,252862288;118,80174558963266;8519,10669309995;19570,856368726094
10,666666666666666;687,9815857297483;418,28619789816617;6795,385323604662;24807,277862320887;365,88740766448296;6885,51730112972;23133,955173983835;119,89691608226278;8520,275236220707;19663,082928652133
10,75;689,1341421534233;421,5523236526205;6742,384695789553;24799,70896380097;368,9711257153787;6844,501283886889;23164,780438382913;120,99456654487115;8521,270044712282;19754,83591832757
10,833333333333334;690,2779003506829;424,8028418664379;6689,545462520071;24789,836745873057;372,0466906402549;6803,464099308449;23193,73914513286;122,09466925112834;8522,093634128283;19846,119217551757
10,916666666666666;691,4129936299151;428,0375423675854;6636,876462106125;24777,691588548365;375,113890639671;6762,413206346595;23220,84215004137;123,19719683805081;8522,748466493318;19936,936626759158
11,0;692,5395522924949;431,2562219924921;6584,386281558244;24763,304399226592;378,1725167937794;6721,355938542688;23246,100675943337;124,30212229807303;8523,236951877965;20027,291868922875
11,083333333333334;693,6577037225472;434,4586846351487;6532,08325750007;24746,706590752783;381,2223631396357;6680,299504347706;23269,526312954695;125,40941897129773;8523,561449916328;20117,1885913994
11,166666666666666;694,7675724733864;437,64474128848605;6479,975477184964;24727,93005874395;384,26322674745046;6639,250987386869;23291,131018119;126,51906053791951;8523,724271268742;20206,630367716894
11,25;695,8692803507773;440,8142100779848;6428,070779622509;24707,007158251265;387,29490779557864;6598,217346676139;23310,92711445372;127,63102101081668;8523,727679032003;20295,620699309115
11,333333333333334;696,9629464931571;443,9669162874944;6376,376756819814;24683,970679824215;390,3172096440532;6557,205416797972;23328,92728940458;128,74527472830644;8523,573890099411;20384,16301719714
11,416666666666666;698,0486874489512;447,102692377266;6324,900755141567;24658,853825043007;393,32993890647526;6516,221908043458;23345,144592716908;129,86179634705914;8523,26507647276;20472,260683620632
11,5;699,1266172511076;450,2213779942293;6273,64987679213;24631,69018158623;396,3329055200801;6475,2734065276145;23359,592433734582;130,98056083516687;8522,803366528382;20559,9169936208
11,583333333333334;700,1968474889691;453,3228199745682;6222,630981421959;24602,51369789967;399,3259228138081;6434,3663742843355;23372,284578137744;132,1015434653624;8522,190846239111;20647,135176576616
11,666666666666666;701,2594873775967;456,4068723386734;6171,850687860022;24571,3586575323;402,308807574216;6393,5071493471705;23383,235144131715;133,2247198083842;8521,4295603541;20733,918397696125
11,75;702,3146438246525;459,4733962785718;6121,315375973081;24538,259653204357;405,281380109074;6352,701945821838;23392,458598100442;134,3500657264837;8520,521513538188;20820,269759464463
11,833333333333334;703,3624214949439;462,52226013795496;6071,0311886520185;24503,251560671895;408,243464308502;6311,956853956044;23399,9697497389;135,4775573670708;8519,468671472534;20906,19230305018
11,916666666666666;704,4029228727254;465,55333938494806;6021,0040339247225;24466,369512450576;411,1948877035083;6271,27784021189;23405,78374667955;136,60717115649416;8518,272961918095;20991,68900967132
12,0;705,4362483218545;468,5665165777799;5971,239587194434;24427,64887146036;414,1354815218028;6230,670747345864;23409,916068629074;137,73888379395274;8516,936275743468;21076,762801922763
12,083333333333334;706,4624961438842;471,5616813235314;5921,743293601864;24387,125204651453;417,065080740766;6190,141294501099;23412,38252103233;138,87267224553486;8515,460467918527;21161,41654506619
12,166666666666666;707,4817626341827;474,5387302301571;5872,520370508821;24344,83425666939;419,98352413746596;6149,695077316262;23413,199228281122;140,00851373838182;8513,84735847524;21245,653048283948
12,25;708,4941421361547;477,4975668519881;5823,5758101006395;24300,811923616468;422,89065433562354;6109,337568055231;23412,38262648655;141,14638575497275;8512,098733437013;21329,475065898223
12,333333333333334;709,4997270936447;480,43810162893806;5774,914382104164;24255,094226963432;425,78631784943747;6069,0741157612865;23409,94945583362;142,28626602752755;8510,216345717728;21412,885298556565
12,416666666666666;710,4986081015925;483,36025181964743;5726,540636617665;24207,71728766432;428,6703651241897;6028,909946439403;23405,91675253837;143,42813253252498;8508,201915991756;21495,886394385117
12,5;711,4908739550117;486,2639414288095;5678,458907048626;24158,717300524066;431,54265057356224;5988,850163269809;23400,30184042735;144,57196348533316;8506,057133536013;21578,480950110497
12,583333333333334;712,4766116963575;489,1491011289332;5630,6733131550545;24108,130508867158;434,40303261360566;5948,899746855801;23393,122322160412;145,71773733494942;8503,783657045178;21660,671512151515
12,666666666666666;713,4559066613458;492,0156681768037;5583,187764185608;24055,993179552486;437,25137369331003;5909,063555508476;23384,39607011825;146,8654327588471;8501,38311542112;21742,460577681828
12,75;714,4288425232843;494,8635863249104;5536,005962113553;24002,341578377076;440,08754032173835;5869,34632557076;23374,141216975855;148,0150286579265;8498,85710853748;21823,85059566435
12,833333333333334;715,3955013359754;497,69280572811573;5489,1314049593475;23947,211945909065;442,9114030916924;5829,752671782851;23362,37614598391;149,16650415156744;8496,207207980366;21904,843967858415
12,916666666666666;716,3559635752413;500,50328284584265;5442,567390196491;23890,640473788004;445,7228366998902;5790,287087691013;23349,119480980564;150,3198385727812;8493,43495776612;21985,443049800917
13,0;717,3103081791287;503,29498034006224;5396,317018234966;23832,663281526562;448,52171996364336;5750,95394610121;23334,390076155083;151,4750114634594;8490,5418750369;22065,65015176169
13,083333333333334;718,2586125868407;506,06786696936405;5350,383195976661;23773,316393847002;451,30793583403266;5711,757499579064;23318,20700558658;152,63200256971723;8487,529450735039;22145,46753967463
13,166666666666666;719,200952776444;508,82191747939225;5304,768640436917;23712,635718581718;454,0813714055873;5672,701880997171;23300,58955257974;153,7907918373294;8484,399150256853;22224,89743604501
13,25;720,1374033013974;511,5571124899311;5259,475882426293;23650,65702516467;456,8419179224837;5633,791104130704;23281,557198819966;154,9513594072562;8481,152414086719;22303,942020833787
13,333333333333334;721,0680373259469;514,2734383789208;5214,507270286657;23587,41592373862;459,5894707812863;5595,029064301917;23261,129613370256;156,11368561125772;8477,79065841212;22382,60343231979
13,416666666666666;721,9929266594281;516,9708871636831;5169,864973675652;23522,947844899692;462,32392953026243;5556,419539074037;23239,32664153205;157,2777509675943;8474,315275720339;22460,883767940384
13,5;722,9121417895152;519,6494563796331;5125,550987393626;23457,288020098946;465,04519786530926;5517,966188994771;23216,168293591967;158,44353617681122;8470,727635377507;22538,785085111504
13,583333333333334;723,8257519144576;522,3091489567486;5081,567135247053;23390,471462717087;467,7531836225397;5479,672558389376;23191,674733475695;159,6110221176058;8467,029084190559;22616,30940202738
13,666666666666666;724,7338249743394;524,9499730940644;5037,915073942724;23322,53294982753;470,4477987675798;5441,542076203254;23165,86626733102;160,78018984277494;8463,220946952777;22693,45869844103
13,75;725,6364276813969;527,571942132454;4994,596297006876;23253,507004659208;473,1289593816377;5403,5780568936425;23138,76333206055;161,95102057524133;8459,304526973468;22770,234916425885
13,833333333333334;726,5336255494282;530,1750744259531;4951,612138723573;23183,427879768784;475,7965856444098;5365,783701369883;23110,386483824575;163,1234957041569;8455,281106592332;22846,639961119065
13,916666666666666;727,4254829223283;532,7593932118747;4908,963778086877;23112,329540930205;478,4506018138957;5328,162097981641;23080,75638653454;164,29759678108155;8451,151947679069;22922,675701447224
14,0;728,3120630017798;535,3249264799578;4866,652242761342;23040,245651746427;481,09093620319896;5290,716223554195;23049,893800356407;165,47330551623557;8446,918292118702;22998,343970835176
14,083333333333334;729,1934278741282;537,8717068407833;4824,678413045553;22967,209558986808;483,7175211543958;5253,448944469844;23017,81957024303;166,65060377482433;8442,581362283165;23073,646567898057
14,166666666666666;730,0696385364723;540,3997713936836;4783,043025833624;22893,254278651304;486,33029300955786;5216,363017794314;22984,554614513963;167,82947357343355;8438,14236148956;23148,58525711743
14,25;730,9407549219961;542,909161594364;4741,746678569717;22818,4124827611;488,9291920790204;5179,4610924469325;22950,119913500424;169,00989707649384;8433,60247444558;23223,161769501872
14,333333333333334;731,806835924568;545,3999231224448;4700,789833190803;22742,716486873232;491,51416260698966;5142,745710413234;22914,53649827291;170,19185659281302;8428,962867682534;23297,377803232583
14,416666666666666;732,6679394226336;547,8721057491247;4660,17282005308;22666,198238315028;494,0851527345874;5106,219307998539;22877,82543946748;171,37533457217464;8424,224689976325;23371,235024294336
14,5;733,5241223024258;550,3257632051575;4619,895841837723;22588,88930513318;496,64211446043396;5069,884217120982;22840,007836226898;172,56031360200174;8419,389072756883;23444,735067092406
14,583333333333334;734,3754404805153;552,7609530493239;4579,958977431707;22510,820865749938;499,1850035988721;5033,742666642326;22801,10480527147;173,7467764040842;8414,45713050636;23517,879535055727
14,666666666666666;735,221948925724;555,1777365375714;4540,362185779784;22432,02369931841;501,7137797359375;4997,796783734919;22761,1374701141;174,93470583136846;8409,429961146467;23590,670001226856
14,75;736,063701680423;557,5761784929864;4501,105309703815;22352,52817676693;504,2284061831837;4962,048595282961;22720,126950432907;176,12408486480865;8404,308646415333;23663,108008839
14,833333333333334;736,9007518812366;559,9563471767543;4462,188079685916;22272,36425252195;506,7288499294686;4926,500029316336;22678,094351614458;177,3148966102775;8399,094252234216;23735,19507188064
14,916666666666666;737,7331517791685;562,3183141602511;4423,610117612057;22191,561456897394;509,21508159081384;4891,15291647507;22635,060754479637;178,50712429553624;8393,787829064386;23806,93267564805
15,0;738,5609527591754;564,6621541984043;4385,3709404729325;22110,1488891373;511,6870753584461;4856,0089915025355;22591,04720520314;179,7007512672622;8388,390412254483;23878,32227728599
15,083333333333334;739,3842053592003;566,9879451044499;4347,469964019277;22028,1552110986;514,1448089451319;4821,069894765497;22546,07470543767;180,89576098813296;8382,903022378698;23949,36530631719
15,166666666666666;740,2029592886872;569,2957676262041;4309,906506368762;21945,60864155871;516,5882635299156;4786,337173798955;22500,164202651882;182,092137033966;8377,32666556601;24020,06316516061
15,25;741,0172634465923;571,5857053239597;4272,679791562078;21862,53695113323;519,0174237013722;4751,812284873897;22453,336580691677;183,28986309091297;8371,66233382082;24090,41722963913
15,333333333333334;741,8271659389073;573,857844450107;4235,788953065816;21778,967457787538;521,4322773994838;4717,496594585928;22405,612650572602;184,48892295270753;8365,91100533519;24160,428849476833
15,416666666666666;742,6327140957137;576,1122738305738;4199,233037220009;21694,92702292579;523,8328158562496;4683,391381462749;22357,013141510866;185,68930051796542;8360,073644792998;24230,099348786025
15,5;743,4339544877794;578,3490847481681;4163,011006628497;21610,442048040703;526,2190335351363;4649,497837588613;22307,558692199924;186,89097978753634;8354,151203666224;24299,430026544713
15,583333333333334;744,230932942715;580,5683708278999;4127,121743490281;21525,538471906573;528,5909280694773;4615,8170702436655;22257,269842338268;188,09394486190644;8348,144620503645;24368,42215706443
15,666666666666666;745,0236945607014;582,7702279243516;4091,564052870376;21440,241768298067;530,9485001999229;4582,3501035563;22206,167024413902;189,29817993865046;8342,054821212128;24437,076990448866
15,75;745,8122837298051;584,9547540111593;4056,336665908745;21354,576944216762;533,2917537110482;4549,097880166542;22154,27055574978;190,5036693099328;8335,882719330764;24505,395753043504
15,833333333333334;746,5967441408912;587,1220490726574;4021,438242966147;21268,568538607713;535,6206953672164;4516,0612628985855;22101,600630814402;191,71039736005665;8329,629216298086;24573,37964787662
15,916666666666666;747,3771188021491;589,2722149977371;3986,8673767058453;21182,24062154762;537,9353348477999;4483,2410364405905;22048,177313800454;192,91834856306014;8323,295201712519;24641,0298550918
16,0;748,1534500532408;591,4053554759563;3952,622595110299;21095,616793886595;540,2356846818532;4450,63790902992;21994,020531474234;194,12750748035916;8316,881553586334;24708,347532372245
16,083333333333332;748,9257795790855;593,5215758959384;3918,702364432113;21008,720187325158;542,5217601823337;4418,252514141987;21939,150066297625;195,33785875843546;8310,389138593224;24775,333815357124
16,166666666666668;749,6941484232906;595,620983246088;3885,1050920786774;20921,573464908382;544,7935793799611;4386,085412180978;21883,585549824016;196,54938712656988;8303,818812309752;24841,989818050108
16,25;750,4585970012388;597,7036860176449;3851,829129430064;20834,198821919184;547,0511629568057;4354,137092170751;21827,346456369036;197,7620773946195;8297,171419450811;24908,316633220536
16,333333333333332;751,2191651128453;599,769794110096;3818,872774589846;20746,617987152582;549,2945341796893;4322,407973444204;21770,452096955905;198,9759144508382;8290,44779409929;24974,315332797047
16,416666666666668;751,9758919549911;601,8194187389557;3786,234275068733;20658,852224553495;551,5237188334851;4290,898407329564;21712,921613535604;200,19088325974;8283,648759930107;25039,986968254318
16,5;752,7288161336446;603,8540884509608;3753,911830400884;20570,922335200274;553,7387451543942;4259,608678832003;21654,77397348057;201,4069688600043;8276,775130428767;25105,33257099282
16,583333333333332;753,4779756756794;605,8748551626787;3721,8681920670947;20482,69700031996;555,939643763278;4228,539008309071;21596,027964350757;202,62415636242255;8269,827709104604;25170,35315271181
16,666666666666668;754,2234080403992;607,8816710958934;3690,0780128250176;20394,091765432095;558,1264475991189;4197,68955313853;21536,70218893009;203,84243094788553;8262,807289698852;25235,04970577571
16,75;754,9651501307771;609,87449062711;3658,5434236126475;20305,138480443995;560,2991918526819;4167,060409377207;21476,81506053177;205,06177786541073;8255,714656387705;25299,423203574486
16,833333333333332;755,7032383044174;611,8532702359242;3627,2664875916776;20215,868924272465;562,4579139004443;4136,651613409524;21416,384798568928;206,28218243020922;8248,550583980497;25363,4746008775
16,916666666666668;756,4377083842494;613,8179684514713;3596,249201712328;20126,314798391133;564,6026532388578;4106,4631435844285;21355,429424388025;207,50363002179134;8241,315838113122;25427,204834181444
17,0;757,1685956689603;615,7685457969429;3565,493498319452;20036,5077208041;566,7334514190059;4076,494921839572;21293,96675736208;208,7261060821107;8234,011175436872;25490,614822052637
17,083333333333332;757,8959349431748;617,7049647321523;3535,001246800434;19946,479220461242;568,850351981714;4046,7468153115315;21232,01441123932;209,94959611374594;8226,637343802744;25553,70546546338
17,166666666666668;758,6197604873885;619,6271895941294;3504,774255275561;19856,260732131814;570,953400393168;4017,2186379310424;21169,589790743605;211,1740856781195;8219,195082441434;25616,477648122866
17,25;759,3401060876628;621,5351865357273;3474,8142723314772;19765,88359175242;573,0426439810933;3987,910152002186;21106,71008842276;212,39956039375323;8211,685122139035;25678,93223680285
17,333333333333332;760,0570050450884;623,4289234622198;3445,1229887983854;19675,379032264605;575,1181318715446;3958,8210697646014;21043,392281739732;213,62600593456006;8204,108185408644;25741,070081658003
17,416666666666668;760,7704901850221;625,308369965865;3415,7020395717154;19584,778179957648;577,1799149263503;3929,951054937806;20979,653130401977;214,85340802817115;8196,464986657924;25802,892016541035
17,5;761,4805938661061;627,1734972584153;3386,5530054789274;19494,112051332588;579,2280456812573;3901,2997242467763;20915,50917392445;216,08175245429834;8188,756232352764;25864,39885931309
17,583333333333332;762,1873479890739;629,0242781015442;3357,6774151922705;19403,4115505023;581,262578284815;3872,8666489280376;20850,976729420832;217,31102504313114;8180,982621177117;25925,591412149228
17,666666666666668;762,8907840053497;630,8606867351657;3329,0767471882446;19312,707467142773;583,2835684380359;3844,6513562155014;20786,071889617546;218,5412116737679;8173,144844189142;25986,47046183916
17,75;763,5909329254464;632,6826988036166;3300,7524317546;19222,030475011237;585,2910733348675;3816,653330805418;20720,81052108568;219,77229827268064;8165,243584973728;26047,036780083592
17,833333333333332;764,2878253271689;634,4902912796699;3272,7058530457443;19131,411131045046;587,2851516035083;3788,872016299801;20655,2082626843;221,00427081221335;8157,279519791486;26107,29112378581
17,916666666666668;764,9814913636275;636,2834423863483;3244,9383511874744;19040,879875057377;589,2658632485956;3761,306816627787;20589,280524210524;222,2371153091128;8149,253317724333;26167,234235339172
18,0;765,6719607710663;638,0621315165022;3217,45122443198;18950,467030043907;591,2332695942923;3733,9570974444277;20523,042485250106;223,47081782309203;8141,16564081772;26226,86684291047
18,083333333333332;766,3592628765119;639,8263391501171;3190,2457313641034;18860,202803114724;593,1874332282976;3706,8221875064473;20456,509094222365;224,70536445542575;8133,017144219614;26286,189660718832
18,166666666666668;767,0434266052484;641,5760467693102;3163,323093159872;18770,117287066856;595,128417946801;3679,9013800245557;20389,695067614208;225,94074134757724;8124,808476316292;26345,20338931091
18,25;767,7244804881208;643,3112367709781;3136,6844958984557;18680,2404626113;597,0562887004028;3653,1939339920073;20322,614889396926;227,17693467985663;8116,540278865067;26403,908715832076
18,333333333333332;768,4024526686754;645,0318923770521;3110,331092928567;18590,602201268932;598,9711115410124;3626,6990754890076;20255,28281061969;228,41393067010986;8108,2131871239635;26462,30631429365
18,416666666666668;769,0773709101379;646,7379975423194;3084,2640072905824;18501,232268950287;600,8729535697458;3600,4159989628392;20187,712849174553;229,65171557243818;8099,827829978484;26520,396845836894
18,5;769,7492626022346;648,4295368597624;3058,484334195464;18412,160330231745;602,7621361634149;3574,3438684833313;20119,918789725627;230,8902756759476;8091,384830065495;26578,180958992732
18,583333333333332;770,4181547678629;650,106495463373;3032,993143561805;18323,415953343803;604,640562137374;3548,4764368249184;20051,89121348587;232,12959730352821;8082,884803894305;26635,659289938478
18,666666666666668;771,0840740696129;651,7688589283911;3007,791482612248;18235,028615883937;606,5081785132363;3522,77384339789;19983,47561493173;233,36966681066286;8074,328361965019;26692,832462750783
18,75;771,7470468161434;653,4166131689217;2982,8803785305467;18147,02771126865;608,364933447051;3497,2377805730034;19914,692721567855;234,61047058426473;8065,716108884252;26749,701089655573
18,833333333333332;772,4070989684202;655,04974433288;2958,260841180544;18059,442555936508;610,2107762003243;3471,869909093213;19845,563304276555;235,85199504154377;8057,0486434781815;26806,265771274215
18,916666666666668;773,0642561458147;656,6682386942168;2933,9338658885054;17972,30239731732;612,0456571097666;3446,6718588220383;19776,108174728506;237,09422662890154;8048,326558903146;26862,527096867103
19,0;773,7185436320716;658,2720825423758;2909,9004362899477;17885,636422577478;613,8695275557418;3421,6452295160234;19706,348182975245;238,3371518208539;8039,550442753698;26918,48564457352
19,083333333333332;774,369986381145;659,8612620689355;2886,161527242396;17799,473768155898;615,6823399293905;3396,791591622008;19636,3042152343;239,58075711898175;8030,720877168265;26974,14198164892
19,166666666666668;775,0186090229103;661,4357632513917;2862,718107805239;17713,843530100377;617,4840475984003;3372,1124870997837;19565,997191875147;240,82502905090894;8021,838438932449;27029,496664698952
19,25;775,6644358687505;662,9955717340373;2839,5711442879647;17628,77477521634;619,2746048713939;3347,6094302708375;19495,44806561633;242,06995416930758;8012,90369958002;27084,5502399108
19,333333333333332;776,3074909170251;664,5406727059024;2816,72160336783;17544,296553036886;621,0539669609068;3323,2839086938284;19424,677819942382;243,31551905093002;8003,917225491643;27139,303243281425
19,416666666666668;776,9477978584201;666,0710507757208;2794,1704552780693;17460,43790862418;622,8220899449216;3299,1373840675146;19353,707467751134;244,5617102956676;7994,879577991427;27193,75620084331
19,5;777,5853800811856;667,5866898438971;2771,9186770674837;17377,227896209017;624,5789307269279;3275,1712931618445;19282,558050240397;245,80851452563553;7985,791313441288;27247,9096288873
19,583333333333332;778,2202606762614;669,0875729714554;2749,9672559322107;17294,695593675275;626,3244469944751;3251,3870487779764;19211,25063604427;247,05591838428387;7976,6529833332515;27301,76403418292
19,666666666666668;778,8524624422954;670,5736822459613;2728,3171926201503;17212,870117893635;628,0585971761826;3227,786040737959;19139,806320628737;248,30390853553433;7967,465134379664;27355,31991419596
19,75;779,4820078905557;672,0449986444215;2706,969504908352;17131,780640907327;629,7813403971712;3204,3696369048967;19068,246225957064;249,55247166294257;7958,228308601416;27408,577757303785
19,833333333333332;780,1089192497407;673,5015018931784;2685,9252311533537;17051,456406969293;631,4926364328807;3181,1391842344196;18996,59150043427;250,80159446888558;7948,943043414196;27461,538043007786
19,916666666666668;780,7332184706884;674,9431703248362;2665,1854339140555;16971,926750429284;633,1924456612322;3158,096009858275;18924,86331914216;252,05126367377426;7939,609871712826;27514,201242143878
20,0;781,3549272309881;676,3699807322731;2644,7512036463054;16893,22111446328;634,8807290130984;3135,241422200943;18853,082884373824;253,30146601529066;7930,229321953712;27566,567817090105
20,083333333333332;781,9740669394974;677,781908219822;2624,6236624678745;16815,36907063706;636,5574479210375;3112,576712130156;18781,27142647949;254,5521882476497;7920,801918235462;27618,638221972375
20,166666666666668;782,5906587407653;679,1789260517246;2604,8039679918875;16738,40033928868;638,2225642662513;3090,1031541422744;18709,450205033474;255,80341714088516;7911,328180377715;27670,41290286778
20,25;783,2047235193654;680,5610054980029;2585,293317226018;16662,34481071012;639,8760403237218;3067,822007583423;18637,640510332578;257,0551394801598;7901,808623998203;27721,89229800543
20,333333333333332;783,8162819041406;681,9281156779238;2566,092950534062;16587,23256710417;641,5178387054815;3045,7345179074273;18565,863665237852;258,30734206509914;7892,243760588084;27773,076837965487
20,416666666666668;784,4253542723608;683,2802234012801;2547,204155655422;16513,093905283127;643,1479223019717;3023,8419179715065;18494,14102736945;259,56001170914874;7882,634097585622;27823,96694587585
20,5;785,0319607537976;684,6172930077599;2528,6282717770177;16439,959360069974;644,7662542214413;3002,1454293707684;18422,493991666102;260,81313523895517;7872,980138448181;27874,563037606815
20,583333333333332;785,636121234716;685,9392862047317;2510,3666936509426;16367,859728352912;646,3727977273371;2980,646263812573;18350,94399331974;262,06669949376976;7863,2823827226375;27924,86552196355
20,666666666666668;786,237855361786;687,2461619038411;2492,4208757496076;16296,826093734657;647,9675161736379;2959,345624531802;18279,512511096782;263,32069132487544;7853,541326114194;27974,87480087668
20,75;786,8371825459162;688,5378760568849;2474,792336448624;16226,889851705393;649,5503729380804;2938,2447077481474;18208,221071056752;264,5750975950361;7843,75746055366;28024,591269590885
20,833333333333332;787,4341219660113;689,8143814915171;2457,4826622257833;16158,082735255972;651,1213313532285;2917,3447041665113;18137,091250679336;265,8299051779685;7833,931274263201;28074,015316851477
20,916666666666668;788,0286925726546;691,0756277474296;2440,4935118623544;16090,436840832419;652,6803546353347;2896,6468005216348;18066,144683410803;267,0851009578368;7824,063251820642;28123,14732508905
21,0;788,6209130917173;692,3215609137638;2423,8266206306234;16023,984654517182;654,2274058109427;2876,152181168048;17995,403063641086;268,34067182876845;7814,153874222266;28171,98767060246
21,083333333333332;789,2108020278981;693,5521234686231;2407,483804448836;15958,75907830141;655,7624476411823;2855,862029716459;17924,888152121366;269,5966046943925;7804,203618944232;28220,536723739522
21,166666666666668;789,7983776681923;694,767254121693;2391,4669639818753;15894,793456294925;657,2854425437062;2835,7775307177103;17854,62178183407;270,8528864673995;7794,2129600025855;28268,79484907636
21,25;790,3836580852932;695,9668876611248;2375,778088662483;15832,121600693476;658,796352512222;2815,8998713953306;17784,62586432468;272,10950406912247;7784,1823680118905;28316,762405594793
21,333333333333332;790,9666611409274;697,1509548060018;2360,419260604209;15770,777817298045;660,2951390335744;2796,2302434277617;17714,92239650534;273,3664444291396;7774,112310242562;28364,439746857704
21,416666666666668;791,5474044891267;698,3193820658913;2345,39265837314;15710,796930352768;661,7817630023318;2776,769844781251;17645,53346794083;274,62369448489784;7764,003250676817;28411,82722118305
21,5;792,1259055794344;699,4720916091893;2330,7005605808854;15652,214306433763;663,2561846328413;2757,5198815943927;17576,481268625244;275,88124118135704;7753,855650063434;28458,925171816056
21,583333333333332;792,7021816600524;700,6090011421809;2316,3453492561275;15595,065877086317;664,7183633687139;2738,481570115104;17507,788097257944;277,1390714706553;7743,66996597116;28505,733937099514
21,666666666666668;793,2762497809262;701,7300238009854;2302,329512946787;15539,38815986959;666,1682577897124;2719,6561386909425;17439,476370027118;278,3971723117945;7733,446652840957;28552,253850642726
21,75;793,8481267967716;702,8350680588144;2288,65564949852;15485,218277424094;667,6058255160165;2701,0448298132933;17371,568629907248;279,6555306703461;7723,186162036975;28598,48524148862
21,833333333333332;794,4178293700451;703,9240376512536;2275,3264684489295;15432,593974131336;669,0310231098522;2682,648902216046;17304,087556476476;280,9141335181769;7712,888941896383;28644,428434279165
21,916666666666668;794,9853739738556;704,9968315225815;2262,3447929697877;15381,553629885964;670,4438059744778;2664,469633029099;17237,055976258835;282,17296783319534;7702,555437778021;28690,083749419588
22,0;795,5507768948233;706,0533437964609;2249,713561281854;15332,136270444793;671,8441282505324;2646,50831998678;17170,49687359328;283,4320205991165;7692,186092109904;28735,451503240416
22,083333333333332;796,1140542358838;707,0934637746752;2237,4358274590604;15284,38157376312;673,2319427097665;2628,766283691182;17104,43340203209;284,69127880524763;7681,7813444356025;28780,53200815849
22,166666666666668;796,6752219190403;708,1170759679364;2225,514761530215;15238,32987166603;674,607200646187;2611,2448699299935;17038,888896266908;285,9507294462923;7671,341631459543;28825,325572836187
22,25;797,2342956880632;709,1240601631525;2213,953648777596;15194,022146140938;675,9698517646706;2593,9454520481313;16973,886884579544;287,2103595221742;7660,867387091219;28869,83250233916
22,333333333333332;797,7912911111413;710,1142915319116;2202,755888122766;15151,50001947254;677,3198440671163;2576,8694333720928;16909,451101811304;288,47015603787946;7650,359042488335;28914,053098292432
22,416666666666668;798,3462235834829;711,0876407853018;2191,924989480742;15110,805737376619;678,6571237362367;2560,0182496855314;16845,605502842507;289,73010600331816;7639,817026098927;28957,98765903538
22,5;798,8991083298687;712,0439743805425;2181,464569954528;15071,982144221774;679,9816350171101;2543,393371753982;16782,37427656788;290,99019643320423;7629,241763702472;29001,636479774752
22,583333333333332;799,4499604071581;712,9831547852283;2171,378348733154;15035,072649367501;681,2933200966506;2526,9963078961205;16719,781860352447;292,2504143469538;7618,633678449967;29044,999852736575
22,666666666666668;799,99879470675;713,9050408052824;2161,6701405482445;15000,121183584852;682,5921189811897;2510,828606598283;16657,852954944592;293,51074676860156;7607,993190903064;29088,07806731642
22,75;800,5456259569982;714,8094879829549;2152,34384753669;14967,172144474775;683,8779693724005;2494,8918591681554;16596,612539820093;294,77118072673574;7597,320719072227;29130,871410228323
22,833333333333332;801,0904687255824;715,696349071365;2143,403449351081;14936,270329753435;685,1508065418465;2479,187702422701;16536,085888922935;296,0317032544502;7586,616678453936;29173,38016565231
22,916666666666668;801,6333374218373;716,565474592158;2134,852991355433;14907,460857242882;686,4105632044874;2463,717821404388;16476,29858676215;297,29230138931473;7575,881482066982;29215,60461538024
23,0;802,1742462990397;717,4167134827945;2126,6965707419813;14880,78907039148;687,6571693915339;2448,4839521186846;16417,27654481691;298,5529621733627;7565,115540487838;29257,545038960558
23,083333333333332;802,7132094566529;718,2499138397876;2118,93832040613;14856,30042815277;688,8905523231111;2433,487884284499;16359,046018191677;299,81367265309586;7554,319261885155;29299,201713841605
23,166666666666668;803,2502408425325;719,0649237638178;2111,5823904216313;14834,040378084275;690,1106362812654;2418,7314640877617;16301,633622453433;301,0744198795064;7543,493052053355;29340,57491551318
23,25;803,7853542550922;719,8615923120587;2104,6329269678695;14814,05421159296;691,3173424839333;2404,216596926926;16245,066350573157;302,33519090811586;7532,637314445392;29381,664917647235
23,333333333333332;804,3185633454309;720,6397705621966;2098,0940485758365;14796,38690035225;692,5105889605844;2389,9452501371265;16189,371589878474;303,59597279903073;7521,752450204645;29422,4719922367
23,416666666666668;804,8498816194227;721,3993127914961;2091,9698195808564;14781,082913063321;693,6902904303569;2375,919455677988;16134,577138913091;304,85675261701476;7510,838858196003;29462,996409733452
23,5;805,3793224397692;722,1400777728178;2086,2642206981664;14768,186011923692;694,8563581836154;2362,141312767649;16080,711224079794;306,1175174315774;7499,896935036119;29503,238439184293
23,583333333333332;805,906899028016;722,8619301877065;2080,981116673786;14757,739028419359;696,0086999679953;2348,612990443269;16027,802515930038;307,37825431707864;7488,927075122877;29543,198348366226
23,666666666666668;806,432624466534;723,5647421545157;2076,124221007737;14749,783618361133;697,1472198801317;2335,3367300254404;15975,880144939856;308,6389503528495;7477,929670664061;29582,8764039198
23,75;806,9565117004661;724,2483948670092;2071,6970578004575;14744,35999646216;698,271818264431;2322,314847461048;15924,973716594268;309,89959262332866;7466,905111705267;29622,27287148148
23,833333333333332;807,478573539639;724,9127803359892;2067,702920836422;14741,506651189173;699,3823916204087;2309,549735515746;15875,113325576254;311,1601682182143;7455,853786157061;29661,388015814504
23,916666666666668;807,9988226604439;725,5578032232497;2064,1448300912457;14741,260041124911;700,4788325203033;2297,0438657836435;15826,329568832884;312,42066423263185;7444,77607982137;29700,222100938507
24,0;808,517271607682;726,1833827536079;2061,0254859298548;14743,654274642908;701,5610295388707;2284,7997904779886;15778,653557261652;313,6810677673162;7433,672376417181;29738,775390257513
24,083333333333332;809,0339327963807;726,7894546869642;2058,3472213518517;14748,720775317794;702,6288671974837;2272,8201439622408;15732,116925732404;314,9413659288096;7422,543057605487;29777,048146687077
24,166666666666668;809,5488185135764;727,3759733283993;2056,111952735412;14756,48793615524;703,6822259248835;2261,10764397656;15686,751841125137;316,20154582967393;7411,388503013566;29815,040632779648
24,25;810,0619409200687;727,9429135503373;2054,321129629429;14766,980766418812;704,7209820371778;2249,6650925097247;15642,591008031473;317,46159458871773;7400,209090258537;29852,753110848684
24,333333333333332;810,5733120521434;728,4902727969464;2052,9756842432844;14780,220535529275;705,7450077399338;2238,4953762614305;15599,667671730385;318,72149933123774;7389,005194970264;29890,185843091647
24,416666666666668;811,0829438232665;729,0180730373806;2052,075981379923;14796,22441918928;706,7541711554827;2227,601466634452;15558,015618009036;319,9812471892742;7377,777190813585;29927,339091711518
24,5;811,5908480257496;729,5263626313844;2051,621769647147;14815,00515351883;707,7483363788268;2216,986419190406;15517,669169359868;321,24082530188076;7366,525449509885;29964,213119036882
24,583333333333332;812,097036332387;730,0152180683962;2051,6121348591296;14836,57070353392;708,7273635658231;2206,653372497108;15478,663177043132;322,5002208154076;7355,250340858031;30000,808187640767
24,666666666666668;812,601520298066;730,484745539798;2052,045456599771;14860,923952729841;709,6911090575956;2196,605546289483;15441,033008461154;323,7594208837986;7343,952232754691;30037,12456045817
24,75;813,1043113613489;730,9350823035743;2052,9193689566996;14888,062420804825;710,6394255454073;2186,8462388599974;15404,814529247755;325,0184126689016;7332,6314912140115;30073,16250090233
24,833333333333332;813,6054208460289;731,3663978015281;2054,2307264443652;14917,978016642463;711,572162280483;2177,378823588758;15370,044079433279;326,2771833407917;7321,288480386709;30108,922272979362
24,916666666666668;814,1048599626615;731,7788944914948;2055,975576112519;14950,65683353775;712,4891653335153;2168,2067445178504;15336,75844300714;327,53572007810806;7309,923562578559;30144,4041414019
25,0;814,6026398100687;732,1728083607512;2058,149136779167;14986,078993269868;713,3902779087965;2159,3335108693573;15304,994810160404;328,79401006840294;7298,537098268302;30179,608371701208
25,083333333333332;815,0987713768183;732,5484090920609;2060,745786232937;15024,218544990981;714,2753407180795;2150,7626904020335;15274,790731459381;330,05204050850335;7287,129446124986;30214,535230337893
25,166666666666668;815,5932655426803;732,9059998604253;2063,759057118935;15065,043424008909;715,1441924193742;2142,497901498198;15246,184063175604;331,30979860488526;7275,700963024724;30249,184984811545
25,25;816,0861330800585;733,2459167464718;2067,1816420563773;15108,515474404438;715,9966701259126;2134,542803870255;15219,212902979025;332,56727157405965;7264,252004066926;30283,55790376866
25,333333333333332;816,5773846553977;733,5685277612472;2071,005408339667;15154,59053807592;716,8326099904438;2126,901087775601;15193,915515197195;333,8244466429706;7252,782922589983;30317,654257109527
25,416666666666668;817,0670308305696;733,8742314866728;2075,2214223537635;15203,218611279037;717,6518478698331;2119,576461630272;15170,330244849627;335,08131104940503;7241,294070186407;30351,474316093514
25,5;817,5550820642352;734,1634553456787;2079,81998359742;15254,344068093;718,4542200746115;2112,572637915651;15148,49541969432;336,3378520424137;7229,785796717469;30385,01835344335
25,583333333333332;818,0415487131849;734,436653525637;2084,7906679639123;15307,905948552678;719,2395642076291;2105,8933172795037;15128,44923956729;337,5940568827438;7218,258450327322;30418,286643447587
25,666666666666668;818,5264410336572;734,6943045877423;2090,1223796886966;15363,83830752191;720,0077200952879;2099,54217074306;15110,229652368867;338,84991284328214;7206,712377456615;30451,279462061946
25,75;819,0097691826367;734,9369088030234;2095,8034111478723;15422,070618812217;720,7585308139338;2093,522819940347;15093,874216148284;340,10540720950945;7195,147922855625;30483,99708700945
25,833333333333332;819,49154321913;735,1649852623566;2101,8215094903326;15482,528227647077;721,4918438128608;2087,8388153349356;15079,419946867394;341,36052727996497;7183,565429596908;30516,43979787883
25,916666666666668;819,9717731054225;735,3980955807494;2108,163948919335;15545,132843401996;722,2075121339969;2082,4936123832204;15066,9031515918;342,6152603667216;7171,965239087475;30548,607876221926
26,0;820,4504687083137;735,6436447497764;2114,341938116826;15606,704129573793;722,9053957266875;2077,4905456427923;15056,359247058623;343,86959379587086;7160,347691080513;30580,50160564936
26,083333333333332;820,9276398003342;735,9021452754778;2120,170598963432;15666,034297168333;723,5853628540607;2072,832800859556;15047,82256381576;345,1235149080181;7148,713123686643;30612,121271925065
26,166666666666668;821,4032960609427;736,1741116021685;2125,63736312141;15723,036182494787;724,2472915852545;2068,5233851083117;15041,326136411735;346,3770110587869;7137,061873384741;30643,467163059406
26,25;821,877447077704;736,4600578167531;2130,7296114693545;15777,621799293163;724,8910713653149;2064,565095108374;15036,901480441586;347,63006961933326;7125,394275032338;30674,539569400848
26,333333333333332;822,3501023474481;736,7604951723473;2135,4347315237733;15829,702678756168;725,5166046518676;2060,960483888268;15034,578357620881;348,88267797686876;7113,7106618755615;30705,338783726227
26,416666666666668;822,8212712774124;737,0759294452919;2139,7401793775202;15879,190239487376;726,1238086047741;2057,7118260310854;15034,384530461746;350,13482353519265;7102,01136555869;30735,86510132955
26,5;823,2909631863645;737,4068581439101;2143,633545803013;15925,996185607999;726,7126168119529;2054,8210817935633;15036,345508555734;351,38649371523263;7090,296716133296;30766,11882010969
26,583333333333332;823,7591873057085;737,753767591653;2147,10262606136;15970,032930576399;727,2829810314769;2052,289860456246;15040,484288918818;352,63767595559426;7078,567042066978;30796,100240656342
26,666666666666668;824,2259527805732;738,1171299114574;2150,1354928513874;16011,214043629587;727,834872927036;2050,119383327421;15046,821093314074;353,88835771311835;7066,822670251713;30825,8096663347
26,75;824,6912686708839;738,4973999420714;2152,720571727895;16049,454715106342;728,36828577101;2048,3104468876636;15055,373105919783;355,13852646344645;7055,063926011822;30855,24740336882
26,833333333333332;825,1551439524181;738,8950121206318;2154,8467182203126;16084,672236292487;728,8832360868562;2046,8633866223197;15066,15421513809;356,38816970159417;7043,291133111562;30884,413760923242
26,916666666666668;825,617587517844;739,3103773687591;2156,5032957946587;16116,786488863021;729,379765200436;2045,7780421431917;15079,174763724743;357,63727494253175;7031,504613762359;30913,3090511837
27,0;826,0786081777427;739,7438800217303;2157,680253727122;16145,720438499879;729,8579406684272;2045,053724244918;15094,441311735764;358,8858297217721;7019,704688629683;30941,933589435866
27,083333333333332;826,5382146616171;740,1958748417649;2158,3682039003093;16171,400626867939;730,3178575512429;2044,6891845729542;15111,956417018271;360,13382159596586;7007,891676839559;30970,28769414306
27,166666666666668;826,9964156188817;740,6666841570203;2158,558495496305;16193,757655847005;730,7596394980496;2044,6825885954509;15131,7184380896;361,38123814350297;6996,065895984768;30998,371687022296
27,25;827,4532196198409;741,1565951674659;2158,2432865465335;16212,726657765497;731,1834396126362;2045,0314925676803;15153,721364237485;362,62806696512115;6984,22766213068;31026,185893118913
27,333333333333332;827,9086351566499;741,665857457342;2157,415611309375;16228,247745373124;731,5894410711326;2045,7328251530987;15177,954677515003;363,87429568452023;6972,377289820795;31053,73064087997
27,416666666666668;828,3626706442624;742,194680751432;2156,069442482698;16240,266435430594;731,9778574659234;2046,782874317243;15204,40325098454;365,119911948983;6960,515092081945;31081,006262225983
27,5;828,8153344213631;742,7432329489081;2154,1997473207603;16248,734040089159;732,3489328545431;2048,177280039703;15233,047287083573;366,3649034300011;6948,6413804291915;31108,01309262112
27,583333333333332;829,2666347512876;743,3116384641513;2151,802536811374;16253,608020674938;732,7029414977824;2049,9110332949244;15263,86229934141;367,6092578239075;6936,75646487043;31134,751471142208
27,666666666666668;829,7165798229258;743,8999768988089;2148,874907178407;16254,852299071325;733,0401872775547;2051,978481636986;15296,819139881709;368,8529628525132;6924,860653910701;31161,221740546313
27,75;830,1651777516154;744,5082820636001;2145,4150731029245;16252,437522591701;733,3610027920565;2054,373341589138;15331,88407422073;370,09600626374953;6912,95425455619;31187,424247336272
27,833333333333332;830,6124365800187;745,136541362185;2141,422392200383;16246,34127903813;733,6657481331722;2057,0887178906255;15369,018903849736;371,33837583231536;6901,037572317988;31213,359341825657
27,916666666666668;831,0583642789885;745,7846955429765;2136,897380445842;16236,548259511375;733,9548093586264;2060,117129495487;15408,181135994855;372,5800593603284;6889,110911215549;31239,027378201477
28,0;831,5029687484201;746,4526388183008;2131,841718400301;16223,050367463227;734,2285966787814;2063,450542057694;15449,324198838232;373,82104467798104;6877,174573779902;31264,428714585974
28,083333333333332;831,9462578180913;747,140219344;2126,258248252984;16205,846773418169;734,4875423848906;2067,080406479823;15492,397699388926;375,0613196442003;6865,2288610565865;31289,56371309649
28,166666666666668;832,3882392484895;747,8472400466012;2120,150961852283;16184,943915720896;734,7320985517708;2070,9977029555153;15537,34772016892;376,30087214731134;6853,274072608366;31314,43273990423
28,25;832,8289207316272;748,573459779731;2113,5249800472084;16160,35544855368;734,9627345529783;2075,192989805272;15584,117149963395;377,53969010570466;6841,310506517673;31339,036165291283
28,333333333333332;833,2683098918452;749,3185947866504;2106,3865237974055;16132,102139292583;735,1799344304709;2079,65645629629;15632,646043119157;378,77776146850664;6829,338459388839;31363,374363706436
28,416666666666668;833,7064142866034;750,0823204417487;2098,742877629871;16100,211718010649;735,4040884339258;2084,377978554204;15682,872001286738;380,01507421625286;6817,358226350078;31387,44771381917
28,5;834,1432414072614;750,8642732406213;2090,6023461213663;16064,718682574308;735,6395449310019;2088,924424369398;15731,9763332252;381,2516163615645;6805,370101055258;31411,25659857236
28,583333333333332;834,5787986798474;751,6640530060083;2081,974204166002;16025,66406330351;735,886739917631;2093,2035501205146;15779,35527493703;382,48737594982714;6793,374375685453;31434,80140523348
28,666666666666668;835,0130934658149;752,4812252753901;2072,8686418459774;15983,095151569225;736,1461107107785;2097,2062486970995;15824,945684077842;383,7223410598718;6781,371340950304;31458,082525444483
28,75;835,4461330627898;753,315323835387;2063,29670476062;15937,065196983676;736,4180942281737;2100,9233835445225;15868,683883545447;384,95649980465794;6769,361286089147;31481,100355269744
28,833333333333332;835,8779247053058;754,1658533682436;2053,2702306850724;15887,633078001742;736,7031251459299;2104,345825235593;15910,50587753079;386,1898403319587;6757,344498871978;31503,855295242975
28,916666666666668;836,3084755655296;755,0322921765137;2042,8017834265547;15834,862950799725;737,0016339439354;2107,464490636737;15950,347584773503;387,42235082504703;6745,321265600206;31526,347750412402
29,0;836,7377927539765;755,9140949535048;2031,9045847253988;15778,823881244396;737,3140448514904;2110,2703844588773;15988,145087939616;388,65401950338367;6733,291871107239;31548,578130384427
29,083333333333332;837,1658833202138;756,8106955689977;2020,5924450117918;15719,589464620396;737,6407737082559;2112,754642927829;16023,834897704777;389,8848346233057;6721,256598758892;31570,546849366125
29,166666666666668;837,5927542535558;757,7215098421094;2008,8796937804004;15657,237437558973;737,9822257580867;2114,908579254105;16057,354229788221;391,11478447871644;6709,21573045362;31592,254326205722
29,25;838,018412483749;758,6459382758193;1996,7811102861588;15591,849286329589;738,3387933956703;2116,7237305287185;16088,641292855005;392,3438574017752;6697,16954662259;31613,700984432053
29,333333333333332;838,4428648816468;759,5833687305267;1984,311855198243;15523,509855317448;738,7108538880103;2118,191905621671;16117,635584888207;393,5720417635881;6685,118326229606;31634,887252292334
29,416666666666668;838,8661182598744;760,5331790169544;1971,487403778002;15452,306959146172;739,0987670945872;2119,3052336147744;16144,278195345858;394,79932597489847;6673,062346770879;31655,813562788386
29,5;839,2881793734858;761,494739391682;1958,3234810730005;15378,331001513689;739,5028732114408;2120,0562122623533;16168,512110166028;396,0256984867771;6661,0018842746385;31676,48035371153
29,583333333333332;839,70905492061;762,4674149415052;1944,8359995450971;15301,674603412821;739,9234905653668;2120,4377559434565;16190,282516477484;397,2511477913123;6648,937213300631;31696,888067675765
29,666666666666668;840,1287515430893;763,4505678456233;1931,0409994776194;15222,432243013644;740,3609134848547;2120,443242548918;16209,537103723489;398,4756624222991;6636,868606939466;31717,037152149853
29,75;840,5472758271075;764,4435595072943;1916,9545924366503;15140,699909096267;740,81541027428;2120,066558737485;16226,226357816138;399,6992309559277;6624,796336811853;31736,92805948743
29,833333333333332;840,964634303811;765,445752549055;1902,59290799533;15056,574769559293;741,2872213171632;2119,3021429975834;16240,303844920678;400,92184201147086;6612,720673067696;31756,561246956106
29,916666666666668;841,3808334499196;766,4565126678255;1887,9720438688992;14970,154856179926;741,7765573330305;2118,145025966264;16251,7264815179;402,1434842519695;6600,641884385102;31775,93717676466
30,0;841,7958796883296;767,475210348221;1873,1080195523532;14881,538766488165;742,283597810564;2116,590867483893;16260,454787519984;403,3641463849172;6588,560237969252;31795,056316089176
30,083333333333332;842,2097793887093;768,5012224341523;1858,016733502714;14790,825383326213;742,8084896373564;2114,63598990252;16266,453119408798;404,58381716294275;6576,475999551186;31813,919137097266
30,166666666666668;842,6225388680846;769,5339335603159;1842,7139238639256;14698,113612409432;743,3513459437359;2112,2774072162497;16269,689880632885;405,8024853844904;6564,389433386498;31832,526116971356
30,25;843,0341643914177;770,5727374464694;1827,215132694218;14603,502137976251;743,9122451748814;2109,5128496424104;16270,137706822785;407,0201398944982;6552,3008022539125;31850,87773792999
30,333333333333332;843,4446621721784;771,6170380584581;1811,535673623706;14507,089196422347;744,4912304018984;2106,3407833513966;16267,773623766236;408,2367695850734;6540,210367453792;31868,974487247942
30,416666666666668;843,8540383729056;772,6662506408254;1795,690602843007;14408,97236764572;745,0883088787562;2102,7604251184493;16262,57917650567;409,4523633961655;6528,118388806575;31886,816857274993
30,5;844,2622991057638;773,719802626523;1779,6946933020054;14309,248383692191;745,7034518481261;2098,7717517506762;16254,540528373514;410,6669103162362;6516,0251246511025;31904,40534545293
30,583333333333332;844,6694504330893;774,7771344297437;1763,5624119810188;14208,012954178346;746,3365945952971;2094,375504224801;16243,648529252774;411,88039938292616;6503,930831842913;31921,74045433133
30,666666666666668;845,0754983679313;775,8377001282606;1747,3079000836406;14105,360607880648;746,9876367455928;2089,573186553084;16229,898752825584;413,09281968371823;6491,8357657524475;31938,822691581823
30,75;845,4804488745847;776,9009680418835;1730,944955991768;14001,384549810147;747,6564427971678;2084,367059474694;16213,291503040706;414,3041603565974;6479,740180263197;31955,652570011087
30,833333333333332;845,884307869115;777,966421213755;1714,4870208175291;13896,176533044438;748,3428428778144;2078,7601291451097;16193,831790477743;415,51441059070663;6467,64432776981;31972,23060757214
30,916666666666668;846,2870812198776;779,0335578012237;1697,9471663840002;13789,826744554668;749,0466337115204;2072,7561310651377;16171,529279702656;416,72355962699885;6455,548459176125;31988,557327374423
31,0;846,688774748029;780,1018913829652;1681,3380854663478;13682,423704248169;749,7675797780572;2066,35950955259;16146,398209083804;417,93159675888455;6443,452823893181;32004,633257692396
31,083333333333332;847,0893942280323;781,1709511888886;1664,672084126596;13574,054176439222;750,5054146468777;2059,5753931119007;16118,457284864822;419,1385113328751;6431,357669837167;32020,45893197262
31,166666666666668;847,4889453881545;782,240282259177;1647,9610759785942;13464,803092964832;751,25984246508;2052,4095660995354;16087,7295515645;420,3442927492213;6419,263243427358;32036,03488883985
31,25;847,8874339109581;783,3094455385822;1631,2165782244392;13354,75348717287;752,0305395781603;2044,8684371153329;16054,242240988207;421,54893046254705;6407,169789583998;32051,361672101164
31,333333333333332;848,2848654337864;784,378017911832;1614,4497093093973;13243,986438029524;752,8171562617184;2036,9590045719524;16018,026602296293;422,7524139824782;6395,077551726165;32066,43983074912
31,416666666666668;848,6812455492417;785,4455921857235;1597,6711880488608;13132,581023615925;753,6193185421696;2028,688819906445;15979,117715673156;423,9547328742658;6382,986771769623;32081,269918963422
31,5;849,0765798056572;786,5117770231775;1580,8913340879542;13020,614283309922;754,436630084814;2020,065948900282;15937,554292187615;425,15587675940446;6370,897690124638;32095,852496111143
31,583333333333332;849,4708737075641;787,5761968342194;1564,1200695619914;12908,161187982241;755,2686741282876;2011,098931567916;15893,37846242967;426,3558353162445;6358,81054569379;32110,188126745717
31,666666666666668;849,8641327161503;788,6384916285441;1547,366921833617;12795,294617565338;756,115015445396;2001,796741059627;15846,63555645775;427,55459828059867;6346,725575869794;32124,27738060459
31,75;850,2563622497145;789,6983168340078;1530,641027190154;12682,08534538885;756,9752023115802;1992,168742003528;15797,373877497572;428,75215544634284;6334,643016533274;32138,120832605382
31,833333333333332;850,647567684115;790,7553430850897;1513,9511353926678;12568,602028708247;757,8487684637043;1982,2246486853526;15745,644471711264;429,9484966660104;6322,563102050574;32151,719062840813
31,916666666666668;851,0377543532103;791,8092559850668;1497,3056149756303;12454,911204889275;758,7352350334565;1971,9744834337255;15691,500896200809;431,14361185138046;6310,486065271569;32165,07265657246
32,0;851,4269275492967;792,8597558453577;1480,7124592035875;12341,07729274154;759,6341124413418;1961,428535544767;15634,99898723661;432,33749097405956;6298,412137527447;32178,182204222867
32,083333333333336;851,8150925235385;793,9065574052191;1464,179292598476;12227,162598529836;760,5449022389901;1950,597321044041;15576,19663051695;433,5301240660566;6286,341548628557;32191,048301366714
32,166666666666664;852,2022544863936;794,9493895347135;1447,7133779579844;12113,227326223217;761,4670988892481;1939,4915435466546;15515,153535065443;434,72150122035094;6274,274526862228;32203,6715487205
32,25;852,5884186080319;795,9879949236184;1431,3216237920017;11999,32959157101;762,4001914752423;1928,1220564393427;15451,931012174953;435,91161259145355;6262,21129899064;32216,05255213108
32,333333333333336;852,9735900187512;797,0221297587152;1415,0105921103375;11885,525439626126;763,3436653312542;1916,4998265717795;15386,591760608697;437,100448395961;6250,152090248675;32228,19192256268
32,416666666666664;853,357773809385;798,0515633916723;1398,7865065009005;11771,86886536323;764,2970035898169;1904,6358996093115;15319,199659075291;438,2879989131022;6238,0971243418535;32240,090276083065
32,5;853,7409750317069;799,0760779995335;1382,6552604428173;11658,411837064947;765,2596886409083;1892,541367165822;15249,819566810618;439,4742544852774;6226,046623444242;32251,748233848157
32,583333333333336;854,1231986988286;800,09546823963;1366,6224258043344;11545,204322175241;766,2312035004579;1880,2273358044697;15178,517132922994;440,65920551859017;6214,0008081964415;32263,16642208553
32,666666666666664;854,5044497855938;801,109540900555;1350,693261479964;11432,29431534188;767,2110330866032;1867,704897965376;15105,358614999792;441,8428424833707;6201,959897703576;32274,345472076755
32,75;854,8847332289665;802,1181145506758;1334,8727221259708;11319,727868391243;768,1986654032153;1854,9851048535513;15030,410707322146;443,0251559146921;6189,924109533346;32285,28602013845
32,833333333333336;855,2640539284149;803,1210191855057;1319,1654669572672;11207,549122000184;769,193592631171;1842,078941297214;14953,740378904015;444,2061364128783;6177,893659714116;32295,98870760214
32,916666666666664;855,6424167462898;804,1180958751148;1303,57586857273;11095,800338848552;770,1953121286671;1828,9973025664333;14875,414721452069;445,38577464400373;6165,868762733049;32306,454180793127
33,0;856,0198265081988;805,1091964126341;1288,1080217793738;10984,52193805177;771,2033273425772;1815,7509731244822;14795,500807238102;446,5640613403847;6153,849631534291;32316,68309100801
33,083333333333336;856,3962880033753;806,094182964783;1272,7657523891166;10873,752530691389;772,2171486334303;1802,3506072694595;14714,065556788046;447,7409873010625;6141,836477517211;32326,67609449109
33,166666666666664;856,7718059850436;807,0729277252468;1257,5526259648059;10763,528956276325;773,2362940170642;1788,8067116113314;14631,175616213717;448,91654339227796;6129,8295105346915;32336,433852409766
33,25;857,1463851707786;808,0453125716265;1242,4719564949187;10653,886319980058;774,2602898263772;1775,129629319561;14546,897243950876;450,0907205479372;6117,828938891484;32345,9570308287
33,333333333333336;857,5200302428615;809,011228726598;1227,526814978802;10544,85803051349;775,2886712968843;1761,3295260685295;14461,29620661584;451,2635097700689;6105,83496934262;32355,24630068285
33,416666666666664;857,8927458486311;809,970576423831;1212,7200379065869;10436,475838504628;776,320983079983;1747,4163776020143;14374,437683650945;452,4349021292721;6093,847807091889;32364,302337749625
33,5;858,2645366008308;810,923264579144;1198,0542356200033;10328,769875267188;777,3567796879609;1733,3999588337724;14286,386180399379;453,60488876515586;6081,8676557903855;32373,12582261983
33,583333333333336;858,6354070779505;811,8692104673063;1183,5318005421698;10221,768691849653;778,3956258748461;1719,2898343984853;14197,20544922564;454,77346088676927;6069,894717535123;32381,717440667504
33,666666666666664;859,0053618245652;812,8083394048324;1169,1549152661055;10115,499298267609;779,4370969572108;1705,095350565968;14106,95841828452;455,9406097730223;6057,9291928677185;32390,07788201884
33,75;859,37440535167;813,7405844390619;1154,9255604933194;10009,987202828219;780,4807790790057;1690,825628431281;14015,70712753157;457,1063267730975;6045,971280773143;32398,207841519976
33,833333333333336;859,7425421370084;814,6658860437653;1140,8455228152036;9905,256451465952;781,5262694244374;1676,4895582941158;13923,512671565868;458,27060330685254;6034,021178678588;32406,108018703915
33,916666666666664;860,1097766253997;815,5841918214729;1126,9164023310764;9801,32966701477;782,5731763827904;1662,0957951421342;13830,435148897584;459,4334308652128;6022,079082452338;32413,779117756414
34,0;860,4761132290608;816,4954562126809;1113,1396200981699;9698,228088347423;783,6211196689808;1647,6527551554482;13736,53361723806;460,5948010105549;6010,145186402804;32421,22184748075
34,083333333333336;860,8415563279236;817,3996402120547;1099,5164254094989;9595,971609322673;784,669730403474;1633,1686131517013;13641,86605441987;461,75470537708037;5998,21968327759;32428,436921261757
34,166666666666664;861,2061102699495;818,2967110917147;1086,0479028967234;9494,57881748209;785,7186511550469;1618,651300894555;13546,489324565202;462,9131356711799;5986,302764262648;32435,42505702885
34,25;861,5697793714406;819,1866421316614;1072,7349794558704;9394,067032446283;786,7675359497039;1604,1085061916792;13450,459149134467;464,07008367178736;5974,394618981544;32442,18697721789
34,333333333333336;861,9325679173452;820,0694123573704;1059,5784309944804;9294,452343965479;787,8160502488793;1589,5476727119062;13353,830082502454;465,22554123072456;5962,4954354947995;32448,723408732752
34,416666666666664;862,2944801615608;820,9450062845643;1046,578888999369;9195,749649581308;788,8638708998853;1574,9760004549007;13256,655491724336;466,37950027303583;5950,60540029931;32455,035082905204
34,5;862,6555203272347;821,8134136711479;1033,7368469249127;9097,972691863397;789,9106860613808;1560,4004468106043;13158,987540171162;467,5319527973126;5938,724698327876;32461,122735454566
34,583333333333336;863,0156926070582;822,674629276275;1021,05266640217;9001,134095186957;790,9561951064615;1545,8277281493956;13060,877174732504;468,6828908760084;5926,853512948832;32466,987106446206
34,666666666666664;863,3750011635591;823,528652626499;1008,5265832695796;8905,245402020902;792,0001085057991;1531,2643218876813;12962,374116298484;469,83230665574325;5914,992025965747;32472,6289402493
34,75;863,7334501293911;824,375487788944;996,1587134265017;8810,317108699523;793,0421476930844;1516,7164689774006;12863,526853252732;470,98019235759847;5903,140417617237;32478,04898549366
34,833333333333336;864,0910436076181;825,215143151423;983,9490585111776;8716,358700654442;794,0820449148686;1502,190176771518;12764,38263772396;472,1265402774011;5891,29886657689;32483,247995026104
34,916666666666664;864,4477856719961;826,0476312094162;971,897511404876;8623,37868708422;795,1195430667372;1487,691222220927;12664,98748435901;473,27134278599834;5879,467549953255;32488,226725865366
35,0;864,8036803672526;826,872968359815;960,0038615644991;8531,384635045257;796,1543955176035;1473,2251553617537;12565,386171398266;474,4145923295216;5867,646643289967;32492,98593915712
35,083333333333336;865,1587317093604;827,6911747013287;948,2678001859398;8440,38320294508;797,1863659237634;1458,7973030550438;12465,622243846756;475,55628142964053;5855,836320565964;32497,526400127565
35,166666666666664;865,5129436858103;828,5022738414426;936,6889252007923;8350,380173425889;798,2152280342195;1444,412772943935;12365,738018550634;476,69640268380664;5844,036754195798;32501,848878036486
35,25;865,8663202558802;829,3062927098129;925,2667461091932;8261,380485625883;799,2407654886537;1430,0764575963046;12265,774591002426;477,8349487654868;5832,2481150300555;32505,954146129796
35,333333333333336;866,2188653508993;830,1032613779751;914,0006886516829;8173,388266807743;800,2627716093111;1415,7930388035631;12165,771843710545;478,9719124243863;5820,470572355901;32509,842981591326
35,416666666666664;866,570582874512;830,8932128852437;902,8900993231048;8086,406863345878;801,2810491879432;1401,5669920087475;12065,76845598063;480,1072864866618;5808,704293897695;32513,51616549352
35,5;866,921476702936;831,6761830706718;891,9342497317075;8000,438871066838;802,2954102688526;1387,402590839587;11965,801914969945;481,24106385512385;5796,949445817752;32516,9744827481
35,583333333333336;867,27155068522;832,4522104109412;881,1323408066073;7915,486164936222;803,3056759289904;1373,3039117242731;11865,908527884285;482,3732375094292;5785,206192717183;32520,218722055808
35,666666666666664;867,620808643495;833,2213358640495;870,4835068569679;7831,5499280888025;804,3116760559592;1359,274838569879;11766,123435198253;483,5038005062625;5773,4746976368615;32523,249675855346
35,75;867,9692543732274;833,9836027186586;859,9868194861386;7748,630680199417;805,313249124698;1345,3190674851364;11666,480624789521;484,6327459795082;5761,755122058487;32526,06814027207
35,833333333333336;868,3168916434638;834,7390564489715;849,6412913642189;7666,728305193584;806,3102419735425;1331,4401115312492;11567,012946885663;485,76006714041154;5750,047625905789;32528,67491506596
35,916666666666664;868,6637241970773;835,4877445749979;839,4458798623077;7585,842078296507;807,3025095802875;1317,6413054858283;11467,75212972995;486,88575727772985;5738,352367545784;32531,070803578925
36,0;869,0097557510089;836,2297165280753;829,3994905519838;7505,9706924224365;808,2899148388091;1303,9258106067825;11368,728795881441;488,0098097578731;5726,669503790211;32533,256612681518
36,083333333333336;869,3549899965064;836,9650235215087;819,5009805733406;7427,112283906136;809,2723283367458;1290,296619384247;11269,972479071206;489,13221802503415;5714,9991898970375;32535,23315271974
36,166666666666664;869,6994305993603;837,6937184261926;809,7491618749444;7349,264457577478;810,2496281346826;1276,7565602699144;11171,511641540612;490,25297560130934;5703,341579572085;32537,00123746027
36,25;870,0430812001381;838,4158556510827;800,1428043291924;7272,42431118526;811,2216995472292;1263,3083023744025;11073,37369179784;491,372076086808;5691,696824970764;32538,561684036144
36,333333333333336;870,3859454144146;839,1314910283812;790,6806387263856;7196,588459172334;812,1884349263408;1249,954360124315;10975,585002730804;492,4895131597525;5680,065076699951;32539,915312891568
36,416666666666664;870,7280268330004;839,8406817033067;781,3613596508333;7121,753055808017;813,1497334471842;1236,6970978715663;10878,170930020277;493,6052805765675;5668,446483819931;32541,062947726325
36,5;871,0693290221678;840,5434860283148;772,1836282423425;7047,913817683161;814,1055008968139;1223,5387344485944;10781,155830803367;494,71937217195966;5656,841193846493;32542,005415439697
36,583333333333336;871,409855523873;841,2399634616422;763,1460748463269;6975,066045573772;815,0556494658917;1210,481347663772;10684,56308253978;495,8317818589867;5645,249352753122;32542,743546074096
36,666666666666664;871,7496098559776;841,9301744700477;754,2473015557704;6903,204645680636;816,0000975436451;1197,5268787321024;10588,41510203758;496,9425036291166;5633,671104973295;32543,27817275814
36,75;872,0885955124662;842,6141804356221;745,4858846482466;6832,324150251521;816,9387695162351;1184,6771366370658;10492,733364600517;498,0515315522769;5622,106593402916;32543,610131649573
36,833333333333336;872,4268159636621;843,2920435665459;736,8603769211035;6762,418737593652;817,8715955686774;1171,9338024199114;10397,53842325915;499,15885977689385;5610,555959402839;32543,740261877625
36,916666666666664;872,7642746564402;843,9638268116734;728,3693099279049;6693,482251485288;818,7985114904357;1159,2984333934237;10302,849928053844;500,2644825299215;5599,019342801524;32543,6694054851
37,0;873,1009750144383;844,6295937788229;720,0111961191709;6625,5082199937015;819,7194584847845;1146,7724672775964;10208,686645339207;501,3683941168612;5587,49688189778;32543,39840737016
37,083333333333336;873,436920438265;845,2894086566578;711,7845308903838;6558,489873709515;820,6343829820221;1134,3572262551438;10115,06647708158;502,47058892177114;5575,988713463656;32542,928115227714
37,166666666666664;873,772114305706;845,9433361400421;703,6877945401812;6492,420163406016;821,5432364565925;1122,0539209451622;10022,006480125545;503,57106140726586;5564,494972747409;32542,259379490803
37,25;874,1065599719282;846,591441358761;695,7194541415987;6427,291777132274;822,4459752481627;1109,8636542936638;9929,52288540415;504,66980611450646;5553,015793476603;32541,393053271182
37,333333333333336;874,4402607696804;847,2337898094939;687,8779653291787;6363,097156751027;823,3425603866873;1097,787425380017;9837,63111707344;505,7668176631808;5541,551307861326;32540,329992300212
37,416666666666664;874,7732200094932;847,8704472909345;680,1617740046623;6299,828513929744;824,2329574214779;1085,8261331386043;9746,345811551151;506,86209075147434;5530,101646597494;32539,071054869208
37,5;875,105440979876;848,5014798419519;672,5693179639677;6237,477845595858;825,1171362542856;1073,9805799953265;9655,680836441068;507,9556201560312;5518,666938870283;32537,61710176962
37,583333333333336;875,4369269475117;849,1269536826909;665,0990284481026;6176,036948865745;825,9950709763931;1062,2514754187962;9565,64930932735;509,0474007319061;5507,247312357672;32535,968996232954
37,666666666666664;875,7676811574494;849,7469351585113;657,7493316205192;6115,497435458405;826,8667397097054;1050,6394393862697;9476,26361642433;510,1374274125066;5495,842893234083;32534,127603870736
37,75;876,0977068332953;850,3614906866677;650,518649973452;6055,850745603219;827,7321244518189;1039,14500576456;9387,53543106694;511,22569520952607;5484,453806174141;32532,09379261401
37,833333333333336;876,4270071774009;850,9706867056359;643,4054036656903;5997,088161453407;828,5912109250423;1027,7686256063741;9299,475732030214;512,3121992128675;5473,080174356539;32529,868432652864
37,916666666666664;876,7555853710496;851,5745896269918;636,4080117941256;5939,200820015084;829,4439884293364;1016,5106703626201;9212,094821666893;513,3969345905585;5461,7221194680005;32527,452396375815
38,0;877,0834445746411;852,1732657897535;629,5248936014445;5882,179725602434;830,2904496991335;1005,3714350114059;9125,402343851138;514,4798965886563;5450,379761707366;32524,846558309047
38,083333333333336;877,4105879278737;852,7667814170968;622,7544696221912;5826,0157618302555;831,1305907639952;994,3511411045363;9039,40730172122;515,5610805311445;5439,053219789773;32522,051795055446
38,166666666666664;877,7370185499249;853,3552025753607;616,0951627694232;5770,699703153592;831,9644108130582;983,4499397324189;8954,118075210883;516,640481819821;5427,742610950938;32519,068985233887
38,25;878,0627395396293;853,9385951352575;609,545399364103;5716,2222259660775;832,7919120632195;972,6679144084171;8869,542438362243;517,7180959341767;5416,448050951557;32515,899009417884
38,333333333333336;878,3877539756562;854,5170247352064;603,1036101092951;5662,573919266418;833,6130996310051;962,0050838737096;8785,687576413802;518,7939184312653;5405,169654081788;32512,542750074696
38,416666666666664;878,7120649166827;855,0905567467138;596,7682310112451;5609,745294905482;834,4279814080668;951,4614048238367;8702,56010265699;519,8679449455649;5393,907533165864;32509,001091504382
38,5;879,0356754015679;855,6592562417206;590,5377042492233;5557,726797421466;835,2365679402459;941,0367745580886;8620,166075054529;520,9401711888312;5382,6617995667675;32505,27491977827
38,583333333333336;879,3585884495228;856,2231879618445;584,4104789961818;5506,50881347731;836,0388723101452;930,731033553093;8538,511012618168;522,0105929499417;5371,432563191051;32501,36512267812
38,666666666666664;879,6808070602797;856,7824162894431;578,3850121919585;5456,0816809075295;836,8349100231442;920,543967961775;8457,599911538628;523,0792060947318;5360,219932493716;32497,27258963493
38,75;880,0023342142589;857,3370052204297;572,4597692709153;5406,4356973866925;837,6246988967963;910,4753120391294;8377,43726106568;524,1460065658227;5349,024014483218;32492,99821166777
38,833333333333336;880,3231728727352;857,887018338771;566,6332248457309;5357,561128728748;838,4082589535404;900,5247504960801;8298,027059133941;525,2109903824411;5337,844914726542;32488,54288132268
38,916666666666664;880,643325978;858,432518792603;560,9038633491053;5309,448216828135;839,1856123166634;890,6919207828887;8219,372827732732;526,2741536402305;5326,682737354412;32483,90749261182
39,0;880,9627964535247;858,9735692718995;555,2701796349254;5262,087187251522;839,9567831094467;880,9764153034024;8141,477628015351;527,3354925110553;5315,537585066543;32479,09294095225
39,083333333333336;881,28158720412;859,5102319876318;549,7306795406303;5215,4682564916875;840,7217973574304;871,377783561656;8064,344075148229;528,3950032427966;5304,40955913704;32474,100123105312
39,166666666666664;881,5997011160947;860,0425686523589;544,2838804122061;5169,581638891283;841,4806828937282;861,8955342421533;7987,9743528962235;529,4526821591401;5293,29875941985;32468,92993711569
39,25;881,9171410574121;860,5706404621905;538,9283115933949;5124,417553247748;842,2334692673269;852,5291372252891;7912,370227943723;530,5085256593562;5282,20528435432;32463,5832822508
39,333333333333336;882,2339098778458;861,0945080800651;533,662514880541;5079,966229107995;842,9801876543046;843,2780255393108;7837,533063950525;531,5625302180737;5271,129230970838;32458,061058940177
39,416666666666664;882,5500104091325;861,6142316202903;528,4850449445173;5036,217912762526;843,7208707718995;834,1415972502509;7763,463835341294;532,6146923850446;5260,070694896582;32452,364168715172
39,5;882,8654454651244;862,1298706342906;523,3944697210546;4993,162872947814;844,4555527953661;825,1192172912006;7690,163140828872;533,6650087849027;5249,029770361319;32446,493514148562
39,583333333333336;883,1802178419391;862,6414840975121;518,389370770845;4950,791406266251;845,1842692775507;816,2102192323634;7617,631216670628;534,7134761169144;5238,006550203325;32440,44999879444
39,666666666666664;883,494330318109;863,1491303974358;513,4683436106741;4909,093842332812;845,9070570711241;807,4139069932538;7545,867949659119;535,7600911547227;5227,00112587537;32434,234527128483
39,75;883,8077856547275;863,6528673226487;508,6299980168292;4868,060548656306;846,623954253405;798,7295564984283;7474,872889846032;536,8048507460836;5216,013587450794;32427,84800448798
39,833333333333336;884,1205865955953;864,1527520529295;503,87295830196877;4827,6819352641705;847,3350000537125;790,1564172781018;7404,645263001225;537,8477518125973;5205,044023629658;32421,291337012302
39,916666666666664;884,4327358673647;864,6488411503022;499,1958635666464;4787,948459079812;848,0402347831832;781,69371401501;7335,1839828075645;538,8887913494302;5194,092521744971;32414,56543158368
40,0;884,7442361796809;865,141190551015;494,597367926562;4748,850628059902;848,7396997669928;773,3406480388569;7266,487662792327;539,9279664250328;5183,159167769018;32407,67119576803
40,083333333333336;885,0550902253249;865,6298555584025;490,07614071664705;4710,379005099588;849,4334372789198;765,096398769623;7198,554627996544;540,9652741808488;5172,244046319722;32400,60953775604
40,166666666666664;885,365300680352;866,114890836591;485,6308666730598;4672,524211714296;850,1214904781915;756,9601251111085;7131,382926383987;542,0007118310199;5161,347240667141;32393,381366304617
40,25;885,6748702042305;866,5963504050085;481,26024609402407;4635,276931504881;850,8039033485535;748,9309667959104;7064,970339991623;543,0342766620823;5150,468832739982;32385,987590678313
40,333333333333336;885,9838014399782;867,07428763366;476,96299498055055;4598,627913414686;851,480720639503;741,0080456831365;6999,314395822861;544,0659660326592;5139,608903132223;32378,42912059147
40,416666666666664;886,2920970142978;867,5487552391348;472,737845157954;4562,567974784782;852,1519878096308;733,1904670100962;6934,41237648592;545,0957773731451;5128,767531109785;32370,70686615014
40,5;886,5997595377116;868,0198052813079;468,5835443790751;4527,088004215807;852,8177509720127;725,477320599175;6870,261330579914;546,1237081853857;5117,944794617291;32362,82173779477
40,583333333333336;886,9067916046932;868,4874891607034;464,49885641009416;4492,178964241598;853,4780568415981;717,8676820211017;6806,858082829377;547,1497560423516;5107,140770284889;32354,774646242735
40,666666666666664;887,2131957937991;868,9518576164877;460,4825610997466;4457,831893823842;854,132952684538;710,3606137157714;6744,19924397205;548,1739185878057;5096,355533435125;32346,56650243146
40,75;887,5189746677986;869,4129607250596;456,53345443278397;4424,037910672504;854,7824862694022;702,9551660717964;6682,281220400451;549,1961935359661;5085,589158089901;32338,198217461882
40,833333333333336;887,8241307738033;869,870847899209;452,6503485684742;4390,788213399226;855,4267058202307;695,6503784659242;6621,10022356036;550,2165786711628;5074,8417169774875;32329,67070254198
40,916666666666664;888,1286666433925;870,3255678878136;448,83207186485663;4358,074083510689;856,0656599713706;688,4452802634171;6560,652279110092;551,2350718474892;5064,113281539608;32320,98486893112
41,0;888,4325847927412;870,7771687760467;445,07746888947395;4325,886887246402;856,6993977240444;681,3388917804668;6500,933235841549;552,2516709884486;5053,40392193855;32312,141627884033
41,083333333333336;888,7358877227434;871,2256979860691;441,3854004173629;4294,218077269064;857,3279684046054;674,3302252098068;6441,938774367503;553,2663740865954;5042,7137070643885;32303,141890595765
41,166666666666664;889,0385779191364;871,6712022781785;437,75474341685765;4263,05919421158;857,9514216244269;667,4182855104336;6383,664415577757;554,2791792031717;5032,04270454222;32293,986568146847
41,25;889,340657852623;872,1137277523917;434,18439102394757;4232,401868087824;858,5698072413816;660,6020712625775;6326,105528866532;555,2900844677382;5021,390980739471;32284,67657144859
41,333333333333336;889,6421299789918;872,5533198504367;430,6732525057839;4202,237819571613;859,1831753228628;653,8805754888815;6269,257340135734;556,2990880778018;5010,7586007732725;32275,21281118915
41,416666666666664;889,9429967392377;872,99002335813;427,22025321387775;4172,558861149459;859,7915761103034;647,2527864427409;6213,114939575584;557,3061882984372;5000,145628517849;32265,59619777957
41,5;890,2432605596803;873,4238824081187;423,8243345276942;4143,356898152907;860,3950599851476;640,7176883648555;6157,673289226943;558,3113834619045;4989,552126612009;32255,827641300366
41,583333333333336;890,5429238520813;873,8549404829647;420,48445378903807;4114,623929675438;860,9936774362322;634,2742622088201;6102,927230329349;559,314671967263;4978,978156466636;32245,908051448874
41,666666666666664;890,8419890137608;874,283240418551;417,1995842279159;4086,3520493781066;861,5874790285361;627,9214863367934;6048,871490456235;560,3160522799801;4968,423778272274;32235,83833748645
41,75;891,1404584277116;874,7088244077919;413,96871488024374;4058,533446189228;862,1765153732545;621,6583371860243;5995,500690442308;561,315522931536;4957,88905100671;32225,619408186274
41,833333333333336;891,4383344627146;875,1317340046256;410,79085049799176;4031,1604049030434;862,7608370991603;615,4837899072135;5942,809351106042;562,3130825190246;4947,374032442634;32215,252171781805
41,916666666666664;891,7356194734506;875,5520101282737;407,6650114522238;4004,225306681179;863,3404948252108;609,3968189755282;5890,79189977078;563,3087297047513;4936,878779155349;32204,737535915407
42,0;892,0323158006117;875,9696930677488;404,5902336294233;3977,720629462141;863,9155391343623;603,3963987750946;5839,4426765880635;564,3024632158251;4926,403346530489;32194,07640758759
42,083333333333336;892,3284257710133;876,3848224865947;401,56556832157264;3951,6389482817435;864,4860205485551;597,4815041577996;5788,75594066637;565,2942818437493;4915,947788771799;32183,269693106453
42,166666666666664;892,6239516977014;876,7974374278415;398,590082110465;3925,9729355098407;865,0519895048313;591,6511109772364;5738,725876009367;566,2841844440071;4905,512158908959;32172,318298037808
42,25;892,9188958800634;877,2075763191632;395,6628567464975;3900,7153610069645;865,6134963325516;585,9041965984885;5689,346597266763;567,272169935644;4895,0965088054145;32161,223127155663
42,333333333333336;893,2132606039336;877,6152769782203;392,7829890225041;3875,859092204137;866,1705912316729;580,2397403846257;5640,6121553017;568,2582373008477;4884,70088916629;32149,985084393244
42,416666666666664;893,5070481417005;878,0205766181754;389,94959064283137;3851,397094109886;866,7233242520565;574,656724160539;5592,516542577651;569,2423855845236;4874,325349546289;32138,605072794253
42,5;893,8002607524116;878,4235118533674;387,1617880881274;3827,322429248593;867,2717452737703;569,1541326549343;5545,053698369314;570,2246138938686;4863,969938357653;32127,08399446483
42,583333333333336;894,0929006818782;878,8241187051326;384,4187224761072;3803,6282575329856;867,8159039883549;563,7309539211285;5498,217513800339;571,2049213979407;4853,634702878145;32115,42275052603
42,666666666666664;894,3849701627774;879,2224326077591;381,7195494186393;3780,3078360737663;868,3558498810208;558,3861797373702;5452,0018367114135;572,1833073272261;4843,319689259062;32103,622241066478
42,75;894,6764714147557;879,6184884145637;379,0634388754597;3757,3545189309116;868,8916322137474;553,1188059873278;5406,400476363036;573,1597709732042;4833,02494253327;32091,683365095767
42,833333333333336;894,9674066445297;880,0123204040805;376,4495750048013;3734,761756808061;869,4233000092509;547,9278330214278;5361,407207975301;574,1343116879092;4822,7505066232725;32079,60702049828
42,916666666666664;895,2577780459856;880,4039622863495;373,8771560112298;3712,523096694878;869,9509020357962;542,8122659996747;5317,015777109602;575,1069288834892;4812,496424349307;32067,394103987448
43,0;895,5475878002795;880,7934472092958;371,3453939909016;3690,6321814582793;870,4744867928208;537,7711152165248;5273,219903894618;576,0776220317634;4802,262737437445;32055,045511060624
43,083333333333336;895,8368380759356;881,1808077651897;368,8535147745938;3669,082749386834;870,9941024973444;532,8033964084977;5230,013287100042;577,0463906637768;4792,0494865277415;32042,562135954195
43,166666666666664;896,1255310289426;881,5660759971778;366,4007577686476;3647,868633690933;871,5097970711377;527,9081310450619;5187,389608063309;578,0132343693523;4781,856711182381;32029,944871599666
43,25;896,4136688028514;881,9492834058774;363,9863757941214;3626,98376195966;872,0216181286233;523,084346603356;5145,342534469691;578,9781527966411;4771,684449893855;32017,19460957966
43,333333333333336;896,7012535288695;882,3304609560248;361,60963492434917;3606,422155579405;872,5296129654846;518,3310768273453;5103,865723991986;579,9411456516713;4761,532740093154;32004,31224008485
43,416666666666664;896,9882873259565;882,7096390831698;359,269814321118;3586,1779291147645;873,0338285479557;513,6473619719297;5062,952827791625;580,9022126978939;4751,401618157974;31991,298651871413
43,5;897,274772300917;883,0868477004093;356,9662060696686;3566,2452896538325;873,5343115027706;509,032249032517;5022,597493884522;581,8613537557278;4741,29111942094;31978,154732218507
43,583333333333336;897,560710548494;883,4621162051521;354,6981150126925;3546,6185361228177;874,0311081077465;504,4847919606107;4982,793370376479;582,8185687021027;4731,201278177838;31964,881366886995
43,666666666666664;897,84610415146;883,8354734859088;352,46485858354504;3527,2920585677475;874,5242642829796;500,0040518658834;4943,534108568718;583,7738574700002;4721,13212769587;31951,479440078045
43,75;898,1309551807094;884,206947929099;350,2657666387819;3508,2603374099594;875,0138255826303;495,589097205209;4904,813365939834;584,7272200479941;4711,083700221899;31937,949834392697
43,833333333333336;898,415265695347;884,5765674258714;348,1001812902605;3489,5179426731042;875,4998371872765;491,23900395918184;4866,6248090045465;585,6786564797892;4701,056026990729;31924,293430791597
43,916666666666664;898,6990377427786;884,9443593789294;345,9674567368893;3471,0595331874606;875,9823438968155;486,9528557964976;4828,962116054556;586,6281668637575;4691,049138233367;31910,511108555485
44,0;898,9822733587987;885,3103507093575;343,86695909622915;3452,879855770142;876,4613901238911;482,72974422671723;4791,818979783503;587,5757513524757;4681,063063185316;31896,60374524622
44,083333333333336;899,264974567679;885,6745678634429;341,7980662360293;3434,97374438467;876,9370198878299;478,5687687417868;4755,18910979902;588,5214101522588;4671,097830094845;31882,572216668144
44,166666666666664;899,5471433822538;886,0370368194875;339,76016760590255;3417,336119281936;877,4092768090644;474,46903694679304;4719,066235025595;589,4651435226953;4661,153466231303;31868,4173968303
44,25;899,8287818040075;886,3977830946055;337,75266406915705;3399,9619861217952;877,8782041040262;470,42966468027475;4683,444106000186;590,4069517761794;4651,229997893378;31854,140157908478
44,333333333333336;900,1098918231586;886,7568317515023;335,77496773504834;3382,8464350804684;878,3438445804909;466,4497761246025;4648,3164970652515;591,3468352774439;4641,327450417421;31839,741370208954
44,416666666666664;900,3904754187449;887,1142074052304;333,8265017914068;3365,984639941587;878,8062406333567;462,52850390668857;4613,677208459377;592,2847944430915;4631,44584818572;31825,221902131478
44,5;900,6705345587067;887,4699342299183;331,90670033786205;3349,371857174654;879,2654342408398;458,66498918950083;4579,520068311471;593,2208297411258;4621,585214634801;31810,582620133722
44,583333333333336;900,9500711999697;887,8240359654687;330,0150082197092;3333,0034250018625;879,7214669610713;454,858381754671;4545,838934538625;594,1549416904817;4611,745572263712;31795,824388695917
44,666666666666664;901,2290872885268;888,1765359242231;328,1508808625233;3316,8747624530897;880,174379929077;451,10784007659004;4512,627696651728;595,0871308605554;4601,92694264232;31780,948070285856
44,75;901,5075847595202;888,5274569975883;326,3137841075917;3300,9813684129426;880,6242138541274;447,4125313883087;4479,880277471983;596,0173978707338;4592,129346419571;31765,954525324796
44,833333333333336;901,7855655373206;888,876821662623;324,50319404829884;3285,3188206582345;881,0710090174417;443,7716317395966;4447,590634759131;596,9457433899245;4582,352803331796;31750,844612153636
44,916666666666664;902,0630315356085;889,224651988581;322,7185968674405;3269,8827748888075;881,5148052702301;440,18432604742657;4415,752762755924;597,8721681360839;4572,597332210942;31735,619186999564
45,0;902,339984657452;889,5709696434078;320,95948867568893;3254,668963752884;881,9556420320622;436,64980813929077;4384,360693650321;598,7966728757472;4562,862950992869;31720,27910394364
45,083333333333336;902,6164267953857;889,9157959001902;319,22537535110393;3239,6731958660707;882,393558289547;433,16728078953247;4353,40849895812;599,7192584235567;4553,149676725572;31704,825214888388
45,166666666666664;902,8923598314881;890,2591516435533;317,51577237988613;3224,8913548275987;882,8285925953105;429,73595574907307;4322,8902908284435;600,6399256417911;4543,457525577435;31689,258369526196
45,25;903,1677856374588;890,6010573760055;315,83020469836924;3210,319398232234;883,2607830672598;426,35505376877336;4292,800223274788;601,558670364289;4533,786512845454;31673,579415308344
45,333333333333336;903,4427060746945;890,9415332242285;314,16820653633124;3195,9533566809255;883,690167388119;423,0238046167284;4263,132493333307;602,476000904116;4524,136729097547;31657,789521007282
45,416666666666664;903,7171229943639;891,2805989453099;312,5293212616498;3181,7893327895486;884,1167828052269;419,7414470897286;4233,881342151421;603,3919071768058;4514,500577558678;31641,85708438849
45,5;903,9910382374837;891,6182739329179;310,91310122635036;3167,823500196587;884,5406661305839;416,5072290191613;4205,04105600843;604,3063790481756;4504,8782372633705;31625,783354722076
45,583333333333336;904,2644536349918;891,9545772234154;309,31910761414656;3154,052102571991;884,9618537411367;413,3204072716221;4176,605967270561;605,2194063330599;4495,269887839622;31609,56959381415
45,666666666666664;904,5373710078208;892,2895275019127;307,7469102894099;3140,4714526258213;885,3803815792904;410,18024774442154;4148,570455282589;606,1309787940158;4485,6757095289795;31593,217076145094
45,75;904,8097921669709;892,6231431082571;306,1960876477002;3127,077931118986;885,7962851536371;407,0860253562694;4120,928947198125;607,0410861399971;4476,095883207074;31576,727089011332
45,833333333333336;905,0817189135823;892,9554420429582;304,6662264678446;3113,8679858760997;886,2095995398906;404,0370240333425;4093,675918750478;607,9497180249954;4466,530590404606;31560,10093266971
45,916666666666664;905,3531530390062;893,2864419730491;303,15692176560276;3100,8381308008334;886,6203593820183;401,0325366909487;4066,805894966503;608,8568640466507;4456,9800133288045;31543,339920485338
46,0;905,6240963248757;893,61616023788;301,66777664892663;3087,984944894713;887,028598893559;398,07186521099396;4040,313450824613;609,7625137448276;4447,444334885333;31526,445379082343
46,083333333333336;905,8945505431767;893,9446138548452;300,1984021748939;3075,3050712803883;887,4343518591198;395,1543204154808;4014,1932118606;610,6666566001577;4437,9237387007215;31509,41864849841
46,166666666666664;906,1645174563157;894,2718195250434;298,74841720828726;3062,795216228174;887,8376516360412;392,27922203620864;3988,4398547201686;611,5692820325474;4428,418409145285;31492,261082342164
46,25;906,4339988171909;894,5977936388673;297,3174482818081;3050,4521481883485;888,2385311562216;389,4458986808336;3963,0481076630663;612,4703793996504;4418,928531356524;31474,974047954285
46,333333333333336;906,7029963692585;894,9225522815264;295,9051294580888;3038,2726968287902;888,6370229280956;386,65368779559674;3938,012751019307;613,3699379953026;4409,454291263108;31457,558926572507
46,416666666666664;906,9715118466016;895,2461112384985;294,51110219330303;3026,2537520777273;889,0331590387547;383,90193562471154;3913,328617598325;614,2679470479214;4399,995875609337;31440,01711349966
46,5;907,2395469739973;895,5684860009126;293,13501520257716;3014,3922631732607;889,4269711562047;381,18999716674807;3888,990593054386;615,1643957188652;4390,553471980203;31422,350018276025
46,583333333333336;907,5071034669822;895,8896917708595;291,7765243271191;3002,685237719514;889,8184905317523;378,51723612809405;3864,9936162092213;616,0592731007545;4381,127268826982;31404,55906485555
46,666666666666664;907,7741830319194;896,2097434666342;290,43529240306896;2991,1297407488287;890,2077480025124;375,88302487363563;3841,3326793329666;616,9525682157531;4371,717455493416;31386,645691785616
46,75;908,040787366063;896,5286557279057;289,11098913212925;2979,7228937923164;890,5947739940304;373,2867443748985;3818,0028283855;617,8442700138082;4362,324222242494;31368,611352391297
46,833333333333336;908,3069181576233;896,8464429208161;287,8032909539314;2968,46187395736;890,9795985230126;370,7277841556918;3794,9991632205915;618,7343673708481;4352,9477602838215;31350,45751496391
46,916666666666664;908,5725770858303;897,1631191430093;286,5118809201789;2957,3439130124793;891,3622512001572;368,20554223547776;3772,3168377517027;619,6228490869373;4343,588261801628;31332,185662953307
47,0;908,8377658209986;897,4786982285882;285,23644857052375;2946,3662964815067;891,7427612330819;365,7194250705537;3749,9510600844656;620,5097038843879;4334,245919983395;31313,797295165226
47,083333333333336;909,1024860245885;897,7931937530005;283,9766898102596;2935,5263627446675;892,121157429339;363,2688474932303;3727,897092613816;621,3949204058255;4324,92092904916;31295,29392596289
47,166666666666664;909,3667393492703;898,1066190378547;282,7323067896998;2924,8215021496258;892,4974681995151;360,85323264905355;3706,150252089831;622,2784872122089;4315,613484281446;31276,6770854733
47,25;909,6305274389849;898,4189871556637;281,5030077853919;2914,2491561298334;892,8717215604082;358,4720119322993;3684,705909651898;623,1603927808036;4306,323782055922;31257,948319798234
47,333333333333336;909,8938519290061;898,7303109345195;280,2885070830314;2903,8068163332523;893,2439451382776;356,1246249197551;3663,559490833224;624,0406255031055;4297,05201987272;31239,109191230385
47,416666666666664;910,1567144460005;899,0406029626963;279,0885248621663;2893,492023759163;893,6141661721606;353,8105193029817;3642,7064755369033;624,9191736827167;4287,798396388509;31220,161278474377
47,5;910,4191166080886;899,3498755931842;277,90278708260416;2883,302367904583;893,982411517252;351,52915081909754;3622,1423979844762;625,7960255331697;4278,563111449256;31201,106176872865
47,583333333333336;910,6810600249044;899,6581409481523;276,7310253726123;2873,235485920137;894,3487076483412;349,2799831802789;3601,8628466384753;626,6711691756999;4269,346366123785;31181,945498638117
47,666666666666664;910,9425462976538;899,9654109233438;275,5729769188008;2863,2890617759194;894,7130806633024;347,062488001966;3581,863464100247;627,5445926369661;4260,148362738067;31162,680873089022
47,75;911,2035770191749;900,2716971924006;274,4283843577506;2853,460825436191;895,0755562866328;344,87614472996756;3562,1399469835123;628,4162838467153;4250,969304910317;31143,313946893628
47,833333333333336;911,4641537739947;900,5771401662088;273,296995669358;2843,748552044155;895,4361598730361;342,7204405665184;3542,6880457650823;629,2862306353933;4241,809397586894;31123,846384317214
47,916666666666664;911,7242781383877;900,8815294160951;272,1753401946472;2834,116954895173;895,794916411046;340,59487039536947;3523,503564614579;630,1544207316975;4232,66884707902;31104,27986747667
48,0;911,9839516804327;901,1848796846859;271,068718057316;2824,620772912829;896,1518505266856;338,49893670601233;3504,5823612024838;631,0208417600727;4223,547861100353;31084,616096600424
48,083333333333336;912,2431759600701;901,4872053891019;269,9767998936693;2815,257013670887;896,5069864871606;336,43214951712565;3485,9203464891784;631,8854812381461;4214,4466488054;31064,85679029488
48,166666666666664;912,501952529157;901,7885206285596;268,89926427420505;2806,02275439207;896,8603482045803;334,3940262993263;3467,5134844946797;632,748326574103;4205,365420828859;31045,003685816926
48,25;912,7602829315244;902,0888391918044;267,83579751493676;2796,9151403978003;897,2119592397056;332,38409189725587;3449,3577920513644;633,609365063999;4196,304389325811;31025,05853935317
48,333333333333336;913,0181687030312;902,3881745643748;266,7860934930019;2787,9313835882126;897,561842805718;330,4018784511503;3431,4493385387077;634,4685838890094;4187,263768012882;31005,023126305652
48,416666666666664;913,2756113716196;902,6865399357044;265,7498534664086;2779,0687609528572;897,9100217720089;328,4469253179044;3413,784245602859;635,3259701126132;4178,243772210326;30984,8992415843
48,5;913,5326124573692;902,9839482060631;264,7267858978779;2770,3246131121314;898,2565186679847;326,5187789917262;3396,3586868602542;636,1815106777102;4169,244618885096;30964,688699906557
48,583333333333336;913,7891734725513;903,280411993341;263,7166062826509;2761,6963428871923;898,6013556868847;324,6169930244207;3379,1688875873906;637,0351924036712;4160,266526694884;30944,393336103898
48,666666666666664;914,0452959216818;903,5759436396792;262,71903698025767;2753,1814139006947;898,9445546896105;322,74112794541395;3362,2111243969507;637,8870019833171;4151,309716033201;30924,01500543617
48,75;914,300981301574;903,87055521795;261,7338070500665;2744,777349204208;899,2861372085623;320,89075118151516;3345,481724900571;638,7369259798279;4142,374409075472;30903,555583912585
48,833333333333336;914,5562311013921;904,1642585380897;260,7606520905989;2736,4817299353613;899,6261244514809;319,06543697649806;3328,9770673597063;639,5849508235788;4133,460829826191;30883,016968621105
48,916666666666664;914,8110468027013;904,4570651532866;259,79931408255936;2728,292194002322;899,9645373052927;317,2647663106126;3312,693580325883;640,4310628089015;4124,5692041672;30862,40107806567
49,0;915,0654298795222;904,7489863660285;258,8495412353666;2720,206434794673;900,3013963399551;315,4883268199337;3296,6277422685985;641,2752480907701;4115,699759906996;30841,709852510707
49,083333333333336;915,319381798379;905,0400332340108;257,91108783734273;2712,2221999225544;900,6368539162049;313,7357127158008;3280,776081194954;642,1174926814091;4106,852726831281;30820,945254334918
49,166666666666664;915,5729040183523;905,3302165759109;256,98371410920515;2704,337289980996;900,9706874767787;312,0037174961996;3265,106342442171;642,9577824468222;4098,028336754549;30800,109268392585
49,25;915,8259979911287;905,6195469770281;256,067186061037;2696,549557340593;901,3029209899213;310,29710150843954;3249,6680501924698;643,79610310324;4089,2268235729525;30779,203902384193
49,333333333333336;916,0786651610505;905,9080347947955;255,16127535251485;2688,856904963413;901,633577986343;308,6153862756575;3234,4569946313713;644,632440213485;4080,448423318331;30758,231187235233
49,416666666666664;916,3309069651651;906,1956901641636;254,26575915637386;2681,2572852443122;901,9626815669754;306,9581024625346;3219,4690399096226;645,4667791832526;4071,6933742134825;30737,193177484653
49,5;916,5827248332747;906,4825230028604;253,3804200250387;2673,7486988761493;902,2902544106083;305,3247897115307;3204,700123026168;646,299105257305;4062,9619167286883;30716,09195168193
49,583333333333336;916,8341201879845;906,7685430165301;252,50504576035837;2666,3291937394865;902,6163187814074;303,71499648166065;3190,1462527222275;647,129403515578;4054,254293639546;30694,929612794
49,666666666666664;917,0850944447504;907,0537597037522;251,63942928635947;2658,996863816142;902,9408965363151;302,1282798897636;3175,8035083857417;647,9576588691976;4045,5707500860967;30673,7082886216
49,75;917,3356490119282;907,3381823609448;250,7833685249551;2651,7498481252383;903,2640091323367;300,56420555425075;3161,6680389660496;648,7838560564048;4036,911533633292;30652,430132225418
49,833333333333336;917,5857852908192;907,6218200871532;249,93666627458708;2644,586329683095;903,58567763371;299,02234744132033;3147,736061899753;649,6079796383877;4028,276894332851;30631,097322362606
49,916666666666664;917,835504675719;907,9046817887285;249,09913009165052;2637,5045344843315;903,9059227189633;297,50228771357047;3134,0038620464784;650,4300139950178;4019,667084786472;30609,712063932868
50,0;918,0848085539628;908,1867761838956;248,27057217476352;2630,5027305060244;904,2247646878599;296,00361658105794;3120,467790637137;651,2499433204894;4011,0823602105174;30588,27658843593
50,083333333333336;918,3336983059726;908,468111807216;247,45080925167997;2623,5792267328047;904,5422234682324;294,5259321546878;3107,1242642315833;652,0677516188603;4002,522978502102;30566,793154438954
50,166666666666664;918,582175305302;908,7486970139453;246,6396624689139;2616,732372203035;904,8583186227075;293,0688403019798;3093,9697636883484;652,8834226994918;3993,989200306685;30545,264048055076
50,25;918,8302409186828;909,0285399842892;245,83695728391888;2609,96055507608;905,1730693553224;291,63195450513285;3081,000833145606;653,696940172386;3985,4812890871535;30523,69158343323
50,333333333333336;919,0778965060695;909,3076487275601;245,0425233598395;2603,262201720094;905,4864945180329;290,21489572140865;3068,2140790129924;654,508287443419;3976,9995111944513;30502,078103259148
50,416666666666664;919,3251434206841;909,5860310862355;244,25619446273288;2596,6357758190525;905,798612617118;288,8172922457761;3055,6061689752837;655,3174477094678;3968,5441359397564;30480,425979267937
50,5;919,5719830090607;909,863694739921;243,47780836121444;2590,079777499749;906,1094418194775;287,43877957577877;3043,1738310070014;656,1244039534292;3960,1154356682437;30458,737612768236
50,583333333333336;919,8184166110889;910,140647209221;242,7072067284911;2583,592742478508;906,4189999588282;286,0790002786416;3030,913852398844;656,9291389391295;3951,713685834471;30437,015435178786
50,666666666666664;920,0644455600583;910,4168958595172;241,94423504669658;2577,173241225713;906,7273045417969;284,7376038605398;3018,823078795466;657,7316352061222;3943,33916507939;30415,261908576635
50,75;920,3100711827009;910,6924479046581;241,18874251352622;2570,8198781496926;907,0343727539135;283,41424663805424;3006,8984132447194;658,531875064373;3934,9921553090417;30393,479526258314
50,833333333333336;920,5552947992348;910,967310410562;240,44058195106857;2564,531290798172;907,3402214655041;282,1085916117309;2995,1368152585346;659,3298405888302;3926,672941774918;30371,670813312896
50,916666666666664;920,8001177234066;911,241490298734;239,69960971681985;2558,3061490775385;907,6448672374858;280,8203083417783;2983,5352998852486;660,125513613878;3918,38181315607;30349,838327208632
51,0;921,0445412625329;911,5149943496998;238,9656856168159;2552,1431544898733;907,9483263270655;279,5490728258186;2972,0909367935888;660,9188757276726;3910,1190616429303;30327,98465839205
51,083333333333336;921,2885667175432;911,787829206359;238,23867282082745;2546,041039386439;908,2506146933422;278,29456737868225;2960,8008493679777;661,7099082663588;3901,884983022905;30306,11243090031
51,166666666666664;921,5321953830206;912,0600013772573;237,5184377796046;2539,998566238259;908,5517480028151;277,056480514271;2949,662213815667;662,4985923081655;3893,6798767677665;30284,224302987135
51,25;921,7754285472439;912,3315172397822;236,80485014408248;2534,014526922658;908,8517416347988;275,83450682936757;2938,6722582848465;663,2849086673796;3885,5040461228273;30262,322967762015
51,333333333333336;922,0182674922276;912,6023830432819;236,09778268654225;2528,087742026839;909,1506106867467;274,62834688945793;2927,8282619951096;664,0688378881958;3877,357798197965;30240,4111538434
51,416666666666664;922,2607134937632;912,8726049121098;235,39711122364224;2522,217060165462;909,4483699794832;273,4377071164671;2917,127554378331;664,850360238443;3869,2414440604757;30218,49162602555
51,5;922,5027678214584;913,1421888485975;234,70271454133638;2516,401357315552;909,7450340623474;272,26229967844944;2906,5675142318432;665,6294557031839;3861,1552988298026;30196,56718595943
51,583333333333336;922,7444317387783;913,4111407359552;234,01447432152338;2510,6395361646123;910,0406172182479;271,10184238110946;2896,1455688824494;666,4061039781898;3853,0996817741175;30174,64067284791
51,666666666666664;922,9857065030839;913,6794663411042;233,33227507057757;2504,9305254750393;910,3351334686315;269,9560585612707;2885,8591933616594;667,1802844632873;3845,074916408828;30152,71496415494
51,75;923,2265933656721;913,9471713174405;232,65600404949112;2499,2732794618987;910,6285965783653;268,82467698211246;2875,7059095930545;667,951976255578;3837,081330596948;30130,792976329492
51,833333333333336;923,4670935718136;914,2142612075328;231,98555120578987;2493,666777185697;910,921020060535;267,70743173026915;2865,683285589533;668,7211581425299;3829,119256651412;30108,877665543616
51,916666666666664;923,7072083607932;914,4807414457557;231,32080910702086;2488,1100219578802;911,2124171811602;266,6040621146695;2855,7889346630395;669,4878085949415;3821,1890314392554;30086,972028445103
52,0;923,9469389659464;914,7466173608599;230,66167287593657;2482,602040761592;911,5028009638262;265,5143125672015;2846,020514644393;670,251905759777;3813,2909964877754;30065,079102925032
52,083333333333336;924,1862866146982;915,0118941784798;230,00804012716287;2477,1418836837747;911,792184194237;264,43793254505454;2836,3757271149293;671,0134274528745;3805,4254980925416;30043,20196889942
52,166666666666664;924,4252525286012;915,2765770235819;229,35981090546136;2471,728623362052;912,0805794246874;263,3746764348004;2826,85231664833;671,7723511515271;3797,592887427357;30021,34374910591
52,25;924,6638379233718;915,5406709228537;228,71688762548104;2466,3613544429068;912,3679989784563;262,3243034581684;2817,448070064075;672,5286539869379;3789,7935206561106;29999,507609914777
52,333333333333336;924,902044008929;915,8041808070345;228,07917501295378;2461,039193053179;912,6544549541237;261,2865775794553;2808,160815690781;673,2823127365493;3782,027759046509;29977,696762154457
52,416666666666664;925,1398719894296;916,0671115131914;227,4465800473621;2455,7612762835556;912,9399592298108;260,2612674146127;2798,9884226415684;674,0333038162503;3774,295969085695;29955,91446195169
52,5;925,3773230633055;916,3294677869386;226,81901190595397;2450,526761683769;913,2245234673453;259,2481461418988;2789,9288000989345;674,781603272461;3766,5985225976897;29934,16401158579
52,583333333333336;925,6143984233;916,5912542846044;226,19638190917328;2445,3348267699002;913,5081591163525;258,24699141415493;2780,9798966105236;675,527186774099;3758,935796862668;29912,448760356932
52,666666666666664;925,8510992565037;916,8524755753451;225,57860346739176;2440,18466854263;913,7908774182744;257,25758527263406;2772,139699395514;676,270029604429;3751,3081747380147;29890,772105468557
52,75;926,0874267443896;917,1131361432085;224,9655920289655;2435,0755030171863;914,072689410316;256,27971406237435;2763,406233661738;677,0101066527995;3743,71604478112;29869,137492923426
52,833333333333336;926,3233820628493;917,3732403891461;224,35726502952775;2430,0065647636357;914,3536059293222;255,31316834906463;2754,7775619318472;677,7473924062707;3736,159801373851;29847,54841843266
52,916666666666664;926,5589663822276;917,6327926329776;223,75354184258072;2424,977106458381;914,6336376155841;254,3577428374519;2746,2517833812053;678,4818609411371;3728,639844848679;29826,00842833805
53,0;926,7941808673575;917,8917971153076;223,15434373124958;2419,986398445753;914,9127949165782;253,41323629117383;2737,8270331847534;679,2134859143512;3721,1565816163566;29804,521120546866
53,083333333333336;927,0290266775947;918,150257999395;222,5595938012475;2415,033728310525;915,1910880906365;252,4794514540602;2729,5014818747945;679,9422405548518;3713,7104242950945;29783,090145478556
53,166666666666664;927,263504966852;918,408179372978;221,9692169549944;2410,118400459488;915,4685272105526;251,5561949728621;2721,2733347078765;680,6680976548063;3706,3017918411447;29761,71920702307
53,25;927,4976168836333;918,665565250054;221,38313984684999;2405,2397357134264;915,7451221671204;250,64327732136292;2713,14083104161;681,3910295607716;3698,931109680686;29740,41206350964
53,333333333333336;927,7313635710668;918,9224195726163;220,8012908394835;2400,397070908651;916,02088267261;249,74051272590032;2705,102243722021;682,1110081647824;3691,598809842926;29719,1725286862
53,416666666666664;927,9647461669396;919,1787462123486;220,22359996126397;2395,5897585076996;916,2958182641801;248,84771909220717;2697,1558784793488;682,8280048953769;3684,3053310942655;29698,004472707504
53,5;928,1977658037299;919,4345489722785;219,649998864773;2390,817166219535;916,5699383072279;247,9647179336392;2689,300073334348;683,5419907085678;3677,0511190734396;29676,91182313229
53,583333333333336;928,4304236086405;919,6898315883897;219,08042078628398;2386,078676628171;916,8432519986783;247,09133430066856;2681,533198013381;684,2529360787714;3669,8366264274314;29655,89856592692
53,666666666666664;928,6627207036314;919,9445977311958;218,51480050627003;2381,3736868306914;917,1157683702128;246,2273967116964;2673,8536533728657;684,9608109897059;3662,662312948036;29634,968746475944
53,75;928,8946582054524;920,1988510072756;217,95307431088986;2376,70160808337;917,3874962914389;245,3727370851459;2666,2598708333107;685,6655849252717;3655,5286457088823;29614,126470597483
53,833333333333336;929,1262372256748;920,45259496077;217,39517995441986;2372,061865456501;917,6584444730021;244,52719067278736;2658,750311822232;686,3672268604292;3648,436099202711;29593,375905562094
53,916666666666664;929,357458870724;920,7058330748436;216,84105662261857;2367,453897497079;917,9286214696396;243,69059599429534;2651,3234672256763;687,06570525209;3641,3851554786834;29572,721281113743
54,0;929,5883242419111;920,9585687731088;216,29064489701193;2362,8771558998055;918,1980356831784;242,86279477304518;2643,977856849347;687,7609880300367;3634,376304279511;29552,16689049142
54,083333333333336;929,8188344354637;921,2108054210173;215,74388672005682;2358,331105185834;918,466695365478;242,0436318730691;2636,7120288880783;688,453042587894;3627,4100431781153;29531,717091449325
54,166666666666664;930,0489905425582;921,4625463272153;215,20072536116004;2353,815222389011;918,7346086213181;241,23295523719605;2629,5245594037897;689,1418357741669;3620,4868777135466;29511,376307273604
54,25;930,27879364935;921,7137947448667;214,6611053835727;2349,3289967498067;919,0017834112333;240,4306158263512;2622,4140518126173;689,8273338833731;3613,607321525869;29491,149027793846
54,333333333333336;930,5082448370043;921,9645538729441;214,12497261208046;2344,8719294165558;919,2682275542949;239,6364675599787;2615,3791363799623;690,5095026472894;3606,7718964896535;29471,039810386712
54,416666666666664;930,7373451817272;922,2148268574865;213,59227410150652;2340,4435331536047;919,5339487308406;238,850367257576;2608,4184697241208;691,1883072263421;3599,9811328457236;29451,05328096903
54,5;930,9660957547956;922,4646167928283;213,06295810601625;2336,04333205673;919,7989544851542;238,07217458133906;2601,530734328128;691,8637122011662;3593,2355693307763;29431,194134978163
54,583333333333336;931,1944976225868;922,7139267227965;212,53697404918057;2331,6708612755206;920,0632522280945;237,30175197987805;2594,7146380599675;692,5356815643665;3586,5357533044403;29411,467138336087
54,666666666666664;931,4225518466094;922,962759641879;212,01427249475842;2327,325666741608;920,3268492396745;236,5389646329622;2587,968913700198;693,2041787125124;3579,882240873304;29391,877128394204
54,75;931,6502594835318;923,2111184963643;211,49480511826084;2323,0073049042658;920,589752671594;235,78368039736617;2581,2923184781184;693,8691664384015;3573,2755970114545;29372,429014855268
54,833333333333336;931,8776215852125;923,4590061854532;210,9785246791887;2318,7153424725934;920,8519695497229;235,03576975367793;2574,6836336158367;694,530606923631;3566,7163956769546;29353,1277806694
54,916666666666664;932,1046391987283;923,7064255623426;210,46538499398366;2314,44935616264;921,1135067765382;234,2951057541552;2568,1416638793157;695,1884617315167;3560,205219923723;29333,978482898718
55,0;932,3313133664043;923,9533794352834;209,95534090964156;2310,2089324518456;921,3743711335163;233,56156397153853;2561,6652371377577;695,8426918004044;3553,7426620081737;29314,986253547762
55,083333333333336;932,5576451258416;924,1998705686119;209,44834827802197;2305,9936673391007;921,6345692834782;232,83502244886932;2555,253203930349;696,4932574374199;3547,3293234899984;29296,156300354312
55,166666666666664;932,7836355099467;924,4459016837556;208,9443639307433;2301,80316611013;921,8941077728919;232,11536165022352;2548,9044370401416;697,1401183127077;3540,9658153263267;29277,493907535456
55,25;933,009285546959;924,6914754602145;208,44334565477993;2297,6370431093146;922,1529930341305;231,40246441241644;2542,617831075344;697,7832334542134;3534,6527579585854;29259,00443648413
55,333333333333336;933,2345962604793;924,9365945365188;207,94525216861075;2293,4949215163774;922,411231387688;230,69621589760388;2536,3923020583984;698,422561243064;3528,3907813911837;29240,693326410088
55,416666666666664;933,4595686694978;925,1812615111614;207,45004309901276;2289,3764331289703;922,6688290443518;229,99650354681577;2530,2267870209675;699,0580594096107;3522,180525261229;29222,56609491927
55,5;933,6842037884214;925,4254789435092;206,95767895840902;2285,281218150356;922,9257921073361;229,30321703435226;2524,120243607354;699,6896850301957;3516,022638898307;29204,628338525148
55,583333333333336;933,908502627101;925,6692493546905;206,46812112280486;2281,208924981902;923,182126574372;228,61624822306396;2518,0716496834175;700,3173945247146;3509,9177813733854;29186,885733084844
55,666666666666664;934,1324661908595;925,9125752284614;205,98133181026412;2277,1592100215094;923,43783833976;227,93549112049234;2512,080002953382;700,9411436550442;3503,8666215357966;29169,344034153408
55,75;934,3560954805181;926,1554590120504;205,49727405995384;2273,131737465884;923,692933196382;227,26084183586522;2506,144320583;701,5608875244171;3497,8698380372293;29152,009077247545
55,833333333333336;934,5793914924233;926,3979031169823;205,01591171169196;2269,1261791187794;923,9474168376752;226,59219853789196;2500,2636388289143;702,1765805778207;3491,9281193415145;29134,88677801133
55,916666666666664;934,8023552184736;926,6399099198818;204,53720938602373;2265,1422142027386;924,2012948595682;225,92946141339695;2494,4370126752897;702,7881766035104;3486,042163719039;29117,983132274367
56,0;935,0249876461465;926,8814817632567;204,0611324647955;2261,1795291762232;924,4545727623798;225,27253262674066;2488,6635154761066;703,3956287357261;3480,212679224449;29101,304215994067
56,083333333333336;935,2472897585234;927,1226209562628;203,58764707224566;2257,237817555093;924,7072559526819;224,62131628004272;2482,942238604288;703,998889458709;3474,440383656307;29084,856185071498
56,166666666666664;935,4692625343171;927,363329775449;203,1167200565136;2253,316779738263;924,9593497451255;223,97571837413224;2477,272291106933;704,5979106121188;3468,7260044972163;29068,645275030896
56,25;935,6909069478963;927,6036104654842;202,64831897170268;2249,416122838089;925,2108593642325;223,33564677032186;2471,6527993666127;705,1926433979575;3463,0702788329745;29052,677800552046
56,333333333333336;935,9122239693129;927,8434652398668;202,18241206030427;2245,535560513913;925,4617899461529;222,70101115285584;2466,0829067684685;705,7830383891103;3457,473953249083;29036,96015484397
56,416666666666664;936,1332145643257;928,0828962816156;201,71896823615327;2241,6748128110526;925,7121465403869;222,0717229921506;2460,5617733739564;706,3690455396198;3451,937783703039;29021,4988088484
56,5;936,353879694427;928,3219057439449;201,25795706775307;2237,833606002498;925,9619341114757;221,44769550869952;2455,0885755993977;706,950614196813;3446,4625353705883;29006,300310259896
56,583333333333336;936,5742203168669;928,5604957509216;200,79934876205243;2234,011672435596;926,2111575406574;220,8288436377147;2449,6625059015796;707,5276931154073;3441,0489824642086;28991,371282350927
56,666666666666664;936,7942373846788;928,7986683981073;200,34311414863168;2230,208750381633;926,4598216274927;220,21508399445224;2444,2827724678154;708,1002304737256;3435,6979080218944;28976,71842258676
56,75;937,0139318467038;929,0364257531836;199,88922466428676;2226,4245838896127;926,7079310914578;219,60633484020448;2438,9485989121386;708,6681738921553;3430,4101036642987;28962,348501017386
56,833333333333336;937,2333046476152;929,2737698565625;199,43765233800548;2222,6589226435067;926,9554905735068;219,00251604897818;2433,6592239773045;709,2314704539895;3425,1863693182277;28948,268358431724
56,916666666666664;937,452356727943;929,5107027219813;198,98836977631902;2218,9115218230277;927,202504637604;218,40354907480332;2428,413901241554;709,790066728793;3420,0275129043866;28934,48490425848
57,0;937,6710890240984;929,7472263370834;198,54135014904273;2215,1821419679327;927,4489777722252;217,80935691970384;2423,2118988309203;710,3439087984418;3414,9343499872493;28921,00511419903
57,083333333333336;937,889502468397;929,983342663984;198,09656717537507;2211,470548845351;927,6949143918318;217,21986410230372;2418,0524991372668;710,8929422859824;3409,907703384848;28907,83602757603
57,166666666666664;938,1075979890835;930,2190536398224;197,65399511032626;2207,7765133211383;927,9403188383139;216,63499662701042;2412,9349985406534;711,4371123874658;3404,94840273622;28894,984744381552
57,25;938,3253765103552;930,4543611773006;197,21360873152776;2204,0998112334664;928,1851953824068;216,05468195385313;2407,8587071373972;711,9763639069096;3400,057284024265;28882,458422008334
57,333333333333336;938,5428389523846;930,6892671652082;196,77538332636573;2200,4402232704297;928,429548225079;215,4788489689031;2402,822948473042;712,5106412945422;3395,2351890516848;28870,264271647527
57,416666666666664;938,7599862313443;930,9237734689348;196,33929467941016;2196,7975348500177;928,6733814988929;214,90742795524483;2397,827059279551;713,039888688487;3390,482964867636;28858,40955433548
57,5;938,9768192594286;931,1578819309694;195,90531906023898;2193,1715360033627;928,91669926934;214,34035056459237;2392,8703892186227;713,5640499600399;3385,801463142859;28846,90157663341
57,583333333333336;939,1933389448776;931,3915943713881;195,4734332114782;2189,5620212609147;929,1595055361483;213,77754978938142;2387,952300628566;714,0830687626939;3381,191539490829;28835,747685922262
57,666666666666664;939,4095461919998;931,6249125883287;195,04361433723716;2185,9687895416587;929,4018042345652;213,21895993549688;2383,072168276398;714,596888585061;3376,654052732756;28824,955265296463
57,75;939,6254419011939;931,8578383584547;194,6158400917767;2182,391644044405;929,6435992366146;212,66451659548352;2378,229379114312;715,105452807838;3372,1898641040807;28814,531728039627
57,833333333333336;939,8410269689725;932,0903734374073;194,1900885684788;2178,830392142599;929,8848943523294;212,1141566223099;2373,4233320410913;715,608704764954;3367,7998364003383;28804,48451166656
57,916666666666664;940,0563022879838;932,3225195602461;193,76633828913157;2175,2848452809126;930,12569333096;211,56781810366624;2368,65343766738;716,1065878090352;3363,484833060277;28794,821071515715
58,0;940,2712687470341;932,5542784418794;193,3445681934444;2171,7548188755277;930,3659998621582;211,0254403367574;2363,919118085721;716,5990453813064;3359,2457171842298;28785,548873877517
58,083333333333336;940,4859272311093;932,785651777484;192,92475762886738;2168,2401322158153;930,6058175771391;210,48696380361307;2359,219806644833;717,0860210860436;3355,083350485916;28776,675388644766
58,166666666666664;940,700278621397;933,0166412429137;192,50688634063238;2164,7406083692335;930,8451500498181;209,95233014686633;2354,5549477278923;717,5674587696737;3350,9985921759844;28768,20808147219
58,25;940,9143237953087;933,2472484950989;192,09093446208385;2161,2560740879294;931,0840007979277;209,42148214605197;2349,923996535291;718,043302604605;3346,9922977758497;28760,15440543437
58,333333333333336;941,1280636265006;933,4774751724358;191,67688250524577;2157,7863597180913;931,3223732841101;208,89436369434662;2345,3264188710186;718,5134971778501;3343,065317860557;28752,52179217208
58,416666666666664;941,3414989848956;933,7073228951662;191,2647113516215;2154,3312991121934;931,5602709169893;208,37091977579945;2340,761690933905;718,9779875844877;3339,218496729758;28745,31764251967
58,5;941,5546307367038;933,9367932657477;190,8544022432352;2150,890729541993;931,7976970522222;207,85109644300732;2336,229299111546;719,4367195259784;3335,4526710061186;28738,549316607165
58,583333333333336;941,7674597444445;934,1658878692155;190,44593677390083;2147,4644916146676;932,0346549935279;207,33484079523208;2331,7287397793207;719,8896394133328;3331,7686681608798;28732,224123434942
58,666666666666664;941,9799868669664;934,3946082735341;190,03929688072674;2144,0524291913166;932,2711479936968;206,82210095697926;2327,259519102631;720,3366944750902;3328,1673049666756;28726,349309919984
58,75;942,1922129594692;934,622956029942;189,6344648358081;2140,654389306542;932,5071792555805;206,31282605698019;2322,8211528426214;720,7778328700459;3324,649385878143;28720,932049416293
58,833333333333336;942,4041388735232;934,8509326732864;189,2314232381807;2137,2702220909487;932,7427519330611;205,8069662076356;2318,413166166293;721,2130038046196;3321,215701341349;28715,979429715964
58,916666666666664;942,6157654570903;935,0785397223507;188,83015500591966;2133,8997806950865;932,9778691320014;205,3044724848192;2314,0350934598464;721,6421576547261;3317,867026033554;28711,49844054011
59,0;942,827093554545;935,3057786801737;188,43064336849125;2130,542921215374;933,2125339111763;204,8052969081401;2309,6864781450677;722,0652460919674;3314,604117035463;28707,495960533364
59,083333333333336;943,0381240066936;935,532651034361;188,0328718592807;2127,199502622243;933,4467492831855;204,30939242158473;2305,366872500423;722,4822222139193;3311,427711938663;28703,97874378038
59,166666666666664;943,2488576507945;935,7591582573888;187,63682430831352;2123,869386689843;933,6805182153485;203,81671287454765;2301,075837484729;722,8930406782437;3308,3385268916145;28700,953405865934
59,25;943,459295320579;935,9853018069;187,2424848351443;2120,552437926666;933,9138436305807;203,32721300322945;2296,8129425636;723,2976578403058;3305,337254588263;28698,426409506308
59,333333333333336;943,6694378462696;936,2110831259938;186,84983784197584;2117,2485235100385;934,146728408253;202,84084841246482;2292,5777655410307;723,696031893928;3302,424562204099;28696,404049785404
59,416666666666664;943,8792860546012;936,4365036435074;186,45886800689482;2113,957513219868;934,3791753850338;202,35757555785256;2288,3698923924635;724,0881230148577;3299,6010892851245;28694,892439031282
59,5;944,0888407688393;936,6615647742917;186,06956027734327;2110,6792793760783;934,6111873557139;201,87735172830585;2284,188917101806;724,4738935064754;3296,8674455961514;28693,897491378357
59,583333333333336;944,2981028088004;936,8862679194793;185,68189986368964;2107,413696776011;934,8427670740155;201,40013502891435;2280,034441501865;724,8533079472128;3294,2242089354586;28693,42490706296
59,666666666666664;944,5070729908703;937,110614466747;185,29587223302713;2104,160642634138;935,0739172533843;200,92588436418055;2275,906075117005;725,2263333391003;3291,6719229238147;28693,480156507354
59,75;944,7157521280243;937,3346057905713;184,9114631030801;2100,919996523968;935,3046405677662;200,45455942157758;2271,803435009709;725,5929392568046;3289,2110947765495;28694,068464252745
59,833333333333336;944,9241410298451;937,5582432524778;184,52865843632367;2097,6916403199616;935,5349396523685;199,98612065548386;2267,7261456296183;725,9530979964698;3286,8421930682957;28695,194792806968
59,916666666666664;945,1322405025427;937,7815282012849;184,14744443418272;2094,4754581421075;935,7648171044053;199,52052927137856;2263,67383866562;726,3067847236208;3284,565645500631;28696,863826479064
60,0;945,340051348972;938,004461973341;183,7678075314443;2091,2713363014186;935,9942754838282;199,05774721041894;2259,6461529008875;726,6539776193433;3282,381836683828;28699,07995527766
60,083333333333336;945,547574368652;938,2270458927567;183,38973439077506;2088,0791632467635;936,2233173140427;198,597737134305;2255,6427340704754;726,9946580239089;3280,29110594443;28701,847258955342
60,166666666666664;945,7548103577843;938,4492812716308;183,0132118973836;2084,898829513075;936,4519450826092;198,14046241044863;2251,6632347217874;727,3288105769748;3278,2937451711473;28705,16949128642
60,25;945,9617601092717;938,6711694102711;182,63822715383924;2081,730227671063;936,6801612419313;197,68588709747135;2247,7073140781135;727,6564233534566;3276,3899967121433;28709,05006466909
60,333333333333336;946,1684244127354;938,8927115974101;182,2647674750158;2078,5732522785206;936,9079682099288;197,23397593098454;2243,774637904498;727,977487994141;3274,580051337227;28713,492035147177
60,416666666666664;946,3748040545339;939,113909110415;181,89282038313195;2075,427799831473;937,1353683706983;196,78469430964043;2239,8648783759313;728,2919998300898;3272,864046278915;28718,498087949098
60,5;946,580899817781;939,334763215493;181,52237360297363;2072,2937687182934;937,3623640751597;196,3380082815067;2235,9777139486478;728,5999579998739;3271,2420633666616;28724,070523645023
60,583333333333336;946,786712482363;939,555275167892;181,15341505719869;2069,171059173963;937,5889576416901;195,893884530702;2232,112829233869;728,9013655586742;3269,7141272686054;28730,211245023154
60,666666666666664;946,9922428249573;939,7754462120955;180,78593286177522;2066,0595732355814;937,8151513567445;195,45229036429973;2228,2699148737033;729,1962295782936;3268,2802038553314;28736,921744787647
60,75;947,197491619049;939,9952775820143;180,41991532154498;2062,959214699748;938,040947475465;195,01319369952157;2224,448667419719;729,4845612371445;3266,940198699956;28744,203094179484
60,833333333333336;947,4024596349487;940,2147705011721;180,05535092586626;2059,869889079477;938,2663482222758;194,5765630511582;2220,6487892139344;729,7663758993046;3265,693955728567;28752,055932619733
60,916666666666664;947,6071476398107;940,4339261828878;179,6922283444161;2056,79150356407;938,4913557914684;194,1423675192992;2216,8699882718843;730,0416931817757;3264,5412560346613;28760,48045847271
61,0;947,811556397649;940,6527458304529;179,33053642307186;2053,7239669787036;938,7159723477732;193,71057677727322;2213,111978168261;730,3105370091324;3263,481816870525;28769,476421021063
61,083333333333336;948,015686669355;940,871230637305;178,9702641799039;2050,6671897455153;938,9402000269207;193,28116105986098;2209,3744779249214;730,5729356548131;3262,5152908277496;28779,043113740518
61,166666666666664;948,2195392127144;941,0893817871969;178,6114008012504;2047,6210838453912;939,1640409361904;192,85409115172826;2205,657211900363;730,8289217683796;3261,6412652181275;28789,179368955236
61,25;948,4231147824241;941,3072004543619;178,2539356379374;2044,585562781579;939,3874971549495;192,4293383761342;2201,9599096825796;731,0785323881604;3260,859261665022;28799,883553946966
61,333333333333336;948,6264141301092;941,5246878036754;177,89785820155544;2041,5605415428824;939,6105707351802;192,0068745838354;2198,282305982916;731,3218089387879;3260,168735913956;28811,153568582165
61,416666666666664;948,829438004339;941,7418449908121;177,54315816084443;2038,5459365689794;939,8332637019962;191,5866721422411;2194,6241405325977;731,5587972132463;3259,56907786982;28822,986844511484
61,5;949,0321871506444;941,9586731623999;177,1898253381721;2035,5416657159228;940,0555780541491;191,16870392478347;2190,985157981258;731,7895473391619;3259,05961186639;28835,380345985188
61,583333333333336;949,2346623115334;942,1751734561705;176,83784970611214;2032,5476482226218;940,2775157645243;190,75294330052472;2187,365107797393;732,0141137291879;3258,6395971722372;28848,33057231583
61,666666666666664;949,4368642265083;942,3913470011056;176,48722138407322;2029,5638046787744;940,499078780627;190,33936412394283;2183,7637441706324;732,2325550154613;3258,308228735182;28861,833562007407
61,75;949,6387936320813;942,6071949175806;176,13793063506762;2026,590056992764;940,7202690250582;189,9279407249783;2180,180825916641;732,4449339682432;3258,0646381657043;28875,884898557208
61,833333333333336;949,8404512617907;942,8227183175045;175,7899678625165;2023,6263283608218;940,9410883959812;189,5186478992403;2176,6161163828306;732,6513173989796;3257,9078949575714;28890,479717921557
61,916666666666664;950,0418378462173;943,0379183044564;175,44332360715487;2020,6725432368244;941,1615387675782;189,11146089845204;2173,0693833568716;732,8517760481585;3257,8370079421666;28905,612717625554
62,0;950,2429541129995;943,2527959738192;175,09798854402163;2017,7286273032478;941,3816219904986;188,70635542107962;2169,540398976656;733,0463844584629;3257,8509269708816;28921,278167480676
62,083333333333336;950,4438007868503;943,4673524129099;174,7539534795095;2014,7945074420886;941,601339892297;188,30330760314467;2166,0289396420176;733,235220833849;3257,9485448180503;28937,469921861502
62,166666666666664;950,6443785895713;943,6815887011074;174,41120934850858;2011,8701117074384;941,8206942778631;187,90229400925668;2162,534785928306;733,4183668852988;3258,128699295019;28954,181433479982
62,25;950,8446882400694;943,8955059099766;174,06974721159543;2008,9553692979912;942,0396869298429;187,50329162379757;2159,0577225018883;733,5959076641052;3258,3901755640863;28971,405768581917
62,333333333333336;951,0447304543729;944,1091051033899;173,72955825232168;2006,050210530628;942,2583196090504;187,10627784231406;2155,597538036618;733,767931383656;3258,7317086394637;28989,13562347965
62,416666666666664;951,2445059456447;944,3223873376465;173,3906337745765;2003,154566814833;942,4765940548726;186,71123046310328;2152,1540251333367;733,9345292307713;3259,151986060754;29007,363342323275
62,5;951,4440154241998;944,5353536615885;173,05296519995466;2000,2683706272562;942,6945119856646;186,31812767890708;2148,7269802393475;734,0957951677308;3259,6496507231013;29026,080936002723
62,583333333333336;951,6432595975189;944,7480051167137;172,71654406528398;1997,3915554873122;942,9120750991374;185,9269480688745;2145,316203570667;734,2518257261935;3260,223303847036;29045,28010206536
62,666666666666664;951,8422391702644;944,9603427372873;172,3813620201298;1994,524055933312;943,1292850727382;185,53767059060647;2141,9214990354862;734,4027197942661;3260,8715080698807;29064,95224552547
62,75;952,0409548442949;945,1723675504498;172,04741082442752;1991,665807499061;943,3461435640222;185,1502745724322;2138,542674159157;734,5485783980123;3261,5927906399747;29085,088500437218
62,833333333333336;952,2394073186803;945,3840805763232;171,71468234612632;1988,8167466914347;943,5626522110175;184,76473970579463;2135,1795400107994;734,6895044787203;3262,385646694239;29105,67975209756
62,916666666666664;952,4375972897159;945,5954828281142;171,38316855892697;1985,9768109680222;943,778812632582;184,38104603783358;2131,831911130902;734,8256026672527;3263,248542599399;29126,716659743397
63,0;952,6355254509382;945,8065753122157;171,05286154004204;1983,1459387155069;943,9946264287533;183,99917396409492;2128,499605461425;734,9569790567963;3264,1799193369475;29148,18967960632
63,083333333333336;952,8331924931385;946,0173590283056;170,72375346806155;1980,3240692292386;944,2100951810921;183,61910422142785;2125,1824442761203;735,0837409753082;3265,1781959121286;29170,08908818793
63,166666666666664;953,0305991043778;946,2278349694435;170,39583662082407;1977,5111426918563;944,4252204530171;183,24081788098624;2121,880252113094;735,2113716614555;3266,2417727674556;29192,405005621466
63,25;953,2277459700009;946,4380041221655;170,06910337335626;1974,7071001540228;944,6400037901348;182,86429634141356;2118,592856708315;735,3426300229568;3267,2884116438345;29214,602446262812
63,333333333333336;953,4246337726512;946,6478674665761;169,7435461958861;1971,9118835149277;944,8544467205613;182,48952132215578;2115,320088930835;735,477594414333;3268,276739205662;29236,411799929974
63,416666666666664;953,621263192284;946,8574259764395;169,41915765187616;1969,1254355029837;945,0685507552386;182,1164748569096;2112,061782718784;735,6163434404828;3269,205590374773;29257,82505042266
63,5;953,8176349061818;947,0666806192669;169,09593039611366;1966,3476996575694;945,2823173882433;181,74513928721566;2108,8177750170826;735,7589558738111;3270,073796277019;29278,834132527867
63,583333333333336;954,0137495889669;947,275632356404;168,77385717287154;1963,5786203112377;945,4957480970903;181,3754972561918;2105,587905716539;735,9055105680404;3270,880185485559;29299,430939198533
63,666666666666664;954,2096079126165;947,484282143115;168,4529308140725;1960,8181425716714;945,7088443430291;181,00753170237752;2102,3720175936774;736,0560863688382;3271,623585313897;29319,607329054037
63,75;954,4052105464759;947,6926309286655;168,1331442375381;1958,0662123053064;945,9216075713351;180,64122585373298;2099,169956252303;736,2107620214183;3272,3028231566745;29339,355134191966
63,833333333333336;954,6005581572724;947,9006796564033;167,81449044526084;1955,3227761196567;946,1340392115943;180,27656322174195;2095,9815700656973;736,3696160752899;3272,916727875864;29358,666168299053
63,916666666666664;954,7956514091285;948,1084292638379;167,49696252172726;1952,5877813482928;946,3461406779826;179,9135275956597;2092,806710120769;736,5327267863523;3273,4641312297385;29377,53223504705
64,0;954,9904909635766;948,3158806827175;167,1805536322637;1949,8611760336514;946,5579133695389;179,5521030368502;2089,645230162489;736,7001720165523;3273,9438693416423;29395,945136757546
64,08333333333333;955,1850774795711;948,5230348391051;166,86525702147605;1947,1429089131002;946,7693586704338;179,19227387329983;2086,496986540251;736,8720291313397;3274,354784205364;29413,896683317922
64,16666666666667;955,3794116135026;948,7298926534523;166,5510660116496;1944,4329294023087;946,9804779502311;178,83402469416708;2083,361838154461;737,0483748951784;3274,695725223471;29431,378701328475
64,25;955,573494019211;948,9364550406726;166,23797400125682;1941,7311875822052;947,1912725641458;178,4773403445186;2080,239646405239;737,2292853653883;3274,965550774863;29448,383043459944
64,33333333333333;955,7673253479982;949,1427229102118;165,92597446345962;1939,037634183316;947,4017438532956;178,12220592013503;2077,1302751414155;737,4148357846072;3275,1631298073416;29464,90159799735
64,41666666666667;955,9609062486426;949,3486971661174;165,61506094465983;1936,3522205723734;947,6118931449474;177,76860676243047;2074,0335906103346;737,6051004721862;3275,287343450864;29480,92629854593
64,5;956,1542373674101;949,5543787071074;165,30522706312922;1933,6748987392534;947,82172175276;177,41652845352178;2070,949461410326;737,8001527148363;3275,3370866468454;29496,449133873346
64,58333333333333;956,3473193480692;949,7597684266361;164,99646650756858;1931,0056212826519;948,0312309770201;177,06595681131475;2067,8777584414993;738,0000646568685;3275,311269788608;29511,462157858477
64,66666666666667;956,540152831902;949,9648672129599;164,68877303582588;1928,3443413981465;948,2404221048747;176,71687788479318;2064,8183548600928;738,2049071903731;3275,2088203680096;29525,95749952023
64,75;956,732738457718;950,1696759492008;164,38214047355189;1925,6910128652114;948,4492964105589;176,36927794932973;2061,771126032346;738,4147498456971;3275,0286846229337;29539,92737309434
64,83333333333333;956,9250768618668;950,3741955134093;164,07656271292979;1923,045590034697;948,6578551556177;176,02314350213206;2058,735949489428;738,629660682588;3274,769829180314;29553,36408812739
64,91666666666667;957,1171686782504;950,5784267786253;163,77203371143878;1920,4080278173744;948,8660995891252;175,67846125779525;2055,712704884062;738,8497061823742;3274,431242689183;29566,260059556338
65,0;957,309014538336;950,7823706129382;163,46854749062913;1917,7782816721153;949,074030947898;175,33521814391221;2052,7012739470156;739,074951141559;3274,011937438143;29578,60781774048
65,08333333333333;957,5006150711677;950,9860278795456;163,1660981349455;1915,156307594397;949,2816504567048;174,99340129680732;2049,7015404450103;739,305458567204;3273,510950951654;29590,400018412627
65,16666666666667;957,69197090338;951,1893994368113;162,86467979055033;1912,542062105256;949,4889593284714;174,65299805733522;2046,713390139884;739,5412895744787;3272,9273475594546;29601,62945251657
65,25;957,8830826592095;951,3924861383208;162,56428666421812;1909,9355022406473;949,6959587644823;174,31399596680777;2043,7367107478326;739,7825032867465;3272,2602199335197;29612,28905589669
65,33333333333333;958,0739509605072;951,5952888329374;162,2649130222186;1907,3365855405525;949,902649954577;173,97638276295467;2040,7713918996587;740,029156738554;3271,5086905869452;29622,37191880691
65,41666666666667;958,2645764267505;951,7978083648559;161,96655318924513;1904,7452700393474;950,109034077344;173,64014637601713;2037,8173251026349;740,2813047818782;3270,671913329298;29631,87129520643
65,5;958,4549596750552;952,0000455736557;161,66920154736601;1902,1615142551032;950,315112300309;173,3052749248897;2034,8744037019214;740,5389999959798;3269,749074673084;29640,780611808852
65,58333333333333;958,6451013201879;952,202001294353;161,37285253498703;1899,5852771801872;950,5208857801211;172,97175671335637;2031,9425228437137;740,802292601191;3268,739395186131;29649,09347685456
65,66666666666667;958,835001974578;952,4036763574512;161,07750064587378;1897,0165182715912;950,7263556627338;172,6395802264186;2029,0215794387354;741,071230376957;3267,642130784954;29656,80368857535
65,75;959,0246622483286;952,6050715889917;160,78314042816828;1894,4551974420745;950,9315230835829;172,30873412668828;2026,1114721268045;741,3458585844271;3266,456573964314;29663,905243322268
65,83333333333333;959,2140827492292;952,8061878106021;160,4897664834226;1891,9012750504146;951,1363891677612;171,9792072508463;2023,2121012413795;741,6262198938724;3265,1820549585223;29670,392343328615
65,91666666666667;959,4032640827672;953,0070258395447;160,19737346567808;1889,354711892978;951,3409550301892;171,65098860619494;2020,323368776036;741,9123543171883;3263,8179428303515;29676,259404083106
66,0;959,592206852139;953,2075864887632;159,90595608056424;1886,8154691954032;951,5452217757825;171,32406736728313;2017,445178350777;742,2042991457112;3262,3636464836845;29681,50106128806
66,08333333333333;959,7809116582624;953,4078705669297;159,61550908439506;1884,2835086033583;951,7491904996155;170,99843287257727;2014,5774351785742;742,502088893557;3260,818615596418;29686,112177380055
66,16666666666667;959,969379099787;953,6078788784886;159,32602728331915;1881,7587921752715;951,9528622870824;170,6740746212482;2011,720046034496;742,8057552466622;3259,1823414705814;29690,087847594605
66,25;960,1576097731069;953,8076122237023;159,0375055324614;1879,2412823737654;952,1562382140551;170,35098226997263;2008,8729192233518;743,1153270176782;3257,4543577968725;29693,423405554688
66,33333333333333;960,3456042723705;954,0070713986943;158,749938735113;1876,7309420582142;952,3593193470365;170,02914562985055;2006,0359645490846;743,4308301068448;3255,6342413314305;29696,11442836926
66,41666666666667;960,533363189493;954,2062571954917;158,4633218419043;1874,2277344766426;952,5621067433126;169,7085546633467;2003,2090932847875;743,7522874689378;3253,721612482884;29698,156741227594
66,5;960,7208871141675;954,4051704020678;158,1776498500318;1871,7316232590006;952,7646014511005;169,3891994813336;2000,3922181430835;744,0797190863543;3251,7161358083285;29699,546421479343
66,58333333333333;960,9081766338749;954,6038118023826;157,89291780249073;1869,2425724095658;952,9668045096934;169,0710703401733;1997,585253247461;744,4131419483758;3249,617520417197;29700,279802191882
66,66666666666667;961,0952323338964;954,8021821764233;157,6091207873077;1866,760546299385;953,168716949603;168,75415763885684;1994,788114103197;744,7525700366127;3247,4255202824856;29700,35347517869
66,75;961,2820547973238;955,0002823002447;157,32625393682724;1864,2855096606536;953,3703397926993;168,43845191623586;1992,0007175707515;745,0980143166108;3245,1399344592555;29699,764293497246
66,83333333333333;961,4686446050704;955,1981129460072;157,0443124269758;1861,8174275788274;953,5716740523466;168,12394384827087;1989,2229818377955;745,4494827355695;3242,760607210694;29698,50937341395
66,91666666666667;961,6550023358817;955,3956748820153;156,76329147657952;1859,3562654865175;953,7727207335382;167,81062424538106;1986,4548263930326;745,8069802260941;3240,287428042513;29696,586095839033
67,0;961,8411285663466;955,5929688727556;156,4831863466594;1856,9019891573082;953,9734808330272;167,498484049799;1983,6961719999406;746,1705087158796;3237,7203316468144;29693,992107235677
67,08333333333333;962,0270238709081;955,7899956789329;156,2039923397748;1854,4545646990312;954,1739553394553;167,18751433303638;1980,9469406714832;746,5400671431975;3235,059297757005;29690,725320009322
67,16666666666667;962,2126888218734;955,9867560575069;155,92570479938104;1852,0139585483769;954,3741452334791;166,87770629337152;1978,2070556453;746,9156514780335;3232,30435091566;29686,783912386596
67,25;962,3981239894249;956,1832507617277;155,64831910916155;1849,580137464152;954,5740514878934;166,569051253378;1975,476441358634;747,2972547487027;3229,455560157598;29682,166327794013
67,33333333333333;962,5833299416305;956,3794805411706;155,371830692431;1847,153068522083;954,7736750677523;166,26154065754505;1972,755023425284;747,6848670737477;3226,513038610833;29676,871273750563
67,41666666666667;962,7683072444541;956,5754461417703;155,0962350114986;1844,7327191089255;954,9730169304883;165,9551660699124;1970,0427286116012;748,0784756989077;3223,4769430182423;29670,89772028699
67,5;962,9530564617664;956,7711483058549;154,82152756709695;1842,3190569168632;955,1720780260283;165,64991917177522;1967,3394848137732;748,4780650389285;3220,3474731831966;29664,244897910085
67,58333333333333;963,1375781553545;956,9665877721789;154,54770389778787;1839,9120499383907;955,3708592969081;165,34579175943506;1964,645221035204;748,883616723971;3217,1248713425684;29656,91229512886
67,66666666666667;963,3218728849329;957,1617652759554;154,27475957939123;1837,5116664609448;955,5693616783838;165,04277574198682;1961,9598673649994;749,2951096503597;3213,8094214707517;29648,899655561923
67,75;963,5059412081523;957,3566815488889;154,00269022443638;1835,1178750617887;955,7675860985415;164,7408631391687;1959,283354955908;749,7125200354058;3210,401448518598;29640,206974646946
67,83333333333333;963,6897836806115;957,5513373192058;153,73149148158518;1832,730644602565;955,9655334784051;164,44004607922906;1956,6156160033997;750,1358214760285;3206,901317591198;29630,834495973086
67,91666666666667;963,8734008558671;957,745733311686;153,46115903514317;1830,3499442252457;956,163204732041;164,14031679688733;1953,9565837252046;750,5649850108915;3203,309433068746;29620,782707260143
68,0;964,0567932854417;957,939870247693;153,19168860452805;1827,9757433468217;956,360600766662;163,8416676313048;1951,3061923411824;750,9999791857686;3199,6262376746336;29610,052336005767
68,08333333333333;964,2399615188361;958,1337488452039;152,92307594371835;1825,608011654534;956,5577224827281;163,54409102406976;1948,664377053141;751,4407701218462;3195,8522114950974;29598,644344825258
68,16666666666667;964,4229061035387;958,3273698188386;152,65531684080713;1823,2467191018056;956,7545707740459;163,24757951729623;1946,0310740258587;751,8873215866745;3191,9878709548493;29586,559926508442
68,25;964,6056275850336;958,5207338798891;152,38840711750186;1820,8918359032973;956,9511465278658;162,95212575172272;1943,4062203681065;752,3395950674737;3188,0337677529633;29573,80049881647
68,33333333333333;964,7881265068128;958,7138417363477;152,12234262861273;1818,5433325310714;957,1474506249778;162,65772246481575;1940,7897541138675;752,7975498465094;3183,9904877633985;29560,36769904401
68,41666666666667;964,970403410384;958,9066940929348;151,8571192616264;1816,2011797097657;957,3434839398041;162,36436248899423;1938,1816142041826;753,2611430782507;3179,8586499045514;29546,263378370466
68,5;965,1524588352817;959,0992916511268;151,5927329362313;1813,865348412872;957,5392473404918;162,07203874982483;1935,581740469704;753,7303298680336;3175,638904982;29531,489596024232
68,58333333333333;965,3342933190754;959,291635109183;151,32917960387147;1811,5358098587437;957,7347416890022;161,78074426428495;1932,990073613004;754,2050633519547;3171,3319345087216;29516,048613283572
68,66666666666667;965,5159073973803;959,483725162172;151,06645524731164;1809,2125355063706;957,9299678411994;161,49047213905476;1930,4065551915546;754,6852947777321;3166,938449506811;29499,942887337354
68,75;965,6973016038658;959,6755625019988;150,80455588020527;1806,8954970516775;958,124926646936;161,201215568843;1927,8311276009426;755,1709735862754;3162,4591892947224;29483,1750650284
68,83333333333333;965,8784764702659;959,8671478174296;150,5434775466739;1804,5846664237831;958,3196189501389;160,91296783475627;1925,2637340589386;755,6620474937178;3157,894920263855;29465,747976501047
68,91666666666667;966,0594325263876;960,0584817941177;150,28321632090922;1802,2800157813176;958,5140455888912;160,62572230269978;1922,7043185890066;756,1584625736746;3153,2464346482225;29447,664628774717
69,0;966,2401703001209;960,2495651146288;150,02376830674677;1799,9815175084505;958,7082073955152;160,33947242179735;1920,1528260046534;756,6601633395021;3148,514549290695;29428,928199262966
69,08333333333333;966,4206903174476;960,4403984584651;149,76512963730215;1797,6891442122535;958,9021051966507;160,05421172287186;1917,6092018948498;757,1670928263416;3143,7001044092817;29409,5420292593
69,16666666666667;966,6009931024506;960,6309825020901;149,5072964745617;1795,4028687183404;959,0957398133348;159,7699338169329;1915,0733926079672;757,6791926727476;3138,80396236659;29389,509617406
69,25;966,7810791773234;960,8213179189521;149,2502650090131;1793,122664068134;959,2891120610782;159,48663239371044;1912,5453452378094;758,1964032017105;3133,827006445545;29368,834613166076
69,33333333333333;966,9609490623782;961,0114053795081;148,99403145928147;1790,848503515049;959,4822227499402;159,20430122021003;1910,0250076088014;758,7186635008948;3128,770139634193;29347,52081031334
69,41666666666667;967,1406032760566;961,2012455512469;148,73859207175144;1788,580360521913;959,6750726846036;158,92293413930688;1907,512328262233;759,2459115019294;3123,6342834222514;29325,572140457294
69,5;967,3200423349365;961,3908390987116;148,4839431202431;1786,3182087575558;959,8676626644465;158,64252506837602;1905,0072564424886;759,7780840585978;3118,4203766119076;29302,99266661705
69,58333333333333;967,4992667537426;961,5801866835228;148,23008090562269;1784,0620220933408;960,0599934836137;158,36306799791288;1902,5097420829266;760,3151170237869;3113,129374145081;29279,786576857427
69,66666666666667;967,6782770453547;961,7692889644005;147,9770017554955;1781,8117746010323;960,2520659310866;158,0845569902408;1900,0197357936577;760,8569453250695;3107,762245949336;29255,958178001707
69,75;967,857073720816;961,9581465971856;147,72470202385364;1779,5674405488812;960,4438807907516;157,8069861781968;1897,537188847606;761,4035030388038;3102,3199758042765;29231,511889429876
69,83333333333333;968,0356572893432;962,1467602348623;147,47317809075753;1777,3289943995696;960,6354388414674;157,53034976386814;1895,0620531684692;761,9547234626469;3096,803560230182;29206,45223697541
69,91666666666667;968,214028258334;962,3351305275786;147,22242636202338;1775,0964108073051;960,8267408571306;157,25464201736258;1892,5942813182444;762,5105391863916;3091,2140074004446;29180,78384692887
70,0;968,3921871333757;962,5232581226676;146,97244326888494;1772,8696646144663;961,0177876067409;156,97985727557153;1890,1338264849082;763,0708821610457;3085,552336079136;29154,51144015686
70,08333333333333;968,5701344182548;962,7111436646683;146,72322526770358;1770,648730849646;961,2085798544637;156,7059899409911;1887,6806424705214;763,6356837660838;3079,8195745849507;29127,639826344654
70,16666666666667;968,7478706149647;962,8987877953458;146,4747688396642;1768,4335847246284;961,3991183596931;156,43303448056244;1885,2346836798954;764,204874874814;3074,016759782565;29100,1738983691
70,25;968,9253962237144;963,0861911537115;146,22707049047108;1766,2242016320233;961,589403877113;156,1609854245195;1882,795905108648;764,7783859178081;3068,14493610226;29072,11862680692
70,33333333333333;969,1027117429375;963,273354376043;145,98012675007226;1764,0205571427284;961,7794371567563;155,88983736528007;1880,364262332742;765,3561469443583;3062,2051545885943;29043,47905458481
70,41666666666667;969,2798176692991;963,4602780959034;145,73393417236105;1761,822627003195;961,9692189440644;155,61958495634897;1877,9397114970047;765,9380876819266;3056,198471978687;29014,260291773982
70,5;969,4567144977063;963,6469629441609;145,48848933489182;1759,6303871335697;962,1587499799447;155,35022291123582;1875,5222093045168;766,5241375935664;3050,1259498105865;28984,467510534138
70,58333333333333;969,6334027213146;963,8334095490079;145,24378883863562;1757,443813624998;962,348031000827;155,0817460024355;1873,1117130065472;767,1142259333013;3043,9886535621;28954,105940208487
70,66666666666667;969,8098828315372;964,0196185359795;144,99982930766748;1755,2628827372419;962,5370627387194;154,81414906036278;1870,708180391763;767,7082817994537;3037,7876518201992;28923,18086257244
70,75;969,9861553180527;964,2055905279722;144,75660738894192;1753,0875708966641;962,7258459212629;154,54742697237634;1868,3115697765265;768,306234185922;3031,524015481251;28891,697607237562
70,83333333333333;970,1622206688139;964,3913261452624;144,51411975201438;1750,9178546941148;962,9143812717846;154,2815746817834;1865,921839995125;768,9080120314137;3025,198816981961;28859,661547211115
70,91666666666667;970,3380793700546;964,5768260055241;144,27236308878832;1748,7537108825488;963,1026695093503;154,01658718687344;1863,5389503899537;769,5135442666451;3018,8131295610033;28827,078094611687
71,0;970,5137319062997;964,7620907238473;144,03133411326223;1746,5951163744853;963,2907113488167;153,75245953996625;1861,1628608018277;770,122759859525;3012,368026551143;28793,952696541102
71,08333333333333;970,6891787603707;964,947120912755;143,79102956130794;1744,4420482414278;963,478507500881;153,48918684651338;1858,7935315617624;770,7355878583436;3005,86458070162;28760,29083111195
71,16666666666667;970,864420413396;965,1319171822211;143,55144619039208;1742,2944837098512;963,6660586721318;153,22676426415583;1856,4309234806767;771,3519574329943;2999,3038635304074;28726,098003628013
71,25;971,0394573448176;965,3164801396871;143,31258077937434;1740,1524001609696;963,8533655650969;152,9651870018641;1854,0749978413546;771,9717979142563;2992,6869447060267;28691,37974291916
71,33333333333333;971,2142900323988;965,5008103900797;143,07443012826297;1738,0157751277907;964,0404288782916;152,70445031906604;1851,725716389927;772,5950388311743;2986,0148914584197;28656,14159782592
71,41666666666667;971,3889189522326;965,6849085358269;142,83699105797893;1735,8845862934872;964,2272493062658;152,44454952477952;1849,3830413265969;773,2216099465694;2979,288768018368;28620,389133833087
71,5;971,5633445787495;965,8687751768754;142,6002604101427;1733,7588114894786;964,4138275396505;152,18547997679593;1847,0469352980792;773,8514412907228;2972,5096350849485;28584,127929849783
71,58333333333333;971,7375673847247;966,0524109107059;142,36423504685263;1731,6384286938603;964,6001642652024;151,92723708085396;1844,7173613891646;774,4844631932731;2965,6785493203997;28547,363575133244
71,66666666666667;971,9115878412863;966,2358163323502;142,12891185046885;1729,5234160292925;964,7862601658491;151,66981628984956;1842,3942831148786;775,1206063133706;2958,796562871774;28510,101666352683
71,75;972,0854064179225;966,4189920344065;141,89428772340307;1727,4137517616234;964,9721159207326;151,41321310304122;1840,0776644126393;775,7598016681355;2951,864722918736;28472,347804791498
71,83333333333333;972,2590235824897;966,6019386070558;141,66035958789962;1725,309414297602;965,1577322052523;151,15742306528645;1837,767469634483;776,401980659466;2944,8840712468045;28434,10759368327
71,91666666666667;972,4324398012197;966,7846566380769;141,42712438584795;1723,210382183851;965,3431096911071;150,9024417662954;1835,4636635399127;777,0470750992432;2937,855643845356;28395,386635679122
72,0;972,6056555387273;966,9671467128621;141,19457907857225;1721,1166341047933;965,5282490463371;150,64826483989393;1833,16621128847;777,6950172329847;2930,780470529648;28356,190530442167
72,08333333333333;972,7786712580179;967,1494094144327;140,9627206466297;1719,028148881315;965,7131509353641;150,39488796329167;1830,8750784324855;778,3457397619925;2923,6595745861396;28316,52487236592
72,16666666666667;972,9514874204945;967,3314453234536;140,73154608962852;1716,9449054687489;965,8978160190314;150,14230685639347;1828,5902309100281;778,9991758640483;2916,4939724403807;28276,395248412857
72,25;973,1241044859654;967,5132550182485;140,50105242602058;1714,866882956022;966,0822449546437;149,8905172810892;1826,3116350382663;779,655259212704;2909,284673346692;28235,807236069286
72,33333333333333;973,2965229126522;967,6948390748146;140,27123669292223;1712,794060563272;966,266438396005;149,63951504058684;1824,0392575066642;780,3139239952181;2902,032679098921;28194,766401413137
72,41666666666667;973,4687431571958;967,8761980668369;140,042095945941;1710,7264176412662;966,4503969934572;149,38929597875315;1821,7730653702602;780,9751049291885;2894,738983761511;28153,27829729039
72,5;973,6407656746641;968,057332565703;139,81362725897384;1708,6639336690932;966,6341213939165;149,13985597944674;1819,5130260433903;781,6387372779295;2887,404573420109;28111,34846159649
72,58333333333333;973,81259091856;968,238243140517;139,58582772402792;1706,6065882535065;966,8176122409112;148,89119096588516;1817,2591072933953;782,3047568646434;2880,030425951018;28068,982415659553
72,66666666666667;973,9842193408276;968,4189303581142;139,358694451073;1704,5543611268106;967,0008701746164;148,64329690003615;1815,0112772340804;782,9731000854343;2872,617510808748;28026,18566272059
72,75;974,1556513918598;968,5993947830739;139,13222456783672;1702,5072321460273;967,1838958318901;148,39616978198947;1812,7695043203773;783,6437039212125;2865,1667888308993;27982,963686508057
72,83333333333333;974,3268875205054;968,7796369777344;138,90641521964824;1700,465181291094;967,366689846308;148,1498056493554;1810,53375734164;784,316505948535;2857,67921205971;27939,32194990213
72,91666666666667;974,4979281740758;968,9596575022061;138,68126356927348;1698,4281886641854;967,5492528481972;147,9042005766945;1808,3040054164553;784,99144434943;2850,1557235795553;27895,26589368614
73,0;974,6687737983523;969,1394569143849;138,4567667967417;1696,3962344874255;967,73158546467;147,6593506749211;1806,0802179865966;785,6684579202487;2842,5972573696868;27850,80093538032
73,08333333333333;974,8394248375932;969,3190357699657;138,2329220991835;1694,369299102482;967,9136883196574;147,41525209074737;1803,8623648115213;786,3474860795891;2835,004738171554;27805,932468155515
73,16666666666667;975,0098817345406;969,4983946224556;138,0097266906887;1692,3473629691894;968,0955620339402;147,17190100613763;1801,6504159631165;787,0284688753355;2827,3790813700625;27760,665859822955
73,25;975,180144930427;969,6775340231873;137,78717780212446;1690,3304066637074;968,2772072251823;146,92929363775974;1799,4443418202125;787,7113469908545;2819,721192888076;27715,006451896475
73,33333333333333;975,3502148649825;969,8564545213312;137,5652726809932;1688,3184108779794;968,4586245079615;146,68742623644889;1797,244113063113;788,3960617503877;2812,031969093587;27668,95955872414
73,41666666666667;975,5200919764418;970,0351566639093;137,34400859128186;1686,3113564180455;968,6398144938;146,4462950866954;1795,049700669116;789,082555123683;2804,3122967189215;27622,530466686774
73,5;975,68977670155;970,2136409958072;137,12338281331142;1684,3092242036746;968,8207777911952;146,20589650613738;1792,8610759068938;789,7707697299004;2796,563052791381;27575,724433458876
73,58333333333333;975,859269475571;970,3919080597865;136,90339264357192;1682,3119952659606;969,001515005649;145,9662268450414;1790,6782103317664;790,4606488408305;2788,7851045747448;27528,546687329967
73,66666666666667;976,0285707322922;970,5699583964981;136,68403539461167;1680,3196507473424;969,1820267396979;145,727282485841;1788,5010757811383;791,1521363834618;2780,9793095211076;27481,002426583225
73,75;976,1976809040332;970,7477925444937;136,4653083948525;1678,332171899937;969,362313592941;145,4890598426293;1786,3296443693414;791,8451769419308;2773,1465152324567;27433,096818928534
73,83333333333333;976,3666004216503;970,9254110402381;136,2472089884875;1676,3495400843574;969,5423761620685;145,25155536070983;1784,1638884835002;792,5397157588899;2765,287559431535;27384,83500098702
73,91666666666667;976,5353297145455;971,102814418122;136,02973453530467;1674,3717367692657;969,7222150408903;145,0147655161132;1782,0037807786066;793,2356987363227;2757,4032699414065;27336,222077824597
74,0;976,7038692106706;971,2800032104727;135,81288241058758;1672,398743529495;969,9018308203624;144,77868681517194;1779,849294173335;793,9330724358409;2749,494464673342;27287,26312253214
74,08333333333333;976,8722193365354;971,4569779475673;135,5966500049476;1670,430542045718;970,0812240886147;144,5433157940495;1777,7004018457426;794,6317840784913;2741,5619516224456;27237,963175849498
74,16666666666667;977,0403805172139;971,6337391576435;135,38103472420175;1668,4671141028016;970,2603954309769;144,30864901831498;1775,5570772285914;795,3317815441004;2733,6065288706623;27188,327245830897
74,25;977,2083531763496;971,8102873669114;135,16603398925895;1666,508441589611;970,4393454300052;144,07468308253485;1773,4192940060032;796,0330133701874;2725,6289845967017;27138,360307550272
74,33333333333333;977,3761377361637;971,9866230995653;134,9516452359552;1664,5545064972284;970,6180746655077;143,8414146098188;1771,2870261085009;796,7354287504685;2717,6300970924335;27088,06730284294
74,41666666666667;977,5437346174601;972,1627468777949;134,7378659149598;1662,6052909181765;970,7965837145697;143,60884025144045;1769,1602477095169;797,4389775329806;2709,610634785429;27037,453140082805
74,5;977,7111442396323;972,3386592217967;134,5246934916304;1660,660777046109;970,9748731515784;143,37695668642183;1767,038933221488;798,1436102178479;2701,5713562671926;26986,522693992578
74,58333333333333;977,8783670206695;972,5143606497849;134,31212544589073;1658,7209471739113;971,152943548248;143,1457606211444;1764,9230572918523;798,8492779547137;2693,513010326765;26935,28080548475
74,66666666666667;978,0454033771631;972,6898516780029;134,10015927211703;1656,7857836936037;971,330795473643;142,9152487889577;1762,8125947992937;799,5559325398609;2685,436335989338;26883,732281531753
74,75;978,2122537243125;972,8651328207343;133,88879247900434;1654,8552690947513;971,5084294942025;142,6854179498025;1760,7075208502981;800,2635264130427;2677,3420625595327;26831,88189506403
74,83333333333333;978,3789184759316;973,0402045903132;133,67802258945574;1652,929385964155;971,6858461737634;142,45626488983874;1758,6078107751837;800,9720126540414;2669,230909669048;26779,734384893105
74,91666666666667;978,5453980444555;973,2150674971359;133,4678471404601;1651,0081169846294;971,8630460735833;142,22778642107585;1756,513440124838;801,6813449789782;2661,1035873283545;26727,294455659467
75,0;978,7116928409451;973,3897220496707;133,25826368298976;1649,0914449341901;972,0400297523634;141,99997938103465;1754,4243846673762;802,3914777363897;2652,9607959821587;26674,566777802404
75,08333333333333;978,877803275095;973,564168754469;133,0492697818613;1647,1793526853353;972,2167977662704;141,77284063236314;1752,3406203841841;803,1023659030888;2644,8032265683323;26621,555987551303
75,16666666666667;979,0437297552379;973,7384081161761;132,84086301564741;1645,271823204155;972,3933506689585;141,54636706252248;1750,2621234673838;803,813965079829;2636,631560580093;26568,26668693647
75,25;979,2094726883522;973,9124406375407;132,6330409765461;1643,3688395494783;972,5696890115917;141,32055558343666;1748,1888703160103;804,5262314867855;2628,4464701311335;26514,70344381827
75,33333333333333;979,3750324800666;974,0862668194263;132,42580127028702;1641,4703848718455;972,7458133428638;141,09540313116156;1746,1208375329147;805,2391219588685;2620,248618023501;26460,870791933252
75,41666666666667;979,540409534667;974,2598871608207;132,2191415160063;1639,5764424133151;972,9217242090207;140,8709066655588;1744,0580019217994;805,9525939408849;2612,038657817971;26406,773230956416
75,5;979,7056042551018;974,4333021588463;132,01305934615846;1637,6869955060488;973,0974221538801;140,6470631699841;1742,0003404840375;806,6666054825597;2603,817233906732;26352,415226577712
75,58333333333333;979,8706170429883;974,6065123087707;131,80755240638575;1635,802027571826;973,2729077188521;140,42386965096114;1739,947830415758;807,3811152334314;2595,584981588131;26297,801210592483
75,66666666666667;980,0354482986183;974,7795181040158;131,60261835544134;1633,9215221213092;973,4481814429596;140,20132313789404;1737,9004491048477;808,0960824376331;2587,3425271433543;26242,935581004396
75,75;980,2000984209639;974,9523200361684;131,39825486506425;1632,0454627531117;973,6232438628575;139,97942068274853;1735,8581741279345;808,8114669285706;2579,0904879147793;26187,82270213983
75,83333333333333;980,3645678076833;975,1249185949899;131,1944596198856;1630,1738331532952;973,7980955128525;139,7581593597596;1733,820983248018;809,5272291235091;2570,8294723858994;26132,466904773046
75,91666666666667;980,5288568551267;975,2973142684257;130,99123031733484;1628,306617094419;973,9727369249218;139,53753626515606;1731,78885441104;810,2433300180786;2562,560080262614;26076,872486261043
76,0;980,6929659583419;975,469507542615;130,78856466752597;1626,4437984350757;974,1471686287329;139,31754851685383;1729,7617657436797;810,9597311807069;2554,2829025557216;26021,04371068724
76,08333333333333;980,8568955110802;975,6414989019008;130,5864603931724;1624,5853611188834;974,3213911516609;139,0981932541925;1727,7396955505346;811,6763947469905;2545,998521664526;25964,98480901364
76,16666666666667;981,0206459058018;975,813288828839;130,38491522948448;1622,7312891739225;974,4954050188081;138,87946763765996;1725,7226223114365;812,3932834140119;2537,7075114613463;25908,69997923999
76,25;981,1842175336812;975,9848778042076;130,1839269240702;1620,8815667125045;974,6692107530213;138,66136884861461;1723,710524679243;813,1103604346108;2529,410437376848;25852,193386570005
76,33333333333333;981,3476107846138;976,1562663070166;129,98349323684124;1619,0361779292139;974,8428088749098;138,44389408902444;1721,7033814765105;813,8275896116173;2521,1078564860563;25795,469163583068
76,41666666666667;981,5108260472203;976,3274548145171;129,78361193993067;1617,1951071017997;975,0161999028629;138,2270405812109;1719,7011716940608;814,5449352920549;2512,8003175949475;25738,53141041225
76,5;981,6738637088532;976,4984438022101;129,584280817582;1615,358338589625;975,1893843530676;138,0108055675953;1717,7038744879499;815,2623623613185;2504,4883613274815;25681,38419492616
76,58333333333333;981,8367241556016;976,6692337438562;129,3854976660782;1613,5258568329689;975,362362739525;137,7951863104451;1715,7114691771942;815,9798362373361;2496,17252021302;25624,031552915738
76,66666666666667;981,999407772297;976,8398251114845;129,1872602936337;1611,6976463528333;975,5351355740677;137,58018009162754;1713,7239352415302;816,6973228647176;2487,8533187739818;25566,47748828464
76,75;982,1619149425188;977,0102183754012;128,98956652031188;1609,8736917499161;975,707703366376;137,36578421237283;1711,7412523190922;817,4147887088983;2479,5312736136902;25508,725973242566
76,83333333333333;982,3242460485997;977,1804140041991;128,79241417793992;1608,0539777044542;975,8800666239946;137,15199599303503;1709,7634002045172;818,1322007502814;2471,206893504308;25450,780948502226
76,91666666666667;982,4864014716312;977,3504124647659;128,59580111001492;1606,2384889747723;976,0522258523484;136,9388127728577;1707,7903588459142;818,849526478385;2462,880679474774;25392,64632347749
77,0;982,6483815914684;977,5202142222936;128,3997251716329;1604,4272103979984;976,2241815547588;136,72623190975884;1705,8221083438912;819,5667338859968;2454,5531248986936;25334,32597648484
77,08333333333333;982,8101867867362;977,6898197402865;128,2041842293694;1602,6201268876996;976,3959342324591;136,51425078007733;1703,858628948311;820,2837914633427;2446,224715582074;25275,82375494515
77,16666666666667;982,9718174348337;977,8592294805702;128,00917616124252;1600,817223435007;976,5674843846101;136,30286677838683;1701,8999010570224;821,0006681922719;2437,8959298509017;25217,14347558794
77,25;983,1332739119407;978,0284439033006;127,81469885658794;1599,0184851070837;976,7388325083152;136,09207731725178;1699,945905213553;821,7173335404622;2429,567238638428;25158,288924655655
77,33333333333333;983,2945565930215;978,1974634669716;127,62075021600197;1597,2238970467374;976,9099790986357;135,88187982704142;1697,996622105167;822,4337574556503;2421,2391055721782;25099,263858109174
77,41666666666667;983,4556658518311;978,3662886284242;127,42732815124782;1595,4334444717617;977,0809246486058;135,67227175569784;1696,0520325609027;823,1499103598882;2412,911987060569;25040,0720018331
77,5;983,6166020609203;978,5349198428544;127,23443058517319;1593,647112674548;977,2516696492468;135,4632505685379;1694,1121175496633;823,8657631438303;2404,586332379144;24980,717051841977
77,58333333333333;983,7773655916402;978,7033575638219;127,04205545164768;1591,8648870217373;977,4222145895819;135,25481374806233;1692,176858178354;824,5812871610532;2396,262583756349;24921,202674485474
77,66666666666667;983,9379568141485;978,8716022432583;126,85020069545772;1590,0867529529019;977,5925599566507;135,0469587937384;1690,246235689939;825,2964542224106;2387,9411764588053;24861,532506653683
77,75;984,0983760974135;979,0396543314752;126,6588642722553;1588,312695980913;977,7627062355227;134,83968322182832;1688,3202314621071;826,0112365904262;2379,6225388760686;24801,71015598207
77,83333333333333;984,2586238092198;979,2075142771723;126,4680441484586;1586,5427016906824;977,932653909312;134,63298456517904;1686,3988270047337;826,7256069737259;2371,3070926048104;24741,739201054923
77,91666666666667;984,4187003161734;979,3751825274458;126,27773830118656;1584,7767557391421;978,1024034591901;134,42686037304114;1684,4820039589595;827,4395385215121;2362,995252532408;24681,62319160872
78,0;984,578605983706;979,5426595277959;126,08794471819067;1583,0148438546432;978,2719553644005;134,22130821089482;1682,569744094784;828,1530048180805;2354,6874269199197;24621,365648733816
78,08333333333333;984,738341176081;979,7099457221353;125,89866139775268;1581,2569518360076;978,4413101022712;134,0163256602422;1680,6620293100295;828,8659798773833;2346,3840174843826;24560,970065074987
78,16666666666667;984,8979062563978;979,8770415527969;125,70988634864193;1579,5030655524872;978,6104681482287;133,81191031845745;1678,7588416280985;829,5784381376372;2338,085419480465;24500,439905030642
78,25;985,0573015865972;980,0439474605414;125,52161759002445;1577,7531709430878;978,7794299758104;133,60805979859364;1676,860163196789;830,2903544559806;2329,792021781409;24439,77860495102
78,33333333333333;985,2165275274658;980,2106638845656;125,33385315139469;1576,0072540161602;978,948196056678;133,40477172921837;1674,965976286795;831,0017041031783;2321,5042069592487;24378,989573333773
78,41666666666667;985,3755844386415;980,3771912625099;125,14659107250452;1574,265300848762;979,1167668606297;133,20204375424225;1673,0762632896306;831,7124627583775;2313,222351364312;24318,076191018637
78,5;985,5344726786178;980,5435300304657;124,95982940328929;1572,527297586366;979,2851428556135;132,99987353274986;1671,1910067167737;832,4226065039132;2304,94682520396;24257,04181138035
78,58333333333333;985,693192604749;980,7096806229837;124,77356620380249;1570,7932304419496;979,4533245077388;132,79825873884263;1669,3101891975402;833,132111820167;2296,6779926205686;24195,889760518818
78,66666666666667;985,8517445732551;980,8756434730807;124,5877995441333;1569,0630856962273;979,6213122812895;132,5971970614674;1667,4337934781458;833,840955580476;2288,4162117687306;24134,623337448556
78,75;986,0101289392263;981,0414190122478;124,40252750436116;1567,3368496965268;979,7891066387357;132,39668620426897;1665,5618024200583;834,5491150460972;2280,161834891687;24073,24581428516
78,83333333333333;986,1683460566279;981,2070076704576;124,21774817446192;1565,6145088566532;979,9567080407453;132,1967238854259;1663,6941989985144;835,2565678612231;2271,9152083969366;24011,76043643032
78,91666666666667;986,3263962783051;981,3724098761716;124,03345965425672;1563,8960496564237;980,1241169461968;131,99730783750553;1661,8309663012521;835,9632920480526;2263,676672931073;23950,17042275419
79,0;986,4842799559875;981,5376260563474;123,84966005333808;1562,1814586411447;980,29133381219;131,79843580730207;1659,972087527011;836,6692660019157;2255,4465634537873;23888,478965776194
79,08333333333333;986,6419974402943;981,7026566364466;123,66634749100172;1560,4707224209521;980,4583590940584;131,60010555569656;1658,1175459845435;837,3744684864528;2247,225209311077;23826,689231843346
79,16666666666667;986,7995490807386;981,8675020404414;123,48352009619248;1558,7638276708512;980,62519324538;131,40231485751187;1656,2673250907715;838,0788786288481;2239,012934307623;23764,80436130619
79,25;986,9569352257315;982,0321626908224;123,30117600743051;1557,0607611299984;980,7918367179889;131,20506150137018;1654,4214083700258;838,782475915119;2230,8100567783586;23702,82746869299
79,33333333333333;987,1141562225883;982,1966390086052;123,11931337272881;1555,3615096009462;980,9582899619861;131,00834328953113;1652,5797794524012;839,4852401854592;2222,616889659188;23640,76164288124
79,41666666666667;987,2712124175315;982,3609314133381;122,937930349579;1553,6660599500499;981,1245534257514;130,81215803779756;1650,7424220729147;840,1871516296377;2214,4337405569368;23578,609947267407
79,5;987,4281041556959;982,5250403231089;122,75702510483484;1551,97439910613;981,2906275559532;130,61650357532713;1648,9093200696122;840,8881907824516;2206,2609118184073;23516,37541993364
79,58333333333333;987,5848317811335;982,6889661545518;122,57659581467522;1550,286514060589;981,45651279756;130,42137774453323;1647,0804573833043;841,588338519235;2198,0987005986644;23454,061073813133
79,66666666666667;987,7413956368177;982,8527093228548;122,39664066454168;1548,602391866946;981,6222095938509;130,22677840093763;1645,2558180554897;842,287576051421;2189,947398928478;23391,66989685267
79,75;987,8977960646481;983,016270241766;122,21715784907303;1546,922019640294;981,787718386426;130,03270341304486;1643,4353862278138;842,9858849221594;2181,807293780952;23329,204852173152
79,83333333333333;988,0540334054541;983,1796493236013;122,03814557205135;1545,2453845568155;981,953039615217;129,83915066221897;1641,619146140666;843,6832470019883;2173,678667137331;23266,668878227563
79,91666666666667;988,2101079990008;983,3428469792506;121,85960204631954;1543,572473853685;982,1181737184974;129,64611804253863;1639,8070821321273;844,3796444845591;2165,5617960519867;23204,064888957244
80,0;988,366020183992;983,5058636181847;121,68152549375577;1541,9032748283346;982,2831211328925;129,45360346069805;1637,9991786368485;845,0750598824158;2157,4569527166254;23141,395773945627
80,08333333333333;988,5217702980757;983,6686996484623;121,50391414518253;1540,2377748383146;982,44788229339;129,26160483586443;1636,1954201850465;845,7694760228272;2149,3644045236433;23078,664398569625
80,16666666666667;988,6773586778477;983,8313554767368;121,32676624033536;1538,5759613008127;982,6124576333494;129,0701200995717;1634,395791401482;846,462876043673;2141,284414128727;23015,873604149387
80,25;988,8327856588566;983,9938315082625;121,15008002777188;1536,9178216922255;982,7768475845124;128,87914719558765;1632,600277004093;847,1552433893806;2133,217239512621;22953,026208095267
80,33333333333333;988,9880515756076;984,1561281469017;120,97385376485192;1535,2633435477326;982,9410525770122;128,6886840798124;1630,8088618034506;847,8465618069166;2125,1631340421386;22890,125004053185
80,41666666666667;989,1431567615672;984,3182457951308;120,79808571764943;1533,6125144609869;983,1050730393833;128,49872872015283;1629,0215307014903;848,5368153418278;2117,1223465303656;22827,172762047743
80,5;989,2981015491674;984,4801848540475;120,62277416090978;1531,965322083862;983,2689093985712;128,30927909640664;1627,2382686904916;849,2259883343353;2109,0951212960904;22764,172228622985
80,58333333333333;989,4528862698097;984,6419457233766;120,44791737799869;1530,3217541259098;983,4325620799414;128,1203332001705;1625,4590608522697;849,9140654154779;2101,0816982224824;22701,126126981737
80,66666666666667;989,6075112538698;984,803528801477;120,27351366082826;1528,681798353954;983,5960315072895;127,93188903470238;1623,6838923569894;850,6010315033076;2093,082312814977;22638,037157122344
80,75;989,7619768307017;984,9649344853478;120,09956130982005;1527,0454425918178;983,7593181028498;127,74394461483212;1621,9127484626229;851,2868717991331;2085,0971962584335;22574,907995973746
80,83333333333333;989,9162833286414;985,1261631706349;119,9260586338454;1525,4126747200337;983,9224222873047;127,55649796685276;1620,1456145135808;851,9715717838144;2077,126575473528;22511,74129752868
80,91666666666667;990,0704310750122;985,2872152516369;119,7530039501629;1523,7834826754176;984,0853444797938;127,36954712840458;1618,3824759400861;852,6551172141051;2069,170673172405;22448,539692974704
81,0;990,2244203961274;985,448091121312;119,58039558438145;1522,157854450525;984,2480850979226;127,1830901483905;1616,6233182571384;853,3374941190435;2061,229707913606;22385,305790823728
81,08333333333333;990,3782516172957;985,608791171284;119,40823187038347;1520,5357780936715;984,410644557772;126,99712508685053;1614,8681270637862;854,0186887963916;2053,3038941562572;22322,04217703928
81,16666666666667;990,5319250628252;985,7693157918483;119,23651115029372;1518,9172417081568;984,5730232739062;126,81165001487955;1613,1168880422233;854,698687809121;2045,3934423135615;22258,75141516255
81,25;990,6854410560263;985,9296653719783;119,06523177442239;1517,302233452517;984,7352216593822;126,6266630145283;1611,3695869568642;855,3774779819456;2037,4985588055624;22195,43604643614
81,33333333333333;990,8387999192171;986,0898402993316;118,89439210119974;1515,6907415395356;984,8972401257579;126,44216217868745;1609,6262096535547;856,0550463979008;2029,6194461112104;22132,098589926456
81,41666666666667;990,9920019737268;986,2498409602559;118,72399049713636;1514,0827542359348;985,0590790831009;126,25814561100782;1607,8867420586166;856,7313803949677;2021,7563028197442;22068,741542644035
81,5;991,1450475399005;986,4096677397954;118,55402533677193;1512,478259862936;985,2207389399969;126,07461142580135;1606,1511701785334;857,4064675627426;2013,909323681387;22005,36737966307
81,58333333333333;991,2979369371019;986,5693210216962;118,38449500262698;1510,877246794807;985,3822201035578;125,89155774795174;1604,4194800983532;858,0802957391509;2006,0786996573684;21941,97855423833
81,66666666666667;991,4506704837187;986,728801188413;118,21539788514315;1509,2797034590362;985,5435229794305;125,70898271281294;1602,6916579818044;858,752853007205;1998,2646179692654;21878,577497921113
81,75;991,6032484971652;986,8881086211144;118,04673238264343;1507,6856183360032;985,7046479718045;125,52688446612464;1600,9676900698114;859,4241276918052;1990,4672621477057;21815,166620673586
81,83333333333333;991,7556712938875;987,0472436996896;117,87849690126961;1506,0949799589207;985,8655954834206;125,3452611639132;1599,2475626799862;860,0941083565837;1982,6868120803992;21751,74831098177
81,91666666666667;991,9079391893672;987,2062068027535;117,71068985494821;1504,5077769126524;986,0263659155784;125,16411097242155;1597,5312622060499;860,76278380079;1974,923444059558;21688,324935966586
82,0;992,0600524981244;987,3649983076531;117,54330966534212;1502,923997834468;986,1869596681446;124,98343206801266;1595,8187751170265;861,430143056219;1967,1773308286583;21624,89884149439
82,08333333333333;992,2120115337225;987,5236185904728;117,37635476178241;1501,3436314130565;986,3473771395609;124,80322263707038;1594,1100879563362;862,0961753841791;1959,4486416285808;21561,472352285145
82,16666666666667;992,3638166087718;987,6820680260406;117,20982358124274;1499,766666388214;986,5076187268517;124,62348087593426;1592,4051873412857;862,7608702725012;1951,7375422431508;21498,047772020123
82,25;992,5154680349335;987,8403469879337;117,04371456827971;1498,1930915508258;986,6676848256317;124,44420499080294;1590,7040599620452;863,4242174325873;1944,0441950440595;21434,627383447638
82,33333333333333;992,6669661229232;987,9984558484841;116,87802617499585;1496,6228957424007;986,827575830114;124,26539319766405;1589,0066925815681;864,086206796499;1936,3687590351935;21371,21344848833
82,41666666666667;992,8183111825151;988,1563949787845;116,71275686097715;1495,0560678548968;986,9872921331174;124,08704372219518;1587,3130720344852;864,7468285140841;1928,7113898963628;21307,808208338454
82,5;992,9695035225459;988,3141647486938;116,5479050932646;1493,4925968301206;987,1468341260738;123,90915479970104;1585,623185226381;865,4060729501412;1921,0722400264654;21244,413883572463
82,58333333333333;993,1205434509176;988,4717655268423;116,38346934630306;1491,9324716598235;987,3062021990361;123,73172467503139;1583,937019133415;866,063930681623;1913,451458586071;21181,03267424427
82,66666666666667;993,2714312746027;988,6291976806382;116,21944810188154;1490,3756813849077;987,465396740685;123,5547516024819;1582,2545608014477;866,7203924948757;1905,8491915394188;21117,666759987595
82,75;993,4221672996467;988,7864615762722;116,05583984911334;1488,8222150958916;987,6244181383371;123,37823384575074;1580,5757973455466;867,3754493829151;1898,2655816959054;21054,318300115232
82,83333333333333;993,5727518311728;988,9435575787236;115,89264308436213;1487,272061931765;987,7832667779514;123,20216967782983;1578,9007159492953;868,0290925427392;1890,700768750974;20990,989433717074
82,91666666666667;993,7231851733846;989,1004860517654;115,7298563112306;1485,7252110802622;987,941943044137;123,0265573809541;1577,2293038642483;868,6813133726758;1883,1548893265035;20927,682279757453
83,0;993,8734676295711;989,25724735797;115,56747804048086;1484,1816517770658;988,10044732016;122,85139524651214;1575,5615484090426;869,332103469765;1875,628077010632;20864,398937171125
83,08333333333333;994,0235995021089;989,4138418587144;115,40550679002877;1482,6413733064865;988,2587799879507;122,67668157498576;1573,8974369694304;869,9814546271764;1868,1204623970916;20801,141484959146
83,16666666666667;994,1735810924669;989,5702699141857;115,24394108486433;1481,1043650000856;988,4169414281105;122,50241467586306;1572,2369569969767;870,6293588316602;1860,6321731239882;20737,91198228279
83,25;994,3234127012095;989,7265318833864;115,082779457029;1479,5706162367921;988,5749320199191;122,32859286757318;1570,580096008814;871,2758082610314;1853,1633339121004;20674,712468557434
83,33333333333333;994,4730946280002;989,8826281241398;114,92202044557587;1478,0401164431355;988,7327521413408;122,15521447742105;1568,9268415871957;871,9207952816872;1845,7140666026703;20611,544963545366
83,41666666666667;994,6226271716059;990,0385589930951;114,76166259650995;1476,5128550921015;988,8904021690322;121,98227784151257;1567,2771813785744;872,5643124461565;1838,2844901946953;20548,41146744776
83,5;994,772010629899;990,1943248457327;114,60170446277118;1474,988821703559;989,0478824783482;121,80978130469171;1565,6311030936354;873,2063524906814;1830,874720881742;20485,31396099605
83,58333333333333;994,9212452998624;990,3499260363694;114,44214460415765;1473,4680058433491;989,2051934433491;121,63772322045361;1563,9885945057633;873,8469083328305;1823,4848720882637;20422,254405542106
83,66666666666667;995,0703314775924;990,5053629181638;114,2829815873256;1471,950397123847;989,3623354368073;121,4661019509083;1562,3496434517185;874,4859730691421;1816,1150545054795;20359,234743148692
83,75;995,2192694583023;990,660635843121;114,12421398571553;1470,435985202935;989,5193088302135;121,29491586668408;1560,714237830154;875,1235399727992;1808,765376126754;20296,25689667842
83,83333333333333;995,3680595363256;990,8157451620983;113,96584037953232;1468,9247597841377;989,6761139937839;121,12416334688646;1559,082365601517;875,7596024913333;1801,435942282546;20233,322769881983
83,91666666666667;995,5167020051206;990,9706912248099;113,8078593556827;1467,41671061608;989,8327512964662;120,95384277901118;1557,4540147874222;876,3941542443586;1794,1268556748844;20170,434247486635
84,0;995,665197157272;991,125474379832;113,65026950776667;1465,9118274926611;989,9892211059461;120,78395255890555;1555,8291734703232;877,0271890213343;1786,8382164114303;20107,593195283393
84,08333333333333;995,8135452844963;991,2800949746079;113,49306943600084;1464,410100252473;990,1455237886537;120,61449109067667;1554,2078297926548;877,6587007793568;1779,5701220390663;20044,8014602139
84,16666666666667;995,961746677644;991,4345533554531;113,33625774720986;1462,9115187782581;990,3016597097702;120,44545678665514;1552,5899719566366;878,2886836409788;1772,322667577093;19982,0608704566
84,25;996,1098016267035;991,5888498675602;113,17983305477242;1461,4160729975683;990,4576292332335;120,27684806731784;1550,9755882235636;878,9171318920572;1765,0959455499783;19919,37323551284
84,33333333333333;996,2577104208044;991,7429848550036;113,02379397858431;1459,923752881369;990,6134327217452;120,10866336123712;1549,3646669136415;879,5440399796274;1757,8900460196946;19856,74034629203
84,41666666666667;996,4054733482209;991,8969586607449;112,86813914502147;1458,4345484448922;990,7690705367762;119,94090110500835;1547,7571964054603;880,1694025098053;1750,705056617655;19794,163975196818
84,5;996,5530906963747;992,0507716266374;112,71286718690021;1456,9484497464541;990,924543038573;119,7735597431992;1546,1531651348566;880,7932142457151;1743,5410625762336;19731,645876207112
84,58333333333333;996,7005627518397;992,2044240934312;112,55797674343455;1455,465446887766;991,079850586164;119,60663772828681;1544,5525615953761;881,4154701054439;1736,3981467598937;19669,18778496462
84,66666666666667;996,8478898003439;992,357916400778;112,40346646021351;1453,9855300136999;991,2349935373651;119,44013352060949;1542,9553743374483;882,0361651600208;1729,2763896959373;19606,7914188565
84,75;996,995072126773;992,5112488872356;112,24933498914709;1452,508689311438;991,3899722487863;119,27404558829906;1541,361591967713;882,655294631423;1722,175869604846;19544,458477098426
84,83333333333333;997,1421100151747;992,6644218902733;112,09558098843502;1451,034915011188;991,5447870758371;119,10837240721804;1539,7712031488695;883,2728538906051;1715,096662430251;19482,190640817964
84,91666666666667;997,2890037487607;992,817435746276;111,94220312253549;1449,5641973851764;991,6994383727326;118,94311246092343;1538,184196599235;883,8888384555542;1708,0388418685436;19419,989573137096
85,0;997,4357536099109;992,9702907905494;111,78920006211683;1448,0965267474924;991,8539264924996;118,77826424059663;1536,600561092033;884,5032439893677;1701,0024793980983;19357,856919254526
85,08333333333333;997,5823598801758;993,1229873573243;111,63657048403763;1446,6318934543604;992,0082517869818;118,61382624499029;1535,0202854552974;885,1160662983567;1693,9876443081482;19295,794306528263
85,16666666666667;997,7288228402809;993,2755257797618;111,48431307128703;1445,1702879034417;992,1624146068461;118,44979698037278;1533,4433585711777;885,7273013301714;1686,9944037272858;19233,803344556953
85,25;997,8751427701288;993,4279063899575;111,33242651297905;1443,711700533679;992,3164153015883;118,28617496048949;1531,8697693757765;886,3369451719495;1680,0228226516435;19171,88562526189
85,33333333333333;998,0213199488028;993,5801295189461;111,18090950428439;1442,2561218250457;992,4702542195384;118,12295870648555;1530,299506858671;886,9449940484885;1673,0729639726894;19110,0427229683
85,41666666666667;998,1673546545708;993,7321954967066;111,02976074641617;1440,8035422985638;992,6239317078666;117,96014674686717;1528,7325600623033;887,5514443204393;1666,144888504714;19048,276194486723
85,5;998,3132471648868;993,8841046521659;110,87897894660443;1439,3539525159558;992,7774481125888;117,79773761746299;1527,168918081832;888,1562924825217;1659,2386550119727;18986,587579193794
85,58333333333333;998,4589977563961;994,0358573132042;110,72856281802217;1437,907343078928;992,9308037785719;117,63572986133227;1525,6085700644742;888,7595351617626;1652,3543202354756;18924,97839911318
85,66666666666667;998,6046067049373;994,1874538066594;110,57851107979673;1436,463704629848;993,0839990495398;117,4741220287649;1524,0515052095532;889,3611691157546;1645,491938919502;18863,45015899661
85,75;998,7500742855449;994,338894458331;110,42882245694727;1435,0230278509896;993,2370342680783;117,31291267719683;1522,4977127677098;889,9611912309357;1638,6515638377405;18802,004346404
85,83333333333333;998,8954007724537;994,490179592985;110,27949568034785;1433,5853034641245;993,3899097756411;117,15210037116421;1520,9471820405051;890,5595985208903;1631,8332458191378;18740,642431784036
85,91666666666667;999,0405864391013;994,6413095343586;110,13052948671884;1432,1505222307183;993,5426259125546;116,9916836822695;1519,3999023805375;891,1563881246701;1625,0370337734516;18679,365868554756
86,0;999,1856315581308;994,7922846051641;109,9819226185673;1430,7186749515795;993,6951830180238;116,83166118911629;1517,8558631902708;891,7515573051353;1618,2629747164674;18618,176093183298
86,08333333333333;999,3305364013949;994,9431051270936;109,83367382416702;1429,2897524665889;993,8475814301374;116,67203147727307;1516,3150539225808;892,3451034473154;1611,5111137949327;18557,074525266573
86,16666666666667;999,4753012399576;995,0937714208234;109,68578185753017;1427,8637456544486;993,9998214858729;116,51279313922004;1514,7774640796158;892,9370240567896;1604,7814943111916;18496,062567610803
86,25;999,6199263440985;995,244283806018;109,53824547835609;1426,4406454326029;994,1519035211019;116,35394477430083;1513,2430832128805;893,5273167580865;1598,0741577475203;18435,141606311947
86,33333333333333;999,764411983315;995,3946426013349;109,39106345201424;1425,020442757065;994,3038278705955;116,195484988679;1511,7119009229891;894,1159792931027;1591,3891437901805;18374,313010835573
86,41666666666667;999,9087584263256;995,5448481244287;109,24423454950158;1423,6031286216023;994,4555948680294;116,03741239528972;1510,183906858527;894,7030095195398;1584,7264903531845;18313,578134096242
86,5;1000,0529659410732;995,694900691955;109,0977575474227;1422,1886940587447;994,6072048459889;115,87972561379388;1508,6590907167615;895,2884054093605;1578,0862336017863;18252,938312538252
86,58333333333333;1000,1970347947278;995,8448006195754;108,95163122795566;1420,7771301382923;994,7586581359741;115,72242327054184;1507,1374422427332;895,8721650472615;1571,468407975691;18192,394866214792
86,66666666666667;1000,3409652536888;995,9945482219612;108,80585437880939;1419,3684279679735;994,9099550684048;115,56550399851545;1505,6189512288136;896,454286629166;1564,8730462119931;18131,949098868085
86,75;1000,4847575835893;996,1441438127977;108,66042579318957;1417,962578692865;995,0610959726256;115,40896643728459;1504,1036075147028;897,0347684607317;1558,300179367842;18071,60229800905
86,83333333333333;1000,6284120492982;996,2935877047884;108,51534426979015;1416,559573495061;995,212081176911;115,25280923297814;1502,5914009869214;897,6136089558785;1551,7498368428637;18011,355734997323
86,91666666666667;1000,7719289149229;996,4428802096592;108,37060861274495;1415,1594035940227;995,3629110084704;115,09703103822602;1501,082321578478;898,190806635331;1545,2220464012953;17951,210665120856
87,0;1000,9153084438133;996,5920216381626;108,22621763159361;1413,7620602457446;995,5135857934526;114,94163051211572;1499,5763592686087;898,7663601251796;1538,7168341938786;17891,168327676005
87,08333333333333;1001,0585508985632;996,7410123000817;108,0821701412674;1412,3675347430847;995,6641058569512;114,78660632016329;1498,0735040825439;899,3402681554571;1532,2342247795045;17831,22994604728
87,16666666666667;1001,2016565410148;996,8898525042343;107,93846496203798;1410,975818415085;995,8144715230089;114,63195713425534;1496,5737460908508;899,9125295587322;1525,7742411465915;17771,396727787327
87,25;1001,3446256322601;997,038542558477;107,79510091951181;1409,586902627186;995,964683114623;114,47768163262495;1495,0770754096804;900,4831432687191;1519,336904734239;17711,66986469678
87,33333333333333;1001,4874584326446;997,1870827697093;107,65207684457607;1408,20077878076;996,1147409537494;114,32377849978877;1493,5834821997453;901,0522336661285;1512,9222354531146;17652,050532904286
87,41666666666667;1001,6301552017701;997,3354734438775;107,5093915733845;1406,8174383130547;996,2646453613081;114,17024642652294;1492,0929566667326;901,6193665015775;1506,5283714977427;17592,52056149881
87,5;1001,7727161984972;997,4837148859789;107,36704394731476;1405,4368726969979;996,4143966571874;114,01708410981712;1490,6054890606274;902,1845472589682;1500,1618305028892;17533,147945766385
87,58333333333333;1001,9151416809484;997,6318074000656;107,22503281295701;1404,0590734410243;996,5639951602487;113,86429025283348;1489,121069675335;902,7477814308183;1493,8225340929341;17473,93305421767
87,66666666666667;1002,057431906511;997,7797512892483;107,08335702207137;1402,6840320885121;996,7134411883314;113,71186356486803;1487,6396888485979;903,3090745180089;1487,510403751951;17414,87624702041
87,75;1002,1995871318393;997,927546855701;106,94201543156794;1401,311740218579;996,8627350582573;113,55980276131675;1486,1613369617812;903,8684320295338;1481,225360827533;17355,977876040542
87,83333333333333;1002,3416076128578;998,0751944006641;106,80100690345569;1399,9421894444918;997,0118770858351;113,40810656361768;1484,6860044390828;904,4258594822505;1474,9673265345825;17297,23828488258
87,91666666666667;1002,4834936047645;998,2226942244486;106,66033030484243;1398,575371414714;997,1608675858652;113,25677369923397;1483,2136817479945;904,9813624006325;1468,7362219591096;17238,65780893112
88,0;1002,6252453620326;998,3700466264397;106,5199845078979;1397,2112778119551;997,309706872144;113,10580290161042;1481,744359398148;905,5349463165221;1462,5319680619793;17180,23677539206
88,08333333333333;1002,7668631384136;998,5172519051015;106,37996838982247;1395,8499003535594;997,4583952574689;112,95519291013235;1480,2780279421886;906,0866167688855;1456,3544856826575;17121,975503335067
88,16666666666667;1002,9083471869405;998,6643103579798;106,24028083280166;1394,4912307906711;997,606933053642;112,80494247007496;1478,8146779742274;906,6363793035692;1450,2036955429207;17063,874303735243
88,25;1003,0496977599304;998,8112222817067;106,10092072401756;1393,135260908662;997,7553205714753;112,65505033259359;1477,3543001302678;907,1842394730573;1444,0795182505694;17005,933479515912
88,33333333333333;1003,190915108986;998,9579879720038;105,96188695559192;1391,7819825268211;997,9035581207945;112,5055152546706;1475,8968850882238;907,7302028362303;1437,9818743030955;16948,153325591564
88,41666666666667;1003,3319994850003;999,1046077236865;105,82317842455495;1390,4313874977147;998,051646010444;112,35633599906947;1474,4424235667493;908,2742749581255;1431,9106840913355;16890,534128910644
88,5;1003,472951138158;999,2510818306674;105,68479403284528;1389,083467707574;998,1995845482905;112,20751133432273;1472,9909063259468;908,8164614096986;1425,8658679031225;16833,076168499483
88,58333333333333;1003,6137703179377;999,3974105859602;105,54673268726447;1387,7382150758885;998,3473740412282;112,05904003468362;1471,5423241662468;909,3567677675871;1419,8473459268912;16775,779715505516
88,66666666666667;1003,7544572731163;999,5435942816833;105,40899329943727;1386,3956215550181;998,4950147951826;111,91092088007537;1470,0966679287053;909,8951996138745;1413,855038255258;16718,645033241715
88,75;1003,8950122517693;999,6896332090637;105,27157478582296;1385,0556791308518;998,6425071151145;111,7631526560912;1468,6539284949529;910,4317625358563;1407,888864888626;16661,67237723067
88,83333333333333;1004,0354355012762;999,8355276584404;105,13447606764146;1383,7183798210451;998,7898513050252;111,61573415391459;1467,2140967858293;910,9664621258073;1401,9487457386963;16604,861995248855
88,91666666666667;1004,1757272683204;999,9812779192681;104,99769607089604;1382,3837156768013;998,9370476679596;111,4686641703338;1465,777163762485;911,4993039807508;1396,0346006320333;16548,214127372063
89,0;1004,3158877988936;1000,1268842801214;104,861233726308;1381,0516787812646;999,0840965060113;111,32194150766693;1464,343120425362;912,0302937022282;1390,146349313544;16491,729006019796
89,08333333333333;1004,4559173382977;1000,2723470286975;104,72508796930526;1379,7222612497321;999,2309981203263;111,17556497374991;1462,9119578142083;912,5594368960711;1384,283911449982;16435,40685600092
89,16666666666667;1004,5958161311474;1000,4176664518204;104,58925774000534;1378,3954552299067;999,3777528111071;111,02953338189295;1461,4836670074205;913,0867391721745;1378,4472066333983;16379,247894558926
89,25;1004,7355844213728;1000,5628428354446;104,45374198317552;1377,071252901024;999,5243608776174;110,88384555085639;1460,0582391224712;913,6122061442708;1372,6361543845946;16323,252331417872
89,33333333333333;1004,8752224522223;1000,7078764646579;104,31853964820448;1375,7496464743376;999,6708226181853;110,73850030480244;1458,635665315135;914,1358434297067;1366,8506741565302;16267,42036882826
89,41666666666667;1005,0147304662644;1000,8527676236861;104,18364968910794;1374,4306281926533;999,8171383302082;110,59349647328546;1457,2159367797028;914,6576566492204;1361,0906853377332;16211,752201613139
89,5;1005,1541087053911;1000,9975165958953;104,04907106445762;1373,114190329942;999,9633083101563;110,44883289119397;1455,79904474801;915,1776514267201;1355,3561072556602;16156,248017214326
89,58333333333333;1005,2933574108196;1001,1421236637962;103,91480273739546;1371,8003251917853;1000,109332853577;110,30450839873865;1454,384980490243;915,6958333890653;1349,6468591800647;16100,90799573945
89,66666666666667;1005,4324768230954;1001,2865891090476;103,78084367558529;1370,4890251145032;1000,2552122550987;110,16052184140392;1452,9737353136381;916,2122081658484;1343,9628603263134;16045,732310007881
89,75;1005,5714671820945;1001,4309132124594;103,64719285119577;1369,1802824657357;1000,4009468084347;110,0168720699287;1451,5653005630752;916,726781389178;1338,3040298587043;15990,721125598538
89,83333333333333;1005,7103287270261;1001,5750962539962;103,51384924087768;1367,8740896432414;1000,5465368063872;109,8735579402701;1450,1596676204015;917,239558693464;1332,6702868937473;15935,874600896279
89,91666666666667;1005,8490616964347;1001,7191385127813;103,38081182574683;1366,5704390763892;1000,6919825408514;109,73057831357693;1448,7568279046295;917,7505457152045;1327,0615505034311;15881,192887139692
90,0;1005,987666328203;1001,8630402670993;103,24807959133295;1365,2693232238717;1000,8372843028194;109,5879320561437;1447,356772870817;918,259748092773;1321,477739718453;15826,676128468001
90,08333333333333;1006,126142859554;1002,0068017944;103,11565152759101;1363,9707345756049;1000,9824423823836;109,44561803940104;1445,9594940111701;918,7671714662084;1315,9187735314504;15772,324461968983
90,16666666666667;1006,2644915270537;1002,1504233713015;102,98352662885009;1362,6746656510609;1001,1274570687413;109,30363513986975;1444,5649828536114;919,2728214770061;1310,384570900183;15718,138017726647
90,25;1006,4027125666132;1002,2939052735939;102,85170389380482;1361,3811090000236;1001,2723286501977;109,16198223913909;1443,173230962289;919,7767037679099;1304,8750507507134;15664,116918868925
90,33333333333333;1006,5408062134914;1002,4372477762423;102,72018232548419;1360,0900572019113;1001,4170574141706;109,02065822383051;1441,7842299371493;920,2788239827065;1299,3901319805495;15610,261281615827
90,41666666666667;1006,6787727022974;1002,5804511533905;102,58896093122587;1358,8015028659113;1001,5616436471936;108,87966198556626;1440,3979714136897;920,779187766021;1293,9297334617727;15556,571215327464
90,5;1006,8166122669928;1002,7235156783639;102,45803872267061;1357,515438630845;1001,7060876349199;108,7389924209549;1439,0144470627274;921,2778007631138;1288,4937740441455;15503,04682255235
90,58333333333333;1006,954325140894;1002,8664416236732;102,3274147157224;1356,2318571647218;1001,8503896621262;108,59864843155023;1437,6336485904005;921,7746686196795;1283,082172558186;15449,688199075594
90,66666666666667;1007,0919115566746;1003,0092292610171;102,19708793052007;1354,9507511648549;1001,9945500127163;108,45862892381504;1436,2555677375406;922,2697969816466;1277,6948478182176;15396,49543396745
90,75;1007,229371746368;1003,1518788612865;102,06705739143729;1353,6721133576104;1002,1385689697252;108,31893280911387;1434,8801962799703;922,7631914949795;1272,3317186254212;15343,468609631916
90,83333333333333;1007,3667059413694;1003,2943906945668;101,93732212703708;1352,3959364984653;1002,282446815322;108,17955900365988;1433,5075260280914;923,2548578054817;1266,9927037708267;15290,607801855302
90,91666666666667;1007,5039143724384;1003,4367650301417;101,80788117006614;1351,1222133714439;1002,4261838308145;108,04050642850754;1432,1375488263573;923,7448015586002;1261,677722038316;15237,913079854881
91,0;1007,6409972697013;1003,5790021364961;101,6787335574179;1349,8509367893912;1002,5697802966517;107,90177400950924;1430,7702565538164;924,233028399232;1256,386692207573;15185,384506327975
91,08333333333333;1007,7779548626529;1003,7211022813195;101,54987833012967;1348,5820995934096;1002,7132364924288;107,76336067730313;1429,405641123075;924,719543971532;1251,1195330570395;15133,022137500402
91,16666666666667;1007,9147873801599;1003,8630657315093;101,42131453333434;1347,3156946532856;1002,8565526968895;107,62526536726241;1428,043694480659;925,204353918722;1245,8761633668144;15080,826023175801
91,25;1008,0514950504618;1004,0048927531735;101,29304121626319;1346,05171486687;1002,9997291879304;107,48748701949538;1426,6844086068504;925,6874638829019;1240,6565019215686;15028,796206784626
91,33333333333333;1008,1880781011748;1004,1465836116342;101,16505743220614;1344,7901531599025;1003,1427662426042;107,35002457879219;1425,3277755148122;926,1688795048622;1235,4604675133987;14976,932725432724
91,41666666666667;1008,3245367592925;1004,2881385714309;101,03736223851456;1343,5310024864195;1003,2856641371234;107,21287699462493;1423,9737872515452;926,6486064238976;1230,28797894469;14925,235609951193
91,5;1008,4608712511891;1004,429557896323;100,9099546965416;1342,2742558278435;1003,4284231468635;107,07604322109447;1422,6224358965537;927,1266502776227;1225,1389550309239;14873,704884945058
91,58333333333333;1008,5970818026215;1004,5708418492936;100,78283387165357;1341,0199061935828;1003,5710435463669;106,93952221692072;1421,2737135622738;927,6030167017893;1220,013314603496;14822,340568842475
91,66666666666667;1008,7331686387313;1004,7119906925521;100,65599883319578;1339,7679466202376;1003,7135256093462;106,80331294540892;1419,9276123938084;928,0777113301045;1214,910976512482;14771,142673944112
91,75;1008,8691319840472;1004,8530046875376;100,52944865447841;1338,5183701722199;1003,8558696086876;106,66741437443264;1418,5841245688473;928,5507397940513;1209,8318596294012;14720,111206472553
91,83333333333333;1009,0049720624875;1004,9938840949216;100,40318241273951;1337,2711699406882;1003,9980758164544;106,53182547639034;1417,2432422971044;929,0221077227098;1204,7758828499377;14669,24616662116
91,91666666666667;1009,1406890973615;1005,1346291746113;100,27719918914784;1336,0263390443413;1004,1401445038904;106,39654522820294;1415,9049578205345;929,4918207425812;1199,7429650966642;14618,547548603787
92,0;1009,2762833113727;1005,2752401857526;100,15149806875456;1334,7838706282168;1004,2820759414233;106,26157261126068;1414,5692634126722;929,959884477412;1194,7330253217035;14568,015340703614
92,08333333333333;1009,4117549266205;1005,4157173867331;100,0260781405018;1333,543757865068;1004,4238703986679;106,12690661142551;1413,236151379308;930,42630454802;1189,7459825094115;14517,649525323177
92,16666666666667;1009,547104164602;1005,5560610351849;99,90093849718278;1332,30599395358;1004,5655281444299;105,99254621899249;1411,9056140573362;930,8910865721232;1184,7817556790073;14467,450079032957
92,25;1009,682331246215;1005,696271387988;99,77607823542769;1331,0705721193572;1004,7070494467088;105,85849042865831;1410,5776438153132;931,3542361641684;1179,840263887183;14417,416972621013
92,33333333333333;1009,8174363917593;1005,8363487012726;99,65149645567521;1329,8374856143255;1004,8484345727013;105,72473823950688;1409,2522330526024;931,8157589351622;1174,9214262306991;14367,550171142308
92,41666666666667;1009,9524198209399;1005,9762932304229;99,52719226216686;1328,606727716884;1004,989683788805;105,59128865498266;1407,9293742000814;932,2756604925039;1170,025161848957;14317,849633967911
92,5;1010,0872817528683;1006,1161052300794;99,40316476292423;1327,378291731229;1005,130797360621;105,4581406828666;1406,6090597189896;932,7339464398191;1165,1513899265399;14268,315314834259
92,58333333333333;1010,2220224060644;1006,2557849541419;99,27941306972343;1326,1521709882245;1005,2717755529578;105,32529333525432;1405,2912821019167;933,1906223767955;1160,3000296957384;14218,947161892582
92,66666666666667;1010,3566419984597;1006,3953326557727;99,1559362980638;1324,9283588438534;1005,4126186298342;105,19274562851507;1403,9760338711053;933,6456938990201;1155,471000439033;14169,745117757502
92,75;1010,4911407473985;1006,5347485873991;99,03273356717648;1323,706848680398;1005,5533268544825;105,06049658329175;1402,6633075797854;934,0991665978174;1150,6642214915946;14120,709119557037
92,83333333333333;1010,6255188696405;1006,6740330007167;98,90980399998455;1322,4876339057632;1005,693900489352;104,92854522446464;1401,3530958111533;934,5510460600901;1145,879612243716;14071,839098981105
92,91666666666667;1010,7597765813626;1006,8131861466918;98,78714672309457;1321,270707953417;1005,834339796112;104,79689058112967;1400,0453911784377;935,0013378681602;1141,1170921432551;14023,134982330894
93,0;1010,893914098161;1006,9522082755648;98,66476086677096;1320,0560642818295;1005,9746450356548;104,66553168657668;1398,7401863247671;935,450047599613;1136,376580698036;13974,596690567674
93,08333333333333;1011,0279316350537;1007,0910996368524;98,54264556490477;1318,843696375209;1006,1148164680993;104,5344675782556;1397,4374739228247;935,8971808271408;1131,65799747822;13926,224139362035
93,16666666666667;1011,1618294064818;1007,2298604793509;98,42079995503354;1317,6335977428623;1006,2548543527938;104,40369729778126;1396,1372466750288;936,3427431183902;1126,9612621186939;13878,017239142666
93,25;1011,2956076263126;1007,368491051139;98,29922317827311;1316,4257619187877;1006,3947589483192;104,27321989087062;1394,8394973129905;936,7867400358094;1122,2862943213745;13829,975895145182
93,33333333333333;1011,4292665078403;1007,5069915995801;98,17791437934034;1315,2201824624697;1006,5345305124923;104,14303440735964;1393,5442185977422;937,2291771364974;1117,6330138575481;13782,10000746086
93,41666666666667;1011,5628062637894;1007,6453623713257;98,0568727065048;1314,0168529573289;1006,6741693023685;104,01313990114531;1392,251403318966;937,670059972055;1113,0013405701447;13734,389471085442
93,5;1011,696227106316;1007,7836036123178;97,93609731159165;1312,8157670124463;1006,813675574245;103,88353543019534;1390,9610442958472;938,1093940884372;1108,3911943760158;13686,844175967844
93,58333333333333;1011,8295292470096;1007,9217155677917;97,81558734995315;1311,616918260703;1006,9530495836646;103,75422005650705;1389,6731343758256;938,5471850258067;1103,8024952681822;13639,464007058501
93,66666666666667;1011,9627128968958;1008,0596984822787;97,6953419804488;1310,4203003597877;1007,0922915854173;103,62519284608325;1388,3876664351533;938,9834383183899;1099,2351633180442;13592,248844358042
93,75;1012,0957782664382;1008,1975525996091;97,57536036542831;1309,2259069914612;1007,2314018335447;103,49645286891771;1387,1046333783845;939,4181594943328;1094,6891186775895;13545,198562965381
93,83333333333333;1012,2287255655393;1008,3352781629146;97,45564167072587;1308,0337318620395;1007,3703805813423;103,36799919898553;1385,8240281386397;939,8513540755604;1090,1642815815803;13498,313033126431
93,91666666666667;1012,3615550035444;1008,4728754146312;97,33618506561754;1306,8437687013097;1007,5092280813624;103,23983091418754;1384,5458436768145;940,2830275776355;1085,6605723496841;13451,592120281728
94,0;1012,4942667892417;1008,6103445965015;97,2169897228298;1305,656011263692;1007,6479445854177;103,11194709636723;1383,2700729820733;940,7131855096209;1081,1779113886332;13405,035685115132
94,08333333333333;1012,6268611308656;1008,747685949578;97,09805481850537;1304,4704533269228;1007,7865303445836;102,98434683126004;1381,9967090713894;941,1418333739416;1076,7162191943123;13358,643583601297
94,16666666666667;1012,7593382360978;1008,8848997142252;96,97937953218911;1303,2870886928667;1007,9249856092016;102,8570292084909;1380,7257449893134;941,5689766662496;1072,2754163538593;13312,415667053878
94,25;1012,89169831207;1009,0219861301226;96,86096304681655;1302,105911186589;1008,0633106288819;102,72999332154527;1379,457173808022;941,9946208752891;1067,855423547724;13266,351782172997
94,33333333333333;1013,0239415653649;1009,1589454362672;96,74280454868551;1300,9269146568574;1008,2015056525066;102,60323826774737;1378,1909886270398;942,4187714827646;1063,456161551714;13220,451771093052
94,41666666666667;1013,1560682020194;1009,295777870976;96,6249032274419;1299,7500929759685;1008,3395709282325;102,47676314823849;1376,9271825733526;942,8414339632085;1059,0775512390053;13174,7154714303
94,5;1013,2880784275251;1009,4324836718889;96,50725827608255;1298,575440039205;1008,4775067034939;102,35056706796968;1375,665748800849;943,2626137838523;1054,719513582163;13129,142716330152
94,58333333333333;1013,4199724468314;1009,5690630759708;96,38986889090404;1297,402949765262;1008,6153132250054;102,22464913566313;1374,4066804904016;943,6823164044979;1050,3819696550913;13083,733334514329
94,66666666666667;1013,5517504643467;1009,7055163195149;96,27273427151408;1296,2326160957625;1008,7529907387651;102,0990084638025;1373,149970850065;944,1005472773903;1046,064840635002;13038,487150328308
94,75;1013,6834126839408;1009,8418436381446;96,15585362079457;1295,0644329952186;1008,8905394900572;101,97364416860879;1371,8956131140385;944,517311847093;1041,7680478043458;12993,403983787955
94,83333333333333;1013,8149593089461;1009,9780452668165;96,03922614490443;1293,8983944509928;1009,0279597234548;101,84855537002576;1370,6436005435214;944,9326155503632;1037,4915125527173;12948,483650626624
94,91666666666667;1013,9463905421602;1010,1141214398225;95,92285105323981;1292,7344944730266;1009,1652516828228;101,72374119168865;1369,3939264258745;945,3464638160298;1033,2351563787438;12903,725962341858
95,0;1014,0777065858476;1010,2500723907929;95,80672755844262;1291,5727270942675;1009,3024156113206;101,59920076091922;1368,146584075031;945,758862064872;1028,9989008919565;12859,130726241894
95,08333333333333;1014,2089076417412;1010,3858983526984;95,69085487636926;1290,4130863697958;1009,439451751405;101,47493320869927;1366,9015668307215;946,1698157094997;1024,7826678146344;12814,697745492189
95,16666666666667;1014,3399939110446;1010,521599557853;95,57523222607074;1289,2555663772898;1009,576360344833;101,35093766964403;1365,6588680591356;946,5793301542355;1020,5863789836224;12770,426819161617
95,25;1014,4709655944339;1010,6571762379164;95,45985882978982;1288,1001612166974;1009,7131416326642;101,22721328199731;1364,4184811519792;946,9874107949976;1016,4099563521364;12726,317742268699
95,33333333333333;1014,6018228920585;1010,792628623896;95,3447339129383;1286,9468650098868;1009,8497958552642;101,10375918760496;1363,1803995268401;947,3940630191842;1012,2533219915448;12682,370305827326
95,41666666666667;1014,7325660035455;1010,9279569461503;95,22985670406285;1285,7956719009167;1009,9863232523066;100,98057453187863;1361,9446166268076;947,79929220556;1008,1163980931154;12638,584296892806
95,5;1014,8631951279981;1011,0631614343905;95,11522643487922;1284,6465760561157;1010,1227240627762;100,85765846382472;1360,7111259207356;948,2031037241436;1003,9991069697811;12594,959498607719
95,58333333333333;1014,9937104640005;1011,1982423176834;95,0008423401897;1283,4995716632475;1010,2589985249716;100,7350101359647;1359,4799209027005;948,6055029360957;999,9013710578174;12551,495690246864
95,66666666666667;1015,1241122096177;1011,3331998244536;94,8867036579287;1282,3546529320347;1010,3951468765076;100,61262870436408;1358,2509950917529;949,00649519361;995,823112918572;12508,192647262937
95,75;1015,2544005623985;1011,4680341824862;94,772809629103;1281,2118140939845;1010,5311693543183;100,49051332858895;1357,0243420324784;949,4060858398046;991,7642552401151;12465,050141331638
95,83333333333333;1015,3845757193762;1011,6027456189291;94,65915949780594;1280,0710494020004;1010,6670661946595;100,3686631717035;1355,7999552943213;949,8042802086148;987,7247208389076;12422,067940396657
95,91666666666667;1015,5146378770716;1011,7373343602953;94,54575251117774;1278,9323531303446;1010,8028376331114;100,24707740023146;1354,5778284713056;950,2010836246876;983,704432661421;12379,245808714373
96,0;1015,6445872314937;1011,8718006324652;94,43258791940536;1277,7957195746562;1010,9384839045812;100,1257551841536;1353,3579551823636;950,5965014032776;979,7033137857591;12336,583506898549
96,08333333333333;1015,7744239781423;1012,0061446606894;94,31966497571125;1276,6611430521073;1011,0740052433057;100,00469569689088;1352,140329071139;950,9905388501437;975,721287423242;12294,080791964814
96,16666666666667;1015,9041483120092;1012,1403666695907;94,20698293632199;1275,5286179009563;1011,2094018828541;99,88389811527782;1350,924943805706;951,3832012614482;971,7582769199788;12251,73741737498
96,25;1016,0337604275802;1012,2744668831664;94,09454106046269;1274,3981384798894;1011,3446740561303;99,76336161954563;1349,7117930783393;951,774493923656;967,8142057584142;12209,553133080753
96,33333333333333;1016,1632605188368;1012,4084455247911;93,98233861034555;1273,2696991693772;1011,4798219953757;99,64308539331014;1348,5008706055467;952,164422113436;963,8889975588631;12167,527685568148
96,41666666666667;1016,292648779258;1012,5423028172185;93,87037485114149;1272,1432943701632;1011,6148459321715;99,5230686235476;1347,2921701281848;952,5529910975639;959,9825760810114;12125,660817900833
96,5;1016,4219254018221;1012,676038982584;93,75864905098865;1271,0189185042132;1011,7497460974417;99,40331050058745;1346,0856854109152;952,9402061328256;956,0948652254115;12083,952269763855
96,58333333333333;1016,5510905790081;1012,8096542424071;93,6471604809526;1269,896566013746;1011,8845227214553;99,28381021808335;1344,881410242319;953,3260724659226;952,2257890349488;12042,401777506711
96,66666666666667;1016,6801445027977;1012,9431488175934;93,53590841502637;1268,7762313617188;1012,0191760338286;99,16456697299864;1343,6793384345522;953,7105953333786;948,3752716962829;12001,0090741866
96,75;1016,809087364677;1013,0765229284373;93,42489213010765;1267,657909031516;1012,1537062635282;99,04557996559433;1342,4794638238063;954,0937799614472;944,5432375412867;11959,773889611597
96,83333333333333;1016,9379193556383;1013,2097767946237;93,31411090599318;1266,5415935268923;1012,2881136388735;98,92684839941211;1341,281780269386;954,4756315660211;940,7296110484464;11918,695950382777
96,91666666666667;1017,0666406661812;1013,342910635231;93,20356402536447;1265,4272793718546;1012,4223983875387;98,80837148125266;1340,0862816542192;954,8561553525423;936,9343168442583;11877,774979937372
97,0;1017,1952514863156;1013,4759246687327;93,09325077375661;1264,3149611105866;1012,5565607365558;98,6901484211539;1338,892961884314;955,2353565159142;933,1572797045845;11837,010698590695
97,08333333333333;1017,3237520055611;1013,6088191129999;92,9831704395724;1263,204633307506;1012,6906009123167;98,57217843239582;1337,7018148891705;955,6132402404145;929,3984245560205;11796,402823578395
97,16666666666667;1017,4521424129516;1013,7415941853037;92,87332231403127;1262,0962905466818;1012,8245191405757;98,45446073144487;1336,5128346208746;955,9898116996094;925,6576764771995;11755,951069098286
97,25;1017,5804228970347;1013,8742501023173;92,76370569119763;1260,9899274325344;1012,9583156464522;98,33699453798786;1335,3260150550705;956,3650760562691;921,9349607001334;11715,655146352316
97,33333333333333;1017,7085936458743;1014,0067870801181;92,65431986793544;1259,8855385888844;1013,0919906544328;98,21977907487877;1334,1413501896084;956,7390384622852;918,2302026114843;11675,514763587464
97,41666666666667;1017,8366548470518;1014,1392053341899;92,54516414390537;1258,7831186593792;1013,225544388374;98,1028135681315;1332,9588340455177;957,111704058588;914,543327753837;11635,529626137872
97,5;1017,9646066876686;1014,2715050794254;92,4362378215477;1257,682662307435;1013,3589770715045;97,98609724690294;1331,7784606660357;957,4830779750666;910,8742618269576;11595,699436464929
97,58333333333333;1018,0924493543466;1014,4036865301282;92,32754020607956;1256,5841642157525;1013,4922889264271;97,86962934348821;1330,6002241172475;957,8531653304892;907,2229306890296;11556,023894199003
97,66666666666667;1018,2201830332309;1014,5357499000147;92,21907060546073;1255,4876190867622;1013,6254801751223;97,75340909328918;1329,4241184874134;958,221971232425;903,5892603578611;11516,502696179557
97,75;1018,3478079099905;1014,6676954022169;92,11082833040507;1254,3930216419462;1013,7585510389493;97,63743573480724;1328,250137887132;958,589500777167;899,9731770120894;11477,135536495585
97,83333333333333;1018,4753241698205;1014,7995232492837;92,00281269434072;1253,300366622265;1013,8915017386491;97,521708509624;1327,0782764491266;958,9557590496573;896,3746069923519;11437,922106526219
97,91666666666667;1018,6027319974438;1014,9312336531838;91,89502301342145;1252,2096487876918;1014,0243324943469;97,40622666239162;1325,908528328212;959,3207511234115;892,7934768024477;11398,862094980042
98,0;1018,7300315771122;1015,0628268253076;91,7874586065011;1251,1208629174257;1014,1570435255541;97,2909894408086;1324,7408877011133;959,684482060446;889,2297131104851;11359,955187935504
98,08333333333333;1018,8572230926081;1015,1943029764693;91,68011879511369;1250,0340038095435;1014,2896350511705;97,1759960956102;1323,5753487664497;960,0469569112064;885,6832427499921;11321,201068879993
98,16666666666667;1018,9843067272468;1015,3256623169087;91,57300290347052;1248,9490662809603;1014,4221072894874;97,06124588054905;1322,4119057444213;960,4081807144956;882,1539927210262;11282,59941874926
98,25;1019,1112826638773;1015,456905056294;91,46611025845175;1247,8660451678365;1014,5544604581889;96,94673805238793;1321,2505528773036;960,7681584974054;878,6418901912674;11244,14991596677
98,33333333333333;1019,2381510848837;1015,5880314037231;91,35944018958355;1246,7849353244928;1014,686694774355;96,83247187087801;1320,0912844283923;961,1268952752469;875,1468624970795;11205,852236482082
98,41666666666667;1019,364912172188;1015,7190415677263;91,25299202901545;1245,7057316240305;1014,8188104544633;96,71844659873472;1318,9340946823997;961,4843960514842;871,6688371445531;11167,706053809783
98,5;1019,4915661072499;1015,8499357562682;91,146765111543;1244,6284289586217;1014,9508077143918;96,60466150164979;1317,7789779458167;961,8406658176676;868,2077418105581;11129,71103906791
98,58333333333333;1019,6181130710703;1015,9807141767496;91,0407587745425;1243,5530222381526;1015,0826867694203;96,49111584823572;1316,6259285460067;962,1957095533694;864,7635043437344;11091,866861015977
98,66666666666667;1019,7445532441914;1016,1113770360098;90,93497235801635;1242,4795063914842;1015,2144478342337;96,37780891006202;1315,4749408315022;962,5495322261191;861,3360527655135;11054,173186092947
98,75;1019,8708868066984;1016,2419245403282;90,82940520453917;1241,407876365521;1015,3460911229236;96,26473996159959;1314,3260091718894;962,9021387913419;857,9253152710834;11016,62967845507
98,83333333333333;1019,9971139382219;1016,3723568954272;90,72405665925487;1240,338127125599;1015,4776168489905;96,15190828021596;1313,1791279576598;963,2535341922965;854,5312202303472;10979,236000013105
98,91666666666667;1020,1232348179386;1016,5026743064732;90,61892606986817;1239,2702536547488;1015,6090252253463;96,03931314616801;1312,0342916001614;963,6037233600146;851,1536961888817;10941,99181046972
99,0;1020,2492496245733;1016,6328769780794;90,51401278663604;1238,204250954356;1015,7403164643163;95,92695384258747;1310,8914945312026;963,9527112132423;847,792671868861;10904,896767356518
99,08333333333333;1020,3751585364001;1016,7629651143073;90,40931616234786;1237,1401140439848;1015,8714907776416;95,81482965546158;1309,7507312036291;964,3005026583818;844,4480761699646;10867,95052607092
99,16666666666667;1020,5009617312438;1016,8929389186693;90,30483555231967;1236,0778379608755;1016,0025483764811;95,70293987361865;1308,6119960904016;964,6471025894341;841,1198381702752;10831,152739912446
99,25;1020,6266593864823;1017,0227985941298;90,20057031436295;1235,017417759866;1016,1334894714134;95,59128378870867;1307,475283685155;964,9925158879433;837,8078871271458;10794,503060118983
99,33333333333333;1020,7522516790468;1017,1525443431079;90,09651980881301;1233,9588485139163;1016,2643142724397;95,479860695213;1306,3405885017717;965,3367474229419;834,5121524780842;10758,001135903214
99,41666666666667;1020,8777387854243;1017,2821763674796;89,9926833984722;1232,9021253135452;1016,3950229889853;95,36866989040092;1305,2079050743469;965,679802050897;831,2325638415734;10721,646614488322
99,5;1021,0031208816587;1017,4116948685786;89,88906044861835;1231,847243266482;1016,5256158299019;95,25771067432956;1304,077227957025;966,0216846156576;827,9690510179091;10685,439141143142
99,58333333333333;1021,1283981433523;1017,5411000471994;89,78565032700203;1230,794197498384;1016,6560930034698;95,14698234983186;1302,9485517241142;966,3623999484032;824,7215439900162;10649,378359218163
99,66666666666667;1021,2535707456674;1017,6703921035988;89,68245240382373;1229,7429831522345;1016,7864547174001;95,0364842225045;1301,8218709697744;966,7019528675933;821,489972924237;10613,46391018037
99,75;1021,3786388633271;1017,7995712374978;89,57946605171401;1228,6935953883058;1016,9167011788368;94,92621560067889;1300,6971803082965;967,0403481789177;818,2742681711119;10577,695433647947
99,83333333333333;1021,5036026706181;1017,9286376480838;89,47669064573063;1227,6460293839439;1017,0468325943584;94,81617579541876;1299,5744743730315;967,3775906752487;815,0743602661402;10542,072567425144
99,91666666666667;1021,628462341391;1018,0575915340121;89,37412556335573;1226,6002803338806;1017,1768491699809;94,70636412051775;1298,4537478177092;967,7136851365932;811,8901799305405;10506,594947536578
100,0;1021,753218049062;1018,1864330934079;89,2717701844731;1225,5563434498833;1017,3067511111589;94,59677989246558;1297,3349953152676;968,0486363300466;808,7216580719672;10471,262208261409
100,08333333333333;1021,8778699666149;1018,3151625238687;89,16962389135108;1224,514213960775;1017,4365386227885;94,4874224304408;1296,2182115582325;968,3824490097477;805,5687257852298;10436,07398216733
100,16666666666667;1022,0024182666018;1018,4437800224656;89,06768606865398;1223,4738871122981;1017,5662119092087;94,37829105631081;1295,1033912584373;968,7151279168341;802,4313143530077;10401,029900144145
100,25;1022,1268631211449;1018,5722857857454;88,96595610340512;1222,4353581671155;1017,6957711742041;94,26938509460285;1293,9905291470232;969,0466777793996;799,3093552465149;10366,129591437266
100,33333333333333;1022,2512047019379;1018,7006800097327;88,8644333849868;1221,3986224045766;1017,8252166210062;94,16070387249192;1292,879619974339;969,377103312451;796,2027801261792;10331,372683680758
100,41666666666667;1022,3754431802477;1018,8289628899312;88,7631173051318;1220,3636751209701;1017,9545484522962;94,05224671979838;1291,7706585098447;969,706409217868;793,1115208423034;10296,758802930584
100,5;1022,4995787269147;1018,9571346213263;88,66200725791202;1219,3305116289812;1018,0837668702063;93,9440129689686;1290,6636395422572;970,0346001843619;790,0355094356951;10262,287573697058
100,58333333333333;1022,6236115123558;1019,0851953983863;88,56110263971004;1218,2991272577692;1018,2128720763222;93,83600195505323;1289,558557878531;970,3616808874373;786,9746781382918;10227,958618977313
100,66666666666667;1022,7475417065649;1019,2131454150647;88,46040284923617;1217,269517353413;1018,341864271685;93,72821301571207;1288,455408345257;970,687655989353;783,9289593737772;10193,771560287838
100,75;1022,8713694791143;1019,3409848648016;88,35990728750573;1216,241677278097;1018,470743656793;93,62064549119708;1287,3541857874277;971,0125301390851;780,8982857581793;10159,726017696134
100,83333333333333;1022,9950949991561;1019,4687139405261;88,2596153578163;1215,2156024103256;1018,599510431604;93,51329872432586;1286,2548850687174;971,3363079722909;777,882590100437;10125,821609852552
100,91666666666667;1023,118718435424;1019,5963328346575;88,15952646575056;1214,1912881453084;1018,7281647955369;93,40617206048165;1285,15750107135;971,6589941112728;774,8818054029778;10092,057954021899
101,0;1023,2422399562339;1019,7238417391076;88,05964001916209;1213,1687298938768;1018,856706947474;93,2992648475988;1284,0620286961314;971,9805931649446;771,8958648622669;10058,43466611462
101,08333333333333;1023,3656597294865;1019,8512408452822;87,95995542815831;1212,1479230832592;1018,9851370857627;93,19257643614833;1282,968462862237;972,3011097287973;768,9247018693396;10024,951360717709
101,16666666666667;1023,4889779226673;1019,978530344083;87,86047210510901;1211,1288631568468;1019,1134554082178;93,08610617913061;1281,8767985071606;972,6205483848671;765,9682500103384;9991,607651125798
101,25;1023,6121947028488;1020,1057104259094;87,7611894646094;1210,1115455738855;1019,2416621121229;92,97985343205369;1280,787030586699;972,9389137017034;763,0264430670036;9958,403149371396
101,33333333333333;1023,7353102366918;1020,2327812806602;87,6621069234858;1209,0959658093968;1019,3697573942327;92,873817552926;1279,699154074622;973,2562102343381;760,0992150171805;9925,337466255274
101,41666666666667;1023,8583246904464;1020,3597430977358;87,56322390078992;1208,082119354722;1019,497741450775;92,76799790225638;1278,6131639631167;973,5724425242558;757,1865000353051;9892,410211376658
101,5;1023,9812382299534;1020,4865960660389;87,46453981776483;1207,0700017165514;1019,6256144774525;92,66239384301542;1277,5290552621136;973,8876150993648;754,2882324928576;9859,620993162942
101,58333333333333;1024,1040510206467;1020,6133403739777;87,36605409786193;1206,059608417255;1019,7533766694443;92,55700474064511;1276,4468229991867;974,201732473969;751,4043469588296;9826,969418898996
101,66666666666667;1024,226763227552;1020,7399762094664;87,26776616672396;1205,0509349952506;1019,8810282214084;92,45182996305161;1275,3664622205415;974,5147991487408;748,5347782001662;9794,455094757242
101,75;1024,349375015292;1020,8665037599275;87,16967545214231;1204,0439770040148;1020,0085693274834;92,34686888055208;1274,2879679891216;974,8268196106952;745,6794611821681;9762,077625825767
101,83333333333333;1024,4718865480838;1020,9929232122937;87,07178138411393;1203,0387300130137;1020,1360001812901;92,24212086593269;1273,2113353864531;975,1377983331636;742,838331068952;9729,836616138078
101,91666666666667;1024,594297989743;1021,1192347530092;86,97408339475317;1202,0351896066375;1020,2633209759338;92,13758529436646;1272,136559510882;975,4477397757697;740,0113232238039;9697,73166870107
102,0;1024,7166095036832;1021,2454385680315;86,87658091834294;1201,0333513851294;1020,3905319040057;92,03326154344467;1271,0636354788098;975,7566483844058;737,1983732095981;9665,762385523933
102,08333333333333;1024,8388212529196;1021,3715348428336;86,77927339129212;1200,0332109637534;1020,5176331575851;91,92914899314786;1269,9925584239193;976,0645285912099;734,3994167891611;9633,928367645785
102,16666666666667;1024,960933400067;1021,497523762405;86,68216025214974;1199,0347639729875;1020,6446249282412;91,82524702585795;1268,92332349696;976,3713848145434;731,6143899256463;9602,22921516393
102,25;1025,0829461073445;1021,6234055112536;86,58524094155098;1198,0380060587183;1020,7715074070347;91,72155502629778;1267,8559258662103;976,6772214589703;728,8432287828545;9570,664527261373
102,33333333333333;1025,2048595365738;1021,7491802734079;86,48851490227116;1197,042932881561;1020,89828078452;91,6180723815819;1266,7903607172132;976,9820429152368;726,0858697256128;9539,233902234399
102,41666666666667;1025,3266738491834;1021,8748482324179;86,39198157914905;1196,0495401173655;1021,0249452507464;91,51479848114406;1265,7266232522159;977,2858535602516;723,3422493200561;9507,93693751935
102,5;1025,4483892062071;1022,0004095713573;86,29564041913795;1195,0578234571954;1021,1515009952608;91,41173271678554;1264,664708691126;977,5886577570669;720,6123043339778;9476,77322972037
102,58333333333333;1025,5700057682873;1022,125864472825;86,1994908712461;1194,067778606398;1021,2779482071087;91,30887448260992;1263,6046122701603;977,8904598548613;717,8959717371032;9445,742374635096
102,66666666666667;1025,6915236956754;1022,2512131189467;86,10353238655648;1193,0794012854774;1021,4042870748362;91,20622317504484;1262,54632924257;978,1912641889217;715,1931887013893;9414,843967281997
102,75;1025,812943148233;1022,3764556913767;86,00776441821836;1192,092687230209;1021,5305177864922;91,1037781928323;1261,4898548788376;978,4910750806274;712,5038926013065;9384,07760192629
102,83333333333333;1025,934264285434;1022,5015923712995;85,91218642140745;1191,107632190188;1021,6566405296295;91,00153893699243;1260,4351844657715;978,7898968374346;709,8280210140837;9353,442872105961
102,91666666666667;1026,055487266364;1022,6266233394311;85,81679785336291;1190,124231930204;1021,7826554913073;90,89950481084529;1259,382313306852;979,0877337528616;707,1655117199901;9322,93937065748
103,0;1026,1766122497243;1022,7515487760213;85,72159817332192;1189,1424822292722;1021,9085628580922;90,79767521995521;1258,3312367219673;979,3845901064744;704,5163027025364;9292,566689741305
103,08333333333333;1026,2976393938302;1022,8763688608547;85,62658684257372;1188,1623788815834;1022,0343628160605;90,69604957218161;1257,2819500481883;979,680470163874;701,8803321487474;9262,324420867713
103,16666666666667;1026,418568856615;1023,0010837732524;85,53176332438852;1187,1839176947014;1022,1600555507998;90,59462727760646;1256,2344486380869;979,9753781766833;699,2575384493426;9232,212154920973
103,25;1026,5394007956286;1023,1256936920742;85,43712708406304;1186,2070944917532;1022,2856412474107;90,49340774857058;1255,1887278613033;980,2693183825356;696,6478601989741;9202,22948218522
103,33333333333333;1026,6601353680412;1023,2501987957193;85,34267758886074;1185,2319051091806;1022,4111200905085;90,39239039963007;1254,1447831033415;980,5622950050637;694,0512361963943;9172,375992368115
103,41666666666667;1026,7807727306426;1023,3745992621285;85,24841430804884;1184,2583453985815;1022,5364922642248;90,29157464757091;1253,1026097663441;980,8543122538891;691,467605444663;9142,651274626138
103,5;1026,9013130398444;1023,4988952687859;85,1543367128528;1183,2864112250038;1022,6617579522095;90,19095991137988;1252,062203267973;981,1453743246132;688,8969071513026;9113,054917587948
103,58333333333333;1027,021756451681;1023,6230869927197;85,06044427646202;1182,316098467916;1022,7869173376326;90,09054561223977;1251,0235590424124;981,4354853988076;686,3390807284679;9083,586509378825
103,66666666666667;1027,1421031218113;1023,7471746105045;84,96673647403554;1181,347403021147;1022,9119706031853;89,99033117352937;1249,9866725396623;981,7246496440064;683,7940657931023;9054,2456376442
103,75;1027,2623532055181;1023,8711582982629;84,8732127826679;1180,3803207920546;1023,0369179310821;89,89031602080175;1248,9515392256694;982,0128712136986;681,2618021670733;9025,03188957323
103,83333333333333;1027,3825068577125;1023,9950382316665;84,77987268138065;1179,414847702299;1023,1617595030626;89,79049958176489;1247,9181545823271;982,3001542473215;678,7422298772924;8995,94485192195
103,91666666666667;1027,5025642329315;1024,1188145859378;84,68671565115073;1178,4509796873217;1023,2864955003929;89,69088128631071;1246,8865141070967;982,5865028702542;676,2352891558652;8966,984111036327
104,0;1027,6225254853416;1024,2424875358518;84,59374117484231;1177,4887126963818;1023,4111261038673;89,591460566445;1245,8566133132215;982,8719211938127;673,7409204401592;8938,149252875079
104,08333333333333;1027,7423907687398;1024,3660572557371;84,50094873724652;1176,5280426925185;1023,5356514938103;89,49223685632845;1244,828447729694;983,1564133152447;671,259064372934;8909,439863032307
104,16666666666667;1027,8621602365533;1024,4895239194782;84,40833782506729;1175,568965652571;1023,6600718500775;89,39320959225256;1243,8020129009433;983,4399833177259;668,7896618024274;8880,855526759808
104,25;1027,9818340418428;1024,6128877005162;84,31590792687871;1174,6114775668675;1023,7843873520583;89,29437821261061;1242,7773043869327;983,7226352703567;666,3326537824111;8852,395828989174
104,33333333333333;1028,101412337301;1024,736148771851;84,22365853316478;1173,655574439594;1023,9085981786765;89,19574215792181;1241,7543177631278;984,0043732281589;663,8879815722919;8824,060354353845
104,41666666666667;1028,2208952752571;1024,8593073060426;84,13158913625125;1172,7012522882696;1024,0327045083927;89,09730087077335;1240,7330486201506;984,285201232074;661,455586637133;8795,848687210422
104,5;1028,3402830076748;1024,9823634752122;84,03969923036243;1171,7485071439432;1024,1567065192053;88,99905379586869;1239,7134925640755;984,5651233089617;659,0354106477474;8767,76041166084
104,58333333333333;1028,4595756861552;1025,105317451044;83,94798831156436;1170,7973350510547;1024,2806043886526;88,90100037997684;1238,6956452162644;984,844143471599;656,6273954806962;8739,795111572937
104,66666666666667;1028,578773461938;1025,2281694047867;83,85645587778185;1169,847732067379;1024,4043982938144;88,80314007192993;1237,6795022129722;985,1222657186798;654,2314832183433;8711,952370601817
104,75;1028,6978764859018;1025,3509195072554;83,76510142878146;1168,899694264606;1024,528088411313;88,70547232262567;1236,665059206005;985,399494034816;651,8476161488724;8684,2317722108
104,83333333333333;1028,8168849085655;1025,4735679288324;83,67392446616009;1167,9532177266753;1024,6516749173159;88,60799658501037;1235,6523118615673;985,6758323905376;649,4757367662868;8656,632899691638
104,91666666666667;1028,9357988800903;1025,5961148394688;83,58292449332794;1167,0082985511317;1024,775157987536;88,51071231405484;1234,6412558612828;985,9512847422949;647,1157877704184;8629,15533618519
105,0;1029,0546185502797;1025,7185604086862;83,49210101553695;1166,0649328491638;1024,8985377972342;88,41361896677853;1233,6318869014544;986,2258550324607;644,7677120669306;8601,79866470164
105,08333333333333;1029,1733440685812;1025,8409048055785;83,4014535398353;1165,1231167442297;1025,0218145212207;88,31671600221568;1232,6242006933096;986,4995471893329;642,4314527672846;8574,56246814031
105,16666666666667;1029,2919755840871;1025,9631481988122;83,31098157506744;1164,18284637376;1025,1449883338564;88,22000288141055;1231,6181929630181;986,7723651271382;640,1069531887237;8547,446329309569
105,25;1029,410513245536;1026,0852907566289;83,22068463187406;1163,24411788697;1025,2680594090548;88,12347906740285;1230,6138594510162;987,0443127460356;637,7941568542343;8520,449830946047
105,33333333333333;1029,5289572013141;1026,2073326468465;83,13056222268074;1162,3069274471256;1025,391027920283;88,02714402522781;1229,611195912649;987,3153939321217;635,4930074925068;8493,572555734401
105,41666666666667;1029,6473075994554;1026,3292740368604;83,04061386169224;1161,371271229607;1025,5138940405639;87,9309972219113;1228,6101981178413;987,585612557435;633,2034490378874;8466,814086326198
105,5;1029,765564587644;1026,451115093645;82,95083906487548;1160,437145423108;1025,6366579424773;87,83503812644568;1227,6108618510145;987,8549724799623;630,9254256303069;8440,174005358935
105,58333333333333;1029,8837283132134;1026,5728559837557;82,8612373499709;1159,5045462286882;1025,7593197981616;87,73926620978983;1226,613182910824;988,1234775436444;628,6588816152243;8413,651895474564
105,66666666666667;1030,0017989231505;1026,6944968733292;82,7718082364413;1158,5734698602573;1025,881879779315;87,64368094484979;1225,617157110406;988,3911315783832;626,4037615435348;8387,247339338204
105,75;1030,1197765640939;1026,8160379280857;82,68255124553434;1157,643912544632;1026,0043380571979;87,54828180650293;1224,622780277459;988,657938400049;624,1600101715096;8360,959919656427
105,83333333333333;1030,237661382336;1026,9374793133304;82,593465900203;1156,7158705206848;1026,1266948026332;87,45306827153996;1223,6300482536356;988,9239018104882;621,9275724606723;8334,78921919511
105,91666666666667;1030,3554535238247;1027,0588211939541;82,50455172513966;1155,7893400404282;1026,2489501860086;87,35803981868429;1222,6389568949205;989,1890255975319;619,7063935777163;8308,734820797687
106,0;1030,4731531341636;1027,1800637344356;82,41580824676475;1154,864317367891;1026,371104377278;87,26319592859198;1221,6495020713837;989,4533135350046;617,4964188943926;8282,796307402616
106,08333333333333;1030,5907603586138;1027,3012070988425;82,32723499319832;1153,940798779836;1026,493157545963;87,16853608381797;1220,6616796672959;989,7167693827337;615,2975939873852;8256,973262060888
106,16666666666667;1030,708275342094;1027,4222514508326;82,23883149428275;1153,018780565119;1026,6151098611538;87,07405976883052;1219,6754855805677;989,9793968865596;613,109864638202;8231,265267953262
106,25;1030,8256982291828;1027,5431969536555;82,15059728153733;1152,0982590253107;1026,7369614915117;86,97976646998228;1218,6909157234102;990,2411997783458;610,9331768330179;8205,671908407618
106,33333333333333;1030,9430291641188;1027,6640437701535;82,06253188818096;1151,179230473784;1026,8587126052698;86,88565567551024;1217,70796602174;990,5021817759904;608,7674767625538;8180,192766915512
106,41666666666667;1031,060268290802;1027,7847920627635;81,97463484913214;1150,2616912366072;1026,9803633702347;86,79172687554058;1216,7266324153777;990,7623465834369;606,6127108219263;8154,827427149119
106,5;1031,1774157527955;1027,9054419935183;81,88690570096355;1149,3456376519812;1027,1019139537882;86,69797956205485;1215,7469108580815;991,0216978906864;604,4688256104774;8129,575472977648
106,58333333333333;1031,2944716933248;1028,0259937240476;81,7993439819304;1148,4310660697931;1027,223364522888;86,60441322890449;1214,7687973169202;991,2802393738101;602,3357679316365;8104,436488483649
106,66666666666667;1031,4114362552807;1028,1464474155796;81,7119492319307;1147,5179728526834;1027,34471524407;86,51102737178178;1213,7922877729652;991,537974694962;600,2134847927204;8079,410057979211
106,75;1031,5283095812197;1028,2668032289423;81,62472099252795;1146,6063543745336;1027,4659662834492;86,41782148822955;1212,817378220649;991,7949075023923;598,1019234047801;8054,4957660215205
106,83333333333333;1031,6450918133644;1028,387061324565;81,53765880693413;1145,696207022094;1027,5871178067218;86,32479507762184;1211,8440646682254;992,0510414304612;596,0010311824101;8029,693197429398
106,91666666666667;1031,7617830936058;1028,507221862479;81,45076221998693;1144,7875271928913;1027,7081699791656;86,23194764115425;1210,8723431368637;992,3063800996531;593,9107557435483;8005,001937297662
107,0;1031,8783835635033;1028,6272850023197;81,36403077817249;1143,8803112976696;1027,8291229656422;86,13927868185357;1209,9022096618517;992,5609271165914;591,8310449092905;7980,421571013786
107,08333333333333;1031,994893364286;1028,7472509033278;81,27746402959133;1142,9745557579683;1027,9499769305983;86,04678770454882;1208,9336602915243;992,8146860740536;589,761846703679;7955,95168427207
107,16666666666667;1032,1113126368539;1028,86711972435;81,1910615239583;1142,0702570076155;1028,0707320380668;85,95447421586641;1207,9666910872638;993,0676605509868;587,7031093534873;7931,591863089068
107,25;1032,2276415217787;1028,9868916238408;81,10482281259692;1141,1674114920277;1028,1913884516687;85,86233772422531;1207,0012981239947;993,319854112524;585,6547812880058;7907,341693818275
107,33333333333333;1032,3438801593047;1029,106566759864;81,01874744844508;1140,2660156682318;1028,311946334614;85,77037773983704;1206,0374774897869;993,57127031;583,6168111388196;7883,200763164709
107,41666666666667;1032,460028689351;1029,2261452900934;80,93283498601522;1139,3660660048251;1028,4324058497034;85,6785937746767;1205,075225285725;993,8219126809691;581,5891477395701;7859,168658199555
107,5;1032,5760872515111;1029,3456273718145;80,84708498143982;1138,4675589824014;1028,5527671593293;85,58698534251192;1204,1145376261227;994,0717847492215;579,5717401257281;7835,2449663739735
107,58333333333333;1032,6920559850532;1029,4650131619258;80,76149699241455;1137,5704910928928;1028,6730304254777;85,49555195886427;1203,1554106384067;994,3208900248014;577,5645375343447;7811,429275533796
107,66666666666667;1032,807935028924;1029,5843028169397;80,67607057818691;1136,674858839182;1028,7931958097295;85,4042931409802;1202,1978404624906;994,5692320040254;575,567489403777;7787,7211739326085
107,75;1032,9237245217473;1029,7034964929844;80,59080529960738;1135,7806587362254;1028,9132634732614;85,31320840788425;1201,2418232516984;994,8168141695004;573,5805453734798;7764,1202502463
107,83333333333333;1033,0394246018259;1029,8225943458046;80,50570071907259;1134,8878873103374;1029,0332335768476;85,22229728032585;1200,2873551718906;995,063639990143;571,6036552837039;7740,626093585889
107,91666666666667;1033,1550354071428;1029,941596530763;80,42075640053099;1133,9965410989378;1029,1531062808613;85,13155928078902;1199,3344324020902;995,3097129211984;569,6367691752437;7717,23829351139
108,0;1033,270557075361;1030,0605032028416;80,33597190949422;1133,106616650978;1029,2728817452758;85,0409939334827;1198,3830511337912;995,5550364042602;567,6798372891659;7693,956440044664
108,08333333333333;1033,385989743826;1030,1793145166425;80,25134681298596;1132,2181105263983;1029,3925601296658;84,95060076431173;1197,4332075711397;995,7996138672909;565,7328100665114;7670,780123682605
108,16666666666667;1033,501333549566;1030,2980306263903;80,1668806795874;1131,3310192965744;1029,512141593209;84,86037930090589;1196,4848979310823;996,0434487246412;563,7956381480274;7647,708935409802
108,25;1033,6165886292924;1030,416651685932;80,08257307939175;1130,4453395438707;1029,6316262946873;84,77032907258604;1195,5381184428873;996,286544377072;561,8682723738721;7624,742466711353
108,33333333333333;1033,7317551194028;1030,535177848739;79,99842358400997;1129,561067861854;1029,751014392488;84,68044961035929;1194,5928653487063;996,5289042117748;559,9506637833065;7601,8803095853245
108,41666666666667;1033,8468331559789;1030,6536092679082;79,91443176659345;1128,6782008552357;1029,8703060446053;84,59074044693836;1193,6491349030302;996,7705316023935;558,0427636144196;7579,1220565551885
108,5;1033,96182287479;1030,7719460961632;79,83059720176584;1127,79673513958;1029,9895014086414;84,50120111668838;1192,7069233726882;997,011429909046;556,1445233037807;7556,467300681524
108,58333333333333;1034,0767244112926;1030,8901884858553;79,7469194656685;1126,9166673415182;1030,1086006418084;84,41183115565593;1191,7662270368985;997,2516024783469;554,2558944861594;7533,9156355745745
108,66666666666667;1034,1915379006323;1031,008336588965;79,66339813593208;1126,0379940986509;1030,2276039009287;84,32263010154003;1190,827042187432;997,4910526434293;552,3768289941864;7511,466655405693
108,75;1034,3062634776438;1031,1263905571034;79,58003279168224;1125,160712059394;1030,346511342437;84,23359749370178;1189,889365127954;997,7297837239685;550,5072788580452;7489,119954919131
108,83333333333333;1034,4209012768526;1031,2443505415126;79,49682301351118;1124,2848178832487;1030,4653231223813;84,14473287314507;1188,9531921746177;997,9677990262044;548,6471963051304;7466,875129443517
108,91666666666667;1034,5354514324754;1031,3622166930681;79,41376838350038;1123,4103082399308;1030,5840393964243;84,05603578251657;1188,018519655585;998,2051018429657;546,7965337597241;7444,731774903182
109,0;1034,6499140784217;1031,479989162279;79,33086848518087;1122,5371798107456;1030,7026603198444;83,96750576608639;1187,0853439113898;998,4416954536935;544,9552438426446;7422,6894878294415
109,08333333333333;1034,7642893482935;1031,5976680992894;79,24812290356726;1121,6654292870958;1030,8211860475376;83,87914236976741;1186,153661294362;998,6775831244652;543,1232793709239;7400,747865371304
109,16666666666667;1034,8785773753884;1031,71525365388;79,16553122510095;1120,7950533708893;1030,939616734018;83,79094514106214;1185,2234681687582;998,9127681080193;541,3005933574243;7378,906505306459
109,25;1034,992778292698;1031,8327459754687;79,08309303771262;1119,9260487756428;1031,05795253342;83,7029136291207;1184,2947609114542;999,1472536437806;539,4871390105362;7357,165006052362
109,33333333333333;1035,1068922329107;1031,9501452131126;79,0008079307313;1119,058412224215;1031,1761935994982;83,61504738465868;1183,3675359103468;999,3810429578841;537,6828697337606;7335,5229666760915
109,41666666666667;1035,2209193284116;1032,067451515508;78,9186754949526;1118,19214045088;1031,2943400856302;83,52734596001511;1182,4417895656552;999,6141392632018;535,8877391253986;7313,979986905228
109,5;1035,334859711284;1032,1846650309928;78,8366953225875;1117,3272302003002;1031,4123921448167;83,43980890910416;1181,5175182897078;999,8465457593672;534,1017009781473;7292,535667137884
109,58333333333333;1035,44871351331;1032,301785907547;78,75486700727947;1116,4636782271389;1031,5303499296836;83,35243578742961;1180,5947185060177;1000,0782656328022;532,3247092787517;7271,189608452787
109,66666666666667;1035,5624808659713;1032,4188142927935;78,67319014407599;1115,6014812967182;1031,648213592482;83,26522615206073;1179,6733866500917;1000,3093020567425;530,5567182076163;7249,941412619133
109,75;1035,6761619004512;1032,535750334;78,59166432944562;1114,7406361848273;1031,7659832850914;83,17817956164674;1178,7535191690015;1000,539658191265;528,7976821384331;7228,790682106616
109,83333333333333;1035,7897567476336;1032,6525941780803;78,51028916127802;1113,881139677546;1031,8836591590184;83,0912955763975;1177,8351125216632;1000,7693371833138;527,0475556377943;7207,737020094805
109,91666666666667;1035,9032655381052;1032,7693459715942;78,42906423883278;1113,0229885714393;1032,0012413654006;83,00457375807383;1176,9181631785411;1000,998342166728;525,3062934647971;7186,78003048275
110,0;1036,0166884021567;1032,8860058607502;78,3479891627735;1112,1661796727435;1032,1187300550057;82,91801366997305;1176,002667621385;1001,2266762622685;523,5738505706581;7165,919317898187
110,08333333333333;1036,1300254697821;1033,0025739914051;78,26706353516215;1111,3107097983357;1032,2361253782337;82,83161487695793;1175,088622343409;1001,4543425776458;521,8501820983226;7145,154487706705
110,16666666666667;1036,2432768706817;1033,1190505090665;78,18628695942493;1110,4565757754222;1032,3534274851183;82,74537694540356;1174,1760238495422;1001,681344207548;520,1352433820455;7124,485146021109
110,25;1036,3564427342612;1033,2354355588932;78,10565904038071;1109,603774440726;1032,4706365253273;82,65929944322153;1173,264868655947;1001,9076842336688;518,4289899470053;7103,910899709662
110,33333333333333;1036,4695231896337;1033,3517292856964;78,02517938420124;1108,7523026413974;1032,5877526481645;82,57338193984538;1172,3551532899241;1002,1333657247357;516,7313775088871;7083,431356405605
110,41666666666667;1036,5825183656202;1033,4679318339406;77,94484759843385;1107,902157234761;1032,7047760025703;82,48762400622098;1171,4468742904198;1002,3583917365388;515,042361973471;7063,046124515108
110,5;1036,6954283907498;1033,5840433477456;77,86466329199015;1107,053335088395;1032,8217067371236;82,40202521481137;1170,5400282076823;1002,5827653119597;513,3618994362212;7042,75481322644
110,58333333333333;1036,8082533932622;1033,7000639708865;77,78462607510619;1106,205833078676;1032,9385450000425;82,31658513955807;1169,6346116026018;1002,8064894810004;511,6899461818514;7022,557032517237
110,66666666666667;1036,9209935011072;1033,8159938467957;77,70473555939361;1105,3596480932415;1033,0552909391856;82,23130335591975;1168,7306210476004;1003,0295672608127;510,02645868392733;7002,452393163781
110,75;1037,0336488419457;1033,9318331185632;77,62499135778853;1104,5147770288374;1033,1719447020532;82,14617944083358;1167,8280531263515;1003,2520016557276;508,37139360441824;6982,440506748702
110,83333333333333;1037,1462195431513;1034,0475819289381;77,54539308456287;1103,67121679225;1033,2885064357883;82,06121297271523;1166,9269044330892;1003,4737956572853;506,7247077932723;6962,520985668393
110,91666666666667;1037,2587057318103;1034,16324042033;77,46594035533008;1102,828964300188;1033,4049762871782;81,97640353146369;1166,0271715736444;1003,6949522442652;505,08635828799015;6942,693443141339
111,0;1037,3711075347237;1034,27880873481;77,38663278700528;1101,988016478741;1033,521354402655;81,8917506984323;1165,1288511642272;1003,9154743827157;503,4563023131767;6922,957493215673
111,08333333333333;1037,4834250784065;1034,3942870141104;77,30746999784515;1101,1483702643868;1033,6376409282975;81,80725405645774;1164,231939832645;1004,1353650259849;501,83449728011965;6903,312750776748
111,16666666666667;1037,59565848909;1034,5096753996283;77,22845160740235;1100,3100226025765;1033,7538360098315;81,7229131898165;1163,3364342169687;1004,3546271147513;500,220900786324;6883,758831554195
111,25;1037,7078078927218;1034,6249740324245;77,14957723654265;1099,4729704489173;1033,8699397926318;81,63872768424426;1162,442330966422;1004,5732635770543;498,61547061508077;6864,295352129461
111,33333333333333;1037,8198734149667;1034,7401830532256;77,07084650743354;1098,637210768222;1033,985952421723;81,55469712691172;1161,549626740937;1004,7912773283252;497,0181647350131;6844,921929942818
111,41666666666667;1037,9318551812082;1034,855302602425;76,99225904352716;1097,8027405351497;1034,10187404178;81,47082110642941;1160,658318211137;1005,0086712714191;495,4289412996212;6825,638183300558
111,5;1038,0437533165486;1034,9703328200833;76,91381446958303;1096,9695567338747;1034,2177047971309;81,38709921284772;1159,7684020585345;1005,2254482966453;493,8477586468372;6806,443731381632
111,58333333333333;1038,15556794581;1035,0852738459305;76,835512411634;1096,1376563580495;1034,3334448317555;81,30353103762786;1158,8798749750872;1005,4416112817994;492,2745752985509;6787,338194244487
111,66666666666667;1038,2672991935353;1035,200125819366;76,75735249698619;1095,3070364103578;1034,4490942892892;81,22011617365644;1157,992733663345;1005,6571630921952;490,7093499601581;6768,321192833341
111,75;1038,3789471839896;1035,3148888794597;76,67933435423606;1094,4776939036003;1034,5646533130218;81,13685421523087;1157,10697483678;1005,8721065806963;489,15204152010176;6749,3923489856625
111,83333333333333;1038,4905120411595;1035,4295631649543;76,6014576132477;1093,6496258599393;1034,6801220459004;81,05374475806428;1156,2225952190622;1006,0864445877482;487,6026090493997;6730,551285437465
111,91666666666667;1038,6019938887555;1035,5441488142649;76,52372190513006;1092,8228293099671;1034,7955006305292;80,9707873992565;1155,3395915443223;1006,3001799414112;486,06101180116866;6711,797625829976
112,0;1038,7133928502117;1035,6586459654807;76,44612686226537;1091,9973012945873;1034,9107892091713;80,88798173730851;1154,4579605571682;1006,513315457392;484,5272092101641;6693,130994715927
112,08333333333333;1038,8247090486875;1035,7730547563658;76,36867211827507;1091,1730388634637;1035,0259879237497;80,80532737210802;1153,5776990131142;1006,7258539390767;483,0011608922956;6674,551017565355
112,16666666666667;1038,9359426070678;1035,8873753243602;76,2913573080425;1090,350039075505;1035,141096915848;80,72282390492944;1152,6988036771297;1006,937798177564;481,4828266441617;6656,057320771538
112,25;1039,047093647964;1036,0016078065812;76,21418206769022;1089,5282989990194;1035,2561163267123;80,64047093841936;1151,8212713253215;1007,1491509516973;479,9721664425567;6637,649531656835
112,33333333333333;1039,1581622937147;1036,1157523398242;76,13714603456856;1088,7078157114247;1035,3710462972515;80,55826807659656;1150,9450987433675;1007,3599150280984;478,46914044400023;6619,327278478162
112,41666666666667;1039,269148666387;1036,2298090605636;76,06024884726139;1087,8885862991506;1035,4858869680388;80,4762149248424;1150,0702827280322;1007,5700931612006;476,97370898424424;6601,090190433064
112,5;1039,3800528877766;1036,343778104954;75,98349014558607;1087,0706078577941;1035,6006384793125;80,39431108990073;1149,1968200853062;1007,7796880932821;475,4858325777974;6582,937897664374
112,58333333333333;1039,4908750794093;1036,457659608831;75,90686957056505;1086,253877491868;1035,7153009709773;80,31255617986346;1148,3247076320192;1007,9887025544994;474,0054719174185;6564,870031265944
112,66666666666667;1039,6016153625412;1036,5714537077117;75,83038676445994;1085,4383923151488;1035,8298745826055;80,23094980418023;1147,4539421949353;1008,197139262921;472,5325878736493;6546,8862232881875
112,75;1039,7122738581595;1036,6851605367976;75,75404137073747;1084,6241494503865;1035,9443594534378;80,14949157363418;1146,5845206107851;1008,4050009245616;471,06714149430275;6528,98610674239
112,83333333333333;1039,822850686984;1036,7987802309733;75,67783303404667;1083,8111460288783;1036,0587557223841;80,0681811003372;1145,7164397263814;1008,6122902334153;469,6090940039687;6511,169315606364
112,91666666666667;1039,9333459694672;1036,912312924809;75,6017614002701;1082,9993791914378;1036,1730635280253;79,9870179977492;1144,8496963987511;1008,8190098714903;468,1584068035329;6493,435484829234
113,0;1040,0437598257952;1037,0257587525605;75,52582611645562;1082,1888460870184;1036,2872830086137;79,90600188063951;1143,9842874943106;1009,0251625088429;466,71504146965333;6475,784250335529
113,08333333333333;1040,154092375889;1037,139117848171;75,4500268308675;1081,3795438740121;1036,4014143020745;79,82513236510613;1143,1202098898557;1009,2307508036117;465,27895975428464;6458,215249030924
113,16666666666667;1040,264343739404;1037,2523903452718;75,3743631929467;1080,5714697196684;1036,5154575460062;79,74440906855648;1142,257460472033;1009,4357774020525;463,8501235841579;6440,728118806116
113,25;1040,3745140357328;1037,3655763771828;75,29883485330515;1079,764620799415;1036,6294128776829;79,66383160970253;1141,3960361372092;1009,6402449385721;462,42849506027255;6423,322498541147
113,33333333333333;1040,4846033840042;1037,4786760769146;75,22344146374849;1078,9589942980028;1036,7432804340535;79,5833996085608;1140,5359337914042;1009,8441560357635;461,01403645741016;6405,998028110337
113,41666666666667;1040,5946119030846;1037,591689577168;75,14818267724195;1078,1545874085161;1036,8570603517444;79,50311268645237;1139,6771503505727;1010,0475133044407;459,6067102236111;6388,754348386096
113,5;1040,7045397115787;1037,704617010336;75,07305814791607;1077,3513973330125;1036,9707527670596;79,42297046597872;1138,8196827405693;1010,2503193436735;458,20647897965785;6371,5911012432425
113,58333333333333;1040,8143869278308;1037,8174585085048;74,99806753106668;1076,5494212819226;1037,0843578159822;79,3429725710314;1137,9635278963754;1010,4525767408222;456,81330551857855;6354,507929562844
113,66666666666667;1040,9241536699246;1037,9302142034542;74,9232104831492;1075,7486564743986;1037,197875634175;79,26311862678233;1137,1086827631702;1010,6542880715734;455,4271528051288;6337,504477236473
113,75;1041,0338400556843;1038,0428842266585;74,84848666176163;1074,9491001383526;1037,3113063569817;79,18340825967903;1136,2551442953911;1010,8554558999743;454,04798397526804;6320,580389169928
113,83333333333333;1041,1434462026764;1038,1554687092882;74,77389572564448;1074,1507495095075;1037,4246501194282;79,10384109743006;1135,4029094570633;1011,0560827784689;452,67576233564967;6303,735311286615
113,91666666666667;1041,252972228209;1038,26796778221;74,69943733470359;1073,3536018329864;1037,537907056223;79,02441676902441;1134,5519752219973;1011,2561712479326;451,31045136311286;6286,968890531929
114,0;1041,3624182493331;1038,3803815759888;74,62511114997596;1072,5576543619939;1037,651077301759;78,94513490470246;1133,7023385730151;1011,4557238377082;449,95201470414713;6270,2807748762725
114,08333333333333;1041,4717843828435;1038,4927102208876;74,55091683360706;1071,7629043581073;1037,7641609901134;78,86599513595115;1132,8539965029715;1011,6547430656415;448,6004161743739;6253,6706133186
114,16666666666667;1041,5810707452792;1038,604953846869;74,47685404889626;1070,969349091451;1037,8771582550498;78,7869970955137;1132,0069460136172;1011,8532314381163;447,25561975802975;6237,138055889825
114,25;1041,6902774529249;1038,7171125835962;74,40292246025706;1070,1769858405225;1037,9900692300187;78,70814041737503;1131,1611841163235;1012,0511914500909;445,9175896074447;6220,682753656264
114,33333333333333;1041,7994046218103;1038,8291865604335;74,32912173321711;1069,385811891765;1038,102894048158;78,62942473675702;1130,3167078318359;1012,2486255851336;444,5862900425101;6204,304358722508
114,41666666666667;1041,908452367713;1038,9411759064478;74,25545153441817;1068,5958245404402;1038,2156328422955;78,55084969010875;1129,4735141898113;1012,4455363154584;443,2616855501499;6188,002524234594
114,5;1042,0174208061571;1039,0530807504088;74,18191153162752;1067,8070210899891;1038,3282857449478;78,47241491512108;1128,631600229858;1012,6419261019614;441,9437407838177;6171,776904383558
114,58333333333333;1042,1263100524152;1039,1649012207904;74,1085013937095;1067,0193988519925;1038,440852888323;78,39412005069761;1127,7909630001666;1012,8377973942563;440,63242056293575;6155,627154407333
114,66666666666667;1042,2351202215089;1039,276637445772;74,03522079061986;1066,2329551462487;1038,5533344043208;78,31596473695953;1126,9515995584832;1013,033152630711;439,3276898723832;6139,552930594427
114,75;1042,3438514282084;1039,3882895532383;73,96206939342278;1065,4476873006768;1038,6657304245339;78,23794861524561;1126,1135069715313;1013,2279942384835;438,02951386196753;6123,55389028616
114,83333333333333;1042,4525037870353;1039,4998576707812;73,88904687425111;1064,6635926514714;1038,7780410802482;78,16007132808323;1125,2766823152112;1013,422324633558;436,7378578458738;6107,629691879669
114,91666666666667;1042,5610774122624;1039,6113419257003;73,81615290635182;1063,8806685427742;1038,890266502445;78,08233251922701;1124,4411226744837;1013,6161462207815;435,4526873021598;6091,779994830232
115,0;1042,669572417913;1039,7227424450036;73,74338716405191;1063,0989123271374;1039,0024068218008;78,00473183362016;1123,606825143436;1013,8094613939;434,1739678722138;6076,004459653851
115,08333333333333;1042,7779889177637;1039,8340593554092;73,67074932273567;1062,3183213648276;1039,114462168689;77,92726891738482;1122,7737868248703;1014,002272535595;432,9016653601951;6060,302747929601
115,16666666666667;1042,8863270253448;1039,9452927833447;73,59823905886174;1061,53889302396;1039,2264326731802;77,84994341783658;1121,9420048309128;1014,1945820175197;431,6357457325296;6044,674522301907
115,25;1042,9945868539396;1040,0564428549499;73,52585605000286;1060,760624681411;1039,3383184650438;77,77275498349894;1121,111476282619;1014,3863922003356;430,3761751173772;6029,11944648299
115,33333333333333;1043,1027685165864;1040,1675096960764;73,45359997474361;1059,9835137214404;1039,4501196737485;77,69570326403567;1120,282198309775;1014,5777054337494;429,1229198040594;6013,637185254885
115,41666666666667;1043,2108721260788;1040,278493432289;73,38147051274859;1059,2075575363324;1039,5618364284637;77,61878791030398;1119,4541680511952;1014,7685240565492;427,87594624255405;5998,227404471398
115,5;1043,3188977949662;1040,3893941888662;73,30946734474537;1058,4327535261425;1039,6734688580598;77,54200857432068;1118,6273826540955;1014,958850396641;426,63522104294486;5982,889771060095
115,58333333333333;1043,4268456355553;1040,5002120908016;73,23759015250175;1057,6590990991833;1039,7850170911092;77,46536490926218;1117,8018392750328;1015,1486867710861;425,40071097487896;5967,623953024442
115,66666666666667;1043,53471575991;1040,6109472628045;73,16583861884283;1056,8865916711313;1039,8964812558884;77,388856569479;1116,9775350790146;1015,3380354861371;424,1723829670383;5952,429619445557
115,75;1043,6425082798514;1040,7215998293007;73,09421242763392;1056,1152286659592;1040,007861480377;77,31248321045712;1116,1544672399616;1015,5268988372749;422,9502041065922;5937,306440483913
115,83333333333333;1043,7502233069613;1040,8321699144333;73,02271126376922;1055,345007515062;1040,1191578922599;77,23624448883243;1115,3326329402612;1015,7152791092456;421,73414163864834;5922,254087380902
115,91666666666667;1043,8578609525794;1040,942657642064;72,95133481320022;1054,5759256577614;1040,2303706189282;77,16014006240528;1114,5120293713624;1015,9031785760972;420,52416296573597;5907,272232460877
116,0;1043,9654213278063;1041,0530631357733;72,88008276288451;1053,8079805408995;1040,3414997874797;77,0841695900873;1113,6926537328682;1016,0905995012164;419,32023564723295;5892,360549132005
116,08333333333333;1044,0729045435037;1041,163386518862;72,80895480082563;1053,0411696192261;1040,45254552472;77,00833273194007;1112,8745032332613;1016,2775441373659;418,12232739884905;5877,518711888554
116,16666666666667;1044,1803107102942;1041,2736279143514;72,7379506160446;1052,2754903553007;1040,5635079571634;76,93262914915096;1112,057575089591;1016,4640147267206;416,9304060920666;5862,746396311515
116,25;1044,2876399385632;1041,3837874449853;72,66706989856857;1051,5109402188937;1040,6743872110335;76,85705850402826;1111,241866527094;1016,6500135009051;415,7444397536034;5848,043279070361
116,33333333333333;1044,394892338459;1041,493865233229;72,59631233944788;1050,7475166876818;1040,7851834122644;76,78162046000608;1110,4273747800844;1016,8355426810303;414,5643965648719;5833,409037924229
116,41666666666667;1044,5020680198934;1041,6038614012718;72,52567763075035;1049,9852172465917;1040,8958966865018;76,70631468163464;1109,6140970907172;1017,0206044777309;413,39024486142876;5818,843351722986
116,5;1044,6091670925425;1041,7137760710273;72,45516546553858;1049,2240393887469;1041,0065271591034;76,6311408345706;1108,8020307102588;1017,2052010912015;412,2219531324373;5804,3459004085935
116,58333333333333;1044,7161896658474;1041,8236093641337;72,3847755378813;1048,4639806143264;1041,1170749551402;76,55609858558194;1107,9911728977333;1017,3893347112344;411,0594900201153;5789,916365015739
116,66666666666667;1044,8231358490152;1041,9333614019558;72,31450754284197;1047,7050384306804;1041,227540199397;76,48118760252856;1107,1815209207493;1017,5730075172561;409,9028243191958;5775,554427672987
116,75;1044,9300057510186;1042,0430323055843;72,24436117648452;1046,9472103534151;1041,3379230163737;76,40640755438653;1106,3730720556125;1017,7562216783649;408,75192497638693;5761,259771604209
116,83333333333333;1045,036799480598;1042,1526221958381;72,17433613585627;1046,190493904862;1041,4482235302858;76,33175811120452;1105,5658235862893;1017,9389793533674;407,60676108980533;5747,032081128257
116,91666666666667;1045,1435171462608;1042,2621311932644;72,1044321189936;1045,4348866153375;1041,5584418650656;76,25723894413284;1104,7597728054777;1018,1212826908154;406,467301908458;5732,871041660977
117,0;1045,2501588562834;1042,3715594181392;72,03464882491062;1044,6803860219227;1041,6685781443628;76,18284972539925;1103,9549170138982;1018,3031338290438;405,3335168316812;5718,776339715152
117,08333333333333;1045,356724718711;1042,4809069904688;71,96498595360481;1043,9269896696635;1041,7786324915453;76,10859012831384;1103,1512535206073;1018,4845348962066;404,2053754085947;5704,747662901379
117,16666666666667;1045,4632148413575;1042,5901740299903;71,89544320605137;1043,1746951106416;1041,8886050297008;76,03445982726896;1102,3487796428487;1018,6654880103148;403,08284733756466;5690,784699928753
117,25;1045,5696293318083;1042,6993606561723;71,82602028418046;1042,4234999042064;1041,9984958816365;75,96045849770547;1101,547492705807;1018,845995279273;401,96590246564085;5676,88714060515
117,33333333333333;1045,6759682974193;1042,8084669882162;71,75671689089995;1041,673401616821;1042,1083051698806;75,88658581615135;1100,7473900428377;1019,0260588009164;400,85451078802976;5663,0546758377905
117,41666666666667;1045,782231845318;1042,9174931450561;71,68753273007837;1040,9243978226998;1042,2180330166836;75,81284146019755;1099,9484689955661;1019,2056806630482;399,7486424475437;5649,286997633781
117,5;1045,8884200824036;1043,0264392453607;71,6184675065449;1040,176486102628;1042,3276795440183;75,73922510847865;1099,1507269135423;1019,3848629434762;398,6482677340467;5635,583799100352
117,58333333333333;1045,9945331153492;1043,1353054075332;71,54952092607232;1039,429664045337;1042,4372448735808;75,6657364406874;1098,3541611542719;1019,5636077100502;397,55335708391215;5621,944774445133
117,66666666666667;1046,1005710506008;1043,2440917497127;71,48069269539974;1038,683929245838;1042,546729126792;75,5923751375795;1097,5587690833834;1019,7419170206987;396,46388107948553;5608,369618976164
117,75;1046,2065339943783;1043,3527983897743;71,4119825222042;1037,9392793070297;1042,6561324247975;75,5191408809398;1096,7645480744454;1019,9197929234663;395,3798104485321;5594,8580291026465
117,83333333333333;1046,312422052677;1043,4614254453309;71,34339011510065;1037,1957118384591;1042,7654548884695;75,44603335359199;1095,971495508917;1020,0972374565501;394,30111606368087;5581,409702334385
117,91666666666667;1046,4182353312674;1043,5699730337326;71,27491518365332;1036,453224456941;1042,8746966384067;75,3730522394082;1095,179608775886;1020,2742526483374;393,2277689419027;5568,024337282135
118,0;1046,5239739356957;1043,6784412720692;71,20655743837006;1035,7118147864608;1042,9838577949356;75,30019722328973;1094,3888852727089;1020,4508405174421;392,1597402439494;5554,7016336577035
118,08333333333333;1046,6296379712855;1043,7868302771694;71,1383165906625;1034,9714804577493;1043,0929384781111;75,22746799115254;1093,599322404436;1020,6270030727417;391,0970012738045;5541,441292273867
118,16666666666667;1046,7352275431372;1043,8951401656027;71,07019235290295;1034,2322191085334;1043,2019388077174;75,15486422995622;1092,8109175836955;1020,8027423134146;390,0395234781581;5528,243015043951
118,25;1046,8407427561294;1044,0033710536793;71,00218443836184;1033,494028384021;1043,310858903269;75,08238562767019;1092,023668231518;1020,9780602289767;388,987278445839;5515,106504982072
118,33333333333333;1046,946183714919;1044,1115230574517;70,93429256125319;1032,7569059358163;1043,4196988840113;75,01003187328337;1091,2375717759512;1021,1529587993183;387,94023790729113;5502,0314662025985
118,41666666666667;1047,0515505239425;1044,2195962927146;70,86651643668347;1032,020849422539;1043,5284588689215;74,93780265678964;1090,4526256532474;1021,3274399947411;386,89837373401076;5489,017603920132
118,5;1047,156843287416;1044,3275908750068;70,79885578069707;1031,28585650998;1043,6371389767096;74,86569766919757;1089,6688273071375;1021,5015057759947;385,8616579380214;5476,064624449067
118,58333333333333;1047,2620621093358;1044,4355069196104;70,73131031023081;1030,5519248705782;1043,7457393258187;74,79371660251104;1088,8861741890298;1021,6751580943138;384,8300626713194;5463,172235203139
118,66666666666667;1047,3672070934801;1044,543344541553;70,6638797431367;1029,8190521834006;1043,8542600344263;74,72185914973892;1088,1046637578283;1021,8483988914548;383,8035602253302;5450,340144695103
118,75;1047,4722783434077;1044,6511038556082;70,59656379817625;1029,0872361352276;1043,9627012204448;74,65012500489507;1087,3242934805417;1022,0212300997326;382,78212303037947;5437,568062536437
118,83333333333333;1047,5772759624606;1044,7587849762954;70,52936219498633;1028,35647441848;1044,0710630015226;74,57851386295971;1086,54506083123;1022,1936536420571;381,76572365512527;5424,855699436358
118,91666666666667;1047,682200053763;1044,8663880178815;70,4622746541304;1027,6267647331565;1044,1793454950446;74,50702541993252;1085,7669632916793;1022,3656714319702;380,7543348060517;5412,202767201692
119,0;1047,7870507202226;1044,9739130943815;70,3953008970359;1026,8981047854775;1044,287548818133;74,43565937276503;1084,9899983510068;1022,5372853736822;379,7479293268907;5399,608978736027
119,08333333333333;1047,891828064532;1045,0813603195588;70,32844064602841;1026,1704922888914;1044,3956730876484;74,36441541940411;1084,2141635061053;1022,7084973621085;378,74648019810707;5387,0740480390805
119,16666666666667;1047,996532189168;1045,1887298069266;70,26169362433166;1025,443924963147;1044,5037184201904;74,29329325877745;1083,4394562614455;1022,8793092829061;377,7499605363545;5374,59769020631
119,25;1048,1011631963925;1045,296021669748;70,19505955603336;1024,718400534795;1044,6116849320981;74,22229259077426;1082,6658741284339;1023,0497230125104;376,7583435939281;5362,179621427422
119,33333333333333;1048,2057211882536;1045,4032360210367;70,12853816611369;1023,9939167371499;1044,7195727394515;74,1514131162549;1081,8934146262857;1023,2197404181715;375,77160275823076;5349,819558986497
119,41666666666667;1048,310206266586;1045,510372973559;70,06212918042252;1023,270471309981;1044,8273819580716;74,08065453704609;1081,1220752812008;1023,3893633579903;374,7897115512325;5337,517221260205
119,5;1048,414618533011;1045,617432639833;69,99583232567375;1022,5480619998791;1044,9351127035216;74,0100165559312;1080,351853627336;1023,5585936809558;373,8126436289349;5325,272327717857
119,58333333333333;1048,5189580889382;1045,7244151321297;69,92964732945097;1021,8266865596759;1045,0427650911076;73,9394988766503;1079,5827472055698;1023,7274332269806;372,84037278082735;5313,084598919676
119,66666666666667;1048,6232250355654;1045,8313205624745;69,86357392021318;1021,1063427488122;1045,1503392358798;73,86910120390013;1078,8147535644741;1023,8958838269374;371,87287292936503;5300,953756516286
119,75;1048,7274194738789;1045,938149042647;69,79761182727202;1020,3870283335895;1045,2578352526318;73,79882324331959;1078,0478702594573;1024,0639473026959;370,91011812941986;5288,879523247537
119,83333333333333;1048,8315415046548;1046,0449006841823;69,73176078079746;1019,6687410867634;1045,3652532559033;73,72866470149944;1077,2820948537692;1024,231625467158;369,95208256774504;5276,861622941617
119,91666666666667;1048,9355912284589;1046,1515755983712;69,66602051181212;1018,9514787868457;1045,4725933599796;73,65862528596779;1076,5174249172496;1024,398920124295;368,99874056245153;5264,899780513661
120,0;1049,039568745648;1046,2581738962617;69,60039075219129;1018,2352392199068;1045,5798556788925;73,58870470518525;1075,7538580273324;1024,5658330691833;368,05006656245723;5252,993721964801
